fixture_id,left,right,phase,batch,replication,observed_statistic,permutation_p_value,residual_samples_path,null_statistics_path,seed_namespace,fixture_seed,residual_seed,permutation_seed,elapsed_seconds,warnings,exception_text,run_id
F5,X1,X2,f5-quadratic-repair,0,0,0.04440406545425146,0.91,residual_samples/batch-0-replication-0.csv,null_statistics/batch-0-replication-0.npy,batch-f5-quadratic-repair,1843176951068263318,9732951645910100111,3539816361074079701,0.43540689995279536,,,batch-f5-quadratic-repair-20260824-001
F5,X1,X2,f5-quadratic-repair,0,1,0.06214923860301826,0.22,residual_samples/batch-0-replication-1.csv,null_statistics/batch-0-replication-1.npy,batch-f5-quadratic-repair,6023306660086016994,7748937874394289260,17921416358191857115,0.3183242999948561,,,batch-f5-quadratic-repair-20260824-001
F5,X1,X2,f5-quadratic-repair,0,2,0.03928459927117286,0.98,residual_samples/batch-0-replication-2.csv,null_statistics/batch-0-replication-2.npy,batch-f5-quadratic-repair,14486483889728296101,8853054255064245644,15996209854779742867,0.32170440000481904,,,batch-f5-quadratic-repair-20260824-001
F5,X1,X2,f5-quadratic-repair,0,3,0.05024505601020859,0.64,residual_samples/batch-0-replication-3.csv,null_statistics/batch-0-replication-3.npy,batch-f5-quadratic-repair,4918405913489443670,4100298634204017586,11484278123333610558,0.3243833999731578,,,batch-f5-quadratic-repair-20260824-001
F5,X1,X2,f5-quadratic-repair,0,4,0.07238554343077332,0.115,residual_samples/batch-0-replication-4.csv,null_statistics/batch-0-replication-4.npy,batch-f5-quadratic-repair,8921158626697119311,4238216564620077054,9940693740060942028,0.32006769999861717,,,batch-f5-quadratic-repair-20260824-001
F5,X1,X2,f5-quadratic-repair,0,5,0.0447237933408884,0.895,residual_samples/batch-0-replication-5.csv,null_statistics/batch-0-replication-5.npy,batch-f5-quadratic-repair,7900157720836419752,4567384585811602514,9822474307542652488,0.3230517999618314,,,batch-f5-quadratic-repair-20260824-001
F5,X1,X2,f5-quadratic-repair,0,6,0.048337814716712314,0.705,residual_samples/batch-0-replication-6.csv,null_statistics/batch-0-replication-6.npy,batch-f5-quadratic-repair,14080079103400021023,15155548151024102910,6436375277595770923,0.3375308999675326,,,batch-f5-quadratic-repair-20260824-001
F5,X1,X2,f5-quadratic-repair,0,7,0.04948686014863942,0.63,residual_samples/batch-0-replication-7.csv,null_statistics/batch-0-replication-7.npy,batch-f5-quadratic-repair,14322637062601796033,14105590479740193704,10004007021325591809,0.31860419997246936,,,batch-f5-quadratic-repair-20260824-001
F5,X1,X2,f5-quadratic-repair,0,8,0.049775012989731235,0.62,residual_samples/batch-0-replication-8.csv,null_statistics/batch-0-replication-8.npy,batch-f5-quadratic-repair,13863127457150481065,4478325063533551555,44473451161739891,0.3273124999832362,,,batch-f5-quadratic-repair-20260824-001
F5,X1,X2,f5-quadratic-repair,0,9,0.03577282916183377,1.0,residual_samples/batch-0-replication-9.csv,null_statistics/batch-0-replication-9.npy,batch-f5-quadratic-repair,6104675772739400351,1142835716025485011,5918441417673492894,0.31847840000409633,,,batch-f5-quadratic-repair-20260824-001
F5,X1,X2,f5-quadratic-repair,1,0,0.053923449194353004,0.465,residual_samples/batch-1-replication-0.csv,null_statistics/batch-1-replication-0.npy,batch-f5-quadratic-repair,11012037609850190906,9921804513469076725,13530225434696597890,0.32660369999939576,,,batch-f5-quadratic-repair-20260824-001
F5,X1,X2,f5-quadratic-repair,1,1,0.06515239056179498,0.195,residual_samples/batch-1-replication-1.csv,null_statistics/batch-1-replication-1.npy,batch-f5-quadratic-repair,7369618628397197249,7885647553026509811,17133549234989981882,0.3198155999998562,,,batch-f5-quadratic-repair-20260824-001
F5,X1,X2,f5-quadratic-repair,1,2,0.03959650769982932,0.985,residual_samples/batch-1-replication-2.csv,null_statistics/batch-1-replication-2.npy,batch-f5-quadratic-repair,12871055078318266093,17163784408003175158,12971162937430890005,0.32637520000571385,,,batch-f5-quadratic-repair-20260824-001
F5,X1,X2,f5-quadratic-repair,1,3,0.04591416966508457,0.85,residual_samples/batch-1-replication-3.csv,null_statistics/batch-1-replication-3.npy,batch-f5-quadratic-repair,2352947258658187435,2966292728191181273,10496977078652058438,0.31936309998854995,,,batch-f5-quadratic-repair-20260824-001
F5,X1,X2,f5-quadratic-repair,1,4,0.04710345022056954,0.75,residual_samples/batch-1-replication-4.csv,null_statistics/batch-1-replication-4.npy,batch-f5-quadratic-repair,10542341028171063894,10944449401883394076,3228993123748758169,0.3267214999650605,,,batch-f5-quadratic-repair-20260824-001
F5,X1,X2,f5-quadratic-repair,1,5,0.08186298739044989,0.065,residual_samples/batch-1-replication-5.csv,null_statistics/batch-1-replication-5.npy,batch-f5-quadratic-repair,4549836298463058266,11316553019045127811,13340784944358170068,0.31874190003145486,,,batch-f5-quadratic-repair-20260824-001
F5,X1,X2,f5-quadratic-repair,1,6,0.05650757127314502,0.34,residual_samples/batch-1-replication-6.csv,null_statistics/batch-1-replication-6.npy,batch-f5-quadratic-repair,2957162399223929047,204736006083179544,825702766847207447,0.31411580002168193,,,batch-f5-quadratic-repair-20260824-001
F5,X1,X2,f5-quadratic-repair,1,7,0.039742438055152964,0.97,residual_samples/batch-1-replication-7.csv,null_statistics/batch-1-replication-7.npy,batch-f5-quadratic-repair,14601816140994575513,18249045262779359298,385745593204104541,0.3192411999916658,,,batch-f5-quadratic-repair-20260824-001
F5,X1,X2,f5-quadratic-repair,1,8,0.049212179261247394,0.615,residual_samples/batch-1-replication-8.csv,null_statistics/batch-1-replication-8.npy,batch-f5-quadratic-repair,15112139267284926131,83280020480732801,7790181716177336074,0.31461609998950735,,,batch-f5-quadratic-repair-20260824-001
F5,X1,X2,f5-quadratic-repair,1,9,0.05725754987749626,0.34,residual_samples/batch-1-replication-9.csv,null_statistics/batch-1-replication-9.npy,batch-f5-quadratic-repair,4464666720343603235,12470470468230721302,14860131863733861327,0.31383249995997176,,,batch-f5-quadratic-repair-20260824-001
F5,X1,X2,f5-quadratic-repair,2,0,0.04685937500619707,0.715,residual_samples/batch-2-replication-0.csv,null_statistics/batch-2-replication-0.npy,batch-f5-quadratic-repair,2646579736560144998,5436668978411031619,2927754244359373018,0.31520170002477244,,,batch-f5-quadratic-repair-20260824-001
F5,X1,X2,f5-quadratic-repair,2,1,0.0922678851851695,0.01,residual_samples/batch-2-replication-1.csv,null_statistics/batch-2-replication-1.npy,batch-f5-quadratic-repair,1283129034804206189,12082163983488901388,9405725346483722563,0.31424059998244047,,,batch-f5-quadratic-repair-20260824-001
F5,X1,X2,f5-quadratic-repair,2,2,0.06695385329219611,0.145,residual_samples/batch-2-replication-2.csv,null_statistics/batch-2-replication-2.npy,batch-f5-quadratic-repair,13140269616693655832,3421297820921342925,11703314591757539391,0.32161000004271045,,,batch-f5-quadratic-repair-20260824-001
F5,X1,X2,f5-quadratic-repair,2,3,0.08453465501077227,0.04,residual_samples/batch-2-replication-3.csv,null_statistics/batch-2-replication-3.npy,batch-f5-quadratic-repair,13729081717006252172,7947961837202259495,15671235914452011450,0.3153669000021182,,,batch-f5-quadratic-repair-20260824-001
F5,X1,X2,f5-quadratic-repair,2,4,0.05258158009926507,0.485,residual_samples/batch-2-replication-4.csv,null_statistics/batch-2-replication-4.npy,batch-f5-quadratic-repair,9475990186363587352,3474145723013166469,11003143801375950577,0.31847630004631355,,,batch-f5-quadratic-repair-20260824-001
F5,X1,X2,f5-quadratic-repair,2,5,0.04557007224552817,0.77,residual_samples/batch-2-replication-5.csv,null_statistics/batch-2-replication-5.npy,batch-f5-quadratic-repair,309984855565509389,5514683614267815904,11697836768591034416,0.3166673999512568,,,batch-f5-quadratic-repair-20260824-001
F5,X1,X2,f5-quadratic-repair,2,6,0.04444379861767435,0.88,residual_samples/batch-2-replication-6.csv,null_statistics/batch-2-replication-6.npy,batch-f5-quadratic-repair,7311601948344510345,3721242100628362290,15976131740494536693,0.3159884000197053,,,batch-f5-quadratic-repair-20260824-001
F5,X1,X2,f5-quadratic-repair,2,7,0.052840373864856155,0.515,residual_samples/batch-2-replication-7.csv,null_statistics/batch-2-replication-7.npy,batch-f5-quadratic-repair,9177302489356312274,1628010348533844618,3343711881399258537,0.31333099998300895,,,batch-f5-quadratic-repair-20260824-001
F5,X1,X2,f5-quadratic-repair,2,8,0.04448591294283207,0.84,residual_samples/batch-2-replication-8.csv,null_statistics/batch-2-replication-8.npy,batch-f5-quadratic-repair,9127796276055649849,16321447012278426136,12166122894297398408,0.3132727000047453,,,batch-f5-quadratic-repair-20260824-001
F5,X1,X2,f5-quadratic-repair,2,9,0.06336422555057772,0.205,residual_samples/batch-2-replication-9.csv,null_statistics/batch-2-replication-9.npy,batch-f5-quadratic-repair,3243755387967998228,5230666545342626273,15840060702278165725,0.3091666999971494,,,batch-f5-quadratic-repair-20260824-001
F5,X1,X2,f5-quadratic-repair,3,0,0.050318025786130434,0.665,residual_samples/batch-3-replication-0.csv,null_statistics/batch-3-replication-0.npy,batch-f5-quadratic-repair,2971966244765241470,12099133185654962875,16044378196956043490,0.31390909996116534,,,batch-f5-quadratic-repair-20260824-001
F5,X1,X2,f5-quadratic-repair,3,1,0.0445760442104611,0.835,residual_samples/batch-3-replication-1.csv,null_statistics/batch-3-replication-1.npy,batch-f5-quadratic-repair,13405901279477398374,16510151820090599440,2467951621633933712,0.31443149998085573,,,batch-f5-quadratic-repair-20260824-001
F5,X1,X2,f5-quadratic-repair,3,2,0.04997776193186726,0.65,residual_samples/batch-3-replication-2.csv,null_statistics/batch-3-replication-2.npy,batch-f5-quadratic-repair,10422287130955613914,3742441516097103138,9922374626849612300,0.31624839996220544,,,batch-f5-quadratic-repair-20260824-001
F5,X1,X2,f5-quadratic-repair,3,3,0.06848118075592909,0.14,residual_samples/batch-3-replication-3.csv,null_statistics/batch-3-replication-3.npy,batch-f5-quadratic-repair,13336360304868856410,11760233998021048540,13497790434068755675,0.31427580001764,,,batch-f5-quadratic-repair-20260824-001
F5,X1,X2,f5-quadratic-repair,3,4,0.04394536529786857,0.93,residual_samples/batch-3-replication-4.csv,null_statistics/batch-3-replication-4.npy,batch-f5-quadratic-repair,14892078498050558370,1800247372734460597,3478371406282393660,0.31427209998946637,,,batch-f5-quadratic-repair-20260824-001
F5,X1,X2,f5-quadratic-repair,3,5,0.05807456824837194,0.355,residual_samples/batch-3-replication-5.csv,null_statistics/batch-3-replication-5.npy,batch-f5-quadratic-repair,13494260643178017568,3146049856804567323,433334021841172263,0.31167080003069714,,,batch-f5-quadratic-repair-20260824-001
F5,X1,X2,f5-quadratic-repair,3,6,0.06360258075459242,0.175,residual_samples/batch-3-replication-6.csv,null_statistics/batch-3-replication-6.npy,batch-f5-quadratic-repair,12259458806238210330,7460977450770314779,17375473170215664042,0.3168067000224255,,,batch-f5-quadratic-repair-20260824-001
F5,X1,X2,f5-quadratic-repair,3,7,0.04732818342786676,0.73,residual_samples/batch-3-replication-7.csv,null_statistics/batch-3-replication-7.npy,batch-f5-quadratic-repair,14382252680675572390,8039791331152447631,6959588285358567069,0.3193914000294171,,,batch-f5-quadratic-repair-20260824-001
F5,X1,X2,f5-quadratic-repair,3,8,0.040078250989508915,0.975,residual_samples/batch-3-replication-8.csv,null_statistics/batch-3-replication-8.npy,batch-f5-quadratic-repair,924566998579035470,16865409542120092273,180451809139014143,0.3168298000236973,,,batch-f5-quadratic-repair-20260824-001
F5,X1,X2,f5-quadratic-repair,3,9,0.06330769141825271,0.265,residual_samples/batch-3-replication-9.csv,null_statistics/batch-3-replication-9.npy,batch-f5-quadratic-repair,4779431865702269088,1389703025430633061,14990775203888622766,0.31651410000631586,,,batch-f5-quadratic-repair-20260824-001
F5,X1,X2,f5-quadratic-repair,4,0,0.05959651749187815,0.29,residual_samples/batch-4-replication-0.csv,null_statistics/batch-4-replication-0.npy,batch-f5-quadratic-repair,1869615075665130790,8640441788223767664,17537970559925174042,0.31714579998515546,,,batch-f5-quadratic-repair-20260824-001
F5,X1,X2,f5-quadratic-repair,4,1,0.039317282670342894,0.985,residual_samples/batch-4-replication-1.csv,null_statistics/batch-4-replication-1.npy,batch-f5-quadratic-repair,3249768604643131817,14549318779707405933,10151444863907024212,0.3174360999837518,,,batch-f5-quadratic-repair-20260824-001
F5,X1,X2,f5-quadratic-repair,4,2,0.04651275810150686,0.81,residual_samples/batch-4-replication-2.csv,null_statistics/batch-4-replication-2.npy,batch-f5-quadratic-repair,1702023331366443639,7236993710395709767,13177478469826438587,0.31651809997856617,,,batch-f5-quadratic-repair-20260824-001
F5,X1,X2,f5-quadratic-repair,4,3,0.04969201165505857,0.64,residual_samples/batch-4-replication-3.csv,null_statistics/batch-4-replication-3.npy,batch-f5-quadratic-repair,18156467779004053273,4929763300420539849,1765521256273931968,0.31440209998982027,,,batch-f5-quadratic-repair-20260824-001
F5,X1,X2,f5-quadratic-repair,4,4,0.04661958918440256,0.775,residual_samples/batch-4-replication-4.csv,null_statistics/batch-4-replication-4.npy,batch-f5-quadratic-repair,13672959705702692030,2430872930321513512,856891536213761426,0.31470079999417067,,,batch-f5-quadratic-repair-20260824-001
F5,X1,X2,f5-quadratic-repair,4,5,0.04464988809661013,0.825,residual_samples/batch-4-replication-5.csv,null_statistics/batch-4-replication-5.npy,batch-f5-quadratic-repair,9853854258466096256,13374633793024592239,6409986557144861583,0.3186499999719672,,,batch-f5-quadratic-repair-20260824-001
F5,X1,X2,f5-quadratic-repair,4,6,0.07050808012860679,0.1,residual_samples/batch-4-replication-6.csv,null_statistics/batch-4-replication-6.npy,batch-f5-quadratic-repair,2978581533554053253,5664933019715727600,10899699362988927810,0.3168584000086412,,,batch-f5-quadratic-repair-20260824-001
F5,X1,X2,f5-quadratic-repair,4,7,0.062261378564473495,0.195,residual_samples/batch-4-replication-7.csv,null_statistics/batch-4-replication-7.npy,batch-f5-quadratic-repair,12512464567751876725,11343705244046382339,32437544459733651,0.3159472999977879,,,batch-f5-quadratic-repair-20260824-001
F5,X1,X2,f5-quadratic-repair,4,8,0.044590067248796585,0.865,residual_samples/batch-4-replication-8.csv,null_statistics/batch-4-replication-8.npy,batch-f5-quadratic-repair,10377453668242893667,4499809624519497332,11329432425598760261,0.3123337999568321,,,batch-f5-quadratic-repair-20260824-001
F5,X1,X2,f5-quadratic-repair,4,9,0.04110923551043043,0.935,residual_samples/batch-4-replication-9.csv,null_statistics/batch-4-replication-9.npy,batch-f5-quadratic-repair,4481065381818030970,5738765394267413646,391746691529143124,0.31580390001181513,,,batch-f5-quadratic-repair-20260824-001
F5,X1,X2,f5-quadratic-repair,5,0,0.05165715558352084,0.57,residual_samples/batch-5-replication-0.csv,null_statistics/batch-5-replication-0.npy,batch-f5-quadratic-repair,11892868376474809722,10741074615472936255,2249761004152677211,0.31460969999898225,,,batch-f5-quadratic-repair-20260824-001
F5,X1,X2,f5-quadratic-repair,5,1,0.04546536927742348,0.835,residual_samples/batch-5-replication-1.csv,null_statistics/batch-5-replication-1.npy,batch-f5-quadratic-repair,15380366462418916567,9844019138044821851,13247879903122812390,0.314582800026983,,,batch-f5-quadratic-repair-20260824-001
F5,X1,X2,f5-quadratic-repair,5,2,0.05297218651562089,0.5,residual_samples/batch-5-replication-2.csv,null_statistics/batch-5-replication-2.npy,batch-f5-quadratic-repair,17331293891913465930,13528239269302179648,14356765675990904289,0.31424879998667166,,,batch-f5-quadratic-repair-20260824-001
F5,X1,X2,f5-quadratic-repair,5,3,0.07679298663121252,0.08,residual_samples/batch-5-replication-3.csv,null_statistics/batch-5-replication-3.npy,batch-f5-quadratic-repair,1040375032411550758,7384114313984682613,437305036559747262,0.3178238999680616,,,batch-f5-quadratic-repair-20260824-001
F5,X1,X2,f5-quadratic-repair,5,4,0.06075383219538274,0.275,residual_samples/batch-5-replication-4.csv,null_statistics/batch-5-replication-4.npy,batch-f5-quadratic-repair,3555084790252055876,13373865675645079220,12260683237351487402,0.31600809999508783,,,batch-f5-quadratic-repair-20260824-001
F5,X1,X2,f5-quadratic-repair,5,5,0.05650615989038082,0.345,residual_samples/batch-5-replication-5.csv,null_statistics/batch-5-replication-5.npy,batch-f5-quadratic-repair,13538011619834841763,6290780838012629857,5525721565913759615,0.32402439997531474,,,batch-f5-quadratic-repair-20260824-001
F5,X1,X2,f5-quadratic-repair,5,6,0.06012988855703784,0.295,residual_samples/batch-5-replication-6.csv,null_statistics/batch-5-replication-6.npy,batch-f5-quadratic-repair,2001322195675493700,10069506398043421232,15337345134016542333,0.31364499998744577,,,batch-f5-quadratic-repair-20260824-001
F5,X1,X2,f5-quadratic-repair,5,7,0.051252332623409,0.575,residual_samples/batch-5-replication-7.csv,null_statistics/batch-5-replication-7.npy,batch-f5-quadratic-repair,10670904481473884663,270778829805008109,8965542386764328979,0.32350689999293536,,,batch-f5-quadratic-repair-20260824-001
F5,X1,X2,f5-quadratic-repair,5,8,0.044677661661259076,0.83,residual_samples/batch-5-replication-8.csv,null_statistics/batch-5-replication-8.npy,batch-f5-quadratic-repair,17653767687243761968,3758648893843686128,18391938007615491320,0.3245193000184372,,,batch-f5-quadratic-repair-20260824-001
F5,X1,X2,f5-quadratic-repair,5,9,0.07539900218601464,0.07,residual_samples/batch-5-replication-9.csv,null_statistics/batch-5-replication-9.npy,batch-f5-quadratic-repair,7644151187209754229,400173793392647220,2389131839944213564,0.33335919998353347,,,batch-f5-quadratic-repair-20260824-001
F5,X1,X2,f5-quadratic-repair,6,0,0.0772480220029471,0.04,residual_samples/batch-6-replication-0.csv,null_statistics/batch-6-replication-0.npy,batch-f5-quadratic-repair,9222886846386597326,5263261762475784210,3886924034922971078,0.3192471999791451,,,batch-f5-quadratic-repair-20260824-001
F5,X1,X2,f5-quadratic-repair,6,1,0.05526288032499536,0.4,residual_samples/batch-6-replication-1.csv,null_statistics/batch-6-replication-1.npy,batch-f5-quadratic-repair,7197468828130266777,17715245482338369544,961954404988908263,0.3155348000000231,,,batch-f5-quadratic-repair-20260824-001
F5,X1,X2,f5-quadratic-repair,6,2,0.0399914213100727,0.95,residual_samples/batch-6-replication-2.csv,null_statistics/batch-6-replication-2.npy,batch-f5-quadratic-repair,8336786645753322163,14289992804052195209,18343929701765622311,0.31444389995886013,,,batch-f5-quadratic-repair-20260824-001
F5,X1,X2,f5-quadratic-repair,6,3,0.07138750943954479,0.095,residual_samples/batch-6-replication-3.csv,null_statistics/batch-6-replication-3.npy,batch-f5-quadratic-repair,9682665888895906473,3834940970226870541,11200513262789002421,0.3314028000459075,,,batch-f5-quadratic-repair-20260824-001
F5,X1,X2,f5-quadratic-repair,6,4,0.06643129394511184,0.165,residual_samples/batch-6-replication-4.csv,null_statistics/batch-6-replication-4.npy,batch-f5-quadratic-repair,5396295385639501767,7592929838151967108,10004230928607320779,0.3148951000184752,,,batch-f5-quadratic-repair-20260824-001
F5,X1,X2,f5-quadratic-repair,6,5,0.06574744037613975,0.15,residual_samples/batch-6-replication-5.csv,null_statistics/batch-6-replication-5.npy,batch-f5-quadratic-repair,4904199984119150022,1722272863594068995,12388481380390455307,0.31772560003446415,,,batch-f5-quadratic-repair-20260824-001
F5,X1,X2,f5-quadratic-repair,6,6,0.05296618460591033,0.515,residual_samples/batch-6-replication-6.csv,null_statistics/batch-6-replication-6.npy,batch-f5-quadratic-repair,13904748298457888166,118996811935546605,11968351868248572814,0.3198541000019759,,,batch-f5-quadratic-repair-20260824-001
F5,X1,X2,f5-quadratic-repair,6,7,0.05252070731822752,0.51,residual_samples/batch-6-replication-7.csv,null_statistics/batch-6-replication-7.npy,batch-f5-quadratic-repair,17317328007961081440,5031469257539826186,6326503522166660312,0.33545720000984147,,,batch-f5-quadratic-repair-20260824-001
F5,X1,X2,f5-quadratic-repair,6,8,0.04730361183537991,0.77,residual_samples/batch-6-replication-8.csv,null_statistics/batch-6-replication-8.npy,batch-f5-quadratic-repair,877570001694655220,12889896328837900371,14646979734717293976,0.319645399984438,,,batch-f5-quadratic-repair-20260824-001
F5,X1,X2,f5-quadratic-repair,6,9,0.056458280110293135,0.33,residual_samples/batch-6-replication-9.csv,null_statistics/batch-6-replication-9.npy,batch-f5-quadratic-repair,15165886169493339312,18307996141518373472,4200700028356477592,0.32511649996740744,,,batch-f5-quadratic-repair-20260824-001
F5,X1,X2,f5-quadratic-repair,7,0,0.08243967605046794,0.02,residual_samples/batch-7-replication-0.csv,null_statistics/batch-7-replication-0.npy,batch-f5-quadratic-repair,1044820722080649105,12388095925330310842,11668276675731676264,0.3180802999995649,,,batch-f5-quadratic-repair-20260824-001
F5,X1,X2,f5-quadratic-repair,7,1,0.07086439837121634,0.075,residual_samples/batch-7-replication-1.csv,null_statistics/batch-7-replication-1.npy,batch-f5-quadratic-repair,6649219952505995742,10437222422475048304,9292626636375384461,0.31996090000029653,,,batch-f5-quadratic-repair-20260824-001
F5,X1,X2,f5-quadratic-repair,7,2,0.0510247981100491,0.555,residual_samples/batch-7-replication-2.csv,null_statistics/batch-7-replication-2.npy,batch-f5-quadratic-repair,6946851921298329638,11570924384293462641,306298216781912192,0.3148494000197388,,,batch-f5-quadratic-repair-20260824-001
F5,X1,X2,f5-quadratic-repair,7,3,0.05493224332498786,0.435,residual_samples/batch-7-replication-3.csv,null_statistics/batch-7-replication-3.npy,batch-f5-quadratic-repair,8363170370810466806,154505154251491942,15544136021121519205,0.3197562000132166,,,batch-f5-quadratic-repair-20260824-001
F5,X1,X2,f5-quadratic-repair,7,4,0.0442955131398916,0.865,residual_samples/batch-7-replication-4.csv,null_statistics/batch-7-replication-4.npy,batch-f5-quadratic-repair,4580781598989895589,7703879397902990086,7170236872203036258,0.32384490000549704,,,batch-f5-quadratic-repair-20260824-001
F5,X1,X2,f5-quadratic-repair,7,5,0.04403585312035454,0.845,residual_samples/batch-7-replication-5.csv,null_statistics/batch-7-replication-5.npy,batch-f5-quadratic-repair,14571149106755152822,11386500345681739900,3340569997557950096,0.32632039999589324,,,batch-f5-quadratic-repair-20260824-001
F5,X1,X2,f5-quadratic-repair,7,6,0.04258276040597056,0.93,residual_samples/batch-7-replication-6.csv,null_statistics/batch-7-replication-6.npy,batch-f5-quadratic-repair,14514761370660886306,11467950788989737007,9284955740059511586,0.32699570001568645,,,batch-f5-quadratic-repair-20260824-001
F5,X1,X2,f5-quadratic-repair,7,7,0.05801779007228192,0.375,residual_samples/batch-7-replication-7.csv,null_statistics/batch-7-replication-7.npy,batch-f5-quadratic-repair,15640188290106333093,3925450661598078156,3673076998918227429,0.3267401999910362,,,batch-f5-quadratic-repair-20260824-001
F5,X1,X2,f5-quadratic-repair,7,8,0.06969376404952533,0.095,residual_samples/batch-7-replication-8.csv,null_statistics/batch-7-replication-8.npy,batch-f5-quadratic-repair,9740044838138011965,10658374885182143843,6933510576205993234,0.3208343999576755,,,batch-f5-quadratic-repair-20260824-001
F5,X1,X2,f5-quadratic-repair,7,9,0.05046805898925575,0.525,residual_samples/batch-7-replication-9.csv,null_statistics/batch-7-replication-9.npy,batch-f5-quadratic-repair,9543869776694341261,9105626868887603720,8037389655573385314,0.3181339000002481,,,batch-f5-quadratic-repair-20260824-001
F5,X1,X2,f5-quadratic-repair,8,0,0.05216899021360177,0.52,residual_samples/batch-8-replication-0.csv,null_statistics/batch-8-replication-0.npy,batch-f5-quadratic-repair,359777256598307304,21516891268373906,1025239158339355631,0.32437769998796284,,,batch-f5-quadratic-repair-20260824-001
F5,X1,X2,f5-quadratic-repair,8,1,0.048148048067998536,0.745,residual_samples/batch-8-replication-1.csv,null_statistics/batch-8-replication-1.npy,batch-f5-quadratic-repair,8910794046786432584,8638087058569778284,4717427841999106942,0.3168561999918893,,,batch-f5-quadratic-repair-20260824-001
F5,X1,X2,f5-quadratic-repair,8,2,0.05913433645920566,0.335,residual_samples/batch-8-replication-2.csv,null_statistics/batch-8-replication-2.npy,batch-f5-quadratic-repair,3489547228477817527,13623667143471347416,12621532362792605054,0.3147447999799624,,,batch-f5-quadratic-repair-20260824-001
F5,X1,X2,f5-quadratic-repair,8,3,0.04677721403807286,0.88,residual_samples/batch-8-replication-3.csv,null_statistics/batch-8-replication-3.npy,batch-f5-quadratic-repair,4450477159022021672,12604525206057209471,7287726546796742705,0.3176312000141479,,,batch-f5-quadratic-repair-20260824-001
F5,X1,X2,f5-quadratic-repair,8,4,0.04915506936035756,0.695,residual_samples/batch-8-replication-4.csv,null_statistics/batch-8-replication-4.npy,batch-f5-quadratic-repair,8164504762086265428,1137464961613315246,4362726342719661313,0.3138022000202909,,,batch-f5-quadratic-repair-20260824-001
F5,X1,X2,f5-quadratic-repair,8,5,0.0523321676584331,0.585,residual_samples/batch-8-replication-5.csv,null_statistics/batch-8-replication-5.npy,batch-f5-quadratic-repair,12382033256270723968,13323971415938419332,9617137698560467048,0.31970980000915006,,,batch-f5-quadratic-repair-20260824-001
F5,X1,X2,f5-quadratic-repair,8,6,0.07004218840657742,0.115,residual_samples/batch-8-replication-6.csv,null_statistics/batch-8-replication-6.npy,batch-f5-quadratic-repair,9875860457064750680,5811136715808769643,1412874260354597951,0.3144215000211261,,,batch-f5-quadratic-repair-20260824-001
F5,X1,X2,f5-quadratic-repair,8,7,0.07194667727630666,0.12,residual_samples/batch-8-replication-7.csv,null_statistics/batch-8-replication-7.npy,batch-f5-quadratic-repair,729073033130504422,6066839491672827882,71693565664882556,0.31735870003467426,,,batch-f5-quadratic-repair-20260824-001
F5,X1,X2,f5-quadratic-repair,8,8,0.03831195218518773,0.985,residual_samples/batch-8-replication-8.csv,null_statistics/batch-8-replication-8.npy,batch-f5-quadratic-repair,1764730868153616383,6623467081414952148,1761275337795055190,0.3178625000291504,,,batch-f5-quadratic-repair-20260824-001
F5,X1,X2,f5-quadratic-repair,8,9,0.041619174245277515,0.93,residual_samples/batch-8-replication-9.csv,null_statistics/batch-8-replication-9.npy,batch-f5-quadratic-repair,2934155166672880837,17333010669204542412,7795704999853257514,0.3168428000062704,,,batch-f5-quadratic-repair-20260824-001
F5,X1,X2,f5-quadratic-repair,9,0,0.049180127395937565,0.62,residual_samples/batch-9-replication-0.csv,null_statistics/batch-9-replication-0.npy,batch-f5-quadratic-repair,11220621291931648627,4935426564762078268,10176199751268622759,0.3520491999806836,,,batch-f5-quadratic-repair-20260824-001
F5,X1,X2,f5-quadratic-repair,9,1,0.048555668511509706,0.67,residual_samples/batch-9-replication-1.csv,null_statistics/batch-9-replication-1.npy,batch-f5-quadratic-repair,2478479785253658499,338405181464593118,7184768017314202233,0.3304626000463031,,,batch-f5-quadratic-repair-20260824-001
F5,X1,X2,f5-quadratic-repair,9,2,0.04920637937892518,0.665,residual_samples/batch-9-replication-2.csv,null_statistics/batch-9-replication-2.npy,batch-f5-quadratic-repair,13794370104981154663,255548379017876160,12406509896756610994,0.34038130001863465,,,batch-f5-quadratic-repair-20260824-001
F5,X1,X2,f5-quadratic-repair,9,3,0.04913144246206383,0.71,residual_samples/batch-9-replication-3.csv,null_statistics/batch-9-replication-3.npy,batch-f5-quadratic-repair,17667688219252428507,7935682339176291876,8143041045031361451,0.3262381000095047,,,batch-f5-quadratic-repair-20260824-001
F5,X1,X2,f5-quadratic-repair,9,4,0.038732615548530074,0.99,residual_samples/batch-9-replication-4.csv,null_statistics/batch-9-replication-4.npy,batch-f5-quadratic-repair,17269550564067089624,7542112268834515655,7430729449837772943,0.32774009997956455,,,batch-f5-quadratic-repair-20260824-001
F5,X1,X2,f5-quadratic-repair,9,5,0.04632279248532779,0.835,residual_samples/batch-9-replication-5.csv,null_statistics/batch-9-replication-5.npy,batch-f5-quadratic-repair,9219359109069896047,16124748801594188470,16597615068053623,0.31527220003772527,,,batch-f5-quadratic-repair-20260824-001
F5,X1,X2,f5-quadratic-repair,9,6,0.05315102071106531,0.53,residual_samples/batch-9-replication-6.csv,null_statistics/batch-9-replication-6.npy,batch-f5-quadratic-repair,15960451313699452645,6547578279922275967,7697583329500741031,0.32287660002475604,,,batch-f5-quadratic-repair-20260824-001
F5,X1,X2,f5-quadratic-repair,9,7,0.04853704336253978,0.695,residual_samples/batch-9-replication-7.csv,null_statistics/batch-9-replication-7.npy,batch-f5-quadratic-repair,17529366987617737046,9111870663626148004,11846294928911090378,0.3135593000333756,,,batch-f5-quadratic-repair-20260824-001
F5,X1,X2,f5-quadratic-repair,9,8,0.04389561419977942,0.9,residual_samples/batch-9-replication-8.csv,null_statistics/batch-9-replication-8.npy,batch-f5-quadratic-repair,8973939623964822540,12868566602706761539,10088688090290538990,0.3243905000272207,,,batch-f5-quadratic-repair-20260824-001
F5,X1,X2,f5-quadratic-repair,9,9,0.0755509178697829,0.055,residual_samples/batch-9-replication-9.csv,null_statistics/batch-9-replication-9.npy,batch-f5-quadratic-repair,6551541702938085608,11276819029351267468,4886407219384071871,0.31570679997093976,,,batch-f5-quadratic-repair-20260824-001
F5,X1,X2,f5-quadratic-repair,10,0,0.056160433782453376,0.44,residual_samples/batch-10-replication-0.csv,null_statistics/batch-10-replication-0.npy,batch-f5-quadratic-repair,13682524741834358981,10670873839098937947,4557036924624335326,0.3208606999833137,,,batch-f5-quadratic-repair-20260824-001
F5,X1,X2,f5-quadratic-repair,10,1,0.0555611481947242,0.43,residual_samples/batch-10-replication-1.csv,null_statistics/batch-10-replication-1.npy,batch-f5-quadratic-repair,11998398178106676994,6153271658438768293,16922788954411397409,0.3159661000245251,,,batch-f5-quadratic-repair-20260824-001
F5,X1,X2,f5-quadratic-repair,10,2,0.050266543435992926,0.635,residual_samples/batch-10-replication-2.csv,null_statistics/batch-10-replication-2.npy,batch-f5-quadratic-repair,9548332181698347046,8308726086498152545,8744341950464607862,0.3186658000340685,,,batch-f5-quadratic-repair-20260824-001
F5,X1,X2,f5-quadratic-repair,10,3,0.049794271829746585,0.63,residual_samples/batch-10-replication-3.csv,null_statistics/batch-10-replication-3.npy,batch-f5-quadratic-repair,5116902882642888094,822250243851410579,17552287575542240139,0.3203720999881625,,,batch-f5-quadratic-repair-20260824-001
F5,X1,X2,f5-quadratic-repair,10,4,0.04652126937500643,0.775,residual_samples/batch-10-replication-4.csv,null_statistics/batch-10-replication-4.npy,batch-f5-quadratic-repair,16122294734996503934,9786903431416337574,4661182442259195925,0.31859930005157366,,,batch-f5-quadratic-repair-20260824-001
F5,X1,X2,f5-quadratic-repair,10,5,0.05386856723720633,0.375,residual_samples/batch-10-replication-5.csv,null_statistics/batch-10-replication-5.npy,batch-f5-quadratic-repair,17052541055436570753,4967697235861736590,4842384539798424796,0.31589139997959137,,,batch-f5-quadratic-repair-20260824-001
F5,X1,X2,f5-quadratic-repair,10,6,0.06068599525515339,0.215,residual_samples/batch-10-replication-6.csv,null_statistics/batch-10-replication-6.npy,batch-f5-quadratic-repair,5512876204124326474,11519271692582284792,14919809689727976153,0.3205228000297211,,,batch-f5-quadratic-repair-20260824-001
F5,X1,X2,f5-quadratic-repair,10,7,0.04909807025518412,0.665,residual_samples/batch-10-replication-7.csv,null_statistics/batch-10-replication-7.npy,batch-f5-quadratic-repair,8069304840260270021,357209391407047119,14363344801822493354,0.32683119998546317,,,batch-f5-quadratic-repair-20260824-001
F5,X1,X2,f5-quadratic-repair,10,8,0.04570176195125322,0.79,residual_samples/batch-10-replication-8.csv,null_statistics/batch-10-replication-8.npy,batch-f5-quadratic-repair,889102161865676127,1156889188393345479,3858732362038477347,0.3144548999844119,,,batch-f5-quadratic-repair-20260824-001
F5,X1,X2,f5-quadratic-repair,10,9,0.052969057877198036,0.48,residual_samples/batch-10-replication-9.csv,null_statistics/batch-10-replication-9.npy,batch-f5-quadratic-repair,4627210208478191239,18186260745597590211,8444444942228843261,0.32025719998637214,,,batch-f5-quadratic-repair-20260824-001
F5,X1,X2,f5-quadratic-repair,11,0,0.06369368802299771,0.255,residual_samples/batch-11-replication-0.csv,null_statistics/batch-11-replication-0.npy,batch-f5-quadratic-repair,9910715106477187536,16942003618914271745,1479862293313363466,0.31947330001275986,,,batch-f5-quadratic-repair-20260824-001
F5,X1,X2,f5-quadratic-repair,11,1,0.05717702316640788,0.37,residual_samples/batch-11-replication-1.csv,null_statistics/batch-11-replication-1.npy,batch-f5-quadratic-repair,7269463238541329523,17476425942391318936,7476729830695645040,0.3160770999966189,,,batch-f5-quadratic-repair-20260824-001
F5,X1,X2,f5-quadratic-repair,11,2,0.04909542108583273,0.665,residual_samples/batch-11-replication-2.csv,null_statistics/batch-11-replication-2.npy,batch-f5-quadratic-repair,6032995884008692510,17298445827014268059,890291718082983133,0.3129865999799222,,,batch-f5-quadratic-repair-20260824-001
F5,X1,X2,f5-quadratic-repair,11,3,0.048880031203629486,0.67,residual_samples/batch-11-replication-3.csv,null_statistics/batch-11-replication-3.npy,batch-f5-quadratic-repair,14330330669993163092,15875428030377590595,3558760675925836234,0.3150030999677256,,,batch-f5-quadratic-repair-20260824-001
F5,X1,X2,f5-quadratic-repair,11,4,0.056141882538639984,0.435,residual_samples/batch-11-replication-4.csv,null_statistics/batch-11-replication-4.npy,batch-f5-quadratic-repair,17319830497884077122,6950480395952046748,5121067369474562943,0.318398299976252,,,batch-f5-quadratic-repair-20260824-001
F5,X1,X2,f5-quadratic-repair,11,5,0.040371180837103345,0.95,residual_samples/batch-11-replication-5.csv,null_statistics/batch-11-replication-5.npy,batch-f5-quadratic-repair,14083183342104216089,7291447652760427349,5498524363605028292,0.3168957000016235,,,batch-f5-quadratic-repair-20260824-001
F5,X1,X2,f5-quadratic-repair,11,6,0.06109559683678183,0.21,residual_samples/batch-11-replication-6.csv,null_statistics/batch-11-replication-6.npy,batch-f5-quadratic-repair,5714684567549557550,15769409180447587524,16692079995839700188,0.31812840001657605,,,batch-f5-quadratic-repair-20260824-001
F5,X1,X2,f5-quadratic-repair,11,7,0.04270258455407463,0.92,residual_samples/batch-11-replication-7.csv,null_statistics/batch-11-replication-7.npy,batch-f5-quadratic-repair,8630316141800386902,5123433525605792687,10640225682788119103,0.31869230000302196,,,batch-f5-quadratic-repair-20260824-001
F5,X1,X2,f5-quadratic-repair,11,8,0.04638300882168838,0.735,residual_samples/batch-11-replication-8.csv,null_statistics/batch-11-replication-8.npy,batch-f5-quadratic-repair,15209029064137019688,2984393131270906460,9522063109737746128,0.3148432999732904,,,batch-f5-quadratic-repair-20260824-001
F5,X1,X2,f5-quadratic-repair,11,9,0.04892672189150567,0.675,residual_samples/batch-11-replication-9.csv,null_statistics/batch-11-replication-9.npy,batch-f5-quadratic-repair,5816358616906102128,5697223552611143782,7108436849164007694,0.32040010002674535,,,batch-f5-quadratic-repair-20260824-001
F5,X1,X2,f5-quadratic-repair,12,0,0.05338098446370713,0.5,residual_samples/batch-12-replication-0.csv,null_statistics/batch-12-replication-0.npy,batch-f5-quadratic-repair,6452352544139487398,1303409202249362054,3108861910258544898,0.3164375000051223,,,batch-f5-quadratic-repair-20260824-001
F5,X1,X2,f5-quadratic-repair,12,1,0.05809711325325393,0.335,residual_samples/batch-12-replication-1.csv,null_statistics/batch-12-replication-1.npy,batch-f5-quadratic-repair,13928135361851849594,10793800763559693423,5557246715742346003,0.3173743999795988,,,batch-f5-quadratic-repair-20260824-001
F5,X1,X2,f5-quadratic-repair,12,2,0.04535493453893358,0.86,residual_samples/batch-12-replication-2.csv,null_statistics/batch-12-replication-2.npy,batch-f5-quadratic-repair,8093284403034085300,7074317391111107706,18316708127358186238,0.316968800034374,,,batch-f5-quadratic-repair-20260824-001
F5,X1,X2,f5-quadratic-repair,12,3,0.05092219329042624,0.61,residual_samples/batch-12-replication-3.csv,null_statistics/batch-12-replication-3.npy,batch-f5-quadratic-repair,18192957218797921767,14169030978020209097,11900469642439857947,0.3186156000010669,,,batch-f5-quadratic-repair-20260824-001
F5,X1,X2,f5-quadratic-repair,12,4,0.053546456987949485,0.52,residual_samples/batch-12-replication-4.csv,null_statistics/batch-12-replication-4.npy,batch-f5-quadratic-repair,18033623958289249037,3969728514072853186,5783907406431319481,0.31878380000125617,,,batch-f5-quadratic-repair-20260824-001
F5,X1,X2,f5-quadratic-repair,12,5,0.042411410530942766,0.925,residual_samples/batch-12-replication-5.csv,null_statistics/batch-12-replication-5.npy,batch-f5-quadratic-repair,2917946508015429388,1731372825615584148,3545972141467757824,0.3268606999772601,,,batch-f5-quadratic-repair-20260824-001
F5,X1,X2,f5-quadratic-repair,12,6,0.04720908138956045,0.73,residual_samples/batch-12-replication-6.csv,null_statistics/batch-12-replication-6.npy,batch-f5-quadratic-repair,14818120031648825045,14065111017191281626,7775127075722141528,0.3184664999716915,,,batch-f5-quadratic-repair-20260824-001
F5,X1,X2,f5-quadratic-repair,12,7,0.04202573531339642,0.925,residual_samples/batch-12-replication-7.csv,null_statistics/batch-12-replication-7.npy,batch-f5-quadratic-repair,16877043614355603312,15193387369452328840,11480025128894866430,0.3163304000045173,,,batch-f5-quadratic-repair-20260824-001
F5,X1,X2,f5-quadratic-repair,12,8,0.057952576081038376,0.335,residual_samples/batch-12-replication-8.csv,null_statistics/batch-12-replication-8.npy,batch-f5-quadratic-repair,4900706369510567719,12865942663843808998,10062111261947176970,0.31949880003230646,,,batch-f5-quadratic-repair-20260824-001
F5,X1,X2,f5-quadratic-repair,12,9,0.05060109305958441,0.6,residual_samples/batch-12-replication-9.csv,null_statistics/batch-12-replication-9.npy,batch-f5-quadratic-repair,7849346651468976892,4458496768321114068,13546960410747003400,0.31583999999566004,,,batch-f5-quadratic-repair-20260824-001
F5,X1,X2,f5-quadratic-repair,13,0,0.0431706290666939,0.89,residual_samples/batch-13-replication-0.csv,null_statistics/batch-13-replication-0.npy,batch-f5-quadratic-repair,9160741575576584477,11049068288183153373,2898142226539455485,0.3170089000486769,,,batch-f5-quadratic-repair-20260824-001
F5,X1,X2,f5-quadratic-repair,13,1,0.036339111601546126,0.995,residual_samples/batch-13-replication-1.csv,null_statistics/batch-13-replication-1.npy,batch-f5-quadratic-repair,488642216979485159,2117402475374807478,4664564198283449737,0.32061540003633127,,,batch-f5-quadratic-repair-20260824-001
F5,X1,X2,f5-quadratic-repair,13,2,0.041277889743900564,0.96,residual_samples/batch-13-replication-2.csv,null_statistics/batch-13-replication-2.npy,batch-f5-quadratic-repair,322587788647556097,5536716497587136779,16255247152380176324,0.31932220002636313,,,batch-f5-quadratic-repair-20260824-001
F5,X1,X2,f5-quadratic-repair,13,3,0.06851426956518378,0.155,residual_samples/batch-13-replication-3.csv,null_statistics/batch-13-replication-3.npy,batch-f5-quadratic-repair,18360617469421729604,15138530978141812057,674297711029329619,0.3165498999878764,,,batch-f5-quadratic-repair-20260824-001
F5,X1,X2,f5-quadratic-repair,13,4,0.05500943267026924,0.47,residual_samples/batch-13-replication-4.csv,null_statistics/batch-13-replication-4.npy,batch-f5-quadratic-repair,2088519090590392897,8379176017811375220,3518688336992299105,0.31578950001858175,,,batch-f5-quadratic-repair-20260824-001
F5,X1,X2,f5-quadratic-repair,13,5,0.04475794516302881,0.825,residual_samples/batch-13-replication-5.csv,null_statistics/batch-13-replication-5.npy,batch-f5-quadratic-repair,11806731181911103350,12745096187609973261,4051733177234423666,0.31927790003828704,,,batch-f5-quadratic-repair-20260824-001
F5,X1,X2,f5-quadratic-repair,13,6,0.07841144705051012,0.07,residual_samples/batch-13-replication-6.csv,null_statistics/batch-13-replication-6.npy,batch-f5-quadratic-repair,12875004200861703474,7693714663806826684,17935247110429425967,0.3161963000311516,,,batch-f5-quadratic-repair-20260824-001
F5,X1,X2,f5-quadratic-repair,13,7,0.08190184427645865,0.055,residual_samples/batch-13-replication-7.csv,null_statistics/batch-13-replication-7.npy,batch-f5-quadratic-repair,3727907409787900880,5928232320922583666,18430120793713690083,0.3226674000034109,,,batch-f5-quadratic-repair-20260824-001
F5,X1,X2,f5-quadratic-repair,13,8,0.05122782792264577,0.6,residual_samples/batch-13-replication-8.csv,null_statistics/batch-13-replication-8.npy,batch-f5-quadratic-repair,14145114192265532543,11053362020337264213,14260178064231790124,0.3196999000501819,,,batch-f5-quadratic-repair-20260824-001
F5,X1,X2,f5-quadratic-repair,13,9,0.05778688702849127,0.385,residual_samples/batch-13-replication-9.csv,null_statistics/batch-13-replication-9.npy,batch-f5-quadratic-repair,3263105225384631477,10958829311572482591,9578577623904388700,0.31655479996697977,,,batch-f5-quadratic-repair-20260824-001
F5,X1,X2,f5-quadratic-repair,14,0,0.04700261744977792,0.7,residual_samples/batch-14-replication-0.csv,null_statistics/batch-14-replication-0.npy,batch-f5-quadratic-repair,16356185317149124869,2373691371588877434,1220175718784948678,0.3173382999957539,,,batch-f5-quadratic-repair-20260824-001
F5,X1,X2,f5-quadratic-repair,14,1,0.05030695831044102,0.615,residual_samples/batch-14-replication-1.csv,null_statistics/batch-14-replication-1.npy,batch-f5-quadratic-repair,15487674896020566129,12248047964481408139,3527543241436315293,0.3169590000179596,,,batch-f5-quadratic-repair-20260824-001
F5,X1,X2,f5-quadratic-repair,14,2,0.05689771045811487,0.37,residual_samples/batch-14-replication-2.csv,null_statistics/batch-14-replication-2.npy,batch-f5-quadratic-repair,14893132782386135680,7729838590403358396,6843139702253386323,0.31531510001514107,,,batch-f5-quadratic-repair-20260824-001
F5,X1,X2,f5-quadratic-repair,14,3,0.07788949443010025,0.05,residual_samples/batch-14-replication-3.csv,null_statistics/batch-14-replication-3.npy,batch-f5-quadratic-repair,17826291988319784226,2017186590053404393,18146956208467832243,0.32000110001536086,,,batch-f5-quadratic-repair-20260824-001
F5,X1,X2,f5-quadratic-repair,14,4,0.05579662662095601,0.375,residual_samples/batch-14-replication-4.csv,null_statistics/batch-14-replication-4.npy,batch-f5-quadratic-repair,797002954445590605,2631617959077371614,2239813809856567577,0.3202277999953367,,,batch-f5-quadratic-repair-20260824-001
F5,X1,X2,f5-quadratic-repair,14,5,0.061450928535304664,0.275,residual_samples/batch-14-replication-5.csv,null_statistics/batch-14-replication-5.npy,batch-f5-quadratic-repair,11229277171351258748,3207629521642834593,4909096355392937222,0.31896409997716546,,,batch-f5-quadratic-repair-20260824-001
F5,X1,X2,f5-quadratic-repair,14,6,0.05658682087636595,0.33,residual_samples/batch-14-replication-6.csv,null_statistics/batch-14-replication-6.npy,batch-f5-quadratic-repair,17523115629122168392,12340692897808643033,7507463868084011374,0.31538990000262856,,,batch-f5-quadratic-repair-20260824-001
F5,X1,X2,f5-quadratic-repair,14,7,0.05617739514638457,0.355,residual_samples/batch-14-replication-7.csv,null_statistics/batch-14-replication-7.npy,batch-f5-quadratic-repair,425588231177450456,11547670467728771462,11708019004110247486,0.3206699999864213,,,batch-f5-quadratic-repair-20260824-001
F5,X1,X2,f5-quadratic-repair,14,8,0.05175804054468183,0.535,residual_samples/batch-14-replication-8.csv,null_statistics/batch-14-replication-8.npy,batch-f5-quadratic-repair,7437391415790050281,13349849266254021471,15590506386344649184,0.3677312000072561,,,batch-f5-quadratic-repair-20260824-001
F5,X1,X2,f5-quadratic-repair,14,9,0.06287449750050098,0.165,residual_samples/batch-14-replication-9.csv,null_statistics/batch-14-replication-9.npy,batch-f5-quadratic-repair,10780803418155147158,9399990596778276651,2019354767216265324,0.3163495000335388,,,batch-f5-quadratic-repair-20260824-001
F5,X1,X2,f5-quadratic-repair,15,0,0.05439924450908357,0.45,residual_samples/batch-15-replication-0.csv,null_statistics/batch-15-replication-0.npy,batch-f5-quadratic-repair,3825628912020868736,8591217845137556166,8023753644447785226,0.31696719996398315,,,batch-f5-quadratic-repair-20260824-001
F5,X1,X2,f5-quadratic-repair,15,1,0.06274846248384082,0.165,residual_samples/batch-15-replication-1.csv,null_statistics/batch-15-replication-1.npy,batch-f5-quadratic-repair,5626444371622488828,10123604145681243386,1520217833556314500,0.3208540999912657,,,batch-f5-quadratic-repair-20260824-001
F5,X1,X2,f5-quadratic-repair,15,2,0.05470691046831455,0.4,residual_samples/batch-15-replication-2.csv,null_statistics/batch-15-replication-2.npy,batch-f5-quadratic-repair,9204499122931063967,16242649210575459068,14916548412609884666,0.31912739999825135,,,batch-f5-quadratic-repair-20260824-001
F5,X1,X2,f5-quadratic-repair,15,3,0.05299853502200549,0.535,residual_samples/batch-15-replication-3.csv,null_statistics/batch-15-replication-3.npy,batch-f5-quadratic-repair,11124657384798218636,7450251294219463742,2453571863875199582,0.3132076000329107,,,batch-f5-quadratic-repair-20260824-001
F5,X1,X2,f5-quadratic-repair,15,4,0.05129052574091746,0.58,residual_samples/batch-15-replication-4.csv,null_statistics/batch-15-replication-4.npy,batch-f5-quadratic-repair,8291863919530317176,8915450609509373001,8373047250045210169,0.3135196999646723,,,batch-f5-quadratic-repair-20260824-001
F5,X1,X2,f5-quadratic-repair,15,5,0.048529420533187054,0.675,residual_samples/batch-15-replication-5.csv,null_statistics/batch-15-replication-5.npy,batch-f5-quadratic-repair,6957781992026004685,4783000848232996783,14297151327707460093,0.3174674999900162,,,batch-f5-quadratic-repair-20260824-001
F5,X1,X2,f5-quadratic-repair,15,6,0.035649119100294314,0.99,residual_samples/batch-15-replication-6.csv,null_statistics/batch-15-replication-6.npy,batch-f5-quadratic-repair,10857606137248051553,5750014034074016401,4418404813549433651,0.31588120001833886,,,batch-f5-quadratic-repair-20260824-001
F5,X1,X2,f5-quadratic-repair,15,7,0.04605767888442766,0.795,residual_samples/batch-15-replication-7.csv,null_statistics/batch-15-replication-7.npy,batch-f5-quadratic-repair,12924453872305926720,13020695924660127845,4276081630214183784,0.31681400001980364,,,batch-f5-quadratic-repair-20260824-001
F5,X1,X2,f5-quadratic-repair,15,8,0.0562437563089102,0.45,residual_samples/batch-15-replication-8.csv,null_statistics/batch-15-replication-8.npy,batch-f5-quadratic-repair,11722316439659353709,11254592841133983817,13853731943124299435,0.31794759997865185,,,batch-f5-quadratic-repair-20260824-001
F5,X1,X2,f5-quadratic-repair,15,9,0.049683259677157976,0.625,residual_samples/batch-15-replication-9.csv,null_statistics/batch-15-replication-9.npy,batch-f5-quadratic-repair,11294641742747665524,10844321169561825337,17212759002628464480,0.3134908000356518,,,batch-f5-quadratic-repair-20260824-001
F5,X1,X2,f5-quadratic-repair,16,0,0.060450412771948264,0.25,residual_samples/batch-16-replication-0.csv,null_statistics/batch-16-replication-0.npy,batch-f5-quadratic-repair,13702731590857014057,14604133388688371097,7936892142416052829,0.31677710002986714,,,batch-f5-quadratic-repair-20260824-001
F5,X1,X2,f5-quadratic-repair,16,1,0.058326766275437696,0.315,residual_samples/batch-16-replication-1.csv,null_statistics/batch-16-replication-1.npy,batch-f5-quadratic-repair,2135438840293277729,7802969512970996233,11705343467066060138,0.31969040003605187,,,batch-f5-quadratic-repair-20260824-001
F5,X1,X2,f5-quadratic-repair,16,2,0.05564083098024375,0.42,residual_samples/batch-16-replication-2.csv,null_statistics/batch-16-replication-2.npy,batch-f5-quadratic-repair,6564460300237256340,5323687675398777390,15947553424484645394,0.3211172999581322,,,batch-f5-quadratic-repair-20260824-001
F5,X1,X2,f5-quadratic-repair,16,3,0.06685469502653248,0.105,residual_samples/batch-16-replication-3.csv,null_statistics/batch-16-replication-3.npy,batch-f5-quadratic-repair,18047616593893732946,12365634563313083783,3209243789833261440,0.3164920999552123,,,batch-f5-quadratic-repair-20260824-001
F5,X1,X2,f5-quadratic-repair,16,4,0.04848346396627918,0.72,residual_samples/batch-16-replication-4.csv,null_statistics/batch-16-replication-4.npy,batch-f5-quadratic-repair,3158303763984596395,15575592257501067188,6716472511400206250,0.31804849999025464,,,batch-f5-quadratic-repair-20260824-001
F5,X1,X2,f5-quadratic-repair,16,5,0.052163856157414784,0.445,residual_samples/batch-16-replication-5.csv,null_statistics/batch-16-replication-5.npy,batch-f5-quadratic-repair,16459442853377119472,9839948004014742817,9714303355773608245,0.3195255000027828,,,batch-f5-quadratic-repair-20260824-001
F5,X1,X2,f5-quadratic-repair,16,6,0.06306535168915402,0.185,residual_samples/batch-16-replication-6.csv,null_statistics/batch-16-replication-6.npy,batch-f5-quadratic-repair,12831635961063114876,7819922111403997036,4315467814672875030,0.3224246999598108,,,batch-f5-quadratic-repair-20260824-001
F5,X1,X2,f5-quadratic-repair,16,7,0.04605905469694817,0.74,residual_samples/batch-16-replication-7.csv,null_statistics/batch-16-replication-7.npy,batch-f5-quadratic-repair,2307664769083070121,1012633265610095823,8323987874343876959,0.3174185000243597,,,batch-f5-quadratic-repair-20260824-001
F5,X1,X2,f5-quadratic-repair,16,8,0.04814869865605498,0.73,residual_samples/batch-16-replication-8.csv,null_statistics/batch-16-replication-8.npy,batch-f5-quadratic-repair,18343709615647761779,4635031251226499324,8388102991418470705,0.3168968000099994,,,batch-f5-quadratic-repair-20260824-001
F5,X1,X2,f5-quadratic-repair,16,9,0.04458216823909131,0.86,residual_samples/batch-16-replication-9.csv,null_statistics/batch-16-replication-9.npy,batch-f5-quadratic-repair,16925027301966091331,12304595986109031132,16074193556520562994,0.31792140001198277,,,batch-f5-quadratic-repair-20260824-001
F5,X1,X2,f5-quadratic-repair,17,0,0.05635842240814485,0.375,residual_samples/batch-17-replication-0.csv,null_statistics/batch-17-replication-0.npy,batch-f5-quadratic-repair,5259526379400113896,7518728828089593330,91734561181787462,0.3184682999853976,,,batch-f5-quadratic-repair-20260824-001
F5,X1,X2,f5-quadratic-repair,17,1,0.05944440461899454,0.295,residual_samples/batch-17-replication-1.csv,null_statistics/batch-17-replication-1.npy,batch-f5-quadratic-repair,9259610107948336354,3504738088564307776,14344768254491778232,0.3182029000017792,,,batch-f5-quadratic-repair-20260824-001
F5,X1,X2,f5-quadratic-repair,17,2,0.061445475295692685,0.3,residual_samples/batch-17-replication-2.csv,null_statistics/batch-17-replication-2.npy,batch-f5-quadratic-repair,7057877175818324386,2816247367487537622,7099376851168715863,0.3160504999686964,,,batch-f5-quadratic-repair-20260824-001
F5,X1,X2,f5-quadratic-repair,17,3,0.052033376572033815,0.54,residual_samples/batch-17-replication-3.csv,null_statistics/batch-17-replication-3.npy,batch-f5-quadratic-repair,9346881352932712257,15129516101561471336,15189363064737959790,0.3204091999796219,,,batch-f5-quadratic-repair-20260824-001
F5,X1,X2,f5-quadratic-repair,17,4,0.0725134782557441,0.06,residual_samples/batch-17-replication-4.csv,null_statistics/batch-17-replication-4.npy,batch-f5-quadratic-repair,17890562034436195918,6506350875594567020,14926046068745015697,0.3249360999907367,,,batch-f5-quadratic-repair-20260824-001
F5,X1,X2,f5-quadratic-repair,17,5,0.04412724384059542,0.875,residual_samples/batch-17-replication-5.csv,null_statistics/batch-17-replication-5.npy,batch-f5-quadratic-repair,14207418604287243828,18370889965694838613,17052713163014646814,0.3183621999924071,,,batch-f5-quadratic-repair-20260824-001
F5,X1,X2,f5-quadratic-repair,17,6,0.0613365402721007,0.255,residual_samples/batch-17-replication-6.csv,null_statistics/batch-17-replication-6.npy,batch-f5-quadratic-repair,4946067150097961381,4510106151505722680,12580203741125890643,0.3164374000043608,,,batch-f5-quadratic-repair-20260824-001
F5,X1,X2,f5-quadratic-repair,17,7,0.06843066730396173,0.1,residual_samples/batch-17-replication-7.csv,null_statistics/batch-17-replication-7.npy,batch-f5-quadratic-repair,9662061969257097721,15869833307123814116,165863765783842019,0.31831349997082725,,,batch-f5-quadratic-repair-20260824-001
F5,X1,X2,f5-quadratic-repair,17,8,0.045219925187578475,0.855,residual_samples/batch-17-replication-8.csv,null_statistics/batch-17-replication-8.npy,batch-f5-quadratic-repair,15481111731693554876,13002657108790394043,11762222168628838391,0.3164388000150211,,,batch-f5-quadratic-repair-20260824-001
F5,X1,X2,f5-quadratic-repair,17,9,0.07047844352040163,0.085,residual_samples/batch-17-replication-9.csv,null_statistics/batch-17-replication-9.npy,batch-f5-quadratic-repair,8658081445120256128,10274542663514069063,2542240249243808155,0.318961400014814,,,batch-f5-quadratic-repair-20260824-001
F5,X1,X2,f5-quadratic-repair,18,0,0.045757187113282416,0.77,residual_samples/batch-18-replication-0.csv,null_statistics/batch-18-replication-0.npy,batch-f5-quadratic-repair,10171764640993077679,6850267082104835538,17948061045191203069,0.31597430002875626,,,batch-f5-quadratic-repair-20260824-001
F5,X1,X2,f5-quadratic-repair,18,1,0.04469194198763847,0.875,residual_samples/batch-18-replication-1.csv,null_statistics/batch-18-replication-1.npy,batch-f5-quadratic-repair,4575626624619594721,10075612454974408728,2091184543399412632,0.31854040001053363,,,batch-f5-quadratic-repair-20260824-001
F5,X1,X2,f5-quadratic-repair,18,2,0.05227825492885103,0.53,residual_samples/batch-18-replication-2.csv,null_statistics/batch-18-replication-2.npy,batch-f5-quadratic-repair,5259459082225196397,9063726964444341483,7083964991717126411,0.32231610000599176,,,batch-f5-quadratic-repair-20260824-001
F5,X1,X2,f5-quadratic-repair,18,3,0.05731675239997612,0.35,residual_samples/batch-18-replication-3.csv,null_statistics/batch-18-replication-3.npy,batch-f5-quadratic-repair,14684789184705979108,10259593655946114391,2676804923169852395,0.32455710001522675,,,batch-f5-quadratic-repair-20260824-001
F5,X1,X2,f5-quadratic-repair,18,4,0.04857822677113901,0.725,residual_samples/batch-18-replication-4.csv,null_statistics/batch-18-replication-4.npy,batch-f5-quadratic-repair,3723305013032395124,5459483862442783710,3729217786006255620,0.31967789999907836,,,batch-f5-quadratic-repair-20260824-001
F5,X1,X2,f5-quadratic-repair,18,5,0.044256274289763115,0.855,residual_samples/batch-18-replication-5.csv,null_statistics/batch-18-replication-5.npy,batch-f5-quadratic-repair,7190925270735825174,17841054009295895377,18414039126419575357,0.3143479999853298,,,batch-f5-quadratic-repair-20260824-001
F5,X1,X2,f5-quadratic-repair,18,6,0.05133648203709844,0.555,residual_samples/batch-18-replication-6.csv,null_statistics/batch-18-replication-6.npy,batch-f5-quadratic-repair,4901752599399390739,6685499958059934142,13451480480839314795,0.31879920000210404,,,batch-f5-quadratic-repair-20260824-001
F5,X1,X2,f5-quadratic-repair,18,7,0.052515054582257005,0.575,residual_samples/batch-18-replication-7.csv,null_statistics/batch-18-replication-7.npy,batch-f5-quadratic-repair,8941755748230038285,7155499722923612066,12487372517983336959,0.3175059999921359,,,batch-f5-quadratic-repair-20260824-001
F5,X1,X2,f5-quadratic-repair,18,8,0.040997114634665315,0.945,residual_samples/batch-18-replication-8.csv,null_statistics/batch-18-replication-8.npy,batch-f5-quadratic-repair,4556655417059218426,7983922494910266974,13308655141986183089,0.32055090001085773,,,batch-f5-quadratic-repair-20260824-001
F5,X1,X2,f5-quadratic-repair,18,9,0.0452632387832544,0.89,residual_samples/batch-18-replication-9.csv,null_statistics/batch-18-replication-9.npy,batch-f5-quadratic-repair,290622601889581712,16446044728383675170,10642918464528161877,0.31685629999265075,,,batch-f5-quadratic-repair-20260824-001
F5,X1,X2,f5-quadratic-repair,19,0,0.057931464050202004,0.365,residual_samples/batch-19-replication-0.csv,null_statistics/batch-19-replication-0.npy,batch-f5-quadratic-repair,15707698876246115495,2603711515397635695,5913650199046330418,0.31904420000500977,,,batch-f5-quadratic-repair-20260824-001
F5,X1,X2,f5-quadratic-repair,19,1,0.07748977975542298,0.045,residual_samples/batch-19-replication-1.csv,null_statistics/batch-19-replication-1.npy,batch-f5-quadratic-repair,24976640914927859,1225005810826703549,18392049369961129921,0.31767379998927936,,,batch-f5-quadratic-repair-20260824-001
F5,X1,X2,f5-quadratic-repair,19,2,0.05593435801383767,0.42,residual_samples/batch-19-replication-2.csv,null_statistics/batch-19-replication-2.npy,batch-f5-quadratic-repair,17824816241562683906,16874312503174459501,18410697886720302018,0.3156283000134863,,,batch-f5-quadratic-repair-20260824-001
F5,X1,X2,f5-quadratic-repair,19,3,0.04195797538325283,0.93,residual_samples/batch-19-replication-3.csv,null_statistics/batch-19-replication-3.npy,batch-f5-quadratic-repair,13542350179047642356,1894484982796924499,7408292267419141563,0.31539110001176596,,,batch-f5-quadratic-repair-20260824-001
F5,X1,X2,f5-quadratic-repair,19,4,0.07298635240448555,0.085,residual_samples/batch-19-replication-4.csv,null_statistics/batch-19-replication-4.npy,batch-f5-quadratic-repair,1867473740332321362,10112000117671952756,16893949158692700025,0.3196082999929786,,,batch-f5-quadratic-repair-20260824-001
F5,X1,X2,f5-quadratic-repair,19,5,0.06630808469218309,0.145,residual_samples/batch-19-replication-5.csv,null_statistics/batch-19-replication-5.npy,batch-f5-quadratic-repair,11959635034641947195,1518549305609780715,4940783359739976287,0.3189678000053391,,,batch-f5-quadratic-repair-20260824-001
F5,X1,X2,f5-quadratic-repair,19,6,0.04148435024742001,0.93,residual_samples/batch-19-replication-6.csv,null_statistics/batch-19-replication-6.npy,batch-f5-quadratic-repair,6501527112372130852,1950671339747639368,1172470584403753819,0.31824090000009164,,,batch-f5-quadratic-repair-20260824-001
F5,X1,X2,f5-quadratic-repair,19,7,0.04293752529431772,0.89,residual_samples/batch-19-replication-7.csv,null_statistics/batch-19-replication-7.npy,batch-f5-quadratic-repair,9750748899140237119,11062138442339435453,12862450699452546030,0.32000210002297536,,,batch-f5-quadratic-repair-20260824-001
F5,X1,X2,f5-quadratic-repair,19,8,0.04989210914645446,0.635,residual_samples/batch-19-replication-8.csv,null_statistics/batch-19-replication-8.npy,batch-f5-quadratic-repair,8935325943903147944,12640568841491928720,15633753175545407676,0.3238840000121854,,,batch-f5-quadratic-repair-20260824-001
F5,X1,X2,f5-quadratic-repair,19,9,0.04604971130378051,0.78,residual_samples/batch-19-replication-9.csv,null_statistics/batch-19-replication-9.npy,batch-f5-quadratic-repair,12532305202637387234,11434258541479855961,6720809492780498261,0.3191410999861546,,,batch-f5-quadratic-repair-20260824-001
F5,X1,X2,f5-quadratic-repair,20,0,0.06503824921418351,0.14,residual_samples/batch-20-replication-0.csv,null_statistics/batch-20-replication-0.npy,batch-f5-quadratic-repair,10338699955317252405,11709730189352999998,14244951806185678072,0.31757549999747425,,,batch-f5-quadratic-repair-20260824-001
F5,X1,X2,f5-quadratic-repair,20,1,0.05469403015605756,0.445,residual_samples/batch-20-replication-1.csv,null_statistics/batch-20-replication-1.npy,batch-f5-quadratic-repair,37973076497638395,16908468245050939582,17496678317584459822,0.31856780004454777,,,batch-f5-quadratic-repair-20260824-001
F5,X1,X2,f5-quadratic-repair,20,2,0.04542243041277189,0.84,residual_samples/batch-20-replication-2.csv,null_statistics/batch-20-replication-2.npy,batch-f5-quadratic-repair,1584330757424302860,14826686369995940755,12362589318576759094,0.3169656000100076,,,batch-f5-quadratic-repair-20260824-001
F5,X1,X2,f5-quadratic-repair,20,3,0.045836281392842244,0.85,residual_samples/batch-20-replication-3.csv,null_statistics/batch-20-replication-3.npy,batch-f5-quadratic-repair,12601970502762938150,2697434674915903276,16136975262150971211,0.31603280000854284,,,batch-f5-quadratic-repair-20260824-001
F5,X1,X2,f5-quadratic-repair,20,4,0.06161668931790599,0.215,residual_samples/batch-20-replication-4.csv,null_statistics/batch-20-replication-4.npy,batch-f5-quadratic-repair,15945836290445531529,5376651041252251386,8531661385685227906,0.3185496000223793,,,batch-f5-quadratic-repair-20260824-001
F5,X1,X2,f5-quadratic-repair,20,5,0.0560415678469032,0.38,residual_samples/batch-20-replication-5.csv,null_statistics/batch-20-replication-5.npy,batch-f5-quadratic-repair,26191739723926947,3926029592679795626,18040456302762621208,0.3176501999842003,,,batch-f5-quadratic-repair-20260824-001
F5,X1,X2,f5-quadratic-repair,20,6,0.05303533519791622,0.54,residual_samples/batch-20-replication-6.csv,null_statistics/batch-20-replication-6.npy,batch-f5-quadratic-repair,4947685979788357298,11053540289121552632,16479068376665953725,0.31524199998239055,,,batch-f5-quadratic-repair-20260824-001
F5,X1,X2,f5-quadratic-repair,20,7,0.04936181142687797,0.64,residual_samples/batch-20-replication-7.csv,null_statistics/batch-20-replication-7.npy,batch-f5-quadratic-repair,6567345652599901315,18062838352746729818,12893953766252355552,0.31668340001488104,,,batch-f5-quadratic-repair-20260824-001
F5,X1,X2,f5-quadratic-repair,20,8,0.0622851177775481,0.255,residual_samples/batch-20-replication-8.csv,null_statistics/batch-20-replication-8.npy,batch-f5-quadratic-repair,10214913627550659711,9964357094957417272,7047642050527941177,0.31598569999914616,,,batch-f5-quadratic-repair-20260824-001
F5,X1,X2,f5-quadratic-repair,20,9,0.05219952572320099,0.575,residual_samples/batch-20-replication-9.csv,null_statistics/batch-20-replication-9.npy,batch-f5-quadratic-repair,6882168596720057190,544515408203310389,3757955234929844284,0.3158821000251919,,,batch-f5-quadratic-repair-20260824-001
F5,X1,X2,f5-quadratic-repair,21,0,0.06987652184847407,0.11,residual_samples/batch-21-replication-0.csv,null_statistics/batch-21-replication-0.npy,batch-f5-quadratic-repair,9437768149112146936,12886657945371026776,12878654535634866282,0.316396500042174,,,batch-f5-quadratic-repair-20260824-001
F5,X1,X2,f5-quadratic-repair,21,1,0.059430751152181674,0.25,residual_samples/batch-21-replication-1.csv,null_statistics/batch-21-replication-1.npy,batch-f5-quadratic-repair,17048971094825023753,837193476170047520,2838207417348068288,0.3190201999968849,,,batch-f5-quadratic-repair-20260824-001
F5,X1,X2,f5-quadratic-repair,21,2,0.05379940082321568,0.48,residual_samples/batch-21-replication-2.csv,null_statistics/batch-21-replication-2.npy,batch-f5-quadratic-repair,2051667074393616515,12439995889642519754,5231567440225931621,0.317163800005801,,,batch-f5-quadratic-repair-20260824-001
F5,X1,X2,f5-quadratic-repair,21,3,0.041223948638096315,0.945,residual_samples/batch-21-replication-3.csv,null_statistics/batch-21-replication-3.npy,batch-f5-quadratic-repair,114276306979152843,4944291002931246780,12357702069439032589,0.31703690002905205,,,batch-f5-quadratic-repair-20260824-001
F5,X1,X2,f5-quadratic-repair,21,4,0.04602492821865101,0.79,residual_samples/batch-21-replication-4.csv,null_statistics/batch-21-replication-4.npy,batch-f5-quadratic-repair,11331235399763466556,11000549344668633426,9275245712721610340,0.31862330000149086,,,batch-f5-quadratic-repair-20260824-001
F5,X1,X2,f5-quadratic-repair,21,5,0.04822341022612974,0.75,residual_samples/batch-21-replication-5.csv,null_statistics/batch-21-replication-5.npy,batch-f5-quadratic-repair,1782858465176735177,9691696552101019263,13668384011832475412,0.31656239996664226,,,batch-f5-quadratic-repair-20260824-001
F5,X1,X2,f5-quadratic-repair,21,6,0.046045201357349054,0.79,residual_samples/batch-21-replication-6.csv,null_statistics/batch-21-replication-6.npy,batch-f5-quadratic-repair,5334094966756286236,16340612763561590833,2728022090032790679,0.3102906999993138,,,batch-f5-quadratic-repair-20260824-001
F5,X1,X2,f5-quadratic-repair,21,7,0.09088649962424929,0.01,residual_samples/batch-21-replication-7.csv,null_statistics/batch-21-replication-7.npy,batch-f5-quadratic-repair,10815911824423826558,5568073626384656829,14730625696356955212,0.31293499999446794,,,batch-f5-quadratic-repair-20260824-001
F5,X1,X2,f5-quadratic-repair,21,8,0.04810042915225889,0.71,residual_samples/batch-21-replication-8.csv,null_statistics/batch-21-replication-8.npy,batch-f5-quadratic-repair,16138549992626500838,16427869243916662746,10318293766738191907,0.3173656999715604,,,batch-f5-quadratic-repair-20260824-001
F5,X1,X2,f5-quadratic-repair,21,9,0.04337422911625474,0.91,residual_samples/batch-21-replication-9.csv,null_statistics/batch-21-replication-9.npy,batch-f5-quadratic-repair,3723009186562389847,2583929273214185225,14008942868672232340,0.31534969998756424,,,batch-f5-quadratic-repair-20260824-001
F5,X1,X2,f5-quadratic-repair,22,0,0.04530151054320729,0.835,residual_samples/batch-22-replication-0.csv,null_statistics/batch-22-replication-0.npy,batch-f5-quadratic-repair,14795159997911869775,4175394862119952150,2661676855285527965,0.31781259999843314,,,batch-f5-quadratic-repair-20260824-001
F5,X1,X2,f5-quadratic-repair,22,1,0.05944046671671123,0.25,residual_samples/batch-22-replication-1.csv,null_statistics/batch-22-replication-1.npy,batch-f5-quadratic-repair,3291101316205264208,3453126954647517552,792274847176732180,0.31866280001122504,,,batch-f5-quadratic-repair-20260824-001
F5,X1,X2,f5-quadratic-repair,22,2,0.05313336438873772,0.46,residual_samples/batch-22-replication-2.csv,null_statistics/batch-22-replication-2.npy,batch-f5-quadratic-repair,8730278394037503208,3655535502413943299,2387226589152088134,0.32314140000380576,,,batch-f5-quadratic-repair-20260824-001
F5,X1,X2,f5-quadratic-repair,22,3,0.057847664034885,0.29,residual_samples/batch-22-replication-3.csv,null_statistics/batch-22-replication-3.npy,batch-f5-quadratic-repair,3495986944013683024,2277092567580433047,4059896810486071762,0.31523570005083457,,,batch-f5-quadratic-repair-20260824-001
F5,X1,X2,f5-quadratic-repair,22,4,0.056482468662462856,0.355,residual_samples/batch-22-replication-4.csv,null_statistics/batch-22-replication-4.npy,batch-f5-quadratic-repair,17542516983297512775,5035600249172632068,6714622050545743660,0.32023909996496513,,,batch-f5-quadratic-repair-20260824-001
F5,X1,X2,f5-quadratic-repair,22,5,0.05202370317840119,0.53,residual_samples/batch-22-replication-5.csv,null_statistics/batch-22-replication-5.npy,batch-f5-quadratic-repair,16539337762984828316,5697527652135226369,5437329368969666685,0.3178864999790676,,,batch-f5-quadratic-repair-20260824-001
F5,X1,X2,f5-quadratic-repair,22,6,0.051532191484724384,0.545,residual_samples/batch-22-replication-6.csv,null_statistics/batch-22-replication-6.npy,batch-f5-quadratic-repair,6061483585901894114,13906351534600985033,10442753612651261423,0.31802930001867935,,,batch-f5-quadratic-repair-20260824-001
F5,X1,X2,f5-quadratic-repair,22,7,0.04902693205287821,0.735,residual_samples/batch-22-replication-7.csv,null_statistics/batch-22-replication-7.npy,batch-f5-quadratic-repair,7587578870946575530,10274542604319445495,9213684363295520327,0.3181287000188604,,,batch-f5-quadratic-repair-20260824-001
F5,X1,X2,f5-quadratic-repair,22,8,0.04616425606008964,0.805,residual_samples/batch-22-replication-8.csv,null_statistics/batch-22-replication-8.npy,batch-f5-quadratic-repair,17018117556149685353,11805280038471146609,6623402291952539754,0.3169705999898724,,,batch-f5-quadratic-repair-20260824-001
F5,X1,X2,f5-quadratic-repair,22,9,0.05264648837687154,0.49,residual_samples/batch-22-replication-9.csv,null_statistics/batch-22-replication-9.npy,batch-f5-quadratic-repair,10876055983228813267,102581283797092165,2523411865049604004,0.317322300048545,,,batch-f5-quadratic-repair-20260824-001
F5,X1,X2,f5-quadratic-repair,23,0,0.06624197083833085,0.145,residual_samples/batch-23-replication-0.csv,null_statistics/batch-23-replication-0.npy,batch-f5-quadratic-repair,14624337217834821618,13331157929318349357,107759030413959496,0.3187651999760419,,,batch-f5-quadratic-repair-20260824-001
F5,X1,X2,f5-quadratic-repair,23,1,0.05207904178647879,0.645,residual_samples/batch-23-replication-1.csv,null_statistics/batch-23-replication-1.npy,batch-f5-quadratic-repair,5833655299039198769,4341106460302526513,1026659083005068599,0.3182180000003427,,,batch-f5-quadratic-repair-20260824-001
F5,X1,X2,f5-quadratic-repair,23,2,0.04654573021959938,0.76,residual_samples/batch-23-replication-2.csv,null_statistics/batch-23-replication-2.npy,batch-f5-quadratic-repair,4436686336632814047,13766657108074082584,7410509985628396650,0.3177678999491036,,,batch-f5-quadratic-repair-20260824-001
F5,X1,X2,f5-quadratic-repair,23,3,0.06083490127749033,0.25,residual_samples/batch-23-replication-3.csv,null_statistics/batch-23-replication-3.npy,batch-f5-quadratic-repair,5927845779478118257,17379125215527314931,123037931256692877,0.31709899997804314,,,batch-f5-quadratic-repair-20260824-001
F5,X1,X2,f5-quadratic-repair,23,4,0.042444077278650634,0.915,residual_samples/batch-23-replication-4.csv,null_statistics/batch-23-replication-4.npy,batch-f5-quadratic-repair,6300030830522412791,7533466538659774839,3256260623797291689,0.31693780003115535,,,batch-f5-quadratic-repair-20260824-001
F5,X1,X2,f5-quadratic-repair,23,5,0.05542494811082206,0.5,residual_samples/batch-23-replication-5.csv,null_statistics/batch-23-replication-5.npy,batch-f5-quadratic-repair,16227396555734269976,1452124260954548053,4533262819927910957,0.31554700003471226,,,batch-f5-quadratic-repair-20260824-001
F5,X1,X2,f5-quadratic-repair,23,6,0.06344427549454298,0.205,residual_samples/batch-23-replication-6.csv,null_statistics/batch-23-replication-6.npy,batch-f5-quadratic-repair,14733227122274429047,11222390254446554870,9301940385282838451,0.31786000001011416,,,batch-f5-quadratic-repair-20260824-001
F5,X1,X2,f5-quadratic-repair,23,7,0.048165152302820965,0.69,residual_samples/batch-23-replication-7.csv,null_statistics/batch-23-replication-7.npy,batch-f5-quadratic-repair,14945370480911443728,12320968579329540647,14570403198182559428,0.31965439999476075,,,batch-f5-quadratic-repair-20260824-001
F5,X1,X2,f5-quadratic-repair,23,8,0.0596314501032202,0.27,residual_samples/batch-23-replication-8.csv,null_statistics/batch-23-replication-8.npy,batch-f5-quadratic-repair,14584635792310430265,16927947566418117141,7667890411496063455,0.3136221000459045,,,batch-f5-quadratic-repair-20260824-001
F5,X1,X2,f5-quadratic-repair,23,9,0.06427063834960627,0.145,residual_samples/batch-23-replication-9.csv,null_statistics/batch-23-replication-9.npy,batch-f5-quadratic-repair,9363293450032306631,13850138818947354843,17803068134023753880,0.3173046000301838,,,batch-f5-quadratic-repair-20260824-001
F5,X1,X2,f5-quadratic-repair,24,0,0.06394423690461216,0.215,residual_samples/batch-24-replication-0.csv,null_statistics/batch-24-replication-0.npy,batch-f5-quadratic-repair,3130980239016451242,17270001670729110514,4930168427031779599,0.31826819997513667,,,batch-f5-quadratic-repair-20260824-001
F5,X1,X2,f5-quadratic-repair,24,1,0.05049310566865154,0.635,residual_samples/batch-24-replication-1.csv,null_statistics/batch-24-replication-1.npy,batch-f5-quadratic-repair,7693848604661288276,17754868982624385119,10252829402203252876,0.31708559999242425,,,batch-f5-quadratic-repair-20260824-001
F5,X1,X2,f5-quadratic-repair,24,2,0.07933229555109672,0.03,residual_samples/batch-24-replication-2.csv,null_statistics/batch-24-replication-2.npy,batch-f5-quadratic-repair,2746530168905064287,4251516854146815502,4551258364686253616,0.317940000037197,,,batch-f5-quadratic-repair-20260824-001
F5,X1,X2,f5-quadratic-repair,24,3,0.04177461427129317,0.86,residual_samples/batch-24-replication-3.csv,null_statistics/batch-24-replication-3.npy,batch-f5-quadratic-repair,16560070497246978925,1589052994231758740,9750712523636198249,0.3163762000040151,,,batch-f5-quadratic-repair-20260824-001
F5,X1,X2,f5-quadratic-repair,24,4,0.057139612457985364,0.405,residual_samples/batch-24-replication-4.csv,null_statistics/batch-24-replication-4.npy,batch-f5-quadratic-repair,8462804520056138370,15862354662156428020,3271639198013398605,0.31776830001035705,,,batch-f5-quadratic-repair-20260824-001
F5,X1,X2,f5-quadratic-repair,24,5,0.06439095652799776,0.175,residual_samples/batch-24-replication-5.csv,null_statistics/batch-24-replication-5.npy,batch-f5-quadratic-repair,8927694636515461707,15228309533939271941,10263159225944451198,0.3169732000096701,,,batch-f5-quadratic-repair-20260824-001
F5,X1,X2,f5-quadratic-repair,24,6,0.041492642716632666,0.965,residual_samples/batch-24-replication-6.csv,null_statistics/batch-24-replication-6.npy,batch-f5-quadratic-repair,16334735262569232584,10345141881068940523,5852227194558171904,0.3181637999950908,,,batch-f5-quadratic-repair-20260824-001
F5,X1,X2,f5-quadratic-repair,24,7,0.054426930610857356,0.405,residual_samples/batch-24-replication-7.csv,null_statistics/batch-24-replication-7.npy,batch-f5-quadratic-repair,14115556355912577525,9331653237502630551,5588563267019599582,0.31927670002914965,,,batch-f5-quadratic-repair-20260824-001
F5,X1,X2,f5-quadratic-repair,24,8,0.045462920008740124,0.795,residual_samples/batch-24-replication-8.csv,null_statistics/batch-24-replication-8.npy,batch-f5-quadratic-repair,5044764293760014773,18161877621305060044,17097367259732011638,0.3167576999985613,,,batch-f5-quadratic-repair-20260824-001
F5,X1,X2,f5-quadratic-repair,24,9,0.05010971972825177,0.605,residual_samples/batch-24-replication-9.csv,null_statistics/batch-24-replication-9.npy,batch-f5-quadratic-repair,1953158819539394346,7280238405960762905,17570125497344753667,0.31441849999828264,,,batch-f5-quadratic-repair-20260824-001
F5,X1,X2,f5-quadratic-repair,25,0,0.040189896942275656,0.98,residual_samples/batch-25-replication-0.csv,null_statistics/batch-25-replication-0.npy,batch-f5-quadratic-repair,2523419300955697851,7863349660952840343,422452344487229878,0.31812920002266765,,,batch-f5-quadratic-repair-20260824-001
F5,X1,X2,f5-quadratic-repair,25,1,0.05024998597418498,0.63,residual_samples/batch-25-replication-1.csv,null_statistics/batch-25-replication-1.npy,batch-f5-quadratic-repair,12261526847887580566,10999647981623500383,33397411460895473,0.31486189999850467,,,batch-f5-quadratic-repair-20260824-001
F5,X1,X2,f5-quadratic-repair,25,2,0.048524051393561515,0.68,residual_samples/batch-25-replication-2.csv,null_statistics/batch-25-replication-2.npy,batch-f5-quadratic-repair,948970787194915615,13789164556287060718,160560511059009201,0.31571890000486746,,,batch-f5-quadratic-repair-20260824-001
F5,X1,X2,f5-quadratic-repair,25,3,0.05170213615466651,0.53,residual_samples/batch-25-replication-3.csv,null_statistics/batch-25-replication-3.npy,batch-f5-quadratic-repair,1476294792605734156,16934141798818393713,12883943216146399466,0.3175757999997586,,,batch-f5-quadratic-repair-20260824-001
F5,X1,X2,f5-quadratic-repair,25,4,0.06438174933193908,0.17,residual_samples/batch-25-replication-4.csv,null_statistics/batch-25-replication-4.npy,batch-f5-quadratic-repair,2565360842343775484,2146395374629415303,9749246001397952429,0.31756850000238046,,,batch-f5-quadratic-repair-20260824-001
F5,X1,X2,f5-quadratic-repair,25,5,0.04349269387009831,0.825,residual_samples/batch-25-replication-5.csv,null_statistics/batch-25-replication-5.npy,batch-f5-quadratic-repair,5932805964153718203,6486805437437949265,6446694347405437290,0.3181497000041418,,,batch-f5-quadratic-repair-20260824-001
F5,X1,X2,f5-quadratic-repair,25,6,0.03209147299985701,1.0,residual_samples/batch-25-replication-6.csv,null_statistics/batch-25-replication-6.npy,batch-f5-quadratic-repair,4889892830893519138,7249641091885688335,13003414490881154993,0.317778599972371,,,batch-f5-quadratic-repair-20260824-001
F5,X1,X2,f5-quadratic-repair,25,7,0.06456359628528738,0.165,residual_samples/batch-25-replication-7.csv,null_statistics/batch-25-replication-7.npy,batch-f5-quadratic-repair,18001005932530592737,6911190400817781838,3407264738831082148,0.31529060000320897,,,batch-f5-quadratic-repair-20260824-001
F5,X1,X2,f5-quadratic-repair,25,8,0.06215761248384838,0.22,residual_samples/batch-25-replication-8.csv,null_statistics/batch-25-replication-8.npy,batch-f5-quadratic-repair,8308930226951691724,13920902035274394392,9967956845822111944,0.31348230002913624,,,batch-f5-quadratic-repair-20260824-001
F5,X1,X2,f5-quadratic-repair,25,9,0.06042179893294141,0.235,residual_samples/batch-25-replication-9.csv,null_statistics/batch-25-replication-9.npy,batch-f5-quadratic-repair,7342433116447271908,7118218881693648908,15296489886396605450,0.31440430000657216,,,batch-f5-quadratic-repair-20260824-001
F5,X1,X2,f5-quadratic-repair,26,0,0.036024202078453,1.0,residual_samples/batch-26-replication-0.csv,null_statistics/batch-26-replication-0.npy,batch-f5-quadratic-repair,3308803644695526817,3380275841263625067,7049787092327579847,0.31837989995256066,,,batch-f5-quadratic-repair-20260824-001
F5,X1,X2,f5-quadratic-repair,26,1,0.053997514442323966,0.435,residual_samples/batch-26-replication-1.csv,null_statistics/batch-26-replication-1.npy,batch-f5-quadratic-repair,2559131597196698659,10820409165460080237,9004850683105962546,0.32057679997524247,,,batch-f5-quadratic-repair-20260824-001
F5,X1,X2,f5-quadratic-repair,26,2,0.06628633802226497,0.155,residual_samples/batch-26-replication-2.csv,null_statistics/batch-26-replication-2.npy,batch-f5-quadratic-repair,10767254814363381969,5817044941472514785,13424687386735647951,0.3149115000269376,,,batch-f5-quadratic-repair-20260824-001
F5,X1,X2,f5-quadratic-repair,26,3,0.057057135415056685,0.325,residual_samples/batch-26-replication-3.csv,null_statistics/batch-26-replication-3.npy,batch-f5-quadratic-repair,347209357203721569,13445232583073606957,5609882008085307300,0.31533090001903474,,,batch-f5-quadratic-repair-20260824-001
F5,X1,X2,f5-quadratic-repair,26,4,0.07255788839538753,0.085,residual_samples/batch-26-replication-4.csv,null_statistics/batch-26-replication-4.npy,batch-f5-quadratic-repair,14062649194291776510,12061608318637915969,11068555433622279791,0.3128736999933608,,,batch-f5-quadratic-repair-20260824-001
F5,X1,X2,f5-quadratic-repair,26,5,0.03938441661357862,0.975,residual_samples/batch-26-replication-5.csv,null_statistics/batch-26-replication-5.npy,batch-f5-quadratic-repair,5415152332253074912,4499763215600892513,12624946203991351732,0.3150962999789044,,,batch-f5-quadratic-repair-20260824-001
F5,X1,X2,f5-quadratic-repair,26,6,0.03822671790195542,0.975,residual_samples/batch-26-replication-6.csv,null_statistics/batch-26-replication-6.npy,batch-f5-quadratic-repair,14457088290354748179,9655017801034833387,337694899685686183,0.3184465999947861,,,batch-f5-quadratic-repair-20260824-001
F5,X1,X2,f5-quadratic-repair,26,7,0.06555807542071604,0.19,residual_samples/batch-26-replication-7.csv,null_statistics/batch-26-replication-7.npy,batch-f5-quadratic-repair,10843671590163295525,7317323882789482026,4747875171629539767,0.315774499962572,,,batch-f5-quadratic-repair-20260824-001
F5,X1,X2,f5-quadratic-repair,26,8,0.04485876091686975,0.83,residual_samples/batch-26-replication-8.csv,null_statistics/batch-26-replication-8.npy,batch-f5-quadratic-repair,10391200554392107799,8294372485900942358,14995054564712116782,0.31684270000550896,,,batch-f5-quadratic-repair-20260824-001
F5,X1,X2,f5-quadratic-repair,26,9,0.05925090974431461,0.36,residual_samples/batch-26-replication-9.csv,null_statistics/batch-26-replication-9.npy,batch-f5-quadratic-repair,13588623568496462075,5800291918639615147,14784700706088498145,0.3192096999846399,,,batch-f5-quadratic-repair-20260824-001
F5,X1,X2,f5-quadratic-repair,27,0,0.07065595266860647,0.075,residual_samples/batch-27-replication-0.csv,null_statistics/batch-27-replication-0.npy,batch-f5-quadratic-repair,14459075794233442074,8390101050050433715,6839106421829986238,0.3171026000054553,,,batch-f5-quadratic-repair-20260824-001
F5,X1,X2,f5-quadratic-repair,27,1,0.05068513463265946,0.63,residual_samples/batch-27-replication-1.csv,null_statistics/batch-27-replication-1.npy,batch-f5-quadratic-repair,13726656242077214431,5545369370593671613,407099841461359387,0.3192350000026636,,,batch-f5-quadratic-repair-20260824-001
F5,X1,X2,f5-quadratic-repair,27,2,0.04975683064244845,0.645,residual_samples/batch-27-replication-2.csv,null_statistics/batch-27-replication-2.npy,batch-f5-quadratic-repair,14303683202415393095,6131564218416342887,11102270930737777919,0.32134180003777146,,,batch-f5-quadratic-repair-20260824-001
F5,X1,X2,f5-quadratic-repair,27,3,0.06094577597357969,0.265,residual_samples/batch-27-replication-3.csv,null_statistics/batch-27-replication-3.npy,batch-f5-quadratic-repair,10935430879511973549,11071883751761567235,13944143290472313867,0.32041620003292337,,,batch-f5-quadratic-repair-20260824-001
F5,X1,X2,f5-quadratic-repair,27,4,0.05181982943823526,0.54,residual_samples/batch-27-replication-4.csv,null_statistics/batch-27-replication-4.npy,batch-f5-quadratic-repair,10171204630695031531,13873569047070189505,271765716134218593,0.32111250003799796,,,batch-f5-quadratic-repair-20260824-001
F5,X1,X2,f5-quadratic-repair,27,5,0.058943508671607164,0.295,residual_samples/batch-27-replication-5.csv,null_statistics/batch-27-replication-5.npy,batch-f5-quadratic-repair,15387119199144952722,9318234372123900215,16068076604146750823,0.31750870001269504,,,batch-f5-quadratic-repair-20260824-001
F5,X1,X2,f5-quadratic-repair,27,6,0.04761379249806193,0.705,residual_samples/batch-27-replication-6.csv,null_statistics/batch-27-replication-6.npy,batch-f5-quadratic-repair,14517541740570440799,13352255138588718816,3870597882071068385,0.3195257000043057,,,batch-f5-quadratic-repair-20260824-001
F5,X1,X2,f5-quadratic-repair,27,7,0.06859530885542542,0.125,residual_samples/batch-27-replication-7.csv,null_statistics/batch-27-replication-7.npy,batch-f5-quadratic-repair,2558672276128141260,14036609647100757007,2765479999832348102,0.32567210000706837,,,batch-f5-quadratic-repair-20260824-001
F5,X1,X2,f5-quadratic-repair,27,8,0.04508250970187012,0.78,residual_samples/batch-27-replication-8.csv,null_statistics/batch-27-replication-8.npy,batch-f5-quadratic-repair,17951138224792186521,11864142748436282396,13072963334293552461,0.3179939999827184,,,batch-f5-quadratic-repair-20260824-001
F5,X1,X2,f5-quadratic-repair,27,9,0.06663218302371103,0.13,residual_samples/batch-27-replication-9.csv,null_statistics/batch-27-replication-9.npy,batch-f5-quadratic-repair,8024706735105061841,8468697055553486098,10095533578979035888,0.3115226000081748,,,batch-f5-quadratic-repair-20260824-001
F5,X1,X2,f5-quadratic-repair,28,0,0.04095195754026294,0.95,residual_samples/batch-28-replication-0.csv,null_statistics/batch-28-replication-0.npy,batch-f5-quadratic-repair,6564215217330842274,4263435708706939671,9677924159424471636,0.3146139999735169,,,batch-f5-quadratic-repair-20260824-001
F5,X1,X2,f5-quadratic-repair,28,1,0.04986397091761019,0.685,residual_samples/batch-28-replication-1.csv,null_statistics/batch-28-replication-1.npy,batch-f5-quadratic-repair,13377304757738624342,1852145672439919899,13457939925454885679,0.316726999997627,,,batch-f5-quadratic-repair-20260824-001
F5,X1,X2,f5-quadratic-repair,28,2,0.04219609109756282,0.945,residual_samples/batch-28-replication-2.csv,null_statistics/batch-28-replication-2.npy,batch-f5-quadratic-repair,2527453402709065268,11362616156810194694,14749180726567477757,0.3178837000159547,,,batch-f5-quadratic-repair-20260824-001
F5,X1,X2,f5-quadratic-repair,28,3,0.051033158382845466,0.595,residual_samples/batch-28-replication-3.csv,null_statistics/batch-28-replication-3.npy,batch-f5-quadratic-repair,12484015857989989786,10138745013271157016,1401171345753948744,0.3200610000058077,,,batch-f5-quadratic-repair-20260824-001
F5,X1,X2,f5-quadratic-repair,28,4,0.04670869329990117,0.745,residual_samples/batch-28-replication-4.csv,null_statistics/batch-28-replication-4.npy,batch-f5-quadratic-repair,921939978681302905,9693733231652521003,14184681816796839081,0.32545679999748245,,,batch-f5-quadratic-repair-20260824-001
F5,X1,X2,f5-quadratic-repair,28,5,0.06940115437415374,0.145,residual_samples/batch-28-replication-5.csv,null_statistics/batch-28-replication-5.npy,batch-f5-quadratic-repair,6805548766834182255,14066128720347987620,17205664159062426147,0.32727449998492375,,,batch-f5-quadratic-repair-20260824-001
F5,X1,X2,f5-quadratic-repair,28,6,0.045289115261878066,0.8,residual_samples/batch-28-replication-6.csv,null_statistics/batch-28-replication-6.npy,batch-f5-quadratic-repair,2440753030256036080,16967787980722454572,15490014384783866561,0.32287129998439923,,,batch-f5-quadratic-repair-20260824-001
F5,X1,X2,f5-quadratic-repair,28,7,0.04585776564905126,0.835,residual_samples/batch-28-replication-7.csv,null_statistics/batch-28-replication-7.npy,batch-f5-quadratic-repair,16438921173019116627,10274369581266590069,12084939879041911996,0.3200459000072442,,,batch-f5-quadratic-repair-20260824-001
F5,X1,X2,f5-quadratic-repair,28,8,0.04918067942594493,0.59,residual_samples/batch-28-replication-8.csv,null_statistics/batch-28-replication-8.npy,batch-f5-quadratic-repair,13400041784688087519,8057478317321250461,1923978661986011291,0.3267866999958642,,,batch-f5-quadratic-repair-20260824-001
F5,X1,X2,f5-quadratic-repair,28,9,0.0641857085481581,0.21,residual_samples/batch-28-replication-9.csv,null_statistics/batch-28-replication-9.npy,batch-f5-quadratic-repair,15052276758957420471,5365978941860567706,16550649831594121908,0.3235504000331275,,,batch-f5-quadratic-repair-20260824-001
F5,X1,X2,f5-quadratic-repair,29,0,0.043609697367939945,0.875,residual_samples/batch-29-replication-0.csv,null_statistics/batch-29-replication-0.npy,batch-f5-quadratic-repair,14690928969290953916,2656668402010294711,8234736826404599884,0.3178463000222109,,,batch-f5-quadratic-repair-20260824-001
F5,X1,X2,f5-quadratic-repair,29,1,0.04341708513000653,0.89,residual_samples/batch-29-replication-1.csv,null_statistics/batch-29-replication-1.npy,batch-f5-quadratic-repair,15089129948089138338,11836218903001998908,10339767608212393964,0.3180193000007421,,,batch-f5-quadratic-repair-20260824-001
F5,X1,X2,f5-quadratic-repair,29,2,0.053405745590717583,0.445,residual_samples/batch-29-replication-2.csv,null_statistics/batch-29-replication-2.npy,batch-f5-quadratic-repair,6613286191886519980,13632978686905524523,4266823430556583516,0.3170805999543518,,,batch-f5-quadratic-repair-20260824-001
F5,X1,X2,f5-quadratic-repair,29,3,0.06347824764877269,0.18,residual_samples/batch-29-replication-3.csv,null_statistics/batch-29-replication-3.npy,batch-f5-quadratic-repair,9823409425858070066,18328432486101639659,15840566299575273067,0.31652390002273023,,,batch-f5-quadratic-repair-20260824-001
F5,X1,X2,f5-quadratic-repair,29,4,0.07583763042137671,0.05,residual_samples/batch-29-replication-4.csv,null_statistics/batch-29-replication-4.npy,batch-f5-quadratic-repair,17598435470235671032,8622946648177836301,9712747487799874418,0.31929340003989637,,,batch-f5-quadratic-repair-20260824-001
F5,X1,X2,f5-quadratic-repair,29,5,0.05838561348364043,0.405,residual_samples/batch-29-replication-5.csv,null_statistics/batch-29-replication-5.npy,batch-f5-quadratic-repair,2334021975892867498,5143198560436773235,1079661488457469225,0.3184850999969058,,,batch-f5-quadratic-repair-20260824-001
F5,X1,X2,f5-quadratic-repair,29,6,0.053545088744849985,0.5,residual_samples/batch-29-replication-6.csv,null_statistics/batch-29-replication-6.npy,batch-f5-quadratic-repair,15177506575702615148,5189415291389870993,18207662745185963261,0.31722690002061427,,,batch-f5-quadratic-repair-20260824-001
F5,X1,X2,f5-quadratic-repair,29,7,0.044450893666969485,0.88,residual_samples/batch-29-replication-7.csv,null_statistics/batch-29-replication-7.npy,batch-f5-quadratic-repair,9783567904390888753,5961821115978310794,2117799113503799569,0.31626069999765605,,,batch-f5-quadratic-repair-20260824-001
F5,X1,X2,f5-quadratic-repair,29,8,0.04355762120314216,0.9,residual_samples/batch-29-replication-8.csv,null_statistics/batch-29-replication-8.npy,batch-f5-quadratic-repair,8025886936944575973,4351473798557717306,9999709183447986975,0.3145527999731712,,,batch-f5-quadratic-repair-20260824-001
F5,X1,X2,f5-quadratic-repair,29,9,0.04577215370079574,0.85,residual_samples/batch-29-replication-9.csv,null_statistics/batch-29-replication-9.npy,batch-f5-quadratic-repair,3995955400822223635,2944618148737278068,2768583132250247768,0.3205374000244774,,,batch-f5-quadratic-repair-20260824-001
F5,X1,X2,f5-quadratic-repair,30,0,0.061503761668043826,0.21,residual_samples/batch-30-replication-0.csv,null_statistics/batch-30-replication-0.npy,batch-f5-quadratic-repair,11970087124508601345,12308985971243427971,364661973653538892,0.3250213999999687,,,batch-f5-quadratic-repair-20260824-001
F5,X1,X2,f5-quadratic-repair,30,1,0.06598349430703526,0.17,residual_samples/batch-30-replication-1.csv,null_statistics/batch-30-replication-1.npy,batch-f5-quadratic-repair,418096095947698965,12446059686387691352,16223958140139485594,0.32150799996452406,,,batch-f5-quadratic-repair-20260824-001
F5,X1,X2,f5-quadratic-repair,30,2,0.05732471164703718,0.355,residual_samples/batch-30-replication-2.csv,null_statistics/batch-30-replication-2.npy,batch-f5-quadratic-repair,17843974464512351187,993850266147697324,13785198941650746611,0.3174300999962725,,,batch-f5-quadratic-repair-20260824-001
F5,X1,X2,f5-quadratic-repair,30,3,0.04347287739873312,0.835,residual_samples/batch-30-replication-3.csv,null_statistics/batch-30-replication-3.npy,batch-f5-quadratic-repair,9732718687220234842,17197068904033571624,13490759369214038095,0.31778869999106973,,,batch-f5-quadratic-repair-20260824-001
F5,X1,X2,f5-quadratic-repair,30,4,0.053329632817055835,0.46,residual_samples/batch-30-replication-4.csv,null_statistics/batch-30-replication-4.npy,batch-f5-quadratic-repair,2711853388675335215,9425741955772465538,5973139471941775100,0.31673740001861006,,,batch-f5-quadratic-repair-20260824-001
F5,X1,X2,f5-quadratic-repair,30,5,0.04517210712414787,0.845,residual_samples/batch-30-replication-5.csv,null_statistics/batch-30-replication-5.npy,batch-f5-quadratic-repair,300551824466707412,11096648981632345195,5742575965510286984,0.3191151000210084,,,batch-f5-quadratic-repair-20260824-001
F5,X1,X2,f5-quadratic-repair,30,6,0.05422198697405818,0.385,residual_samples/batch-30-replication-6.csv,null_statistics/batch-30-replication-6.npy,batch-f5-quadratic-repair,11519569871819728145,15743382593476004772,15514313462662328353,0.31822509999619797,,,batch-f5-quadratic-repair-20260824-001
F5,X1,X2,f5-quadratic-repair,30,7,0.03996149343635824,0.97,residual_samples/batch-30-replication-7.csv,null_statistics/batch-30-replication-7.npy,batch-f5-quadratic-repair,6992995283733219821,13729321711818100310,6367027738814967989,0.31639390002237633,,,batch-f5-quadratic-repair-20260824-001
F5,X1,X2,f5-quadratic-repair,30,8,0.06360294936633534,0.185,residual_samples/batch-30-replication-8.csv,null_statistics/batch-30-replication-8.npy,batch-f5-quadratic-repair,7276370653165857626,14225500127394976357,15925310159920057214,0.3183522999752313,,,batch-f5-quadratic-repair-20260824-001
F5,X1,X2,f5-quadratic-repair,30,9,0.04873811715731331,0.74,residual_samples/batch-30-replication-9.csv,null_statistics/batch-30-replication-9.npy,batch-f5-quadratic-repair,9882193396184290023,16222989968880757368,9440303952111641485,0.316018300014548,,,batch-f5-quadratic-repair-20260824-001
F5,X1,X2,f5-quadratic-repair,31,0,0.0721662807033547,0.08,residual_samples/batch-31-replication-0.csv,null_statistics/batch-31-replication-0.npy,batch-f5-quadratic-repair,7587520727405907464,7906182552859304771,1410413455666519016,0.31629220000468194,,,batch-f5-quadratic-repair-20260824-001
F5,X1,X2,f5-quadratic-repair,31,1,0.056050273017249526,0.33,residual_samples/batch-31-replication-1.csv,null_statistics/batch-31-replication-1.npy,batch-f5-quadratic-repair,5081046676466996835,8725992890944702112,10945081509244712149,0.31745800003409386,,,batch-f5-quadratic-repair-20260824-001
F5,X1,X2,f5-quadratic-repair,31,2,0.05509992932727681,0.405,residual_samples/batch-31-replication-2.csv,null_statistics/batch-31-replication-2.npy,batch-f5-quadratic-repair,15893345400383223179,13528344207246352799,11266795754942658942,0.31732909998390824,,,batch-f5-quadratic-repair-20260824-001
F5,X1,X2,f5-quadratic-repair,31,3,0.06055319339389067,0.26,residual_samples/batch-31-replication-3.csv,null_statistics/batch-31-replication-3.npy,batch-f5-quadratic-repair,17821148905614689948,15184317502673695533,12790195634764329814,0.3172996999928728,,,batch-f5-quadratic-repair-20260824-001
F5,X1,X2,f5-quadratic-repair,31,4,0.04320024680241981,0.86,residual_samples/batch-31-replication-4.csv,null_statistics/batch-31-replication-4.npy,batch-f5-quadratic-repair,10368405484915209117,7381307216670917418,4818176113174143729,0.31764669995754957,,,batch-f5-quadratic-repair-20260824-001
F5,X1,X2,f5-quadratic-repair,31,5,0.05209203334994087,0.595,residual_samples/batch-31-replication-5.csv,null_statistics/batch-31-replication-5.npy,batch-f5-quadratic-repair,5383328827961992940,1418107700152323056,2097009336685282275,0.32011279999278486,,,batch-f5-quadratic-repair-20260824-001
F5,X1,X2,f5-quadratic-repair,31,6,0.06065039395952809,0.21,residual_samples/batch-31-replication-6.csv,null_statistics/batch-31-replication-6.npy,batch-f5-quadratic-repair,7707105917138436720,5047062533643707494,5566773538234265826,0.31832900003064424,,,batch-f5-quadratic-repair-20260824-001
F5,X1,X2,f5-quadratic-repair,31,7,0.06448681102285635,0.185,residual_samples/batch-31-replication-7.csv,null_statistics/batch-31-replication-7.npy,batch-f5-quadratic-repair,12704165866798792429,15501937392748883275,18200658093394435445,0.321607000019867,,,batch-f5-quadratic-repair-20260824-001
F5,X1,X2,f5-quadratic-repair,31,8,0.05844913867511397,0.34,residual_samples/batch-31-replication-8.csv,null_statistics/batch-31-replication-8.npy,batch-f5-quadratic-repair,15634302842090167285,7070126523921338936,1939916501434860324,0.3324074000120163,,,batch-f5-quadratic-repair-20260824-001
F5,X1,X2,f5-quadratic-repair,31,9,0.045094127071411326,0.765,residual_samples/batch-31-replication-9.csv,null_statistics/batch-31-replication-9.npy,batch-f5-quadratic-repair,12913526921902048649,8694290914197475705,4099249627537670136,0.3216880999971181,,,batch-f5-quadratic-repair-20260824-001
F5,X1,X2,f5-quadratic-repair,32,0,0.06421502510436282,0.12,residual_samples/batch-32-replication-0.csv,null_statistics/batch-32-replication-0.npy,batch-f5-quadratic-repair,9662415968366452734,16400218092493204613,18296418460156827124,0.31371780001791194,,,batch-f5-quadratic-repair-20260824-001
F5,X1,X2,f5-quadratic-repair,32,1,0.07935139671645744,0.075,residual_samples/batch-32-replication-1.csv,null_statistics/batch-32-replication-1.npy,batch-f5-quadratic-repair,16851875289186538773,12419123046474190747,13210468707067901276,0.3152508999919519,,,batch-f5-quadratic-repair-20260824-001
F5,X1,X2,f5-quadratic-repair,32,2,0.05462179127400009,0.46,residual_samples/batch-32-replication-2.csv,null_statistics/batch-32-replication-2.npy,batch-f5-quadratic-repair,698125703712941618,1891232640334089644,12688926692135559308,0.3151960999821313,,,batch-f5-quadratic-repair-20260824-001
F5,X1,X2,f5-quadratic-repair,32,3,0.05699235720911706,0.445,residual_samples/batch-32-replication-3.csv,null_statistics/batch-32-replication-3.npy,batch-f5-quadratic-repair,16251978970288763823,9884959036039135807,4480104457931541546,0.3187892999849282,,,batch-f5-quadratic-repair-20260824-001
F5,X1,X2,f5-quadratic-repair,32,4,0.06077331609725124,0.245,residual_samples/batch-32-replication-4.csv,null_statistics/batch-32-replication-4.npy,batch-f5-quadratic-repair,9104174893979749836,16038846233847836125,9836376979438885299,0.31946930004050955,,,batch-f5-quadratic-repair-20260824-001
F5,X1,X2,f5-quadratic-repair,32,5,0.05968146611755484,0.23,residual_samples/batch-32-replication-5.csv,null_statistics/batch-32-replication-5.npy,batch-f5-quadratic-repair,15319944000765406710,5810785684035361398,9969073431229691333,0.3163947000284679,,,batch-f5-quadratic-repair-20260824-001
F5,X1,X2,f5-quadratic-repair,32,6,0.046114361674651126,0.765,residual_samples/batch-32-replication-6.csv,null_statistics/batch-32-replication-6.npy,batch-f5-quadratic-repair,9145179367457406205,659484389192551025,15074089481777892885,0.3149365000426769,,,batch-f5-quadratic-repair-20260824-001
F5,X1,X2,f5-quadratic-repair,32,7,0.056527076466436434,0.34,residual_samples/batch-32-replication-7.csv,null_statistics/batch-32-replication-7.npy,batch-f5-quadratic-repair,564782810813360627,12814344155301485089,4160352393464712366,0.3153889999957755,,,batch-f5-quadratic-repair-20260824-001
F5,X1,X2,f5-quadratic-repair,32,8,0.05126964351713791,0.56,residual_samples/batch-32-replication-8.csv,null_statistics/batch-32-replication-8.npy,batch-f5-quadratic-repair,4308487392868113707,8641188381623631840,11028468558934957075,0.31792679999489337,,,batch-f5-quadratic-repair-20260824-001
F5,X1,X2,f5-quadratic-repair,32,9,0.05517636561180931,0.4,residual_samples/batch-32-replication-9.csv,null_statistics/batch-32-replication-9.npy,batch-f5-quadratic-repair,9574214778551064455,5340567001709811678,2405726332757557601,0.316886400047224,,,batch-f5-quadratic-repair-20260824-001
F5,X1,X2,f5-quadratic-repair,33,0,0.05244338791243373,0.49,residual_samples/batch-33-replication-0.csv,null_statistics/batch-33-replication-0.npy,batch-f5-quadratic-repair,13747916441225108413,16153644271475456441,6158385515712333222,0.3190321000292897,,,batch-f5-quadratic-repair-20260824-001
F5,X1,X2,f5-quadratic-repair,33,1,0.03993020272977488,0.985,residual_samples/batch-33-replication-1.csv,null_statistics/batch-33-replication-1.npy,batch-f5-quadratic-repair,16061432075847571099,18306127039364192458,12837436637803916875,0.3212690000073053,,,batch-f5-quadratic-repair-20260824-001
F5,X1,X2,f5-quadratic-repair,33,2,0.06292170951736685,0.22,residual_samples/batch-33-replication-2.csv,null_statistics/batch-33-replication-2.npy,batch-f5-quadratic-repair,10033622076097387627,10493482335163022180,3876864258279667196,0.3203724999912083,,,batch-f5-quadratic-repair-20260824-001
F5,X1,X2,f5-quadratic-repair,33,3,0.05824865356445112,0.315,residual_samples/batch-33-replication-3.csv,null_statistics/batch-33-replication-3.npy,batch-f5-quadratic-repair,16493372437796513902,6875968117128216665,17979322622154369568,0.3176581999869086,,,batch-f5-quadratic-repair-20260824-001
F5,X1,X2,f5-quadratic-repair,33,4,0.06155014562647819,0.24,residual_samples/batch-33-replication-4.csv,null_statistics/batch-33-replication-4.npy,batch-f5-quadratic-repair,11597641434749660000,13802582808950762315,6232749905274557107,0.31877860001986846,,,batch-f5-quadratic-repair-20260824-001
F5,X1,X2,f5-quadratic-repair,33,5,0.047996534378083294,0.68,residual_samples/batch-33-replication-5.csv,null_statistics/batch-33-replication-5.npy,batch-f5-quadratic-repair,6881248065661174402,2269834194286074353,1549568147097495486,0.31722119997721165,,,batch-f5-quadratic-repair-20260824-001
F5,X1,X2,f5-quadratic-repair,33,6,0.05463655029479429,0.45,residual_samples/batch-33-replication-6.csv,null_statistics/batch-33-replication-6.npy,batch-f5-quadratic-repair,6757367818113917885,7319874476841745563,8955531434709320334,0.32046159997116774,,,batch-f5-quadratic-repair-20260824-001
F5,X1,X2,f5-quadratic-repair,33,7,0.07659890434138111,0.09,residual_samples/batch-33-replication-7.csv,null_statistics/batch-33-replication-7.npy,batch-f5-quadratic-repair,17889453136817697037,2094284091915237344,14560706596259848708,0.3217477000434883,,,batch-f5-quadratic-repair-20260824-001
F5,X1,X2,f5-quadratic-repair,33,8,0.04759047205964602,0.78,residual_samples/batch-33-replication-8.csv,null_statistics/batch-33-replication-8.npy,batch-f5-quadratic-repair,10430189616249430086,14478864730359483966,10247339106448360416,0.3175640000263229,,,batch-f5-quadratic-repair-20260824-001
F5,X1,X2,f5-quadratic-repair,33,9,0.03843234393213767,0.97,residual_samples/batch-33-replication-9.csv,null_statistics/batch-33-replication-9.npy,batch-f5-quadratic-repair,3924545607380483834,5319401135792236277,15121230739484764504,0.31635859998641536,,,batch-f5-quadratic-repair-20260824-001
F5,X1,X2,f5-quadratic-repair,34,0,0.05599292181649949,0.38,residual_samples/batch-34-replication-0.csv,null_statistics/batch-34-replication-0.npy,batch-f5-quadratic-repair,5075619497823320172,14282172593216545653,7939305557654979306,0.3192441000137478,,,batch-f5-quadratic-repair-20260824-001
F5,X1,X2,f5-quadratic-repair,34,1,0.04563773803629593,0.815,residual_samples/batch-34-replication-1.csv,null_statistics/batch-34-replication-1.npy,batch-f5-quadratic-repair,10461368142718223912,17558596016265356083,13207335308912617229,0.3151956999790855,,,batch-f5-quadratic-repair-20260824-001
F5,X1,X2,f5-quadratic-repair,34,2,0.04717843284108974,0.73,residual_samples/batch-34-replication-2.csv,null_statistics/batch-34-replication-2.npy,batch-f5-quadratic-repair,7497063657388167737,9064088084063038624,16516251931973466490,0.3134612999856472,,,batch-f5-quadratic-repair-20260824-001
F5,X1,X2,f5-quadratic-repair,34,3,0.03711420072701487,0.98,residual_samples/batch-34-replication-3.csv,null_statistics/batch-34-replication-3.npy,batch-f5-quadratic-repair,12476304658704910262,2810441291215669221,14554700115575201348,0.3143646999960765,,,batch-f5-quadratic-repair-20260824-001
F5,X1,X2,f5-quadratic-repair,34,4,0.055652399455108116,0.46,residual_samples/batch-34-replication-4.csv,null_statistics/batch-34-replication-4.npy,batch-f5-quadratic-repair,16341513254313041097,14349825826075012365,2646477920103306884,0.3207260000053793,,,batch-f5-quadratic-repair-20260824-001
F5,X1,X2,f5-quadratic-repair,34,5,0.04984228528149398,0.565,residual_samples/batch-34-replication-5.csv,null_statistics/batch-34-replication-5.npy,batch-f5-quadratic-repair,13895138040843011592,810122077274339918,2414175728341996031,0.3190898000029847,,,batch-f5-quadratic-repair-20260824-001
F5,X1,X2,f5-quadratic-repair,34,6,0.045036717051030586,0.795,residual_samples/batch-34-replication-6.csv,null_statistics/batch-34-replication-6.npy,batch-f5-quadratic-repair,6353578905376894079,10613097980115967863,9267237219235536563,0.3221567999571562,,,batch-f5-quadratic-repair-20260824-001
F5,X1,X2,f5-quadratic-repair,34,7,0.05949021841580413,0.275,residual_samples/batch-34-replication-7.csv,null_statistics/batch-34-replication-7.npy,batch-f5-quadratic-repair,1712961070596124784,12188070970743238243,9785869888358859162,0.320292700023856,,,batch-f5-quadratic-repair-20260824-001
F5,X1,X2,f5-quadratic-repair,34,8,0.05609085803148054,0.405,residual_samples/batch-34-replication-8.csv,null_statistics/batch-34-replication-8.npy,batch-f5-quadratic-repair,5541474585591788101,16611714333818613989,1862795555285712542,0.31520809995708987,,,batch-f5-quadratic-repair-20260824-001
F5,X1,X2,f5-quadratic-repair,34,9,0.055437404884310586,0.445,residual_samples/batch-34-replication-9.csv,null_statistics/batch-34-replication-9.npy,batch-f5-quadratic-repair,7130730629556397918,14265840119206293904,18303915070796072913,0.31908299995120615,,,batch-f5-quadratic-repair-20260824-001
F5,X1,X2,f5-quadratic-repair,35,0,0.09113050079633152,0.015,residual_samples/batch-35-replication-0.csv,null_statistics/batch-35-replication-0.npy,batch-f5-quadratic-repair,9075921045926062212,14784669893953594808,13902613075857630158,0.31999639997957274,,,batch-f5-quadratic-repair-20260824-001
F5,X1,X2,f5-quadratic-repair,35,1,0.03989019652227943,0.98,residual_samples/batch-35-replication-1.csv,null_statistics/batch-35-replication-1.npy,batch-f5-quadratic-repair,8619239159503249269,10200231672620699482,10067612340146935472,0.3202959999907762,,,batch-f5-quadratic-repair-20260824-001
F5,X1,X2,f5-quadratic-repair,35,2,0.0413852017909385,0.945,residual_samples/batch-35-replication-2.csv,null_statistics/batch-35-replication-2.npy,batch-f5-quadratic-repair,16612603563599106034,3193713615191701783,7228217817400828920,0.31771909998496994,,,batch-f5-quadratic-repair-20260824-001
F5,X1,X2,f5-quadratic-repair,35,3,0.046677440922611745,0.76,residual_samples/batch-35-replication-3.csv,null_statistics/batch-35-replication-3.npy,batch-f5-quadratic-repair,11705420884435362392,15147407863118355347,12376857149767441833,0.3186633000150323,,,batch-f5-quadratic-repair-20260824-001
F5,X1,X2,f5-quadratic-repair,35,4,0.0501153367200118,0.625,residual_samples/batch-35-replication-4.csv,null_statistics/batch-35-replication-4.npy,batch-f5-quadratic-repair,9654010148434495443,8400579156874200166,843921807879541866,0.31747160002123564,,,batch-f5-quadratic-repair-20260824-001
F5,X1,X2,f5-quadratic-repair,35,5,0.060880360135488254,0.255,residual_samples/batch-35-replication-5.csv,null_statistics/batch-35-replication-5.npy,batch-f5-quadratic-repair,7881122290609085607,2417736031414160540,930884963842583052,0.3192758000222966,,,batch-f5-quadratic-repair-20260824-001
F5,X1,X2,f5-quadratic-repair,35,6,0.04422956872339589,0.805,residual_samples/batch-35-replication-6.csv,null_statistics/batch-35-replication-6.npy,batch-f5-quadratic-repair,10757364665593317727,5205815782266977823,6696249460904989774,0.31653409998398274,,,batch-f5-quadratic-repair-20260824-001
F5,X1,X2,f5-quadratic-repair,35,7,0.059061024549534095,0.275,residual_samples/batch-35-replication-7.csv,null_statistics/batch-35-replication-7.npy,batch-f5-quadratic-repair,4002010102435347414,14724490088996909948,16928101697071807911,0.31869550002738833,,,batch-f5-quadratic-repair-20260824-001
F5,X1,X2,f5-quadratic-repair,35,8,0.07405287217991463,0.085,residual_samples/batch-35-replication-8.csv,null_statistics/batch-35-replication-8.npy,batch-f5-quadratic-repair,3527839951980858828,2121954138519736822,2002389486428468265,0.3183100000023842,,,batch-f5-quadratic-repair-20260824-001
F5,X1,X2,f5-quadratic-repair,35,9,0.07615402315343735,0.055,residual_samples/batch-35-replication-9.csv,null_statistics/batch-35-replication-9.npy,batch-f5-quadratic-repair,136466608208685884,5017412826574315300,2914982959962290965,0.31932800001231954,,,batch-f5-quadratic-repair-20260824-001
F5,X1,X2,f5-quadratic-repair,36,0,0.08689245585509138,0.03,residual_samples/batch-36-replication-0.csv,null_statistics/batch-36-replication-0.npy,batch-f5-quadratic-repair,2713494332775980871,1389382705558304127,2333387737613914929,0.31756950000999495,,,batch-f5-quadratic-repair-20260824-001
F5,X1,X2,f5-quadratic-repair,36,1,0.0520610906417039,0.495,residual_samples/batch-36-replication-1.csv,null_statistics/batch-36-replication-1.npy,batch-f5-quadratic-repair,14705409011277588342,17160930951947200097,1508446080651308277,0.3196281000273302,,,batch-f5-quadratic-repair-20260824-001
F5,X1,X2,f5-quadratic-repair,36,2,0.0638535405434874,0.225,residual_samples/batch-36-replication-2.csv,null_statistics/batch-36-replication-2.npy,batch-f5-quadratic-repair,10897298315177304844,457148114491311415,12397288136836452508,0.32067529996857047,,,batch-f5-quadratic-repair-20260824-001
F5,X1,X2,f5-quadratic-repair,36,3,0.055090577498724064,0.52,residual_samples/batch-36-replication-3.csv,null_statistics/batch-36-replication-3.npy,batch-f5-quadratic-repair,7306476056674570713,9631236114066111504,3332511072032992405,0.3178728999919258,,,batch-f5-quadratic-repair-20260824-001
F5,X1,X2,f5-quadratic-repair,36,4,0.05770165699080272,0.37,residual_samples/batch-36-replication-4.csv,null_statistics/batch-36-replication-4.npy,batch-f5-quadratic-repair,6768711460187883915,1996949362309910573,6132746685706703512,0.3182954000076279,,,batch-f5-quadratic-repair-20260824-001
F5,X1,X2,f5-quadratic-repair,36,5,0.0495187067879043,0.64,residual_samples/batch-36-replication-5.csv,null_statistics/batch-36-replication-5.npy,batch-f5-quadratic-repair,13885224019420536938,1578829828119827771,16520947504580632730,0.32080210000276566,,,batch-f5-quadratic-repair-20260824-001
F5,X1,X2,f5-quadratic-repair,36,6,0.07645230534484256,0.055,residual_samples/batch-36-replication-6.csv,null_statistics/batch-36-replication-6.npy,batch-f5-quadratic-repair,19517912275077281,18230238443238327318,15488822051193190855,0.3218965000123717,,,batch-f5-quadratic-repair-20260824-001
F5,X1,X2,f5-quadratic-repair,36,7,0.04983422608568159,0.65,residual_samples/batch-36-replication-7.csv,null_statistics/batch-36-replication-7.npy,batch-f5-quadratic-repair,9035740497772239178,4917404078429405329,5303506054842290243,0.317145699984394,,,batch-f5-quadratic-repair-20260824-001
F5,X1,X2,f5-quadratic-repair,36,8,0.0706027554131819,0.09,residual_samples/batch-36-replication-8.csv,null_statistics/batch-36-replication-8.npy,batch-f5-quadratic-repair,2489356867017881059,14423992303093133255,12610805638324045060,0.3166829999536276,,,batch-f5-quadratic-repair-20260824-001
F5,X1,X2,f5-quadratic-repair,36,9,0.05346179146147744,0.455,residual_samples/batch-36-replication-9.csv,null_statistics/batch-36-replication-9.npy,batch-f5-quadratic-repair,6582517796424867439,17514204087067533643,6080480854481118446,0.3190234000212513,,,batch-f5-quadratic-repair-20260824-001
F5,X1,X2,f5-quadratic-repair,37,0,0.051010663177226655,0.575,residual_samples/batch-37-replication-0.csv,null_statistics/batch-37-replication-0.npy,batch-f5-quadratic-repair,4871826244819768378,2198082238943910475,1746935565235813161,0.31705730000976473,,,batch-f5-quadratic-repair-20260824-001
F5,X1,X2,f5-quadratic-repair,37,1,0.058533384489283406,0.275,residual_samples/batch-37-replication-1.csv,null_statistics/batch-37-replication-1.npy,batch-f5-quadratic-repair,12312446725646756918,9293542647482349550,4200967892963969236,0.3201368000009097,,,batch-f5-quadratic-repair-20260824-001
F5,X1,X2,f5-quadratic-repair,37,2,0.046936658148780536,0.815,residual_samples/batch-37-replication-2.csv,null_statistics/batch-37-replication-2.npy,batch-f5-quadratic-repair,10003467679739635390,7009175157346689177,18037702597504313774,0.31744750001234934,,,batch-f5-quadratic-repair-20260824-001
F5,X1,X2,f5-quadratic-repair,37,3,0.04756559053425081,0.7,residual_samples/batch-37-replication-3.csv,null_statistics/batch-37-replication-3.npy,batch-f5-quadratic-repair,3609292948596683829,16933623886365924903,3258943623174238403,0.3351299000205472,,,batch-f5-quadratic-repair-20260824-001
F5,X1,X2,f5-quadratic-repair,37,4,0.05035848379267266,0.62,residual_samples/batch-37-replication-4.csv,null_statistics/batch-37-replication-4.npy,batch-f5-quadratic-repair,14643495441247183757,9424397489222046846,13238805116554117795,0.3208442000322975,,,batch-f5-quadratic-repair-20260824-001
F5,X1,X2,f5-quadratic-repair,37,5,0.08728276952459423,0.025,residual_samples/batch-37-replication-5.csv,null_statistics/batch-37-replication-5.npy,batch-f5-quadratic-repair,14878236188932867836,14391448652944478780,3061336947089255483,0.3254270000034012,,,batch-f5-quadratic-repair-20260824-001
F5,X1,X2,f5-quadratic-repair,37,6,0.06193456749819442,0.19,residual_samples/batch-37-replication-6.csv,null_statistics/batch-37-replication-6.npy,batch-f5-quadratic-repair,17113886204810385387,11644843529713424721,1774151430970356241,0.31845249998150393,,,batch-f5-quadratic-repair-20260824-001
F5,X1,X2,f5-quadratic-repair,37,7,0.07234446135430053,0.095,residual_samples/batch-37-replication-7.csv,null_statistics/batch-37-replication-7.npy,batch-f5-quadratic-repair,14411156236518579829,17235686707035961184,747974470904560075,0.3283742999774404,,,batch-f5-quadratic-repair-20260824-001
F5,X1,X2,f5-quadratic-repair,37,8,0.052640177244926825,0.49,residual_samples/batch-37-replication-8.csv,null_statistics/batch-37-replication-8.npy,batch-f5-quadratic-repair,4126313299329768220,16855294688754714247,10007421592736597081,0.31909170001745224,,,batch-f5-quadratic-repair-20260824-001
F5,X1,X2,f5-quadratic-repair,37,9,0.04721165938734682,0.705,residual_samples/batch-37-replication-9.csv,null_statistics/batch-37-replication-9.npy,batch-f5-quadratic-repair,2673752882726770432,12252568423099653173,1530751967670991306,0.3163874000310898,,,batch-f5-quadratic-repair-20260824-001
F5,X1,X2,f5-quadratic-repair,38,0,0.0739650985085199,0.06,residual_samples/batch-38-replication-0.csv,null_statistics/batch-38-replication-0.npy,batch-f5-quadratic-repair,16310303783230713057,7491990273255599867,15074793985232355635,0.32221869996283203,,,batch-f5-quadratic-repair-20260824-001
F5,X1,X2,f5-quadratic-repair,38,1,0.06639845070342038,0.13,residual_samples/batch-38-replication-1.csv,null_statistics/batch-38-replication-1.npy,batch-f5-quadratic-repair,13685472313765841195,4031990817139899527,10280489940627828845,0.31932259997120127,,,batch-f5-quadratic-repair-20260824-001
F5,X1,X2,f5-quadratic-repair,38,2,0.03835608399321054,0.975,residual_samples/batch-38-replication-2.csv,null_statistics/batch-38-replication-2.npy,batch-f5-quadratic-repair,9332926338245958555,4459824432941586191,16141261695806298442,0.32962630002293736,,,batch-f5-quadratic-repair-20260824-001
F5,X1,X2,f5-quadratic-repair,38,3,0.05150465603948388,0.55,residual_samples/batch-38-replication-3.csv,null_statistics/batch-38-replication-3.npy,batch-f5-quadratic-repair,5906931302608173802,12662519017289508251,9235170728486911475,0.3188339000334963,,,batch-f5-quadratic-repair-20260824-001
F5,X1,X2,f5-quadratic-repair,38,4,0.05459402918373408,0.41,residual_samples/batch-38-replication-4.csv,null_statistics/batch-38-replication-4.npy,batch-f5-quadratic-repair,13931775286514030405,10499314406551276585,621749095987513379,0.3207739000208676,,,batch-f5-quadratic-repair-20260824-001
F5,X1,X2,f5-quadratic-repair,38,5,0.05339937043525966,0.52,residual_samples/batch-38-replication-5.csv,null_statistics/batch-38-replication-5.npy,batch-f5-quadratic-repair,8937419177258200396,9320330618151044613,10305664327839345306,0.3240386000252329,,,batch-f5-quadratic-repair-20260824-001
F5,X1,X2,f5-quadratic-repair,38,6,0.0522411529394841,0.545,residual_samples/batch-38-replication-6.csv,null_statistics/batch-38-replication-6.npy,batch-f5-quadratic-repair,8208565727054687504,8149559573517062175,10551198994261155749,0.331262500025332,,,batch-f5-quadratic-repair-20260824-001
F5,X1,X2,f5-quadratic-repair,38,7,0.05280141698348048,0.52,residual_samples/batch-38-replication-7.csv,null_statistics/batch-38-replication-7.npy,batch-f5-quadratic-repair,16163097982731636973,13955365900710965170,10587934524475570043,0.3244826999725774,,,batch-f5-quadratic-repair-20260824-001
F5,X1,X2,f5-quadratic-repair,38,8,0.05268596410060286,0.5,residual_samples/batch-38-replication-8.csv,null_statistics/batch-38-replication-8.npy,batch-f5-quadratic-repair,615659455033463347,3560127769938738641,4052064007547483034,0.321133799967356,,,batch-f5-quadratic-repair-20260824-001
F5,X1,X2,f5-quadratic-repair,38,9,0.0443961514422137,0.87,residual_samples/batch-38-replication-9.csv,null_statistics/batch-38-replication-9.npy,batch-f5-quadratic-repair,17892561960801271386,2201638950969989376,13097002221340397499,0.3481568000279367,,,batch-f5-quadratic-repair-20260824-001
F5,X1,X2,f5-quadratic-repair,39,0,0.04538535071823279,0.8,residual_samples/batch-39-replication-0.csv,null_statistics/batch-39-replication-0.npy,batch-f5-quadratic-repair,6258390867835627277,8049586491213171117,8227056550884773173,0.3352649000007659,,,batch-f5-quadratic-repair-20260824-001
F5,X1,X2,f5-quadratic-repair,39,1,0.09711317501642823,0.01,residual_samples/batch-39-replication-1.csv,null_statistics/batch-39-replication-1.npy,batch-f5-quadratic-repair,11500467596524076885,132773922371516093,6429236703731113642,0.33998239994980395,,,batch-f5-quadratic-repair-20260824-001
F5,X1,X2,f5-quadratic-repair,39,2,0.039295419468364165,0.975,residual_samples/batch-39-replication-2.csv,null_statistics/batch-39-replication-2.npy,batch-f5-quadratic-repair,9172871706206548776,7267842715971672847,5718588780721827102,0.3293295000330545,,,batch-f5-quadratic-repair-20260824-001
F5,X1,X2,f5-quadratic-repair,39,3,0.05235292104360423,0.54,residual_samples/batch-39-replication-3.csv,null_statistics/batch-39-replication-3.npy,batch-f5-quadratic-repair,8726375314821828895,3996460991215762016,4730387569694191997,0.3208235999918543,,,batch-f5-quadratic-repair-20260824-001
F5,X1,X2,f5-quadratic-repair,39,4,0.04575428538327708,0.785,residual_samples/batch-39-replication-4.csv,null_statistics/batch-39-replication-4.npy,batch-f5-quadratic-repair,3008244309813611624,13389108293347382130,13514262158033964811,0.31730399996740744,,,batch-f5-quadratic-repair-20260824-001
F5,X1,X2,f5-quadratic-repair,39,5,0.060317118622247284,0.3,residual_samples/batch-39-replication-5.csv,null_statistics/batch-39-replication-5.npy,batch-f5-quadratic-repair,18121742686678944160,14422869937077510852,14512196573921920757,0.31924959999741986,,,batch-f5-quadratic-repair-20260824-001
F5,X1,X2,f5-quadratic-repair,39,6,0.06672205779260441,0.14,residual_samples/batch-39-replication-6.csv,null_statistics/batch-39-replication-6.npy,batch-f5-quadratic-repair,15350721451297698615,3409194276405259141,4286912952178758104,0.3203376999590546,,,batch-f5-quadratic-repair-20260824-001
F5,X1,X2,f5-quadratic-repair,39,7,0.037027110087113714,0.99,residual_samples/batch-39-replication-7.csv,null_statistics/batch-39-replication-7.npy,batch-f5-quadratic-repair,12719054766501289617,1515325883775703188,5811874952017245903,0.3169890000135638,,,batch-f5-quadratic-repair-20260824-001
F5,X1,X2,f5-quadratic-repair,39,8,0.056890486965391764,0.345,residual_samples/batch-39-replication-8.csv,null_statistics/batch-39-replication-8.npy,batch-f5-quadratic-repair,12701876669468999287,15817572596169492288,8127335955536931303,0.31726189999608323,,,batch-f5-quadratic-repair-20260824-001
F5,X1,X2,f5-quadratic-repair,39,9,0.045796672559299124,0.81,residual_samples/batch-39-replication-9.csv,null_statistics/batch-39-replication-9.npy,batch-f5-quadratic-repair,16700901640398813472,4599752912578533390,10307523745112818214,0.32365520001621917,,,batch-f5-quadratic-repair-20260824-001
F5,X1,X2,f5-quadratic-repair,40,0,0.05193349817859467,0.495,residual_samples/batch-40-replication-0.csv,null_statistics/batch-40-replication-0.npy,batch-f5-quadratic-repair,7970354633094924677,5208897203678874303,14983625976126893744,0.32200109999394044,,,batch-f5-quadratic-repair-20260824-001
F5,X1,X2,f5-quadratic-repair,40,1,0.06316567178981088,0.18,residual_samples/batch-40-replication-1.csv,null_statistics/batch-40-replication-1.npy,batch-f5-quadratic-repair,5155170624838495732,1590022352148727049,6838911497690833338,0.3185226999921724,,,batch-f5-quadratic-repair-20260824-001
F5,X1,X2,f5-quadratic-repair,40,2,0.05785346792281708,0.345,residual_samples/batch-40-replication-2.csv,null_statistics/batch-40-replication-2.npy,batch-f5-quadratic-repair,3888547357571966869,2406660906948447371,5880616847914966814,0.31929170002695173,,,batch-f5-quadratic-repair-20260824-001
F5,X1,X2,f5-quadratic-repair,40,3,0.04306225055868832,0.91,residual_samples/batch-40-replication-3.csv,null_statistics/batch-40-replication-3.npy,batch-f5-quadratic-repair,12139931225615254474,5975722966752756995,14304501203697032783,0.31913190003251657,,,batch-f5-quadratic-repair-20260824-001
F5,X1,X2,f5-quadratic-repair,40,4,0.09719201214633026,0.01,residual_samples/batch-40-replication-4.csv,null_statistics/batch-40-replication-4.npy,batch-f5-quadratic-repair,11247103956213973666,4736624466140702537,2743885839681135123,0.31579469999996945,,,batch-f5-quadratic-repair-20260824-001
F5,X1,X2,f5-quadratic-repair,40,5,0.04209485248857869,0.925,residual_samples/batch-40-replication-5.csv,null_statistics/batch-40-replication-5.npy,batch-f5-quadratic-repair,8984370658320904019,8995088741145817821,15013389678907102011,0.3191976999514736,,,batch-f5-quadratic-repair-20260824-001
F5,X1,X2,f5-quadratic-repair,40,6,0.037760838277332995,0.99,residual_samples/batch-40-replication-6.csv,null_statistics/batch-40-replication-6.npy,batch-f5-quadratic-repair,725982419000829448,986271563034726955,12303713159016362181,0.31878049997612834,,,batch-f5-quadratic-repair-20260824-001
F5,X1,X2,f5-quadratic-repair,40,7,0.04324715428169177,0.89,residual_samples/batch-40-replication-7.csv,null_statistics/batch-40-replication-7.npy,batch-f5-quadratic-repair,8932422903799094611,6305977727384234708,4940962780903932676,0.31923869997262955,,,batch-f5-quadratic-repair-20260824-001
F5,X1,X2,f5-quadratic-repair,40,8,0.0675469189633385,0.175,residual_samples/batch-40-replication-8.csv,null_statistics/batch-40-replication-8.npy,batch-f5-quadratic-repair,17875875132654903457,92079159755124363,1334930834735968666,0.3217591000138782,,,batch-f5-quadratic-repair-20260824-001
F5,X1,X2,f5-quadratic-repair,40,9,0.03995612186968111,0.97,residual_samples/batch-40-replication-9.csv,null_statistics/batch-40-replication-9.npy,batch-f5-quadratic-repair,3100662143007219974,13417778395652782976,8580686852114387713,0.31713040004251525,,,batch-f5-quadratic-repair-20260824-001
F5,X1,X2,f5-quadratic-repair,41,0,0.04544653785143601,0.8,residual_samples/batch-41-replication-0.csv,null_statistics/batch-41-replication-0.npy,batch-f5-quadratic-repair,8784926101121451343,8839413554087345270,17533488891470640298,0.3208924999926239,,,batch-f5-quadratic-repair-20260824-001
F5,X1,X2,f5-quadratic-repair,41,1,0.0583006486235686,0.38,residual_samples/batch-41-replication-1.csv,null_statistics/batch-41-replication-1.npy,batch-f5-quadratic-repair,15994984953831384461,7446449495479296563,2006819957275990426,0.31973439996363595,,,batch-f5-quadratic-repair-20260824-001
F5,X1,X2,f5-quadratic-repair,41,2,0.05814301908802556,0.32,residual_samples/batch-41-replication-2.csv,null_statistics/batch-41-replication-2.npy,batch-f5-quadratic-repair,4031360136924157372,12383054489485455250,16188501177424218272,0.31681679998291656,,,batch-f5-quadratic-repair-20260824-001
F5,X1,X2,f5-quadratic-repair,41,3,0.050237225304607926,0.61,residual_samples/batch-41-replication-3.csv,null_statistics/batch-41-replication-3.npy,batch-f5-quadratic-repair,16720829700962857359,1872783864744315669,2772986136486592927,0.31758969998918474,,,batch-f5-quadratic-repair-20260824-001
F5,X1,X2,f5-quadratic-repair,41,4,0.052002754227866536,0.57,residual_samples/batch-41-replication-4.csv,null_statistics/batch-41-replication-4.npy,batch-f5-quadratic-repair,18360974231476369909,17705063071110769002,11338077558200823418,0.31996629998320714,,,batch-f5-quadratic-repair-20260824-001
F5,X1,X2,f5-quadratic-repair,41,5,0.05089241169146914,0.625,residual_samples/batch-41-replication-5.csv,null_statistics/batch-41-replication-5.npy,batch-f5-quadratic-repair,11902058625022893940,4788051062183261805,5636722159370214761,0.3205067999660969,,,batch-f5-quadratic-repair-20260824-001
F5,X1,X2,f5-quadratic-repair,41,6,0.045608343750799765,0.815,residual_samples/batch-41-replication-6.csv,null_statistics/batch-41-replication-6.npy,batch-f5-quadratic-repair,14222246938067218901,12526740246050052139,734246021319523686,0.3224258999689482,,,batch-f5-quadratic-repair-20260824-001
F5,X1,X2,f5-quadratic-repair,41,7,0.05888203896691353,0.3,residual_samples/batch-41-replication-7.csv,null_statistics/batch-41-replication-7.npy,batch-f5-quadratic-repair,2280710147680009166,10979572816100826676,18151071450463322870,0.32224710000446066,,,batch-f5-quadratic-repair-20260824-001
F5,X1,X2,f5-quadratic-repair,41,8,0.06314503073180036,0.215,residual_samples/batch-41-replication-8.csv,null_statistics/batch-41-replication-8.npy,batch-f5-quadratic-repair,7420544678532832235,14789675878856805827,954896337557372700,0.320191899954807,,,batch-f5-quadratic-repair-20260824-001
F5,X1,X2,f5-quadratic-repair,41,9,0.05258536285141355,0.465,residual_samples/batch-41-replication-9.csv,null_statistics/batch-41-replication-9.npy,batch-f5-quadratic-repair,15402457502520936294,7543965819762820163,15186350485152801981,0.3175955999759026,,,batch-f5-quadratic-repair-20260824-001
F5,X1,X2,f5-quadratic-repair,42,0,0.0378737771511264,0.99,residual_samples/batch-42-replication-0.csv,null_statistics/batch-42-replication-0.npy,batch-f5-quadratic-repair,11974447799900822986,17426270226541401868,12650858572752695848,0.3176151000079699,,,batch-f5-quadratic-repair-20260824-001
F5,X1,X2,f5-quadratic-repair,42,1,0.06892046998307434,0.115,residual_samples/batch-42-replication-1.csv,null_statistics/batch-42-replication-1.npy,batch-f5-quadratic-repair,12704263327636320381,17872214698841304271,7544326543931504877,0.3200484999688342,,,batch-f5-quadratic-repair-20260824-001
F5,X1,X2,f5-quadratic-repair,42,2,0.04163908475974623,0.925,residual_samples/batch-42-replication-2.csv,null_statistics/batch-42-replication-2.npy,batch-f5-quadratic-repair,10079531465861357122,11685505150671597845,12962534831567581710,0.32029220002004877,,,batch-f5-quadratic-repair-20260824-001
F5,X1,X2,f5-quadratic-repair,42,3,0.05094743352649862,0.56,residual_samples/batch-42-replication-3.csv,null_statistics/batch-42-replication-3.npy,batch-f5-quadratic-repair,3610794465332305021,14757638099051821481,764499547598858352,0.31732660002307966,,,batch-f5-quadratic-repair-20260824-001
F5,X1,X2,f5-quadratic-repair,42,4,0.05773050237889278,0.295,residual_samples/batch-42-replication-4.csv,null_statistics/batch-42-replication-4.npy,batch-f5-quadratic-repair,15009147307666731964,11983038930998875922,2476623513652451997,0.3216062000137754,,,batch-f5-quadratic-repair-20260824-001
F5,X1,X2,f5-quadratic-repair,42,5,0.04653104302017192,0.78,residual_samples/batch-42-replication-5.csv,null_statistics/batch-42-replication-5.npy,batch-f5-quadratic-repair,7307805200916445210,10830295737847506259,3951984429376673933,0.316638000018429,,,batch-f5-quadratic-repair-20260824-001
F5,X1,X2,f5-quadratic-repair,42,6,0.0419810669269666,0.905,residual_samples/batch-42-replication-6.csv,null_statistics/batch-42-replication-6.npy,batch-f5-quadratic-repair,10947549894270188204,15031763297356536238,13230110005214570893,0.31749570003012195,,,batch-f5-quadratic-repair-20260824-001
F5,X1,X2,f5-quadratic-repair,42,7,0.05178316731985338,0.535,residual_samples/batch-42-replication-7.csv,null_statistics/batch-42-replication-7.npy,batch-f5-quadratic-repair,13860972159987038131,15229004186399621041,8128056859062847306,0.31984519999241456,,,batch-f5-quadratic-repair-20260824-001
F5,X1,X2,f5-quadratic-repair,42,8,0.043528163709986134,0.885,residual_samples/batch-42-replication-8.csv,null_statistics/batch-42-replication-8.npy,batch-f5-quadratic-repair,8077211067066695538,1290535483792325093,6968735775910267507,0.318019500002265,,,batch-f5-quadratic-repair-20260824-001
F5,X1,X2,f5-quadratic-repair,42,9,0.04483428486687442,0.85,residual_samples/batch-42-replication-9.csv,null_statistics/batch-42-replication-9.npy,batch-f5-quadratic-repair,16498832848219394194,3254105308895868098,12590397726451959262,0.3205984000233002,,,batch-f5-quadratic-repair-20260824-001
F5,X1,X2,f5-quadratic-repair,43,0,0.05004916789909606,0.58,residual_samples/batch-43-replication-0.csv,null_statistics/batch-43-replication-0.npy,batch-f5-quadratic-repair,13329853166499721283,9322341629355316789,2011324386088248838,0.3227401000331156,,,batch-f5-quadratic-repair-20260824-001
F5,X1,X2,f5-quadratic-repair,43,1,0.04996815289281062,0.585,residual_samples/batch-43-replication-1.csv,null_statistics/batch-43-replication-1.npy,batch-f5-quadratic-repair,12754149155310919914,12946738936788576597,3762557014037956905,0.3225329000269994,,,batch-f5-quadratic-repair-20260824-001
F5,X1,X2,f5-quadratic-repair,43,2,0.08807944736865198,0.02,residual_samples/batch-43-replication-2.csv,null_statistics/batch-43-replication-2.npy,batch-f5-quadratic-repair,11086607221388969210,2853635831434512544,401426337661736651,0.32373800000641495,,,batch-f5-quadratic-repair-20260824-001
F5,X1,X2,f5-quadratic-repair,43,3,0.05430634163153727,0.425,residual_samples/batch-43-replication-3.csv,null_statistics/batch-43-replication-3.npy,batch-f5-quadratic-repair,16088181653279274742,3440977372588385109,17445178436063892288,0.3221202999702655,,,batch-f5-quadratic-repair-20260824-001
F5,X1,X2,f5-quadratic-repair,43,4,0.06263435629219236,0.26,residual_samples/batch-43-replication-4.csv,null_statistics/batch-43-replication-4.npy,batch-f5-quadratic-repair,17558928312421111234,17589942934927219483,8501776731484094703,0.31785989995114505,,,batch-f5-quadratic-repair-20260824-001
F5,X1,X2,f5-quadratic-repair,43,5,0.06344152921087437,0.225,residual_samples/batch-43-replication-5.csv,null_statistics/batch-43-replication-5.npy,batch-f5-quadratic-repair,8401950606085027203,3521595862678307209,16812472206280148778,0.32038839999586344,,,batch-f5-quadratic-repair-20260824-001
F5,X1,X2,f5-quadratic-repair,43,6,0.0434745962158894,0.915,residual_samples/batch-43-replication-6.csv,null_statistics/batch-43-replication-6.npy,batch-f5-quadratic-repair,12482725792730656376,1727876665505074869,18293952537575427562,0.3185496000223793,,,batch-f5-quadratic-repair-20260824-001
F5,X1,X2,f5-quadratic-repair,43,7,0.04640302239844502,0.79,residual_samples/batch-43-replication-7.csv,null_statistics/batch-43-replication-7.npy,batch-f5-quadratic-repair,15731104822174091457,5598115031677898518,15092138485625364656,0.3191120999981649,,,batch-f5-quadratic-repair-20260824-001
F5,X1,X2,f5-quadratic-repair,43,8,0.06464078986336018,0.15,residual_samples/batch-43-replication-8.csv,null_statistics/batch-43-replication-8.npy,batch-f5-quadratic-repair,3823870473287773749,12738438279577327052,1780158903360439017,0.32077479996951297,,,batch-f5-quadratic-repair-20260824-001
F5,X1,X2,f5-quadratic-repair,43,9,0.07419411323543369,0.05,residual_samples/batch-43-replication-9.csv,null_statistics/batch-43-replication-9.npy,batch-f5-quadratic-repair,10449400315514212082,11978357570603802051,2541485633547856839,0.31865729996934533,,,batch-f5-quadratic-repair-20260824-001
F5,X1,X2,f5-quadratic-repair,44,0,0.04920795122010752,0.7,residual_samples/batch-44-replication-0.csv,null_statistics/batch-44-replication-0.npy,batch-f5-quadratic-repair,13802258309747643064,59148562889133592,6911355782848812804,0.32038340001599863,,,batch-f5-quadratic-repair-20260824-001
F5,X1,X2,f5-quadratic-repair,44,1,0.04941271745797834,0.67,residual_samples/batch-44-replication-1.csv,null_statistics/batch-44-replication-1.npy,batch-f5-quadratic-repair,4348333171755084162,390094565430403061,2666199424088896496,0.3167195999994874,,,batch-f5-quadratic-repair-20260824-001
F5,X1,X2,f5-quadratic-repair,44,2,0.04967414216498646,0.65,residual_samples/batch-44-replication-2.csv,null_statistics/batch-44-replication-2.npy,batch-f5-quadratic-repair,15793484029750536683,7112703503920648603,8361791710585037506,0.3184717000112869,,,batch-f5-quadratic-repair-20260824-001
F5,X1,X2,f5-quadratic-repair,44,3,0.050588292048478825,0.545,residual_samples/batch-44-replication-3.csv,null_statistics/batch-44-replication-3.npy,batch-f5-quadratic-repair,1859477741618527451,6467853004462052231,4695216116925447996,0.31966919999103993,,,batch-f5-quadratic-repair-20260824-001
F5,X1,X2,f5-quadratic-repair,44,4,0.048195842371080835,0.655,residual_samples/batch-44-replication-4.csv,null_statistics/batch-44-replication-4.npy,batch-f5-quadratic-repair,17741334672069420319,8275892052668614239,4601288877162916471,0.3216983000165783,,,batch-f5-quadratic-repair-20260824-001
F5,X1,X2,f5-quadratic-repair,44,5,0.054390171506371196,0.435,residual_samples/batch-44-replication-5.csv,null_statistics/batch-44-replication-5.npy,batch-f5-quadratic-repair,1681742540275317974,9742245668214354648,1443265046719222721,0.31805309996707365,,,batch-f5-quadratic-repair-20260824-001
F5,X1,X2,f5-quadratic-repair,44,6,0.05921204648010944,0.345,residual_samples/batch-44-replication-6.csv,null_statistics/batch-44-replication-6.npy,batch-f5-quadratic-repair,4387660446263881095,3430192134808213569,15103007714007990118,0.3193434000131674,,,batch-f5-quadratic-repair-20260824-001
F5,X1,X2,f5-quadratic-repair,44,7,0.08142433824153868,0.055,residual_samples/batch-44-replication-7.csv,null_statistics/batch-44-replication-7.npy,batch-f5-quadratic-repair,16723652596823035378,15556977061152554144,10459390200880861329,0.3243616000399925,,,batch-f5-quadratic-repair-20260824-001
F5,X1,X2,f5-quadratic-repair,44,8,0.05443828658733659,0.42,residual_samples/batch-44-replication-8.csv,null_statistics/batch-44-replication-8.npy,batch-f5-quadratic-repair,12792118030642596549,15376193200108858967,13208514841402844402,0.3277321000350639,,,batch-f5-quadratic-repair-20260824-001
F5,X1,X2,f5-quadratic-repair,44,9,0.05264606272552878,0.625,residual_samples/batch-44-replication-9.csv,null_statistics/batch-44-replication-9.npy,batch-f5-quadratic-repair,1076423511419301226,13611920643451112471,4446737780495762926,0.3458432999905199,,,batch-f5-quadratic-repair-20260824-001
F5,X1,X2,f5-quadratic-repair,45,0,0.04909219543089724,0.595,residual_samples/batch-45-replication-0.csv,null_statistics/batch-45-replication-0.npy,batch-f5-quadratic-repair,1096415903443078560,15149476399636187568,16290995176794877339,0.3207809000159614,,,batch-f5-quadratic-repair-20260824-001
F5,X1,X2,f5-quadratic-repair,45,1,0.06130277765434944,0.25,residual_samples/batch-45-replication-1.csv,null_statistics/batch-45-replication-1.npy,batch-f5-quadratic-repair,14044005356686564685,2385321054392327572,4388657553376453514,0.3195962999598123,,,batch-f5-quadratic-repair-20260824-001
F5,X1,X2,f5-quadratic-repair,45,2,0.045004588113013895,0.825,residual_samples/batch-45-replication-2.csv,null_statistics/batch-45-replication-2.npy,batch-f5-quadratic-repair,26492761011777557,2974822281127514330,3274627374334139573,0.32417700003134087,,,batch-f5-quadratic-repair-20260824-001
F5,X1,X2,f5-quadratic-repair,45,3,0.08124741856841271,0.035,residual_samples/batch-45-replication-3.csv,null_statistics/batch-45-replication-3.npy,batch-f5-quadratic-repair,10976615308276781863,1719012109609342335,673220687089564006,0.32423909998033196,,,batch-f5-quadratic-repair-20260824-001
F5,X1,X2,f5-quadratic-repair,45,4,0.03853938699786619,0.98,residual_samples/batch-45-replication-4.csv,null_statistics/batch-45-replication-4.npy,batch-f5-quadratic-repair,8435359111333591923,8033262149733024274,9997771851499413536,0.3214134000008926,,,batch-f5-quadratic-repair-20260824-001
F5,X1,X2,f5-quadratic-repair,45,5,0.04480057895078708,0.77,residual_samples/batch-45-replication-5.csv,null_statistics/batch-45-replication-5.npy,batch-f5-quadratic-repair,454580048665923485,13578339900258462347,12969845636294661830,0.32371550000971183,,,batch-f5-quadratic-repair-20260824-001
F5,X1,X2,f5-quadratic-repair,45,6,0.06745598847906079,0.125,residual_samples/batch-45-replication-6.csv,null_statistics/batch-45-replication-6.npy,batch-f5-quadratic-repair,3132789329385211387,8216726675260032278,6243603342508629111,0.32490520004648715,,,batch-f5-quadratic-repair-20260824-001
F5,X1,X2,f5-quadratic-repair,45,7,0.04763935395442649,0.705,residual_samples/batch-45-replication-7.csv,null_statistics/batch-45-replication-7.npy,batch-f5-quadratic-repair,10870535610240938763,11396613938944260762,12725926086561294378,0.32537249999586493,,,batch-f5-quadratic-repair-20260824-001
F5,X1,X2,f5-quadratic-repair,45,8,0.052972551772841756,0.48,residual_samples/batch-45-replication-8.csv,null_statistics/batch-45-replication-8.npy,batch-f5-quadratic-repair,4758601064629023922,12548694773362959322,12535884617971609422,0.32110739999916404,,,batch-f5-quadratic-repair-20260824-001
F5,X1,X2,f5-quadratic-repair,45,9,0.04572054329208762,0.87,residual_samples/batch-45-replication-9.csv,null_statistics/batch-45-replication-9.npy,batch-f5-quadratic-repair,17107383569548769406,10858353522916605899,3271958221062210788,0.32225349999498576,,,batch-f5-quadratic-repair-20260824-001
F5,X1,X2,f5-quadratic-repair,46,0,0.052580472306080046,0.53,residual_samples/batch-46-replication-0.csv,null_statistics/batch-46-replication-0.npy,batch-f5-quadratic-repair,8810482204179625315,10596693555945674181,8468925058347904444,0.32507130003068596,,,batch-f5-quadratic-repair-20260824-001
F5,X1,X2,f5-quadratic-repair,46,1,0.05300520681556474,0.405,residual_samples/batch-46-replication-1.csv,null_statistics/batch-46-replication-1.npy,batch-f5-quadratic-repair,18237410674724256812,8533937638155998584,9102589564305792050,0.3220051999669522,,,batch-f5-quadratic-repair-20260824-001
F5,X1,X2,f5-quadratic-repair,46,2,0.06874577493873957,0.045,residual_samples/batch-46-replication-2.csv,null_statistics/batch-46-replication-2.npy,batch-f5-quadratic-repair,5541072800335837955,12626620462720499635,11760717917207083453,0.32131610001670197,,,batch-f5-quadratic-repair-20260824-001
F5,X1,X2,f5-quadratic-repair,46,3,0.08456234658984466,0.025,residual_samples/batch-46-replication-3.csv,null_statistics/batch-46-replication-3.npy,batch-f5-quadratic-repair,2664856690222458363,13748686329645486247,14711478471195780110,0.3267084999824874,,,batch-f5-quadratic-repair-20260824-001
F5,X1,X2,f5-quadratic-repair,46,4,0.07437539087407721,0.06,residual_samples/batch-46-replication-4.csv,null_statistics/batch-46-replication-4.npy,batch-f5-quadratic-repair,9161770202304895635,4546314889324063080,16405963274052249266,0.3243963000131771,,,batch-f5-quadratic-repair-20260824-001
F5,X1,X2,f5-quadratic-repair,46,5,0.04325792294307686,0.865,residual_samples/batch-46-replication-5.csv,null_statistics/batch-46-replication-5.npy,batch-f5-quadratic-repair,3130333616938752902,4193091932239164716,15740330091938777437,0.3218415000010282,,,batch-f5-quadratic-repair-20260824-001
F5,X1,X2,f5-quadratic-repair,46,6,0.037759661904864385,0.98,residual_samples/batch-46-replication-6.csv,null_statistics/batch-46-replication-6.npy,batch-f5-quadratic-repair,7432381069379076957,5411276108550820747,8671060042862729447,0.32392009999603033,,,batch-f5-quadratic-repair-20260824-001
F5,X1,X2,f5-quadratic-repair,46,7,0.049451855692930646,0.65,residual_samples/batch-46-replication-7.csv,null_statistics/batch-46-replication-7.npy,batch-f5-quadratic-repair,10740748399334805101,16354584617594285614,10846196212476192624,0.3254509000107646,,,batch-f5-quadratic-repair-20260824-001
F5,X1,X2,f5-quadratic-repair,46,8,0.06000970350760187,0.3,residual_samples/batch-46-replication-8.csv,null_statistics/batch-46-replication-8.npy,batch-f5-quadratic-repair,2479159455073078456,12997277626003173648,10238503159875758147,0.3241944999899715,,,batch-f5-quadratic-repair-20260824-001
F5,X1,X2,f5-quadratic-repair,46,9,0.05565983998520666,0.385,residual_samples/batch-46-replication-9.csv,null_statistics/batch-46-replication-9.npy,batch-f5-quadratic-repair,502545896819615715,14911950378218304988,1952182752132998764,0.32562289998168126,,,batch-f5-quadratic-repair-20260824-001
F5,X1,X2,f5-quadratic-repair,47,0,0.06296110050457458,0.18,residual_samples/batch-47-replication-0.csv,null_statistics/batch-47-replication-0.npy,batch-f5-quadratic-repair,6886061316029594433,9141864478367705609,12770922208357901199,0.32557240000460297,,,batch-f5-quadratic-repair-20260824-001
F5,X1,X2,f5-quadratic-repair,47,1,0.062288024221447164,0.2,residual_samples/batch-47-replication-1.csv,null_statistics/batch-47-replication-1.npy,batch-f5-quadratic-repair,4299123545202774129,1697560137879749262,5176795489612921407,0.322244499984663,,,batch-f5-quadratic-repair-20260824-001
F5,X1,X2,f5-quadratic-repair,47,2,0.04143549169832695,0.935,residual_samples/batch-47-replication-2.csv,null_statistics/batch-47-replication-2.npy,batch-f5-quadratic-repair,9479477198241940154,3951410515378440753,4329167239891574981,0.3249620999558829,,,batch-f5-quadratic-repair-20260824-001
F5,X1,X2,f5-quadratic-repair,47,3,0.05799490336585099,0.29,residual_samples/batch-47-replication-3.csv,null_statistics/batch-47-replication-3.npy,batch-f5-quadratic-repair,18220814506153165835,11058206490790084819,18410975325942877914,0.32292050000978634,,,batch-f5-quadratic-repair-20260824-001
F5,X1,X2,f5-quadratic-repair,47,4,0.07824067690876145,0.055,residual_samples/batch-47-replication-4.csv,null_statistics/batch-47-replication-4.npy,batch-f5-quadratic-repair,5029091432235551788,4116278927716910341,15861605021395514562,0.3204678000183776,,,batch-f5-quadratic-repair-20260824-001
F5,X1,X2,f5-quadratic-repair,47,5,0.05711658306804641,0.395,residual_samples/batch-47-replication-5.csv,null_statistics/batch-47-replication-5.npy,batch-f5-quadratic-repair,5908925913897591671,3299170123952742280,9529858558171357436,0.32226089999312535,,,batch-f5-quadratic-repair-20260824-001
F5,X1,X2,f5-quadratic-repair,47,6,0.07740435221637622,0.03,residual_samples/batch-47-replication-6.csv,null_statistics/batch-47-replication-6.npy,batch-f5-quadratic-repair,7831565725340313613,9658158542211224360,7404479803055034928,0.32130020001204684,,,batch-f5-quadratic-repair-20260824-001
F5,X1,X2,f5-quadratic-repair,47,7,0.08254452047434642,0.01,residual_samples/batch-47-replication-7.csv,null_statistics/batch-47-replication-7.npy,batch-f5-quadratic-repair,9295935149764640999,9978154790319934333,4187557340761104513,0.324445599981118,,,batch-f5-quadratic-repair-20260824-001
F5,X1,X2,f5-quadratic-repair,47,8,0.06640629068452804,0.12,residual_samples/batch-47-replication-8.csv,null_statistics/batch-47-replication-8.npy,batch-f5-quadratic-repair,1764315056973775539,16130884331769378080,4075335733456658776,0.32417330000316724,,,batch-f5-quadratic-repair-20260824-001
F5,X1,X2,f5-quadratic-repair,47,9,0.08532846931182539,0.015,residual_samples/batch-47-replication-9.csv,null_statistics/batch-47-replication-9.npy,batch-f5-quadratic-repair,9397319140742995537,5338505054681912684,745244537774438650,0.3213773000170477,,,batch-f5-quadratic-repair-20260824-001
F5,X1,X2,f5-quadratic-repair,48,0,0.05387422236047541,0.455,residual_samples/batch-48-replication-0.csv,null_statistics/batch-48-replication-0.npy,batch-f5-quadratic-repair,1497417357472662256,8744861748166680511,2730577952143269066,0.32364710001274943,,,batch-f5-quadratic-repair-20260824-001
F5,X1,X2,f5-quadratic-repair,48,1,0.04841955208080224,0.74,residual_samples/batch-48-replication-1.csv,null_statistics/batch-48-replication-1.npy,batch-f5-quadratic-repair,13165535919798130177,6138317698737977072,8804842622394002242,0.3240178999840282,,,batch-f5-quadratic-repair-20260824-001
F5,X1,X2,f5-quadratic-repair,48,2,0.060534705917260456,0.27,residual_samples/batch-48-replication-2.csv,null_statistics/batch-48-replication-2.npy,batch-f5-quadratic-repair,14159441718507028385,5130113452546897847,1720402532969536545,0.32412140001542866,,,batch-f5-quadratic-repair-20260824-001
F5,X1,X2,f5-quadratic-repair,48,3,0.04692204475946171,0.77,residual_samples/batch-48-replication-3.csv,null_statistics/batch-48-replication-3.npy,batch-f5-quadratic-repair,15991470721819384280,4275133057196018952,17637012442224404635,0.33069530001375824,,,batch-f5-quadratic-repair-20260824-001
F5,X1,X2,f5-quadratic-repair,48,4,0.05961418947318583,0.395,residual_samples/batch-48-replication-4.csv,null_statistics/batch-48-replication-4.npy,batch-f5-quadratic-repair,9679049401816828992,1352320850378228768,9986712842543481089,0.324761199997738,,,batch-f5-quadratic-repair-20260824-001
F5,X1,X2,f5-quadratic-repair,48,5,0.05906874086843761,0.295,residual_samples/batch-48-replication-5.csv,null_statistics/batch-48-replication-5.npy,batch-f5-quadratic-repair,13425599396640054098,13485313456500246576,4597675414478836477,0.32360679999692366,,,batch-f5-quadratic-repair-20260824-001
F5,X1,X2,f5-quadratic-repair,48,6,0.05961605646960583,0.315,residual_samples/batch-48-replication-6.csv,null_statistics/batch-48-replication-6.npy,batch-f5-quadratic-repair,7479228877843042947,17546353396611543119,16030237194739998923,0.3220588999683969,,,batch-f5-quadratic-repair-20260824-001
F5,X1,X2,f5-quadratic-repair,48,7,0.04520149247782453,0.845,residual_samples/batch-48-replication-7.csv,null_statistics/batch-48-replication-7.npy,batch-f5-quadratic-repair,12207356325781903679,1105910391872793195,15371336791279758873,0.33081359998323023,,,batch-f5-quadratic-repair-20260824-001
F5,X1,X2,f5-quadratic-repair,48,8,0.0538877577387876,0.465,residual_samples/batch-48-replication-8.csv,null_statistics/batch-48-replication-8.npy,batch-f5-quadratic-repair,2420769206313638170,1241890167678581129,2287681473757823297,0.3296159000019543,,,batch-f5-quadratic-repair-20260824-001
F5,X1,X2,f5-quadratic-repair,48,9,0.044987037092286346,0.82,residual_samples/batch-48-replication-9.csv,null_statistics/batch-48-replication-9.npy,batch-f5-quadratic-repair,2035356767439252440,8177135310998420265,4525159109001324786,0.33261350000975654,,,batch-f5-quadratic-repair-20260824-001
F5,X1,X2,f5-quadratic-repair,49,0,0.05948882976653524,0.285,residual_samples/batch-49-replication-0.csv,null_statistics/batch-49-replication-0.npy,batch-f5-quadratic-repair,8840878843125567800,7221082004255610012,5701217909865778041,0.32458280003629625,,,batch-f5-quadratic-repair-20260824-001
F5,X1,X2,f5-quadratic-repair,49,1,0.04699085214456732,0.725,residual_samples/batch-49-replication-1.csv,null_statistics/batch-49-replication-1.npy,batch-f5-quadratic-repair,13818463188033347206,2385940869462260938,3701702941883687027,0.32310039998264983,,,batch-f5-quadratic-repair-20260824-001
F5,X1,X2,f5-quadratic-repair,49,2,0.04672710579710952,0.75,residual_samples/batch-49-replication-2.csv,null_statistics/batch-49-replication-2.npy,batch-f5-quadratic-repair,6603384831845891013,267356060247190972,7980935524177108069,0.32809810002800077,,,batch-f5-quadratic-repair-20260824-001
F5,X1,X2,f5-quadratic-repair,49,3,0.042614624517929606,0.895,residual_samples/batch-49-replication-3.csv,null_statistics/batch-49-replication-3.npy,batch-f5-quadratic-repair,7074626564262615158,15255035418316070731,1332950881014269143,0.32701329997507855,,,batch-f5-quadratic-repair-20260824-001
F5,X1,X2,f5-quadratic-repair,49,4,0.04371992474030822,0.905,residual_samples/batch-49-replication-4.csv,null_statistics/batch-49-replication-4.npy,batch-f5-quadratic-repair,14057401929842620887,10260707245134181179,13142072284204167160,0.32356950000394136,,,batch-f5-quadratic-repair-20260824-001
F5,X1,X2,f5-quadratic-repair,49,5,0.08082456449153343,0.035,residual_samples/batch-49-replication-5.csv,null_statistics/batch-49-replication-5.npy,batch-f5-quadratic-repair,1882942528446312701,4947083293214910914,13518471162116133453,0.3217962000053376,,,batch-f5-quadratic-repair-20260824-001
F5,X1,X2,f5-quadratic-repair,49,6,0.0742573278171369,0.095,residual_samples/batch-49-replication-6.csv,null_statistics/batch-49-replication-6.npy,batch-f5-quadratic-repair,1743929431773019664,8772364688379721870,8882635326424286498,0.3218110000016168,,,batch-f5-quadratic-repair-20260824-001
F5,X1,X2,f5-quadratic-repair,49,7,0.046848646196255346,0.78,residual_samples/batch-49-replication-7.csv,null_statistics/batch-49-replication-7.npy,batch-f5-quadratic-repair,7773777754888096027,10234313961469444228,7696400953151557791,0.3256150000379421,,,batch-f5-quadratic-repair-20260824-001
F5,X1,X2,f5-quadratic-repair,49,8,0.04840718603660808,0.645,residual_samples/batch-49-replication-8.csv,null_statistics/batch-49-replication-8.npy,batch-f5-quadratic-repair,3569978205769680421,3129153044232752054,4389743040651507543,0.3240061999531463,,,batch-f5-quadratic-repair-20260824-001
F5,X1,X2,f5-quadratic-repair,49,9,0.06232576519418303,0.175,residual_samples/batch-49-replication-9.csv,null_statistics/batch-49-replication-9.npy,batch-f5-quadratic-repair,6549644183998603901,3986110059498934993,12508939571684580506,0.31389460002537817,,,batch-f5-quadratic-repair-20260824-001
F5,X1,X2,f5-quadratic-repair,50,0,0.061427338344817506,0.215,residual_samples/batch-50-replication-0.csv,null_statistics/batch-50-replication-0.npy,batch-f5-quadratic-repair,14059046538777648993,1589905334852035378,13563822313608909814,0.32394859998021275,,,batch-f5-quadratic-repair-20260824-001
F5,X1,X2,f5-quadratic-repair,50,1,0.059283071000654206,0.32,residual_samples/batch-50-replication-1.csv,null_statistics/batch-50-replication-1.npy,batch-f5-quadratic-repair,15138189006418822261,17713179883393346221,1487242057354227016,0.32351529999868944,,,batch-f5-quadratic-repair-20260824-001
F5,X1,X2,f5-quadratic-repair,50,2,0.04816109240683178,0.725,residual_samples/batch-50-replication-2.csv,null_statistics/batch-50-replication-2.npy,batch-f5-quadratic-repair,3968368162966583657,11476513717472182822,17929274593423163606,0.32628629996906966,,,batch-f5-quadratic-repair-20260824-001
F5,X1,X2,f5-quadratic-repair,50,3,0.0574231496845276,0.395,residual_samples/batch-50-replication-3.csv,null_statistics/batch-50-replication-3.npy,batch-f5-quadratic-repair,4455202001290150847,8514977407692430129,1865042939180041825,0.32392160000745207,,,batch-f5-quadratic-repair-20260824-001
F5,X1,X2,f5-quadratic-repair,50,4,0.05329367455349738,0.445,residual_samples/batch-50-replication-4.csv,null_statistics/batch-50-replication-4.npy,batch-f5-quadratic-repair,4754435509398764777,7216074316440401051,8836226897015319972,0.322419699979946,,,batch-f5-quadratic-repair-20260824-001
F5,X1,X2,f5-quadratic-repair,50,5,0.05411878963576336,0.48,residual_samples/batch-50-replication-5.csv,null_statistics/batch-50-replication-5.npy,batch-f5-quadratic-repair,3374715035153204065,6530209811134098616,2495400375300248587,0.3202439000015147,,,batch-f5-quadratic-repair-20260824-001
F5,X1,X2,f5-quadratic-repair,50,6,0.04854370581641036,0.645,residual_samples/batch-50-replication-6.csv,null_statistics/batch-50-replication-6.npy,batch-f5-quadratic-repair,8879187208428011888,5113859293591370352,16141886622107013592,0.31985939998412505,,,batch-f5-quadratic-repair-20260824-001
F5,X1,X2,f5-quadratic-repair,50,7,0.048542547077888805,0.72,residual_samples/batch-50-replication-7.csv,null_statistics/batch-50-replication-7.npy,batch-f5-quadratic-repair,745007166008344168,13245202476504386601,16639187242693419803,0.32017900003120303,,,batch-f5-quadratic-repair-20260824-001
F5,X1,X2,f5-quadratic-repair,50,8,0.04695556671349914,0.77,residual_samples/batch-50-replication-8.csv,null_statistics/batch-50-replication-8.npy,batch-f5-quadratic-repair,11043077683773985862,7362614875187585153,1351102238091091880,0.32068750000325963,,,batch-f5-quadratic-repair-20260824-001
F5,X1,X2,f5-quadratic-repair,50,9,0.048170625885017325,0.69,residual_samples/batch-50-replication-9.csv,null_statistics/batch-50-replication-9.npy,batch-f5-quadratic-repair,1934200135574382250,3772462485062243967,9961052979532365634,0.321981200017035,,,batch-f5-quadratic-repair-20260824-001
F5,X1,X2,f5-quadratic-repair,51,0,0.04837084911061764,0.71,residual_samples/batch-51-replication-0.csv,null_statistics/batch-51-replication-0.npy,batch-f5-quadratic-repair,15054632558993566159,17507049990910281149,8739826794672405053,0.32239049999043345,,,batch-f5-quadratic-repair-20260824-001
F5,X1,X2,f5-quadratic-repair,51,1,0.05733691934999987,0.32,residual_samples/batch-51-replication-1.csv,null_statistics/batch-51-replication-1.npy,batch-f5-quadratic-repair,10490100817118101890,4442267087174428733,6172736693938993350,0.3205170999863185,,,batch-f5-quadratic-repair-20260824-001
F5,X1,X2,f5-quadratic-repair,51,2,0.054972525398412,0.46,residual_samples/batch-51-replication-2.csv,null_statistics/batch-51-replication-2.npy,batch-f5-quadratic-repair,9160626800048605122,4191293443628056869,3225224081634554997,0.3191547999740578,,,batch-f5-quadratic-repair-20260824-001
F5,X1,X2,f5-quadratic-repair,51,3,0.04928053828323985,0.605,residual_samples/batch-51-replication-3.csv,null_statistics/batch-51-replication-3.npy,batch-f5-quadratic-repair,1218457833071400128,13226587147156043625,14020626605993753491,0.3181688000331633,,,batch-f5-quadratic-repair-20260824-001
F5,X1,X2,f5-quadratic-repair,51,4,0.05721461141134487,0.41,residual_samples/batch-51-replication-4.csv,null_statistics/batch-51-replication-4.npy,batch-f5-quadratic-repair,13581437760784204274,14739587484759144742,2043672371725446572,0.31985099997837096,,,batch-f5-quadratic-repair-20260824-001
F5,X1,X2,f5-quadratic-repair,51,5,0.048033548789033854,0.73,residual_samples/batch-51-replication-5.csv,null_statistics/batch-51-replication-5.npy,batch-f5-quadratic-repair,17311852941170820828,14434971663083795091,12644908574613052742,0.3214670000015758,,,batch-f5-quadratic-repair-20260824-001
F5,X1,X2,f5-quadratic-repair,51,6,0.04393239599299723,0.895,residual_samples/batch-51-replication-6.csv,null_statistics/batch-51-replication-6.npy,batch-f5-quadratic-repair,9458241276029266238,15480396363668097390,7880661976974577770,0.3205788999912329,,,batch-f5-quadratic-repair-20260824-001
F5,X1,X2,f5-quadratic-repair,51,7,0.045915899046822396,0.82,residual_samples/batch-51-replication-7.csv,null_statistics/batch-51-replication-7.npy,batch-f5-quadratic-repair,3453928050367373282,13792066329890707856,3786945437378493806,0.3209055000334047,,,batch-f5-quadratic-repair-20260824-001
F5,X1,X2,f5-quadratic-repair,51,8,0.049807965351485926,0.585,residual_samples/batch-51-replication-8.csv,null_statistics/batch-51-replication-8.npy,batch-f5-quadratic-repair,337890121661968417,13045345273928404131,7689755144256873702,0.32705979997990653,,,batch-f5-quadratic-repair-20260824-001
F5,X1,X2,f5-quadratic-repair,51,9,0.056693898938606886,0.415,residual_samples/batch-51-replication-9.csv,null_statistics/batch-51-replication-9.npy,batch-f5-quadratic-repair,15697259962065894430,7977432575934236108,17330544014497984453,0.3225137999979779,,,batch-f5-quadratic-repair-20260824-001
F5,X1,X2,f5-quadratic-repair,52,0,0.041588448094070245,0.895,residual_samples/batch-52-replication-0.csv,null_statistics/batch-52-replication-0.npy,batch-f5-quadratic-repair,10422408503221226628,3180613633542908444,5105185132373388096,0.32473719998961315,,,batch-f5-quadratic-repair-20260824-001
F5,X1,X2,f5-quadratic-repair,52,1,0.046960613764672726,0.71,residual_samples/batch-52-replication-1.csv,null_statistics/batch-52-replication-1.npy,batch-f5-quadratic-repair,8533882120811109294,10328976288833081825,4839493689404991889,0.3221091000013985,,,batch-f5-quadratic-repair-20260824-001
F5,X1,X2,f5-quadratic-repair,52,2,0.057488927972472875,0.355,residual_samples/batch-52-replication-2.csv,null_statistics/batch-52-replication-2.npy,batch-f5-quadratic-repair,977241463437960482,6359157370296103675,373847051544848447,0.3210681999917142,,,batch-f5-quadratic-repair-20260824-001
F5,X1,X2,f5-quadratic-repair,52,3,0.03668616123233303,1.0,residual_samples/batch-52-replication-3.csv,null_statistics/batch-52-replication-3.npy,batch-f5-quadratic-repair,2072773498333319482,16360870291120966648,12503275967621633917,0.3278207000112161,,,batch-f5-quadratic-repair-20260824-001
F5,X1,X2,f5-quadratic-repair,52,4,0.05658784117316705,0.4,residual_samples/batch-52-replication-4.csv,null_statistics/batch-52-replication-4.npy,batch-f5-quadratic-repair,7572126057682673085,13991064539221423064,11012526198551892025,0.3210823999834247,,,batch-f5-quadratic-repair-20260824-001
F5,X1,X2,f5-quadratic-repair,52,5,0.05307446404476543,0.455,residual_samples/batch-52-replication-5.csv,null_statistics/batch-52-replication-5.npy,batch-f5-quadratic-repair,6362895568239088898,5005197372630369561,8307360561666622236,0.32551679998869076,,,batch-f5-quadratic-repair-20260824-001
F5,X1,X2,f5-quadratic-repair,52,6,0.04530026877583384,0.815,residual_samples/batch-52-replication-6.csv,null_statistics/batch-52-replication-6.npy,batch-f5-quadratic-repair,9300318668618890485,17451344942484231163,1476061670967596782,0.3228067000163719,,,batch-f5-quadratic-repair-20260824-001
F5,X1,X2,f5-quadratic-repair,52,7,0.04644289196027441,0.785,residual_samples/batch-52-replication-7.csv,null_statistics/batch-52-replication-7.npy,batch-f5-quadratic-repair,18022960817116097864,15965780964139477188,15720987578878395287,0.32226580003043637,,,batch-f5-quadratic-repair-20260824-001
F5,X1,X2,f5-quadratic-repair,52,8,0.05562663700419184,0.45,residual_samples/batch-52-replication-8.csv,null_statistics/batch-52-replication-8.npy,batch-f5-quadratic-repair,1626989823392954388,2368602657577105207,16358050455513235330,0.32018320000497624,,,batch-f5-quadratic-repair-20260824-001
F5,X1,X2,f5-quadratic-repair,52,9,0.055709349911294004,0.415,residual_samples/batch-52-replication-9.csv,null_statistics/batch-52-replication-9.npy,batch-f5-quadratic-repair,5933627235059046717,8054552877398686071,11517951021509549698,0.32470409997040406,,,batch-f5-quadratic-repair-20260824-001
F5,X1,X2,f5-quadratic-repair,53,0,0.045661202213587576,0.795,residual_samples/batch-53-replication-0.csv,null_statistics/batch-53-replication-0.npy,batch-f5-quadratic-repair,12340499865162275735,14205736298964589739,4874171524938597897,0.32285110000520945,,,batch-f5-quadratic-repair-20260824-001
F5,X1,X2,f5-quadratic-repair,53,1,0.08373281142662543,0.025,residual_samples/batch-53-replication-1.csv,null_statistics/batch-53-replication-1.npy,batch-f5-quadratic-repair,2371210245932498696,659603927316585790,8233748366351557433,0.32291510002687573,,,batch-f5-quadratic-repair-20260824-001
F5,X1,X2,f5-quadratic-repair,53,2,0.07096383837652467,0.065,residual_samples/batch-53-replication-2.csv,null_statistics/batch-53-replication-2.npy,batch-f5-quadratic-repair,17428633558519894795,12296220932081340155,828670998940843964,0.322908699978143,,,batch-f5-quadratic-repair-20260824-001
F5,X1,X2,f5-quadratic-repair,53,3,0.047998347711639376,0.78,residual_samples/batch-53-replication-3.csv,null_statistics/batch-53-replication-3.npy,batch-f5-quadratic-repair,7752148118529136776,3706937577666526917,2483878248132708934,0.3303980999626219,,,batch-f5-quadratic-repair-20260824-001
F5,X1,X2,f5-quadratic-repair,53,4,0.05148429615900391,0.535,residual_samples/batch-53-replication-4.csv,null_statistics/batch-53-replication-4.npy,batch-f5-quadratic-repair,1727453897850119404,13947452138741511249,16689892591833418255,0.3222271000267938,,,batch-f5-quadratic-repair-20260824-001
F5,X1,X2,f5-quadratic-repair,53,5,0.05299584728099395,0.45,residual_samples/batch-53-replication-5.csv,null_statistics/batch-53-replication-5.npy,batch-f5-quadratic-repair,14456582990215924841,2457728915099340886,11039370086370803651,0.32545539998682216,,,batch-f5-quadratic-repair-20260824-001
F5,X1,X2,f5-quadratic-repair,53,6,0.04048993104661604,0.94,residual_samples/batch-53-replication-6.csv,null_statistics/batch-53-replication-6.npy,batch-f5-quadratic-repair,16069290531951166042,16657176631018487411,13745363192731124000,0.3232647000113502,,,batch-f5-quadratic-repair-20260824-001
F5,X1,X2,f5-quadratic-repair,53,7,0.06380039146475086,0.2,residual_samples/batch-53-replication-7.csv,null_statistics/batch-53-replication-7.npy,batch-f5-quadratic-repair,4409598781307020020,2310739620076761605,2723287862599046441,0.32567170000402257,,,batch-f5-quadratic-repair-20260824-001
F5,X1,X2,f5-quadratic-repair,53,8,0.04575704382904248,0.8,residual_samples/batch-53-replication-8.csv,null_statistics/batch-53-replication-8.npy,batch-f5-quadratic-repair,8955732515878231055,10996509627608458849,10346639223695089087,0.32392799999797717,,,batch-f5-quadratic-repair-20260824-001
F5,X1,X2,f5-quadratic-repair,53,9,0.0390456803005367,0.98,residual_samples/batch-53-replication-9.csv,null_statistics/batch-53-replication-9.npy,batch-f5-quadratic-repair,7458820215879646451,277548831855854908,12807370524531992219,0.32516960002249107,,,batch-f5-quadratic-repair-20260824-001
F5,X1,X2,f5-quadratic-repair,54,0,0.04721976313154986,0.775,residual_samples/batch-54-replication-0.csv,null_statistics/batch-54-replication-0.npy,batch-f5-quadratic-repair,9298577508500688029,15015478115600694392,12621245061862610851,0.3209063000394963,,,batch-f5-quadratic-repair-20260824-001
F5,X1,X2,f5-quadratic-repair,54,1,0.04600097466098871,0.755,residual_samples/batch-54-replication-1.csv,null_statistics/batch-54-replication-1.npy,batch-f5-quadratic-repair,13750902457725456859,14950512827412108897,17234984549989914798,0.32466389995533973,,,batch-f5-quadratic-repair-20260824-001
F5,X1,X2,f5-quadratic-repair,54,2,0.04967616240425216,0.65,residual_samples/batch-54-replication-2.csv,null_statistics/batch-54-replication-2.npy,batch-f5-quadratic-repair,8525590839433302021,13512277135991279193,11670030133543059610,0.32544649997726083,,,batch-f5-quadratic-repair-20260824-001
F5,X1,X2,f5-quadratic-repair,54,3,0.03874529530384801,0.975,residual_samples/batch-54-replication-3.csv,null_statistics/batch-54-replication-3.npy,batch-f5-quadratic-repair,6963569376116853142,5907264250761591241,6203454223157343575,0.32522830000380054,,,batch-f5-quadratic-repair-20260824-001
F5,X1,X2,f5-quadratic-repair,54,4,0.05430612725971952,0.45,residual_samples/batch-54-replication-4.csv,null_statistics/batch-54-replication-4.npy,batch-f5-quadratic-repair,13224732219584388670,8491360016756012640,8509473688553410544,0.3234472000040114,,,batch-f5-quadratic-repair-20260824-001
F5,X1,X2,f5-quadratic-repair,54,5,0.05786724305210846,0.245,residual_samples/batch-54-replication-5.csv,null_statistics/batch-54-replication-5.npy,batch-f5-quadratic-repair,9715072379911447006,7268006649734545719,14531509771180912629,0.3240976000088267,,,batch-f5-quadratic-repair-20260824-001
F5,X1,X2,f5-quadratic-repair,54,6,0.06582553514665328,0.15,residual_samples/batch-54-replication-6.csv,null_statistics/batch-54-replication-6.npy,batch-f5-quadratic-repair,10900511327082678786,10741244489858689579,9434280097591454431,0.32543229998555034,,,batch-f5-quadratic-repair-20260824-001
F5,X1,X2,f5-quadratic-repair,54,7,0.05252302056766662,0.48,residual_samples/batch-54-replication-7.csv,null_statistics/batch-54-replication-7.npy,batch-f5-quadratic-repair,8497268438806316618,2641958019321603871,11050696248350089742,0.32137219997821376,,,batch-f5-quadratic-repair-20260824-001
F5,X1,X2,f5-quadratic-repair,54,8,0.051134569037392295,0.605,residual_samples/batch-54-replication-8.csv,null_statistics/batch-54-replication-8.npy,batch-f5-quadratic-repair,2146447675682986020,13018984929403671905,2645943617661926391,0.3145629000500776,,,batch-f5-quadratic-repair-20260824-001
F5,X1,X2,f5-quadratic-repair,54,9,0.04881639107246223,0.655,residual_samples/batch-54-replication-9.csv,null_statistics/batch-54-replication-9.npy,batch-f5-quadratic-repair,16599156524322680312,10108244827412439950,7650609742250601678,0.32283210003515705,,,batch-f5-quadratic-repair-20260824-001
F5,X1,X2,f5-quadratic-repair,55,0,0.06300953751063847,0.18,residual_samples/batch-55-replication-0.csv,null_statistics/batch-55-replication-0.npy,batch-f5-quadratic-repair,3785300335168735162,3570196998345976491,10889492403744913408,0.3220973000279628,,,batch-f5-quadratic-repair-20260824-001
F5,X1,X2,f5-quadratic-repair,55,1,0.04986346348978851,0.635,residual_samples/batch-55-replication-1.csv,null_statistics/batch-55-replication-1.npy,batch-f5-quadratic-repair,11386103293922809216,9064535682517064167,12844570088232942187,0.3225613000104204,,,batch-f5-quadratic-repair-20260824-001
F5,X1,X2,f5-quadratic-repair,55,2,0.043541937978719567,0.875,residual_samples/batch-55-replication-2.csv,null_statistics/batch-55-replication-2.npy,batch-f5-quadratic-repair,10589784321451240998,8818506668029506729,621117006978978083,0.321609599981457,,,batch-f5-quadratic-repair-20260824-001
F5,X1,X2,f5-quadratic-repair,55,3,0.045513520912259395,0.785,residual_samples/batch-55-replication-3.csv,null_statistics/batch-55-replication-3.npy,batch-f5-quadratic-repair,17449004426762635726,14216474870673027779,7380304414540618279,0.3156017999863252,,,batch-f5-quadratic-repair-20260824-001
F5,X1,X2,f5-quadratic-repair,55,4,0.07963189625621767,0.06,residual_samples/batch-55-replication-4.csv,null_statistics/batch-55-replication-4.npy,batch-f5-quadratic-repair,3031905658223339218,3894448224812992918,14891665674850807869,0.3234472000040114,,,batch-f5-quadratic-repair-20260824-001
F5,X1,X2,f5-quadratic-repair,55,5,0.06488132573083853,0.14,residual_samples/batch-55-replication-5.csv,null_statistics/batch-55-replication-5.npy,batch-f5-quadratic-repair,570146541467030977,15645451909097298189,4509170720303958809,0.32002189999911934,,,batch-f5-quadratic-repair-20260824-001
F5,X1,X2,f5-quadratic-repair,55,6,0.04944214638755565,0.73,residual_samples/batch-55-replication-6.csv,null_statistics/batch-55-replication-6.npy,batch-f5-quadratic-repair,13679316946583977012,18022795794083773682,14667379798333773634,0.32140489999437705,,,batch-f5-quadratic-repair-20260824-001
F5,X1,X2,f5-quadratic-repair,55,7,0.0713829088749917,0.11,residual_samples/batch-55-replication-7.csv,null_statistics/batch-55-replication-7.npy,batch-f5-quadratic-repair,6304223494762113900,4083111604172263268,1912074407827229598,0.32384189998265356,,,batch-f5-quadratic-repair-20260824-001
F5,X1,X2,f5-quadratic-repair,55,8,0.051926936171238613,0.55,residual_samples/batch-55-replication-8.csv,null_statistics/batch-55-replication-8.npy,batch-f5-quadratic-repair,3176155581335090051,1866939003641809477,4479102443196689931,0.32536570000229403,,,batch-f5-quadratic-repair-20260824-001
F5,X1,X2,f5-quadratic-repair,55,9,0.04730772508763379,0.755,residual_samples/batch-55-replication-9.csv,null_statistics/batch-55-replication-9.npy,batch-f5-quadratic-repair,10931213059414180235,8362052785518236682,18163817139928393219,0.3201777000213042,,,batch-f5-quadratic-repair-20260824-001
F5,X1,X2,f5-quadratic-repair,56,0,0.05410590364421628,0.43,residual_samples/batch-56-replication-0.csv,null_statistics/batch-56-replication-0.npy,batch-f5-quadratic-repair,5672433607518082072,5947199923527953726,1830275925043225523,0.3244236000464298,,,batch-f5-quadratic-repair-20260824-001
F5,X1,X2,f5-quadratic-repair,56,1,0.062255093260112436,0.215,residual_samples/batch-56-replication-1.csv,null_statistics/batch-56-replication-1.npy,batch-f5-quadratic-repair,9188831785547625291,6047187481512792045,9694215627446995041,0.32370250002713874,,,batch-f5-quadratic-repair-20260824-001
F5,X1,X2,f5-quadratic-repair,56,2,0.06252447245310883,0.255,residual_samples/batch-56-replication-2.csv,null_statistics/batch-56-replication-2.npy,batch-f5-quadratic-repair,1577029390793934915,2487020141958409273,5481883567013767615,0.32404600002337247,,,batch-f5-quadratic-repair-20260824-001
F5,X1,X2,f5-quadratic-repair,56,3,0.05360283383094,0.51,residual_samples/batch-56-replication-3.csv,null_statistics/batch-56-replication-3.npy,batch-f5-quadratic-repair,5434180547408568371,16988471597361250988,12551973330309342008,0.32616920000873506,,,batch-f5-quadratic-repair-20260824-001
F5,X1,X2,f5-quadratic-repair,56,4,0.07614814211043987,0.07,residual_samples/batch-56-replication-4.csv,null_statistics/batch-56-replication-4.npy,batch-f5-quadratic-repair,15104562498831100710,108220690835995642,13483566955466765332,0.32022689998848364,,,batch-f5-quadratic-repair-20260824-001
F5,X1,X2,f5-quadratic-repair,56,5,0.04817415402475176,0.675,residual_samples/batch-56-replication-5.csv,null_statistics/batch-56-replication-5.npy,batch-f5-quadratic-repair,10372651612548554289,7649589994831322322,17960110118896043776,0.3248992000008002,,,batch-f5-quadratic-repair-20260824-001
F5,X1,X2,f5-quadratic-repair,56,6,0.04238245314501565,0.94,residual_samples/batch-56-replication-6.csv,null_statistics/batch-56-replication-6.npy,batch-f5-quadratic-repair,2884376169565537695,12875314791404312965,1010908874577414714,0.323369600053411,,,batch-f5-quadratic-repair-20260824-001
F5,X1,X2,f5-quadratic-repair,56,7,0.04881031343371865,0.69,residual_samples/batch-56-replication-7.csv,null_statistics/batch-56-replication-7.npy,batch-f5-quadratic-repair,54942121561372052,1914405448470830612,16300211379803760715,0.3205623999820091,,,batch-f5-quadratic-repair-20260824-001
F5,X1,X2,f5-quadratic-repair,56,8,0.05049390227276485,0.53,residual_samples/batch-56-replication-8.csv,null_statistics/batch-56-replication-8.npy,batch-f5-quadratic-repair,17104139854326239642,18185113763421121399,8651419892930380576,0.32364509999752045,,,batch-f5-quadratic-repair-20260824-001
F5,X1,X2,f5-quadratic-repair,56,9,0.05873716902285585,0.27,residual_samples/batch-56-replication-9.csv,null_statistics/batch-56-replication-9.npy,batch-f5-quadratic-repair,3619414348688372830,5327885118624774064,10619301419328846870,0.32177099998807535,,,batch-f5-quadratic-repair-20260824-001
F5,X1,X2,f5-quadratic-repair,57,0,0.05007282744991941,0.63,residual_samples/batch-57-replication-0.csv,null_statistics/batch-57-replication-0.npy,batch-f5-quadratic-repair,14715172640641402774,14292576960898101422,14651794012260935016,0.3243283000192605,,,batch-f5-quadratic-repair-20260824-001
F5,X1,X2,f5-quadratic-repair,57,1,0.05076347292098687,0.605,residual_samples/batch-57-replication-1.csv,null_statistics/batch-57-replication-1.npy,batch-f5-quadratic-repair,16296567746513713466,1087068967129296560,1165652879446906242,0.32815700001083314,,,batch-f5-quadratic-repair-20260824-001
F5,X1,X2,f5-quadratic-repair,57,2,0.07233735344813626,0.085,residual_samples/batch-57-replication-2.csv,null_statistics/batch-57-replication-2.npy,batch-f5-quadratic-repair,14971549722335684952,13899982993286401735,10993493795018158225,0.3244535999838263,,,batch-f5-quadratic-repair-20260824-001
F5,X1,X2,f5-quadratic-repair,57,3,0.04310089436978692,0.92,residual_samples/batch-57-replication-3.csv,null_statistics/batch-57-replication-3.npy,batch-f5-quadratic-repair,1094924614967412542,2902120341671672197,7631327978290974820,0.32735549996141344,,,batch-f5-quadratic-repair-20260824-001
F5,X1,X2,f5-quadratic-repair,57,4,0.05302096090561723,0.56,residual_samples/batch-57-replication-4.csv,null_statistics/batch-57-replication-4.npy,batch-f5-quadratic-repair,9329606536399379679,7361065324539371896,2324205223074483996,0.32195269997464493,,,batch-f5-quadratic-repair-20260824-001
F5,X1,X2,f5-quadratic-repair,57,5,0.06283056010799414,0.15,residual_samples/batch-57-replication-5.csv,null_statistics/batch-57-replication-5.npy,batch-f5-quadratic-repair,3891572733484334522,10800244738879802745,12155517849181339475,0.3214785000309348,,,batch-f5-quadratic-repair-20260824-001
F5,X1,X2,f5-quadratic-repair,57,6,0.054544408457006754,0.455,residual_samples/batch-57-replication-6.csv,null_statistics/batch-57-replication-6.npy,batch-f5-quadratic-repair,6001118546621245387,12811931999778101638,9677603727493202432,0.3206299000303261,,,batch-f5-quadratic-repair-20260824-001
F5,X1,X2,f5-quadratic-repair,57,7,0.06924669420125285,0.08,residual_samples/batch-57-replication-7.csv,null_statistics/batch-57-replication-7.npy,batch-f5-quadratic-repair,8270114037747486394,5803745747240323366,14887661090210947644,0.3246987999882549,,,batch-f5-quadratic-repair-20260824-001
F5,X1,X2,f5-quadratic-repair,57,8,0.04988494100260529,0.645,residual_samples/batch-57-replication-8.csv,null_statistics/batch-57-replication-8.npy,batch-f5-quadratic-repair,2069595642587167634,17039045057493478740,14100395052024164417,0.32179030001861975,,,batch-f5-quadratic-repair-20260824-001
F5,X1,X2,f5-quadratic-repair,57,9,0.05905840822150945,0.32,residual_samples/batch-57-replication-9.csv,null_statistics/batch-57-replication-9.npy,batch-f5-quadratic-repair,144789679904716639,1360001692371158391,425700400461152774,0.3233963999664411,,,batch-f5-quadratic-repair-20260824-001
F5,X1,X2,f5-quadratic-repair,58,0,0.055949913114381494,0.43,residual_samples/batch-58-replication-0.csv,null_statistics/batch-58-replication-0.npy,batch-f5-quadratic-repair,1994861296330856880,17022693862621463260,16467235153432278774,0.3204091999796219,,,batch-f5-quadratic-repair-20260824-001
F5,X1,X2,f5-quadratic-repair,58,1,0.060597776810796165,0.22,residual_samples/batch-58-replication-1.csv,null_statistics/batch-58-replication-1.npy,batch-f5-quadratic-repair,633096608580086909,12957298236083276975,7305009994806786361,0.32057869998971,,,batch-f5-quadratic-repair-20260824-001
F5,X1,X2,f5-quadratic-repair,58,2,0.06201428117089294,0.2,residual_samples/batch-58-replication-2.csv,null_statistics/batch-58-replication-2.npy,batch-f5-quadratic-repair,7905643183800592705,16002723784913626491,8120393222078187049,0.32750439998926595,,,batch-f5-quadratic-repair-20260824-001
F5,X1,X2,f5-quadratic-repair,58,3,0.04002786246327897,0.985,residual_samples/batch-58-replication-3.csv,null_statistics/batch-58-replication-3.npy,batch-f5-quadratic-repair,10269814727093433690,5271301011068715044,15657337763888447407,0.3212894999887794,,,batch-f5-quadratic-repair-20260824-001
F5,X1,X2,f5-quadratic-repair,58,4,0.053662425944523424,0.465,residual_samples/batch-58-replication-4.csv,null_statistics/batch-58-replication-4.npy,batch-f5-quadratic-repair,13961989107498042452,12028127092757835882,2341648750017828412,0.32417989999521524,,,batch-f5-quadratic-repair-20260824-001
F5,X1,X2,f5-quadratic-repair,58,5,0.0725675277658692,0.055,residual_samples/batch-58-replication-5.csv,null_statistics/batch-58-replication-5.npy,batch-f5-quadratic-repair,1921068257748870225,16733505955414015548,18356972864551054382,0.34288179996656254,,,batch-f5-quadratic-repair-20260824-001
F5,X1,X2,f5-quadratic-repair,58,6,0.048059069452646826,0.745,residual_samples/batch-58-replication-6.csv,null_statistics/batch-58-replication-6.npy,batch-f5-quadratic-repair,15917740226340833618,11409220594197475828,7445292430402993136,0.3261334999697283,,,batch-f5-quadratic-repair-20260824-001
F5,X1,X2,f5-quadratic-repair,58,7,0.044913220885528085,0.84,residual_samples/batch-58-replication-7.csv,null_statistics/batch-58-replication-7.npy,batch-f5-quadratic-repair,3328786881278937519,3291596446830678846,8326961885241504371,0.326091599999927,,,batch-f5-quadratic-repair-20260824-001
F5,X1,X2,f5-quadratic-repair,58,8,0.05459352440545823,0.475,residual_samples/batch-58-replication-8.csv,null_statistics/batch-58-replication-8.npy,batch-f5-quadratic-repair,9252680992763070929,7122662675088441710,9900119598928842209,0.3241799999959767,,,batch-f5-quadratic-repair-20260824-001
F5,X1,X2,f5-quadratic-repair,58,9,0.04590155227605364,0.79,residual_samples/batch-58-replication-9.csv,null_statistics/batch-58-replication-9.npy,batch-f5-quadratic-repair,13118825144741776743,12599018795220451150,1200591622105381055,0.32189640001161024,,,batch-f5-quadratic-repair-20260824-001
F5,X1,X2,f5-quadratic-repair,59,0,0.05820480342896065,0.335,residual_samples/batch-59-replication-0.csv,null_statistics/batch-59-replication-0.npy,batch-f5-quadratic-repair,6265130039962894175,10314108715395630809,7138839823045537188,0.3196363999741152,,,batch-f5-quadratic-repair-20260824-001
F5,X1,X2,f5-quadratic-repair,59,1,0.07080620821712104,0.11,residual_samples/batch-59-replication-1.csv,null_statistics/batch-59-replication-1.npy,batch-f5-quadratic-repair,16170477416653313414,16484075908591081581,13761290786292787840,0.32022740005049855,,,batch-f5-quadratic-repair-20260824-001
F5,X1,X2,f5-quadratic-repair,59,2,0.07671414355581985,0.035,residual_samples/batch-59-replication-2.csv,null_statistics/batch-59-replication-2.npy,batch-f5-quadratic-repair,12250963332399121278,5754767027627702884,10128061891505219298,0.32256180001422763,,,batch-f5-quadratic-repair-20260824-001
F5,X1,X2,f5-quadratic-repair,59,3,0.059877851461268554,0.215,residual_samples/batch-59-replication-3.csv,null_statistics/batch-59-replication-3.npy,batch-f5-quadratic-repair,17569566269141654139,15309539696911139999,3553379948618120641,0.3282785000046715,,,batch-f5-quadratic-repair-20260824-001
F5,X1,X2,f5-quadratic-repair,59,4,0.04970555081692618,0.635,residual_samples/batch-59-replication-4.csv,null_statistics/batch-59-replication-4.npy,batch-f5-quadratic-repair,6476622944886069604,5050362885787356739,17278348806903420151,0.3231313000433147,,,batch-f5-quadratic-repair-20260824-001
F5,X1,X2,f5-quadratic-repair,59,5,0.0556087394212414,0.43,residual_samples/batch-59-replication-5.csv,null_statistics/batch-59-replication-5.npy,batch-f5-quadratic-repair,8849178310432593782,11246583938798604069,14239448948812531191,0.3226734999916516,,,batch-f5-quadratic-repair-20260824-001
F5,X1,X2,f5-quadratic-repair,59,6,0.060766541076935514,0.245,residual_samples/batch-59-replication-6.csv,null_statistics/batch-59-replication-6.npy,batch-f5-quadratic-repair,14827826415769987891,13171502366984190165,14339100563722261545,0.32527759997174144,,,batch-f5-quadratic-repair-20260824-001
F5,X1,X2,f5-quadratic-repair,59,7,0.05979786393963063,0.33,residual_samples/batch-59-replication-7.csv,null_statistics/batch-59-replication-7.npy,batch-f5-quadratic-repair,10457465546055427967,17839722061267268032,8508871014880646615,0.3244676999747753,,,batch-f5-quadratic-repair-20260824-001
F5,X1,X2,f5-quadratic-repair,59,8,0.1158772274145401,0.005,residual_samples/batch-59-replication-8.csv,null_statistics/batch-59-replication-8.npy,batch-f5-quadratic-repair,17601697935065981986,12496076362892634675,14467530369995489366,0.33386369998333976,,,batch-f5-quadratic-repair-20260824-001
F5,X1,X2,f5-quadratic-repair,59,9,0.062038226282343935,0.28,residual_samples/batch-59-replication-9.csv,null_statistics/batch-59-replication-9.npy,batch-f5-quadratic-repair,11442957805468915263,2102634459341132663,17006586518305941723,0.3254329999908805,,,batch-f5-quadratic-repair-20260824-001
F5,X1,X2,f5-quadratic-repair,60,0,0.05483131998578029,0.485,residual_samples/batch-60-replication-0.csv,null_statistics/batch-60-replication-0.npy,batch-f5-quadratic-repair,3592723428956510060,16282239606783952618,8726111483276451969,0.32362699997611344,,,batch-f5-quadratic-repair-20260824-001
F5,X1,X2,f5-quadratic-repair,60,1,0.0757520211554362,0.085,residual_samples/batch-60-replication-1.csv,null_statistics/batch-60-replication-1.npy,batch-f5-quadratic-repair,14404485262393804894,16497166691161348753,13461430414487415023,0.3219863999984227,,,batch-f5-quadratic-repair-20260824-001
F5,X1,X2,f5-quadratic-repair,60,2,0.05813941426129715,0.355,residual_samples/batch-60-replication-2.csv,null_statistics/batch-60-replication-2.npy,batch-f5-quadratic-repair,18211544209500419020,2440271753871146220,9010453706755575993,0.3197312999982387,,,batch-f5-quadratic-repair-20260824-001
F5,X1,X2,f5-quadratic-repair,60,3,0.0543272254439589,0.535,residual_samples/batch-60-replication-3.csv,null_statistics/batch-60-replication-3.npy,batch-f5-quadratic-repair,12502610393804398869,825201838429260206,16978819674024320675,0.32736759999534115,,,batch-f5-quadratic-repair-20260824-001
F5,X1,X2,f5-quadratic-repair,60,4,0.06653829301436358,0.125,residual_samples/batch-60-replication-4.csv,null_statistics/batch-60-replication-4.npy,batch-f5-quadratic-repair,2406928533032208783,8850082141720891219,14259764695160386215,0.3234781000064686,,,batch-f5-quadratic-repair-20260824-001
F5,X1,X2,f5-quadratic-repair,60,5,0.05874947430851835,0.3,residual_samples/batch-60-replication-5.csv,null_statistics/batch-60-replication-5.npy,batch-f5-quadratic-repair,17382752589127430009,5255379635576548019,17906471680607831330,0.3204285000101663,,,batch-f5-quadratic-repair-20260824-001
F5,X1,X2,f5-quadratic-repair,60,6,0.04829887387087707,0.67,residual_samples/batch-60-replication-6.csv,null_statistics/batch-60-replication-6.npy,batch-f5-quadratic-repair,3107012590996833238,18200700627364243689,1771796617339712638,0.3236375999986194,,,batch-f5-quadratic-repair-20260824-001
F5,X1,X2,f5-quadratic-repair,60,7,0.05891321947949609,0.22,residual_samples/batch-60-replication-7.csv,null_statistics/batch-60-replication-7.npy,batch-f5-quadratic-repair,282139606050502291,6859335350668107196,11052774765874311060,0.3251303000142798,,,batch-f5-quadratic-repair-20260824-001
F5,X1,X2,f5-quadratic-repair,60,8,0.07339271640924877,0.095,residual_samples/batch-60-replication-8.csv,null_statistics/batch-60-replication-8.npy,batch-f5-quadratic-repair,7898501606603113719,2488398638043769601,7177787087370944576,0.31846799998311326,,,batch-f5-quadratic-repair-20260824-001
F5,X1,X2,f5-quadratic-repair,60,9,0.0653594377236483,0.155,residual_samples/batch-60-replication-9.csv,null_statistics/batch-60-replication-9.npy,batch-f5-quadratic-repair,1687407872007811224,15554944835034529500,1844232050436584899,0.32807520002825186,,,batch-f5-quadratic-repair-20260824-001
F5,X1,X2,f5-quadratic-repair,61,0,0.0729680712861767,0.05,residual_samples/batch-61-replication-0.csv,null_statistics/batch-61-replication-0.npy,batch-f5-quadratic-repair,3015499337842020415,1126959118054242574,8434279423221706365,0.3193502000067383,,,batch-f5-quadratic-repair-20260824-001
F5,X1,X2,f5-quadratic-repair,61,1,0.04676380193460724,0.785,residual_samples/batch-61-replication-1.csv,null_statistics/batch-61-replication-1.npy,batch-f5-quadratic-repair,2394635493090488867,12588864163485193784,6573532915901545511,0.31884020002325997,,,batch-f5-quadratic-repair-20260824-001
F5,X1,X2,f5-quadratic-repair,61,2,0.05652915868567504,0.37,residual_samples/batch-61-replication-2.csv,null_statistics/batch-61-replication-2.npy,batch-f5-quadratic-repair,11110796205409497830,6338198726771400437,2650285269508639463,0.3237187000340782,,,batch-f5-quadratic-repair-20260824-001
F5,X1,X2,f5-quadratic-repair,61,3,0.05720348552028736,0.355,residual_samples/batch-61-replication-3.csv,null_statistics/batch-61-replication-3.npy,batch-f5-quadratic-repair,15968528284751030950,13748273695516252430,14938794392923508633,0.32302319997688755,,,batch-f5-quadratic-repair-20260824-001
F5,X1,X2,f5-quadratic-repair,61,4,0.06869015977005295,0.115,residual_samples/batch-61-replication-4.csv,null_statistics/batch-61-replication-4.npy,batch-f5-quadratic-repair,14548302216307145820,4860199172145118268,18321625576138234232,0.3194106000009924,,,batch-f5-quadratic-repair-20260824-001
F5,X1,X2,f5-quadratic-repair,61,5,0.060028918658098715,0.29,residual_samples/batch-61-replication-5.csv,null_statistics/batch-61-replication-5.npy,batch-f5-quadratic-repair,3928086392907855856,9527232255612956443,9664921624437127707,0.3175846000085585,,,batch-f5-quadratic-repair-20260824-001
F5,X1,X2,f5-quadratic-repair,61,6,0.06547530762288097,0.21,residual_samples/batch-61-replication-6.csv,null_statistics/batch-61-replication-6.npy,batch-f5-quadratic-repair,8196901483680956731,15386726623277353512,16514457359822984710,0.32444369996665046,,,batch-f5-quadratic-repair-20260824-001
F5,X1,X2,f5-quadratic-repair,61,7,0.06040774523526287,0.295,residual_samples/batch-61-replication-7.csv,null_statistics/batch-61-replication-7.npy,batch-f5-quadratic-repair,10054404014839859501,7822716179443747451,15720739024757522335,0.3236229000031017,,,batch-f5-quadratic-repair-20260824-001
F5,X1,X2,f5-quadratic-repair,61,8,0.055714556914687394,0.435,residual_samples/batch-61-replication-8.csv,null_statistics/batch-61-replication-8.npy,batch-f5-quadratic-repair,2780760108742539735,13371197287637068276,15819573753151057657,0.32207110000308603,,,batch-f5-quadratic-repair-20260824-001
F5,X1,X2,f5-quadratic-repair,61,9,0.05393873748267079,0.465,residual_samples/batch-61-replication-9.csv,null_statistics/batch-61-replication-9.npy,batch-f5-quadratic-repair,18042993153823688218,343676493660370807,15656692636012520387,0.3279541999800131,,,batch-f5-quadratic-repair-20260824-001
F5,X1,X2,f5-quadratic-repair,62,0,0.044279827487516105,0.865,residual_samples/batch-62-replication-0.csv,null_statistics/batch-62-replication-0.npy,batch-f5-quadratic-repair,7005813681979573498,2192104033035379587,6889994958585572240,0.32448219996877015,,,batch-f5-quadratic-repair-20260824-001
F5,X1,X2,f5-quadratic-repair,62,1,0.05493221063400551,0.395,residual_samples/batch-62-replication-1.csv,null_statistics/batch-62-replication-1.npy,batch-f5-quadratic-repair,2820319740777084538,4004468417301364071,3491682228550507980,0.3207696000463329,,,batch-f5-quadratic-repair-20260824-001
F5,X1,X2,f5-quadratic-repair,62,2,0.06851406796265602,0.09,residual_samples/batch-62-replication-2.csv,null_statistics/batch-62-replication-2.npy,batch-f5-quadratic-repair,17406895995443198404,15497546390319955329,16197923286368006698,0.32192570000188425,,,batch-f5-quadratic-repair-20260824-001
F5,X1,X2,f5-quadratic-repair,62,3,0.052255962135396315,0.53,residual_samples/batch-62-replication-3.csv,null_statistics/batch-62-replication-3.npy,batch-f5-quadratic-repair,8456450572957504431,6178163501569773081,9122908628840186083,0.3240284000057727,,,batch-f5-quadratic-repair-20260824-001
F5,X1,X2,f5-quadratic-repair,62,4,0.05974039373759972,0.27,residual_samples/batch-62-replication-4.csv,null_statistics/batch-62-replication-4.npy,batch-f5-quadratic-repair,8207483031960027098,3327275445228248270,11079618192111511558,0.3231879999511875,,,batch-f5-quadratic-repair-20260824-001
F5,X1,X2,f5-quadratic-repair,62,5,0.05477655465330919,0.405,residual_samples/batch-62-replication-5.csv,null_statistics/batch-62-replication-5.npy,batch-f5-quadratic-repair,61603119949765057,15892186303316847537,6121360755711040124,0.3248712999629788,,,batch-f5-quadratic-repair-20260824-001
F5,X1,X2,f5-quadratic-repair,62,6,0.07102399411798095,0.065,residual_samples/batch-62-replication-6.csv,null_statistics/batch-62-replication-6.npy,batch-f5-quadratic-repair,6713757573185639795,11085328915148396615,6127791289263540290,0.3228081000270322,,,batch-f5-quadratic-repair-20260824-001
F5,X1,X2,f5-quadratic-repair,62,7,0.04229860629107623,0.955,residual_samples/batch-62-replication-7.csv,null_statistics/batch-62-replication-7.npy,batch-f5-quadratic-repair,14548703111131120325,14948071847843065302,15479411023178072424,0.3236427000374533,,,batch-f5-quadratic-repair-20260824-001
F5,X1,X2,f5-quadratic-repair,62,8,0.04002645051444027,0.945,residual_samples/batch-62-replication-8.csv,null_statistics/batch-62-replication-8.npy,batch-f5-quadratic-repair,5573943915211517326,5834080582638488468,11201086488287996170,0.3220873000100255,,,batch-f5-quadratic-repair-20260824-001
F5,X1,X2,f5-quadratic-repair,62,9,0.05684869313104143,0.355,residual_samples/batch-62-replication-9.csv,null_statistics/batch-62-replication-9.npy,batch-f5-quadratic-repair,4575315142319847718,13803493073146442715,8851523452809321710,0.32109420001506805,,,batch-f5-quadratic-repair-20260824-001
F5,X1,X2,f5-quadratic-repair,63,0,0.04876977248636623,0.68,residual_samples/batch-63-replication-0.csv,null_statistics/batch-63-replication-0.npy,batch-f5-quadratic-repair,9716300596526973258,6222990529770510063,5956984245013275873,0.3191725999931805,,,batch-f5-quadratic-repair-20260824-001
F5,X1,X2,f5-quadratic-repair,63,1,0.04303912693032487,0.875,residual_samples/batch-63-replication-1.csv,null_statistics/batch-63-replication-1.npy,batch-f5-quadratic-repair,2746306805835894569,3340090416585893034,6100158030117695520,0.32078510004794225,,,batch-f5-quadratic-repair-20260824-001
F5,X1,X2,f5-quadratic-repair,63,2,0.04567705608684948,0.755,residual_samples/batch-63-replication-2.csv,null_statistics/batch-63-replication-2.npy,batch-f5-quadratic-repair,6322369147900098600,17443119336690264597,2987216226101407760,0.3227813999983482,,,batch-f5-quadratic-repair-20260824-001
F5,X1,X2,f5-quadratic-repair,63,3,0.05114028422743985,0.595,residual_samples/batch-63-replication-3.csv,null_statistics/batch-63-replication-3.npy,batch-f5-quadratic-repair,12812463765385445295,18110541920913873587,16118093774302378247,0.3197015000041574,,,batch-f5-quadratic-repair-20260824-001
F5,X1,X2,f5-quadratic-repair,63,4,0.04398196770812904,0.82,residual_samples/batch-63-replication-4.csv,null_statistics/batch-63-replication-4.npy,batch-f5-quadratic-repair,8143711891922425528,4165621121269012061,747569100621074792,0.3436595000093803,,,batch-f5-quadratic-repair-20260824-001
F5,X1,X2,f5-quadratic-repair,63,5,0.07475886680763412,0.075,residual_samples/batch-63-replication-5.csv,null_statistics/batch-63-replication-5.npy,batch-f5-quadratic-repair,1548630086100092430,5785146422711729304,15755621996351029168,0.34320170001592487,,,batch-f5-quadratic-repair-20260824-001
F5,X1,X2,f5-quadratic-repair,63,6,0.07801237351108352,0.04,residual_samples/batch-63-replication-6.csv,null_statistics/batch-63-replication-6.npy,batch-f5-quadratic-repair,863066691828013281,10843344513935711436,11154149375940381632,0.3405576000222936,,,batch-f5-quadratic-repair-20260824-001
F5,X1,X2,f5-quadratic-repair,63,7,0.0705220827303712,0.055,residual_samples/batch-63-replication-7.csv,null_statistics/batch-63-replication-7.npy,batch-f5-quadratic-repair,4696113480555909853,2976427093367660333,11945336217384744281,0.3420210999902338,,,batch-f5-quadratic-repair-20260824-001
F5,X1,X2,f5-quadratic-repair,63,8,0.05427859283070387,0.45,residual_samples/batch-63-replication-8.csv,null_statistics/batch-63-replication-8.npy,batch-f5-quadratic-repair,3301715460596278397,2618957615160116077,1814587765425427570,0.3211390000069514,,,batch-f5-quadratic-repair-20260824-001
F5,X1,X2,f5-quadratic-repair,63,9,0.046225842620983164,0.795,residual_samples/batch-63-replication-9.csv,null_statistics/batch-63-replication-9.npy,batch-f5-quadratic-repair,3510658772848106957,12644733775045754283,5516973608755329035,0.32040969998342916,,,batch-f5-quadratic-repair-20260824-001
F5,X1,X2,f5-quadratic-repair,64,0,0.04941623355962208,0.64,residual_samples/batch-64-replication-0.csv,null_statistics/batch-64-replication-0.npy,batch-f5-quadratic-repair,13742590034166065116,6194022964480005637,4177181741873016329,0.32166750001488253,,,batch-f5-quadratic-repair-20260824-001
F5,X1,X2,f5-quadratic-repair,64,1,0.047966012124967095,0.73,residual_samples/batch-64-replication-1.csv,null_statistics/batch-64-replication-1.npy,batch-f5-quadratic-repair,17256306484456374951,3276028645599505698,17547661439504998006,0.3218633999931626,,,batch-f5-quadratic-repair-20260824-001
F5,X1,X2,f5-quadratic-repair,64,2,0.0515471958474165,0.57,residual_samples/batch-64-replication-2.csv,null_statistics/batch-64-replication-2.npy,batch-f5-quadratic-repair,17663498658254081564,11310469620188827992,12427555198653998674,0.3212688999483362,,,batch-f5-quadratic-repair-20260824-001
F5,X1,X2,f5-quadratic-repair,64,3,0.06313499198376127,0.165,residual_samples/batch-64-replication-3.csv,null_statistics/batch-64-replication-3.npy,batch-f5-quadratic-repair,3924666116909863731,6433044950759530819,1547186107855226453,0.32098690001294017,,,batch-f5-quadratic-repair-20260824-001
F5,X1,X2,f5-quadratic-repair,64,4,0.03658134512121618,0.995,residual_samples/batch-64-replication-4.csv,null_statistics/batch-64-replication-4.npy,batch-f5-quadratic-repair,18347033942444744585,9533936685805324976,5529186361860591741,0.3250562999746762,,,batch-f5-quadratic-repair-20260824-001
F5,X1,X2,f5-quadratic-repair,64,5,0.05465001440257257,0.405,residual_samples/batch-64-replication-5.csv,null_statistics/batch-64-replication-5.npy,batch-f5-quadratic-repair,5467399873600431467,5399683307512487870,11825754136940468023,0.32095989998197183,,,batch-f5-quadratic-repair-20260824-001
F5,X1,X2,f5-quadratic-repair,64,6,0.05421188746367914,0.455,residual_samples/batch-64-replication-6.csv,null_statistics/batch-64-replication-6.npy,batch-f5-quadratic-repair,9983393358966324437,9693827573249443501,13275387498746950298,0.32324589998461306,,,batch-f5-quadratic-repair-20260824-001
F5,X1,X2,f5-quadratic-repair,64,7,0.06710675632195956,0.11,residual_samples/batch-64-replication-7.csv,null_statistics/batch-64-replication-7.npy,batch-f5-quadratic-repair,18361115751009987538,4592590306503037992,17949344705129248274,0.32391169999027625,,,batch-f5-quadratic-repair-20260824-001
F5,X1,X2,f5-quadratic-repair,64,8,0.0580386099983699,0.305,residual_samples/batch-64-replication-8.csv,null_statistics/batch-64-replication-8.npy,batch-f5-quadratic-repair,14869723356211074857,13495442410131396568,7260818254527462505,0.3243176999967545,,,batch-f5-quadratic-repair-20260824-001
F5,X1,X2,f5-quadratic-repair,64,9,0.05762233965201444,0.33,residual_samples/batch-64-replication-9.csv,null_statistics/batch-64-replication-9.npy,batch-f5-quadratic-repair,1528173566591556331,11477855189793371648,17629282576526625209,0.3220225000404753,,,batch-f5-quadratic-repair-20260824-001
F5,X1,X2,f5-quadratic-repair,65,0,0.047138597673444534,0.73,residual_samples/batch-65-replication-0.csv,null_statistics/batch-65-replication-0.npy,batch-f5-quadratic-repair,28529082170981274,12070595251398840905,18363935081369215632,0.3220345000154339,,,batch-f5-quadratic-repair-20260824-001
F5,X1,X2,f5-quadratic-repair,65,1,0.05651122351626073,0.33,residual_samples/batch-65-replication-1.csv,null_statistics/batch-65-replication-1.npy,batch-f5-quadratic-repair,9776843624791252256,10438597243200898493,14594805960300514132,0.32260809995932505,,,batch-f5-quadratic-repair-20260824-001
F5,X1,X2,f5-quadratic-repair,65,2,0.06147461637715894,0.235,residual_samples/batch-65-replication-2.csv,null_statistics/batch-65-replication-2.npy,batch-f5-quadratic-repair,8061427016132786482,4471412975598668579,6427438504469989692,0.3210848000016995,,,batch-f5-quadratic-repair-20260824-001
F5,X1,X2,f5-quadratic-repair,65,3,0.07466320200093558,0.065,residual_samples/batch-65-replication-3.csv,null_statistics/batch-65-replication-3.npy,batch-f5-quadratic-repair,1245006687476591677,1536975785101506535,13504512256796699082,0.3249317000154406,,,batch-f5-quadratic-repair-20260824-001
F5,X1,X2,f5-quadratic-repair,65,4,0.05864972700113852,0.335,residual_samples/batch-65-replication-4.csv,null_statistics/batch-65-replication-4.npy,batch-f5-quadratic-repair,18068399780523747489,3957860934362535321,4983278982811814012,0.3217589999549091,,,batch-f5-quadratic-repair-20260824-001
F5,X1,X2,f5-quadratic-repair,65,5,0.06523438970030156,0.14,residual_samples/batch-65-replication-5.csv,null_statistics/batch-65-replication-5.npy,batch-f5-quadratic-repair,3209400435615530284,17310866682689038335,15777358970122349646,0.3222807999700308,,,batch-f5-quadratic-repair-20260824-001
F5,X1,X2,f5-quadratic-repair,65,6,0.05254204143126507,0.51,residual_samples/batch-65-replication-6.csv,null_statistics/batch-65-replication-6.npy,batch-f5-quadratic-repair,3673242652106415056,12971179960330380099,2215143875560431242,0.3251773999654688,,,batch-f5-quadratic-repair-20260824-001
F5,X1,X2,f5-quadratic-repair,65,7,0.04509222848514632,0.855,residual_samples/batch-65-replication-7.csv,null_statistics/batch-65-replication-7.npy,batch-f5-quadratic-repair,11888977135090953013,15099854079013200690,11571471416290458812,0.3204445999581367,,,batch-f5-quadratic-repair-20260824-001
F5,X1,X2,f5-quadratic-repair,65,8,0.04491267075732872,0.79,residual_samples/batch-65-replication-8.csv,null_statistics/batch-65-replication-8.npy,batch-f5-quadratic-repair,9445337032265858271,4161381228136638154,7637099113392119759,0.32751339999958873,,,batch-f5-quadratic-repair-20260824-001
F5,X1,X2,f5-quadratic-repair,65,9,0.053654830968598154,0.46,residual_samples/batch-65-replication-9.csv,null_statistics/batch-65-replication-9.npy,batch-f5-quadratic-repair,15983977815124035654,9484907467335683730,7785825586942428573,0.3247935000108555,,,batch-f5-quadratic-repair-20260824-001
F5,X1,X2,f5-quadratic-repair,66,0,0.05366213014159471,0.465,residual_samples/batch-66-replication-0.csv,null_statistics/batch-66-replication-0.npy,batch-f5-quadratic-repair,6743739957464216580,11348572142514344240,6643818198246802266,0.324626800022088,,,batch-f5-quadratic-repair-20260824-001
F5,X1,X2,f5-quadratic-repair,66,1,0.07405014108483406,0.105,residual_samples/batch-66-replication-1.csv,null_statistics/batch-66-replication-1.npy,batch-f5-quadratic-repair,7054405954239647634,9905999342976150653,3483934972887051962,0.322730700019747,,,batch-f5-quadratic-repair-20260824-001
F5,X1,X2,f5-quadratic-repair,66,2,0.07001390811687697,0.095,residual_samples/batch-66-replication-2.csv,null_statistics/batch-66-replication-2.npy,batch-f5-quadratic-repair,12177091321631772173,1236862478686730232,1635730230511902754,0.32953440002165735,,,batch-f5-quadratic-repair-20260824-001
F5,X1,X2,f5-quadratic-repair,66,3,0.06086660439526147,0.255,residual_samples/batch-66-replication-3.csv,null_statistics/batch-66-replication-3.npy,batch-f5-quadratic-repair,13983999461843032898,18340362703995559152,15691856874863788686,0.3228314000298269,,,batch-f5-quadratic-repair-20260824-001
F5,X1,X2,f5-quadratic-repair,66,4,0.06419232950221525,0.14,residual_samples/batch-66-replication-4.csv,null_statistics/batch-66-replication-4.npy,batch-f5-quadratic-repair,6346309570904619594,16714872093812175170,7163465384995055164,0.322766600002069,,,batch-f5-quadratic-repair-20260824-001
F5,X1,X2,f5-quadratic-repair,66,5,0.04145256957665527,0.945,residual_samples/batch-66-replication-5.csv,null_statistics/batch-66-replication-5.npy,batch-f5-quadratic-repair,6829120945566642881,9100702918963436748,13115126320502347493,0.32527819997631013,,,batch-f5-quadratic-repair-20260824-001
F5,X1,X2,f5-quadratic-repair,66,6,0.04835577173004125,0.785,residual_samples/batch-66-replication-6.csv,null_statistics/batch-66-replication-6.npy,batch-f5-quadratic-repair,1600749078165697931,5478907869864962531,5633760374487924670,0.3208924999926239,,,batch-f5-quadratic-repair-20260824-001
F5,X1,X2,f5-quadratic-repair,66,7,0.0772256420986358,0.04,residual_samples/batch-66-replication-7.csv,null_statistics/batch-66-replication-7.npy,batch-f5-quadratic-repair,5401789295322850208,15127642427612956542,270632296861877965,0.3268187000066973,,,batch-f5-quadratic-repair-20260824-001
F5,X1,X2,f5-quadratic-repair,66,8,0.05200295675367966,0.58,residual_samples/batch-66-replication-8.csv,null_statistics/batch-66-replication-8.npy,batch-f5-quadratic-repair,12357377218067708463,6854030986401418952,7689834158748880900,0.3244156999862753,,,batch-f5-quadratic-repair-20260824-001
F5,X1,X2,f5-quadratic-repair,66,9,0.07075638573647025,0.075,residual_samples/batch-66-replication-9.csv,null_statistics/batch-66-replication-9.npy,batch-f5-quadratic-repair,2541628978935458960,14221659126001547938,13684880563516833770,0.3234254000126384,,,batch-f5-quadratic-repair-20260824-001
F5,X1,X2,f5-quadratic-repair,67,0,0.07191420555828772,0.07,residual_samples/batch-67-replication-0.csv,null_statistics/batch-67-replication-0.npy,batch-f5-quadratic-repair,18307111747635138881,17770160539811602933,6680024831450363185,0.3190016000298783,,,batch-f5-quadratic-repair-20260824-001
F5,X1,X2,f5-quadratic-repair,67,1,0.06930132520036378,0.115,residual_samples/batch-67-replication-1.csv,null_statistics/batch-67-replication-1.npy,batch-f5-quadratic-repair,13056574810829625000,2296737705807938138,4234085331480099001,0.32466079998994246,,,batch-f5-quadratic-repair-20260824-001
F5,X1,X2,f5-quadratic-repair,67,2,0.04480651956874804,0.89,residual_samples/batch-67-replication-2.csv,null_statistics/batch-67-replication-2.npy,batch-f5-quadratic-repair,14326089339090715855,15443043977603262123,2546643591562951629,0.3218305000336841,,,batch-f5-quadratic-repair-20260824-001
F5,X1,X2,f5-quadratic-repair,67,3,0.04683157208749285,0.705,residual_samples/batch-67-replication-3.csv,null_statistics/batch-67-replication-3.npy,batch-f5-quadratic-repair,11791316494048007093,9586758488801193112,772981136195648838,0.3201239000190981,,,batch-f5-quadratic-repair-20260824-001
F5,X1,X2,f5-quadratic-repair,67,4,0.054084490277542134,0.49,residual_samples/batch-67-replication-4.csv,null_statistics/batch-67-replication-4.npy,batch-f5-quadratic-repair,3104836103215042807,601221119691895560,7113585132655500161,0.32138430001214147,,,batch-f5-quadratic-repair-20260824-001
F5,X1,X2,f5-quadratic-repair,67,5,0.05511643251725991,0.405,residual_samples/batch-67-replication-5.csv,null_statistics/batch-67-replication-5.npy,batch-f5-quadratic-repair,8076402794778148048,7704259664603320109,8599812197062378304,0.3227177999797277,,,batch-f5-quadratic-repair-20260824-001
F5,X1,X2,f5-quadratic-repair,67,6,0.07056461249648004,0.065,residual_samples/batch-67-replication-6.csv,null_statistics/batch-67-replication-6.npy,batch-f5-quadratic-repair,16582883057576875383,10285038235522999704,6108994028434300300,0.3191418999922462,,,batch-f5-quadratic-repair-20260824-001
F5,X1,X2,f5-quadratic-repair,67,7,0.0554231103883056,0.435,residual_samples/batch-67-replication-7.csv,null_statistics/batch-67-replication-7.npy,batch-f5-quadratic-repair,6876083407470152869,10280455506424060255,11971270015452263321,0.31655340001452714,,,batch-f5-quadratic-repair-20260824-001
F5,X1,X2,f5-quadratic-repair,67,8,0.05193484948744323,0.52,residual_samples/batch-67-replication-8.csv,null_statistics/batch-67-replication-8.npy,batch-f5-quadratic-repair,1609347456853804880,7842912693962274531,11134337636594025061,0.3239392999676056,,,batch-f5-quadratic-repair-20260824-001
F5,X1,X2,f5-quadratic-repair,67,9,0.04038988017621829,0.95,residual_samples/batch-67-replication-9.csv,null_statistics/batch-67-replication-9.npy,batch-f5-quadratic-repair,6506320736190386453,5365170450936071942,8687863383786727881,0.3390372999710962,,,batch-f5-quadratic-repair-20260824-001
F5,X1,X2,f5-quadratic-repair,68,0,0.06579733493040224,0.135,residual_samples/batch-68-replication-0.csv,null_statistics/batch-68-replication-0.npy,batch-f5-quadratic-repair,12523037321805772128,2986522691260347211,4806163593800272545,0.3259647999657318,,,batch-f5-quadratic-repair-20260824-001
F5,X1,X2,f5-quadratic-repair,68,1,0.04196206541109568,0.925,residual_samples/batch-68-replication-1.csv,null_statistics/batch-68-replication-1.npy,batch-f5-quadratic-repair,16188800095295474176,13003768266432165548,14780181396220801707,0.32108449999941513,,,batch-f5-quadratic-repair-20260824-001
F5,X1,X2,f5-quadratic-repair,68,2,0.058807938830451295,0.305,residual_samples/batch-68-replication-2.csv,null_statistics/batch-68-replication-2.npy,batch-f5-quadratic-repair,14351698555658218455,15395070656767814874,4683101251425349319,0.32390210003359243,,,batch-f5-quadratic-repair-20260824-001
F5,X1,X2,f5-quadratic-repair,68,3,0.047971367585573445,0.665,residual_samples/batch-68-replication-3.csv,null_statistics/batch-68-replication-3.npy,batch-f5-quadratic-repair,7524303679352005469,12354517325104077646,4312870867386643180,0.328208299994003,,,batch-f5-quadratic-repair-20260824-001
F5,X1,X2,f5-quadratic-repair,68,4,0.07278663239233714,0.07,residual_samples/batch-68-replication-4.csv,null_statistics/batch-68-replication-4.npy,batch-f5-quadratic-repair,2776521755812908381,12175863397209728281,15556310379598132076,0.3233013999997638,,,batch-f5-quadratic-repair-20260824-001
F5,X1,X2,f5-quadratic-repair,68,5,0.0739167175908578,0.09,residual_samples/batch-68-replication-5.csv,null_statistics/batch-68-replication-5.npy,batch-f5-quadratic-repair,8691118961877459746,13711795540983059379,1707282414833246215,0.32390639994991943,,,batch-f5-quadratic-repair-20260824-001
F5,X1,X2,f5-quadratic-repair,68,6,0.06489070443267997,0.17,residual_samples/batch-68-replication-6.csv,null_statistics/batch-68-replication-6.npy,batch-f5-quadratic-repair,10727291361065312099,4565689941489032420,6855060219396003147,0.32147909997729585,,,batch-f5-quadratic-repair-20260824-001
F5,X1,X2,f5-quadratic-repair,68,7,0.045606686396509964,0.825,residual_samples/batch-68-replication-7.csv,null_statistics/batch-68-replication-7.npy,batch-f5-quadratic-repair,5023217477309591077,7368487245243542031,3874593687441276751,0.3243036000058055,,,batch-f5-quadratic-repair-20260824-001
F5,X1,X2,f5-quadratic-repair,68,8,0.046759975812645675,0.775,residual_samples/batch-68-replication-8.csv,null_statistics/batch-68-replication-8.npy,batch-f5-quadratic-repair,10010244651118228716,17075021530527085834,16858629565934323717,0.3215790000394918,,,batch-f5-quadratic-repair-20260824-001
F5,X1,X2,f5-quadratic-repair,68,9,0.05975812334908694,0.26,residual_samples/batch-68-replication-9.csv,null_statistics/batch-68-replication-9.npy,batch-f5-quadratic-repair,16468632023060195344,3749915869891548355,5935418276626733900,0.3247402000124566,,,batch-f5-quadratic-repair-20260824-001
F5,X1,X2,f5-quadratic-repair,69,0,0.04100690011451071,0.93,residual_samples/batch-69-replication-0.csv,null_statistics/batch-69-replication-0.npy,batch-f5-quadratic-repair,9594837864017451030,17686365527275265780,9762130717514137776,0.3352143000229262,,,batch-f5-quadratic-repair-20260824-001
F5,X1,X2,f5-quadratic-repair,69,1,0.060426111434846025,0.28,residual_samples/batch-69-replication-1.csv,null_statistics/batch-69-replication-1.npy,batch-f5-quadratic-repair,14212537236255290226,7159698064235650811,7650716140877415222,0.3240828000125475,,,batch-f5-quadratic-repair-20260824-001
F5,X1,X2,f5-quadratic-repair,69,2,0.04380922459814286,0.88,residual_samples/batch-69-replication-2.csv,null_statistics/batch-69-replication-2.npy,batch-f5-quadratic-repair,8473090426121785913,5963405227424627691,3287947524769317793,0.320431100029964,,,batch-f5-quadratic-repair-20260824-001
F5,X1,X2,f5-quadratic-repair,69,3,0.049706841738806073,0.635,residual_samples/batch-69-replication-3.csv,null_statistics/batch-69-replication-3.npy,batch-f5-quadratic-repair,7296005736899194600,10128448890121983686,16185700081406354860,0.325834599963855,,,batch-f5-quadratic-repair-20260824-001
F5,X1,X2,f5-quadratic-repair,69,4,0.05097177253524394,0.605,residual_samples/batch-69-replication-4.csv,null_statistics/batch-69-replication-4.npy,batch-f5-quadratic-repair,2374736956517322984,17069829826073017537,5954944969819531694,0.3217066999641247,,,batch-f5-quadratic-repair-20260824-001
F5,X1,X2,f5-quadratic-repair,69,5,0.046188346188385465,0.755,residual_samples/batch-69-replication-5.csv,null_statistics/batch-69-replication-5.npy,batch-f5-quadratic-repair,16018685605126577139,6956178020512075053,11710379862228834182,0.32158250000793487,,,batch-f5-quadratic-repair-20260824-001
F5,X1,X2,f5-quadratic-repair,69,6,0.045261925786664006,0.815,residual_samples/batch-69-replication-6.csv,null_statistics/batch-69-replication-6.npy,batch-f5-quadratic-repair,7863841892372819990,14063337783750727176,28346245092892828,0.3231225999770686,,,batch-f5-quadratic-repair-20260824-001
F5,X1,X2,f5-quadratic-repair,69,7,0.04616842900513647,0.815,residual_samples/batch-69-replication-7.csv,null_statistics/batch-69-replication-7.npy,batch-f5-quadratic-repair,17131360092259133940,11018129973462554478,15108102516316788364,0.3254156999755651,,,batch-f5-quadratic-repair-20260824-001
F5,X1,X2,f5-quadratic-repair,69,8,0.03998732115420735,0.945,residual_samples/batch-69-replication-8.csv,null_statistics/batch-69-replication-8.npy,batch-f5-quadratic-repair,18332849048383652883,14703199344892799740,1802396945104659086,0.3250497999833897,,,batch-f5-quadratic-repair-20260824-001
F5,X1,X2,f5-quadratic-repair,69,9,0.06614055961697672,0.145,residual_samples/batch-69-replication-9.csv,null_statistics/batch-69-replication-9.npy,batch-f5-quadratic-repair,4302075527299055273,9368561319673705255,17458918825533154351,0.32612139999400824,,,batch-f5-quadratic-repair-20260824-001
F5,X1,X2,f5-quadratic-repair,70,0,0.05158416133466058,0.55,residual_samples/batch-70-replication-0.csv,null_statistics/batch-70-replication-0.npy,batch-f5-quadratic-repair,13576926514110100895,13065543180392538242,12997688540725347253,0.3300489999819547,,,batch-f5-quadratic-repair-20260824-001
F5,X1,X2,f5-quadratic-repair,70,1,0.0442753006671275,0.825,residual_samples/batch-70-replication-1.csv,null_statistics/batch-70-replication-1.npy,batch-f5-quadratic-repair,3123504134519660006,13001011539694590797,2883512585355284538,0.3260871999664232,,,batch-f5-quadratic-repair-20260824-001
F5,X1,X2,f5-quadratic-repair,70,2,0.045459156446682164,0.835,residual_samples/batch-70-replication-2.csv,null_statistics/batch-70-replication-2.npy,batch-f5-quadratic-repair,1617382868713830658,9339158632934161495,11601989308942700709,0.32817910000449046,,,batch-f5-quadratic-repair-20260824-001
F5,X1,X2,f5-quadratic-repair,70,3,0.0782285863421743,0.06,residual_samples/batch-70-replication-3.csv,null_statistics/batch-70-replication-3.npy,batch-f5-quadratic-repair,13457003579543155999,738134197578560339,17498613082543389513,0.32861800002865493,,,batch-f5-quadratic-repair-20260824-001
F5,X1,X2,f5-quadratic-repair,70,4,0.07406125193192886,0.09,residual_samples/batch-70-replication-4.csv,null_statistics/batch-70-replication-4.npy,batch-f5-quadratic-repair,7964061951586719132,12585518004606445727,10931045439316576368,0.3326907999580726,,,batch-f5-quadratic-repair-20260824-001
F5,X1,X2,f5-quadratic-repair,70,5,0.04323397330797357,0.915,residual_samples/batch-70-replication-5.csv,null_statistics/batch-70-replication-5.npy,batch-f5-quadratic-repair,15735862308480328249,12880858524635800855,11726311067075494410,0.3235922000021674,,,batch-f5-quadratic-repair-20260824-001
F5,X1,X2,f5-quadratic-repair,70,6,0.05563089236672535,0.325,residual_samples/batch-70-replication-6.csv,null_statistics/batch-70-replication-6.npy,batch-f5-quadratic-repair,16064399683418944443,2396234767441417329,16150497848272153770,0.32458620000397786,,,batch-f5-quadratic-repair-20260824-001
F5,X1,X2,f5-quadratic-repair,70,7,0.04418357133136011,0.925,residual_samples/batch-70-replication-7.csv,null_statistics/batch-70-replication-7.npy,batch-f5-quadratic-repair,7180624267857427836,580224221542257269,11123904671609302621,0.3271297999890521,,,batch-f5-quadratic-repair-20260824-001
F5,X1,X2,f5-quadratic-repair,70,8,0.05925468594782633,0.325,residual_samples/batch-70-replication-8.csv,null_statistics/batch-70-replication-8.npy,batch-f5-quadratic-repair,426098532493707633,15006768260736356764,13252220063500128266,0.3207016999949701,,,batch-f5-quadratic-repair-20260824-001
F5,X1,X2,f5-quadratic-repair,70,9,0.04951705236856465,0.68,residual_samples/batch-70-replication-9.csv,null_statistics/batch-70-replication-9.npy,batch-f5-quadratic-repair,15150404627963342732,14667904752296464679,13790548655435873630,0.3238021999713965,,,batch-f5-quadratic-repair-20260824-001
F5,X1,X2,f5-quadratic-repair,71,0,0.05611866490216882,0.31,residual_samples/batch-71-replication-0.csv,null_statistics/batch-71-replication-0.npy,batch-f5-quadratic-repair,11272134686163789103,17234355608792621016,2406610972329745071,0.32406040001660585,,,batch-f5-quadratic-repair-20260824-001
F5,X1,X2,f5-quadratic-repair,71,1,0.045387318947589,0.78,residual_samples/batch-71-replication-1.csv,null_statistics/batch-71-replication-1.npy,batch-f5-quadratic-repair,12951081528516903800,9908215567886137501,12961719630744282398,0.3235112000256777,,,batch-f5-quadratic-repair-20260824-001
F5,X1,X2,f5-quadratic-repair,71,2,0.07712406542486891,0.05,residual_samples/batch-71-replication-2.csv,null_statistics/batch-71-replication-2.npy,batch-f5-quadratic-repair,17538849869749236567,5955974549082092294,1578737440628123279,0.32065159996272996,,,batch-f5-quadratic-repair-20260824-001
F5,X1,X2,f5-quadratic-repair,71,3,0.049266108214027673,0.615,residual_samples/batch-71-replication-3.csv,null_statistics/batch-71-replication-3.npy,batch-f5-quadratic-repair,12303196355589870648,15544753364962102833,5482306369237099316,0.32095969998044893,,,batch-f5-quadratic-repair-20260824-001
F5,X1,X2,f5-quadratic-repair,71,4,0.08398079407647567,0.03,residual_samples/batch-71-replication-4.csv,null_statistics/batch-71-replication-4.npy,batch-f5-quadratic-repair,886082766109400194,2986331046826106471,16193092867489736749,0.3242764999740757,,,batch-f5-quadratic-repair-20260824-001
F5,X1,X2,f5-quadratic-repair,71,5,0.06554517735981558,0.2,residual_samples/batch-71-replication-5.csv,null_statistics/batch-71-replication-5.npy,batch-f5-quadratic-repair,11244559270391814472,15800770796185742099,2301566176230330667,0.32484920002752915,,,batch-f5-quadratic-repair-20260824-001
F5,X1,X2,f5-quadratic-repair,71,6,0.08741172566683783,0.01,residual_samples/batch-71-replication-6.csv,null_statistics/batch-71-replication-6.npy,batch-f5-quadratic-repair,14634355250648887306,4875827140339597643,18431965803723462737,0.32217020000098273,,,batch-f5-quadratic-repair-20260824-001
F5,X1,X2,f5-quadratic-repair,71,7,0.042378760744314466,0.965,residual_samples/batch-71-replication-7.csv,null_statistics/batch-71-replication-7.npy,batch-f5-quadratic-repair,15143931313753330097,5513728511956687109,14228363187857883981,0.32090360001893714,,,batch-f5-quadratic-repair-20260824-001
F5,X1,X2,f5-quadratic-repair,71,8,0.04981435349454318,0.675,residual_samples/batch-71-replication-8.csv,null_statistics/batch-71-replication-8.npy,batch-f5-quadratic-repair,17304508776187758726,10447887005090715799,7938703346753542333,0.322426600032486,,,batch-f5-quadratic-repair-20260824-001
F5,X1,X2,f5-quadratic-repair,71,9,0.05620356446636743,0.4,residual_samples/batch-71-replication-9.csv,null_statistics/batch-71-replication-9.npy,batch-f5-quadratic-repair,16075321277439448529,2161843810796433926,6738395984964275065,0.3241376999649219,,,batch-f5-quadratic-repair-20260824-001
F5,X1,X2,f5-quadratic-repair,72,0,0.054387420615523575,0.425,residual_samples/batch-72-replication-0.csv,null_statistics/batch-72-replication-0.npy,batch-f5-quadratic-repair,5835635373020064955,3357105785387846045,5893663838727365537,0.32310679997317493,,,batch-f5-quadratic-repair-20260824-001
F5,X1,X2,f5-quadratic-repair,72,1,0.06440951513237639,0.195,residual_samples/batch-72-replication-1.csv,null_statistics/batch-72-replication-1.npy,batch-f5-quadratic-repair,4372544943920668779,13423919069078667739,8220756859891956032,0.32396759995026514,,,batch-f5-quadratic-repair-20260824-001
F5,X1,X2,f5-quadratic-repair,72,2,0.0573592090845735,0.34,residual_samples/batch-72-replication-2.csv,null_statistics/batch-72-replication-2.npy,batch-f5-quadratic-repair,15961142266929617132,13180524966125545628,4627163146799234594,0.32335600000806153,,,batch-f5-quadratic-repair-20260824-001
F5,X1,X2,f5-quadratic-repair,72,3,0.05059952714647991,0.595,residual_samples/batch-72-replication-3.csv,null_statistics/batch-72-replication-3.npy,batch-f5-quadratic-repair,7833747333742494355,8307779120763508896,14404832610261156661,0.31773149996297434,,,batch-f5-quadratic-repair-20260824-001
F5,X1,X2,f5-quadratic-repair,72,4,0.055839493985220374,0.33,residual_samples/batch-72-replication-4.csv,null_statistics/batch-72-replication-4.npy,batch-f5-quadratic-repair,4362629334157858509,696377907915618411,4274159145498740218,0.32268079998902977,,,batch-f5-quadratic-repair-20260824-001
F5,X1,X2,f5-quadratic-repair,72,5,0.04793648415468339,0.695,residual_samples/batch-72-replication-5.csv,null_statistics/batch-72-replication-5.npy,batch-f5-quadratic-repair,14666478224802780876,13008118033907710006,1173030854892292711,0.32483649998903275,,,batch-f5-quadratic-repair-20260824-001
F5,X1,X2,f5-quadratic-repair,72,6,0.0647832681467238,0.17,residual_samples/batch-72-replication-6.csv,null_statistics/batch-72-replication-6.npy,batch-f5-quadratic-repair,4497459519422343571,3195643521956135012,3763962661346217116,0.321683700021822,,,batch-f5-quadratic-repair-20260824-001
F5,X1,X2,f5-quadratic-repair,72,7,0.05364041953215886,0.47,residual_samples/batch-72-replication-7.csv,null_statistics/batch-72-replication-7.npy,batch-f5-quadratic-repair,7399302940947391985,14755783078254445734,7807784342787756010,0.32249499997124076,,,batch-f5-quadratic-repair-20260824-001
F5,X1,X2,f5-quadratic-repair,72,8,0.043389118317771154,0.895,residual_samples/batch-72-replication-8.csv,null_statistics/batch-72-replication-8.npy,batch-f5-quadratic-repair,6841427592520064581,12617055461173346375,8098518289356425046,0.3212217999971472,,,batch-f5-quadratic-repair-20260824-001
F5,X1,X2,f5-quadratic-repair,72,9,0.044625222306392265,0.85,residual_samples/batch-72-replication-9.csv,null_statistics/batch-72-replication-9.npy,batch-f5-quadratic-repair,17569252925571496120,11873991132623445771,786828533485315000,0.3228041999973357,,,batch-f5-quadratic-repair-20260824-001
F5,X1,X2,f5-quadratic-repair,73,0,0.06390456682578019,0.185,residual_samples/batch-73-replication-0.csv,null_statistics/batch-73-replication-0.npy,batch-f5-quadratic-repair,14410643378892956069,2304614601320554711,10446814501973490060,0.3200061999959871,,,batch-f5-quadratic-repair-20260824-001
F5,X1,X2,f5-quadratic-repair,73,1,0.053306847400547884,0.455,residual_samples/batch-73-replication-1.csv,null_statistics/batch-73-replication-1.npy,batch-f5-quadratic-repair,18295936592588112710,12570825579985147420,9833432859854833947,0.3254972000140697,,,batch-f5-quadratic-repair-20260824-001
F5,X1,X2,f5-quadratic-repair,73,2,0.07981790903876967,0.045,residual_samples/batch-73-replication-2.csv,null_statistics/batch-73-replication-2.npy,batch-f5-quadratic-repair,629091566219295088,1296228703762493833,3845920527935457247,0.31930249999277294,,,batch-f5-quadratic-repair-20260824-001
F5,X1,X2,f5-quadratic-repair,73,3,0.03830275228922725,0.995,residual_samples/batch-73-replication-3.csv,null_statistics/batch-73-replication-3.npy,batch-f5-quadratic-repair,5694306685583135744,6978396962273601126,11480925114161889955,0.31805940001504496,,,batch-f5-quadratic-repair-20260824-001
F5,X1,X2,f5-quadratic-repair,73,4,0.052300922153163065,0.49,residual_samples/batch-73-replication-4.csv,null_statistics/batch-73-replication-4.npy,batch-f5-quadratic-repair,1611119928495204963,12748174968162276666,17960348566633017674,0.322211199963931,,,batch-f5-quadratic-repair-20260824-001
F5,X1,X2,f5-quadratic-repair,73,5,0.04644872251275571,0.72,residual_samples/batch-73-replication-5.csv,null_statistics/batch-73-replication-5.npy,batch-f5-quadratic-repair,2731225897856281863,9002217648705662542,7385233173955568009,0.3250926999608055,,,batch-f5-quadratic-repair-20260824-001
F5,X1,X2,f5-quadratic-repair,73,6,0.059798343028560366,0.225,residual_samples/batch-73-replication-6.csv,null_statistics/batch-73-replication-6.npy,batch-f5-quadratic-repair,13804236074369326691,1055160915938350458,1615547951644583076,0.3196726000169292,,,batch-f5-quadratic-repair-20260824-001
F5,X1,X2,f5-quadratic-repair,73,7,0.046588482974273836,0.77,residual_samples/batch-73-replication-7.csv,null_statistics/batch-73-replication-7.npy,batch-f5-quadratic-repair,1239823748665996068,16478723017598911615,15941220236767109067,0.322990300017409,,,batch-f5-quadratic-repair-20260824-001
F5,X1,X2,f5-quadratic-repair,73,8,0.043272904976002634,0.875,residual_samples/batch-73-replication-8.csv,null_statistics/batch-73-replication-8.npy,batch-f5-quadratic-repair,12220763438581415744,336898720335760608,1188151202427117807,0.3211778999539092,,,batch-f5-quadratic-repair-20260824-001
F5,X1,X2,f5-quadratic-repair,73,9,0.03921530627083797,0.985,residual_samples/batch-73-replication-9.csv,null_statistics/batch-73-replication-9.npy,batch-f5-quadratic-repair,17514029308322822219,1203441654332606918,5809025078769289323,0.3229511000099592,,,batch-f5-quadratic-repair-20260824-001
F5,X1,X2,f5-quadratic-repair,74,0,0.05751287092318177,0.355,residual_samples/batch-74-replication-0.csv,null_statistics/batch-74-replication-0.npy,batch-f5-quadratic-repair,8423947747877954353,344799352437251457,17611241575557100218,0.3191434000036679,,,batch-f5-quadratic-repair-20260824-001
F5,X1,X2,f5-quadratic-repair,74,1,0.04867085017799711,0.715,residual_samples/batch-74-replication-1.csv,null_statistics/batch-74-replication-1.npy,batch-f5-quadratic-repair,3938894640544139921,3957802745144266732,17711670660124009435,0.3221975999767892,,,batch-f5-quadratic-repair-20260824-001
F5,X1,X2,f5-quadratic-repair,74,2,0.054414887272130646,0.49,residual_samples/batch-74-replication-2.csv,null_statistics/batch-74-replication-2.npy,batch-f5-quadratic-repair,2054440092505942978,1631144297913249152,16762067100177740360,0.3263671000022441,,,batch-f5-quadratic-repair-20260824-001
F5,X1,X2,f5-quadratic-repair,74,3,0.07350228685349938,0.05,residual_samples/batch-74-replication-3.csv,null_statistics/batch-74-replication-3.npy,batch-f5-quadratic-repair,577649348698337051,5317073225870218449,13197463322668274015,0.3245115000172518,,,batch-f5-quadratic-repair-20260824-001
F5,X1,X2,f5-quadratic-repair,74,4,0.04126643817123291,0.955,residual_samples/batch-74-replication-4.csv,null_statistics/batch-74-replication-4.npy,batch-f5-quadratic-repair,13066599298125413415,3415234401328101707,13585074353121734314,0.32018019998213276,,,batch-f5-quadratic-repair-20260824-001
F5,X1,X2,f5-quadratic-repair,74,5,0.07790053002558234,0.045,residual_samples/batch-74-replication-5.csv,null_statistics/batch-74-replication-5.npy,batch-f5-quadratic-repair,12446938526247545116,18246519669134002404,10691395973319941690,0.3201623000204563,,,batch-f5-quadratic-repair-20260824-001
F5,X1,X2,f5-quadratic-repair,74,6,0.047984481371534174,0.625,residual_samples/batch-74-replication-6.csv,null_statistics/batch-74-replication-6.npy,batch-f5-quadratic-repair,16918418657044347136,1804917417275720832,2892811906444792772,0.3248718000249937,,,batch-f5-quadratic-repair-20260824-001
F5,X1,X2,f5-quadratic-repair,74,7,0.05882338456470218,0.215,residual_samples/batch-74-replication-7.csv,null_statistics/batch-74-replication-7.npy,batch-f5-quadratic-repair,961767061787207019,5310995767850523226,416202824059172476,0.32334659999469295,,,batch-f5-quadratic-repair-20260824-001
F5,X1,X2,f5-quadratic-repair,74,8,0.06479306829304057,0.195,residual_samples/batch-74-replication-8.csv,null_statistics/batch-74-replication-8.npy,batch-f5-quadratic-repair,10882958524042127382,12646094124489594899,13320921360609317987,0.32309659995371476,,,batch-f5-quadratic-repair-20260824-001
F5,X1,X2,f5-quadratic-repair,74,9,0.06009990590033085,0.295,residual_samples/batch-74-replication-9.csv,null_statistics/batch-74-replication-9.npy,batch-f5-quadratic-repair,14825159029738463031,7287455718521094075,14374386381884624749,0.3222533999942243,,,batch-f5-quadratic-repair-20260824-001
F5,X1,X2,f5-quadratic-repair,75,0,0.044868253962781636,0.845,residual_samples/batch-75-replication-0.csv,null_statistics/batch-75-replication-0.npy,batch-f5-quadratic-repair,17368766715084623690,17268038878740746996,5890065139064329493,0.32112410000991076,,,batch-f5-quadratic-repair-20260824-001
F5,X1,X2,f5-quadratic-repair,75,1,0.06905197591936638,0.09,residual_samples/batch-75-replication-1.csv,null_statistics/batch-75-replication-1.npy,batch-f5-quadratic-repair,3815166506637584621,14490734501112876634,10558722605385859895,0.3230023999931291,,,batch-f5-quadratic-repair-20260824-001
F5,X1,X2,f5-quadratic-repair,75,2,0.05410304884160812,0.52,residual_samples/batch-75-replication-2.csv,null_statistics/batch-75-replication-2.npy,batch-f5-quadratic-repair,1395483232349715056,18229220340454066013,2614184407705309889,0.3229233999736607,,,batch-f5-quadratic-repair-20260824-001
F5,X1,X2,f5-quadratic-repair,75,3,0.044235175826603954,0.87,residual_samples/batch-75-replication-3.csv,null_statistics/batch-75-replication-3.npy,batch-f5-quadratic-repair,13925198499593958703,18194710569206707806,13316235333956368328,0.3223240000079386,,,batch-f5-quadratic-repair-20260824-001
F5,X1,X2,f5-quadratic-repair,75,4,0.047453707318331595,0.725,residual_samples/batch-75-replication-4.csv,null_statistics/batch-75-replication-4.npy,batch-f5-quadratic-repair,4202191693068421591,3986562611361324021,9704743472364231450,0.31881570001132786,,,batch-f5-quadratic-repair-20260824-001
F5,X1,X2,f5-quadratic-repair,75,5,0.0733558659650443,0.07,residual_samples/batch-75-replication-5.csv,null_statistics/batch-75-replication-5.npy,batch-f5-quadratic-repair,8253471338327975304,6442623956478145695,12368712511790538107,0.3235887999762781,,,batch-f5-quadratic-repair-20260824-001
F5,X1,X2,f5-quadratic-repair,75,6,0.04453654837778665,0.915,residual_samples/batch-75-replication-6.csv,null_statistics/batch-75-replication-6.npy,batch-f5-quadratic-repair,9354881743410592055,2293379499691822494,4852994863142154627,0.3224495999747887,,,batch-f5-quadratic-repair-20260824-001
F5,X1,X2,f5-quadratic-repair,75,7,0.04211662304031102,0.95,residual_samples/batch-75-replication-7.csv,null_statistics/batch-75-replication-7.npy,batch-f5-quadratic-repair,5518157259077549783,12279914563578101610,3038935377680912412,0.3236412000260316,,,batch-f5-quadratic-repair-20260824-001
F5,X1,X2,f5-quadratic-repair,75,8,0.04282832850515018,0.905,residual_samples/batch-75-replication-8.csv,null_statistics/batch-75-replication-8.npy,batch-f5-quadratic-repair,2630232224033357911,12387199041359391316,12313154124780262794,0.3268215999705717,,,batch-f5-quadratic-repair-20260824-001
F5,X1,X2,f5-quadratic-repair,75,9,0.054935550701370926,0.395,residual_samples/batch-75-replication-9.csv,null_statistics/batch-75-replication-9.npy,batch-f5-quadratic-repair,16322519547160155305,15165131524937048494,18247873338082978679,0.3235534999985248,,,batch-f5-quadratic-repair-20260824-001
F5,X1,X2,f5-quadratic-repair,76,0,0.041231444134473216,0.965,residual_samples/batch-76-replication-0.csv,null_statistics/batch-76-replication-0.npy,batch-f5-quadratic-repair,15247052731816517712,4659132578746071008,14949228292417155147,0.33294549997663125,,,batch-f5-quadratic-repair-20260824-001
F5,X1,X2,f5-quadratic-repair,76,1,0.04717820789443219,0.79,residual_samples/batch-76-replication-1.csv,null_statistics/batch-76-replication-1.npy,batch-f5-quadratic-repair,11682110809917365376,2201805720118344568,10775370911591287941,0.32231030002003536,,,batch-f5-quadratic-repair-20260824-001
F5,X1,X2,f5-quadratic-repair,76,2,0.05240249742943466,0.55,residual_samples/batch-76-replication-2.csv,null_statistics/batch-76-replication-2.npy,batch-f5-quadratic-repair,16052566554025722074,2488703559205477368,13136281341127129841,0.3232613999862224,,,batch-f5-quadratic-repair-20260824-001
F5,X1,X2,f5-quadratic-repair,76,3,0.05882779006591952,0.345,residual_samples/batch-76-replication-3.csv,null_statistics/batch-76-replication-3.npy,batch-f5-quadratic-repair,485064059251216550,16951121194631597869,15493441623354961769,0.32023909996496513,,,batch-f5-quadratic-repair-20260824-001
F5,X1,X2,f5-quadratic-repair,76,4,0.04542226500949941,0.865,residual_samples/batch-76-replication-4.csv,null_statistics/batch-76-replication-4.npy,batch-f5-quadratic-repair,13582187498762079270,2898573658037329487,12159258352589198359,0.32439180003711954,,,batch-f5-quadratic-repair-20260824-001
F5,X1,X2,f5-quadratic-repair,76,5,0.05352679258719969,0.55,residual_samples/batch-76-replication-5.csv,null_statistics/batch-76-replication-5.npy,batch-f5-quadratic-repair,9547283206103912589,6771659216278481815,8411380683915736496,0.3229886000044644,,,batch-f5-quadratic-repair-20260824-001
F5,X1,X2,f5-quadratic-repair,76,6,0.046656765906532886,0.775,residual_samples/batch-76-replication-6.csv,null_statistics/batch-76-replication-6.npy,batch-f5-quadratic-repair,5226576099152095306,260147304717723191,964031451221288100,0.32335459999740124,,,batch-f5-quadratic-repair-20260824-001
F5,X1,X2,f5-quadratic-repair,76,7,0.03942474248054427,0.965,residual_samples/batch-76-replication-7.csv,null_statistics/batch-76-replication-7.npy,batch-f5-quadratic-repair,11771099093888343580,6886326074315102992,6765100870704522352,0.3237935000215657,,,batch-f5-quadratic-repair-20260824-001
F5,X1,X2,f5-quadratic-repair,76,8,0.05045102003425111,0.625,residual_samples/batch-76-replication-8.csv,null_statistics/batch-76-replication-8.npy,batch-f5-quadratic-repair,1940393794347450905,18350518315390898338,15367507853669642020,0.32071820000419393,,,batch-f5-quadratic-repair-20260824-001
F5,X1,X2,f5-quadratic-repair,76,9,0.04542392307388485,0.815,residual_samples/batch-76-replication-9.csv,null_statistics/batch-76-replication-9.npy,batch-f5-quadratic-repair,6557979572125933103,9877414444201457581,4010122009235089149,0.32050500001059845,,,batch-f5-quadratic-repair-20260824-001
F5,X1,X2,f5-quadratic-repair,77,0,0.046522723001478715,0.745,residual_samples/batch-77-replication-0.csv,null_statistics/batch-77-replication-0.npy,batch-f5-quadratic-repair,18341388002904503009,5768380707512665259,11389310735748411788,0.3241311999736354,,,batch-f5-quadratic-repair-20260824-001
F5,X1,X2,f5-quadratic-repair,77,1,0.05292955730421881,0.465,residual_samples/batch-77-replication-1.csv,null_statistics/batch-77-replication-1.npy,batch-f5-quadratic-repair,2553204527798438211,4424469586950458093,17690053088610378285,0.3220314999925904,,,batch-f5-quadratic-repair-20260824-001
F5,X1,X2,f5-quadratic-repair,77,2,0.06368376863799055,0.215,residual_samples/batch-77-replication-2.csv,null_statistics/batch-77-replication-2.npy,batch-f5-quadratic-repair,6680393230380510653,4445936639631760042,13425619831885276443,0.32126749999588355,,,batch-f5-quadratic-repair-20260824-001
F5,X1,X2,f5-quadratic-repair,77,3,0.05794861298410279,0.365,residual_samples/batch-77-replication-3.csv,null_statistics/batch-77-replication-3.npy,batch-f5-quadratic-repair,5329232799547830159,13885063425903487633,8246710623098442589,0.3211569999693893,,,batch-f5-quadratic-repair-20260824-001
F5,X1,X2,f5-quadratic-repair,77,4,0.0661187661342854,0.17,residual_samples/batch-77-replication-4.csv,null_statistics/batch-77-replication-4.npy,batch-f5-quadratic-repair,9241464819637151919,11325245360683199792,13439433660711127521,0.32182210002793,,,batch-f5-quadratic-repair-20260824-001
F5,X1,X2,f5-quadratic-repair,77,5,0.0626589956616272,0.225,residual_samples/batch-77-replication-5.csv,null_statistics/batch-77-replication-5.npy,batch-f5-quadratic-repair,11006431761023960821,6124134110002434430,12531673333720586470,0.32370730000548065,,,batch-f5-quadratic-repair-20260824-001
F5,X1,X2,f5-quadratic-repair,77,6,0.06181779667726204,0.23,residual_samples/batch-77-replication-6.csv,null_statistics/batch-77-replication-6.npy,batch-f5-quadratic-repair,9259626348549562472,8075436353517132087,16035461035019509920,0.32215220003854483,,,batch-f5-quadratic-repair-20260824-001
F5,X1,X2,f5-quadratic-repair,77,7,0.04296924378515572,0.935,residual_samples/batch-77-replication-7.csv,null_statistics/batch-77-replication-7.npy,batch-f5-quadratic-repair,2121895228317783039,8201673173781211351,14283311213751629754,0.3213024999713525,,,batch-f5-quadratic-repair-20260824-001
F5,X1,X2,f5-quadratic-repair,77,8,0.0374813074630541,0.985,residual_samples/batch-77-replication-8.csv,null_statistics/batch-77-replication-8.npy,batch-f5-quadratic-repair,16431684227554335857,10907524181312333340,14945649086163756763,0.31875019997823983,,,batch-f5-quadratic-repair-20260824-001
F5,X1,X2,f5-quadratic-repair,77,9,0.048961030981083946,0.67,residual_samples/batch-77-replication-9.csv,null_statistics/batch-77-replication-9.npy,batch-f5-quadratic-repair,11457828005397944058,5208518557568588584,13305993091993502867,0.31838040001457557,,,batch-f5-quadratic-repair-20260824-001
F5,X1,X2,f5-quadratic-repair,78,0,0.04549449380290692,0.82,residual_samples/batch-78-replication-0.csv,null_statistics/batch-78-replication-0.npy,batch-f5-quadratic-repair,11994218947647107587,16276959695960040646,17637647836901899828,0.3217333999928087,,,batch-f5-quadratic-repair-20260824-001
F5,X1,X2,f5-quadratic-repair,78,1,0.054866217305195995,0.405,residual_samples/batch-78-replication-1.csv,null_statistics/batch-78-replication-1.npy,batch-f5-quadratic-repair,3593093874966784797,11008337398504264784,9380395947079779389,0.32351169997127727,,,batch-f5-quadratic-repair-20260824-001
F5,X1,X2,f5-quadratic-repair,78,2,0.047026847014349546,0.805,residual_samples/batch-78-replication-2.csv,null_statistics/batch-78-replication-2.npy,batch-f5-quadratic-repair,657631319002523975,5206173082271852178,4865108512940423416,0.32238619995769113,,,batch-f5-quadratic-repair-20260824-001
F5,X1,X2,f5-quadratic-repair,78,3,0.047460535155993515,0.68,residual_samples/batch-78-replication-3.csv,null_statistics/batch-78-replication-3.npy,batch-f5-quadratic-repair,92958228189324728,11829287643417192018,8598984455627276977,0.3241135000134818,,,batch-f5-quadratic-repair-20260824-001
F5,X1,X2,f5-quadratic-repair,78,4,0.045559795506436324,0.785,residual_samples/batch-78-replication-4.csv,null_statistics/batch-78-replication-4.npy,batch-f5-quadratic-repair,5442151622329582378,17229986350839718312,2061961162408896919,0.32477769994875416,,,batch-f5-quadratic-repair-20260824-001
F5,X1,X2,f5-quadratic-repair,78,5,0.03791086232859086,0.98,residual_samples/batch-78-replication-5.csv,null_statistics/batch-78-replication-5.npy,batch-f5-quadratic-repair,6160513955062269828,2592650614608609984,7360448160329152985,0.32055730000138283,,,batch-f5-quadratic-repair-20260824-001
F5,X1,X2,f5-quadratic-repair,78,6,0.04192628294703439,0.92,residual_samples/batch-78-replication-6.csv,null_statistics/batch-78-replication-6.npy,batch-f5-quadratic-repair,12180127075618537780,10095478380508853491,15226079805996377900,0.32179070002166554,,,batch-f5-quadratic-repair-20260824-001
F5,X1,X2,f5-quadratic-repair,78,7,0.06745551636870609,0.13,residual_samples/batch-78-replication-7.csv,null_statistics/batch-78-replication-7.npy,batch-f5-quadratic-repair,9778517850859969058,13075466112933864776,15276018722169972041,0.3232884000171907,,,batch-f5-quadratic-repair-20260824-001
F5,X1,X2,f5-quadratic-repair,78,8,0.0609042017523101,0.265,residual_samples/batch-78-replication-8.csv,null_statistics/batch-78-replication-8.npy,batch-f5-quadratic-repair,17878822010368639500,16853388841029579098,10372644009775678874,0.3228368000127375,,,batch-f5-quadratic-repair-20260824-001
F5,X1,X2,f5-quadratic-repair,78,9,0.05715552708281265,0.315,residual_samples/batch-78-replication-9.csv,null_statistics/batch-78-replication-9.npy,batch-f5-quadratic-repair,11261111940845929065,825718876517548572,1139099771586703497,0.3236583999823779,,,batch-f5-quadratic-repair-20260824-001
F5,X1,X2,f5-quadratic-repair,79,0,0.06049258030750714,0.24,residual_samples/batch-79-replication-0.csv,null_statistics/batch-79-replication-0.npy,batch-f5-quadratic-repair,14347416085409485241,8213802894791315125,15099400129940677641,0.32315140002174303,,,batch-f5-quadratic-repair-20260824-001
F5,X1,X2,f5-quadratic-repair,79,1,0.05280821560186063,0.585,residual_samples/batch-79-replication-1.csv,null_statistics/batch-79-replication-1.npy,batch-f5-quadratic-repair,3867487882349314302,12362469465323063463,14711126632843960944,0.32014550000894815,,,batch-f5-quadratic-repair-20260824-001
F5,X1,X2,f5-quadratic-repair,79,2,0.059861889306132544,0.325,residual_samples/batch-79-replication-2.csv,null_statistics/batch-79-replication-2.npy,batch-f5-quadratic-repair,12426310822635039945,7354087650309711761,18329189744671538291,0.3236870999680832,,,batch-f5-quadratic-repair-20260824-001
F5,X1,X2,f5-quadratic-repair,79,3,0.049554923615007664,0.63,residual_samples/batch-79-replication-3.csv,null_statistics/batch-79-replication-3.npy,batch-f5-quadratic-repair,7149206174065357209,5218834573379752400,4567819750237866924,0.31980179995298386,,,batch-f5-quadratic-repair-20260824-001
F5,X1,X2,f5-quadratic-repair,79,4,0.04388217764966591,0.865,residual_samples/batch-79-replication-4.csv,null_statistics/batch-79-replication-4.npy,batch-f5-quadratic-repair,12401841387047889074,17844740411353528902,12023506144342118382,0.3213621000177227,,,batch-f5-quadratic-repair-20260824-001
F5,X1,X2,f5-quadratic-repair,79,5,0.07703717645257155,0.035,residual_samples/batch-79-replication-5.csv,null_statistics/batch-79-replication-5.npy,batch-f5-quadratic-repair,8900657627290885750,3116951605915524180,10487183493612421396,0.31872939999448135,,,batch-f5-quadratic-repair-20260824-001
F5,X1,X2,f5-quadratic-repair,79,6,0.06578767829939756,0.185,residual_samples/batch-79-replication-6.csv,null_statistics/batch-79-replication-6.npy,batch-f5-quadratic-repair,5341500299435355283,14000617489950832612,3303179602321035474,0.32013950002146885,,,batch-f5-quadratic-repair-20260824-001
F5,X1,X2,f5-quadratic-repair,79,7,0.04985514183189716,0.645,residual_samples/batch-79-replication-7.csv,null_statistics/batch-79-replication-7.npy,batch-f5-quadratic-repair,10997659782420427534,6560724033804702841,7477552687850497500,0.33605669997632504,,,batch-f5-quadratic-repair-20260824-001
F5,X1,X2,f5-quadratic-repair,79,8,0.052782557198820926,0.5,residual_samples/batch-79-replication-8.csv,null_statistics/batch-79-replication-8.npy,batch-f5-quadratic-repair,15074411969414076586,2546089473555442572,18235061029261788573,0.32877690001623705,,,batch-f5-quadratic-repair-20260824-001
F5,X1,X2,f5-quadratic-repair,79,9,0.07705541987659857,0.06,residual_samples/batch-79-replication-9.csv,null_statistics/batch-79-replication-9.npy,batch-f5-quadratic-repair,6511564754365761840,18389122953006651803,1018351882396573417,0.32582369999727234,,,batch-f5-quadratic-repair-20260824-001
F5,X1,X2,f5-quadratic-repair,80,0,0.05477653876869155,0.35,residual_samples/batch-80-replication-0.csv,null_statistics/batch-80-replication-0.npy,batch-f5-quadratic-repair,12151689754607427629,12883884975465239236,1977850115609931153,0.32188309996854514,,,batch-f5-quadratic-repair-20260824-001
F5,X1,X2,f5-quadratic-repair,80,1,0.04426323354334132,0.825,residual_samples/batch-80-replication-1.csv,null_statistics/batch-80-replication-1.npy,batch-f5-quadratic-repair,8049057237924763564,14673061129499157718,9760305014297832746,0.3234565000166185,,,batch-f5-quadratic-repair-20260824-001
F5,X1,X2,f5-quadratic-repair,80,2,0.04945258894244236,0.645,residual_samples/batch-80-replication-2.csv,null_statistics/batch-80-replication-2.npy,batch-f5-quadratic-repair,1995416310089256425,5958503682516984515,7553946161113435407,0.3219688000390306,,,batch-f5-quadratic-repair-20260824-001
F5,X1,X2,f5-quadratic-repair,80,3,0.04820797650290585,0.67,residual_samples/batch-80-replication-3.csv,null_statistics/batch-80-replication-3.npy,batch-f5-quadratic-repair,18383730747771516498,12070164741176047524,1351924745902638713,0.32255280000390485,,,batch-f5-quadratic-repair-20260824-001
F5,X1,X2,f5-quadratic-repair,80,4,0.06858067724579416,0.095,residual_samples/batch-80-replication-4.csv,null_statistics/batch-80-replication-4.npy,batch-f5-quadratic-repair,14841345731840001586,12208274164958088141,3304732073234072115,0.3254674000199884,,,batch-f5-quadratic-repair-20260824-001
F5,X1,X2,f5-quadratic-repair,80,5,0.06452859992836422,0.17,residual_samples/batch-80-replication-5.csv,null_statistics/batch-80-replication-5.npy,batch-f5-quadratic-repair,2173572092916533872,6436091964185566506,11752204601823095510,0.3413371000206098,,,batch-f5-quadratic-repair-20260824-001
F5,X1,X2,f5-quadratic-repair,80,6,0.044671277100156816,0.87,residual_samples/batch-80-replication-6.csv,null_statistics/batch-80-replication-6.npy,batch-f5-quadratic-repair,13443869593424503754,1246554012925131480,9007970914695603937,0.36441799998283386,,,batch-f5-quadratic-repair-20260824-001
F5,X1,X2,f5-quadratic-repair,80,7,0.06335331762564053,0.22,residual_samples/batch-80-replication-7.csv,null_statistics/batch-80-replication-7.npy,batch-f5-quadratic-repair,2501873984407020331,13521000362776393868,13709014957247016974,0.35422070004278794,,,batch-f5-quadratic-repair-20260824-001
F5,X1,X2,f5-quadratic-repair,80,8,0.04581541325163682,0.815,residual_samples/batch-80-replication-8.csv,null_statistics/batch-80-replication-8.npy,batch-f5-quadratic-repair,13369254011559265346,5568312870285639733,15418111631600016926,0.3920835999888368,,,batch-f5-quadratic-repair-20260824-001
F5,X1,X2,f5-quadratic-repair,80,9,0.05205499156519534,0.575,residual_samples/batch-80-replication-9.csv,null_statistics/batch-80-replication-9.npy,batch-f5-quadratic-repair,3510591696042712171,8770534451006769189,1469510906642180465,0.3361845000181347,,,batch-f5-quadratic-repair-20260824-001
F5,X1,X2,f5-quadratic-repair,81,0,0.058720309751972795,0.335,residual_samples/batch-81-replication-0.csv,null_statistics/batch-81-replication-0.npy,batch-f5-quadratic-repair,12709379165848046026,8000761913075400790,7481756480442098058,0.35182280000299215,,,batch-f5-quadratic-repair-20260824-001
F5,X1,X2,f5-quadratic-repair,81,1,0.04987784412609437,0.65,residual_samples/batch-81-replication-1.csv,null_statistics/batch-81-replication-1.npy,batch-f5-quadratic-repair,10280684524199448144,368370150042295532,5841719308497773002,0.36435679998248816,,,batch-f5-quadratic-repair-20260824-001
F5,X1,X2,f5-quadratic-repair,81,2,0.05150353313327079,0.525,residual_samples/batch-81-replication-2.csv,null_statistics/batch-81-replication-2.npy,batch-f5-quadratic-repair,13635131438208447638,3912902928093165258,6572480175317243762,0.3290341999963857,,,batch-f5-quadratic-repair-20260824-001
F5,X1,X2,f5-quadratic-repair,81,3,0.04572944069214009,0.82,residual_samples/batch-81-replication-3.csv,null_statistics/batch-81-replication-3.npy,batch-f5-quadratic-repair,14026498385297273371,10426160486406225519,11993610443127816592,0.32578020001528785,,,batch-f5-quadratic-repair-20260824-001
F5,X1,X2,f5-quadratic-repair,81,4,0.04409808556233825,0.865,residual_samples/batch-81-replication-4.csv,null_statistics/batch-81-replication-4.npy,batch-f5-quadratic-repair,11085105615233950308,149590646575166358,8247460171957315718,0.32610760000534356,,,batch-f5-quadratic-repair-20260824-001
F5,X1,X2,f5-quadratic-repair,81,5,0.05076644109506085,0.61,residual_samples/batch-81-replication-5.csv,null_statistics/batch-81-replication-5.npy,batch-f5-quadratic-repair,11850499398498475442,17610212952514814816,9088368972073516745,0.3242838999722153,,,batch-f5-quadratic-repair-20260824-001
F5,X1,X2,f5-quadratic-repair,81,6,0.04741285473660156,0.745,residual_samples/batch-81-replication-6.csv,null_statistics/batch-81-replication-6.npy,batch-f5-quadratic-repair,1535743664043309218,3127311318707089591,8142142208896531283,0.3234496000222862,,,batch-f5-quadratic-repair-20260824-001
F5,X1,X2,f5-quadratic-repair,81,7,0.05850726340065972,0.305,residual_samples/batch-81-replication-7.csv,null_statistics/batch-81-replication-7.npy,batch-f5-quadratic-repair,4165218121873401559,13911377362510127413,17138991381043024306,0.3243353000143543,,,batch-f5-quadratic-repair-20260824-001
F5,X1,X2,f5-quadratic-repair,81,8,0.05805519521447098,0.32,residual_samples/batch-81-replication-8.csv,null_statistics/batch-81-replication-8.npy,batch-f5-quadratic-repair,18103663599104247541,13207925427273338921,16849450187304566830,0.32581239996943623,,,batch-f5-quadratic-repair-20260824-001
F5,X1,X2,f5-quadratic-repair,81,9,0.045318258413117166,0.84,residual_samples/batch-81-replication-9.csv,null_statistics/batch-81-replication-9.npy,batch-f5-quadratic-repair,561482938400910850,2345705710392033386,6141915222912067122,0.3285345999756828,,,batch-f5-quadratic-repair-20260824-001
F5,X1,X2,f5-quadratic-repair,82,0,0.05184087465663726,0.63,residual_samples/batch-82-replication-0.csv,null_statistics/batch-82-replication-0.npy,batch-f5-quadratic-repair,7887021945290825652,6602277921564040957,10760371320230910672,0.3575844999868423,,,batch-f5-quadratic-repair-20260824-001
F5,X1,X2,f5-quadratic-repair,82,1,0.06432413990147183,0.165,residual_samples/batch-82-replication-1.csv,null_statistics/batch-82-replication-1.npy,batch-f5-quadratic-repair,13439198311216888417,1316760599303485500,11438621307091622696,0.40112429996952415,,,batch-f5-quadratic-repair-20260824-001
F5,X1,X2,f5-quadratic-repair,82,2,0.06733173873724313,0.145,residual_samples/batch-82-replication-2.csv,null_statistics/batch-82-replication-2.npy,batch-f5-quadratic-repair,3753043171474579772,9178906608845898293,17679478204434331608,0.41874400002416223,,,batch-f5-quadratic-repair-20260824-001
F5,X1,X2,f5-quadratic-repair,82,3,0.05180218646633582,0.555,residual_samples/batch-82-replication-3.csv,null_statistics/batch-82-replication-3.npy,batch-f5-quadratic-repair,3924405609966578679,11636871879913042392,11363916948256720537,0.39588019996881485,,,batch-f5-quadratic-repair-20260824-001
F5,X1,X2,f5-quadratic-repair,82,4,0.057699347058769175,0.37,residual_samples/batch-82-replication-4.csv,null_statistics/batch-82-replication-4.npy,batch-f5-quadratic-repair,13967026840144186321,6435488495755496797,7222630809969334797,0.39892279997002333,,,batch-f5-quadratic-repair-20260824-001
F5,X1,X2,f5-quadratic-repair,82,5,0.04152227550620282,0.96,residual_samples/batch-82-replication-5.csv,null_statistics/batch-82-replication-5.npy,batch-f5-quadratic-repair,809431476018356282,5563346912955774282,1076196441455610921,0.33456699998350814,,,batch-f5-quadratic-repair-20260824-001
F5,X1,X2,f5-quadratic-repair,82,6,0.048811985454305915,0.7,residual_samples/batch-82-replication-6.csv,null_statistics/batch-82-replication-6.npy,batch-f5-quadratic-repair,16268198993191131245,15368160905625327379,2177382268567913742,0.38251570001011714,,,batch-f5-quadratic-repair-20260824-001
F5,X1,X2,f5-quadratic-repair,82,7,0.044333050864362976,0.87,residual_samples/batch-82-replication-7.csv,null_statistics/batch-82-replication-7.npy,batch-f5-quadratic-repair,13346440997800494261,9182537950410105328,7854193778648164094,0.3253876999951899,,,batch-f5-quadratic-repair-20260824-001
F5,X1,X2,f5-quadratic-repair,82,8,0.055561233592294985,0.485,residual_samples/batch-82-replication-8.csv,null_statistics/batch-82-replication-8.npy,batch-f5-quadratic-repair,6595900467220069936,5759035165753091845,8298764904396891426,0.3617715000291355,,,batch-f5-quadratic-repair-20260824-001
F5,X1,X2,f5-quadratic-repair,82,9,0.049473569599852385,0.68,residual_samples/batch-82-replication-9.csv,null_statistics/batch-82-replication-9.npy,batch-f5-quadratic-repair,17783982989654216498,12017676361132281307,2209505452797992070,0.34451679995981976,,,batch-f5-quadratic-repair-20260824-001
F5,X1,X2,f5-quadratic-repair,83,0,0.04978676740531085,0.635,residual_samples/batch-83-replication-0.csv,null_statistics/batch-83-replication-0.npy,batch-f5-quadratic-repair,16006481621767523095,14174944460209893727,5312788497911306397,0.32338389998767525,,,batch-f5-quadratic-repair-20260824-001
F5,X1,X2,f5-quadratic-repair,83,1,0.08171956198183136,0.04,residual_samples/batch-83-replication-1.csv,null_statistics/batch-83-replication-1.npy,batch-f5-quadratic-repair,12232000915855477516,2928124261298102566,11743567830632343578,0.3283907999866642,,,batch-f5-quadratic-repair-20260824-001
F5,X1,X2,f5-quadratic-repair,83,2,0.044695038271958774,0.82,residual_samples/batch-83-replication-2.csv,null_statistics/batch-83-replication-2.npy,batch-f5-quadratic-repair,14917406185473801046,2496273871737968417,2984878796629046856,0.3378415000042878,,,batch-f5-quadratic-repair-20260824-001
F5,X1,X2,f5-quadratic-repair,83,3,0.052824498809040846,0.52,residual_samples/batch-83-replication-3.csv,null_statistics/batch-83-replication-3.npy,batch-f5-quadratic-repair,12046695580865721579,13138612590953001710,10843905960066136239,0.32843559997854754,,,batch-f5-quadratic-repair-20260824-001
F5,X1,X2,f5-quadratic-repair,83,4,0.036832888635042166,0.995,residual_samples/batch-83-replication-4.csv,null_statistics/batch-83-replication-4.npy,batch-f5-quadratic-repair,6487175984170130679,17860719852809048400,6240926824995409044,0.3499930999823846,,,batch-f5-quadratic-repair-20260824-001
F5,X1,X2,f5-quadratic-repair,83,5,0.08281735414741959,0.03,residual_samples/batch-83-replication-5.csv,null_statistics/batch-83-replication-5.npy,batch-f5-quadratic-repair,11900039668154545515,787827623455277080,15651259760019700779,0.325720899971202,,,batch-f5-quadratic-repair-20260824-001
F5,X1,X2,f5-quadratic-repair,83,6,0.060061965557943034,0.28,residual_samples/batch-83-replication-6.csv,null_statistics/batch-83-replication-6.npy,batch-f5-quadratic-repair,14508570387279990923,5798926141564660125,4464930121042861156,0.33114179997937754,,,batch-f5-quadratic-repair-20260824-001
F5,X1,X2,f5-quadratic-repair,83,7,0.04826860973003381,0.74,residual_samples/batch-83-replication-7.csv,null_statistics/batch-83-replication-7.npy,batch-f5-quadratic-repair,6889003766839836427,6516400864787042249,13191180964479064564,0.32195649994537234,,,batch-f5-quadratic-repair-20260824-001
F5,X1,X2,f5-quadratic-repair,83,8,0.04731838835897876,0.785,residual_samples/batch-83-replication-8.csv,null_statistics/batch-83-replication-8.npy,batch-f5-quadratic-repair,9792965421502257781,4314448920812167963,14460078828874778039,0.3616080000065267,,,batch-f5-quadratic-repair-20260824-001
F5,X1,X2,f5-quadratic-repair,83,9,0.05261431278446035,0.505,residual_samples/batch-83-replication-9.csv,null_statistics/batch-83-replication-9.npy,batch-f5-quadratic-repair,17686763422535811689,5230012370208885162,9943591746090248271,0.3500042000086978,,,batch-f5-quadratic-repair-20260824-001
F5,X1,X2,f5-quadratic-repair,84,0,0.055730898264250865,0.37,residual_samples/batch-84-replication-0.csv,null_statistics/batch-84-replication-0.npy,batch-f5-quadratic-repair,8302563880365986963,9647290873253024458,15212421146347237678,0.3214626999688335,,,batch-f5-quadratic-repair-20260824-001
F5,X1,X2,f5-quadratic-repair,84,1,0.044204817242030625,0.805,residual_samples/batch-84-replication-1.csv,null_statistics/batch-84-replication-1.npy,batch-f5-quadratic-repair,2507277636850399492,3185979062569310765,12497642340609000122,0.31742799998028204,,,batch-f5-quadratic-repair-20260824-001
F5,X1,X2,f5-quadratic-repair,84,2,0.059630455818432244,0.25,residual_samples/batch-84-replication-2.csv,null_statistics/batch-84-replication-2.npy,batch-f5-quadratic-repair,3127409490021907521,1122069100593116474,1875029486924316079,0.33145360002527013,,,batch-f5-quadratic-repair-20260824-001
F5,X1,X2,f5-quadratic-repair,84,3,0.054121964321084924,0.505,residual_samples/batch-84-replication-3.csv,null_statistics/batch-84-replication-3.npy,batch-f5-quadratic-repair,3296765101750439996,15801708652066287345,7940929510477590765,0.3226938999723643,,,batch-f5-quadratic-repair-20260824-001
F5,X1,X2,f5-quadratic-repair,84,4,0.0461203460743198,0.8,residual_samples/batch-84-replication-4.csv,null_statistics/batch-84-replication-4.npy,batch-f5-quadratic-repair,18206970445549724122,9068559046352308374,9987250247590617896,0.3268050999613479,,,batch-f5-quadratic-repair-20260824-001
F5,X1,X2,f5-quadratic-repair,84,5,0.05253328899632334,0.6,residual_samples/batch-84-replication-5.csv,null_statistics/batch-84-replication-5.npy,batch-f5-quadratic-repair,15584324988891397325,2234858707906849141,4192317608808952557,0.32422079995740205,,,batch-f5-quadratic-repair-20260824-001
F5,X1,X2,f5-quadratic-repair,84,6,0.0385582700623704,1.0,residual_samples/batch-84-replication-6.csv,null_statistics/batch-84-replication-6.npy,batch-f5-quadratic-repair,1640214812501117544,14812959529528773189,1205687423665879240,0.32953679998172447,,,batch-f5-quadratic-repair-20260824-001
F5,X1,X2,f5-quadratic-repair,84,7,0.0455129299929352,0.82,residual_samples/batch-84-replication-7.csv,null_statistics/batch-84-replication-7.npy,batch-f5-quadratic-repair,16511658936613432118,10644552522215256205,5053265527646601584,0.36035750003065914,,,batch-f5-quadratic-repair-20260824-001
F5,X1,X2,f5-quadratic-repair,84,8,0.04395911574387191,0.89,residual_samples/batch-84-replication-8.csv,null_statistics/batch-84-replication-8.npy,batch-f5-quadratic-repair,2913935286802023280,3230184543093408903,8914008171136639360,0.34282610000809655,,,batch-f5-quadratic-repair-20260824-001
F5,X1,X2,f5-quadratic-repair,84,9,0.061473663904289426,0.235,residual_samples/batch-84-replication-9.csv,null_statistics/batch-84-replication-9.npy,batch-f5-quadratic-repair,34828313603254886,14506908257683929657,11847670736941399952,0.340864900033921,,,batch-f5-quadratic-repair-20260824-001
F5,X1,X2,f5-quadratic-repair,85,0,0.06089406290868515,0.225,residual_samples/batch-85-replication-0.csv,null_statistics/batch-85-replication-0.npy,batch-f5-quadratic-repair,15500740944572140776,369338026530599730,9952793627831243594,0.32855959999142215,,,batch-f5-quadratic-repair-20260824-001
F5,X1,X2,f5-quadratic-repair,85,1,0.06911534011030146,0.095,residual_samples/batch-85-replication-1.csv,null_statistics/batch-85-replication-1.npy,batch-f5-quadratic-repair,4571346312335822056,14364489360713590317,16689017073454959495,0.3241388999740593,,,batch-f5-quadratic-repair-20260824-001
F5,X1,X2,f5-quadratic-repair,85,2,0.050726406835226515,0.565,residual_samples/batch-85-replication-2.csv,null_statistics/batch-85-replication-2.npy,batch-f5-quadratic-repair,8909661918005817779,11062485684777958304,5331267610200817116,0.3232972999685444,,,batch-f5-quadratic-repair-20260824-001
F5,X1,X2,f5-quadratic-repair,85,3,0.053353955431339424,0.53,residual_samples/batch-85-replication-3.csv,null_statistics/batch-85-replication-3.npy,batch-f5-quadratic-repair,8190318302076939180,3000350908414834497,15484747291508381166,0.32264110003598034,,,batch-f5-quadratic-repair-20260824-001
F5,X1,X2,f5-quadratic-repair,85,4,0.046674991443671744,0.735,residual_samples/batch-85-replication-4.csv,null_statistics/batch-85-replication-4.npy,batch-f5-quadratic-repair,3094206255407309574,4588236844753502350,16233474465016901314,0.32261959998868406,,,batch-f5-quadratic-repair-20260824-001
F5,X1,X2,f5-quadratic-repair,85,5,0.05259536012880227,0.555,residual_samples/batch-85-replication-5.csv,null_statistics/batch-85-replication-5.npy,batch-f5-quadratic-repair,2958808785990350982,16040567946301745970,4385586687474764766,0.32165570004144683,,,batch-f5-quadratic-repair-20260824-001
F5,X1,X2,f5-quadratic-repair,85,6,0.060172782396465535,0.245,residual_samples/batch-85-replication-6.csv,null_statistics/batch-85-replication-6.npy,batch-f5-quadratic-repair,10576125996528313748,16218655621856411567,13406065674586992986,0.31986619997769594,,,batch-f5-quadratic-repair-20260824-001
F5,X1,X2,f5-quadratic-repair,85,7,0.041567599540853505,0.905,residual_samples/batch-85-replication-7.csv,null_statistics/batch-85-replication-7.npy,batch-f5-quadratic-repair,14252812790217937439,3490707645208368494,12299406167273783800,0.3225939000258222,,,batch-f5-quadratic-repair-20260824-001
F5,X1,X2,f5-quadratic-repair,85,8,0.045747573619456,0.785,residual_samples/batch-85-replication-8.csv,null_statistics/batch-85-replication-8.npy,batch-f5-quadratic-repair,5273969489468591618,6223767977282439865,3931861141259904900,0.32148600002983585,,,batch-f5-quadratic-repair-20260824-001
F5,X1,X2,f5-quadratic-repair,85,9,0.0544759863296573,0.375,residual_samples/batch-85-replication-9.csv,null_statistics/batch-85-replication-9.npy,batch-f5-quadratic-repair,16530650319960708401,7680371033149711869,2347998589696733417,0.31748899997910485,,,batch-f5-quadratic-repair-20260824-001
F5,X1,X2,f5-quadratic-repair,86,0,0.054031903991823386,0.43,residual_samples/batch-86-replication-0.csv,null_statistics/batch-86-replication-0.npy,batch-f5-quadratic-repair,12872244926870017568,7740479954244917898,3863306767947774195,0.3242653000052087,,,batch-f5-quadratic-repair-20260824-001
F5,X1,X2,f5-quadratic-repair,86,1,0.04749078346709259,0.785,residual_samples/batch-86-replication-1.csv,null_statistics/batch-86-replication-1.npy,batch-f5-quadratic-repair,6359995224209588496,8154084374828887966,1299118893263958523,0.32036160002462566,,,batch-f5-quadratic-repair-20260824-001
F5,X1,X2,f5-quadratic-repair,86,2,0.05797784376950798,0.31,residual_samples/batch-86-replication-2.csv,null_statistics/batch-86-replication-2.npy,batch-f5-quadratic-repair,5723166417198654182,17152348351107678853,13013585245683243704,0.3230665000155568,,,batch-f5-quadratic-repair-20260824-001
F5,X1,X2,f5-quadratic-repair,86,3,0.059292546261068925,0.295,residual_samples/batch-86-replication-3.csv,null_statistics/batch-86-replication-3.npy,batch-f5-quadratic-repair,2652138479491668595,6022894076281650159,16808937496967814763,0.3228310000267811,,,batch-f5-quadratic-repair-20260824-001
F5,X1,X2,f5-quadratic-repair,86,4,0.04285867035177782,0.935,residual_samples/batch-86-replication-4.csv,null_statistics/batch-86-replication-4.npy,batch-f5-quadratic-repair,4198964816323203491,6168185880630920473,10456891592701118290,0.3234861000091769,,,batch-f5-quadratic-repair-20260824-001
F5,X1,X2,f5-quadratic-repair,86,5,0.05050788844563756,0.65,residual_samples/batch-86-replication-5.csv,null_statistics/batch-86-replication-5.npy,batch-f5-quadratic-repair,4158115642560189572,14453763365763086944,5382012347602568971,0.3215477000339888,,,batch-f5-quadratic-repair-20260824-001
F5,X1,X2,f5-quadratic-repair,86,6,0.06201620435031439,0.26,residual_samples/batch-86-replication-6.csv,null_statistics/batch-86-replication-6.npy,batch-f5-quadratic-repair,2363185755353546047,1637333813462696170,1259911245385240836,0.32062940002651885,,,batch-f5-quadratic-repair-20260824-001
F5,X1,X2,f5-quadratic-repair,86,7,0.05796711858647677,0.345,residual_samples/batch-86-replication-7.csv,null_statistics/batch-86-replication-7.npy,batch-f5-quadratic-repair,12571797470150891578,7665701054621689706,8348445909823221677,0.3211390000069514,,,batch-f5-quadratic-repair-20260824-001
F5,X1,X2,f5-quadratic-repair,86,8,0.046440404189679325,0.78,residual_samples/batch-86-replication-8.csv,null_statistics/batch-86-replication-8.npy,batch-f5-quadratic-repair,10477952253695132060,16371805362644857415,13867711045585227497,0.32325429999036714,,,batch-f5-quadratic-repair-20260824-001
F5,X1,X2,f5-quadratic-repair,86,9,0.046926887165064934,0.725,residual_samples/batch-86-replication-9.csv,null_statistics/batch-86-replication-9.npy,batch-f5-quadratic-repair,2662293916751341050,4817317337149579786,14189213640265570220,0.321387899981346,,,batch-f5-quadratic-repair-20260824-001
F5,X1,X2,f5-quadratic-repair,87,0,0.05034781807178851,0.61,residual_samples/batch-87-replication-0.csv,null_statistics/batch-87-replication-0.npy,batch-f5-quadratic-repair,15235995740856066535,12588295313364076976,18085302348920613922,0.3225377000053413,,,batch-f5-quadratic-repair-20260824-001
F5,X1,X2,f5-quadratic-repair,87,1,0.040822677769686753,0.95,residual_samples/batch-87-replication-1.csv,null_statistics/batch-87-replication-1.npy,batch-f5-quadratic-repair,2277910838437483094,12539333548905502865,16687471711562108672,0.3219637000001967,,,batch-f5-quadratic-repair-20260824-001
F5,X1,X2,f5-quadratic-repair,87,2,0.07409530045940434,0.075,residual_samples/batch-87-replication-2.csv,null_statistics/batch-87-replication-2.npy,batch-f5-quadratic-repair,124995483691560809,6296789976610425541,4081922265591915262,0.32072690001223236,,,batch-f5-quadratic-repair-20260824-001
F5,X1,X2,f5-quadratic-repair,87,3,0.0846260875245858,0.03,residual_samples/batch-87-replication-3.csv,null_statistics/batch-87-replication-3.npy,batch-f5-quadratic-repair,9500915689159413476,5357946910345354262,8079650705518440630,0.3199342000298202,,,batch-f5-quadratic-repair-20260824-001
F5,X1,X2,f5-quadratic-repair,87,4,0.05388973903847159,0.47,residual_samples/batch-87-replication-4.csv,null_statistics/batch-87-replication-4.npy,batch-f5-quadratic-repair,14604180626926172314,1113395619917244276,1094319888261625974,0.320876500045415,,,batch-f5-quadratic-repair-20260824-001
F5,X1,X2,f5-quadratic-repair,87,5,0.05976755738614921,0.265,residual_samples/batch-87-replication-5.csv,null_statistics/batch-87-replication-5.npy,batch-f5-quadratic-repair,17556112472299546747,3668216147075956796,12298262240357133956,0.3192132000112906,,,batch-f5-quadratic-repair-20260824-001
F5,X1,X2,f5-quadratic-repair,87,6,0.04662727984898949,0.785,residual_samples/batch-87-replication-6.csv,null_statistics/batch-87-replication-6.npy,batch-f5-quadratic-repair,13737410836479956533,8496935635653914872,2552922963235702523,0.3235010000062175,,,batch-f5-quadratic-repair-20260824-001
F5,X1,X2,f5-quadratic-repair,87,7,0.05178569363717896,0.57,residual_samples/batch-87-replication-7.csv,null_statistics/batch-87-replication-7.npy,batch-f5-quadratic-repair,9467837875687211763,7435562248644557589,7757899090978366622,0.3238702999660745,,,batch-f5-quadratic-repair-20260824-001
F5,X1,X2,f5-quadratic-repair,87,8,0.05414891511767435,0.54,residual_samples/batch-87-replication-8.csv,null_statistics/batch-87-replication-8.npy,batch-f5-quadratic-repair,6915650722981089067,3097697493380570047,8728612139828800965,0.32295080000767484,,,batch-f5-quadratic-repair-20260824-001
F5,X1,X2,f5-quadratic-repair,87,9,0.05678533581513769,0.32,residual_samples/batch-87-replication-9.csv,null_statistics/batch-87-replication-9.npy,batch-f5-quadratic-repair,15404048647649095777,8810902274742604696,6001205101324523474,0.3171680000377819,,,batch-f5-quadratic-repair-20260824-001
F5,X1,X2,f5-quadratic-repair,88,0,0.04250162555734116,0.93,residual_samples/batch-88-replication-0.csv,null_statistics/batch-88-replication-0.npy,batch-f5-quadratic-repair,15414196008343177167,11410275614026277439,12818716200963944233,0.3205007999786176,,,batch-f5-quadratic-repair-20260824-001
F5,X1,X2,f5-quadratic-repair,88,1,0.047945157064482456,0.735,residual_samples/batch-88-replication-1.csv,null_statistics/batch-88-replication-1.npy,batch-f5-quadratic-repair,5649021160493341737,8567144681090388273,10226443159135298911,0.3180809000041336,,,batch-f5-quadratic-repair-20260824-001
F5,X1,X2,f5-quadratic-repair,88,2,0.04504675361239693,0.8,residual_samples/batch-88-replication-2.csv,null_statistics/batch-88-replication-2.npy,batch-f5-quadratic-repair,3298709096878007831,12132317272859195439,6451520703833134991,0.316932900052052,,,batch-f5-quadratic-repair-20260824-001
F5,X1,X2,f5-quadratic-repair,88,3,0.043016376268499044,0.875,residual_samples/batch-88-replication-3.csv,null_statistics/batch-88-replication-3.npy,batch-f5-quadratic-repair,14515749291067415223,7856298692514761085,9762165728811287093,0.3160154999932274,,,batch-f5-quadratic-repair-20260824-001
F5,X1,X2,f5-quadratic-repair,88,4,0.050499133720559086,0.605,residual_samples/batch-88-replication-4.csv,null_statistics/batch-88-replication-4.npy,batch-f5-quadratic-repair,13905622359239353648,11405736176828307349,8099859479192268123,0.3176081000128761,,,batch-f5-quadratic-repair-20260824-001
F5,X1,X2,f5-quadratic-repair,88,5,0.047669411960952035,0.735,residual_samples/batch-88-replication-5.csv,null_statistics/batch-88-replication-5.npy,batch-f5-quadratic-repair,13232122190697604796,11511021020725521217,16230073560001432590,0.31743200001074,,,batch-f5-quadratic-repair-20260824-001
F5,X1,X2,f5-quadratic-repair,88,6,0.04485710392003728,0.85,residual_samples/batch-88-replication-6.csv,null_statistics/batch-88-replication-6.npy,batch-f5-quadratic-repair,10283501262636137608,3301561055934882701,2361711936674960716,0.3278262999956496,,,batch-f5-quadratic-repair-20260824-001
F5,X1,X2,f5-quadratic-repair,88,7,0.04439720534474134,0.815,residual_samples/batch-88-replication-7.csv,null_statistics/batch-88-replication-7.npy,batch-f5-quadratic-repair,14823395731122121512,10139464033352938681,4531006909425542600,0.3184086999972351,,,batch-f5-quadratic-repair-20260824-001
F5,X1,X2,f5-quadratic-repair,88,8,0.0441617596973645,0.865,residual_samples/batch-88-replication-8.csv,null_statistics/batch-88-replication-8.npy,batch-f5-quadratic-repair,349803626529235230,313882662007884217,167995619793088722,0.3181197000085376,,,batch-f5-quadratic-repair-20260824-001
F5,X1,X2,f5-quadratic-repair,88,9,0.053428699548989586,0.445,residual_samples/batch-88-replication-9.csv,null_statistics/batch-88-replication-9.npy,batch-f5-quadratic-repair,4039980273846426774,12860490961560581536,5341699567858416498,0.31517179997172207,,,batch-f5-quadratic-repair-20260824-001
F5,X1,X2,f5-quadratic-repair,89,0,0.0523957035623369,0.595,residual_samples/batch-89-replication-0.csv,null_statistics/batch-89-replication-0.npy,batch-f5-quadratic-repair,6635726860396076458,13931259128964713254,10112439186572075778,0.3239971000002697,,,batch-f5-quadratic-repair-20260824-001
F5,X1,X2,f5-quadratic-repair,89,1,0.06195518859381962,0.22,residual_samples/batch-89-replication-1.csv,null_statistics/batch-89-replication-1.npy,batch-f5-quadratic-repair,16220587644149606234,3037452594990545281,12611863531540432166,0.32114630000432953,,,batch-f5-quadratic-repair-20260824-001
F5,X1,X2,f5-quadratic-repair,89,2,0.055723018806418716,0.425,residual_samples/batch-89-replication-2.csv,null_statistics/batch-89-replication-2.npy,batch-f5-quadratic-repair,17487792846329017525,2274137443764225559,1231047539917442682,0.317970999982208,,,batch-f5-quadratic-repair-20260824-001
F5,X1,X2,f5-quadratic-repair,89,3,0.058393071424157166,0.335,residual_samples/batch-89-replication-3.csv,null_statistics/batch-89-replication-3.npy,batch-f5-quadratic-repair,16168484202892808975,12714347685918564021,3323336787589979187,0.3298310000100173,,,batch-f5-quadratic-repair-20260824-001
F5,X1,X2,f5-quadratic-repair,89,4,0.06342222729746938,0.185,residual_samples/batch-89-replication-4.csv,null_statistics/batch-89-replication-4.npy,batch-f5-quadratic-repair,2724219165147875508,9393230780012227389,14401718724456571099,0.3174970999825746,,,batch-f5-quadratic-repair-20260824-001
F5,X1,X2,f5-quadratic-repair,89,5,0.0504626172066983,0.67,residual_samples/batch-89-replication-5.csv,null_statistics/batch-89-replication-5.npy,batch-f5-quadratic-repair,12835304467940385112,16874121570858774736,12259907483996613298,0.31622790003893897,,,batch-f5-quadratic-repair-20260824-001
F5,X1,X2,f5-quadratic-repair,89,6,0.048545040709169214,0.715,residual_samples/batch-89-replication-6.csv,null_statistics/batch-89-replication-6.npy,batch-f5-quadratic-repair,17305532524049407026,2921176742622454329,12434251201049959748,0.32178350002504885,,,batch-f5-quadratic-repair-20260824-001
F5,X1,X2,f5-quadratic-repair,89,7,0.07927208016378023,0.04,residual_samples/batch-89-replication-7.csv,null_statistics/batch-89-replication-7.npy,batch-f5-quadratic-repair,3650460604777396046,8403602054352997331,855748681743600349,0.329402300005313,,,batch-f5-quadratic-repair-20260824-001
F5,X1,X2,f5-quadratic-repair,89,8,0.0536874983363984,0.525,residual_samples/batch-89-replication-8.csv,null_statistics/batch-89-replication-8.npy,batch-f5-quadratic-repair,6050558602476029598,14249432401676189925,2278259181044343289,0.3191767000243999,,,batch-f5-quadratic-repair-20260824-001
F5,X1,X2,f5-quadratic-repair,89,9,0.05571982622819943,0.38,residual_samples/batch-89-replication-9.csv,null_statistics/batch-89-replication-9.npy,batch-f5-quadratic-repair,9471911455637974006,87874214848536198,8236502819866382367,0.3178160999668762,,,batch-f5-quadratic-repair-20260824-001
F5,X1,X2,f5-quadratic-repair,90,0,0.05807957664433813,0.33,residual_samples/batch-90-replication-0.csv,null_statistics/batch-90-replication-0.npy,batch-f5-quadratic-repair,12040109585721012832,8851848799913615325,15924076646745945904,0.3139256999711506,,,batch-f5-quadratic-repair-20260824-001
F5,X1,X2,f5-quadratic-repair,90,1,0.04580739166112737,0.825,residual_samples/batch-90-replication-1.csv,null_statistics/batch-90-replication-1.npy,batch-f5-quadratic-repair,6558467146629266567,11999878109970194249,775013617391213595,0.31985970004461706,,,batch-f5-quadratic-repair-20260824-001
F5,X1,X2,f5-quadratic-repair,90,2,0.03647782422275403,0.995,residual_samples/batch-90-replication-2.csv,null_statistics/batch-90-replication-2.npy,batch-f5-quadratic-repair,124604573107375323,9902023566388904314,8830580089791239487,0.3217253999901004,,,batch-f5-quadratic-repair-20260824-001
F5,X1,X2,f5-quadratic-repair,90,3,0.04125674121026937,0.93,residual_samples/batch-90-replication-3.csv,null_statistics/batch-90-replication-3.npy,batch-f5-quadratic-repair,13712137282874056545,1620318164597069000,6034528708983398624,0.322206900047604,,,batch-f5-quadratic-repair-20260824-001
F5,X1,X2,f5-quadratic-repair,90,4,0.06472658802308412,0.195,residual_samples/batch-90-replication-4.csv,null_statistics/batch-90-replication-4.npy,batch-f5-quadratic-repair,9927841142057233057,16325157540262225672,12029649600503769483,0.3277539999689907,,,batch-f5-quadratic-repair-20260824-001
F5,X1,X2,f5-quadratic-repair,90,5,0.04638820071531989,0.76,residual_samples/batch-90-replication-5.csv,null_statistics/batch-90-replication-5.npy,batch-f5-quadratic-repair,11991368156943404231,8869924266900593049,5498682857252134631,0.32470230001490563,,,batch-f5-quadratic-repair-20260824-001
F5,X1,X2,f5-quadratic-repair,90,6,0.05508469138414488,0.4,residual_samples/batch-90-replication-6.csv,null_statistics/batch-90-replication-6.npy,batch-f5-quadratic-repair,8209849703810674524,7335359190246277730,9720501502162230005,0.33552780002355576,,,batch-f5-quadratic-repair-20260824-001
F5,X1,X2,f5-quadratic-repair,90,7,0.044565624502946884,0.84,residual_samples/batch-90-replication-7.csv,null_statistics/batch-90-replication-7.npy,batch-f5-quadratic-repair,18429054486999223574,17897368829800958064,18345188646867099858,0.33470119995763525,,,batch-f5-quadratic-repair-20260824-001
F5,X1,X2,f5-quadratic-repair,90,8,0.06022126582445552,0.235,residual_samples/batch-90-replication-8.csv,null_statistics/batch-90-replication-8.npy,batch-f5-quadratic-repair,16232980467056285782,10647884474507410975,9374287419925752133,0.32773030002135783,,,batch-f5-quadratic-repair-20260824-001
F5,X1,X2,f5-quadratic-repair,90,9,0.05396219455071837,0.495,residual_samples/batch-90-replication-9.csv,null_statistics/batch-90-replication-9.npy,batch-f5-quadratic-repair,12164541744601459889,11442601102592185156,3156200886042669105,0.32216999999945983,,,batch-f5-quadratic-repair-20260824-001
F5,X1,X2,f5-quadratic-repair,91,0,0.048793985833145787,0.675,residual_samples/batch-91-replication-0.csv,null_statistics/batch-91-replication-0.npy,batch-f5-quadratic-repair,7612022087050628893,5174842959131382858,9256110993741558226,0.32123679999494925,,,batch-f5-quadratic-repair-20260824-001
F5,X1,X2,f5-quadratic-repair,91,1,0.0505086786421433,0.585,residual_samples/batch-91-replication-1.csv,null_statistics/batch-91-replication-1.npy,batch-f5-quadratic-repair,8530256607110807975,3743392816608162323,63587653535416133,0.316872900002636,,,batch-f5-quadratic-repair-20260824-001
F5,X1,X2,f5-quadratic-repair,91,2,0.04388056935745518,0.86,residual_samples/batch-91-replication-2.csv,null_statistics/batch-91-replication-2.npy,batch-f5-quadratic-repair,11013945458422996685,6733609672202131922,15041214207674211405,0.31655670003965497,,,batch-f5-quadratic-repair-20260824-001
F5,X1,X2,f5-quadratic-repair,91,3,0.06078435013694294,0.26,residual_samples/batch-91-replication-3.csv,null_statistics/batch-91-replication-3.npy,batch-f5-quadratic-repair,1707698270458711433,6046926982201383513,11033305114950292822,0.31883289996767417,,,batch-f5-quadratic-repair-20260824-001
F5,X1,X2,f5-quadratic-repair,91,4,0.05816344532121107,0.3,residual_samples/batch-91-replication-4.csv,null_statistics/batch-91-replication-4.npy,batch-f5-quadratic-repair,1890672705679032280,4303078199884623564,11625809273939349524,0.31688200001372024,,,batch-f5-quadratic-repair-20260824-001
F5,X1,X2,f5-quadratic-repair,91,5,0.05174154508882594,0.57,residual_samples/batch-91-replication-5.csv,null_statistics/batch-91-replication-5.npy,batch-f5-quadratic-repair,8115689352795631618,15118079173410337403,9343950876093814991,0.3141219000099227,,,batch-f5-quadratic-repair-20260824-001
F5,X1,X2,f5-quadratic-repair,91,6,0.07498027909071454,0.065,residual_samples/batch-91-replication-6.csv,null_statistics/batch-91-replication-6.npy,batch-f5-quadratic-repair,6872577245786712575,3856545003390266613,9807597103442826845,0.31766620004782453,,,batch-f5-quadratic-repair-20260824-001
F5,X1,X2,f5-quadratic-repair,91,7,0.04201181829529173,0.955,residual_samples/batch-91-replication-7.csv,null_statistics/batch-91-replication-7.npy,batch-f5-quadratic-repair,13208091393257263812,9521898870226248819,9906144066544976305,0.314307100023143,,,batch-f5-quadratic-repair-20260824-001
F5,X1,X2,f5-quadratic-repair,91,8,0.05759882021724052,0.305,residual_samples/batch-91-replication-8.csv,null_statistics/batch-91-replication-8.npy,batch-f5-quadratic-repair,17092864608395975904,8049125434939371997,11836090427387743043,0.31880289997207,,,batch-f5-quadratic-repair-20260824-001
F5,X1,X2,f5-quadratic-repair,91,9,0.040189232330860046,0.965,residual_samples/batch-91-replication-9.csv,null_statistics/batch-91-replication-9.npy,batch-f5-quadratic-repair,13175409416650730241,3211262889081677068,18215449471842223156,0.31799060001503676,,,batch-f5-quadratic-repair-20260824-001
F5,X1,X2,f5-quadratic-repair,92,0,0.03997249655981742,0.94,residual_samples/batch-92-replication-0.csv,null_statistics/batch-92-replication-0.npy,batch-f5-quadratic-repair,3437537590781113081,10219106068687970589,16134992062921575360,0.31929190002847463,,,batch-f5-quadratic-repair-20260824-001
F5,X1,X2,f5-quadratic-repair,92,1,0.05994324292100479,0.32,residual_samples/batch-92-replication-1.csv,null_statistics/batch-92-replication-1.npy,batch-f5-quadratic-repair,6449660685347214082,13782242638209623354,613246641511637002,0.317375999991782,,,batch-f5-quadratic-repair-20260824-001
F5,X1,X2,f5-quadratic-repair,92,2,0.05366277219535006,0.485,residual_samples/batch-92-replication-2.csv,null_statistics/batch-92-replication-2.npy,batch-f5-quadratic-repair,11619983299629136223,4579119251744941780,5714212800075475722,0.31724739994388074,,,batch-f5-quadratic-repair-20260824-001
F5,X1,X2,f5-quadratic-repair,92,3,0.06423167524958633,0.235,residual_samples/batch-92-replication-3.csv,null_statistics/batch-92-replication-3.npy,batch-f5-quadratic-repair,11688872032428533629,9788218520946197822,14254975844196851651,0.3174079999444075,,,batch-f5-quadratic-repair-20260824-001
F5,X1,X2,f5-quadratic-repair,92,4,0.049567983774276826,0.65,residual_samples/batch-92-replication-4.csv,null_statistics/batch-92-replication-4.npy,batch-f5-quadratic-repair,9166514818923232057,16641512637419487087,7422324172653302721,0.3157583000138402,,,batch-f5-quadratic-repair-20260824-001
F5,X1,X2,f5-quadratic-repair,92,5,0.041603428373651725,0.93,residual_samples/batch-92-replication-5.csv,null_statistics/batch-92-replication-5.npy,batch-f5-quadratic-repair,1566843963959981277,17864276963036872300,11010785773520555425,0.316373800043948,,,batch-f5-quadratic-repair-20260824-001
F5,X1,X2,f5-quadratic-repair,92,6,0.0527764425514954,0.485,residual_samples/batch-92-replication-6.csv,null_statistics/batch-92-replication-6.npy,batch-f5-quadratic-repair,5290270580082282164,13578848380165332842,8571053613308105307,0.3197543999995105,,,batch-f5-quadratic-repair-20260824-001
F5,X1,X2,f5-quadratic-repair,92,7,0.05370831006718929,0.44,residual_samples/batch-92-replication-7.csv,null_statistics/batch-92-replication-7.npy,batch-f5-quadratic-repair,14154020232097097544,13993607949877787514,1098277247574499100,0.31898240000009537,,,batch-f5-quadratic-repair-20260824-001
F5,X1,X2,f5-quadratic-repair,92,8,0.06401263490466197,0.17,residual_samples/batch-92-replication-8.csv,null_statistics/batch-92-replication-8.npy,batch-f5-quadratic-repair,12238745528149877396,17944764415108134589,8411862944210624467,0.3158331000013277,,,batch-f5-quadratic-repair-20260824-001
F5,X1,X2,f5-quadratic-repair,92,9,0.06269060552384881,0.205,residual_samples/batch-92-replication-9.csv,null_statistics/batch-92-replication-9.npy,batch-f5-quadratic-repair,14335130306187564890,8668268764416503497,4807386114374163511,0.3189191999845207,,,batch-f5-quadratic-repair-20260824-001
F5,X1,X2,f5-quadratic-repair,93,0,0.03528477504344642,1.0,residual_samples/batch-93-replication-0.csv,null_statistics/batch-93-replication-0.npy,batch-f5-quadratic-repair,18342075044082680531,56942789510131076,16836651430664045553,0.31740949995582923,,,batch-f5-quadratic-repair-20260824-001
F5,X1,X2,f5-quadratic-repair,93,1,0.046544742943992544,0.86,residual_samples/batch-93-replication-1.csv,null_statistics/batch-93-replication-1.npy,batch-f5-quadratic-repair,369369770030540942,2687485875205852276,17226551648998480721,0.3346995000028983,,,batch-f5-quadratic-repair-20260824-001
F5,X1,X2,f5-quadratic-repair,93,2,0.042641652291184634,0.93,residual_samples/batch-93-replication-2.csv,null_statistics/batch-93-replication-2.npy,batch-f5-quadratic-repair,14972953642430275571,2508108459141527883,17490442380668277334,0.31885879999026656,,,batch-f5-quadratic-repair-20260824-001
F5,X1,X2,f5-quadratic-repair,93,3,0.07400941926191806,0.045,residual_samples/batch-93-replication-3.csv,null_statistics/batch-93-replication-3.npy,batch-f5-quadratic-repair,723208568897668674,16246718897065467953,15237864902982713942,0.31918160000350326,,,batch-f5-quadratic-repair-20260824-001
F5,X1,X2,f5-quadratic-repair,93,4,0.04664200437240962,0.78,residual_samples/batch-93-replication-4.csv,null_statistics/batch-93-replication-4.npy,batch-f5-quadratic-repair,1095904285155378699,5441045888555789150,7855105655404742417,0.32378949999110773,,,batch-f5-quadratic-repair-20260824-001
F5,X1,X2,f5-quadratic-repair,93,5,0.05495056983402817,0.43,residual_samples/batch-93-replication-5.csv,null_statistics/batch-93-replication-5.npy,batch-f5-quadratic-repair,13264601347081511091,981253992915451770,4707131463491543858,0.3172797000152059,,,batch-f5-quadratic-repair-20260824-001
F5,X1,X2,f5-quadratic-repair,93,6,0.05928216793290162,0.335,residual_samples/batch-93-replication-6.csv,null_statistics/batch-93-replication-6.npy,batch-f5-quadratic-repair,13363081253210707617,3547758602239912279,17970944606316607905,0.3162938999594189,,,batch-f5-quadratic-repair-20260824-001
F5,X1,X2,f5-quadratic-repair,93,7,0.05518465046005192,0.425,residual_samples/batch-93-replication-7.csv,null_statistics/batch-93-replication-7.npy,batch-f5-quadratic-repair,6806621637907617769,12429253605436403210,16807736884597924812,0.3268604999757372,,,batch-f5-quadratic-repair-20260824-001
F5,X1,X2,f5-quadratic-repair,93,8,0.059411222198050485,0.235,residual_samples/batch-93-replication-8.csv,null_statistics/batch-93-replication-8.npy,batch-f5-quadratic-repair,14967908944366336645,2398474144995575222,14966417134460496179,0.33891659998334944,,,batch-f5-quadratic-repair-20260824-001
F5,X1,X2,f5-quadratic-repair,93,9,0.04104868044889809,0.94,residual_samples/batch-93-replication-9.csv,null_statistics/batch-93-replication-9.npy,batch-f5-quadratic-repair,2257407785969906824,9897909322708507385,14664560306122571690,0.3195335000054911,,,batch-f5-quadratic-repair-20260824-001
F5,X1,X2,f5-quadratic-repair,94,0,0.05973038678401767,0.245,residual_samples/batch-94-replication-0.csv,null_statistics/batch-94-replication-0.npy,batch-f5-quadratic-repair,15645759752302154162,2213968015212192584,3972025277270821049,0.32392409996828064,,,batch-f5-quadratic-repair-20260824-001
F5,X1,X2,f5-quadratic-repair,94,1,0.055484853311760784,0.365,residual_samples/batch-94-replication-1.csv,null_statistics/batch-94-replication-1.npy,batch-f5-quadratic-repair,6100976080311396037,14050038454453576468,16253070906861219198,0.32317749998765066,,,batch-f5-quadratic-repair-20260824-001
F5,X1,X2,f5-quadratic-repair,94,2,0.051290670913932315,0.57,residual_samples/batch-94-replication-2.csv,null_statistics/batch-94-replication-2.npy,batch-f5-quadratic-repair,16583503348457881235,10246665145964997859,6781451225940598430,0.3241315999766812,,,batch-f5-quadratic-repair-20260824-001
F5,X1,X2,f5-quadratic-repair,94,3,0.05119689270844443,0.56,residual_samples/batch-94-replication-3.csv,null_statistics/batch-94-replication-3.npy,batch-f5-quadratic-repair,5360837876829656005,7357513087365610747,13500769291139912329,0.324948699970264,,,batch-f5-quadratic-repair-20260824-001
F5,X1,X2,f5-quadratic-repair,94,4,0.06220182233300022,0.285,residual_samples/batch-94-replication-4.csv,null_statistics/batch-94-replication-4.npy,batch-f5-quadratic-repair,8544615938458549280,16984963906074849363,13089943688432362436,0.3289048000006005,,,batch-f5-quadratic-repair-20260824-001
F5,X1,X2,f5-quadratic-repair,94,5,0.05008707568287574,0.65,residual_samples/batch-94-replication-5.csv,null_statistics/batch-94-replication-5.npy,batch-f5-quadratic-repair,219821461082531849,12510372214537182790,12068131793644692382,0.3175215999945067,,,batch-f5-quadratic-repair-20260824-001
F5,X1,X2,f5-quadratic-repair,94,6,0.041379951603588205,0.935,residual_samples/batch-94-replication-6.csv,null_statistics/batch-94-replication-6.npy,batch-f5-quadratic-repair,9614332557664164096,2811172747505017690,15241145183312545010,0.3159662999678403,,,batch-f5-quadratic-repair-20260824-001
F5,X1,X2,f5-quadratic-repair,94,7,0.05253080741297104,0.535,residual_samples/batch-94-replication-7.csv,null_statistics/batch-94-replication-7.npy,batch-f5-quadratic-repair,7632809158809950814,4263976915993028980,7766329388954721413,0.3244023000006564,,,batch-f5-quadratic-repair-20260824-001
F5,X1,X2,f5-quadratic-repair,94,8,0.05506565890413727,0.365,residual_samples/batch-94-replication-8.csv,null_statistics/batch-94-replication-8.npy,batch-f5-quadratic-repair,6571348834902062792,8599010669319729679,14523689799370631135,0.3217826999607496,,,batch-f5-quadratic-repair-20260824-001
F5,X1,X2,f5-quadratic-repair,94,9,0.045832306490596164,0.76,residual_samples/batch-94-replication-9.csv,null_statistics/batch-94-replication-9.npy,batch-f5-quadratic-repair,2941489915085759674,9388515606252315526,6238531239141075881,0.3154682999593206,,,batch-f5-quadratic-repair-20260824-001
F5,X1,X2,f5-quadratic-repair,95,0,0.07122025084677636,0.075,residual_samples/batch-95-replication-0.csv,null_statistics/batch-95-replication-0.npy,batch-f5-quadratic-repair,17006761494190520447,8099654475751044486,1930197562001924167,0.31908970000222325,,,batch-f5-quadratic-repair-20260824-001
F5,X1,X2,f5-quadratic-repair,95,1,0.06746360264146425,0.13,residual_samples/batch-95-replication-1.csv,null_statistics/batch-95-replication-1.npy,batch-f5-quadratic-repair,6443400758427542562,6532094878168699063,482107715530548788,0.3186979999882169,,,batch-f5-quadratic-repair-20260824-001
F5,X1,X2,f5-quadratic-repair,95,2,0.07291756482353887,0.125,residual_samples/batch-95-replication-2.csv,null_statistics/batch-95-replication-2.npy,batch-f5-quadratic-repair,6123993695718522459,13672809640759278007,8548313054428092854,0.31812680000439286,,,batch-f5-quadratic-repair-20260824-001
F5,X1,X2,f5-quadratic-repair,95,3,0.04835316013707972,0.695,residual_samples/batch-95-replication-3.csv,null_statistics/batch-95-replication-3.npy,batch-f5-quadratic-repair,7736871651745882447,13237398098813805738,10144628098588873851,0.3254350000061095,,,batch-f5-quadratic-repair-20260824-001
F5,X1,X2,f5-quadratic-repair,95,4,0.044450507570399346,0.83,residual_samples/batch-95-replication-4.csv,null_statistics/batch-95-replication-4.npy,batch-f5-quadratic-repair,5796994946198898837,13836259162104728343,8550465009661989001,0.31726540002273396,,,batch-f5-quadratic-repair-20260824-001
F5,X1,X2,f5-quadratic-repair,95,5,0.06065703574501907,0.265,residual_samples/batch-95-replication-5.csv,null_statistics/batch-95-replication-5.npy,batch-f5-quadratic-repair,1680993996435059744,11040785260045117983,4791510139153598481,0.3222450999892317,,,batch-f5-quadratic-repair-20260824-001
F5,X1,X2,f5-quadratic-repair,95,6,0.048804636793458755,0.685,residual_samples/batch-95-replication-6.csv,null_statistics/batch-95-replication-6.npy,batch-f5-quadratic-repair,4357456472300325074,4660469438593750679,1491318392667668790,0.31275290000485256,,,batch-f5-quadratic-repair-20260824-001
F5,X1,X2,f5-quadratic-repair,95,7,0.07006618769813873,0.12,residual_samples/batch-95-replication-7.csv,null_statistics/batch-95-replication-7.npy,batch-f5-quadratic-repair,17424775278065880274,4973801635842240888,8031202599791596666,0.31317209999542683,,,batch-f5-quadratic-repair-20260824-001
F5,X1,X2,f5-quadratic-repair,95,8,0.10822565569936268,0.005,residual_samples/batch-95-replication-8.csv,null_statistics/batch-95-replication-8.npy,batch-f5-quadratic-repair,14156068388874056138,1998236069986281031,17851638012532448855,0.3157401999924332,,,batch-f5-quadratic-repair-20260824-001
F5,X1,X2,f5-quadratic-repair,95,9,0.04070013610881041,0.98,residual_samples/batch-95-replication-9.csv,null_statistics/batch-95-replication-9.npy,batch-f5-quadratic-repair,899796949706779130,8298671017907240621,12330091971183995434,0.31850520003354177,,,batch-f5-quadratic-repair-20260824-001
F5,X1,X2,f5-quadratic-repair,96,0,0.0525862094970368,0.55,residual_samples/batch-96-replication-0.csv,null_statistics/batch-96-replication-0.npy,batch-f5-quadratic-repair,11156080713371734397,13036217437962277429,1297490435997508014,0.3179814000031911,,,batch-f5-quadratic-repair-20260824-001
F5,X1,X2,f5-quadratic-repair,96,1,0.07447780575130686,0.07,residual_samples/batch-96-replication-1.csv,null_statistics/batch-96-replication-1.npy,batch-f5-quadratic-repair,14688366504382065047,2964206604458361471,10184321512950880065,0.32301120000192896,,,batch-f5-quadratic-repair-20260824-001
F5,X1,X2,f5-quadratic-repair,96,2,0.049251245892569365,0.67,residual_samples/batch-96-replication-2.csv,null_statistics/batch-96-replication-2.npy,batch-f5-quadratic-repair,3774476295705493975,8148786578932726354,11027189859135565331,0.3210500999703072,,,batch-f5-quadratic-repair-20260824-001
F5,X1,X2,f5-quadratic-repair,96,3,0.046066142238421384,0.775,residual_samples/batch-96-replication-3.csv,null_statistics/batch-96-replication-3.npy,batch-f5-quadratic-repair,2578713048078479892,3265857976524588186,13627109438723421973,0.31810669996775687,,,batch-f5-quadratic-repair-20260824-001
F5,X1,X2,f5-quadratic-repair,96,4,0.05405501351266733,0.485,residual_samples/batch-96-replication-4.csv,null_statistics/batch-96-replication-4.npy,batch-f5-quadratic-repair,17565175729507491889,869537209982300403,17173934838064855276,0.3201392000191845,,,batch-f5-quadratic-repair-20260824-001
F5,X1,X2,f5-quadratic-repair,96,5,0.05129814799557746,0.545,residual_samples/batch-96-replication-5.csv,null_statistics/batch-96-replication-5.npy,batch-f5-quadratic-repair,7634137159385315102,8077486490536619938,17027976004880188443,0.32429110002703965,,,batch-f5-quadratic-repair-20260824-001
F5,X1,X2,f5-quadratic-repair,96,6,0.05328995162977753,0.475,residual_samples/batch-96-replication-6.csv,null_statistics/batch-96-replication-6.npy,batch-f5-quadratic-repair,2564750157614609183,6430013120459778254,9900997682903520385,0.3209975999779999,,,batch-f5-quadratic-repair-20260824-001
F5,X1,X2,f5-quadratic-repair,96,7,0.07156221189863453,0.105,residual_samples/batch-96-replication-7.csv,null_statistics/batch-96-replication-7.npy,batch-f5-quadratic-repair,17078581204015490707,17090676007560593227,14191370378059462189,0.3206277000135742,,,batch-f5-quadratic-repair-20260824-001
F5,X1,X2,f5-quadratic-repair,96,8,0.050293411978572844,0.625,residual_samples/batch-96-replication-8.csv,null_statistics/batch-96-replication-8.npy,batch-f5-quadratic-repair,2173857690823550414,12115086058668492036,14304313445026013992,0.31796630000462756,,,batch-f5-quadratic-repair-20260824-001
F5,X1,X2,f5-quadratic-repair,96,9,0.04775338772376736,0.7,residual_samples/batch-96-replication-9.csv,null_statistics/batch-96-replication-9.npy,batch-f5-quadratic-repair,3929581291403666910,2839758344152769090,9590650353882986402,0.3265587999485433,,,batch-f5-quadratic-repair-20260824-001
F5,X1,X2,f5-quadratic-repair,97,0,0.07900463685907963,0.045,residual_samples/batch-97-replication-0.csv,null_statistics/batch-97-replication-0.npy,batch-f5-quadratic-repair,4172364483288105881,9398546874084919468,17603966402552052781,0.33006060001207516,,,batch-f5-quadratic-repair-20260824-001
F5,X1,X2,f5-quadratic-repair,97,1,0.04576718107115206,0.785,residual_samples/batch-97-replication-1.csv,null_statistics/batch-97-replication-1.npy,batch-f5-quadratic-repair,1445608051736371084,15122110345893740962,12771000607940164325,0.3169458999764174,,,batch-f5-quadratic-repair-20260824-001
F5,X1,X2,f5-quadratic-repair,97,2,0.06826639807728659,0.135,residual_samples/batch-97-replication-2.csv,null_statistics/batch-97-replication-2.npy,batch-f5-quadratic-repair,9095585953349541047,1484636738487535745,3078704591773589945,0.320712500018999,,,batch-f5-quadratic-repair-20260824-001
F5,X1,X2,f5-quadratic-repair,97,3,0.04016467056435615,0.985,residual_samples/batch-97-replication-3.csv,null_statistics/batch-97-replication-3.npy,batch-f5-quadratic-repair,11997317043849585988,11282178649198765175,3556725545569076615,0.31634749996010214,,,batch-f5-quadratic-repair-20260824-001
F5,X1,X2,f5-quadratic-repair,97,4,0.041126397107307,0.97,residual_samples/batch-97-replication-4.csv,null_statistics/batch-97-replication-4.npy,batch-f5-quadratic-repair,13417224799863799157,7003138918042848251,2559481956607762323,0.3160679999855347,,,batch-f5-quadratic-repair-20260824-001
F5,X1,X2,f5-quadratic-repair,97,5,0.045288595398117776,0.77,residual_samples/batch-97-replication-5.csv,null_statistics/batch-97-replication-5.npy,batch-f5-quadratic-repair,17934013515411825756,1623601647277028841,16365129745208470573,0.32232350000413135,,,batch-f5-quadratic-repair-20260824-001
F5,X1,X2,f5-quadratic-repair,97,6,0.043720747095501396,0.915,residual_samples/batch-97-replication-6.csv,null_statistics/batch-97-replication-6.npy,batch-f5-quadratic-repair,7480631496871902391,5555280873540969552,3623747470305106520,0.32061290001729503,,,batch-f5-quadratic-repair-20260824-001
F5,X1,X2,f5-quadratic-repair,97,7,0.06728038081973842,0.135,residual_samples/batch-97-replication-7.csv,null_statistics/batch-97-replication-7.npy,batch-f5-quadratic-repair,4223315890460252357,18302733675675768903,2762217215772787718,0.3139530000044033,,,batch-f5-quadratic-repair-20260824-001
F5,X1,X2,f5-quadratic-repair,97,8,0.05616532094068225,0.47,residual_samples/batch-97-replication-8.csv,null_statistics/batch-97-replication-8.npy,batch-f5-quadratic-repair,2031663899493579508,1516145650630035642,9508580105107568808,0.3146001999848522,,,batch-f5-quadratic-repair-20260824-001
F5,X1,X2,f5-quadratic-repair,97,9,0.03994504850253124,0.97,residual_samples/batch-97-replication-9.csv,null_statistics/batch-97-replication-9.npy,batch-f5-quadratic-repair,3643961384821686820,16690491534704889415,15685648276983008772,0.3181622999836691,,,batch-f5-quadratic-repair-20260824-001
F5,X1,X2,f5-quadratic-repair,98,0,0.03824889607794959,0.975,residual_samples/batch-98-replication-0.csv,null_statistics/batch-98-replication-0.npy,batch-f5-quadratic-repair,11316379813844007591,10369002678874397819,13219521781758376269,0.3159068999812007,,,batch-f5-quadratic-repair-20260824-001
F5,X1,X2,f5-quadratic-repair,98,1,0.045112454770547365,0.83,residual_samples/batch-98-replication-1.csv,null_statistics/batch-98-replication-1.npy,batch-f5-quadratic-repair,13216007817867305297,14561019852066980688,4916067780609203451,0.3187902999925427,,,batch-f5-quadratic-repair-20260824-001
F5,X1,X2,f5-quadratic-repair,98,2,0.04540281809941551,0.855,residual_samples/batch-98-replication-2.csv,null_statistics/batch-98-replication-2.npy,batch-f5-quadratic-repair,15708696875293454244,9405935757213440263,15629397804415179313,0.32218650000868365,,,batch-f5-quadratic-repair-20260824-001
F5,X1,X2,f5-quadratic-repair,98,3,0.04707795499738889,0.785,residual_samples/batch-98-replication-3.csv,null_statistics/batch-98-replication-3.npy,batch-f5-quadratic-repair,8143482291144650170,12016989272273747370,7787525753120713222,0.3148793999571353,,,batch-f5-quadratic-repair-20260824-001
F5,X1,X2,f5-quadratic-repair,98,4,0.06695016148278811,0.18,residual_samples/batch-98-replication-4.csv,null_statistics/batch-98-replication-4.npy,batch-f5-quadratic-repair,8240131815586118825,6576643137788519716,12882062215791690680,0.31609599996590987,,,batch-f5-quadratic-repair-20260824-001
F5,X1,X2,f5-quadratic-repair,98,5,0.06278825976066771,0.185,residual_samples/batch-98-replication-5.csv,null_statistics/batch-98-replication-5.npy,batch-f5-quadratic-repair,12173219057192399396,991017597074115393,13779968546419145273,0.3316896000178531,,,batch-f5-quadratic-repair-20260824-001
F5,X1,X2,f5-quadratic-repair,98,6,0.04260816069029888,0.95,residual_samples/batch-98-replication-6.csv,null_statistics/batch-98-replication-6.npy,batch-f5-quadratic-repair,3848051863169414731,17936329370322980823,1941653010470384152,0.31814050005050376,,,batch-f5-quadratic-repair-20260824-001
F5,X1,X2,f5-quadratic-repair,98,7,0.04929580281091902,0.61,residual_samples/batch-98-replication-7.csv,null_statistics/batch-98-replication-7.npy,batch-f5-quadratic-repair,12931921565082257170,10178531810584054951,9747001315103396191,0.3169765999773517,,,batch-f5-quadratic-repair-20260824-001
F5,X1,X2,f5-quadratic-repair,98,8,0.08323929563783575,0.035,residual_samples/batch-98-replication-8.csv,null_statistics/batch-98-replication-8.npy,batch-f5-quadratic-repair,3030687502721044896,7255348278233019143,6270775785596971709,0.320681200013496,,,batch-f5-quadratic-repair-20260824-001
F5,X1,X2,f5-quadratic-repair,98,9,0.060480119427434025,0.34,residual_samples/batch-98-replication-9.csv,null_statistics/batch-98-replication-9.npy,batch-f5-quadratic-repair,7007947771516845842,7542263196727148070,17655480754177872899,0.3197552000056021,,,batch-f5-quadratic-repair-20260824-001
F5,X1,X2,f5-quadratic-repair,99,0,0.043999640846310493,0.83,residual_samples/batch-99-replication-0.csv,null_statistics/batch-99-replication-0.npy,batch-f5-quadratic-repair,14526242986189055801,3926475573330916703,11635409002890527630,0.3183237999910489,,,batch-f5-quadratic-repair-20260824-001
F5,X1,X2,f5-quadratic-repair,99,1,0.054386895517225906,0.46,residual_samples/batch-99-replication-1.csv,null_statistics/batch-99-replication-1.npy,batch-f5-quadratic-repair,13428916507362780532,16821339460342958013,16470473221447263086,0.32092730002477765,,,batch-f5-quadratic-repair-20260824-001
F5,X1,X2,f5-quadratic-repair,99,2,0.06359703910303208,0.185,residual_samples/batch-99-replication-2.csv,null_statistics/batch-99-replication-2.npy,batch-f5-quadratic-repair,12552268587167763714,4761457368798647765,4026826595907010029,0.3198606999940239,,,batch-f5-quadratic-repair-20260824-001
F5,X1,X2,f5-quadratic-repair,99,3,0.06046461951420616,0.315,residual_samples/batch-99-replication-3.csv,null_statistics/batch-99-replication-3.npy,batch-f5-quadratic-repair,11328143567027530132,2617850883433969824,743135236659685661,0.33343209995655343,,,batch-f5-quadratic-repair-20260824-001
F5,X1,X2,f5-quadratic-repair,99,4,0.057878632065212134,0.315,residual_samples/batch-99-replication-4.csv,null_statistics/batch-99-replication-4.npy,batch-f5-quadratic-repair,3128625754356215477,15801444345065761755,13316615212720552065,0.3206534999771975,,,batch-f5-quadratic-repair-20260824-001
F5,X1,X2,f5-quadratic-repair,99,5,0.057156139828079065,0.36,residual_samples/batch-99-replication-5.csv,null_statistics/batch-99-replication-5.npy,batch-f5-quadratic-repair,13305757492960996144,1248011064924644376,7449461023183800358,0.3181334999972023,,,batch-f5-quadratic-repair-20260824-001
F5,X1,X2,f5-quadratic-repair,99,6,0.05677661732899562,0.355,residual_samples/batch-99-replication-6.csv,null_statistics/batch-99-replication-6.npy,batch-f5-quadratic-repair,15379485271710554093,5395741056260430951,14138978965320774761,0.3171425000182353,,,batch-f5-quadratic-repair-20260824-001
F5,X1,X2,f5-quadratic-repair,99,7,0.04257663766594329,0.91,residual_samples/batch-99-replication-7.csv,null_statistics/batch-99-replication-7.npy,batch-f5-quadratic-repair,12900546448738322220,10364403860174039515,16959275846243997061,0.3195719000068493,,,batch-f5-quadratic-repair-20260824-001
F5,X1,X2,f5-quadratic-repair,99,8,0.0594012030689634,0.3,residual_samples/batch-99-replication-8.csv,null_statistics/batch-99-replication-8.npy,batch-f5-quadratic-repair,14107256794973580416,16528522585088446054,3514141337160933074,0.318926099978853,,,batch-f5-quadratic-repair-20260824-001
F5,X1,X2,f5-quadratic-repair,99,9,0.049598682114755314,0.65,residual_samples/batch-99-replication-9.csv,null_statistics/batch-99-replication-9.npy,batch-f5-quadratic-repair,1260088973197792591,15191067225443654149,15275057705199255819,0.316239100007806,,,batch-f5-quadratic-repair-20260824-001
