fixture_id,left,right,phase,batch,replication,observed_statistic,permutation_p_value,residual_samples_path,null_statistics_path,seed_namespace,fixture_seed,residual_seed,permutation_seed,elapsed_seconds,warnings,exception_text,run_id
F1,X1,X2,f1-null-transfer,0,0,0.05778465092423345,0.295,residual_samples/batch-0-replication-0.csv,null_statistics/batch-0-replication-0.npy,batch-f1-null-transfer,12448104780765025927,14945263997850295661,14855851806409558774,0.3801184999756515,,,batch-f1-null-transfer-20260824-001
F1,X1,X2,f1-null-transfer,0,1,0.06057962626242389,0.28,residual_samples/batch-0-replication-1.csv,null_statistics/batch-0-replication-1.npy,batch-f1-null-transfer,3305939628865712322,7221988984441942765,15837936275629297662,0.3808786000008695,,,batch-f1-null-transfer-20260824-001
F1,X1,X2,f1-null-transfer,0,2,0.06395164064152548,0.23,residual_samples/batch-0-replication-2.csv,null_statistics/batch-0-replication-2.npy,batch-f1-null-transfer,13028549794181819878,5302475551505567305,15985962503497450546,0.3652515999856405,,,batch-f1-null-transfer-20260824-001
F1,X1,X2,f1-null-transfer,0,3,0.0664039880646104,0.15,residual_samples/batch-0-replication-3.csv,null_statistics/batch-0-replication-3.npy,batch-f1-null-transfer,2003926601142504378,12942193138953860473,4869094251322516387,0.35938709997572005,,,batch-f1-null-transfer-20260824-001
F1,X1,X2,f1-null-transfer,0,4,0.07032741297743611,0.105,residual_samples/batch-0-replication-4.csv,null_statistics/batch-0-replication-4.npy,batch-f1-null-transfer,1355375133261747412,11097875115549045455,8796660838373535259,0.3406960000284016,,,batch-f1-null-transfer-20260824-001
F1,X1,X2,f1-null-transfer,0,5,0.060270803575833705,0.255,residual_samples/batch-0-replication-5.csv,null_statistics/batch-0-replication-5.npy,batch-f1-null-transfer,12487124058366366789,8973930141962895777,16883491289431717458,0.33490259997779503,,,batch-f1-null-transfer-20260824-001
F1,X1,X2,f1-null-transfer,0,6,0.04117767544895853,0.955,residual_samples/batch-0-replication-6.csv,null_statistics/batch-0-replication-6.npy,batch-f1-null-transfer,1788319319268141858,13888964601740202374,14989893307801002238,0.34847699996316805,,,batch-f1-null-transfer-20260824-001
F1,X1,X2,f1-null-transfer,0,7,0.07262832765652497,0.085,residual_samples/batch-0-replication-7.csv,null_statistics/batch-0-replication-7.npy,batch-f1-null-transfer,13906735029658535150,17483501823560665748,3183627020260888364,0.34788159996969625,,,batch-f1-null-transfer-20260824-001
F1,X1,X2,f1-null-transfer,0,8,0.05071909359175487,0.64,residual_samples/batch-0-replication-8.csv,null_statistics/batch-0-replication-8.npy,batch-f1-null-transfer,14140137276348241931,12542520345383958656,4515056278615677818,0.341725799953565,,,batch-f1-null-transfer-20260824-001
F1,X1,X2,f1-null-transfer,0,9,0.04687494150885158,0.77,residual_samples/batch-0-replication-9.csv,null_statistics/batch-0-replication-9.npy,batch-f1-null-transfer,16289797064498310307,7525638311632088099,9910733200624739551,0.337389099993743,,,batch-f1-null-transfer-20260824-001
F1,X1,X2,f1-null-transfer,1,0,0.054245582989410596,0.495,residual_samples/batch-1-replication-0.csv,null_statistics/batch-1-replication-0.npy,batch-f1-null-transfer,1214875839822619396,9401800863439969,1740018683719440821,0.3386952999862842,,,batch-f1-null-transfer-20260824-001
F1,X1,X2,f1-null-transfer,1,1,0.052316513259628286,0.585,residual_samples/batch-1-replication-1.csv,null_statistics/batch-1-replication-1.npy,batch-f1-null-transfer,3079782938224210754,5708830772247071626,11764916958220950410,0.3414807000081055,,,batch-f1-null-transfer-20260824-001
F1,X1,X2,f1-null-transfer,1,2,0.06481466223653487,0.18,residual_samples/batch-1-replication-2.csv,null_statistics/batch-1-replication-2.npy,batch-f1-null-transfer,7506406141045253845,5378848262864126173,7689281842338966412,0.3390688000363298,,,batch-f1-null-transfer-20260824-001
F1,X1,X2,f1-null-transfer,1,3,0.049421686637981535,0.69,residual_samples/batch-1-replication-3.csv,null_statistics/batch-1-replication-3.npy,batch-f1-null-transfer,10800527235079900824,15013000778734734355,530910285412646453,0.34265180001966655,,,batch-f1-null-transfer-20260824-001
F1,X1,X2,f1-null-transfer,1,4,0.05247245297941883,0.575,residual_samples/batch-1-replication-4.csv,null_statistics/batch-1-replication-4.npy,batch-f1-null-transfer,2006572464235059355,5354027964907369506,9600815389072988738,0.3447075000149198,,,batch-f1-null-transfer-20260824-001
F1,X1,X2,f1-null-transfer,1,5,0.05332862493058405,0.525,residual_samples/batch-1-replication-5.csv,null_statistics/batch-1-replication-5.npy,batch-f1-null-transfer,17963424687805243389,8469049338766424178,4049366837798447800,0.33955979999154806,,,batch-f1-null-transfer-20260824-001
F1,X1,X2,f1-null-transfer,1,6,0.04354851804498251,0.89,residual_samples/batch-1-replication-6.csv,null_statistics/batch-1-replication-6.npy,batch-f1-null-transfer,9157254900451262627,12513695982309029545,9679270650090460109,0.30612089997157454,,,batch-f1-null-transfer-20260824-001
F1,X1,X2,f1-null-transfer,1,7,0.061568481553257726,0.26,residual_samples/batch-1-replication-7.csv,null_statistics/batch-1-replication-7.npy,batch-f1-null-transfer,10161999032160857798,10214152166948067000,18129963665170019918,0.34095939999679103,,,batch-f1-null-transfer-20260824-001
F1,X1,X2,f1-null-transfer,1,8,0.05504816233024139,0.44,residual_samples/batch-1-replication-8.csv,null_statistics/batch-1-replication-8.npy,batch-f1-null-transfer,17124249713766105480,9418811322091182053,12471125581264502194,0.3409855999634601,,,batch-f1-null-transfer-20260824-001
F1,X1,X2,f1-null-transfer,1,9,0.04977296350120801,0.64,residual_samples/batch-1-replication-9.csv,null_statistics/batch-1-replication-9.npy,batch-f1-null-transfer,14597141056457882783,10766872155739059188,2533233550160485932,0.3423274999950081,,,batch-f1-null-transfer-20260824-001
F1,X1,X2,f1-null-transfer,2,0,0.04695057126748472,0.715,residual_samples/batch-2-replication-0.csv,null_statistics/batch-2-replication-0.npy,batch-f1-null-transfer,16965157478696673136,14636373122320290980,1124037525304989487,0.3455004999996163,,,batch-f1-null-transfer-20260824-001
F1,X1,X2,f1-null-transfer,2,1,0.08029353568127114,0.055,residual_samples/batch-2-replication-1.csv,null_statistics/batch-2-replication-1.npy,batch-f1-null-transfer,14387878616949409709,18337032549038648420,10170425525496169452,0.3456988999969326,,,batch-f1-null-transfer-20260824-001
F1,X1,X2,f1-null-transfer,2,2,0.04882754323895009,0.7,residual_samples/batch-2-replication-2.csv,null_statistics/batch-2-replication-2.npy,batch-f1-null-transfer,2751420947248474941,15224020736330373235,8097890019412659825,0.3418365999823436,,,batch-f1-null-transfer-20260824-001
F1,X1,X2,f1-null-transfer,2,3,0.05443184340506842,0.39,residual_samples/batch-2-replication-3.csv,null_statistics/batch-2-replication-3.npy,batch-f1-null-transfer,10185497340091881922,3349861275076135047,9523970031767657340,0.37501080002402887,,,batch-f1-null-transfer-20260824-001
F1,X1,X2,f1-null-transfer,2,4,0.049335505897174184,0.675,residual_samples/batch-2-replication-4.csv,null_statistics/batch-2-replication-4.npy,batch-f1-null-transfer,14525098869711140000,1302198649452989847,1173833210560887509,0.3597173999878578,,,batch-f1-null-transfer-20260824-001
F1,X1,X2,f1-null-transfer,2,5,0.05514284891095654,0.385,residual_samples/batch-2-replication-5.csv,null_statistics/batch-2-replication-5.npy,batch-f1-null-transfer,3269032475026220627,3183601390399733879,15529000069199405441,0.36027699999976903,,,batch-f1-null-transfer-20260824-001
F1,X1,X2,f1-null-transfer,2,6,0.05000705663588347,0.635,residual_samples/batch-2-replication-6.csv,null_statistics/batch-2-replication-6.npy,batch-f1-null-transfer,7800277937563766288,9409010580717834727,10061563422725529742,0.3565156999975443,,,batch-f1-null-transfer-20260824-001
F1,X1,X2,f1-null-transfer,2,7,0.08455046799326811,0.01,residual_samples/batch-2-replication-7.csv,null_statistics/batch-2-replication-7.npy,batch-f1-null-transfer,191488517722917574,623826504992116901,15312136371721330052,0.3449953999952413,,,batch-f1-null-transfer-20260824-001
F1,X1,X2,f1-null-transfer,2,8,0.06104598307983626,0.27,residual_samples/batch-2-replication-8.csv,null_statistics/batch-2-replication-8.npy,batch-f1-null-transfer,3239150712652890230,4356002405128428593,12615803119175030052,0.3505171000142582,,,batch-f1-null-transfer-20260824-001
F1,X1,X2,f1-null-transfer,2,9,0.04270087367932671,0.94,residual_samples/batch-2-replication-9.csv,null_statistics/batch-2-replication-9.npy,batch-f1-null-transfer,5796576686731137001,9711922619602187579,13661731495554080487,0.3552887999685481,,,batch-f1-null-transfer-20260824-001
F1,X1,X2,f1-null-transfer,3,0,0.0695716270424336,0.11,residual_samples/batch-3-replication-0.csv,null_statistics/batch-3-replication-0.npy,batch-f1-null-transfer,13939015416302514748,2477140480695474641,17562237693075984500,0.3400133000104688,,,batch-f1-null-transfer-20260824-001
F1,X1,X2,f1-null-transfer,3,1,0.06167724824098116,0.2,residual_samples/batch-3-replication-1.csv,null_statistics/batch-3-replication-1.npy,batch-f1-null-transfer,1143525506971066664,2349233533872228850,2456604105172631528,0.346867700049188,,,batch-f1-null-transfer-20260824-001
F1,X1,X2,f1-null-transfer,3,2,0.05055111040394906,0.555,residual_samples/batch-3-replication-2.csv,null_statistics/batch-3-replication-2.npy,batch-f1-null-transfer,3929393774027630607,9907026027146030699,890225202631644125,0.34167719999095425,,,batch-f1-null-transfer-20260824-001
F1,X1,X2,f1-null-transfer,3,3,0.062092943008075954,0.185,residual_samples/batch-3-replication-3.csv,null_statistics/batch-3-replication-3.npy,batch-f1-null-transfer,10087337499493082857,370983442802718865,9718193306424619576,0.34044490003725514,,,batch-f1-null-transfer-20260824-001
F1,X1,X2,f1-null-transfer,3,4,0.05285377526493639,0.54,residual_samples/batch-3-replication-4.csv,null_statistics/batch-3-replication-4.npy,batch-f1-null-transfer,8487426447938012407,1735640321786263081,8142196982419852964,0.348798299964983,,,batch-f1-null-transfer-20260824-001
F1,X1,X2,f1-null-transfer,3,5,0.04858910414525214,0.64,residual_samples/batch-3-replication-5.csv,null_statistics/batch-3-replication-5.npy,batch-f1-null-transfer,14726478320971374183,7771448634519449898,9123916809859689861,0.38065730000380427,,,batch-f1-null-transfer-20260824-001
F1,X1,X2,f1-null-transfer,3,6,0.057253970982440734,0.365,residual_samples/batch-3-replication-6.csv,null_statistics/batch-3-replication-6.npy,batch-f1-null-transfer,3852765163324026833,2479275421620284190,8141824114127373051,0.364341999986209,,,batch-f1-null-transfer-20260824-001
F1,X1,X2,f1-null-transfer,3,7,0.06098099138402202,0.2,residual_samples/batch-3-replication-7.csv,null_statistics/batch-3-replication-7.npy,batch-f1-null-transfer,277712714014131553,871584739666877839,9954860315868923896,0.35431800002697855,,,batch-f1-null-transfer-20260824-001
F1,X1,X2,f1-null-transfer,3,8,0.045469671971843886,0.855,residual_samples/batch-3-replication-8.csv,null_statistics/batch-3-replication-8.npy,batch-f1-null-transfer,13700555750246898264,9295543512120877064,8249392108713508882,0.36060759995598346,,,batch-f1-null-transfer-20260824-001
F1,X1,X2,f1-null-transfer,3,9,0.057310714981857504,0.335,residual_samples/batch-3-replication-9.csv,null_statistics/batch-3-replication-9.npy,batch-f1-null-transfer,8411307896853285300,6349350497049270774,8492480004413198692,0.3592369999969378,,,batch-f1-null-transfer-20260824-001
F1,X1,X2,f1-null-transfer,4,0,0.05057609396409891,0.59,residual_samples/batch-4-replication-0.csv,null_statistics/batch-4-replication-0.npy,batch-f1-null-transfer,2773792379519537909,16012674137994920670,798301704236014494,0.353586700046435,,,batch-f1-null-transfer-20260824-001
F1,X1,X2,f1-null-transfer,4,1,0.047797733532148966,0.68,residual_samples/batch-4-replication-1.csv,null_statistics/batch-4-replication-1.npy,batch-f1-null-transfer,4246312639855660274,2311619586725336340,6267965671221512293,0.34971159999258816,,,batch-f1-null-transfer-20260824-001
F1,X1,X2,f1-null-transfer,4,2,0.05169439904435865,0.565,residual_samples/batch-4-replication-2.csv,null_statistics/batch-4-replication-2.npy,batch-f1-null-transfer,14047132734156022168,4777504487949562250,7617473679466148356,0.3540880000218749,,,batch-f1-null-transfer-20260824-001
F1,X1,X2,f1-null-transfer,4,3,0.04950774336397075,0.685,residual_samples/batch-4-replication-3.csv,null_statistics/batch-4-replication-3.npy,batch-f1-null-transfer,4441362268206470314,16331725842375426579,6953664128260189262,0.3568066000007093,,,batch-f1-null-transfer-20260824-001
F1,X1,X2,f1-null-transfer,4,4,0.059709749297552864,0.23,residual_samples/batch-4-replication-4.csv,null_statistics/batch-4-replication-4.npy,batch-f1-null-transfer,17721481713539034791,1825470566622548734,4017412655700873988,0.3503661000286229,,,batch-f1-null-transfer-20260824-001
F1,X1,X2,f1-null-transfer,4,5,0.05973961178521286,0.32,residual_samples/batch-4-replication-5.csv,null_statistics/batch-4-replication-5.npy,batch-f1-null-transfer,10288311538157570831,17345717270568332955,7723498994855488006,0.364917200000491,,,batch-f1-null-transfer-20260824-001
F1,X1,X2,f1-null-transfer,4,6,0.05681149356264276,0.38,residual_samples/batch-4-replication-6.csv,null_statistics/batch-4-replication-6.npy,batch-f1-null-transfer,7898858830156842460,17362855536689817787,9085425111564947378,0.3493268999736756,,,batch-f1-null-transfer-20260824-001
F1,X1,X2,f1-null-transfer,4,7,0.03796973058928928,0.995,residual_samples/batch-4-replication-7.csv,null_statistics/batch-4-replication-7.npy,batch-f1-null-transfer,16567573595048831777,9062435254687736405,7509440564726886286,0.34890600002836436,,,batch-f1-null-transfer-20260824-001
F1,X1,X2,f1-null-transfer,4,8,0.07457252749605518,0.09,residual_samples/batch-4-replication-8.csv,null_statistics/batch-4-replication-8.npy,batch-f1-null-transfer,4156993552967444416,12514300273177466026,10240600148925332665,0.34875649999594316,,,batch-f1-null-transfer-20260824-001
F1,X1,X2,f1-null-transfer,4,9,0.050643952395305655,0.54,residual_samples/batch-4-replication-9.csv,null_statistics/batch-4-replication-9.npy,batch-f1-null-transfer,12394956242451754809,1583293335169318038,16829402109221197439,0.36194530001375824,,,batch-f1-null-transfer-20260824-001
F1,X1,X2,f1-null-transfer,5,0,0.07186821903180149,0.08,residual_samples/batch-5-replication-0.csv,null_statistics/batch-5-replication-0.npy,batch-f1-null-transfer,15610934410822506414,8781184727550643586,16953619932932787304,0.34390959999291226,,,batch-f1-null-transfer-20260824-001
F1,X1,X2,f1-null-transfer,5,1,0.040837518400774195,0.955,residual_samples/batch-5-replication-1.csv,null_statistics/batch-5-replication-1.npy,batch-f1-null-transfer,12430877366045532696,9003047725848400559,11736953178575230973,0.35929769999347627,,,batch-f1-null-transfer-20260824-001
F1,X1,X2,f1-null-transfer,5,2,0.05406422960278442,0.435,residual_samples/batch-5-replication-2.csv,null_statistics/batch-5-replication-2.npy,batch-f1-null-transfer,18281340112917914605,3372216519642086989,5633344709667085499,0.34943900001235306,,,batch-f1-null-transfer-20260824-001
F1,X1,X2,f1-null-transfer,5,3,0.046548258693680566,0.73,residual_samples/batch-5-replication-3.csv,null_statistics/batch-5-replication-3.npy,batch-f1-null-transfer,18372272029641080981,6114209485344574027,6946006551645691861,0.34667719999561086,,,batch-f1-null-transfer-20260824-001
F1,X1,X2,f1-null-transfer,5,4,0.05434315608214456,0.45,residual_samples/batch-5-replication-4.csv,null_statistics/batch-5-replication-4.npy,batch-f1-null-transfer,7087314783129898528,2315807881713416015,14304594138551468829,0.37572270003147423,,,batch-f1-null-transfer-20260824-001
F1,X1,X2,f1-null-transfer,5,5,0.05273080775887889,0.53,residual_samples/batch-5-replication-5.csv,null_statistics/batch-5-replication-5.npy,batch-f1-null-transfer,3697949711089346294,5150856125366953438,8247086518435065535,0.4146910000126809,,,batch-f1-null-transfer-20260824-001
F1,X1,X2,f1-null-transfer,5,6,0.09003210418770814,0.01,residual_samples/batch-5-replication-6.csv,null_statistics/batch-5-replication-6.npy,batch-f1-null-transfer,1917655546867903731,9062398653531773210,11922854579819995702,0.3808839999837801,,,batch-f1-null-transfer-20260824-001
F1,X1,X2,f1-null-transfer,5,7,0.06282827193323186,0.215,residual_samples/batch-5-replication-7.csv,null_statistics/batch-5-replication-7.npy,batch-f1-null-transfer,8333154354636273262,9268401450128200851,10067579716944664099,0.3461865999852307,,,batch-f1-null-transfer-20260824-001
F1,X1,X2,f1-null-transfer,5,8,0.044647740148710875,0.855,residual_samples/batch-5-replication-8.csv,null_statistics/batch-5-replication-8.npy,batch-f1-null-transfer,7157074956380722586,706267945935802303,3680256303400420884,0.34807120001642033,,,batch-f1-null-transfer-20260824-001
F1,X1,X2,f1-null-transfer,5,9,0.048811261885656015,0.7,residual_samples/batch-5-replication-9.csv,null_statistics/batch-5-replication-9.npy,batch-f1-null-transfer,3315842540444567426,8218620970254338007,7504704667705987982,0.3467160000000149,,,batch-f1-null-transfer-20260824-001
F1,X1,X2,f1-null-transfer,6,0,0.04370473670334766,0.865,residual_samples/batch-6-replication-0.csv,null_statistics/batch-6-replication-0.npy,batch-f1-null-transfer,17793985273851594171,8653216506133355005,1245627987350105140,0.35506899998290464,,,batch-f1-null-transfer-20260824-001
F1,X1,X2,f1-null-transfer,6,1,0.059032234747360156,0.36,residual_samples/batch-6-replication-1.csv,null_statistics/batch-6-replication-1.npy,batch-f1-null-transfer,1030481459807492818,4638528718341188913,10287415721404585847,0.3600168999982998,,,batch-f1-null-transfer-20260824-001
F1,X1,X2,f1-null-transfer,6,2,0.04646531479960474,0.785,residual_samples/batch-6-replication-2.csv,null_statistics/batch-6-replication-2.npy,batch-f1-null-transfer,18168916098427776548,9250433863535985689,13247870196901332316,0.3596866999869235,,,batch-f1-null-transfer-20260824-001
F1,X1,X2,f1-null-transfer,6,3,0.054734992718287495,0.46,residual_samples/batch-6-replication-3.csv,null_statistics/batch-6-replication-3.npy,batch-f1-null-transfer,11732930016272376457,10296889975471430625,11800975187965392241,0.35020230000372976,,,batch-f1-null-transfer-20260824-001
F1,X1,X2,f1-null-transfer,6,4,0.05814473126744625,0.295,residual_samples/batch-6-replication-4.csv,null_statistics/batch-6-replication-4.npy,batch-f1-null-transfer,5352943893712807590,4627662951675865018,862825492095260278,0.3464559999993071,,,batch-f1-null-transfer-20260824-001
F1,X1,X2,f1-null-transfer,6,5,0.04535349766241956,0.76,residual_samples/batch-6-replication-5.csv,null_statistics/batch-6-replication-5.npy,batch-f1-null-transfer,16306900196776226626,3748990649907367402,7778397638069707194,0.367429300036747,,,batch-f1-null-transfer-20260824-001
F1,X1,X2,f1-null-transfer,6,6,0.06363402154957572,0.185,residual_samples/batch-6-replication-6.csv,null_statistics/batch-6-replication-6.npy,batch-f1-null-transfer,5417174889004009584,1778311408792243173,17204480622005276741,0.38082600000780076,,,batch-f1-null-transfer-20260824-001
F1,X1,X2,f1-null-transfer,6,7,0.07936777470329515,0.03,residual_samples/batch-6-replication-7.csv,null_statistics/batch-6-replication-7.npy,batch-f1-null-transfer,16302142683092318104,9635286505369057743,1281116555658062235,0.34956869995221496,,,batch-f1-null-transfer-20260824-001
F1,X1,X2,f1-null-transfer,6,8,0.0582597264681604,0.325,residual_samples/batch-6-replication-8.csv,null_statistics/batch-6-replication-8.npy,batch-f1-null-transfer,2249606576396462235,10088655022277515679,13980606558863470730,0.35364029998891056,,,batch-f1-null-transfer-20260824-001
F1,X1,X2,f1-null-transfer,6,9,0.05006952396590597,0.64,residual_samples/batch-6-replication-9.csv,null_statistics/batch-6-replication-9.npy,batch-f1-null-transfer,14884928181163991712,16546586569959957249,8028653164221742398,0.37045729998499155,,,batch-f1-null-transfer-20260824-001
F1,X1,X2,f1-null-transfer,7,0,0.06152271629532562,0.195,residual_samples/batch-7-replication-0.csv,null_statistics/batch-7-replication-0.npy,batch-f1-null-transfer,7202308387451689928,644356277922672623,9163414995687747144,0.38402649998897687,,,batch-f1-null-transfer-20260824-001
F1,X1,X2,f1-null-transfer,7,1,0.03881014279280483,0.975,residual_samples/batch-7-replication-1.csv,null_statistics/batch-7-replication-1.npy,batch-f1-null-transfer,6811030732029268668,13487938234059466798,15441314887653890751,0.3946029999642633,,,batch-f1-null-transfer-20260824-001
F1,X1,X2,f1-null-transfer,7,2,0.05491990081198938,0.385,residual_samples/batch-7-replication-2.csv,null_statistics/batch-7-replication-2.npy,batch-f1-null-transfer,8476920014991877043,10114632786542646612,14925703893273584578,0.3595269999932498,,,batch-f1-null-transfer-20260824-001
F1,X1,X2,f1-null-transfer,7,3,0.051316173500955756,0.565,residual_samples/batch-7-replication-3.csv,null_statistics/batch-7-replication-3.npy,batch-f1-null-transfer,16563500606723701424,18417003996710537393,16406553706861758096,0.37496559997089207,,,batch-f1-null-transfer-20260824-001
F1,X1,X2,f1-null-transfer,7,4,0.04581887974142467,0.825,residual_samples/batch-7-replication-4.csv,null_statistics/batch-7-replication-4.npy,batch-f1-null-transfer,11368791510423824142,9409952748670117413,18291495619096097726,0.35128380003152415,,,batch-f1-null-transfer-20260824-001
F1,X1,X2,f1-null-transfer,7,5,0.04366881926695235,0.88,residual_samples/batch-7-replication-5.csv,null_statistics/batch-7-replication-5.npy,batch-f1-null-transfer,16698791151379538796,4423673186661266509,4503541401894724944,0.35460279998369515,,,batch-f1-null-transfer-20260824-001
F1,X1,X2,f1-null-transfer,7,6,0.04387465600822042,0.895,residual_samples/batch-7-replication-6.csv,null_statistics/batch-7-replication-6.npy,batch-f1-null-transfer,8457343782800097221,15962789073099855269,6740327277237902234,0.3280067999730818,,,batch-f1-null-transfer-20260824-001
F1,X1,X2,f1-null-transfer,7,7,0.06859098644970173,0.105,residual_samples/batch-7-replication-7.csv,null_statistics/batch-7-replication-7.npy,batch-f1-null-transfer,10722865923523540158,1839090347953995376,7541654435041826592,0.46357990003889427,,,batch-f1-null-transfer-20260824-001
F1,X1,X2,f1-null-transfer,7,8,0.04537543643382857,0.82,residual_samples/batch-7-replication-8.csv,null_statistics/batch-7-replication-8.npy,batch-f1-null-transfer,14022545448949832548,9017175161372141958,2971163177956264161,0.3479061999823898,,,batch-f1-null-transfer-20260824-001
F1,X1,X2,f1-null-transfer,7,9,0.04331076257629823,0.905,residual_samples/batch-7-replication-9.csv,null_statistics/batch-7-replication-9.npy,batch-f1-null-transfer,8917657774543574329,6311139627087327517,12099005129382120388,0.3623031000024639,,,batch-f1-null-transfer-20260824-001
F1,X1,X2,f1-null-transfer,8,0,0.049352764912127985,0.635,residual_samples/batch-8-replication-0.csv,null_statistics/batch-8-replication-0.npy,batch-f1-null-transfer,6479741729726733423,13785299928509081773,18214165025809062675,0.35605550004402176,,,batch-f1-null-transfer-20260824-001
F1,X1,X2,f1-null-transfer,8,1,0.05547273020338906,0.395,residual_samples/batch-8-replication-1.csv,null_statistics/batch-8-replication-1.npy,batch-f1-null-transfer,18004310976776702448,11470166986589236368,8071574282553732304,0.36694059998262674,,,batch-f1-null-transfer-20260824-001
F1,X1,X2,f1-null-transfer,8,2,0.04997366195033039,0.65,residual_samples/batch-8-replication-2.csv,null_statistics/batch-8-replication-2.npy,batch-f1-null-transfer,10510812771820021167,7092096788724586615,2481683108472521256,0.3523276000050828,,,batch-f1-null-transfer-20260824-001
F1,X1,X2,f1-null-transfer,8,3,0.0805046952027497,0.045,residual_samples/batch-8-replication-3.csv,null_statistics/batch-8-replication-3.npy,batch-f1-null-transfer,10960950928031430393,9789533140807995049,4244871710025777758,0.3524201000109315,,,batch-f1-null-transfer-20260824-001
F1,X1,X2,f1-null-transfer,8,4,0.06087302122925465,0.245,residual_samples/batch-8-replication-4.csv,null_statistics/batch-8-replication-4.npy,batch-f1-null-transfer,4587190368028927441,8580505714771917434,13031405197573395655,0.34953810001024976,,,batch-f1-null-transfer-20260824-001
F1,X1,X2,f1-null-transfer,8,5,0.055296839839798224,0.46,residual_samples/batch-8-replication-5.csv,null_statistics/batch-8-replication-5.npy,batch-f1-null-transfer,7255750217616118965,15674204019422396197,10819146779295471340,0.35515270003816113,,,batch-f1-null-transfer-20260824-001
F1,X1,X2,f1-null-transfer,8,6,0.05210981949205594,0.605,residual_samples/batch-8-replication-6.csv,null_statistics/batch-8-replication-6.npy,batch-f1-null-transfer,9842235832198390728,6869066581680217358,14941087035564512646,0.35168829996837303,,,batch-f1-null-transfer-20260824-001
F1,X1,X2,f1-null-transfer,8,7,0.05200785569297217,0.52,residual_samples/batch-8-replication-7.csv,null_statistics/batch-8-replication-7.npy,batch-f1-null-transfer,7825193880914553930,2781751616678037235,2205979438105281127,0.34413290000520647,,,batch-f1-null-transfer-20260824-001
F1,X1,X2,f1-null-transfer,8,8,0.047035359508077176,0.775,residual_samples/batch-8-replication-8.csv,null_statistics/batch-8-replication-8.npy,batch-f1-null-transfer,11472480387874031157,15455522345563450441,6485737568384960724,0.3286944999708794,,,batch-f1-null-transfer-20260824-001
F1,X1,X2,f1-null-transfer,8,9,0.04401145296895607,0.835,residual_samples/batch-8-replication-9.csv,null_statistics/batch-8-replication-9.npy,batch-f1-null-transfer,17061796869054548236,4557929451772317149,11960663624108630430,0.3857377999811433,,,batch-f1-null-transfer-20260824-001
F1,X1,X2,f1-null-transfer,9,0,0.06225451152622385,0.17,residual_samples/batch-9-replication-0.csv,null_statistics/batch-9-replication-0.npy,batch-f1-null-transfer,2788601867200538120,468030890249441474,3993333827048743312,0.34986319998279214,,,batch-f1-null-transfer-20260824-001
F1,X1,X2,f1-null-transfer,9,1,0.046122189737330024,0.83,residual_samples/batch-9-replication-1.csv,null_statistics/batch-9-replication-1.npy,batch-f1-null-transfer,9922194145563646463,3493444893111464392,1133629140245811847,0.3861598999937996,,,batch-f1-null-transfer-20260824-001
F1,X1,X2,f1-null-transfer,9,2,0.060032798025720806,0.285,residual_samples/batch-9-replication-2.csv,null_statistics/batch-9-replication-2.npy,batch-f1-null-transfer,16156288325912239025,1776167705452510690,2090724335519473514,0.35568909998983145,,,batch-f1-null-transfer-20260824-001
F1,X1,X2,f1-null-transfer,9,3,0.047510369706134786,0.665,residual_samples/batch-9-replication-3.csv,null_statistics/batch-9-replication-3.npy,batch-f1-null-transfer,6075608675028185871,11109890607624776100,17660187046613295408,0.3402775000431575,,,batch-f1-null-transfer-20260824-001
F1,X1,X2,f1-null-transfer,9,4,0.03508234352871568,0.995,residual_samples/batch-9-replication-4.csv,null_statistics/batch-9-replication-4.npy,batch-f1-null-transfer,7980548857424798107,10244602753142481204,11904537460344927696,0.3456723999697715,,,batch-f1-null-transfer-20260824-001
F1,X1,X2,f1-null-transfer,9,5,0.06305211373310887,0.15,residual_samples/batch-9-replication-5.csv,null_statistics/batch-9-replication-5.npy,batch-f1-null-transfer,6587527108456553070,2483989312958961266,2564147139190697986,0.34591289999661967,,,batch-f1-null-transfer-20260824-001
F1,X1,X2,f1-null-transfer,9,6,0.039855546401433496,0.96,residual_samples/batch-9-replication-6.csv,null_statistics/batch-9-replication-6.npy,batch-f1-null-transfer,8301738207944099005,1702055752384819844,11271012517747118420,0.326157100033015,,,batch-f1-null-transfer-20260824-001
F1,X1,X2,f1-null-transfer,9,7,0.05025291108736252,0.575,residual_samples/batch-9-replication-7.csv,null_statistics/batch-9-replication-7.npy,batch-f1-null-transfer,16384582545438357441,15949843583337693513,18207221737994418282,0.3461397000355646,,,batch-f1-null-transfer-20260824-001
F1,X1,X2,f1-null-transfer,9,8,0.047641500749431215,0.76,residual_samples/batch-9-replication-8.csv,null_statistics/batch-9-replication-8.npy,batch-f1-null-transfer,8561628536541752719,8485212268042585693,17603536346653849769,0.3464151000371203,,,batch-f1-null-transfer-20260824-001
F1,X1,X2,f1-null-transfer,9,9,0.05623779513563119,0.43,residual_samples/batch-9-replication-9.csv,null_statistics/batch-9-replication-9.npy,batch-f1-null-transfer,13556195904399101913,4510884117716118817,2361885313305000600,0.34910840005613863,,,batch-f1-null-transfer-20260824-001
F1,X1,X2,f1-null-transfer,10,0,0.044571305354601354,0.87,residual_samples/batch-10-replication-0.csv,null_statistics/batch-10-replication-0.npy,batch-f1-null-transfer,10838835184288944686,9998653277566914096,13541648741718554892,0.3466568000148982,,,batch-f1-null-transfer-20260824-001
F1,X1,X2,f1-null-transfer,10,1,0.046370145040174664,0.82,residual_samples/batch-10-replication-1.csv,null_statistics/batch-10-replication-1.npy,batch-f1-null-transfer,2880047109238816830,14226913434668787400,9652321957587972613,0.3534563999855891,,,batch-f1-null-transfer-20260824-001
F1,X1,X2,f1-null-transfer,10,2,0.06542288111642103,0.165,residual_samples/batch-10-replication-2.csv,null_statistics/batch-10-replication-2.npy,batch-f1-null-transfer,14617251522638215811,17084409854404736082,8462304469982222230,0.3754556000349112,,,batch-f1-null-transfer-20260824-001
F1,X1,X2,f1-null-transfer,10,3,0.05455023179401581,0.4,residual_samples/batch-10-replication-3.csv,null_statistics/batch-10-replication-3.npy,batch-f1-null-transfer,7985464985830490734,7417029684755467844,2479886400532262845,0.3606351999915205,,,batch-f1-null-transfer-20260824-001
F1,X1,X2,f1-null-transfer,10,4,0.045337404871384455,0.805,residual_samples/batch-10-replication-4.csv,null_statistics/batch-10-replication-4.npy,batch-f1-null-transfer,4295481134135369513,369700400385344538,15384618467682974363,0.3783281999640167,,,batch-f1-null-transfer-20260824-001
F1,X1,X2,f1-null-transfer,10,5,0.06831827938161625,0.13,residual_samples/batch-10-replication-5.csv,null_statistics/batch-10-replication-5.npy,batch-f1-null-transfer,3558280380693653354,16277953860447912554,7200085221594050464,0.34641659999033436,,,batch-f1-null-transfer-20260824-001
F1,X1,X2,f1-null-transfer,10,6,0.04922212993363497,0.645,residual_samples/batch-10-replication-6.csv,null_statistics/batch-10-replication-6.npy,batch-f1-null-transfer,1877969159267539058,1615857442249529924,2337677835951984809,0.38940059999004006,,,batch-f1-null-transfer-20260824-001
F1,X1,X2,f1-null-transfer,10,7,0.04470954412886342,0.835,residual_samples/batch-10-replication-7.csv,null_statistics/batch-10-replication-7.npy,batch-f1-null-transfer,14898907869838148379,1040936088593204728,15929801507588694319,0.39665359997889027,,,batch-f1-null-transfer-20260824-001
F1,X1,X2,f1-null-transfer,10,8,0.05726958658060955,0.265,residual_samples/batch-10-replication-8.csv,null_statistics/batch-10-replication-8.npy,batch-f1-null-transfer,8578838542841772536,14087910704822516371,8070260671867776664,0.35689340002136305,,,batch-f1-null-transfer-20260824-001
F1,X1,X2,f1-null-transfer,10,9,0.04105662203023159,0.915,residual_samples/batch-10-replication-9.csv,null_statistics/batch-10-replication-9.npy,batch-f1-null-transfer,15434561079226026287,16611577804303614774,7410162557767898190,0.3515839999890886,,,batch-f1-null-transfer-20260824-001
F1,X1,X2,f1-null-transfer,11,0,0.07945646026331891,0.045,residual_samples/batch-11-replication-0.csv,null_statistics/batch-11-replication-0.npy,batch-f1-null-transfer,14941084594815924369,13595568416398817918,8604223166636777610,0.35887180001009256,,,batch-f1-null-transfer-20260824-001
F1,X1,X2,f1-null-transfer,11,1,0.05705336548889553,0.335,residual_samples/batch-11-replication-1.csv,null_statistics/batch-11-replication-1.npy,batch-f1-null-transfer,11772920945449792548,15828472670847291596,12003355466536377642,0.3522763999644667,,,batch-f1-null-transfer-20260824-001
F1,X1,X2,f1-null-transfer,11,2,0.057616004814640506,0.32,residual_samples/batch-11-replication-2.csv,null_statistics/batch-11-replication-2.npy,batch-f1-null-transfer,7749476993247980650,9440125135599664714,9665583801552319189,0.3286744999932125,,,batch-f1-null-transfer-20260824-001
F1,X1,X2,f1-null-transfer,11,3,0.06460322480047898,0.175,residual_samples/batch-11-replication-3.csv,null_statistics/batch-11-replication-3.npy,batch-f1-null-transfer,10516013396242676225,6132845256901677310,4650402661115031437,0.3385240999632515,,,batch-f1-null-transfer-20260824-001
F1,X1,X2,f1-null-transfer,11,4,0.04170463603491327,0.93,residual_samples/batch-11-replication-4.csv,null_statistics/batch-11-replication-4.npy,batch-f1-null-transfer,17739836955321198820,1775176386293113465,5272878784107499090,0.39814309997018427,,,batch-f1-null-transfer-20260824-001
F1,X1,X2,f1-null-transfer,11,5,0.07049664807391702,0.105,residual_samples/batch-11-replication-5.csv,null_statistics/batch-11-replication-5.npy,batch-f1-null-transfer,4819483551622977183,5965373639044765676,5828666853994234652,0.38271129998611286,,,batch-f1-null-transfer-20260824-001
F1,X1,X2,f1-null-transfer,11,6,0.05130106170133364,0.595,residual_samples/batch-11-replication-6.csv,null_statistics/batch-11-replication-6.npy,batch-f1-null-transfer,2251707810949976324,1706548443433648198,14730453832632650716,0.3493055999861099,,,batch-f1-null-transfer-20260824-001
F1,X1,X2,f1-null-transfer,11,7,0.07529589125393742,0.065,residual_samples/batch-11-replication-7.csv,null_statistics/batch-11-replication-7.npy,batch-f1-null-transfer,2593384817470215491,18406293643425530918,9717871454527477342,0.32401610002852976,,,batch-f1-null-transfer-20260824-001
F1,X1,X2,f1-null-transfer,11,8,0.047711914958839426,0.715,residual_samples/batch-11-replication-8.csv,null_statistics/batch-11-replication-8.npy,batch-f1-null-transfer,8117815810089211700,5247357799153799600,12115065681618091869,0.3708492000005208,,,batch-f1-null-transfer-20260824-001
F1,X1,X2,f1-null-transfer,11,9,0.06217150674410181,0.22,residual_samples/batch-11-replication-9.csv,null_statistics/batch-11-replication-9.npy,batch-f1-null-transfer,15702828896222670923,16660402340648833341,7800985869628327327,0.3667672000010498,,,batch-f1-null-transfer-20260824-001
F1,X1,X2,f1-null-transfer,12,0,0.05628142357584189,0.34,residual_samples/batch-12-replication-0.csv,null_statistics/batch-12-replication-0.npy,batch-f1-null-transfer,12917288708909261428,5752288358511631082,3112245351208408387,0.39848700002767146,,,batch-f1-null-transfer-20260824-001
F1,X1,X2,f1-null-transfer,12,1,0.04977947153012465,0.65,residual_samples/batch-12-replication-1.csv,null_statistics/batch-12-replication-1.npy,batch-f1-null-transfer,1462028359593152379,6892369614605496184,2784617874519815125,0.43786820000968874,,,batch-f1-null-transfer-20260824-001
F1,X1,X2,f1-null-transfer,12,2,0.041879102497037864,0.92,residual_samples/batch-12-replication-2.csv,null_statistics/batch-12-replication-2.npy,batch-f1-null-transfer,3891466780887335916,12024295633766581819,4787528708319749187,0.3825620000134222,,,batch-f1-null-transfer-20260824-001
F1,X1,X2,f1-null-transfer,12,3,0.04227806234859507,0.93,residual_samples/batch-12-replication-3.csv,null_statistics/batch-12-replication-3.npy,batch-f1-null-transfer,718621364526060040,10027795087917956501,17300181727034303236,0.33700179995503277,,,batch-f1-null-transfer-20260824-001
F1,X1,X2,f1-null-transfer,12,4,0.06023465558671758,0.285,residual_samples/batch-12-replication-4.csv,null_statistics/batch-12-replication-4.npy,batch-f1-null-transfer,17618424469587582016,3782063177736513924,11603605430198255648,0.3444867999642156,,,batch-f1-null-transfer-20260824-001
F1,X1,X2,f1-null-transfer,12,5,0.07409177436749,0.07,residual_samples/batch-12-replication-5.csv,null_statistics/batch-12-replication-5.npy,batch-f1-null-transfer,9128541249029860862,11479614917298443690,8988752127828664101,0.361783700005617,,,batch-f1-null-transfer-20260824-001
F1,X1,X2,f1-null-transfer,12,6,0.07326412821646892,0.11,residual_samples/batch-12-replication-6.csv,null_statistics/batch-12-replication-6.npy,batch-f1-null-transfer,15602989172124158984,5780498950872845094,11783925200817973159,0.3541743000387214,,,batch-f1-null-transfer-20260824-001
F1,X1,X2,f1-null-transfer,12,7,0.047302313522653856,0.76,residual_samples/batch-12-replication-7.csv,null_statistics/batch-12-replication-7.npy,batch-f1-null-transfer,4871620452794873291,9176394317588981556,15906247336800225663,0.3497665000031702,,,batch-f1-null-transfer-20260824-001
F1,X1,X2,f1-null-transfer,12,8,0.047212461989831284,0.775,residual_samples/batch-12-replication-8.csv,null_statistics/batch-12-replication-8.npy,batch-f1-null-transfer,10481300404455199224,7778060591735598598,17995639366729008250,0.35308139998232946,,,batch-f1-null-transfer-20260824-001
F1,X1,X2,f1-null-transfer,12,9,0.042466642256328076,0.93,residual_samples/batch-12-replication-9.csv,null_statistics/batch-12-replication-9.npy,batch-f1-null-transfer,682286104034396696,15212780406960747149,9211509308977915631,0.37504150002496317,,,batch-f1-null-transfer-20260824-001
F1,X1,X2,f1-null-transfer,13,0,0.053234308362861166,0.51,residual_samples/batch-13-replication-0.csv,null_statistics/batch-13-replication-0.npy,batch-f1-null-transfer,2956190063541753584,17688291934097187274,2651117131502294774,0.38216599996667355,,,batch-f1-null-transfer-20260824-001
F1,X1,X2,f1-null-transfer,13,1,0.07799840046552922,0.055,residual_samples/batch-13-replication-1.csv,null_statistics/batch-13-replication-1.npy,batch-f1-null-transfer,18332093922867031182,3899651281286988517,5487962071600359974,0.3501834999769926,,,batch-f1-null-transfer-20260824-001
F1,X1,X2,f1-null-transfer,13,2,0.09763821889496001,0.005,residual_samples/batch-13-replication-2.csv,null_statistics/batch-13-replication-2.npy,batch-f1-null-transfer,6520413993301481353,7382728935305551112,18381214324334202092,0.36848629999440163,,,batch-f1-null-transfer-20260824-001
F1,X1,X2,f1-null-transfer,13,3,0.051443225346449156,0.585,residual_samples/batch-13-replication-3.csv,null_statistics/batch-13-replication-3.npy,batch-f1-null-transfer,15407230204062295925,13793082186118909772,18317612216560745330,0.3486533000250347,,,batch-f1-null-transfer-20260824-001
F1,X1,X2,f1-null-transfer,13,4,0.05048725110684116,0.615,residual_samples/batch-13-replication-4.csv,null_statistics/batch-13-replication-4.npy,batch-f1-null-transfer,327032382745298040,16405046211783073830,9846728640478848604,0.35289470001589507,,,batch-f1-null-transfer-20260824-001
F1,X1,X2,f1-null-transfer,13,5,0.052418155616039366,0.5,residual_samples/batch-13-replication-5.csv,null_statistics/batch-13-replication-5.npy,batch-f1-null-transfer,10073710210098906751,11233660510598555705,5338112408938398368,0.354566199996043,,,batch-f1-null-transfer-20260824-001
F1,X1,X2,f1-null-transfer,13,6,0.05094932441664455,0.62,residual_samples/batch-13-replication-6.csv,null_statistics/batch-13-replication-6.npy,batch-f1-null-transfer,8575888515155023458,6381527402793725035,5803742204995702630,0.3498044000007212,,,batch-f1-null-transfer-20260824-001
F1,X1,X2,f1-null-transfer,13,7,0.0427679277412592,0.905,residual_samples/batch-13-replication-7.csv,null_statistics/batch-13-replication-7.npy,batch-f1-null-transfer,5046846751504193614,8495974460641060550,5563656155349684281,0.35016009997343644,,,batch-f1-null-transfer-20260824-001
F1,X1,X2,f1-null-transfer,13,8,0.055887174566479306,0.36,residual_samples/batch-13-replication-8.csv,null_statistics/batch-13-replication-8.npy,batch-f1-null-transfer,16127150098013288998,17469861480330683336,902521600260175130,0.3563990000402555,,,batch-f1-null-transfer-20260824-001
F1,X1,X2,f1-null-transfer,13,9,0.04794925760366408,0.69,residual_samples/batch-13-replication-9.csv,null_statistics/batch-13-replication-9.npy,batch-f1-null-transfer,11820889016705775074,3551093859180082724,6787889002827595577,0.3418276999727823,,,batch-f1-null-transfer-20260824-001
F1,X1,X2,f1-null-transfer,14,0,0.06782172533109286,0.115,residual_samples/batch-14-replication-0.csv,null_statistics/batch-14-replication-0.npy,batch-f1-null-transfer,13646751682929585599,4057655742852044645,2523812230145259205,0.34950380004011095,,,batch-f1-null-transfer-20260824-001
F1,X1,X2,f1-null-transfer,14,1,0.06081055334128748,0.245,residual_samples/batch-14-replication-1.csv,null_statistics/batch-14-replication-1.npy,batch-f1-null-transfer,15976586470252795538,9162332832315670701,8000950869396286670,0.34400290000485256,,,batch-f1-null-transfer-20260824-001
F1,X1,X2,f1-null-transfer,14,2,0.06685967904290936,0.13,residual_samples/batch-14-replication-2.csv,null_statistics/batch-14-replication-2.npy,batch-f1-null-transfer,15777745714560652081,4987959009535506487,13805584680416271154,0.3414172999910079,,,batch-f1-null-transfer-20260824-001
F1,X1,X2,f1-null-transfer,14,3,0.05222265257618078,0.51,residual_samples/batch-14-replication-3.csv,null_statistics/batch-14-replication-3.npy,batch-f1-null-transfer,2767018128416768095,14959457054175935406,8552715945480530489,0.3465812000213191,,,batch-f1-null-transfer-20260824-001
F1,X1,X2,f1-null-transfer,14,4,0.06445090999103684,0.17,residual_samples/batch-14-replication-4.csv,null_statistics/batch-14-replication-4.npy,batch-f1-null-transfer,9900111844805610975,4027942076929186104,17501061736933895331,0.3436395000317134,,,batch-f1-null-transfer-20260824-001
F1,X1,X2,f1-null-transfer,14,5,0.07475114127005388,0.06,residual_samples/batch-14-replication-5.csv,null_statistics/batch-14-replication-5.npy,batch-f1-null-transfer,10327131872445743294,2911357739174242359,3589911093931465438,0.34694089996628463,,,batch-f1-null-transfer-20260824-001
F1,X1,X2,f1-null-transfer,14,6,0.038191804852159734,0.99,residual_samples/batch-14-replication-6.csv,null_statistics/batch-14-replication-6.npy,batch-f1-null-transfer,6815993331176605058,2309915389040419952,17526918812032601626,0.35487019998254254,,,batch-f1-null-transfer-20260824-001
F1,X1,X2,f1-null-transfer,14,7,0.06274047687654592,0.195,residual_samples/batch-14-replication-7.csv,null_statistics/batch-14-replication-7.npy,batch-f1-null-transfer,13905345577066176623,5275662627246720714,13622724727830744648,0.34743019996676594,,,batch-f1-null-transfer-20260824-001
F1,X1,X2,f1-null-transfer,14,8,0.053104414840181136,0.525,residual_samples/batch-14-replication-8.csv,null_statistics/batch-14-replication-8.npy,batch-f1-null-transfer,11161429797785743963,6724005074267872581,10023836939239433570,0.3456556999590248,,,batch-f1-null-transfer-20260824-001
F1,X1,X2,f1-null-transfer,14,9,0.0427220970354479,0.905,residual_samples/batch-14-replication-9.csv,null_statistics/batch-14-replication-9.npy,batch-f1-null-transfer,13599577555613905010,5863269059135498450,14486434994963494477,0.34736590000102296,,,batch-f1-null-transfer-20260824-001
F1,X1,X2,f1-null-transfer,15,0,0.06047477444527526,0.24,residual_samples/batch-15-replication-0.csv,null_statistics/batch-15-replication-0.npy,batch-f1-null-transfer,14346364886622113517,11478347662786459205,12486378994793735940,0.3451898000203073,,,batch-f1-null-transfer-20260824-001
F1,X1,X2,f1-null-transfer,15,1,0.04958575884966147,0.675,residual_samples/batch-15-replication-1.csv,null_statistics/batch-15-replication-1.npy,batch-f1-null-transfer,7136246423909839928,14317710714624306038,13004485016519904517,0.3447407999774441,,,batch-f1-null-transfer-20260824-001
F1,X1,X2,f1-null-transfer,15,2,0.05688882233195401,0.365,residual_samples/batch-15-replication-2.csv,null_statistics/batch-15-replication-2.npy,batch-f1-null-transfer,9660905495472665770,1426316062254975951,17105001723204206034,0.3440149000380188,,,batch-f1-null-transfer-20260824-001
F1,X1,X2,f1-null-transfer,15,3,0.05517136744825407,0.415,residual_samples/batch-15-replication-3.csv,null_statistics/batch-15-replication-3.npy,batch-f1-null-transfer,10450105437636749909,15836053217055118682,9894013288915789149,0.3453229999868199,,,batch-f1-null-transfer-20260824-001
F1,X1,X2,f1-null-transfer,15,4,0.04761421246808598,0.715,residual_samples/batch-15-replication-4.csv,null_statistics/batch-15-replication-4.npy,batch-f1-null-transfer,5601370910563394645,6878380327014336356,1718647386937071724,0.343890999967698,,,batch-f1-null-transfer-20260824-001
F1,X1,X2,f1-null-transfer,15,5,0.06113203286818559,0.295,residual_samples/batch-15-replication-5.csv,null_statistics/batch-15-replication-5.npy,batch-f1-null-transfer,13269148519062440390,9621246894105904231,13795006805136272796,0.39504570001736283,,,batch-f1-null-transfer-20260824-001
F1,X1,X2,f1-null-transfer,15,6,0.04694333896446962,0.79,residual_samples/batch-15-replication-6.csv,null_statistics/batch-15-replication-6.npy,batch-f1-null-transfer,8834140139794829930,8219288185468877991,13105369827478584855,0.343125399958808,,,batch-f1-null-transfer-20260824-001
F1,X1,X2,f1-null-transfer,15,7,0.041366301897659656,0.95,residual_samples/batch-15-replication-7.csv,null_statistics/batch-15-replication-7.npy,batch-f1-null-transfer,14863546847856939480,3239871930954170462,6492963598924668921,0.3450628000427969,,,batch-f1-null-transfer-20260824-001
F1,X1,X2,f1-null-transfer,15,8,0.04660591968725679,0.755,residual_samples/batch-15-replication-8.csv,null_statistics/batch-15-replication-8.npy,batch-f1-null-transfer,18115560385493864878,4374205820568531366,6395905363799537212,0.32374810002511367,,,batch-f1-null-transfer-20260824-001
F1,X1,X2,f1-null-transfer,15,9,0.044330134467757194,0.875,residual_samples/batch-15-replication-9.csv,null_statistics/batch-15-replication-9.npy,batch-f1-null-transfer,9299443391074440650,8518118313603815709,8074060611233742645,0.34059769997838885,,,batch-f1-null-transfer-20260824-001
F1,X1,X2,f1-null-transfer,16,0,0.06326205118683194,0.22,residual_samples/batch-16-replication-0.csv,null_statistics/batch-16-replication-0.npy,batch-f1-null-transfer,14170110701397043926,8106718557259241643,2417121592280470820,0.34672370000043884,,,batch-f1-null-transfer-20260824-001
F1,X1,X2,f1-null-transfer,16,1,0.07089407590632792,0.07,residual_samples/batch-16-replication-1.csv,null_statistics/batch-16-replication-1.npy,batch-f1-null-transfer,17018236809069681061,8545416373097673888,18097804834530713791,0.345854600018356,,,batch-f1-null-transfer-20260824-001
F1,X1,X2,f1-null-transfer,16,2,0.06472583932308228,0.215,residual_samples/batch-16-replication-2.csv,null_statistics/batch-16-replication-2.npy,batch-f1-null-transfer,66543032914222066,3912120129499786361,5175958134375012459,0.35421659995336086,,,batch-f1-null-transfer-20260824-001
F1,X1,X2,f1-null-transfer,16,3,0.0437876697941499,0.89,residual_samples/batch-16-replication-3.csv,null_statistics/batch-16-replication-3.npy,batch-f1-null-transfer,15641098900422315813,5762058820765428970,2528731878436637102,0.42151620000367984,,,batch-f1-null-transfer-20260824-001
F1,X1,X2,f1-null-transfer,16,4,0.09261442270186065,0.02,residual_samples/batch-16-replication-4.csv,null_statistics/batch-16-replication-4.npy,batch-f1-null-transfer,4850622699139062822,8512483094554924615,10285525276251166989,0.3557864000322297,,,batch-f1-null-transfer-20260824-001
F1,X1,X2,f1-null-transfer,16,5,0.04893778997303096,0.735,residual_samples/batch-16-replication-5.csv,null_statistics/batch-16-replication-5.npy,batch-f1-null-transfer,10447687078225854843,15345559701544259863,3955411524773225838,0.34118809999199584,,,batch-f1-null-transfer-20260824-001
F1,X1,X2,f1-null-transfer,16,6,0.038515018053079476,0.985,residual_samples/batch-16-replication-6.csv,null_statistics/batch-16-replication-6.npy,batch-f1-null-transfer,3149695523390231931,11789197447454690253,5012216381830221399,0.34505810000700876,,,batch-f1-null-transfer-20260824-001
F1,X1,X2,f1-null-transfer,16,7,0.05095658361364211,0.605,residual_samples/batch-16-replication-7.csv,null_statistics/batch-16-replication-7.npy,batch-f1-null-transfer,278965668243819955,4106171138268823685,2337705038367042695,0.34789419994922355,,,batch-f1-null-transfer-20260824-001
F1,X1,X2,f1-null-transfer,16,8,0.0649678211099628,0.155,residual_samples/batch-16-replication-8.csv,null_statistics/batch-16-replication-8.npy,batch-f1-null-transfer,2417529314065530353,7701034326516566709,13926481098381062632,0.34147200000006706,,,batch-f1-null-transfer-20260824-001
F1,X1,X2,f1-null-transfer,16,9,0.048263039475308626,0.725,residual_samples/batch-16-replication-9.csv,null_statistics/batch-16-replication-9.npy,batch-f1-null-transfer,11551008725045977234,4055316377437588663,6666181405051855733,0.2911452000262216,,,batch-f1-null-transfer-20260824-001
F1,X1,X2,f1-null-transfer,17,0,0.05071091713135079,0.58,residual_samples/batch-17-replication-0.csv,null_statistics/batch-17-replication-0.npy,batch-f1-null-transfer,13480131845352578404,17090587977493598311,14043714016108164734,0.34601959999417886,,,batch-f1-null-transfer-20260824-001
F1,X1,X2,f1-null-transfer,17,1,0.058780407318616154,0.285,residual_samples/batch-17-replication-1.csv,null_statistics/batch-17-replication-1.npy,batch-f1-null-transfer,5763614512288341105,3839324017337525106,1340290348988206036,0.3431925000040792,,,batch-f1-null-transfer-20260824-001
F1,X1,X2,f1-null-transfer,17,2,0.05652939781099782,0.395,residual_samples/batch-17-replication-2.csv,null_statistics/batch-17-replication-2.npy,batch-f1-null-transfer,819871220094499311,15552963440022585800,716112243204466264,0.3328755000256933,,,batch-f1-null-transfer-20260824-001
F1,X1,X2,f1-null-transfer,17,3,0.06536177531239303,0.12,residual_samples/batch-17-replication-3.csv,null_statistics/batch-17-replication-3.npy,batch-f1-null-transfer,17548931295940243731,18248306430354794740,5583590065459960216,0.34575680003035814,,,batch-f1-null-transfer-20260824-001
F1,X1,X2,f1-null-transfer,17,4,0.04869555785892211,0.64,residual_samples/batch-17-replication-4.csv,null_statistics/batch-17-replication-4.npy,batch-f1-null-transfer,3748482442163065777,6065734119132455633,8343684662576692101,0.3459106999798678,,,batch-f1-null-transfer-20260824-001
F1,X1,X2,f1-null-transfer,17,5,0.052975152765600275,0.535,residual_samples/batch-17-replication-5.csv,null_statistics/batch-17-replication-5.npy,batch-f1-null-transfer,7811789425734730990,18307803243254153478,7935279069119044770,0.3502540999907069,,,batch-f1-null-transfer-20260824-001
F1,X1,X2,f1-null-transfer,17,6,0.09301324413460228,0.005,residual_samples/batch-17-replication-6.csv,null_statistics/batch-17-replication-6.npy,batch-f1-null-transfer,12864063385776801727,3079794503900833644,8480638824297054210,0.3489248999976553,,,batch-f1-null-transfer-20260824-001
F1,X1,X2,f1-null-transfer,17,7,0.04245561598709275,0.945,residual_samples/batch-17-replication-7.csv,null_statistics/batch-17-replication-7.npy,batch-f1-null-transfer,1466970668635027925,924932389149291206,18128871286249410440,0.35516350000398234,,,batch-f1-null-transfer-20260824-001
F1,X1,X2,f1-null-transfer,17,8,0.042511910890755185,0.9,residual_samples/batch-17-replication-8.csv,null_statistics/batch-17-replication-8.npy,batch-f1-null-transfer,6445832245210363079,8012173330485737311,10476209756131027463,0.3547561999876052,,,batch-f1-null-transfer-20260824-001
F1,X1,X2,f1-null-transfer,17,9,0.051064741408745964,0.51,residual_samples/batch-17-replication-9.csv,null_statistics/batch-17-replication-9.npy,batch-f1-null-transfer,17760306076496112080,3586970388032145953,17594129784578088509,0.3499637000495568,,,batch-f1-null-transfer-20260824-001
F1,X1,X2,f1-null-transfer,18,0,0.04861613638861678,0.645,residual_samples/batch-18-replication-0.csv,null_statistics/batch-18-replication-0.npy,batch-f1-null-transfer,3260634774315323139,7647426043581444588,11045342764377897540,0.3216865999856964,,,batch-f1-null-transfer-20260824-001
F1,X1,X2,f1-null-transfer,18,1,0.056050331038853034,0.31,residual_samples/batch-18-replication-1.csv,null_statistics/batch-18-replication-1.npy,batch-f1-null-transfer,16854423889309384134,1097650403223762101,14514070201610832685,0.3555705000180751,,,batch-f1-null-transfer-20260824-001
F1,X1,X2,f1-null-transfer,18,2,0.06612796718755783,0.12,residual_samples/batch-18-replication-2.csv,null_statistics/batch-18-replication-2.npy,batch-f1-null-transfer,4463811479623300026,17231498757934535254,3849114883307634562,0.36046539997914806,,,batch-f1-null-transfer-20260824-001
F1,X1,X2,f1-null-transfer,18,3,0.0546885641315836,0.455,residual_samples/batch-18-replication-3.csv,null_statistics/batch-18-replication-3.npy,batch-f1-null-transfer,13564167100921211928,6554039996442597066,11374355971699757332,0.3558600000105798,,,batch-f1-null-transfer-20260824-001
F1,X1,X2,f1-null-transfer,18,4,0.05793729824745861,0.365,residual_samples/batch-18-replication-4.csv,null_statistics/batch-18-replication-4.npy,batch-f1-null-transfer,13227373224860923176,12901681320599367546,11753326333645014098,0.3511172999860719,,,batch-f1-null-transfer-20260824-001
F1,X1,X2,f1-null-transfer,18,5,0.04303778041886988,0.925,residual_samples/batch-18-replication-5.csv,null_statistics/batch-18-replication-5.npy,batch-f1-null-transfer,10963459175317035824,14180550289321254436,3665422572271446100,0.3414940000511706,,,batch-f1-null-transfer-20260824-001
F1,X1,X2,f1-null-transfer,18,6,0.04861005971222951,0.66,residual_samples/batch-18-replication-6.csv,null_statistics/batch-18-replication-6.npy,batch-f1-null-transfer,14373943743204486807,7718936584699604228,15776819572912495067,0.34851669997442514,,,batch-f1-null-transfer-20260824-001
F1,X1,X2,f1-null-transfer,18,7,0.05085752351299203,0.585,residual_samples/batch-18-replication-7.csv,null_statistics/batch-18-replication-7.npy,batch-f1-null-transfer,5986265879670618508,2546337333181888090,15435387169835031060,0.3464594000251964,,,batch-f1-null-transfer-20260824-001
F1,X1,X2,f1-null-transfer,18,8,0.04093583343593814,0.95,residual_samples/batch-18-replication-8.csv,null_statistics/batch-18-replication-8.npy,batch-f1-null-transfer,15448122566135131340,2982252772459161434,5920911506171273329,0.3435612000175752,,,batch-f1-null-transfer-20260824-001
F1,X1,X2,f1-null-transfer,18,9,0.03985531232213399,0.97,residual_samples/batch-18-replication-9.csv,null_statistics/batch-18-replication-9.npy,batch-f1-null-transfer,9426239111078723319,2015254966562094677,11075261501584329288,0.35303539998130873,,,batch-f1-null-transfer-20260824-001
F1,X1,X2,f1-null-transfer,19,0,0.03940223556382156,0.97,residual_samples/batch-19-replication-0.csv,null_statistics/batch-19-replication-0.npy,batch-f1-null-transfer,15990095521276830270,5283984534397458994,782498226244776966,0.3462077000294812,,,batch-f1-null-transfer-20260824-001
F1,X1,X2,f1-null-transfer,19,1,0.051473449443472874,0.6,residual_samples/batch-19-replication-1.csv,null_statistics/batch-19-replication-1.npy,batch-f1-null-transfer,15904408529517612396,16676972174134468579,4268822647944951837,0.3510143999592401,,,batch-f1-null-transfer-20260824-001
F1,X1,X2,f1-null-transfer,19,2,0.07333467493173822,0.09,residual_samples/batch-19-replication-2.csv,null_statistics/batch-19-replication-2.npy,batch-f1-null-transfer,16473632556709978612,14202987203968202619,14637981900208047665,0.3542038999730721,,,batch-f1-null-transfer-20260824-001
F1,X1,X2,f1-null-transfer,19,3,0.04812081767582143,0.7,residual_samples/batch-19-replication-3.csv,null_statistics/batch-19-replication-3.npy,batch-f1-null-transfer,4585428300092235324,8192471548186944620,1642681558230078547,0.3466894000303,,,batch-f1-null-transfer-20260824-001
F1,X1,X2,f1-null-transfer,19,4,0.05578076315559185,0.36,residual_samples/batch-19-replication-4.csv,null_statistics/batch-19-replication-4.npy,batch-f1-null-transfer,3172118597563558600,16536392924979829047,5414504962360670142,0.3698735000216402,,,batch-f1-null-transfer-20260824-001
F1,X1,X2,f1-null-transfer,19,5,0.04371820392525983,0.86,residual_samples/batch-19-replication-5.csv,null_statistics/batch-19-replication-5.npy,batch-f1-null-transfer,5964097726829315831,7433183983201555534,7686966882471065011,0.38700210000388324,,,batch-f1-null-transfer-20260824-001
F1,X1,X2,f1-null-transfer,19,6,0.05749552583472703,0.36,residual_samples/batch-19-replication-6.csv,null_statistics/batch-19-replication-6.npy,batch-f1-null-transfer,14205484648402707105,9721850451808569933,16469945401794587647,0.3792888000025414,,,batch-f1-null-transfer-20260824-001
F1,X1,X2,f1-null-transfer,19,7,0.07222585259840762,0.125,residual_samples/batch-19-replication-7.csv,null_statistics/batch-19-replication-7.npy,batch-f1-null-transfer,5897913727066997598,9577992891206354290,11501305786930197981,0.3660682000336237,,,batch-f1-null-transfer-20260824-001
F1,X1,X2,f1-null-transfer,19,8,0.06225760523647869,0.24,residual_samples/batch-19-replication-8.csv,null_statistics/batch-19-replication-8.npy,batch-f1-null-transfer,14728613238344236676,6805082501457243797,15151905225531629780,0.3362934000324458,,,batch-f1-null-transfer-20260824-001
F1,X1,X2,f1-null-transfer,19,9,0.053049455712460315,0.56,residual_samples/batch-19-replication-9.csv,null_statistics/batch-19-replication-9.npy,batch-f1-null-transfer,6049863036549054771,8450119493496339358,16718906959231604940,0.35092830000212416,,,batch-f1-null-transfer-20260824-001
F1,X1,X2,f1-null-transfer,20,0,0.05440408448969454,0.39,residual_samples/batch-20-replication-0.csv,null_statistics/batch-20-replication-0.npy,batch-f1-null-transfer,3228657475224798083,18203001892296701825,18096396574770466726,0.34762830002000555,,,batch-f1-null-transfer-20260824-001
F1,X1,X2,f1-null-transfer,20,1,0.04532266949098279,0.8,residual_samples/batch-20-replication-1.csv,null_statistics/batch-20-replication-1.npy,batch-f1-null-transfer,15653683719832232064,16703236363819434837,13683575592442937391,0.28019340004539117,,,batch-f1-null-transfer-20260824-001
F1,X1,X2,f1-null-transfer,20,2,0.05408302502899471,0.57,residual_samples/batch-20-replication-2.csv,null_statistics/batch-20-replication-2.npy,batch-f1-null-transfer,7947491978056369901,11330418694606278894,6537461567839980585,0.2944736000499688,,,batch-f1-null-transfer-20260824-001
F1,X1,X2,f1-null-transfer,20,3,0.049775943588252165,0.6,residual_samples/batch-20-replication-3.csv,null_statistics/batch-20-replication-3.npy,batch-f1-null-transfer,13562288663244433658,9229204600892433723,14605202752962072961,0.3466014000005089,,,batch-f1-null-transfer-20260824-001
F1,X1,X2,f1-null-transfer,20,4,0.04048246032412047,0.98,residual_samples/batch-20-replication-4.csv,null_statistics/batch-20-replication-4.npy,batch-f1-null-transfer,14665724385039581120,11743243991181935670,6858805372104297889,0.3429139999789186,,,batch-f1-null-transfer-20260824-001
F1,X1,X2,f1-null-transfer,20,5,0.037949153997025795,1.0,residual_samples/batch-20-replication-5.csv,null_statistics/batch-20-replication-5.npy,batch-f1-null-transfer,11860032794251789100,13905780906187122166,3771153917596824198,0.3494834000011906,,,batch-f1-null-transfer-20260824-001
F1,X1,X2,f1-null-transfer,20,6,0.045632596343140784,0.82,residual_samples/batch-20-replication-6.csv,null_statistics/batch-20-replication-6.npy,batch-f1-null-transfer,9630038538369298421,10082453286902170653,4256550330917214723,0.3540849999990314,,,batch-f1-null-transfer-20260824-001
F1,X1,X2,f1-null-transfer,20,7,0.0711618722313497,0.08,residual_samples/batch-20-replication-7.csv,null_statistics/batch-20-replication-7.npy,batch-f1-null-transfer,4682871719676261171,6270585632211483428,3154976409351776101,0.35202039999421686,,,batch-f1-null-transfer-20260824-001
F1,X1,X2,f1-null-transfer,20,8,0.055663677721601294,0.4,residual_samples/batch-20-replication-8.csv,null_statistics/batch-20-replication-8.npy,batch-f1-null-transfer,15399893287179975221,1131064718452892404,9655371515907282800,0.34715539996977895,,,batch-f1-null-transfer-20260824-001
F1,X1,X2,f1-null-transfer,20,9,0.04671240615369094,0.815,residual_samples/batch-20-replication-9.csv,null_statistics/batch-20-replication-9.npy,batch-f1-null-transfer,4957383192826594704,13135495121296484783,4286401155411251269,0.32276379998074844,,,batch-f1-null-transfer-20260824-001
F1,X1,X2,f1-null-transfer,21,0,0.07739625506020237,0.075,residual_samples/batch-21-replication-0.csv,null_statistics/batch-21-replication-0.npy,batch-f1-null-transfer,15152351102588057105,10199889130055986137,16545366871812860315,0.3501200000173412,,,batch-f1-null-transfer-20260824-001
F1,X1,X2,f1-null-transfer,21,1,0.05165510798840346,0.5,residual_samples/batch-21-replication-1.csv,null_statistics/batch-21-replication-1.npy,batch-f1-null-transfer,11266429368978347348,6346844876962625372,604448803836484344,0.3280422000098042,,,batch-f1-null-transfer-20260824-001
F1,X1,X2,f1-null-transfer,21,2,0.05839128929395326,0.265,residual_samples/batch-21-replication-2.csv,null_statistics/batch-21-replication-2.npy,batch-f1-null-transfer,3926009371542616220,2376593623195505090,9783521001732793212,0.3501621999894269,,,batch-f1-null-transfer-20260824-001
F1,X1,X2,f1-null-transfer,21,3,0.04922617244524301,0.66,residual_samples/batch-21-replication-3.csv,null_statistics/batch-21-replication-3.npy,batch-f1-null-transfer,12579343216003102515,5130603478701054955,17129779753915236321,0.35298550000879914,,,batch-f1-null-transfer-20260824-001
F1,X1,X2,f1-null-transfer,21,4,0.04674562520125294,0.775,residual_samples/batch-21-replication-4.csv,null_statistics/batch-21-replication-4.npy,batch-f1-null-transfer,5626784423473212473,11618737467293842705,11245784896685000894,0.3468874000245705,,,batch-f1-null-transfer-20260824-001
F1,X1,X2,f1-null-transfer,21,5,0.10062189337640588,0.005,residual_samples/batch-21-replication-5.csv,null_statistics/batch-21-replication-5.npy,batch-f1-null-transfer,7927087590719950792,10351732881255305392,14986447940484879825,0.354928899963852,,,batch-f1-null-transfer-20260824-001
F1,X1,X2,f1-null-transfer,21,6,0.0592558303271696,0.32,residual_samples/batch-21-replication-6.csv,null_statistics/batch-21-replication-6.npy,batch-f1-null-transfer,11933735732384422563,1437705142570641769,8740860932941762015,0.2996201000059955,,,batch-f1-null-transfer-20260824-001
F1,X1,X2,f1-null-transfer,21,7,0.03728792282189429,0.975,residual_samples/batch-21-replication-7.csv,null_statistics/batch-21-replication-7.npy,batch-f1-null-transfer,17058130168894333234,2134520497296115800,2335841318335456836,0.3551875000121072,,,batch-f1-null-transfer-20260824-001
F1,X1,X2,f1-null-transfer,21,8,0.06965406760959535,0.16,residual_samples/batch-21-replication-8.csv,null_statistics/batch-21-replication-8.npy,batch-f1-null-transfer,15434435579148095812,15473230451912300227,1555469533872537411,0.33897810004418716,,,batch-f1-null-transfer-20260824-001
F1,X1,X2,f1-null-transfer,21,9,0.05429002437712041,0.445,residual_samples/batch-21-replication-9.csv,null_statistics/batch-21-replication-9.npy,batch-f1-null-transfer,13656444531840760932,13726598243385569288,8346047837036433673,0.3519178000278771,,,batch-f1-null-transfer-20260824-001
F1,X1,X2,f1-null-transfer,22,0,0.04402607634475598,0.88,residual_samples/batch-22-replication-0.csv,null_statistics/batch-22-replication-0.npy,batch-f1-null-transfer,5902527116856374141,9351536954940130068,2141211826600357451,0.34693380002863705,,,batch-f1-null-transfer-20260824-001
F1,X1,X2,f1-null-transfer,22,1,0.052201116243325824,0.445,residual_samples/batch-22-replication-1.csv,null_statistics/batch-22-replication-1.npy,batch-f1-null-transfer,6897860161304390734,1547617113053587157,15231655825343045576,0.33430330001283437,,,batch-f1-null-transfer-20260824-001
F1,X1,X2,f1-null-transfer,22,2,0.052880158302193045,0.52,residual_samples/batch-22-replication-2.csv,null_statistics/batch-22-replication-2.npy,batch-f1-null-transfer,15446072460279298842,3051686923133151869,3497223702947302000,0.34530859999358654,,,batch-f1-null-transfer-20260824-001
F1,X1,X2,f1-null-transfer,22,3,0.04480534529429552,0.895,residual_samples/batch-22-replication-3.csv,null_statistics/batch-22-replication-3.npy,batch-f1-null-transfer,9532325612751756046,13979173860593789402,4275466366871734418,0.3269595999736339,,,batch-f1-null-transfer-20260824-001
F1,X1,X2,f1-null-transfer,22,4,0.067433245494003,0.12,residual_samples/batch-22-replication-4.csv,null_statistics/batch-22-replication-4.npy,batch-f1-null-transfer,18384333230795219697,4887491698250345413,15850013286102670986,0.35622940002940595,,,batch-f1-null-transfer-20260824-001
F1,X1,X2,f1-null-transfer,22,5,0.04836089348630175,0.61,residual_samples/batch-22-replication-5.csv,null_statistics/batch-22-replication-5.npy,batch-f1-null-transfer,17607484441580278220,4539832258054281941,11250898597042907391,0.3826657000463456,,,batch-f1-null-transfer-20260824-001
F1,X1,X2,f1-null-transfer,22,6,0.06602408326166251,0.135,residual_samples/batch-22-replication-6.csv,null_statistics/batch-22-replication-6.npy,batch-f1-null-transfer,16891221831814611096,8942995296473431021,4739797275852293279,0.3468059999868274,,,batch-f1-null-transfer-20260824-001
F1,X1,X2,f1-null-transfer,22,7,0.08341670585441317,0.035,residual_samples/batch-22-replication-7.csv,null_statistics/batch-22-replication-7.npy,batch-f1-null-transfer,3652042168442698966,6981287496116128912,17872237651971232103,0.3497170999762602,,,batch-f1-null-transfer-20260824-001
F1,X1,X2,f1-null-transfer,22,8,0.06157484902001943,0.215,residual_samples/batch-22-replication-8.csv,null_statistics/batch-22-replication-8.npy,batch-f1-null-transfer,10925247480860364852,5012941861281573513,13698019845548739680,0.3509691000217572,,,batch-f1-null-transfer-20260824-001
F1,X1,X2,f1-null-transfer,22,9,0.04817527252000639,0.735,residual_samples/batch-22-replication-9.csv,null_statistics/batch-22-replication-9.npy,batch-f1-null-transfer,476830404957549150,2308403486919336158,10904798890418920215,0.3661075999843888,,,batch-f1-null-transfer-20260824-001
F1,X1,X2,f1-null-transfer,23,0,0.11698458938550421,0.005,residual_samples/batch-23-replication-0.csv,null_statistics/batch-23-replication-0.npy,batch-f1-null-transfer,16367977945463189525,9657701231563202347,5385345024575689367,0.4408699999912642,,,batch-f1-null-transfer-20260824-001
F1,X1,X2,f1-null-transfer,23,1,0.04701222172247357,0.74,residual_samples/batch-23-replication-1.csv,null_statistics/batch-23-replication-1.npy,batch-f1-null-transfer,7089734206165526613,3170958915562548507,2111408685103209694,0.4409112999564968,,,batch-f1-null-transfer-20260824-001
F1,X1,X2,f1-null-transfer,23,2,0.04576187421505984,0.73,residual_samples/batch-23-replication-2.csv,null_statistics/batch-23-replication-2.npy,batch-f1-null-transfer,10835669126207053208,7192352460073989215,4514698212147249649,0.3486964999465272,,,batch-f1-null-transfer-20260824-001
F1,X1,X2,f1-null-transfer,23,3,0.05406596774564471,0.43,residual_samples/batch-23-replication-3.csv,null_statistics/batch-23-replication-3.npy,batch-f1-null-transfer,3330261242341046834,4809536181477417382,16906741006042136283,0.3615206999820657,,,batch-f1-null-transfer-20260824-001
F1,X1,X2,f1-null-transfer,23,4,0.05774240362037487,0.315,residual_samples/batch-23-replication-4.csv,null_statistics/batch-23-replication-4.npy,batch-f1-null-transfer,7766482959977566737,12206659528589080303,16443427040422864197,0.3511916000279598,,,batch-f1-null-transfer-20260824-001
F1,X1,X2,f1-null-transfer,23,5,0.05110298733789247,0.65,residual_samples/batch-23-replication-5.csv,null_statistics/batch-23-replication-5.npy,batch-f1-null-transfer,7434108744959209181,63488475494203147,15270105001453199858,0.3461024999851361,,,batch-f1-null-transfer-20260824-001
F1,X1,X2,f1-null-transfer,23,6,0.06738826018643901,0.16,residual_samples/batch-23-replication-6.csv,null_statistics/batch-23-replication-6.npy,batch-f1-null-transfer,8502046816637042030,13303240652406617738,18242177853912082493,0.38229539996245876,,,batch-f1-null-transfer-20260824-001
F1,X1,X2,f1-null-transfer,23,7,0.0536452669841641,0.415,residual_samples/batch-23-replication-7.csv,null_statistics/batch-23-replication-7.npy,batch-f1-null-transfer,16279059629424527202,12260350031239327762,946433835633075532,0.32355610001832247,,,batch-f1-null-transfer-20260824-001
F1,X1,X2,f1-null-transfer,23,8,0.057900792361259945,0.32,residual_samples/batch-23-replication-8.csv,null_statistics/batch-23-replication-8.npy,batch-f1-null-transfer,11088972156674018112,17139129826696320420,2438524860394855769,0.34854079998331144,,,batch-f1-null-transfer-20260824-001
F1,X1,X2,f1-null-transfer,23,9,0.06065843297109455,0.245,residual_samples/batch-23-replication-9.csv,null_statistics/batch-23-replication-9.npy,batch-f1-null-transfer,454530666424739351,15591191582427558212,8335166728342841529,0.35577460000058636,,,batch-f1-null-transfer-20260824-001
F1,X1,X2,f1-null-transfer,24,0,0.054927818782246104,0.42,residual_samples/batch-24-replication-0.csv,null_statistics/batch-24-replication-0.npy,batch-f1-null-transfer,13187539059649318719,13336401097461535968,1927276181160284364,0.3480408000177704,,,batch-f1-null-transfer-20260824-001
F1,X1,X2,f1-null-transfer,24,1,0.05904998550306778,0.225,residual_samples/batch-24-replication-1.csv,null_statistics/batch-24-replication-1.npy,batch-f1-null-transfer,8907593484683933082,17635573924984101678,157317534022824446,0.3469674999942072,,,batch-f1-null-transfer-20260824-001
F1,X1,X2,f1-null-transfer,24,2,0.051216857927490735,0.55,residual_samples/batch-24-replication-2.csv,null_statistics/batch-24-replication-2.npy,batch-f1-null-transfer,16895247254489244839,17077811675492379835,9001308794156746593,0.3490118000190705,,,batch-f1-null-transfer-20260824-001
F1,X1,X2,f1-null-transfer,24,3,0.05302956137822045,0.555,residual_samples/batch-24-replication-3.csv,null_statistics/batch-24-replication-3.npy,batch-f1-null-transfer,2113142448956789976,3874736990787126706,1010908778340202537,0.34783379995496944,,,batch-f1-null-transfer-20260824-001
F1,X1,X2,f1-null-transfer,24,4,0.03639108550741568,1.0,residual_samples/batch-24-replication-4.csv,null_statistics/batch-24-replication-4.npy,batch-f1-null-transfer,7852911489371297714,11827992635872389798,6120404236033394441,0.3402689999784343,,,batch-f1-null-transfer-20260824-001
F1,X1,X2,f1-null-transfer,24,5,0.04415234060110397,0.83,residual_samples/batch-24-replication-5.csv,null_statistics/batch-24-replication-5.npy,batch-f1-null-transfer,5078554977487209292,7710877939192580183,15604678546947600660,0.3510823000106029,,,batch-f1-null-transfer-20260824-001
F1,X1,X2,f1-null-transfer,24,6,0.06496310917052747,0.15,residual_samples/batch-24-replication-6.csv,null_statistics/batch-24-replication-6.npy,batch-f1-null-transfer,15262879741231166865,10257288375560571054,1077128045317388384,0.34492950001731515,,,batch-f1-null-transfer-20260824-001
F1,X1,X2,f1-null-transfer,24,7,0.04651938766564419,0.74,residual_samples/batch-24-replication-7.csv,null_statistics/batch-24-replication-7.npy,batch-f1-null-transfer,13020332069783378412,11518984330390012057,13640998760712828226,0.36398470000131056,,,batch-f1-null-transfer-20260824-001
F1,X1,X2,f1-null-transfer,24,8,0.04757953734300753,0.675,residual_samples/batch-24-replication-8.csv,null_statistics/batch-24-replication-8.npy,batch-f1-null-transfer,17152998611941614783,2457682979360354243,15030049135783497389,0.33261009998386726,,,batch-f1-null-transfer-20260824-001
F1,X1,X2,f1-null-transfer,24,9,0.052838436005568874,0.545,residual_samples/batch-24-replication-9.csv,null_statistics/batch-24-replication-9.npy,batch-f1-null-transfer,3326763055664072749,17650294475395394723,11345990252025112009,0.3634253000491299,,,batch-f1-null-transfer-20260824-001
F1,X1,X2,f1-null-transfer,25,0,0.05542607038695739,0.425,residual_samples/batch-25-replication-0.csv,null_statistics/batch-25-replication-0.npy,batch-f1-null-transfer,10079813720318206951,7734174405955093192,13995811846045242100,0.3466750999796204,,,batch-f1-null-transfer-20260824-001
F1,X1,X2,f1-null-transfer,25,1,0.043872493753630615,0.845,residual_samples/batch-25-replication-1.csv,null_statistics/batch-25-replication-1.npy,batch-f1-null-transfer,17580395503598163729,4780111145494846818,8871066042378744946,0.3436979000107385,,,batch-f1-null-transfer-20260824-001
F1,X1,X2,f1-null-transfer,25,2,0.08021883437207139,0.035,residual_samples/batch-25-replication-2.csv,null_statistics/batch-25-replication-2.npy,batch-f1-null-transfer,5129434872080874953,11244881820617546109,4467642982947982057,0.345838500012178,,,batch-f1-null-transfer-20260824-001
F1,X1,X2,f1-null-transfer,25,3,0.041038392476555274,0.93,residual_samples/batch-25-replication-3.csv,null_statistics/batch-25-replication-3.npy,batch-f1-null-transfer,12825804491698943629,8729533111324459754,9250804312737571664,0.3475107999984175,,,batch-f1-null-transfer-20260824-001
F1,X1,X2,f1-null-transfer,25,4,0.07009526034257076,0.11,residual_samples/batch-25-replication-4.csv,null_statistics/batch-25-replication-4.npy,batch-f1-null-transfer,6114104194853240570,1261990181209579551,3455421859528953812,0.34701859997585416,,,batch-f1-null-transfer-20260824-001
F1,X1,X2,f1-null-transfer,25,5,0.05476850419682398,0.42,residual_samples/batch-25-replication-5.csv,null_statistics/batch-25-replication-5.npy,batch-f1-null-transfer,8401613047776462201,17799277104900649168,11315847758936861453,0.3484770999639295,,,batch-f1-null-transfer-20260824-001
F1,X1,X2,f1-null-transfer,25,6,0.06413104691216052,0.175,residual_samples/batch-25-replication-6.csv,null_statistics/batch-25-replication-6.npy,batch-f1-null-transfer,10070153548304437123,4946749535187770367,17218849695111866226,0.34457419998943806,,,batch-f1-null-transfer-20260824-001
F1,X1,X2,f1-null-transfer,25,7,0.05304541928057323,0.55,residual_samples/batch-25-replication-7.csv,null_statistics/batch-25-replication-7.npy,batch-f1-null-transfer,6773995710770563133,17910881657149462393,1206281273117470028,0.34716930001741275,,,batch-f1-null-transfer-20260824-001
F1,X1,X2,f1-null-transfer,25,8,0.06062708099482485,0.265,residual_samples/batch-25-replication-8.csv,null_statistics/batch-25-replication-8.npy,batch-f1-null-transfer,10030150902831854917,15169008544523955067,18263516356995587067,0.3356367999804206,,,batch-f1-null-transfer-20260824-001
F1,X1,X2,f1-null-transfer,25,9,0.04648822781687331,0.75,residual_samples/batch-25-replication-9.csv,null_statistics/batch-25-replication-9.npy,batch-f1-null-transfer,2369532380595824325,4444258663542761039,14599596485952996092,0.35484109999379143,,,batch-f1-null-transfer-20260824-001
F1,X1,X2,f1-null-transfer,26,0,0.04596145329111147,0.8,residual_samples/batch-26-replication-0.csv,null_statistics/batch-26-replication-0.npy,batch-f1-null-transfer,11172458135264187152,1572312778721845787,14666519600634148013,0.38665519998176023,,,batch-f1-null-transfer-20260824-001
F1,X1,X2,f1-null-transfer,26,1,0.04870700245266342,0.735,residual_samples/batch-26-replication-1.csv,null_statistics/batch-26-replication-1.npy,batch-f1-null-transfer,7417254229286207328,14035441771768578950,4025964842765340116,0.35521569999400526,,,batch-f1-null-transfer-20260824-001
F1,X1,X2,f1-null-transfer,26,2,0.040210301773400785,0.96,residual_samples/batch-26-replication-2.csv,null_statistics/batch-26-replication-2.npy,batch-f1-null-transfer,8306523755786032946,17588082371600733478,1781193764864635017,0.3494407999678515,,,batch-f1-null-transfer-20260824-001
F1,X1,X2,f1-null-transfer,26,3,0.057732687805812456,0.425,residual_samples/batch-26-replication-3.csv,null_statistics/batch-26-replication-3.npy,batch-f1-null-transfer,2211221442218310401,17273109232589201082,2954540806949640560,0.3472537000197917,,,batch-f1-null-transfer-20260824-001
F1,X1,X2,f1-null-transfer,26,4,0.04150190551077103,0.915,residual_samples/batch-26-replication-4.csv,null_statistics/batch-26-replication-4.npy,batch-f1-null-transfer,14025912305155848480,15614836540790586555,14542788193295274032,0.3379278000211343,,,batch-f1-null-transfer-20260824-001
F1,X1,X2,f1-null-transfer,26,5,0.052875720635564845,0.47,residual_samples/batch-26-replication-5.csv,null_statistics/batch-26-replication-5.npy,batch-f1-null-transfer,12972932792372896544,1260578043284013670,993045214357232317,0.345726800034754,,,batch-f1-null-transfer-20260824-001
F1,X1,X2,f1-null-transfer,26,6,0.052359052907902624,0.485,residual_samples/batch-26-replication-6.csv,null_statistics/batch-26-replication-6.npy,batch-f1-null-transfer,9398266145255211616,12633005017209168700,8644512049633278974,0.3479506999719888,,,batch-f1-null-transfer-20260824-001
F1,X1,X2,f1-null-transfer,26,7,0.05793322975205127,0.4,residual_samples/batch-26-replication-7.csv,null_statistics/batch-26-replication-7.npy,batch-f1-null-transfer,12572442105779568484,8533163148773976429,5964241684828944281,0.3475369999650866,,,batch-f1-null-transfer-20260824-001
F1,X1,X2,f1-null-transfer,26,8,0.06046891992674757,0.215,residual_samples/batch-26-replication-8.csv,null_statistics/batch-26-replication-8.npy,batch-f1-null-transfer,2693321602286655433,17873025317654957130,6000331332008697816,0.34540089999791235,,,batch-f1-null-transfer-20260824-001
F1,X1,X2,f1-null-transfer,26,9,0.056068111732881204,0.405,residual_samples/batch-26-replication-9.csv,null_statistics/batch-26-replication-9.npy,batch-f1-null-transfer,9963633605209956779,7557075583316963145,4958578200285241881,0.34976660000393167,,,batch-f1-null-transfer-20260824-001
F1,X1,X2,f1-null-transfer,27,0,0.0385003471291597,0.985,residual_samples/batch-27-replication-0.csv,null_statistics/batch-27-replication-0.npy,batch-f1-null-transfer,18103673538288213695,6255606235214658161,7727764171356442850,0.34545270004309714,,,batch-f1-null-transfer-20260824-001
F1,X1,X2,f1-null-transfer,27,1,0.04160844953259586,0.935,residual_samples/batch-27-replication-1.csv,null_statistics/batch-27-replication-1.npy,batch-f1-null-transfer,8312294422268532344,12028001982062165192,14143319755005491053,0.3448674999526702,,,batch-f1-null-transfer-20260824-001
F1,X1,X2,f1-null-transfer,27,2,0.045949627896113246,0.765,residual_samples/batch-27-replication-2.csv,null_statistics/batch-27-replication-2.npy,batch-f1-null-transfer,1827910979856938718,17278924976082409790,7728847041064100694,0.3465883999597281,,,batch-f1-null-transfer-20260824-001
F1,X1,X2,f1-null-transfer,27,3,0.036497210223153005,0.99,residual_samples/batch-27-replication-3.csv,null_statistics/batch-27-replication-3.npy,batch-f1-null-transfer,10845376584171454262,6990426700575964715,2359872667068412169,0.3442550999461673,,,batch-f1-null-transfer-20260824-001
F1,X1,X2,f1-null-transfer,27,4,0.04742296871401957,0.72,residual_samples/batch-27-replication-4.csv,null_statistics/batch-27-replication-4.npy,batch-f1-null-transfer,3026572852825590783,8680380734393250552,10119255727862139722,0.34539309999672696,,,batch-f1-null-transfer-20260824-001
F1,X1,X2,f1-null-transfer,27,5,0.05362401057696314,0.42,residual_samples/batch-27-replication-5.csv,null_statistics/batch-27-replication-5.npy,batch-f1-null-transfer,4782406272244300390,6475814553805838462,1167412310911572139,0.34807519998867065,,,batch-f1-null-transfer-20260824-001
F1,X1,X2,f1-null-transfer,27,6,0.050714773260427684,0.665,residual_samples/batch-27-replication-6.csv,null_statistics/batch-27-replication-6.npy,batch-f1-null-transfer,9085726001926604312,1761253439636752551,3652677594067713341,0.3462356000090949,,,batch-f1-null-transfer-20260824-001
F1,X1,X2,f1-null-transfer,27,7,0.045579414266549566,0.775,residual_samples/batch-27-replication-7.csv,null_statistics/batch-27-replication-7.npy,batch-f1-null-transfer,6179751909003902024,12936367206962967002,16129300966529529286,0.345850599987898,,,batch-f1-null-transfer-20260824-001
F1,X1,X2,f1-null-transfer,27,8,0.044264494958916795,0.865,residual_samples/batch-27-replication-8.csv,null_statistics/batch-27-replication-8.npy,batch-f1-null-transfer,17333310165168953223,9778942874456899434,12973735184294555060,0.3491247999481857,,,batch-f1-null-transfer-20260824-001
F1,X1,X2,f1-null-transfer,27,9,0.055538402170615814,0.36,residual_samples/batch-27-replication-9.csv,null_statistics/batch-27-replication-9.npy,batch-f1-null-transfer,1444762999088346942,1496670119702916042,1527784130483610480,0.34452139999484643,,,batch-f1-null-transfer-20260824-001
F1,X1,X2,f1-null-transfer,28,0,0.03643170542299767,0.995,residual_samples/batch-28-replication-0.csv,null_statistics/batch-28-replication-0.npy,batch-f1-null-transfer,16399934713758367967,14971575977458086006,11819320253312513698,0.35185330000240356,,,batch-f1-null-transfer-20260824-001
F1,X1,X2,f1-null-transfer,28,1,0.049358824182751775,0.635,residual_samples/batch-28-replication-1.csv,null_statistics/batch-28-replication-1.npy,batch-f1-null-transfer,105416128619629535,377160391821373410,2497136798405323516,0.36235740000847727,,,batch-f1-null-transfer-20260824-001
F1,X1,X2,f1-null-transfer,28,2,0.04421040729021696,0.83,residual_samples/batch-28-replication-2.csv,null_statistics/batch-28-replication-2.npy,batch-f1-null-transfer,8989628456309257162,2989624213635470142,8034726956551586542,0.2960416999994777,,,batch-f1-null-transfer-20260824-001
F1,X1,X2,f1-null-transfer,28,3,0.0478554850343535,0.74,residual_samples/batch-28-replication-3.csv,null_statistics/batch-28-replication-3.npy,batch-f1-null-transfer,7122895086004826366,14739122301877095325,15672451632283402211,0.3469879000331275,,,batch-f1-null-transfer-20260824-001
F1,X1,X2,f1-null-transfer,28,4,0.053596916739109164,0.45,residual_samples/batch-28-replication-4.csv,null_statistics/batch-28-replication-4.npy,batch-f1-null-transfer,8226051189235871146,16370219632088565649,2932990802412316831,0.3452988999779336,,,batch-f1-null-transfer-20260824-001
F1,X1,X2,f1-null-transfer,28,5,0.044974035863044576,0.875,residual_samples/batch-28-replication-5.csv,null_statistics/batch-28-replication-5.npy,batch-f1-null-transfer,923103504546542532,2321323939304523266,12900592399083138450,0.34698069997830316,,,batch-f1-null-transfer-20260824-001
F1,X1,X2,f1-null-transfer,28,6,0.04504395579558631,0.81,residual_samples/batch-28-replication-6.csv,null_statistics/batch-28-replication-6.npy,batch-f1-null-transfer,9199930695494173794,1177870786242519025,7584698855576487510,0.3467129999771714,,,batch-f1-null-transfer-20260824-001
F1,X1,X2,f1-null-transfer,28,7,0.040143403337323545,0.945,residual_samples/batch-28-replication-7.csv,null_statistics/batch-28-replication-7.npy,batch-f1-null-transfer,4482560646281206801,15448894892503214401,15652477398828346342,0.35120649996679276,,,batch-f1-null-transfer-20260824-001
F1,X1,X2,f1-null-transfer,28,8,0.04524468503330567,0.795,residual_samples/batch-28-replication-8.csv,null_statistics/batch-28-replication-8.npy,batch-f1-null-transfer,6490468860202487290,8621092098987088437,17991962769577283296,0.3483045999892056,,,batch-f1-null-transfer-20260824-001
F1,X1,X2,f1-null-transfer,28,9,0.05642037046226013,0.33,residual_samples/batch-28-replication-9.csv,null_statistics/batch-28-replication-9.npy,batch-f1-null-transfer,2147405937248224158,4654887850519777192,11172187964258119966,0.34534340002574027,,,batch-f1-null-transfer-20260824-001
F1,X1,X2,f1-null-transfer,29,0,0.07842752398890912,0.055,residual_samples/batch-29-replication-0.csv,null_statistics/batch-29-replication-0.npy,batch-f1-null-transfer,2082700595158113406,15555770100078449056,319623358587071953,0.3452534999814816,,,batch-f1-null-transfer-20260824-001
F1,X1,X2,f1-null-transfer,29,1,0.044670552111050754,0.875,residual_samples/batch-29-replication-1.csv,null_statistics/batch-29-replication-1.npy,batch-f1-null-transfer,7213419786789563267,16820969033171824516,3597982347156379713,0.34573249996174127,,,batch-f1-null-transfer-20260824-001
F1,X1,X2,f1-null-transfer,29,2,0.06325244849264508,0.17,residual_samples/batch-29-replication-2.csv,null_statistics/batch-29-replication-2.npy,batch-f1-null-transfer,7702573035759521796,13495174400776751115,4072866897777230880,0.29736680001951754,,,batch-f1-null-transfer-20260824-001
F1,X1,X2,f1-null-transfer,29,3,0.05885273048650837,0.31,residual_samples/batch-29-replication-3.csv,null_statistics/batch-29-replication-3.npy,batch-f1-null-transfer,3990633549721742728,9205248791493374383,11785189778914043785,0.34939779998967424,,,batch-f1-null-transfer-20260824-001
F1,X1,X2,f1-null-transfer,29,4,0.06790087033639797,0.16,residual_samples/batch-29-replication-4.csv,null_statistics/batch-29-replication-4.npy,batch-f1-null-transfer,15235721887824729651,14134918615700342547,8155296142962339660,0.3458161000162363,,,batch-f1-null-transfer-20260824-001
F1,X1,X2,f1-null-transfer,29,5,0.05386935819586538,0.5,residual_samples/batch-29-replication-5.csv,null_statistics/batch-29-replication-5.npy,batch-f1-null-transfer,5490462449975556428,15369605694559777809,17440897379157477044,0.34884320001583546,,,batch-f1-null-transfer-20260824-001
F1,X1,X2,f1-null-transfer,29,6,0.07060669204537845,0.12,residual_samples/batch-29-replication-6.csv,null_statistics/batch-29-replication-6.npy,batch-f1-null-transfer,9436922758457688489,12035987445895895290,7673826145349042956,0.35206750000361353,,,batch-f1-null-transfer-20260824-001
F1,X1,X2,f1-null-transfer,29,7,0.04537777217726215,0.85,residual_samples/batch-29-replication-7.csv,null_statistics/batch-29-replication-7.npy,batch-f1-null-transfer,11886783812820610352,10779523178633819284,13972072997288227678,0.35203499998897314,,,batch-f1-null-transfer-20260824-001
F1,X1,X2,f1-null-transfer,29,8,0.05519045970639349,0.365,residual_samples/batch-29-replication-8.csv,null_statistics/batch-29-replication-8.npy,batch-f1-null-transfer,14684703829190263314,11341562445512197999,5772393110820431285,0.34915090003050864,,,batch-f1-null-transfer-20260824-001
F1,X1,X2,f1-null-transfer,29,9,0.053041680190605685,0.47,residual_samples/batch-29-replication-9.csv,null_statistics/batch-29-replication-9.npy,batch-f1-null-transfer,15268120534032920448,16115419323670022852,1936003752120992322,0.35002740001073107,,,batch-f1-null-transfer-20260824-001
F1,X1,X2,f1-null-transfer,30,0,0.05974369342113414,0.25,residual_samples/batch-30-replication-0.csv,null_statistics/batch-30-replication-0.npy,batch-f1-null-transfer,10465024903367023019,2287156287002132835,9209253890985714409,0.34844080003676936,,,batch-f1-null-transfer-20260824-001
F1,X1,X2,f1-null-transfer,30,1,0.04551671058554794,0.815,residual_samples/batch-30-replication-1.csv,null_statistics/batch-30-replication-1.npy,batch-f1-null-transfer,3225414500651654029,9750195619586546300,17256302089809810452,0.34122279996518046,,,batch-f1-null-transfer-20260824-001
F1,X1,X2,f1-null-transfer,30,2,0.04729370910481197,0.735,residual_samples/batch-30-replication-2.csv,null_statistics/batch-30-replication-2.npy,batch-f1-null-transfer,17026980282416848826,16914566032000209897,5606646402254397867,0.3526553999981843,,,batch-f1-null-transfer-20260824-001
F1,X1,X2,f1-null-transfer,30,3,0.03915938432237443,0.985,residual_samples/batch-30-replication-3.csv,null_statistics/batch-30-replication-3.npy,batch-f1-null-transfer,11755212199586371822,17682706307051368974,11826410940243220679,0.3516274999710731,,,batch-f1-null-transfer-20260824-001
F1,X1,X2,f1-null-transfer,30,4,0.0513277017941218,0.525,residual_samples/batch-30-replication-4.csv,null_statistics/batch-30-replication-4.npy,batch-f1-null-transfer,12411329694583638792,5525227261646191698,2089042037024730483,0.3536032999982126,,,batch-f1-null-transfer-20260824-001
F1,X1,X2,f1-null-transfer,30,5,0.04962655333155363,0.65,residual_samples/batch-30-replication-5.csv,null_statistics/batch-30-replication-5.npy,batch-f1-null-transfer,5962959744687316163,3616725765130402469,16642618746142301748,0.29433060000883415,,,batch-f1-null-transfer-20260824-001
F1,X1,X2,f1-null-transfer,30,6,0.05389419167264035,0.465,residual_samples/batch-30-replication-6.csv,null_statistics/batch-30-replication-6.npy,batch-f1-null-transfer,8388043251402801049,6720647659146275945,16513580377419103019,0.3490874000126496,,,batch-f1-null-transfer-20260824-001
F1,X1,X2,f1-null-transfer,30,7,0.0429648438298355,0.9,residual_samples/batch-30-replication-7.csv,null_statistics/batch-30-replication-7.npy,batch-f1-null-transfer,8684103317378451263,13169819829411506708,3070232872525112959,0.3558286000043154,,,batch-f1-null-transfer-20260824-001
F1,X1,X2,f1-null-transfer,30,8,0.0702206427443442,0.135,residual_samples/batch-30-replication-8.csv,null_statistics/batch-30-replication-8.npy,batch-f1-null-transfer,1555637294802432050,9172522750241917436,264758357656617897,0.3511681000236422,,,batch-f1-null-transfer-20260824-001
F1,X1,X2,f1-null-transfer,30,9,0.06486519341367258,0.21,residual_samples/batch-30-replication-9.csv,null_statistics/batch-30-replication-9.npy,batch-f1-null-transfer,499897925074010577,6536611391358266720,16704015950372790707,0.34131769998930395,,,batch-f1-null-transfer-20260824-001
F1,X1,X2,f1-null-transfer,31,0,0.07179685750335812,0.08,residual_samples/batch-31-replication-0.csv,null_statistics/batch-31-replication-0.npy,batch-f1-null-transfer,9503479702449083667,9703567333896003166,13112677006447760235,0.33964579994790256,,,batch-f1-null-transfer-20260824-001
F1,X1,X2,f1-null-transfer,31,1,0.05186014781849848,0.59,residual_samples/batch-31-replication-1.csv,null_statistics/batch-31-replication-1.npy,batch-f1-null-transfer,12721040342192683577,17290339157085547856,9804089369881158516,0.3285983999958262,,,batch-f1-null-transfer-20260824-001
F1,X1,X2,f1-null-transfer,31,2,0.0487193608125519,0.635,residual_samples/batch-31-replication-2.csv,null_statistics/batch-31-replication-2.npy,batch-f1-null-transfer,7526528553196415497,2491534137487098671,17215699349400861085,0.3475518999621272,,,batch-f1-null-transfer-20260824-001
F1,X1,X2,f1-null-transfer,31,3,0.05304122657572417,0.52,residual_samples/batch-31-replication-3.csv,null_statistics/batch-31-replication-3.npy,batch-f1-null-transfer,16555452543067666245,8331256232691186389,6775501497441270771,0.34480289998464286,,,batch-f1-null-transfer-20260824-001
F1,X1,X2,f1-null-transfer,31,4,0.05671982101093033,0.34,residual_samples/batch-31-replication-4.csv,null_statistics/batch-31-replication-4.npy,batch-f1-null-transfer,11720485270062271004,8109431365566802135,14510328603243663693,0.3521978000062518,,,batch-f1-null-transfer-20260824-001
F1,X1,X2,f1-null-transfer,31,5,0.061992017684918764,0.28,residual_samples/batch-31-replication-5.csv,null_statistics/batch-31-replication-5.npy,batch-f1-null-transfer,10483605502300772668,14422755679002300955,914421574088695292,0.34276829997543246,,,batch-f1-null-transfer-20260824-001
F1,X1,X2,f1-null-transfer,31,6,0.0682041673090037,0.175,residual_samples/batch-31-replication-6.csv,null_statistics/batch-31-replication-6.npy,batch-f1-null-transfer,6248928608695144858,1749230643935840876,13038038729496111882,0.34690010000485927,,,batch-f1-null-transfer-20260824-001
F1,X1,X2,f1-null-transfer,31,7,0.0531370948236525,0.53,residual_samples/batch-31-replication-7.csv,null_statistics/batch-31-replication-7.npy,batch-f1-null-transfer,11109311848604604082,11769071411638502276,7060087623733878160,0.3494975999929011,,,batch-f1-null-transfer-20260824-001
F1,X1,X2,f1-null-transfer,31,8,0.05201686749721138,0.53,residual_samples/batch-31-replication-8.csv,null_statistics/batch-31-replication-8.npy,batch-f1-null-transfer,12154503101009256028,15309712385735329833,3238230457082765357,0.36571829998865724,,,batch-f1-null-transfer-20260824-001
F1,X1,X2,f1-null-transfer,31,9,0.04581509005911316,0.795,residual_samples/batch-31-replication-9.csv,null_statistics/batch-31-replication-9.npy,batch-f1-null-transfer,7527429602877510608,15415574814602847007,7267620445835171079,0.3627365999855101,,,batch-f1-null-transfer-20260824-001
F1,X1,X2,f1-null-transfer,32,0,0.05053748228534493,0.635,residual_samples/batch-32-replication-0.csv,null_statistics/batch-32-replication-0.npy,batch-f1-null-transfer,13422437332664941836,6750952475525109455,7307295175935179056,0.3617507999879308,,,batch-f1-null-transfer-20260824-001
F1,X1,X2,f1-null-transfer,32,1,0.05288884258682368,0.495,residual_samples/batch-32-replication-1.csv,null_statistics/batch-32-replication-1.npy,batch-f1-null-transfer,2810430716835542714,8354138000532599027,16923970537743454460,0.3617415999760851,,,batch-f1-null-transfer-20260824-001
F1,X1,X2,f1-null-transfer,32,2,0.05555339894943947,0.4,residual_samples/batch-32-replication-2.csv,null_statistics/batch-32-replication-2.npy,batch-f1-null-transfer,17805250097837490283,1537592204020235444,7172894899822758031,0.3536884000059217,,,batch-f1-null-transfer-20260824-001
F1,X1,X2,f1-null-transfer,32,3,0.04925724859856957,0.69,residual_samples/batch-32-replication-3.csv,null_statistics/batch-32-replication-3.npy,batch-f1-null-transfer,4911186129170306394,11711608050344296287,14385067903025329690,0.36305710003944114,,,batch-f1-null-transfer-20260824-001
F1,X1,X2,f1-null-transfer,32,4,0.09180246158598139,0.02,residual_samples/batch-32-replication-4.csv,null_statistics/batch-32-replication-4.npy,batch-f1-null-transfer,5222704459029794909,16147288827369237571,1204503954263071677,0.35927399998763576,,,batch-f1-null-transfer-20260824-001
F1,X1,X2,f1-null-transfer,32,5,0.06126681492496759,0.2,residual_samples/batch-32-replication-5.csv,null_statistics/batch-32-replication-5.npy,batch-f1-null-transfer,3570566734151818892,11216971776179627433,13625746917063643119,0.33193929999833927,,,batch-f1-null-transfer-20260824-001
F1,X1,X2,f1-null-transfer,32,6,0.05351724400397445,0.42,residual_samples/batch-32-replication-6.csv,null_statistics/batch-32-replication-6.npy,batch-f1-null-transfer,1340807156958075093,5051267731412313317,15132159102983867761,0.3496387000195682,,,batch-f1-null-transfer-20260824-001
F1,X1,X2,f1-null-transfer,32,7,0.052230096317718994,0.54,residual_samples/batch-32-replication-7.csv,null_statistics/batch-32-replication-7.npy,batch-f1-null-transfer,15010690636353118206,854201988662169941,16151702989254570625,0.34196170000359416,,,batch-f1-null-transfer-20260824-001
F1,X1,X2,f1-null-transfer,32,8,0.042049478695187395,0.955,residual_samples/batch-32-replication-8.csv,null_statistics/batch-32-replication-8.npy,batch-f1-null-transfer,16846442407701037859,7242658795473769936,11336160941890019003,0.3501214000280015,,,batch-f1-null-transfer-20260824-001
F1,X1,X2,f1-null-transfer,32,9,0.05724211022605316,0.34,residual_samples/batch-32-replication-9.csv,null_statistics/batch-32-replication-9.npy,batch-f1-null-transfer,15609749194229618400,5833639860117650281,17448640178810328346,0.33785379998153076,,,batch-f1-null-transfer-20260824-001
F1,X1,X2,f1-null-transfer,33,0,0.062109286394075716,0.25,residual_samples/batch-33-replication-0.csv,null_statistics/batch-33-replication-0.npy,batch-f1-null-transfer,12650717588341022296,4376899045551613563,16200522927803413946,0.3509124999982305,,,batch-f1-null-transfer-20260824-001
F1,X1,X2,f1-null-transfer,33,1,0.04919299001008424,0.685,residual_samples/batch-33-replication-1.csv,null_statistics/batch-33-replication-1.npy,batch-f1-null-transfer,3404952212307728740,14900777420973959996,13524708198285614588,0.3497308000223711,,,batch-f1-null-transfer-20260824-001
F1,X1,X2,f1-null-transfer,33,2,0.052157050846871514,0.49,residual_samples/batch-33-replication-2.csv,null_statistics/batch-33-replication-2.npy,batch-f1-null-transfer,2725497121380679789,2721157855180527078,9260614503348357522,0.3499465999775566,,,batch-f1-null-transfer-20260824-001
F1,X1,X2,f1-null-transfer,33,3,0.056112208288176854,0.4,residual_samples/batch-33-replication-3.csv,null_statistics/batch-33-replication-3.npy,batch-f1-null-transfer,7764801270030812075,17081535230834353053,9216841739437045750,0.3399722999893129,,,batch-f1-null-transfer-20260824-001
F1,X1,X2,f1-null-transfer,33,4,0.06868812721289706,0.09,residual_samples/batch-33-replication-4.csv,null_statistics/batch-33-replication-4.npy,batch-f1-null-transfer,10032265769648547413,3534832823518033289,18224063641604256233,0.35201660002348945,,,batch-f1-null-transfer-20260824-001
F1,X1,X2,f1-null-transfer,33,5,0.051250149413381726,0.585,residual_samples/batch-33-replication-5.csv,null_statistics/batch-33-replication-5.npy,batch-f1-null-transfer,15225884324245226396,13815335699473064623,830991603725570028,0.3498000000254251,,,batch-f1-null-transfer-20260824-001
F1,X1,X2,f1-null-transfer,33,6,0.049770424907736525,0.625,residual_samples/batch-33-replication-6.csv,null_statistics/batch-33-replication-6.npy,batch-f1-null-transfer,9685473699957175286,11745479882887498289,9498357373650127373,0.3488070000312291,,,batch-f1-null-transfer-20260824-001
F1,X1,X2,f1-null-transfer,33,7,0.06729901093366808,0.125,residual_samples/batch-33-replication-7.csv,null_statistics/batch-33-replication-7.npy,batch-f1-null-transfer,10650456456445716434,17648406497770517572,3382859723004462547,0.34658449998823926,,,batch-f1-null-transfer-20260824-001
F1,X1,X2,f1-null-transfer,33,8,0.06511190348262885,0.105,residual_samples/batch-33-replication-8.csv,null_statistics/batch-33-replication-8.npy,batch-f1-null-transfer,9096326185757452757,2148019847454929581,11672671634726096045,0.3468220999930054,,,batch-f1-null-transfer-20260824-001
F1,X1,X2,f1-null-transfer,33,9,0.06897052594548873,0.095,residual_samples/batch-33-replication-9.csv,null_statistics/batch-33-replication-9.npy,batch-f1-null-transfer,590085188912984760,1659978098100380074,16281037046373871058,0.349039199994877,,,batch-f1-null-transfer-20260824-001
F1,X1,X2,f1-null-transfer,34,0,0.04801230667131515,0.775,residual_samples/batch-34-replication-0.csv,null_statistics/batch-34-replication-0.npy,batch-f1-null-transfer,8257391156992177708,957965638756818074,10487701526483045897,0.34900970000308007,,,batch-f1-null-transfer-20260824-001
F1,X1,X2,f1-null-transfer,34,1,0.07509410660917062,0.065,residual_samples/batch-34-replication-1.csv,null_statistics/batch-34-replication-1.npy,batch-f1-null-transfer,3610225812266517430,66840036879460728,14132412438709130540,0.3489990000380203,,,batch-f1-null-transfer-20260824-001
F1,X1,X2,f1-null-transfer,34,2,0.05686319417073138,0.34,residual_samples/batch-34-replication-2.csv,null_statistics/batch-34-replication-2.npy,batch-f1-null-transfer,3440929790490347941,15851440134547060853,17743818991704847452,0.3603773000068031,,,batch-f1-null-transfer-20260824-001
F1,X1,X2,f1-null-transfer,34,3,0.046560087557256526,0.745,residual_samples/batch-34-replication-3.csv,null_statistics/batch-34-replication-3.npy,batch-f1-null-transfer,2149835872815395443,13276151862608885107,1473084169306186540,0.43321029999060556,,,batch-f1-null-transfer-20260824-001
F1,X1,X2,f1-null-transfer,34,4,0.061300110941971186,0.21,residual_samples/batch-34-replication-4.csv,null_statistics/batch-34-replication-4.npy,batch-f1-null-transfer,15853369506360580754,14595036274011153120,8982524184500747308,0.37633820000337437,,,batch-f1-null-transfer-20260824-001
F1,X1,X2,f1-null-transfer,34,5,0.04726421592063312,0.745,residual_samples/batch-34-replication-5.csv,null_statistics/batch-34-replication-5.npy,batch-f1-null-transfer,4632403757104538267,11711980940558189569,4467270895708091454,0.3682888000039384,,,batch-f1-null-transfer-20260824-001
F1,X1,X2,f1-null-transfer,34,6,0.06749181979989287,0.145,residual_samples/batch-34-replication-6.csv,null_statistics/batch-34-replication-6.npy,batch-f1-null-transfer,18060950305031918590,11471476826362800153,8814409906073876574,0.3954078999813646,,,batch-f1-null-transfer-20260824-001
F1,X1,X2,f1-null-transfer,34,7,0.05897801743930603,0.3,residual_samples/batch-34-replication-7.csv,null_statistics/batch-34-replication-7.npy,batch-f1-null-transfer,577750367958868280,15054581944822558307,12391747239087955842,0.3498917000251822,,,batch-f1-null-transfer-20260824-001
F1,X1,X2,f1-null-transfer,34,8,0.04378050185010336,0.88,residual_samples/batch-34-replication-8.csv,null_statistics/batch-34-replication-8.npy,batch-f1-null-transfer,7662006881030375488,6286185482808799582,9272097160815003664,0.34827519999817014,,,batch-f1-null-transfer-20260824-001
F1,X1,X2,f1-null-transfer,34,9,0.05252247867317588,0.545,residual_samples/batch-34-replication-9.csv,null_statistics/batch-34-replication-9.npy,batch-f1-null-transfer,12969050791341144957,10563170599594526189,5572866972141877789,0.3300014999695122,,,batch-f1-null-transfer-20260824-001
F1,X1,X2,f1-null-transfer,35,0,0.051252958083077824,0.58,residual_samples/batch-35-replication-0.csv,null_statistics/batch-35-replication-0.npy,batch-f1-null-transfer,4576479840955127410,9534097554189047457,9551862398839447717,0.41462989995488897,,,batch-f1-null-transfer-20260824-001
F1,X1,X2,f1-null-transfer,35,1,0.06008259157245998,0.295,residual_samples/batch-35-replication-1.csv,null_statistics/batch-35-replication-1.npy,batch-f1-null-transfer,908083158456870395,2034189367380928395,14421151454461015889,0.3810857000062242,,,batch-f1-null-transfer-20260824-001
F1,X1,X2,f1-null-transfer,35,2,0.05136405255743141,0.61,residual_samples/batch-35-replication-2.csv,null_statistics/batch-35-replication-2.npy,batch-f1-null-transfer,4028241778505426095,16287521196495005298,10862926229929579325,0.3497091999743134,,,batch-f1-null-transfer-20260824-001
F1,X1,X2,f1-null-transfer,35,3,0.059524637653189015,0.32,residual_samples/batch-35-replication-3.csv,null_statistics/batch-35-replication-3.npy,batch-f1-null-transfer,8458089182969854827,3445323332652904177,3291784321345284215,0.38688820000970736,,,batch-f1-null-transfer-20260824-001
F1,X1,X2,f1-null-transfer,35,4,0.07296961254565998,0.08,residual_samples/batch-35-replication-4.csv,null_statistics/batch-35-replication-4.npy,batch-f1-null-transfer,12011215991614259137,11686329586033490417,2630908338173201184,0.38974170002620667,,,batch-f1-null-transfer-20260824-001
F1,X1,X2,f1-null-transfer,35,5,0.05380817221304409,0.505,residual_samples/batch-35-replication-5.csv,null_statistics/batch-35-replication-5.npy,batch-f1-null-transfer,6256050368790057363,14044638814660886350,4911240846356983520,0.39375659998040646,,,batch-f1-null-transfer-20260824-001
F1,X1,X2,f1-null-transfer,35,6,0.05712662546016587,0.32,residual_samples/batch-35-replication-6.csv,null_statistics/batch-35-replication-6.npy,batch-f1-null-transfer,152702457675759063,15613534209497454071,7056610004831356338,0.4298514999682084,,,batch-f1-null-transfer-20260824-001
F1,X1,X2,f1-null-transfer,35,7,0.06078951760703093,0.265,residual_samples/batch-35-replication-7.csv,null_statistics/batch-35-replication-7.npy,batch-f1-null-transfer,10763064122416877751,9546590950140896625,12520416015516746437,0.3737496000248939,,,batch-f1-null-transfer-20260824-001
F1,X1,X2,f1-null-transfer,35,8,0.05265834670265404,0.525,residual_samples/batch-35-replication-8.csv,null_statistics/batch-35-replication-8.npy,batch-f1-null-transfer,11479936901562200873,13690280761783409542,4383499313818871289,0.34859660000074655,,,batch-f1-null-transfer-20260824-001
F1,X1,X2,f1-null-transfer,35,9,0.0634048394565143,0.17,residual_samples/batch-35-replication-9.csv,null_statistics/batch-35-replication-9.npy,batch-f1-null-transfer,14118484266556781321,17365190119642940713,3572186524885279087,0.35103459999663755,,,batch-f1-null-transfer-20260824-001
F1,X1,X2,f1-null-transfer,36,0,0.06803502991117864,0.1,residual_samples/batch-36-replication-0.csv,null_statistics/batch-36-replication-0.npy,batch-f1-null-transfer,8092356318053106162,8612129993426522640,166380393881544003,0.45485169999301434,,,batch-f1-null-transfer-20260824-001
F1,X1,X2,f1-null-transfer,36,1,0.06020045812810143,0.26,residual_samples/batch-36-replication-1.csv,null_statistics/batch-36-replication-1.npy,batch-f1-null-transfer,11582716356017717170,10641695557908160589,16153809309089224092,0.34487909998279065,,,batch-f1-null-transfer-20260824-001
F1,X1,X2,f1-null-transfer,36,2,0.04901080715135827,0.7,residual_samples/batch-36-replication-2.csv,null_statistics/batch-36-replication-2.npy,batch-f1-null-transfer,15561768627632714324,3325653923316045027,3843799456849416784,0.34712730004685,,,batch-f1-null-transfer-20260824-001
F1,X1,X2,f1-null-transfer,36,3,0.0470719230848204,0.72,residual_samples/batch-36-replication-3.csv,null_statistics/batch-36-replication-3.npy,batch-f1-null-transfer,18052490118353225096,4247489329621257719,17756343123058934661,0.3516988000483252,,,batch-f1-null-transfer-20260824-001
F1,X1,X2,f1-null-transfer,36,4,0.051575342238389575,0.51,residual_samples/batch-36-replication-4.csv,null_statistics/batch-36-replication-4.npy,batch-f1-null-transfer,6639139293491376636,17207727484605916467,9800733218324985358,0.34231829998316243,,,batch-f1-null-transfer-20260824-001
F1,X1,X2,f1-null-transfer,36,5,0.06089660898992502,0.19,residual_samples/batch-36-replication-5.csv,null_statistics/batch-36-replication-5.npy,batch-f1-null-transfer,14615280342689037676,4851693727069167409,18273582201815603872,0.34307219996117055,,,batch-f1-null-transfer-20260824-001
F1,X1,X2,f1-null-transfer,36,6,0.04411959729889486,0.81,residual_samples/batch-36-replication-6.csv,null_statistics/batch-36-replication-6.npy,batch-f1-null-transfer,16384556801671675147,11181643925150817429,10923694915539542409,0.35161309997783974,,,batch-f1-null-transfer-20260824-001
F1,X1,X2,f1-null-transfer,36,7,0.06268100556953958,0.19,residual_samples/batch-36-replication-7.csv,null_statistics/batch-36-replication-7.npy,batch-f1-null-transfer,497447334156216746,18342411680207866826,14756551906779850890,0.34672989998944104,,,batch-f1-null-transfer-20260824-001
F1,X1,X2,f1-null-transfer,36,8,0.04554479869836875,0.785,residual_samples/batch-36-replication-8.csv,null_statistics/batch-36-replication-8.npy,batch-f1-null-transfer,7533373514643459182,1743875310243372430,15099044284363859802,0.3287702999659814,,,batch-f1-null-transfer-20260824-001
F1,X1,X2,f1-null-transfer,36,9,0.04621647344346256,0.82,residual_samples/batch-36-replication-9.csv,null_statistics/batch-36-replication-9.npy,batch-f1-null-transfer,9860491085057620071,6300626054353423810,11433511838238534058,0.3462151000276208,,,batch-f1-null-transfer-20260824-001
F1,X1,X2,f1-null-transfer,37,0,0.06826177037575652,0.105,residual_samples/batch-37-replication-0.csv,null_statistics/batch-37-replication-0.npy,batch-f1-null-transfer,18354757443878782031,7704635195821901059,13841645088287099562,0.3467574999667704,,,batch-f1-null-transfer-20260824-001
F1,X1,X2,f1-null-transfer,37,1,0.05170659828189888,0.57,residual_samples/batch-37-replication-1.csv,null_statistics/batch-37-replication-1.npy,batch-f1-null-transfer,2410111630512900601,652782095332291216,8597114232344438189,0.3471350999898277,,,batch-f1-null-transfer-20260824-001
F1,X1,X2,f1-null-transfer,37,2,0.08013610191941628,0.05,residual_samples/batch-37-replication-2.csv,null_statistics/batch-37-replication-2.npy,batch-f1-null-transfer,10732769948036129577,8030196942678634468,4012878230183637235,0.371381199976895,,,batch-f1-null-transfer-20260824-001
F1,X1,X2,f1-null-transfer,37,3,0.0482587562484633,0.685,residual_samples/batch-37-replication-3.csv,null_statistics/batch-37-replication-3.npy,batch-f1-null-transfer,15400644876328468885,5226701072047392426,13754203633974955733,0.35573030001251027,,,batch-f1-null-transfer-20260824-001
F1,X1,X2,f1-null-transfer,37,4,0.04544673498639661,0.775,residual_samples/batch-37-replication-4.csv,null_statistics/batch-37-replication-4.npy,batch-f1-null-transfer,13230809276586048185,3838151960583101994,8211688590275611733,0.36128929996630177,,,batch-f1-null-transfer-20260824-001
F1,X1,X2,f1-null-transfer,37,5,0.08501307373491732,0.02,residual_samples/batch-37-replication-5.csv,null_statistics/batch-37-replication-5.npy,batch-f1-null-transfer,13046751837429675180,12708419807612501393,12193268557832520116,0.36766930000158027,,,batch-f1-null-transfer-20260824-001
F1,X1,X2,f1-null-transfer,37,6,0.04399626450801885,0.865,residual_samples/batch-37-replication-6.csv,null_statistics/batch-37-replication-6.npy,batch-f1-null-transfer,6128423198045399788,5761316053575010354,17747187643040779416,0.3236206999863498,,,batch-f1-null-transfer-20260824-001
F1,X1,X2,f1-null-transfer,37,7,0.06124535529974201,0.215,residual_samples/batch-37-replication-7.csv,null_statistics/batch-37-replication-7.npy,batch-f1-null-transfer,2967865920583978656,14210105670150945961,2850385379261581996,0.3490971999708563,,,batch-f1-null-transfer-20260824-001
F1,X1,X2,f1-null-transfer,37,8,0.07542782652958596,0.05,residual_samples/batch-37-replication-8.csv,null_statistics/batch-37-replication-8.npy,batch-f1-null-transfer,17746379783896502200,2335488640557147643,8528877703876314502,0.3462619999772869,,,batch-f1-null-transfer-20260824-001
F1,X1,X2,f1-null-transfer,37,9,0.06082293505952136,0.26,residual_samples/batch-37-replication-9.csv,null_statistics/batch-37-replication-9.npy,batch-f1-null-transfer,10864566603675240623,14104311158935010065,4198051995102237877,0.3174533999990672,,,batch-f1-null-transfer-20260824-001
F1,X1,X2,f1-null-transfer,38,0,0.06777841980767764,0.135,residual_samples/batch-38-replication-0.csv,null_statistics/batch-38-replication-0.npy,batch-f1-null-transfer,11377715784625163491,11403129066744555157,9239249001428326980,0.32606079999823123,,,batch-f1-null-transfer-20260824-001
F1,X1,X2,f1-null-transfer,38,1,0.05348458107188833,0.48,residual_samples/batch-38-replication-1.csv,null_statistics/batch-38-replication-1.npy,batch-f1-null-transfer,13404618382006963180,18073596884350842225,18130274944124264973,0.3496203999966383,,,batch-f1-null-transfer-20260824-001
F1,X1,X2,f1-null-transfer,38,2,0.06254711653193275,0.225,residual_samples/batch-38-replication-2.csv,null_statistics/batch-38-replication-2.npy,batch-f1-null-transfer,8493452355620643383,18212778266738922651,18426666251098219843,0.34560360002797097,,,batch-f1-null-transfer-20260824-001
F1,X1,X2,f1-null-transfer,38,3,0.05500967413291221,0.445,residual_samples/batch-38-replication-3.csv,null_statistics/batch-38-replication-3.npy,batch-f1-null-transfer,9205628340925864113,2079380387510830355,10362751635523340511,0.34908650000579655,,,batch-f1-null-transfer-20260824-001
F1,X1,X2,f1-null-transfer,38,4,0.07464136896743158,0.095,residual_samples/batch-38-replication-4.csv,null_statistics/batch-38-replication-4.npy,batch-f1-null-transfer,5648989440029766355,15447260023487820622,16607140186675420482,0.3373095999704674,,,batch-f1-null-transfer-20260824-001
F1,X1,X2,f1-null-transfer,38,5,0.06250956242578994,0.225,residual_samples/batch-38-replication-5.csv,null_statistics/batch-38-replication-5.npy,batch-f1-null-transfer,9119022595273026431,9098053896060879024,17570729535106855537,0.3481839000014588,,,batch-f1-null-transfer-20260824-001
F1,X1,X2,f1-null-transfer,38,6,0.06641594649808004,0.195,residual_samples/batch-38-replication-6.csv,null_statistics/batch-38-replication-6.npy,batch-f1-null-transfer,7669495683060596241,8819621667436188620,8267359039618522468,0.36974160000681877,,,batch-f1-null-transfer-20260824-001
F1,X1,X2,f1-null-transfer,38,7,0.06819946088532373,0.095,residual_samples/batch-38-replication-7.csv,null_statistics/batch-38-replication-7.npy,batch-f1-null-transfer,11541492699440131251,16484771299432346016,9403102118393216684,0.34647420002147555,,,batch-f1-null-transfer-20260824-001
F1,X1,X2,f1-null-transfer,38,8,0.09118997968435849,0.02,residual_samples/batch-38-replication-8.csv,null_statistics/batch-38-replication-8.npy,batch-f1-null-transfer,7632159260431889878,530524611214357041,17061474229729691321,0.3456644000252709,,,batch-f1-null-transfer-20260824-001
F1,X1,X2,f1-null-transfer,38,9,0.054110984237060206,0.495,residual_samples/batch-38-replication-9.csv,null_statistics/batch-38-replication-9.npy,batch-f1-null-transfer,5823479480274420265,6747667542575865433,1160785912269373484,0.34965079999528825,,,batch-f1-null-transfer-20260824-001
F1,X1,X2,f1-null-transfer,39,0,0.037036116785644814,0.995,residual_samples/batch-39-replication-0.csv,null_statistics/batch-39-replication-0.npy,batch-f1-null-transfer,17074815296383655160,12752407967801887861,16997902376073180492,0.3540109000168741,,,batch-f1-null-transfer-20260824-001
F1,X1,X2,f1-null-transfer,39,1,0.044536712846191845,0.84,residual_samples/batch-39-replication-1.csv,null_statistics/batch-39-replication-1.npy,batch-f1-null-transfer,16339011453697056929,888533990080065919,5897324328400027799,0.42190979997394606,,,batch-f1-null-transfer-20260824-001
F1,X1,X2,f1-null-transfer,39,2,0.049933360361365135,0.64,residual_samples/batch-39-replication-2.csv,null_statistics/batch-39-replication-2.npy,batch-f1-null-transfer,3792569813679184885,201917768487797840,17242081631886837704,0.33664589998079464,,,batch-f1-null-transfer-20260824-001
F1,X1,X2,f1-null-transfer,39,3,0.04694468194605919,0.73,residual_samples/batch-39-replication-3.csv,null_statistics/batch-39-replication-3.npy,batch-f1-null-transfer,17610282081126691075,6319440703259229580,10545038723065304772,0.34486610000021756,,,batch-f1-null-transfer-20260824-001
F1,X1,X2,f1-null-transfer,39,4,0.06912734780287999,0.12,residual_samples/batch-39-replication-4.csv,null_statistics/batch-39-replication-4.npy,batch-f1-null-transfer,7127766244022231135,8350611456511893600,17448701640047889873,0.34944499999983236,,,batch-f1-null-transfer-20260824-001
F1,X1,X2,f1-null-transfer,39,5,0.03823201318503268,0.97,residual_samples/batch-39-replication-5.csv,null_statistics/batch-39-replication-5.npy,batch-f1-null-transfer,6850367065886866438,10391605728197885123,14483517228227180414,0.3648551999940537,,,batch-f1-null-transfer-20260824-001
F1,X1,X2,f1-null-transfer,39,6,0.04677841485356946,0.735,residual_samples/batch-39-replication-6.csv,null_statistics/batch-39-replication-6.npy,batch-f1-null-transfer,7693448672683783012,10639472628172235936,11712116666778309676,0.324595500016585,,,batch-f1-null-transfer-20260824-001
F1,X1,X2,f1-null-transfer,39,7,0.06326652920973881,0.185,residual_samples/batch-39-replication-7.csv,null_statistics/batch-39-replication-7.npy,batch-f1-null-transfer,10062604748098880250,6916575647696602898,6315034689356773552,0.34847670001909137,,,batch-f1-null-transfer-20260824-001
F1,X1,X2,f1-null-transfer,39,8,0.055138163257537925,0.42,residual_samples/batch-39-replication-8.csv,null_statistics/batch-39-replication-8.npy,batch-f1-null-transfer,11157335979793614082,15343231162747020442,10392318376539084015,0.3569652999867685,,,batch-f1-null-transfer-20260824-001
F1,X1,X2,f1-null-transfer,39,9,0.07158885462632344,0.115,residual_samples/batch-39-replication-9.csv,null_statistics/batch-39-replication-9.npy,batch-f1-null-transfer,8064475627024046157,14104135070815796168,18249192379397143977,0.3677260000258684,,,batch-f1-null-transfer-20260824-001
F1,X1,X2,f1-null-transfer,40,0,0.08461301728765411,0.02,residual_samples/batch-40-replication-0.csv,null_statistics/batch-40-replication-0.npy,batch-f1-null-transfer,17821778183918095675,987052513603162011,15587205340436370382,0.37630379997426644,,,batch-f1-null-transfer-20260824-001
F1,X1,X2,f1-null-transfer,40,1,0.04340744585936456,0.86,residual_samples/batch-40-replication-1.csv,null_statistics/batch-40-replication-1.npy,batch-f1-null-transfer,1983784310260048941,8739717164193540563,17343176646297775604,0.42116560001159087,,,batch-f1-null-transfer-20260824-001
F1,X1,X2,f1-null-transfer,40,2,0.0455636219025111,0.795,residual_samples/batch-40-replication-2.csv,null_statistics/batch-40-replication-2.npy,batch-f1-null-transfer,1219867341288955330,18293648389885148770,34383330059266197,0.356225399998948,,,batch-f1-null-transfer-20260824-001
F1,X1,X2,f1-null-transfer,40,3,0.05664807758493454,0.295,residual_samples/batch-40-replication-3.csv,null_statistics/batch-40-replication-3.npy,batch-f1-null-transfer,4842116885585619274,10773761008830582598,15242442545893139792,0.3507829000009224,,,batch-f1-null-transfer-20260824-001
F1,X1,X2,f1-null-transfer,40,4,0.05386179160473916,0.49,residual_samples/batch-40-replication-4.csv,null_statistics/batch-40-replication-4.npy,batch-f1-null-transfer,11996157428859730536,15097409623795557242,14416452312981274540,0.34573449997697026,,,batch-f1-null-transfer-20260824-001
F1,X1,X2,f1-null-transfer,40,5,0.051218020530293805,0.61,residual_samples/batch-40-replication-5.csv,null_statistics/batch-40-replication-5.npy,batch-f1-null-transfer,2415607834614762557,623942141085331677,6237528737354433112,0.351166500011459,,,batch-f1-null-transfer-20260824-001
F1,X1,X2,f1-null-transfer,40,6,0.04025773469191675,0.97,residual_samples/batch-40-replication-6.csv,null_statistics/batch-40-replication-6.npy,batch-f1-null-transfer,10610337144291923187,361797667867080722,6490410013087492961,0.3512857999885455,,,batch-f1-null-transfer-20260824-001
F1,X1,X2,f1-null-transfer,40,7,0.04342501188098285,0.91,residual_samples/batch-40-replication-7.csv,null_statistics/batch-40-replication-7.npy,batch-f1-null-transfer,962907534133222057,13942208975697678645,11391739721645827041,0.3450680000241846,,,batch-f1-null-transfer-20260824-001
F1,X1,X2,f1-null-transfer,40,8,0.06417415521022343,0.185,residual_samples/batch-40-replication-8.csv,null_statistics/batch-40-replication-8.npy,batch-f1-null-transfer,4908144272688005119,12046093291344398385,12714717274084996107,0.345657299971208,,,batch-f1-null-transfer-20260824-001
F1,X1,X2,f1-null-transfer,40,9,0.04881614934859584,0.64,residual_samples/batch-40-replication-9.csv,null_statistics/batch-40-replication-9.npy,batch-f1-null-transfer,4393573832226635411,17684339677970121175,16026203825337529974,0.3470069000031799,,,batch-f1-null-transfer-20260824-001
F1,X1,X2,f1-null-transfer,41,0,0.05143848059810785,0.58,residual_samples/batch-41-replication-0.csv,null_statistics/batch-41-replication-0.npy,batch-f1-null-transfer,15832231175695642356,1851963187106727400,13944292382657417864,0.3392075000447221,,,batch-f1-null-transfer-20260824-001
F1,X1,X2,f1-null-transfer,41,1,0.047811569794031734,0.72,residual_samples/batch-41-replication-1.csv,null_statistics/batch-41-replication-1.npy,batch-f1-null-transfer,8312555958981638661,10406626792222974676,12191362560751329571,0.34841910004615784,,,batch-f1-null-transfer-20260824-001
F1,X1,X2,f1-null-transfer,41,2,0.06571003267270883,0.185,residual_samples/batch-41-replication-2.csv,null_statistics/batch-41-replication-2.npy,batch-f1-null-transfer,1540817397829804820,5888275550712810751,11486399302472281822,0.3611322999931872,,,batch-f1-null-transfer-20260824-001
F1,X1,X2,f1-null-transfer,41,3,0.051005641054476025,0.645,residual_samples/batch-41-replication-3.csv,null_statistics/batch-41-replication-3.npy,batch-f1-null-transfer,10393912070808881715,11500702210940656578,8825312917466334709,0.4073715999838896,,,batch-f1-null-transfer-20260824-001
F1,X1,X2,f1-null-transfer,41,4,0.05644829596733671,0.41,residual_samples/batch-41-replication-4.csv,null_statistics/batch-41-replication-4.npy,batch-f1-null-transfer,7621467396428809882,5380148418940511693,5434275395032482109,0.3817047000047751,,,batch-f1-null-transfer-20260824-001
F1,X1,X2,f1-null-transfer,41,5,0.04519837063749126,0.82,residual_samples/batch-41-replication-5.csv,null_statistics/batch-41-replication-5.npy,batch-f1-null-transfer,12529334800897504939,13293701619005653329,721069414998252333,0.3580320000182837,,,batch-f1-null-transfer-20260824-001
F1,X1,X2,f1-null-transfer,41,6,0.07923904868429625,0.045,residual_samples/batch-41-replication-6.csv,null_statistics/batch-41-replication-6.npy,batch-f1-null-transfer,16360286418208203640,2930321314057730430,15590226478361433871,0.3857900000293739,,,batch-f1-null-transfer-20260824-001
F1,X1,X2,f1-null-transfer,41,7,0.04609907464580759,0.73,residual_samples/batch-41-replication-7.csv,null_statistics/batch-41-replication-7.npy,batch-f1-null-transfer,15380951801057168441,14224347334581076255,15511772924222301006,0.3738401000155136,,,batch-f1-null-transfer-20260824-001
F1,X1,X2,f1-null-transfer,41,8,0.0866776650861397,0.03,residual_samples/batch-41-replication-8.csv,null_statistics/batch-41-replication-8.npy,batch-f1-null-transfer,5008586808825575013,13437384668824098262,4286004864657229990,0.41070390003733337,,,batch-f1-null-transfer-20260824-001
F1,X1,X2,f1-null-transfer,41,9,0.07563690368788292,0.035,residual_samples/batch-41-replication-9.csv,null_statistics/batch-41-replication-9.npy,batch-f1-null-transfer,15458063549444979777,7077657284291588796,17887104573450502417,0.38498719997005537,,,batch-f1-null-transfer-20260824-001
F1,X1,X2,f1-null-transfer,42,0,0.058519622877471214,0.32,residual_samples/batch-42-replication-0.csv,null_statistics/batch-42-replication-0.npy,batch-f1-null-transfer,5163919046428152376,9152086430838345804,15694016051391880358,0.3538995999842882,,,batch-f1-null-transfer-20260824-001
F1,X1,X2,f1-null-transfer,42,1,0.07205630449409244,0.095,residual_samples/batch-42-replication-1.csv,null_statistics/batch-42-replication-1.npy,batch-f1-null-transfer,3676808558814624514,4098478454650035490,4488664998333943004,0.3793330999906175,,,batch-f1-null-transfer-20260824-001
F1,X1,X2,f1-null-transfer,42,2,0.0492060655564145,0.655,residual_samples/batch-42-replication-2.csv,null_statistics/batch-42-replication-2.npy,batch-f1-null-transfer,16599594689208490495,1318380886702475780,6868069192033872807,0.35660669999197125,,,batch-f1-null-transfer-20260824-001
F1,X1,X2,f1-null-transfer,42,3,0.05125872778940653,0.49,residual_samples/batch-42-replication-3.csv,null_statistics/batch-42-replication-3.npy,batch-f1-null-transfer,5157237518265466821,17054475585123063202,13917407000532469069,0.36504970001988113,,,batch-f1-null-transfer-20260824-001
F1,X1,X2,f1-null-transfer,42,4,0.06496590109031175,0.195,residual_samples/batch-42-replication-4.csv,null_statistics/batch-42-replication-4.npy,batch-f1-null-transfer,1059095377401901241,5654538004737115146,10625906819586993790,0.3614866999560036,,,batch-f1-null-transfer-20260824-001
F1,X1,X2,f1-null-transfer,42,5,0.04748788074308512,0.755,residual_samples/batch-42-replication-5.csv,null_statistics/batch-42-replication-5.npy,batch-f1-null-transfer,2470375837618020059,5872965820559003283,17414747729113026545,0.34548709995578974,,,batch-f1-null-transfer-20260824-001
F1,X1,X2,f1-null-transfer,42,6,0.06451174362329447,0.185,residual_samples/batch-42-replication-6.csv,null_statistics/batch-42-replication-6.npy,batch-f1-null-transfer,14813351120722454208,18275459583791609376,484904256166575876,0.3926973000052385,,,batch-f1-null-transfer-20260824-001
F1,X1,X2,f1-null-transfer,42,7,0.05979073755235287,0.315,residual_samples/batch-42-replication-7.csv,null_statistics/batch-42-replication-7.npy,batch-f1-null-transfer,9365231987385306033,16421219327222148117,15231482203031037006,0.37971140001900494,,,batch-f1-null-transfer-20260824-001
F1,X1,X2,f1-null-transfer,42,8,0.05333516143500801,0.5,residual_samples/batch-42-replication-8.csv,null_statistics/batch-42-replication-8.npy,batch-f1-null-transfer,16509046622654042138,2552814258947904484,16819948278679684969,0.3594585999962874,,,batch-f1-null-transfer-20260824-001
F1,X1,X2,f1-null-transfer,42,9,0.05071639650621932,0.635,residual_samples/batch-42-replication-9.csv,null_statistics/batch-42-replication-9.npy,batch-f1-null-transfer,3522277266979463651,7624732498769168907,10140270693310929959,0.4061664000037126,,,batch-f1-null-transfer-20260824-001
F1,X1,X2,f1-null-transfer,43,0,0.062116688790283876,0.175,residual_samples/batch-43-replication-0.csv,null_statistics/batch-43-replication-0.npy,batch-f1-null-transfer,14480657874363077441,15144348866275537421,4708727678560748285,0.3518496000324376,,,batch-f1-null-transfer-20260824-001
F1,X1,X2,f1-null-transfer,43,1,0.05468422526758784,0.53,residual_samples/batch-43-replication-1.csv,null_statistics/batch-43-replication-1.npy,batch-f1-null-transfer,11934357106346740837,187672421164793945,13770443784586275510,0.3810496999649331,,,batch-f1-null-transfer-20260824-001
F1,X1,X2,f1-null-transfer,43,2,0.04126944617001562,0.955,residual_samples/batch-43-replication-2.csv,null_statistics/batch-43-replication-2.npy,batch-f1-null-transfer,14115849950174935187,1321275946844444928,9914793986645225530,0.39072930003749207,,,batch-f1-null-transfer-20260824-001
F1,X1,X2,f1-null-transfer,43,3,0.05514594073813424,0.41,residual_samples/batch-43-replication-3.csv,null_statistics/batch-43-replication-3.npy,batch-f1-null-transfer,8689565622083634827,8021060622730000425,18106283142933048512,0.3521411999827251,,,batch-f1-null-transfer-20260824-001
F1,X1,X2,f1-null-transfer,43,4,0.04209676440226181,0.935,residual_samples/batch-43-replication-4.csv,null_statistics/batch-43-replication-4.npy,batch-f1-null-transfer,4118315014262971928,1559553579970996550,1780255234940243165,0.3682684000232257,,,batch-f1-null-transfer-20260824-001
F1,X1,X2,f1-null-transfer,43,5,0.04523290489871527,0.9,residual_samples/batch-43-replication-5.csv,null_statistics/batch-43-replication-5.npy,batch-f1-null-transfer,9130616875721614885,133382341390412709,2320158542465320393,0.367140999995172,,,batch-f1-null-transfer-20260824-001
F1,X1,X2,f1-null-transfer,43,6,0.04788946267127168,0.69,residual_samples/batch-43-replication-6.csv,null_statistics/batch-43-replication-6.npy,batch-f1-null-transfer,7565270243470656274,4818143226821684784,13239174479966388975,0.3616026000236161,,,batch-f1-null-transfer-20260824-001
F1,X1,X2,f1-null-transfer,43,7,0.05416122154793023,0.445,residual_samples/batch-43-replication-7.csv,null_statistics/batch-43-replication-7.npy,batch-f1-null-transfer,17676731354118674098,2725214615941194284,18241049258505366880,0.3559356000041589,,,batch-f1-null-transfer-20260824-001
F1,X1,X2,f1-null-transfer,43,8,0.09070127995744258,0.04,residual_samples/batch-43-replication-8.csv,null_statistics/batch-43-replication-8.npy,batch-f1-null-transfer,11442188442503095587,14102253252776825979,16657471305186791012,0.3722241999930702,,,batch-f1-null-transfer-20260824-001
F1,X1,X2,f1-null-transfer,43,9,0.07628824007344587,0.04,residual_samples/batch-43-replication-9.csv,null_statistics/batch-43-replication-9.npy,batch-f1-null-transfer,6978742019071898899,7589385880461965311,738887777187777449,0.3443256999598816,,,batch-f1-null-transfer-20260824-001
F1,X1,X2,f1-null-transfer,44,0,0.047492370614288466,0.74,residual_samples/batch-44-replication-0.csv,null_statistics/batch-44-replication-0.npy,batch-f1-null-transfer,346251344468540873,3261673829383366951,9989333873219593246,0.34306090004974976,,,batch-f1-null-transfer-20260824-001
F1,X1,X2,f1-null-transfer,44,1,0.07289805442112343,0.09,residual_samples/batch-44-replication-1.csv,null_statistics/batch-44-replication-1.npy,batch-f1-null-transfer,6493628096925486708,873094527685601752,535427971929511437,0.3632426999974996,,,batch-f1-null-transfer-20260824-001
F1,X1,X2,f1-null-transfer,44,2,0.05303151778815564,0.505,residual_samples/batch-44-replication-2.csv,null_statistics/batch-44-replication-2.npy,batch-f1-null-transfer,11498796142171986107,6550900706261434965,13029833065264654730,0.36434020003071055,,,batch-f1-null-transfer-20260824-001
F1,X1,X2,f1-null-transfer,44,3,0.04564553771987214,0.81,residual_samples/batch-44-replication-3.csv,null_statistics/batch-44-replication-3.npy,batch-f1-null-transfer,13636786539486284282,5619948327711985167,9385518313731590841,0.3572058000136167,,,batch-f1-null-transfer-20260824-001
F1,X1,X2,f1-null-transfer,44,4,0.08431905200611217,0.03,residual_samples/batch-44-replication-4.csv,null_statistics/batch-44-replication-4.npy,batch-f1-null-transfer,3571447587345558825,8994243719708023377,13789967764060269008,0.3715277999872342,,,batch-f1-null-transfer-20260824-001
F1,X1,X2,f1-null-transfer,44,5,0.06086361843645293,0.27,residual_samples/batch-44-replication-5.csv,null_statistics/batch-44-replication-5.npy,batch-f1-null-transfer,5240104314147508454,664138614292114690,1822869044270579339,0.3695519000175409,,,batch-f1-null-transfer-20260824-001
F1,X1,X2,f1-null-transfer,44,6,0.04097283393949128,0.935,residual_samples/batch-44-replication-6.csv,null_statistics/batch-44-replication-6.npy,batch-f1-null-transfer,11078658233092825254,12344442883275891013,14040543003764209217,0.3820646000094712,,,batch-f1-null-transfer-20260824-001
F1,X1,X2,f1-null-transfer,44,7,0.039026763289746774,0.985,residual_samples/batch-44-replication-7.csv,null_statistics/batch-44-replication-7.npy,batch-f1-null-transfer,2350672883480019254,7783092538284691704,15748555702791086061,0.3612816000240855,,,batch-f1-null-transfer-20260824-001
F1,X1,X2,f1-null-transfer,44,8,0.06798346631560463,0.135,residual_samples/batch-44-replication-8.csv,null_statistics/batch-44-replication-8.npy,batch-f1-null-transfer,5352561182124306161,3727943546115223745,8706855191344081620,0.34182570001576096,,,batch-f1-null-transfer-20260824-001
F1,X1,X2,f1-null-transfer,44,9,0.041746557354790576,0.925,residual_samples/batch-44-replication-9.csv,null_statistics/batch-44-replication-9.npy,batch-f1-null-transfer,5732428367224138124,18095955225942966788,14610864188668371505,0.3582583999959752,,,batch-f1-null-transfer-20260824-001
F1,X1,X2,f1-null-transfer,45,0,0.042883853839476765,0.875,residual_samples/batch-45-replication-0.csv,null_statistics/batch-45-replication-0.npy,batch-f1-null-transfer,10198587110649989498,6605373662373636990,5460937408872505249,0.3593213999993168,,,batch-f1-null-transfer-20260824-001
F1,X1,X2,f1-null-transfer,45,1,0.047020202675489044,0.75,residual_samples/batch-45-replication-1.csv,null_statistics/batch-45-replication-1.npy,batch-f1-null-transfer,10087866141431519239,950149158448514135,7869244620045949620,0.3609723999979906,,,batch-f1-null-transfer-20260824-001
F1,X1,X2,f1-null-transfer,45,2,0.05625608351642537,0.425,residual_samples/batch-45-replication-2.csv,null_statistics/batch-45-replication-2.npy,batch-f1-null-transfer,7873886237988613814,789049569652544993,1541496936513379138,0.3769674999639392,,,batch-f1-null-transfer-20260824-001
F1,X1,X2,f1-null-transfer,45,3,0.05002780425851304,0.61,residual_samples/batch-45-replication-3.csv,null_statistics/batch-45-replication-3.npy,batch-f1-null-transfer,14326618280489511049,3435842164887346945,1763982702412620381,0.3468742999830283,,,batch-f1-null-transfer-20260824-001
F1,X1,X2,f1-null-transfer,45,4,0.04709844554676451,0.68,residual_samples/batch-45-replication-4.csv,null_statistics/batch-45-replication-4.npy,batch-f1-null-transfer,15218148643280815568,11971702790846033245,5283798822913739167,0.3118461000267416,,,batch-f1-null-transfer-20260824-001
F1,X1,X2,f1-null-transfer,45,5,0.044964519348273196,0.88,residual_samples/batch-45-replication-5.csv,null_statistics/batch-45-replication-5.npy,batch-f1-null-transfer,7769447625642155210,16120388603688560379,15166193736212099714,0.3854644999955781,,,batch-f1-null-transfer-20260824-001
F1,X1,X2,f1-null-transfer,45,6,0.04168903889333184,0.915,residual_samples/batch-45-replication-6.csv,null_statistics/batch-45-replication-6.npy,batch-f1-null-transfer,96662925019414222,5515845585292565188,8623045096790912540,0.35810730000957847,,,batch-f1-null-transfer-20260824-001
F1,X1,X2,f1-null-transfer,45,7,0.04837989714179467,0.69,residual_samples/batch-45-replication-7.csv,null_statistics/batch-45-replication-7.npy,batch-f1-null-transfer,17051415326543419646,16767699971210716488,13218477514947016325,0.3484759000129998,,,batch-f1-null-transfer-20260824-001
F1,X1,X2,f1-null-transfer,45,8,0.055878510298411864,0.375,residual_samples/batch-45-replication-8.csv,null_statistics/batch-45-replication-8.npy,batch-f1-null-transfer,4570453889787912390,13016295492535140192,7095534904052245705,0.3664790000184439,,,batch-f1-null-transfer-20260824-001
F1,X1,X2,f1-null-transfer,45,9,0.0426387818435133,0.92,residual_samples/batch-45-replication-9.csv,null_statistics/batch-45-replication-9.npy,batch-f1-null-transfer,216259139545095084,6020007881676481948,126672101074603031,0.3488750000251457,,,batch-f1-null-transfer-20260824-001
F1,X1,X2,f1-null-transfer,46,0,0.05154635158545919,0.565,residual_samples/batch-46-replication-0.csv,null_statistics/batch-46-replication-0.npy,batch-f1-null-transfer,15218089453981019676,8412605100480075856,1905251237847822790,0.33877600001869723,,,batch-f1-null-transfer-20260824-001
F1,X1,X2,f1-null-transfer,46,1,0.04609322893499272,0.72,residual_samples/batch-46-replication-1.csv,null_statistics/batch-46-replication-1.npy,batch-f1-null-transfer,2413775626717182522,13498250702613718641,3771659960526849413,0.44498639996163547,,,batch-f1-null-transfer-20260824-001
F1,X1,X2,f1-null-transfer,46,2,0.043073938739233104,0.9,residual_samples/batch-46-replication-2.csv,null_statistics/batch-46-replication-2.npy,batch-f1-null-transfer,14460966449822583708,12073071107627369229,17245473211704107537,0.41062689997488633,,,batch-f1-null-transfer-20260824-001
F1,X1,X2,f1-null-transfer,46,3,0.060060272036102334,0.295,residual_samples/batch-46-replication-3.csv,null_statistics/batch-46-replication-3.npy,batch-f1-null-transfer,17135078259445378888,4040095185954037606,15767051483793802016,0.37842550000641495,,,batch-f1-null-transfer-20260824-001
F1,X1,X2,f1-null-transfer,46,4,0.038994452062553565,0.97,residual_samples/batch-46-replication-4.csv,null_statistics/batch-46-replication-4.npy,batch-f1-null-transfer,7679060701065599204,5229219834528465726,16720707338436557774,0.37143110000761226,,,batch-f1-null-transfer-20260824-001
F1,X1,X2,f1-null-transfer,46,5,0.04047747376238213,0.95,residual_samples/batch-46-replication-5.csv,null_statistics/batch-46-replication-5.npy,batch-f1-null-transfer,3319178612198961345,14078112830169604662,10012552702552743758,0.35034989996347576,,,batch-f1-null-transfer-20260824-001
F1,X1,X2,f1-null-transfer,46,6,0.04757405068996491,0.67,residual_samples/batch-46-replication-6.csv,null_statistics/batch-46-replication-6.npy,batch-f1-null-transfer,15217776860510418727,149656260083340976,4744486605274576193,0.3606166000245139,,,batch-f1-null-transfer-20260824-001
F1,X1,X2,f1-null-transfer,46,7,0.06183909612662327,0.23,residual_samples/batch-46-replication-7.csv,null_statistics/batch-46-replication-7.npy,batch-f1-null-transfer,12149338117696785943,11716296138783288047,3754209776715175837,0.3948005000129342,,,batch-f1-null-transfer-20260824-001
F1,X1,X2,f1-null-transfer,46,8,0.0590009826956044,0.27,residual_samples/batch-46-replication-8.csv,null_statistics/batch-46-replication-8.npy,batch-f1-null-transfer,14963130689839461491,14085822737547212030,13633755701570892871,0.4468412999995053,,,batch-f1-null-transfer-20260824-001
F1,X1,X2,f1-null-transfer,46,9,0.054997552101476645,0.505,residual_samples/batch-46-replication-9.csv,null_statistics/batch-46-replication-9.npy,batch-f1-null-transfer,17529818800892878850,9270169644512357693,10020487033072444732,0.38635919999796897,,,batch-f1-null-transfer-20260824-001
F1,X1,X2,f1-null-transfer,47,0,0.06588703284423182,0.14,residual_samples/batch-47-replication-0.csv,null_statistics/batch-47-replication-0.npy,batch-f1-null-transfer,7625470895921189203,14801600907566184695,17771915193533162703,0.3591856000130065,,,batch-f1-null-transfer-20260824-001
F1,X1,X2,f1-null-transfer,47,1,0.07281337895870937,0.075,residual_samples/batch-47-replication-1.csv,null_statistics/batch-47-replication-1.npy,batch-f1-null-transfer,14051263414318592196,12517053377269645277,9933495619450233025,0.381306900002528,,,batch-f1-null-transfer-20260824-001
F1,X1,X2,f1-null-transfer,47,2,0.05532743381287396,0.395,residual_samples/batch-47-replication-2.csv,null_statistics/batch-47-replication-2.npy,batch-f1-null-transfer,9689323228897023415,4452046525869975559,10057718667720409474,0.3757536999764852,,,batch-f1-null-transfer-20260824-001
F1,X1,X2,f1-null-transfer,47,3,0.061307394864039536,0.24,residual_samples/batch-47-replication-3.csv,null_statistics/batch-47-replication-3.npy,batch-f1-null-transfer,8165212332064234785,9093982411500531347,12537323307237774173,0.36186499998439103,,,batch-f1-null-transfer-20260824-001
F1,X1,X2,f1-null-transfer,47,4,0.07701456323840498,0.02,residual_samples/batch-47-replication-4.csv,null_statistics/batch-47-replication-4.npy,batch-f1-null-transfer,11104972432592962144,15407120873969803362,18400218348040590419,0.3858685999875888,,,batch-f1-null-transfer-20260824-001
F1,X1,X2,f1-null-transfer,47,5,0.05397285800782328,0.49,residual_samples/batch-47-replication-5.csv,null_statistics/batch-47-replication-5.npy,batch-f1-null-transfer,8115730054936494225,10176671690160333521,11025642246129974787,0.396634400007315,,,batch-f1-null-transfer-20260824-001
F1,X1,X2,f1-null-transfer,47,6,0.0466889370848556,0.76,residual_samples/batch-47-replication-6.csv,null_statistics/batch-47-replication-6.npy,batch-f1-null-transfer,7293664162421898763,14058500857004213948,9479215458509920079,0.39820130000589415,,,batch-f1-null-transfer-20260824-001
F1,X1,X2,f1-null-transfer,47,7,0.061127104255950436,0.24,residual_samples/batch-47-replication-7.csv,null_statistics/batch-47-replication-7.npy,batch-f1-null-transfer,10867899942524239657,5996888946278707193,8609573954251344617,0.34379659994738176,,,batch-f1-null-transfer-20260824-001
F1,X1,X2,f1-null-transfer,47,8,0.04951152904062483,0.64,residual_samples/batch-47-replication-8.csv,null_statistics/batch-47-replication-8.npy,batch-f1-null-transfer,11323946949034920490,18313653637443714601,7764031709287743877,0.34818289999384433,,,batch-f1-null-transfer-20260824-001
F1,X1,X2,f1-null-transfer,47,9,0.06961097841581672,0.115,residual_samples/batch-47-replication-9.csv,null_statistics/batch-47-replication-9.npy,batch-f1-null-transfer,7779916939075414171,9045435237864941453,13668601007412638702,0.3645546000334434,,,batch-f1-null-transfer-20260824-001
F1,X1,X2,f1-null-transfer,48,0,0.05948304641285108,0.325,residual_samples/batch-48-replication-0.csv,null_statistics/batch-48-replication-0.npy,batch-f1-null-transfer,11122618636622664845,16233286998483180681,3885766130303179729,0.36494309996487573,,,batch-f1-null-transfer-20260824-001
F1,X1,X2,f1-null-transfer,48,1,0.053726272151310914,0.495,residual_samples/batch-48-replication-1.csv,null_statistics/batch-48-replication-1.npy,batch-f1-null-transfer,2161328240998888013,8535238391456115383,15319886884580945183,0.3541405000141822,,,batch-f1-null-transfer-20260824-001
F1,X1,X2,f1-null-transfer,48,2,0.04926030620410881,0.665,residual_samples/batch-48-replication-2.csv,null_statistics/batch-48-replication-2.npy,batch-f1-null-transfer,14094501907111693886,7004619440316777511,796986187465655062,0.3495818999945186,,,batch-f1-null-transfer-20260824-001
F1,X1,X2,f1-null-transfer,48,3,0.0429348422538086,0.935,residual_samples/batch-48-replication-3.csv,null_statistics/batch-48-replication-3.npy,batch-f1-null-transfer,14361148347134737042,6852416856703259524,180049183846466023,0.3499094999860972,,,batch-f1-null-transfer-20260824-001
F1,X1,X2,f1-null-transfer,48,4,0.04908955575088956,0.635,residual_samples/batch-48-replication-4.csv,null_statistics/batch-48-replication-4.npy,batch-f1-null-transfer,10949511174278239076,10533047681275081041,8579524880389050573,0.36349219997646287,,,batch-f1-null-transfer-20260824-001
F1,X1,X2,f1-null-transfer,48,5,0.046107753686602866,0.835,residual_samples/batch-48-replication-5.csv,null_statistics/batch-48-replication-5.npy,batch-f1-null-transfer,8221855891544017591,4172848050508605364,6415498879841637572,0.39449850004166365,,,batch-f1-null-transfer-20260824-001
F1,X1,X2,f1-null-transfer,48,6,0.08737927407633636,0.03,residual_samples/batch-48-replication-6.csv,null_statistics/batch-48-replication-6.npy,batch-f1-null-transfer,6150551942223497912,7574640696146948937,7195232902774472870,0.343092399998568,,,batch-f1-null-transfer-20260824-001
F1,X1,X2,f1-null-transfer,48,7,0.06477968669156627,0.185,residual_samples/batch-48-replication-7.csv,null_statistics/batch-48-replication-7.npy,batch-f1-null-transfer,623184596993503441,6169298902361654773,10566981809817192518,0.35219509998569265,,,batch-f1-null-transfer-20260824-001
F1,X1,X2,f1-null-transfer,48,8,0.05544923790443755,0.485,residual_samples/batch-48-replication-8.csv,null_statistics/batch-48-replication-8.npy,batch-f1-null-transfer,3009776705074162097,119264278628109989,11186173151861900717,0.3601726000197232,,,batch-f1-null-transfer-20260824-001
F1,X1,X2,f1-null-transfer,48,9,0.04178270795396835,0.915,residual_samples/batch-48-replication-9.csv,null_statistics/batch-48-replication-9.npy,batch-f1-null-transfer,6385279722696657964,8369218483105165154,2270402664328166351,0.331343800004106,,,batch-f1-null-transfer-20260824-001
F1,X1,X2,f1-null-transfer,49,0,0.05297560917058724,0.605,residual_samples/batch-49-replication-0.csv,null_statistics/batch-49-replication-0.npy,batch-f1-null-transfer,12756210725549299963,5353531408862376882,2490136640375199712,0.30463839997537434,,,batch-f1-null-transfer-20260824-001
F1,X1,X2,f1-null-transfer,49,1,0.04013590362155829,0.97,residual_samples/batch-49-replication-1.csv,null_statistics/batch-49-replication-1.npy,batch-f1-null-transfer,15355429443610717124,1605718143739927319,70607803929606548,0.36467340000672266,,,batch-f1-null-transfer-20260824-001
F1,X1,X2,f1-null-transfer,49,2,0.05564190909842964,0.385,residual_samples/batch-49-replication-2.csv,null_statistics/batch-49-replication-2.npy,batch-f1-null-transfer,143946575124607493,15899771222852800610,8021822399652053261,0.3463054999592714,,,batch-f1-null-transfer-20260824-001
F1,X1,X2,f1-null-transfer,49,3,0.050396839871415966,0.58,residual_samples/batch-49-replication-3.csv,null_statistics/batch-49-replication-3.npy,batch-f1-null-transfer,12574295501017498699,9199925831728328129,14873742844922406087,0.32527750002918765,,,batch-f1-null-transfer-20260824-001
F1,X1,X2,f1-null-transfer,49,4,0.046606515473156515,0.77,residual_samples/batch-49-replication-4.csv,null_statistics/batch-49-replication-4.npy,batch-f1-null-transfer,2717602967483925701,10882828034961145654,5279393296587715165,0.3700585999758914,,,batch-f1-null-transfer-20260824-001
F1,X1,X2,f1-null-transfer,49,5,0.05795922501926014,0.275,residual_samples/batch-49-replication-5.csv,null_statistics/batch-49-replication-5.npy,batch-f1-null-transfer,11301978349064757880,9017882959221926004,15085699375278759689,0.34752080001635477,,,batch-f1-null-transfer-20260824-001
F1,X1,X2,f1-null-transfer,49,6,0.05484799694574485,0.395,residual_samples/batch-49-replication-6.csv,null_statistics/batch-49-replication-6.npy,batch-f1-null-transfer,18254154951942826704,5471181925810976877,15544036594502378527,0.39328459999524057,,,batch-f1-null-transfer-20260824-001
F1,X1,X2,f1-null-transfer,49,7,0.06358858588859462,0.21,residual_samples/batch-49-replication-7.csv,null_statistics/batch-49-replication-7.npy,batch-f1-null-transfer,7279872992581279774,1250122680356738312,16817609236692093425,0.31710450001992285,,,batch-f1-null-transfer-20260824-001
F1,X1,X2,f1-null-transfer,49,8,0.06435963079006257,0.165,residual_samples/batch-49-replication-8.csv,null_statistics/batch-49-replication-8.npy,batch-f1-null-transfer,148660602742352463,9960637271998295561,4396041187849493574,0.34891200001584366,,,batch-f1-null-transfer-20260824-001
F1,X1,X2,f1-null-transfer,49,9,0.0539524035046784,0.505,residual_samples/batch-49-replication-9.csv,null_statistics/batch-49-replication-9.npy,batch-f1-null-transfer,5404560459420570337,13532045612723082441,17763995431965063977,0.385570100042969,,,batch-f1-null-transfer-20260824-001
F1,X1,X2,f1-null-transfer,50,0,0.051421799805717025,0.555,residual_samples/batch-50-replication-0.csv,null_statistics/batch-50-replication-0.npy,batch-f1-null-transfer,10975503721485223530,15830147281299118316,8478511542527930047,0.36195580003550276,,,batch-f1-null-transfer-20260824-001
F1,X1,X2,f1-null-transfer,50,1,0.05613305423988736,0.37,residual_samples/batch-50-replication-1.csv,null_statistics/batch-50-replication-1.npy,batch-f1-null-transfer,17909528530268028961,18083726450244202091,17369978476376551499,0.3676355999778025,,,batch-f1-null-transfer-20260824-001
F1,X1,X2,f1-null-transfer,50,2,0.05210190501432461,0.615,residual_samples/batch-50-replication-2.csv,null_statistics/batch-50-replication-2.npy,batch-f1-null-transfer,6727101234119729165,11268859831622144630,7744705885951189182,0.40510690002702177,,,batch-f1-null-transfer-20260824-001
F1,X1,X2,f1-null-transfer,50,3,0.04770072252671797,0.74,residual_samples/batch-50-replication-3.csv,null_statistics/batch-50-replication-3.npy,batch-f1-null-transfer,11187407673373696657,16777868752261503774,3573056322751143765,0.37738329998683184,,,batch-f1-null-transfer-20260824-001
F1,X1,X2,f1-null-transfer,50,4,0.07591910345924698,0.04,residual_samples/batch-50-replication-4.csv,null_statistics/batch-50-replication-4.npy,batch-f1-null-transfer,16850892687650695140,13448234976744368000,2018424350753533610,0.349061899993103,,,batch-f1-null-transfer-20260824-001
F1,X1,X2,f1-null-transfer,50,5,0.048623504226363676,0.695,residual_samples/batch-50-replication-5.csv,null_statistics/batch-50-replication-5.npy,batch-f1-null-transfer,5598214920846336492,7361605282453070469,10649474625731964359,0.3885770000051707,,,batch-f1-null-transfer-20260824-001
F1,X1,X2,f1-null-transfer,50,6,0.08068503741721321,0.05,residual_samples/batch-50-replication-6.csv,null_statistics/batch-50-replication-6.npy,batch-f1-null-transfer,53454271571799278,967006005703850035,2031537296054282052,0.36657909996574745,,,batch-f1-null-transfer-20260824-001
F1,X1,X2,f1-null-transfer,50,7,0.051194286220958035,0.525,residual_samples/batch-50-replication-7.csv,null_statistics/batch-50-replication-7.npy,batch-f1-null-transfer,12758888172894253131,18039778544891373616,10205021374358965738,0.36143680004170164,,,batch-f1-null-transfer-20260824-001
F1,X1,X2,f1-null-transfer,50,8,0.05313039189407395,0.5,residual_samples/batch-50-replication-8.csv,null_statistics/batch-50-replication-8.npy,batch-f1-null-transfer,6666314495686632993,12312505661181766233,12868033022881475485,0.39930900000035763,,,batch-f1-null-transfer-20260824-001
F1,X1,X2,f1-null-transfer,50,9,0.043639021076564206,0.84,residual_samples/batch-50-replication-9.csv,null_statistics/batch-50-replication-9.npy,batch-f1-null-transfer,6791869139683465125,15686829751684422486,3507882160338004159,0.38843730004737154,,,batch-f1-null-transfer-20260824-001
F1,X1,X2,f1-null-transfer,51,0,0.05115802850074503,0.635,residual_samples/batch-51-replication-0.csv,null_statistics/batch-51-replication-0.npy,batch-f1-null-transfer,2221532917648549947,13234507932738262141,12885128860881726954,0.3766157000209205,,,batch-f1-null-transfer-20260824-001
F1,X1,X2,f1-null-transfer,51,1,0.055109700948041435,0.45,residual_samples/batch-51-replication-1.csv,null_statistics/batch-51-replication-1.npy,batch-f1-null-transfer,17011406686919684026,12646459592894238519,8714657938888142422,0.37397519999649376,,,batch-f1-null-transfer-20260824-001
F1,X1,X2,f1-null-transfer,51,2,0.06435865058159713,0.17,residual_samples/batch-51-replication-2.csv,null_statistics/batch-51-replication-2.npy,batch-f1-null-transfer,8831673375693553706,4912667375005755388,7136163829549795419,0.34095610002987087,,,batch-f1-null-transfer-20260824-001
F1,X1,X2,f1-null-transfer,51,3,0.04326904223663551,0.875,residual_samples/batch-51-replication-3.csv,null_statistics/batch-51-replication-3.npy,batch-f1-null-transfer,9934993853797970607,13031708503117088242,6738682679573795517,0.3668199999956414,,,batch-f1-null-transfer-20260824-001
F1,X1,X2,f1-null-transfer,51,4,0.05060654089149799,0.595,residual_samples/batch-51-replication-4.csv,null_statistics/batch-51-replication-4.npy,batch-f1-null-transfer,10579882757404912146,9628077362429515114,18421133635800380657,0.41251210001064464,,,batch-f1-null-transfer-20260824-001
F1,X1,X2,f1-null-transfer,51,5,0.03962866656282798,0.975,residual_samples/batch-51-replication-5.csv,null_statistics/batch-51-replication-5.npy,batch-f1-null-transfer,11586692283957328864,13175276702097489582,17427628753155106922,0.36561750003602356,,,batch-f1-null-transfer-20260824-001
F1,X1,X2,f1-null-transfer,51,6,0.059826980063326665,0.35,residual_samples/batch-51-replication-6.csv,null_statistics/batch-51-replication-6.npy,batch-f1-null-transfer,353327218025929897,9609919140254993545,14789349110766264866,0.35796539997681975,,,batch-f1-null-transfer-20260824-001
F1,X1,X2,f1-null-transfer,51,7,0.06575498208805264,0.16,residual_samples/batch-51-replication-7.csv,null_statistics/batch-51-replication-7.npy,batch-f1-null-transfer,13645208373207870183,10962424387935785708,11375588767262451201,0.3622279000119306,,,batch-f1-null-transfer-20260824-001
F1,X1,X2,f1-null-transfer,51,8,0.045843454729460484,0.83,residual_samples/batch-51-replication-8.csv,null_statistics/batch-51-replication-8.npy,batch-f1-null-transfer,12825779099773029153,18089930456477180059,4569889580309699435,0.3533705999725498,,,batch-f1-null-transfer-20260824-001
F1,X1,X2,f1-null-transfer,51,9,0.05446301952120034,0.505,residual_samples/batch-51-replication-9.csv,null_statistics/batch-51-replication-9.npy,batch-f1-null-transfer,17585775523435963197,9639916593748523615,11371256734959779762,0.35044530004961416,,,batch-f1-null-transfer-20260824-001
F1,X1,X2,f1-null-transfer,52,0,0.05088861394883381,0.645,residual_samples/batch-52-replication-0.csv,null_statistics/batch-52-replication-0.npy,batch-f1-null-transfer,11400283166821986584,15019130294174886051,4449600274490355463,0.3914907000144012,,,batch-f1-null-transfer-20260824-001
F1,X1,X2,f1-null-transfer,52,1,0.05819991693765549,0.275,residual_samples/batch-52-replication-1.csv,null_statistics/batch-52-replication-1.npy,batch-f1-null-transfer,4237317455073655513,4921455524477835824,14728782503835597219,0.3607429999974556,,,batch-f1-null-transfer-20260824-001
F1,X1,X2,f1-null-transfer,52,2,0.04250004853934637,0.945,residual_samples/batch-52-replication-2.csv,null_statistics/batch-52-replication-2.npy,batch-f1-null-transfer,8443647115349826544,7863562784825617615,16524296518894982976,0.3618295000051148,,,batch-f1-null-transfer-20260824-001
F1,X1,X2,f1-null-transfer,52,3,0.05535849216920417,0.425,residual_samples/batch-52-replication-3.csv,null_statistics/batch-52-replication-3.npy,batch-f1-null-transfer,3921896129190797365,13798513032664907500,1070998893767337123,0.3677647999720648,,,batch-f1-null-transfer-20260824-001
F1,X1,X2,f1-null-transfer,52,4,0.04773170692923234,0.74,residual_samples/batch-52-replication-4.csv,null_statistics/batch-52-replication-4.npy,batch-f1-null-transfer,13877255549884147918,11317619266836391898,12326676952151431485,0.38430729997344315,,,batch-f1-null-transfer-20260824-001
F1,X1,X2,f1-null-transfer,52,5,0.046538702291905265,0.72,residual_samples/batch-52-replication-5.csv,null_statistics/batch-52-replication-5.npy,batch-f1-null-transfer,14313565068402766924,2535930310019370663,4501736888027584791,0.3632769999676384,,,batch-f1-null-transfer-20260824-001
F1,X1,X2,f1-null-transfer,52,6,0.05674676489378247,0.335,residual_samples/batch-52-replication-6.csv,null_statistics/batch-52-replication-6.npy,batch-f1-null-transfer,13461056980230690687,4752730406103579688,5868173790509576062,0.3539861000026576,,,batch-f1-null-transfer-20260824-001
F1,X1,X2,f1-null-transfer,52,7,0.056260911478037835,0.405,residual_samples/batch-52-replication-7.csv,null_statistics/batch-52-replication-7.npy,batch-f1-null-transfer,5490840423258210793,4549437975383188576,5381852037661470930,0.3876488999812864,,,batch-f1-null-transfer-20260824-001
F1,X1,X2,f1-null-transfer,52,8,0.049250640735765135,0.64,residual_samples/batch-52-replication-8.csv,null_statistics/batch-52-replication-8.npy,batch-f1-null-transfer,3921944415667896528,10813077848899084098,6391987967726877133,0.365132300008554,,,batch-f1-null-transfer-20260824-001
F1,X1,X2,f1-null-transfer,52,9,0.08397121391306075,0.03,residual_samples/batch-52-replication-9.csv,null_statistics/batch-52-replication-9.npy,batch-f1-null-transfer,13932504426602380805,4454500543686154991,12335558660623528646,0.35246820002794266,,,batch-f1-null-transfer-20260824-001
F1,X1,X2,f1-null-transfer,53,0,0.04929337112818316,0.65,residual_samples/batch-53-replication-0.csv,null_statistics/batch-53-replication-0.npy,batch-f1-null-transfer,5471549005334285427,9234388818823178282,5047732014300545003,0.3667941000312567,,,batch-f1-null-transfer-20260824-001
F1,X1,X2,f1-null-transfer,53,1,0.06559023636800988,0.145,residual_samples/batch-53-replication-1.csv,null_statistics/batch-53-replication-1.npy,batch-f1-null-transfer,14765717926001272440,13558784867111583547,13167396247431739576,0.3319729999639094,,,batch-f1-null-transfer-20260824-001
F1,X1,X2,f1-null-transfer,53,2,0.07620358224810952,0.055,residual_samples/batch-53-replication-2.csv,null_statistics/batch-53-replication-2.npy,batch-f1-null-transfer,6147199454755238209,9202937633071515613,18396998306398062080,0.34898539999267086,,,batch-f1-null-transfer-20260824-001
F1,X1,X2,f1-null-transfer,53,3,0.0436618442554274,0.91,residual_samples/batch-53-replication-3.csv,null_statistics/batch-53-replication-3.npy,batch-f1-null-transfer,16865165132075307456,8071853833709822703,13091374510324691851,0.35965800000121817,,,batch-f1-null-transfer-20260824-001
F1,X1,X2,f1-null-transfer,53,4,0.04713795439576506,0.735,residual_samples/batch-53-replication-4.csv,null_statistics/batch-53-replication-4.npy,batch-f1-null-transfer,15164541431818778721,2632408756164397224,7717090641234004726,0.3866243000375107,,,batch-f1-null-transfer-20260824-001
F1,X1,X2,f1-null-transfer,53,5,0.05095042049544572,0.55,residual_samples/batch-53-replication-5.csv,null_statistics/batch-53-replication-5.npy,batch-f1-null-transfer,2267490972534036503,5991337238479778184,17652016477821995322,0.34707040002103895,,,batch-f1-null-transfer-20260824-001
F1,X1,X2,f1-null-transfer,53,6,0.0512780974853948,0.655,residual_samples/batch-53-replication-6.csv,null_statistics/batch-53-replication-6.npy,batch-f1-null-transfer,9809010459444046790,17956367886776769317,8704008775121200434,0.366626700037159,,,batch-f1-null-transfer-20260824-001
F1,X1,X2,f1-null-transfer,53,7,0.04545879807982517,0.845,residual_samples/batch-53-replication-7.csv,null_statistics/batch-53-replication-7.npy,batch-f1-null-transfer,15573748227748505874,3607653699940834262,18109259092821360856,0.36879909998970106,,,batch-f1-null-transfer-20260824-001
F1,X1,X2,f1-null-transfer,53,8,0.0781529778650112,0.04,residual_samples/batch-53-replication-8.csv,null_statistics/batch-53-replication-8.npy,batch-f1-null-transfer,8215630897107507492,15966110544536570036,8560863398104789091,0.35845150001114234,,,batch-f1-null-transfer-20260824-001
F1,X1,X2,f1-null-transfer,53,9,0.056375547971428894,0.32,residual_samples/batch-53-replication-9.csv,null_statistics/batch-53-replication-9.npy,batch-f1-null-transfer,2126069725444032271,16757972172727368246,16388279876860927765,0.4444985999725759,,,batch-f1-null-transfer-20260824-001
F1,X1,X2,f1-null-transfer,54,0,0.06424802149146083,0.21,residual_samples/batch-54-replication-0.csv,null_statistics/batch-54-replication-0.npy,batch-f1-null-transfer,11839882636340632496,3380982521944866042,10451013815918895388,0.36791019997326657,,,batch-f1-null-transfer-20260824-001
F1,X1,X2,f1-null-transfer,54,1,0.04974523523599247,0.685,residual_samples/batch-54-replication-1.csv,null_statistics/batch-54-replication-1.npy,batch-f1-null-transfer,12107169778085884970,18073674220519436227,2523090286180817603,0.3461359000066295,,,batch-f1-null-transfer-20260824-001
F1,X1,X2,f1-null-transfer,54,2,0.054566063380052654,0.43,residual_samples/batch-54-replication-2.csv,null_statistics/batch-54-replication-2.npy,batch-f1-null-transfer,4674238388418639700,12543693253090672694,523808456998642290,0.37161719996947795,,,batch-f1-null-transfer-20260824-001
F1,X1,X2,f1-null-transfer,54,3,0.05019898158311305,0.645,residual_samples/batch-54-replication-3.csv,null_statistics/batch-54-replication-3.npy,batch-f1-null-transfer,11811855122832904499,260182774037567636,8350134979425278288,0.3782595000229776,,,batch-f1-null-transfer-20260824-001
F1,X1,X2,f1-null-transfer,54,4,0.05410199449781929,0.445,residual_samples/batch-54-replication-4.csv,null_statistics/batch-54-replication-4.npy,batch-f1-null-transfer,10834969136534240459,8830172039248903778,9780814543300345838,0.35038620000705123,,,batch-f1-null-transfer-20260824-001
F1,X1,X2,f1-null-transfer,54,5,0.05656923855952076,0.405,residual_samples/batch-54-replication-5.csv,null_statistics/batch-54-replication-5.npy,batch-f1-null-transfer,17287095071098206273,13987280282132277903,8799242803591893154,0.37193500000284985,,,batch-f1-null-transfer-20260824-001
F1,X1,X2,f1-null-transfer,54,6,0.07240386167972947,0.06,residual_samples/batch-54-replication-6.csv,null_statistics/batch-54-replication-6.npy,batch-f1-null-transfer,8974557839557112420,17102924160869235944,3601436318297102804,0.37969200004590675,,,batch-f1-null-transfer-20260824-001
F1,X1,X2,f1-null-transfer,54,7,0.0798387943888785,0.035,residual_samples/batch-54-replication-7.csv,null_statistics/batch-54-replication-7.npy,batch-f1-null-transfer,13197804678209938412,8934466951136556181,987484588536099367,0.3478076999890618,,,batch-f1-null-transfer-20260824-001
F1,X1,X2,f1-null-transfer,54,8,0.08412790112077301,0.03,residual_samples/batch-54-replication-8.csv,null_statistics/batch-54-replication-8.npy,batch-f1-null-transfer,2988322792372884049,17375294978166973789,8956858360318556570,0.365098999987822,,,batch-f1-null-transfer-20260824-001
F1,X1,X2,f1-null-transfer,54,9,0.058510605022862275,0.32,residual_samples/batch-54-replication-9.csv,null_statistics/batch-54-replication-9.npy,batch-f1-null-transfer,13390800799159258044,14976959053762523514,5227103690898378722,0.36409599997568876,,,batch-f1-null-transfer-20260824-001
F1,X1,X2,f1-null-transfer,55,0,0.06690929472338569,0.09,residual_samples/batch-55-replication-0.csv,null_statistics/batch-55-replication-0.npy,batch-f1-null-transfer,5660621087612541611,6396091470719750131,9558866923533335903,0.42160990001866594,,,batch-f1-null-transfer-20260824-001
F1,X1,X2,f1-null-transfer,55,1,0.06138657247558797,0.24,residual_samples/batch-55-replication-1.csv,null_statistics/batch-55-replication-1.npy,batch-f1-null-transfer,8985120823316115898,10174621934195759948,14492952889698770178,0.44151670002611354,,,batch-f1-null-transfer-20260824-001
F1,X1,X2,f1-null-transfer,55,2,0.061624460971080416,0.245,residual_samples/batch-55-replication-2.csv,null_statistics/batch-55-replication-2.npy,batch-f1-null-transfer,18157954500726813319,18190169093180330386,7690279635120455555,0.37333070003660396,,,batch-f1-null-transfer-20260824-001
F1,X1,X2,f1-null-transfer,55,3,0.048977709203124165,0.685,residual_samples/batch-55-replication-3.csv,null_statistics/batch-55-replication-3.npy,batch-f1-null-transfer,3913877677758293646,16456177845690107687,13604573919817799492,0.3503789999522269,,,batch-f1-null-transfer-20260824-001
F1,X1,X2,f1-null-transfer,55,4,0.03977844038261402,0.965,residual_samples/batch-55-replication-4.csv,null_statistics/batch-55-replication-4.npy,batch-f1-null-transfer,8715242202201708649,4265072608208762651,8170231451283360624,0.40863389999140054,,,batch-f1-null-transfer-20260824-001
F1,X1,X2,f1-null-transfer,55,5,0.04564111853604263,0.825,residual_samples/batch-55-replication-5.csv,null_statistics/batch-55-replication-5.npy,batch-f1-null-transfer,13439918420235105035,16125738004636699206,14579949418479968223,0.38639479997800663,,,batch-f1-null-transfer-20260824-001
F1,X1,X2,f1-null-transfer,55,6,0.043930364159846455,0.89,residual_samples/batch-55-replication-6.csv,null_statistics/batch-55-replication-6.npy,batch-f1-null-transfer,11452558083134042009,17380596846021479313,204656378313191590,0.41004260000772774,,,batch-f1-null-transfer-20260824-001
F1,X1,X2,f1-null-transfer,55,7,0.06107314232882486,0.2,residual_samples/batch-55-replication-7.csv,null_statistics/batch-55-replication-7.npy,batch-f1-null-transfer,5580194525790659374,3642188725776664769,6255139337946067340,0.3891277000075206,,,batch-f1-null-transfer-20260824-001
F1,X1,X2,f1-null-transfer,55,8,0.06297385590228412,0.2,residual_samples/batch-55-replication-8.csv,null_statistics/batch-55-replication-8.npy,batch-f1-null-transfer,1722730368478802928,1628962492035612814,1605818028956045091,0.3706091999774799,,,batch-f1-null-transfer-20260824-001
F1,X1,X2,f1-null-transfer,55,9,0.048306418614043695,0.7,residual_samples/batch-55-replication-9.csv,null_statistics/batch-55-replication-9.npy,batch-f1-null-transfer,3099265418791705350,11832770927798675645,5592432645658754486,0.3474368000170216,,,batch-f1-null-transfer-20260824-001
F1,X1,X2,f1-null-transfer,56,0,0.051509426491283074,0.58,residual_samples/batch-56-replication-0.csv,null_statistics/batch-56-replication-0.npy,batch-f1-null-transfer,10374996761209766821,13723628419512431875,7778562502016154644,0.34879879996879026,,,batch-f1-null-transfer-20260824-001
F1,X1,X2,f1-null-transfer,56,1,0.0791572691576534,0.015,residual_samples/batch-56-replication-1.csv,null_statistics/batch-56-replication-1.npy,batch-f1-null-transfer,3143026017238046803,5285700826734178402,7211936745401026543,0.3479183000163175,,,batch-f1-null-transfer-20260824-001
F1,X1,X2,f1-null-transfer,56,2,0.07645755521092952,0.05,residual_samples/batch-56-replication-2.csv,null_statistics/batch-56-replication-2.npy,batch-f1-null-transfer,14796691917418228372,6760153440885919882,1546025853240888501,0.35113490000367165,,,batch-f1-null-transfer-20260824-001
F1,X1,X2,f1-null-transfer,56,3,0.05746013004629786,0.32,residual_samples/batch-56-replication-3.csv,null_statistics/batch-56-replication-3.npy,batch-f1-null-transfer,6725118854981831455,7834457052071035921,1530936679003178187,0.2858043999876827,,,batch-f1-null-transfer-20260824-001
F1,X1,X2,f1-null-transfer,56,4,0.053406959190707134,0.485,residual_samples/batch-56-replication-4.csv,null_statistics/batch-56-replication-4.npy,batch-f1-null-transfer,7147243592965356537,12803453052595115416,15755150204128734721,0.35555780003778636,,,batch-f1-null-transfer-20260824-001
F1,X1,X2,f1-null-transfer,56,5,0.04218033573455174,0.925,residual_samples/batch-56-replication-5.csv,null_statistics/batch-56-replication-5.npy,batch-f1-null-transfer,15576658889714635318,15739689844572663896,553659550651405206,0.3432178000221029,,,batch-f1-null-transfer-20260824-001
F1,X1,X2,f1-null-transfer,56,6,0.08191327563502532,0.015,residual_samples/batch-56-replication-6.csv,null_statistics/batch-56-replication-6.npy,batch-f1-null-transfer,12083132079831546815,13218903198525030537,7866271440234591545,0.353286899975501,,,batch-f1-null-transfer-20260824-001
F1,X1,X2,f1-null-transfer,56,7,0.0964665455306979,0.005,residual_samples/batch-56-replication-7.csv,null_statistics/batch-56-replication-7.npy,batch-f1-null-transfer,16796378808476509107,11922892056514622314,15874030621737152896,0.35158719995524734,,,batch-f1-null-transfer-20260824-001
F1,X1,X2,f1-null-transfer,56,8,0.04709142668828531,0.73,residual_samples/batch-56-replication-8.csv,null_statistics/batch-56-replication-8.npy,batch-f1-null-transfer,16183335051293085065,4307754129103539175,11351624317726410542,0.34967170003801584,,,batch-f1-null-transfer-20260824-001
F1,X1,X2,f1-null-transfer,56,9,0.09115801976905867,0.005,residual_samples/batch-56-replication-9.csv,null_statistics/batch-56-replication-9.npy,batch-f1-null-transfer,18214256702801329029,4512125338250793390,17635718487218571393,0.3023133999668062,,,batch-f1-null-transfer-20260824-001
F1,X1,X2,f1-null-transfer,57,0,0.06206518811363962,0.265,residual_samples/batch-57-replication-0.csv,null_statistics/batch-57-replication-0.npy,batch-f1-null-transfer,15171856462067340786,18128185014668393039,12255718253276880994,0.35463949997210875,,,batch-f1-null-transfer-20260824-001
F1,X1,X2,f1-null-transfer,57,1,0.04762064156740933,0.705,residual_samples/batch-57-replication-1.csv,null_statistics/batch-57-replication-1.npy,batch-f1-null-transfer,17634680114321112935,14075972312585763587,12899766777583072671,0.35531769995577633,,,batch-f1-null-transfer-20260824-001
F1,X1,X2,f1-null-transfer,57,2,0.0404862296072695,0.94,residual_samples/batch-57-replication-2.csv,null_statistics/batch-57-replication-2.npy,batch-f1-null-transfer,6361287515538933457,16331584595405651272,3709740480969252642,0.3433179999701679,,,batch-f1-null-transfer-20260824-001
F1,X1,X2,f1-null-transfer,57,3,0.04229910911244071,0.85,residual_samples/batch-57-replication-3.csv,null_statistics/batch-57-replication-3.npy,batch-f1-null-transfer,9746592046148759295,3437136808986955267,15460157038136100037,0.3504935999517329,,,batch-f1-null-transfer-20260824-001
F1,X1,X2,f1-null-transfer,57,4,0.06986943809773394,0.1,residual_samples/batch-57-replication-4.csv,null_statistics/batch-57-replication-4.npy,batch-f1-null-transfer,11392674139872594949,7351619236030093556,7566922215627057445,0.34301810001488775,,,batch-f1-null-transfer-20260824-001
F1,X1,X2,f1-null-transfer,57,5,0.06650085281685124,0.185,residual_samples/batch-57-replication-5.csv,null_statistics/batch-57-replication-5.npy,batch-f1-null-transfer,1596887110752638521,13688794095299178050,16848500433404806896,0.3466376999858767,,,batch-f1-null-transfer-20260824-001
F1,X1,X2,f1-null-transfer,57,6,0.06254914705880094,0.225,residual_samples/batch-57-replication-6.csv,null_statistics/batch-57-replication-6.npy,batch-f1-null-transfer,15320583131339442047,1253828015275530342,9190542313103333705,0.3465608999831602,,,batch-f1-null-transfer-20260824-001
F1,X1,X2,f1-null-transfer,57,7,0.07960402533018131,0.045,residual_samples/batch-57-replication-7.csv,null_statistics/batch-57-replication-7.npy,batch-f1-null-transfer,3679015384921565392,3921293958325161513,4921385733585137346,0.3717769000213593,,,batch-f1-null-transfer-20260824-001
F1,X1,X2,f1-null-transfer,57,8,0.054047890395004315,0.49,residual_samples/batch-57-replication-8.csv,null_statistics/batch-57-replication-8.npy,batch-f1-null-transfer,1966785827825356419,12859428111270937368,4344909027483014667,0.4172647999948822,,,batch-f1-null-transfer-20260824-001
F1,X1,X2,f1-null-transfer,57,9,0.04547222747332576,0.8,residual_samples/batch-57-replication-9.csv,null_statistics/batch-57-replication-9.npy,batch-f1-null-transfer,16154488551257517662,12223723748414003314,8566622785058874122,0.35983730002772063,,,batch-f1-null-transfer-20260824-001
F1,X1,X2,f1-null-transfer,58,0,0.06258427699154884,0.255,residual_samples/batch-58-replication-0.csv,null_statistics/batch-58-replication-0.npy,batch-f1-null-transfer,11004910614892205368,8868241969178195132,3486654563645486534,0.3541945000179112,,,batch-f1-null-transfer-20260824-001
F1,X1,X2,f1-null-transfer,58,1,0.04497578653415231,0.82,residual_samples/batch-58-replication-1.csv,null_statistics/batch-58-replication-1.npy,batch-f1-null-transfer,1633100110216774843,2390286561050015229,16761350976995106095,0.3476284999633208,,,batch-f1-null-transfer-20260824-001
F1,X1,X2,f1-null-transfer,58,2,0.05453096416371049,0.455,residual_samples/batch-58-replication-2.csv,null_statistics/batch-58-replication-2.npy,batch-f1-null-transfer,9318498850807786765,5951596949943069387,3079751363542119853,0.344485999958124,,,batch-f1-null-transfer-20260824-001
F1,X1,X2,f1-null-transfer,58,3,0.04668448880318055,0.78,residual_samples/batch-58-replication-3.csv,null_statistics/batch-58-replication-3.npy,batch-f1-null-transfer,6598726491134926579,16719263143918671282,3829252209459787096,0.3510073999641463,,,batch-f1-null-transfer-20260824-001
F1,X1,X2,f1-null-transfer,58,4,0.054747692822262065,0.48,residual_samples/batch-58-replication-4.csv,null_statistics/batch-58-replication-4.npy,batch-f1-null-transfer,18302550913694173270,12334350875378721619,1265130514651690479,0.4327482000226155,,,batch-f1-null-transfer-20260824-001
F1,X1,X2,f1-null-transfer,58,5,0.045752872142344796,0.815,residual_samples/batch-58-replication-5.csv,null_statistics/batch-58-replication-5.npy,batch-f1-null-transfer,18301871433709388661,6766563777786543195,14675149418067591161,0.4083587999921292,,,batch-f1-null-transfer-20260824-001
F1,X1,X2,f1-null-transfer,58,6,0.05577658127496771,0.405,residual_samples/batch-58-replication-6.csv,null_statistics/batch-58-replication-6.npy,batch-f1-null-transfer,2082464656905459971,9737899485704179811,3974185575538311797,0.3535305000259541,,,batch-f1-null-transfer-20260824-001
F1,X1,X2,f1-null-transfer,58,7,0.0592683362173347,0.345,residual_samples/batch-58-replication-7.csv,null_statistics/batch-58-replication-7.npy,batch-f1-null-transfer,8660304230922851097,14194691831575699305,6767127232479254630,0.34902769996551797,,,batch-f1-null-transfer-20260824-001
F1,X1,X2,f1-null-transfer,58,8,0.07523122499720933,0.045,residual_samples/batch-58-replication-8.csv,null_statistics/batch-58-replication-8.npy,batch-f1-null-transfer,9702802704305922294,7916945252350240412,4229110906113546095,0.34444660000735894,,,batch-f1-null-transfer-20260824-001
F1,X1,X2,f1-null-transfer,58,9,0.06753240040717064,0.14,residual_samples/batch-58-replication-9.csv,null_statistics/batch-58-replication-9.npy,batch-f1-null-transfer,2482117101399568258,16197108684498602485,3076172304705908590,0.35723620001226664,,,batch-f1-null-transfer-20260824-001
F1,X1,X2,f1-null-transfer,59,0,0.07014065745845148,0.105,residual_samples/batch-59-replication-0.csv,null_statistics/batch-59-replication-0.npy,batch-f1-null-transfer,15576332628462281723,11690150613144561447,1610032420025491697,0.39228020003065467,,,batch-f1-null-transfer-20260824-001
F1,X1,X2,f1-null-transfer,59,1,0.052902580571959804,0.56,residual_samples/batch-59-replication-1.csv,null_statistics/batch-59-replication-1.npy,batch-f1-null-transfer,8278517221684563903,17953618201662171501,2090214711583682067,0.34957520000170916,,,batch-f1-null-transfer-20260824-001
F1,X1,X2,f1-null-transfer,59,2,0.07223018956925745,0.09,residual_samples/batch-59-replication-2.csv,null_statistics/batch-59-replication-2.npy,batch-f1-null-transfer,10826601425287797740,12918490564420194766,3018675306879651187,0.3572291000164114,,,batch-f1-null-transfer-20260824-001
F1,X1,X2,f1-null-transfer,59,3,0.060275058180078174,0.255,residual_samples/batch-59-replication-3.csv,null_statistics/batch-59-replication-3.npy,batch-f1-null-transfer,17518101859572549801,3473567970363866299,16039824220513266731,0.3862263999762945,,,batch-f1-null-transfer-20260824-001
F1,X1,X2,f1-null-transfer,59,4,0.045155951500454,0.805,residual_samples/batch-59-replication-4.csv,null_statistics/batch-59-replication-4.npy,batch-f1-null-transfer,10528131097201353507,7107942619490699632,10373693424489841706,0.365561600017827,,,batch-f1-null-transfer-20260824-001
F1,X1,X2,f1-null-transfer,59,5,0.0541497048546348,0.485,residual_samples/batch-59-replication-5.csv,null_statistics/batch-59-replication-5.npy,batch-f1-null-transfer,11280951642798212619,13016878712926559804,7263005592332681573,0.3481749999918975,,,batch-f1-null-transfer-20260824-001
F1,X1,X2,f1-null-transfer,59,6,0.04823475461776307,0.68,residual_samples/batch-59-replication-6.csv,null_statistics/batch-59-replication-6.npy,batch-f1-null-transfer,18280467766083295373,11511488028369282910,3531536654741406679,0.3705128000001423,,,batch-f1-null-transfer-20260824-001
F1,X1,X2,f1-null-transfer,59,7,0.052932852579204825,0.46,residual_samples/batch-59-replication-7.csv,null_statistics/batch-59-replication-7.npy,batch-f1-null-transfer,5107888090602874884,1128089947329814957,16429427031227834118,0.34833379997871816,,,batch-f1-null-transfer-20260824-001
F1,X1,X2,f1-null-transfer,59,8,0.04961410120395298,0.675,residual_samples/batch-59-replication-8.csv,null_statistics/batch-59-replication-8.npy,batch-f1-null-transfer,11888537993997006281,5604148012470121035,15503632367786280698,0.352486299991142,,,batch-f1-null-transfer-20260824-001
F1,X1,X2,f1-null-transfer,59,9,0.06723154992771566,0.12,residual_samples/batch-59-replication-9.csv,null_statistics/batch-59-replication-9.npy,batch-f1-null-transfer,10643057232330541296,3329601941658853823,8232185158008190721,0.351830700004939,,,batch-f1-null-transfer-20260824-001
F1,X1,X2,f1-null-transfer,60,0,0.05360176447451806,0.495,residual_samples/batch-60-replication-0.csv,null_statistics/batch-60-replication-0.npy,batch-f1-null-transfer,16231106674595579622,8929439299012400773,3623214748126532769,0.3675568000180647,,,batch-f1-null-transfer-20260824-001
F1,X1,X2,f1-null-transfer,60,1,0.06681460026014685,0.125,residual_samples/batch-60-replication-1.csv,null_statistics/batch-60-replication-1.npy,batch-f1-null-transfer,14386935737028873460,1496097074980823703,13758082043947882894,0.37603459996171296,,,batch-f1-null-transfer-20260824-001
F1,X1,X2,f1-null-transfer,60,2,0.06257027202121271,0.21,residual_samples/batch-60-replication-2.csv,null_statistics/batch-60-replication-2.npy,batch-f1-null-transfer,15253258965140003218,15889551753153096309,2375150204984776893,0.36277020000852644,,,batch-f1-null-transfer-20260824-001
F1,X1,X2,f1-null-transfer,60,3,0.058646623422704484,0.33,residual_samples/batch-60-replication-3.csv,null_statistics/batch-60-replication-3.npy,batch-f1-null-transfer,1974335487754265718,10215173523865745421,16868673678217091483,0.35802360001252964,,,batch-f1-null-transfer-20260824-001
F1,X1,X2,f1-null-transfer,60,4,0.05784659284717107,0.41,residual_samples/batch-60-replication-4.csv,null_statistics/batch-60-replication-4.npy,batch-f1-null-transfer,5896204441421857104,12669501939779296225,9615835845583425540,0.35501370002748445,,,batch-f1-null-transfer-20260824-001
F1,X1,X2,f1-null-transfer,60,5,0.0652632105126465,0.18,residual_samples/batch-60-replication-5.csv,null_statistics/batch-60-replication-5.npy,batch-f1-null-transfer,15508231115952868125,8885945057444425567,6479176084991245401,0.39402339997468516,,,batch-f1-null-transfer-20260824-001
F1,X1,X2,f1-null-transfer,60,6,0.05277104444093358,0.48,residual_samples/batch-60-replication-6.csv,null_statistics/batch-60-replication-6.npy,batch-f1-null-transfer,17131344093756366122,7265475659499430710,12719565598345446404,0.3510967000038363,,,batch-f1-null-transfer-20260824-001
F1,X1,X2,f1-null-transfer,60,7,0.06304473427202104,0.195,residual_samples/batch-60-replication-7.csv,null_statistics/batch-60-replication-7.npy,batch-f1-null-transfer,11531186138291832860,18371517910284866228,284315958101369809,0.35061550000682473,,,batch-f1-null-transfer-20260824-001
F1,X1,X2,f1-null-transfer,60,8,0.04281729504170467,0.91,residual_samples/batch-60-replication-8.csv,null_statistics/batch-60-replication-8.npy,batch-f1-null-transfer,9384713719596923867,883179785957870364,1314039174789114064,0.3494457000051625,,,batch-f1-null-transfer-20260824-001
F1,X1,X2,f1-null-transfer,60,9,0.04067152665728406,0.96,residual_samples/batch-60-replication-9.csv,null_statistics/batch-60-replication-9.npy,batch-f1-null-transfer,13572650821152172732,9708002362619613889,14986324324603518959,0.3467433000332676,,,batch-f1-null-transfer-20260824-001
F1,X1,X2,f1-null-transfer,61,0,0.05513634393712143,0.48,residual_samples/batch-61-replication-0.csv,null_statistics/batch-61-replication-0.npy,batch-f1-null-transfer,9114783309697545788,6835829774974653196,4483442427800374851,0.34688719996483997,,,batch-f1-null-transfer-20260824-001
F1,X1,X2,f1-null-transfer,61,1,0.04727762664726251,0.715,residual_samples/batch-61-replication-1.csv,null_statistics/batch-61-replication-1.npy,batch-f1-null-transfer,2693975021091320712,2782072761733149890,1460056300533770819,0.3516410999582149,,,batch-f1-null-transfer-20260824-001
F1,X1,X2,f1-null-transfer,61,2,0.046649699675920586,0.765,residual_samples/batch-61-replication-2.csv,null_statistics/batch-61-replication-2.npy,batch-f1-null-transfer,9924346522117242518,15268058435983759591,13510896387597902411,0.3446327000274323,,,batch-f1-null-transfer-20260824-001
F1,X1,X2,f1-null-transfer,61,3,0.04843417685783178,0.66,residual_samples/batch-61-replication-3.csv,null_statistics/batch-61-replication-3.npy,batch-f1-null-transfer,413308843783057101,6499131376396345042,4973907939383656947,0.35317309998208657,,,batch-f1-null-transfer-20260824-001
F1,X1,X2,f1-null-transfer,61,4,0.05622103309621553,0.375,residual_samples/batch-61-replication-4.csv,null_statistics/batch-61-replication-4.npy,batch-f1-null-transfer,12720687207767548603,1286421479762779104,13105031541773607065,0.29616660001920536,,,batch-f1-null-transfer-20260824-001
F1,X1,X2,f1-null-transfer,61,5,0.043793520772141055,0.91,residual_samples/batch-61-replication-5.csv,null_statistics/batch-61-replication-5.npy,batch-f1-null-transfer,6320794187992660424,10743495801401544292,17175225626796450831,0.34499170002527535,,,batch-f1-null-transfer-20260824-001
F1,X1,X2,f1-null-transfer,61,6,0.054043509256649636,0.525,residual_samples/batch-61-replication-6.csv,null_statistics/batch-61-replication-6.npy,batch-f1-null-transfer,16778626000671787724,11747535423423194654,4388521169762726547,0.3530972999869846,,,batch-f1-null-transfer-20260824-001
F1,X1,X2,f1-null-transfer,61,7,0.0513497313721486,0.51,residual_samples/batch-61-replication-7.csv,null_statistics/batch-61-replication-7.npy,batch-f1-null-transfer,7072240882816325917,16240045094356631813,199743283531567390,0.3495816999929957,,,batch-f1-null-transfer-20260824-001
F1,X1,X2,f1-null-transfer,61,8,0.042340874437074565,0.94,residual_samples/batch-61-replication-8.csv,null_statistics/batch-61-replication-8.npy,batch-f1-null-transfer,14385335635529938638,2642696947823127028,6776057347694596901,0.3475464999792166,,,batch-f1-null-transfer-20260824-001
F1,X1,X2,f1-null-transfer,61,9,0.062333836854172466,0.24,residual_samples/batch-61-replication-9.csv,null_statistics/batch-61-replication-9.npy,batch-f1-null-transfer,11868977230336730490,12950951292631831476,16598749572721557976,0.34965059999376535,,,batch-f1-null-transfer-20260824-001
F1,X1,X2,f1-null-transfer,62,0,0.08260551464132458,0.02,residual_samples/batch-62-replication-0.csv,null_statistics/batch-62-replication-0.npy,batch-f1-null-transfer,13735819849817182675,4255885192138992964,9537037551621580229,0.33880129997851327,,,batch-f1-null-transfer-20260824-001
F1,X1,X2,f1-null-transfer,62,1,0.05451445004148618,0.48,residual_samples/batch-62-replication-1.csv,null_statistics/batch-62-replication-1.npy,batch-f1-null-transfer,8290532242042436455,3971947869852889701,15396826906877806707,0.3459623000235297,,,batch-f1-null-transfer-20260824-001
F1,X1,X2,f1-null-transfer,62,2,0.04489820869592571,0.865,residual_samples/batch-62-replication-2.csv,null_statistics/batch-62-replication-2.npy,batch-f1-null-transfer,6877990112218459402,4396564676272962176,755646580013771936,0.349965599947609,,,batch-f1-null-transfer-20260824-001
F1,X1,X2,f1-null-transfer,62,3,0.06153059450591784,0.25,residual_samples/batch-62-replication-3.csv,null_statistics/batch-62-replication-3.npy,batch-f1-null-transfer,11080722182738291472,13387093553356980462,6032241415464356120,0.3484124999959022,,,batch-f1-null-transfer-20260824-001
F1,X1,X2,f1-null-transfer,62,4,0.04375429355776916,0.855,residual_samples/batch-62-replication-4.csv,null_statistics/batch-62-replication-4.npy,batch-f1-null-transfer,16336138073623642933,6260838203784238562,1630289322031948514,0.34598949999781325,,,batch-f1-null-transfer-20260824-001
F1,X1,X2,f1-null-transfer,62,5,0.03874260404226234,0.99,residual_samples/batch-62-replication-5.csv,null_statistics/batch-62-replication-5.npy,batch-f1-null-transfer,1471301736470316586,6374651648551565612,12135324928372847064,0.3484706000308506,,,batch-f1-null-transfer-20260824-001
F1,X1,X2,f1-null-transfer,62,6,0.0559305022392096,0.415,residual_samples/batch-62-replication-6.csv,null_statistics/batch-62-replication-6.npy,batch-f1-null-transfer,14887163702396161272,4659572138013815273,14740519390834944102,0.3454749999800697,,,batch-f1-null-transfer-20260824-001
F1,X1,X2,f1-null-transfer,62,7,0.04358100769320806,0.875,residual_samples/batch-62-replication-7.csv,null_statistics/batch-62-replication-7.npy,batch-f1-null-transfer,16226763305510531434,6552041438690406051,8043479184813494294,0.3495994000113569,,,batch-f1-null-transfer-20260824-001
F1,X1,X2,f1-null-transfer,62,8,0.04817720502547475,0.72,residual_samples/batch-62-replication-8.csv,null_statistics/batch-62-replication-8.npy,batch-f1-null-transfer,17283126713188278606,4474904934392147376,15507698844286159208,0.349607499956619,,,batch-f1-null-transfer-20260824-001
F1,X1,X2,f1-null-transfer,62,9,0.04201753198438554,0.905,residual_samples/batch-62-replication-9.csv,null_statistics/batch-62-replication-9.npy,batch-f1-null-transfer,11660735046201262095,12942486815492847887,18277131398446736563,0.34194559999741614,,,batch-f1-null-transfer-20260824-001
F1,X1,X2,f1-null-transfer,63,0,0.04468854613874939,0.815,residual_samples/batch-63-replication-0.csv,null_statistics/batch-63-replication-0.npy,batch-f1-null-transfer,16853829199510671192,14550497438049633299,2201143263615528428,0.33619340002769604,,,batch-f1-null-transfer-20260824-001
F1,X1,X2,f1-null-transfer,63,1,0.0661619220771173,0.155,residual_samples/batch-63-replication-1.csv,null_statistics/batch-63-replication-1.npy,batch-f1-null-transfer,4428563965416730592,4407512487434758259,2128123414490291614,0.35025319998385385,,,batch-f1-null-transfer-20260824-001
F1,X1,X2,f1-null-transfer,63,2,0.05169025451783421,0.535,residual_samples/batch-63-replication-2.csv,null_statistics/batch-63-replication-2.npy,batch-f1-null-transfer,119974192495612964,309432697312987425,10948444996462395266,0.34588930004974827,,,batch-f1-null-transfer-20260824-001
F1,X1,X2,f1-null-transfer,63,3,0.0550248216749813,0.51,residual_samples/batch-63-replication-3.csv,null_statistics/batch-63-replication-3.npy,batch-f1-null-transfer,18084799644293726971,13195535102543218738,8837536440689139707,0.2994651999906637,,,batch-f1-null-transfer-20260824-001
F1,X1,X2,f1-null-transfer,63,4,0.06746558903803791,0.16,residual_samples/batch-63-replication-4.csv,null_statistics/batch-63-replication-4.npy,batch-f1-null-transfer,7691180464711188162,9594218790082833354,17744843947200752984,0.35706710000522435,,,batch-f1-null-transfer-20260824-001
F1,X1,X2,f1-null-transfer,63,5,0.04220128795261154,0.9,residual_samples/batch-63-replication-5.csv,null_statistics/batch-63-replication-5.npy,batch-f1-null-transfer,5336592726089810783,17021535539272695322,14095126125506353381,0.35125219996552914,,,batch-f1-null-transfer-20260824-001
F1,X1,X2,f1-null-transfer,63,6,0.06603697605067103,0.145,residual_samples/batch-63-replication-6.csv,null_statistics/batch-63-replication-6.npy,batch-f1-null-transfer,1502119381855900386,9219432415885828004,4834440322650093301,0.33716110000386834,,,batch-f1-null-transfer-20260824-001
F1,X1,X2,f1-null-transfer,63,7,0.04587634412499465,0.85,residual_samples/batch-63-replication-7.csv,null_statistics/batch-63-replication-7.npy,batch-f1-null-transfer,9700555041267710438,2659795670881970702,16509193131188988634,0.34889349999139085,,,batch-f1-null-transfer-20260824-001
F1,X1,X2,f1-null-transfer,63,8,0.06257487317529453,0.205,residual_samples/batch-63-replication-8.csv,null_statistics/batch-63-replication-8.npy,batch-f1-null-transfer,8971595364331788190,8513626117875240555,12183956112826640649,0.3467359999776818,,,batch-f1-null-transfer-20260824-001
F1,X1,X2,f1-null-transfer,63,9,0.05063403890786659,0.625,residual_samples/batch-63-replication-9.csv,null_statistics/batch-63-replication-9.npy,batch-f1-null-transfer,15167419499702149889,10715170396628241268,4354961856484072756,0.3459578999900259,,,batch-f1-null-transfer-20260824-001
F1,X1,X2,f1-null-transfer,64,0,0.054494683166392305,0.51,residual_samples/batch-64-replication-0.csv,null_statistics/batch-64-replication-0.npy,batch-f1-null-transfer,17569282136330497068,7450977072599152156,13853553440727648006,0.3493519999901764,,,batch-f1-null-transfer-20260824-001
F1,X1,X2,f1-null-transfer,64,1,0.05658012036330296,0.295,residual_samples/batch-64-replication-1.csv,null_statistics/batch-64-replication-1.npy,batch-f1-null-transfer,6174020853639278689,12570340257188979517,4287753934679384092,0.3472401999752037,,,batch-f1-null-transfer-20260824-001
F1,X1,X2,f1-null-transfer,64,2,0.048885946370042475,0.675,residual_samples/batch-64-replication-2.csv,null_statistics/batch-64-replication-2.npy,batch-f1-null-transfer,4159143831881834269,719261608874560044,5095892278169359796,0.33533089997945353,,,batch-f1-null-transfer-20260824-001
F1,X1,X2,f1-null-transfer,64,3,0.08537522146518568,0.03,residual_samples/batch-64-replication-3.csv,null_statistics/batch-64-replication-3.npy,batch-f1-null-transfer,10650901792346828605,17703932093803953790,1608891514945147313,0.357501000049524,,,batch-f1-null-transfer-20260824-001
F1,X1,X2,f1-null-transfer,64,4,0.056183093328601504,0.335,residual_samples/batch-64-replication-4.csv,null_statistics/batch-64-replication-4.npy,batch-f1-null-transfer,13616137390143939207,13411909178445045597,4449510409143403257,0.34538399998564273,,,batch-f1-null-transfer-20260824-001
F1,X1,X2,f1-null-transfer,64,5,0.06411292653116156,0.155,residual_samples/batch-64-replication-5.csv,null_statistics/batch-64-replication-5.npy,batch-f1-null-transfer,15084386796288788304,17367830928359179867,15735992162303073752,0.34751589997904375,,,batch-f1-null-transfer-20260824-001
F1,X1,X2,f1-null-transfer,64,6,0.04264210442838366,0.91,residual_samples/batch-64-replication-6.csv,null_statistics/batch-64-replication-6.npy,batch-f1-null-transfer,3574171093032326870,2200960074061717791,16312076552318277528,0.35132790001807734,,,batch-f1-null-transfer-20260824-001
F1,X1,X2,f1-null-transfer,64,7,0.06116072724019535,0.235,residual_samples/batch-64-replication-7.csv,null_statistics/batch-64-replication-7.npy,batch-f1-null-transfer,6428217159238897608,7837974274055266409,14740333537488780503,0.3452054000226781,,,batch-f1-null-transfer-20260824-001
F1,X1,X2,f1-null-transfer,64,8,0.04772473671631818,0.71,residual_samples/batch-64-replication-8.csv,null_statistics/batch-64-replication-8.npy,batch-f1-null-transfer,3507126245262455465,512691021124316457,5468809370649817004,0.34686369996052235,,,batch-f1-null-transfer-20260824-001
F1,X1,X2,f1-null-transfer,64,9,0.04097907401265536,0.965,residual_samples/batch-64-replication-9.csv,null_statistics/batch-64-replication-9.npy,batch-f1-null-transfer,8660211597263451818,2320771126655014771,3753505472060889610,0.35315439995611086,,,batch-f1-null-transfer-20260824-001
F1,X1,X2,f1-null-transfer,65,0,0.06594317490850565,0.155,residual_samples/batch-65-replication-0.csv,null_statistics/batch-65-replication-0.npy,batch-f1-null-transfer,10222119393156834811,15318860245148284772,5152069946225251712,0.3471616000169888,,,batch-f1-null-transfer-20260824-001
F1,X1,X2,f1-null-transfer,65,1,0.05047938185641865,0.59,residual_samples/batch-65-replication-1.csv,null_statistics/batch-65-replication-1.npy,batch-f1-null-transfer,11303331392488361819,7396451539123506225,8128802133383020751,0.34882870002184063,,,batch-f1-null-transfer-20260824-001
F1,X1,X2,f1-null-transfer,65,2,0.043281407173085984,0.91,residual_samples/batch-65-replication-2.csv,null_statistics/batch-65-replication-2.npy,batch-f1-null-transfer,16707896660158454956,15715198188191371959,11501992335292369386,0.3530587999848649,,,batch-f1-null-transfer-20260824-001
F1,X1,X2,f1-null-transfer,65,3,0.06282479274827527,0.205,residual_samples/batch-65-replication-3.csv,null_statistics/batch-65-replication-3.npy,batch-f1-null-transfer,17426483135178873163,17791569049984778264,2575504348596408383,0.35049109999090433,,,batch-f1-null-transfer-20260824-001
F1,X1,X2,f1-null-transfer,65,4,0.05114752468208869,0.59,residual_samples/batch-65-replication-4.csv,null_statistics/batch-65-replication-4.npy,batch-f1-null-transfer,15411358693991993352,17353655099243135110,18148985854242424938,0.3392217999789864,,,batch-f1-null-transfer-20260824-001
F1,X1,X2,f1-null-transfer,65,5,0.05793481714817142,0.3,residual_samples/batch-65-replication-5.csv,null_statistics/batch-65-replication-5.npy,batch-f1-null-transfer,18040234238183932865,4548385674635673516,13443591162699595430,0.3561290000216104,,,batch-f1-null-transfer-20260824-001
F1,X1,X2,f1-null-transfer,65,6,0.04793234064916077,0.685,residual_samples/batch-65-replication-6.csv,null_statistics/batch-65-replication-6.npy,batch-f1-null-transfer,8286005821026935846,2803438507493574581,11478323407118355671,0.3527048999676481,,,batch-f1-null-transfer-20260824-001
F1,X1,X2,f1-null-transfer,65,7,0.04901475752229899,0.63,residual_samples/batch-65-replication-7.csv,null_statistics/batch-65-replication-7.npy,batch-f1-null-transfer,9444161652554520832,11960685329990538473,2746368093841395054,0.45037620002403855,,,batch-f1-null-transfer-20260824-001
F1,X1,X2,f1-null-transfer,65,8,0.05623186449530575,0.39,residual_samples/batch-65-replication-8.csv,null_statistics/batch-65-replication-8.npy,batch-f1-null-transfer,9561836837349237962,12427779283098205871,15847482143810173813,0.38260559999616817,,,batch-f1-null-transfer-20260824-001
F1,X1,X2,f1-null-transfer,65,9,0.0803972082774243,0.055,residual_samples/batch-65-replication-9.csv,null_statistics/batch-65-replication-9.npy,batch-f1-null-transfer,3908993185333413009,15859414546118231285,3293941309994902842,0.34346439997898415,,,batch-f1-null-transfer-20260824-001
F1,X1,X2,f1-null-transfer,66,0,0.05226418656599489,0.55,residual_samples/batch-66-replication-0.csv,null_statistics/batch-66-replication-0.npy,batch-f1-null-transfer,7646997117050958660,6298151516094712364,9190890464386120255,0.35746849997667596,,,batch-f1-null-transfer-20260824-001
F1,X1,X2,f1-null-transfer,66,1,0.06549815624818035,0.165,residual_samples/batch-66-replication-1.csv,null_statistics/batch-66-replication-1.npy,batch-f1-null-transfer,10108161901522647916,2874352122813670198,6600372370715553492,0.3843099999940023,,,batch-f1-null-transfer-20260824-001
F1,X1,X2,f1-null-transfer,66,2,0.04912990425789796,0.655,residual_samples/batch-66-replication-2.csv,null_statistics/batch-66-replication-2.npy,batch-f1-null-transfer,9183678984068803811,683018340147742946,2981056002953068236,0.3719556000432931,,,batch-f1-null-transfer-20260824-001
F1,X1,X2,f1-null-transfer,66,3,0.04645988084187959,0.815,residual_samples/batch-66-replication-3.csv,null_statistics/batch-66-replication-3.npy,batch-f1-null-transfer,6300653485162521044,11061495333913958895,829233369620903707,0.3555157000082545,,,batch-f1-null-transfer-20260824-001
F1,X1,X2,f1-null-transfer,66,4,0.04615116672519774,0.76,residual_samples/batch-66-replication-4.csv,null_statistics/batch-66-replication-4.npy,batch-f1-null-transfer,13446948816033509569,16377147402935860436,4563672281346190054,0.29759889998240396,,,batch-f1-null-transfer-20260824-001
F1,X1,X2,f1-null-transfer,66,5,0.044288996609289755,0.855,residual_samples/batch-66-replication-5.csv,null_statistics/batch-66-replication-5.npy,batch-f1-null-transfer,10108962896522167422,12748989136125905269,15752033101034653844,0.3449141000164673,,,batch-f1-null-transfer-20260824-001
F1,X1,X2,f1-null-transfer,66,6,0.046754986499927265,0.735,residual_samples/batch-66-replication-6.csv,null_statistics/batch-66-replication-6.npy,batch-f1-null-transfer,5764639402357755839,2628247845820612549,770370539121616955,0.3466338000143878,,,batch-f1-null-transfer-20260824-001
F1,X1,X2,f1-null-transfer,66,7,0.047078989202950616,0.785,residual_samples/batch-66-replication-7.csv,null_statistics/batch-66-replication-7.npy,batch-f1-null-transfer,14653799038805644731,13803318921012075029,18426545641379817950,0.34600760001922026,,,batch-f1-null-transfer-20260824-001
F1,X1,X2,f1-null-transfer,66,8,0.05935003053068744,0.255,residual_samples/batch-66-replication-8.csv,null_statistics/batch-66-replication-8.npy,batch-f1-null-transfer,10167821358148810450,6684423912203464482,17594665955195385057,0.34936740004923195,,,batch-f1-null-transfer-20260824-001
F1,X1,X2,f1-null-transfer,66,9,0.053307194677604676,0.49,residual_samples/batch-66-replication-9.csv,null_statistics/batch-66-replication-9.npy,batch-f1-null-transfer,7103287139511515389,6306805138763714293,9366727459771024164,0.3486498999991454,,,batch-f1-null-transfer-20260824-001
F1,X1,X2,f1-null-transfer,67,0,0.05223124513537572,0.475,residual_samples/batch-67-replication-0.csv,null_statistics/batch-67-replication-0.npy,batch-f1-null-transfer,4512597383613258762,2728162773649675162,8276984389288977916,0.34635479998541996,,,batch-f1-null-transfer-20260824-001
F1,X1,X2,f1-null-transfer,67,1,0.05666663342078246,0.4,residual_samples/batch-67-replication-1.csv,null_statistics/batch-67-replication-1.npy,batch-f1-null-transfer,11813656702253073387,13455846498181184380,10998554714428915648,0.3473985000164248,,,batch-f1-null-transfer-20260824-001
F1,X1,X2,f1-null-transfer,67,2,0.060933416128677864,0.26,residual_samples/batch-67-replication-2.csv,null_statistics/batch-67-replication-2.npy,batch-f1-null-transfer,15287101038535035111,18027887535609597512,15520243551438377058,0.34242990001803264,,,batch-f1-null-transfer-20260824-001
F1,X1,X2,f1-null-transfer,67,3,0.05021034713490375,0.665,residual_samples/batch-67-replication-3.csv,null_statistics/batch-67-replication-3.npy,batch-f1-null-transfer,12915943614536952203,17767135772662094991,2726017294985358827,0.34527849999722093,,,batch-f1-null-transfer-20260824-001
F1,X1,X2,f1-null-transfer,67,4,0.052135801152315385,0.5,residual_samples/batch-67-replication-4.csv,null_statistics/batch-67-replication-4.npy,batch-f1-null-transfer,17844889825747685276,6657446943831757123,8816600480353859648,0.34918520000064746,,,batch-f1-null-transfer-20260824-001
F1,X1,X2,f1-null-transfer,67,5,0.041916984360025514,0.955,residual_samples/batch-67-replication-5.csv,null_statistics/batch-67-replication-5.npy,batch-f1-null-transfer,6236639176180263646,10058412509668830348,1339143969567172070,0.3472523999516852,,,batch-f1-null-transfer-20260824-001
F1,X1,X2,f1-null-transfer,67,6,0.0725849329234288,0.07,residual_samples/batch-67-replication-6.csv,null_statistics/batch-67-replication-6.npy,batch-f1-null-transfer,15289859617012583075,9757819449921215188,4876692030012565776,0.40557810000609607,,,batch-f1-null-transfer-20260824-001
F1,X1,X2,f1-null-transfer,67,7,0.0712665533191601,0.07,residual_samples/batch-67-replication-7.csv,null_statistics/batch-67-replication-7.npy,batch-f1-null-transfer,12510309283936724513,12888948078124703041,7318734639933743508,0.349949800001923,,,batch-f1-null-transfer-20260824-001
F1,X1,X2,f1-null-transfer,67,8,0.044189354514622387,0.88,residual_samples/batch-67-replication-8.csv,null_statistics/batch-67-replication-8.npy,batch-f1-null-transfer,16979974946270017927,17867413296852733656,9653113473154902009,0.34761459997389466,,,batch-f1-null-transfer-20260824-001
F1,X1,X2,f1-null-transfer,67,9,0.048226351156075015,0.78,residual_samples/batch-67-replication-9.csv,null_statistics/batch-67-replication-9.npy,batch-f1-null-transfer,2280881073849748630,3811382587386970066,9780744216445006998,0.34632630000123754,,,batch-f1-null-transfer-20260824-001
F1,X1,X2,f1-null-transfer,68,0,0.05671379942786692,0.325,residual_samples/batch-68-replication-0.csv,null_statistics/batch-68-replication-0.npy,batch-f1-null-transfer,11321110957882432415,13643503059238426760,15394306076414125202,0.34196550003252923,,,batch-f1-null-transfer-20260824-001
F1,X1,X2,f1-null-transfer,68,1,0.09090147424887697,0.01,residual_samples/batch-68-replication-1.csv,null_statistics/batch-68-replication-1.npy,batch-f1-null-transfer,13688452698057352204,17806588170977173986,13174590975381195209,0.3866723999963142,,,batch-f1-null-transfer-20260824-001
F1,X1,X2,f1-null-transfer,68,2,0.05085189792833182,0.575,residual_samples/batch-68-replication-2.csv,null_statistics/batch-68-replication-2.npy,batch-f1-null-transfer,4476304113270959008,15177124166075025670,8164949650635407158,0.39541019999887794,,,batch-f1-null-transfer-20260824-001
F1,X1,X2,f1-null-transfer,68,3,0.058400282454434994,0.3,residual_samples/batch-68-replication-3.csv,null_statistics/batch-68-replication-3.npy,batch-f1-null-transfer,9749636836200269980,3552400407180609084,4470068267088357783,0.38209630001802,,,batch-f1-null-transfer-20260824-001
F1,X1,X2,f1-null-transfer,68,4,0.04484040238355562,0.795,residual_samples/batch-68-replication-4.csv,null_statistics/batch-68-replication-4.npy,batch-f1-null-transfer,7782615341884950171,1485624743564217257,10169083515444674054,0.35021790000610054,,,batch-f1-null-transfer-20260824-001
F1,X1,X2,f1-null-transfer,68,5,0.04593623682105778,0.775,residual_samples/batch-68-replication-5.csv,null_statistics/batch-68-replication-5.npy,batch-f1-null-transfer,6701956914075417481,4960867052179861789,13903461075586668555,0.34924120001960546,,,batch-f1-null-transfer-20260824-001
F1,X1,X2,f1-null-transfer,68,6,0.04734555983130376,0.685,residual_samples/batch-68-replication-6.csv,null_statistics/batch-68-replication-6.npy,batch-f1-null-transfer,12501617899745644792,12521540180470652383,8678268114240588973,0.34695630002534017,,,batch-f1-null-transfer-20260824-001
F1,X1,X2,f1-null-transfer,68,7,0.0628334905170994,0.285,residual_samples/batch-68-replication-7.csv,null_statistics/batch-68-replication-7.npy,batch-f1-null-transfer,16938024037823420290,7704654518604173519,9698321519890832724,0.34811510000145063,,,batch-f1-null-transfer-20260824-001
F1,X1,X2,f1-null-transfer,68,8,0.0409856166376891,0.93,residual_samples/batch-68-replication-8.csv,null_statistics/batch-68-replication-8.npy,batch-f1-null-transfer,2465317040996345710,10767452351998010735,6077894362443147321,0.36215609998907894,,,batch-f1-null-transfer-20260824-001
F1,X1,X2,f1-null-transfer,68,9,0.048015885077768924,0.77,residual_samples/batch-68-replication-9.csv,null_statistics/batch-68-replication-9.npy,batch-f1-null-transfer,5500775274472849056,7379445941319381005,14185092457151853581,0.3724643000168726,,,batch-f1-null-transfer-20260824-001
F1,X1,X2,f1-null-transfer,69,0,0.04531239173653457,0.765,residual_samples/batch-69-replication-0.csv,null_statistics/batch-69-replication-0.npy,batch-f1-null-transfer,4862065087195327182,14121791320169277272,3443834299565784177,0.35152869997546077,,,batch-f1-null-transfer-20260824-001
F1,X1,X2,f1-null-transfer,69,1,0.05556505586042716,0.33,residual_samples/batch-69-replication-1.csv,null_statistics/batch-69-replication-1.npy,batch-f1-null-transfer,1098315263652912006,13793355519836787135,7807036162589027484,0.34827449999284,,,batch-f1-null-transfer-20260824-001
F1,X1,X2,f1-null-transfer,69,2,0.042101457868432585,0.92,residual_samples/batch-69-replication-2.csv,null_statistics/batch-69-replication-2.npy,batch-f1-null-transfer,1640997150724186174,13555469645611194191,6266957090884095914,0.34870089998003095,,,batch-f1-null-transfer-20260824-001
F1,X1,X2,f1-null-transfer,69,3,0.05930056767697572,0.31,residual_samples/batch-69-replication-3.csv,null_statistics/batch-69-replication-3.npy,batch-f1-null-transfer,694710384983359191,1963134577491489758,16006489946769418284,0.3361556000309065,,,batch-f1-null-transfer-20260824-001
F1,X1,X2,f1-null-transfer,69,4,0.0561738271785299,0.375,residual_samples/batch-69-replication-4.csv,null_statistics/batch-69-replication-4.npy,batch-f1-null-transfer,14198320395651905021,17038278348310395671,17849565041205556799,0.3268139999709092,,,batch-f1-null-transfer-20260824-001
F1,X1,X2,f1-null-transfer,69,5,0.04449832149091708,0.835,residual_samples/batch-69-replication-5.csv,null_statistics/batch-69-replication-5.npy,batch-f1-null-transfer,8724887047773721283,18299628725248485370,3462063749360248108,0.3459366000024602,,,batch-f1-null-transfer-20260824-001
F1,X1,X2,f1-null-transfer,69,6,0.052865532064982554,0.49,residual_samples/batch-69-replication-6.csv,null_statistics/batch-69-replication-6.npy,batch-f1-null-transfer,10625164444824100989,12237709127827573245,5762203445576727048,0.3494728999794461,,,batch-f1-null-transfer-20260824-001
F1,X1,X2,f1-null-transfer,69,7,0.038424100055539576,0.97,residual_samples/batch-69-replication-7.csv,null_statistics/batch-69-replication-7.npy,batch-f1-null-transfer,8558009903801626327,6629691914124696258,7775997122830180081,0.34867579996353015,,,batch-f1-null-transfer-20260824-001
F1,X1,X2,f1-null-transfer,69,8,0.0628649353714026,0.235,residual_samples/batch-69-replication-8.csv,null_statistics/batch-69-replication-8.npy,batch-f1-null-transfer,3295019352593895427,3064842371932285702,16358979924702079237,0.34485699998913333,,,batch-f1-null-transfer-20260824-001
F1,X1,X2,f1-null-transfer,69,9,0.0596833274675188,0.295,residual_samples/batch-69-replication-9.csv,null_statistics/batch-69-replication-9.npy,batch-f1-null-transfer,376514778948701131,8274831000629433634,3641396177627455265,0.3480598999885842,,,batch-f1-null-transfer-20260824-001
F1,X1,X2,f1-null-transfer,70,0,0.05776933052798518,0.345,residual_samples/batch-70-replication-0.csv,null_statistics/batch-70-replication-0.npy,batch-f1-null-transfer,10554341517850750132,15432707386700369308,7909948724519336119,0.3308567000203766,,,batch-f1-null-transfer-20260824-001
F1,X1,X2,f1-null-transfer,70,1,0.050054084370213775,0.585,residual_samples/batch-70-replication-1.csv,null_statistics/batch-70-replication-1.npy,batch-f1-null-transfer,8817386550752742058,17408980024273597963,15379805962767619442,0.34684010001365095,,,batch-f1-null-transfer-20260824-001
F1,X1,X2,f1-null-transfer,70,2,0.06483482662500366,0.18,residual_samples/batch-70-replication-2.csv,null_statistics/batch-70-replication-2.npy,batch-f1-null-transfer,551163993945942643,14331365777908306700,854406790633285655,0.3483215000014752,,,batch-f1-null-transfer-20260824-001
F1,X1,X2,f1-null-transfer,70,3,0.062419181612700075,0.25,residual_samples/batch-70-replication-3.csv,null_statistics/batch-70-replication-3.npy,batch-f1-null-transfer,16371091022056136877,13170419874219349811,5212901625492041105,0.34924949996639043,,,batch-f1-null-transfer-20260824-001
F1,X1,X2,f1-null-transfer,70,4,0.0727804062247333,0.095,residual_samples/batch-70-replication-4.csv,null_statistics/batch-70-replication-4.npy,batch-f1-null-transfer,4836671518104990309,2093074916387172784,9786532182241527986,0.3371797000290826,,,batch-f1-null-transfer-20260824-001
F1,X1,X2,f1-null-transfer,70,5,0.0476899428375823,0.77,residual_samples/batch-70-replication-5.csv,null_statistics/batch-70-replication-5.npy,batch-f1-null-transfer,5458631647636347704,12875351325334984144,17601567365028359830,0.3506708000204526,,,batch-f1-null-transfer-20260824-001
F1,X1,X2,f1-null-transfer,70,6,0.04302196637828958,0.915,residual_samples/batch-70-replication-6.csv,null_statistics/batch-70-replication-6.npy,batch-f1-null-transfer,6441658363929924910,4656000854749243760,12251899036334255188,0.34869730001082644,,,batch-f1-null-transfer-20260824-001
F1,X1,X2,f1-null-transfer,70,7,0.0600962106985629,0.255,residual_samples/batch-70-replication-7.csv,null_statistics/batch-70-replication-7.npy,batch-f1-null-transfer,6050151708292822358,7958563746129163998,14400137185967487338,0.3817871999926865,,,batch-f1-null-transfer-20260824-001
F1,X1,X2,f1-null-transfer,70,8,0.0494235154986878,0.665,residual_samples/batch-70-replication-8.csv,null_statistics/batch-70-replication-8.npy,batch-f1-null-transfer,1992597099190635718,1305067231945110716,18258350768413474751,0.3837299000006169,,,batch-f1-null-transfer-20260824-001
F1,X1,X2,f1-null-transfer,70,9,0.0611100208102877,0.225,residual_samples/batch-70-replication-9.csv,null_statistics/batch-70-replication-9.npy,batch-f1-null-transfer,9720704398293698211,13324920466179506507,558962984578161375,0.37418570002773777,,,batch-f1-null-transfer-20260824-001
F1,X1,X2,f1-null-transfer,71,0,0.047310102155049216,0.7,residual_samples/batch-71-replication-0.csv,null_statistics/batch-71-replication-0.npy,batch-f1-null-transfer,13565257832569883555,7045425629421946481,7336534289841270027,0.34732860000804067,,,batch-f1-null-transfer-20260824-001
F1,X1,X2,f1-null-transfer,71,1,0.0540943080646869,0.48,residual_samples/batch-71-replication-1.csv,null_statistics/batch-71-replication-1.npy,batch-f1-null-transfer,650852406399369540,13421200833609740985,7059556674610381384,0.3388909999630414,,,batch-f1-null-transfer-20260824-001
F1,X1,X2,f1-null-transfer,71,2,0.05296371722427587,0.425,residual_samples/batch-71-replication-2.csv,null_statistics/batch-71-replication-2.npy,batch-f1-null-transfer,14418054309647051284,6638731709629602621,16111542553026052525,0.3489164999919012,,,batch-f1-null-transfer-20260824-001
F1,X1,X2,f1-null-transfer,71,3,0.0418991562413484,0.895,residual_samples/batch-71-replication-3.csv,null_statistics/batch-71-replication-3.npy,batch-f1-null-transfer,1567862615357369569,2114609173395738302,7117686117714839269,0.34650450001936406,,,batch-f1-null-transfer-20260824-001
F1,X1,X2,f1-null-transfer,71,4,0.051697364449110404,0.595,residual_samples/batch-71-replication-4.csv,null_statistics/batch-71-replication-4.npy,batch-f1-null-transfer,16184078560546388553,17256837363121881201,7687872393787418158,0.3893441000254825,,,batch-f1-null-transfer-20260824-001
F1,X1,X2,f1-null-transfer,71,5,0.046839856915268444,0.75,residual_samples/batch-71-replication-5.csv,null_statistics/batch-71-replication-5.npy,batch-f1-null-transfer,1764817252601083620,11310314800031851289,1770234924239491078,0.4546056999824941,,,batch-f1-null-transfer-20260824-001
F1,X1,X2,f1-null-transfer,71,6,0.043594152622115585,0.89,residual_samples/batch-71-replication-6.csv,null_statistics/batch-71-replication-6.npy,batch-f1-null-transfer,12857365903087524483,7090233925712144455,123915955045243039,0.4223158999811858,,,batch-f1-null-transfer-20260824-001
F1,X1,X2,f1-null-transfer,71,7,0.06404480865863081,0.175,residual_samples/batch-71-replication-7.csv,null_statistics/batch-71-replication-7.npy,batch-f1-null-transfer,9465249271656026935,10071576381590543657,16547394795354761851,0.3552512999740429,,,batch-f1-null-transfer-20260824-001
F1,X1,X2,f1-null-transfer,71,8,0.04666397206216995,0.715,residual_samples/batch-71-replication-8.csv,null_statistics/batch-71-replication-8.npy,batch-f1-null-transfer,8391271539170645956,10449725947544203712,4623997010170259046,0.3469090000144206,,,batch-f1-null-transfer-20260824-001
F1,X1,X2,f1-null-transfer,71,9,0.06518378825239551,0.16,residual_samples/batch-71-replication-9.csv,null_statistics/batch-71-replication-9.npy,batch-f1-null-transfer,1121935565987456129,15602446043958439378,16075294378421205726,0.37325040000723675,,,batch-f1-null-transfer-20260824-001
F1,X1,X2,f1-null-transfer,72,0,0.04591749452053756,0.83,residual_samples/batch-72-replication-0.csv,null_statistics/batch-72-replication-0.npy,batch-f1-null-transfer,12386433022248709559,14707678240187108424,10640621056464590416,0.38667149998946115,,,batch-f1-null-transfer-20260824-001
F1,X1,X2,f1-null-transfer,72,1,0.07052916307513302,0.155,residual_samples/batch-72-replication-1.csv,null_statistics/batch-72-replication-1.npy,batch-f1-null-transfer,5743857952591503170,5337374379161740739,16062298647069924495,0.34887970000272617,,,batch-f1-null-transfer-20260824-001
F1,X1,X2,f1-null-transfer,72,2,0.05125315290485595,0.56,residual_samples/batch-72-replication-2.csv,null_statistics/batch-72-replication-2.npy,batch-f1-null-transfer,5045250038065225141,1455141115550264240,14356620229741293087,0.3534862999804318,,,batch-f1-null-transfer-20260824-001
F1,X1,X2,f1-null-transfer,72,3,0.05389091523048372,0.455,residual_samples/batch-72-replication-3.csv,null_statistics/batch-72-replication-3.npy,batch-f1-null-transfer,3138639813355309594,18384834942071754597,5085839993079605919,0.34743969998089597,,,batch-f1-null-transfer-20260824-001
F1,X1,X2,f1-null-transfer,72,4,0.05781476288331297,0.32,residual_samples/batch-72-replication-4.csv,null_statistics/batch-72-replication-4.npy,batch-f1-null-transfer,4275542478509479361,7321701711720552643,15074702088614534895,0.3502030000090599,,,batch-f1-null-transfer-20260824-001
F1,X1,X2,f1-null-transfer,72,5,0.04570625401454975,0.8,residual_samples/batch-72-replication-5.csv,null_statistics/batch-72-replication-5.npy,batch-f1-null-transfer,16524188697734411044,5341296302619795955,11625035789989089285,0.39214360003825277,,,batch-f1-null-transfer-20260824-001
F1,X1,X2,f1-null-transfer,72,6,0.04279068970080705,0.89,residual_samples/batch-72-replication-6.csv,null_statistics/batch-72-replication-6.npy,batch-f1-null-transfer,1851135669191263467,7417864326093062051,7896293951069298961,0.3765180000336841,,,batch-f1-null-transfer-20260824-001
F1,X1,X2,f1-null-transfer,72,7,0.05756901167832856,0.375,residual_samples/batch-72-replication-7.csv,null_statistics/batch-72-replication-7.npy,batch-f1-null-transfer,8875900496882450156,10274248248509650892,8744007132695862084,0.4223465999821201,,,batch-f1-null-transfer-20260824-001
F1,X1,X2,f1-null-transfer,72,8,0.07876997657176078,0.03,residual_samples/batch-72-replication-8.csv,null_statistics/batch-72-replication-8.npy,batch-f1-null-transfer,5696254604886494566,9306276377482895466,12097268950221604110,0.38540410000132397,,,batch-f1-null-transfer-20260824-001
F1,X1,X2,f1-null-transfer,72,9,0.04966270018120592,0.675,residual_samples/batch-72-replication-9.csv,null_statistics/batch-72-replication-9.npy,batch-f1-null-transfer,910604632406144959,17673839678785369476,5649421316855854439,0.3579132999875583,,,batch-f1-null-transfer-20260824-001
F1,X1,X2,f1-null-transfer,73,0,0.0560500683398473,0.41,residual_samples/batch-73-replication-0.csv,null_statistics/batch-73-replication-0.npy,batch-f1-null-transfer,9914033342392107514,2797157941895082045,4410355057310262458,0.3626708000083454,,,batch-f1-null-transfer-20260824-001
F1,X1,X2,f1-null-transfer,73,1,0.06571287763890801,0.14,residual_samples/batch-73-replication-1.csv,null_statistics/batch-73-replication-1.npy,batch-f1-null-transfer,16437988538076927174,1634028793175352412,13070553509259782354,0.35984170000301674,,,batch-f1-null-transfer-20260824-001
F1,X1,X2,f1-null-transfer,73,2,0.04766288081551951,0.71,residual_samples/batch-73-replication-2.csv,null_statistics/batch-73-replication-2.npy,batch-f1-null-transfer,13040937428435207256,17551587334708155594,17829819820244751093,0.3518101000227034,,,batch-f1-null-transfer-20260824-001
F1,X1,X2,f1-null-transfer,73,3,0.052607031926752916,0.52,residual_samples/batch-73-replication-3.csv,null_statistics/batch-73-replication-3.npy,batch-f1-null-transfer,5374545957490021734,4896076060045405635,9850570816422521106,0.33725799998501316,,,batch-f1-null-transfer-20260824-001
F1,X1,X2,f1-null-transfer,73,4,0.060350072871696206,0.27,residual_samples/batch-73-replication-4.csv,null_statistics/batch-73-replication-4.npy,batch-f1-null-transfer,1429025725726985987,4344982994862739447,11314127845169834137,0.3442909000441432,,,batch-f1-null-transfer-20260824-001
F1,X1,X2,f1-null-transfer,73,5,0.05570825465905288,0.395,residual_samples/batch-73-replication-5.csv,null_statistics/batch-73-replication-5.npy,batch-f1-null-transfer,14345698449547177306,17062087841586560532,11574126742161626295,0.3475919999764301,,,batch-f1-null-transfer-20260824-001
F1,X1,X2,f1-null-transfer,73,6,0.0482162537041951,0.715,residual_samples/batch-73-replication-6.csv,null_statistics/batch-73-replication-6.npy,batch-f1-null-transfer,4458222268781156880,8898549372126577126,14091474046108980678,0.3448752999538556,,,batch-f1-null-transfer-20260824-001
F1,X1,X2,f1-null-transfer,73,7,0.056816202209084635,0.33,residual_samples/batch-73-replication-7.csv,null_statistics/batch-73-replication-7.npy,batch-f1-null-transfer,13861254280787557639,15861739290885250262,17898172609398843830,0.335009100032039,,,batch-f1-null-transfer-20260824-001
F1,X1,X2,f1-null-transfer,73,8,0.05436256629463412,0.445,residual_samples/batch-73-replication-8.csv,null_statistics/batch-73-replication-8.npy,batch-f1-null-transfer,15871823449552795514,18361224719163733086,10635415557433636850,0.36656609998317435,,,batch-f1-null-transfer-20260824-001
F1,X1,X2,f1-null-transfer,73,9,0.04689995097562955,0.745,residual_samples/batch-73-replication-9.csv,null_statistics/batch-73-replication-9.npy,batch-f1-null-transfer,15931877144601676594,12912054623215623738,10296559183138207009,0.3471778999664821,,,batch-f1-null-transfer-20260824-001
F1,X1,X2,f1-null-transfer,74,0,0.12789936886103417,0.005,residual_samples/batch-74-replication-0.csv,null_statistics/batch-74-replication-0.npy,batch-f1-null-transfer,15155655797063031579,12526879935560097782,5793385811192737063,0.34293630003230646,,,batch-f1-null-transfer-20260824-001
F1,X1,X2,f1-null-transfer,74,1,0.04029406123017551,0.95,residual_samples/batch-74-replication-1.csv,null_statistics/batch-74-replication-1.npy,batch-f1-null-transfer,1855304158558632499,9293761917285745669,5700093310703740419,0.34359699999913573,,,batch-f1-null-transfer-20260824-001
F1,X1,X2,f1-null-transfer,74,2,0.04008133081918376,0.995,residual_samples/batch-74-replication-2.csv,null_statistics/batch-74-replication-2.npy,batch-f1-null-transfer,18370969235794521343,9826339819548711345,18084977948884896815,0.33247449999907985,,,batch-f1-null-transfer-20260824-001
F1,X1,X2,f1-null-transfer,74,3,0.04990908122603881,0.575,residual_samples/batch-74-replication-3.csv,null_statistics/batch-74-replication-3.npy,batch-f1-null-transfer,1861404701569662117,332170627636860716,5668034872053908041,0.3431795000215061,,,batch-f1-null-transfer-20260824-001
F1,X1,X2,f1-null-transfer,74,4,0.03874479962448279,0.995,residual_samples/batch-74-replication-4.csv,null_statistics/batch-74-replication-4.npy,batch-f1-null-transfer,11513927216909204825,6935043578422792451,17889266537931090977,0.34646329999668524,,,batch-f1-null-transfer-20260824-001
F1,X1,X2,f1-null-transfer,74,5,0.0542424848678714,0.525,residual_samples/batch-74-replication-5.csv,null_statistics/batch-74-replication-5.npy,batch-f1-null-transfer,15476483344361618551,4479030198485441966,10734079729340036928,0.343902499997057,,,batch-f1-null-transfer-20260824-001
F1,X1,X2,f1-null-transfer,74,6,0.05294521443584837,0.495,residual_samples/batch-74-replication-6.csv,null_statistics/batch-74-replication-6.npy,batch-f1-null-transfer,1909352199131934099,13900370608232044330,16095200835848580389,0.29785690002609044,,,batch-f1-null-transfer-20260824-001
F1,X1,X2,f1-null-transfer,74,7,0.0629376185542026,0.215,residual_samples/batch-74-replication-7.csv,null_statistics/batch-74-replication-7.npy,batch-f1-null-transfer,83139074977657585,2678295354734346040,12706990662574948065,0.34479270002339035,,,batch-f1-null-transfer-20260824-001
F1,X1,X2,f1-null-transfer,74,8,0.05438652690298634,0.48,residual_samples/batch-74-replication-8.csv,null_statistics/batch-74-replication-8.npy,batch-f1-null-transfer,17808469842853341056,5629719305779792711,4797265403444092823,0.3445165000157431,,,batch-f1-null-transfer-20260824-001
F1,X1,X2,f1-null-transfer,74,9,0.04883153073177587,0.73,residual_samples/batch-74-replication-9.csv,null_statistics/batch-74-replication-9.npy,batch-f1-null-transfer,7422263615389767873,15361004745526279327,7722852674031620038,0.3446492999792099,,,batch-f1-null-transfer-20260824-001
F1,X1,X2,f1-null-transfer,75,0,0.046931241316987234,0.72,residual_samples/batch-75-replication-0.csv,null_statistics/batch-75-replication-0.npy,batch-f1-null-transfer,14977104932912852113,10328021274868022450,11252701816476006302,0.32177610002690926,,,batch-f1-null-transfer-20260824-001
F1,X1,X2,f1-null-transfer,75,1,0.04563817815983084,0.835,residual_samples/batch-75-replication-1.csv,null_statistics/batch-75-replication-1.npy,batch-f1-null-transfer,15832767314933036373,3970148409009367537,14576863053662406788,0.34594780002953485,,,batch-f1-null-transfer-20260824-001
F1,X1,X2,f1-null-transfer,75,2,0.042832178293640326,0.89,residual_samples/batch-75-replication-2.csv,null_statistics/batch-75-replication-2.npy,batch-f1-null-transfer,11380663655765354286,14736801269364227067,12517804211172069825,0.34588589996565133,,,batch-f1-null-transfer-20260824-001
F1,X1,X2,f1-null-transfer,75,3,0.05375797407822737,0.56,residual_samples/batch-75-replication-3.csv,null_statistics/batch-75-replication-3.npy,batch-f1-null-transfer,2136790202372107520,14487164377558425641,5771078811682458600,0.3484908000100404,,,batch-f1-null-transfer-20260824-001
F1,X1,X2,f1-null-transfer,75,4,0.05896939936624542,0.305,residual_samples/batch-75-replication-4.csv,null_statistics/batch-75-replication-4.npy,batch-f1-null-transfer,738246115743473879,11532495952128843755,1397145884552964570,0.3411353000556119,,,batch-f1-null-transfer-20260824-001
F1,X1,X2,f1-null-transfer,75,5,0.05336441020393807,0.47,residual_samples/batch-75-replication-5.csv,null_statistics/batch-75-replication-5.npy,batch-f1-null-transfer,17076412398245384621,10644371306998574889,11010663844847074733,0.3398324999725446,,,batch-f1-null-transfer-20260824-001
F1,X1,X2,f1-null-transfer,75,6,0.0496143712491846,0.69,residual_samples/batch-75-replication-6.csv,null_statistics/batch-75-replication-6.npy,batch-f1-null-transfer,5236789058185993057,3369143057686313826,12011443758079513310,0.34457899996777996,,,batch-f1-null-transfer-20260824-001
F1,X1,X2,f1-null-transfer,75,7,0.049863821697606205,0.615,residual_samples/batch-75-replication-7.csv,null_statistics/batch-75-replication-7.npy,batch-f1-null-transfer,14247454137153991466,9928921500882999131,14203415277652691983,0.3277726999949664,,,batch-f1-null-transfer-20260824-001
F1,X1,X2,f1-null-transfer,75,8,0.05736979147787897,0.355,residual_samples/batch-75-replication-8.csv,null_statistics/batch-75-replication-8.npy,batch-f1-null-transfer,17179499062214372053,3708471089469862156,11759657501841262177,0.3490680999821052,,,batch-f1-null-transfer-20260824-001
F1,X1,X2,f1-null-transfer,75,9,0.059593660898438566,0.245,residual_samples/batch-75-replication-9.csv,null_statistics/batch-75-replication-9.npy,batch-f1-null-transfer,6231227885182108251,11492537432277082817,13041862399675346197,0.3455782000091858,,,batch-f1-null-transfer-20260824-001
F1,X1,X2,f1-null-transfer,76,0,0.06309149407303917,0.225,residual_samples/batch-76-replication-0.csv,null_statistics/batch-76-replication-0.npy,batch-f1-null-transfer,4856276465381127963,16813056805206182551,17668119352312970973,0.342520100006368,,,batch-f1-null-transfer-20260824-001
F1,X1,X2,f1-null-transfer,76,1,0.06737761125926638,0.125,residual_samples/batch-76-replication-1.csv,null_statistics/batch-76-replication-1.npy,batch-f1-null-transfer,13404648097952158721,1393383520437179091,16465554373985565313,0.3528974000364542,,,batch-f1-null-transfer-20260824-001
F1,X1,X2,f1-null-transfer,76,2,0.0559222971628493,0.405,residual_samples/batch-76-replication-2.csv,null_statistics/batch-76-replication-2.npy,batch-f1-null-transfer,1247575554749261828,4426923662485523741,12343469652874135572,0.3435651999898255,,,batch-f1-null-transfer-20260824-001
F1,X1,X2,f1-null-transfer,76,3,0.04570705073843022,0.855,residual_samples/batch-76-replication-3.csv,null_statistics/batch-76-replication-3.npy,batch-f1-null-transfer,11801501947135377565,4146748511826009087,7746177786980109437,0.34317469998495653,,,batch-f1-null-transfer-20260824-001
F1,X1,X2,f1-null-transfer,76,4,0.04455217934955652,0.865,residual_samples/batch-76-replication-4.csv,null_statistics/batch-76-replication-4.npy,batch-f1-null-transfer,4049855852328674330,17293941890685102313,11116499639316244407,0.34811729995999485,,,batch-f1-null-transfer-20260824-001
F1,X1,X2,f1-null-transfer,76,5,0.0585392845973148,0.28,residual_samples/batch-76-replication-5.csv,null_statistics/batch-76-replication-5.npy,batch-f1-null-transfer,13188355915352146742,15026811531524439439,14488162292927348665,0.3429205000284128,,,batch-f1-null-transfer-20260824-001
F1,X1,X2,f1-null-transfer,76,6,0.08355920395935305,0.02,residual_samples/batch-76-replication-6.csv,null_statistics/batch-76-replication-6.npy,batch-f1-null-transfer,2563106658939277436,8475782929672320841,4297360561529159455,0.3439537000376731,,,batch-f1-null-transfer-20260824-001
F1,X1,X2,f1-null-transfer,76,7,0.05177438742020991,0.555,residual_samples/batch-76-replication-7.csv,null_statistics/batch-76-replication-7.npy,batch-f1-null-transfer,6003750659250884241,9216267561511940736,7355066870512658534,0.34253660001559183,,,batch-f1-null-transfer-20260824-001
F1,X1,X2,f1-null-transfer,76,8,0.04611931973232916,0.77,residual_samples/batch-76-replication-8.csv,null_statistics/batch-76-replication-8.npy,batch-f1-null-transfer,11829732508283116912,7535220246135309004,15892685332777138307,0.34321930003352463,,,batch-f1-null-transfer-20260824-001
F1,X1,X2,f1-null-transfer,76,9,0.08418715510807408,0.025,residual_samples/batch-76-replication-9.csv,null_statistics/batch-76-replication-9.npy,batch-f1-null-transfer,11733872782028508320,15335236168011014202,2198122681493392816,0.3440796999493614,,,batch-f1-null-transfer-20260824-001
F1,X1,X2,f1-null-transfer,77,0,0.052070152020623844,0.555,residual_samples/batch-77-replication-0.csv,null_statistics/batch-77-replication-0.npy,batch-f1-null-transfer,7148015701942687761,4349800477672633291,17975726179904290511,0.3480114000267349,,,batch-f1-null-transfer-20260824-001
F1,X1,X2,f1-null-transfer,77,1,0.04500801131434269,0.885,residual_samples/batch-77-replication-1.csv,null_statistics/batch-77-replication-1.npy,batch-f1-null-transfer,2085189825731069912,7251782806264842847,3928576397632538968,0.3471333000343293,,,batch-f1-null-transfer-20260824-001
F1,X1,X2,f1-null-transfer,77,2,0.05668153737194045,0.385,residual_samples/batch-77-replication-2.csv,null_statistics/batch-77-replication-2.npy,batch-f1-null-transfer,11777040601495529800,14080812597549572033,16855009126978246473,0.34385950001887977,,,batch-f1-null-transfer-20260824-001
F1,X1,X2,f1-null-transfer,77,3,0.05481120853339452,0.395,residual_samples/batch-77-replication-3.csv,null_statistics/batch-77-replication-3.npy,batch-f1-null-transfer,4384506172445954711,17636379541371248259,9762710301000849636,0.3558731999946758,,,batch-f1-null-transfer-20260824-001
F1,X1,X2,f1-null-transfer,77,4,0.07275784141886492,0.07,residual_samples/batch-77-replication-4.csv,null_statistics/batch-77-replication-4.npy,batch-f1-null-transfer,10208901423579453992,6200501706166992606,7169822661409467356,0.3434539000154473,,,batch-f1-null-transfer-20260824-001
F1,X1,X2,f1-null-transfer,77,5,0.05872675007696587,0.315,residual_samples/batch-77-replication-5.csv,null_statistics/batch-77-replication-5.npy,batch-f1-null-transfer,5971101898400933045,6108969789190043737,18065390792987468671,0.3452466000453569,,,batch-f1-null-transfer-20260824-001
F1,X1,X2,f1-null-transfer,77,6,0.05882417522712624,0.305,residual_samples/batch-77-replication-6.csv,null_statistics/batch-77-replication-6.npy,batch-f1-null-transfer,11680482476646315688,11782825761215291822,831711570223382246,0.34792300005210564,,,batch-f1-null-transfer-20260824-001
F1,X1,X2,f1-null-transfer,77,7,0.04924107290872649,0.685,residual_samples/batch-77-replication-7.csv,null_statistics/batch-77-replication-7.npy,batch-f1-null-transfer,1240893291862045370,17343833871980896587,14411814818992494227,0.3415528999757953,,,batch-f1-null-transfer-20260824-001
F1,X1,X2,f1-null-transfer,77,8,0.04509256508802068,0.795,residual_samples/batch-77-replication-8.csv,null_statistics/batch-77-replication-8.npy,batch-f1-null-transfer,5822333954771482329,5315740379752344577,801590289946477723,0.34657559997867793,,,batch-f1-null-transfer-20260824-001
F1,X1,X2,f1-null-transfer,77,9,0.04349834331245619,0.85,residual_samples/batch-77-replication-9.csv,null_statistics/batch-77-replication-9.npy,batch-f1-null-transfer,14524888637773244921,15827525874467156320,11269657070357088146,0.34767739998642355,,,batch-f1-null-transfer-20260824-001
F1,X1,X2,f1-null-transfer,78,0,0.052705784257240165,0.53,residual_samples/batch-78-replication-0.csv,null_statistics/batch-78-replication-0.npy,batch-f1-null-transfer,9907330523275662817,306784944872631023,10543054306277596915,0.34148020000429824,,,batch-f1-null-transfer-20260824-001
F1,X1,X2,f1-null-transfer,78,1,0.07260500888355421,0.06,residual_samples/batch-78-replication-1.csv,null_statistics/batch-78-replication-1.npy,batch-f1-null-transfer,14140819847495983265,1899284139978660259,13519696444162813838,0.34432739997282624,,,batch-f1-null-transfer-20260824-001
F1,X1,X2,f1-null-transfer,78,2,0.04603338299107354,0.805,residual_samples/batch-78-replication-2.csv,null_statistics/batch-78-replication-2.npy,batch-f1-null-transfer,10398632482419415099,7335805667045879912,5735818299944194749,0.3223357999813743,,,batch-f1-null-transfer-20260824-001
F1,X1,X2,f1-null-transfer,78,3,0.05525355547606178,0.425,residual_samples/batch-78-replication-3.csv,null_statistics/batch-78-replication-3.npy,batch-f1-null-transfer,779619994850917699,14181666912710642738,1135871741567369161,0.3414659000118263,,,batch-f1-null-transfer-20260824-001
F1,X1,X2,f1-null-transfer,78,4,0.04653092861789819,0.78,residual_samples/batch-78-replication-4.csv,null_statistics/batch-78-replication-4.npy,batch-f1-null-transfer,18179300370677109427,8779124462554633319,10321656913053533552,0.34477229998447,,,batch-f1-null-transfer-20260824-001
F1,X1,X2,f1-null-transfer,78,5,0.03757504340990528,0.99,residual_samples/batch-78-replication-5.csv,null_statistics/batch-78-replication-5.npy,batch-f1-null-transfer,8295563231114070372,2970587338925243105,12259557138559808769,0.34708199999295175,,,batch-f1-null-transfer-20260824-001
F1,X1,X2,f1-null-transfer,78,6,0.05092484530017407,0.625,residual_samples/batch-78-replication-6.csv,null_statistics/batch-78-replication-6.npy,batch-f1-null-transfer,2877271740127401186,16149141073986272392,1878814116471809266,0.3421888999873772,,,batch-f1-null-transfer-20260824-001
F1,X1,X2,f1-null-transfer,78,7,0.05597601314961827,0.435,residual_samples/batch-78-replication-7.csv,null_statistics/batch-78-replication-7.npy,batch-f1-null-transfer,12698734857812342385,10284607951262670863,25183785190070122,0.34308630001032725,,,batch-f1-null-transfer-20260824-001
F1,X1,X2,f1-null-transfer,78,8,0.06862376142467318,0.16,residual_samples/batch-78-replication-8.csv,null_statistics/batch-78-replication-8.npy,batch-f1-null-transfer,14032549794887909722,10426559274736033990,5033254583264389044,0.3448709999793209,,,batch-f1-null-transfer-20260824-001
F1,X1,X2,f1-null-transfer,78,9,0.042248278025260884,0.91,residual_samples/batch-78-replication-9.csv,null_statistics/batch-78-replication-9.npy,batch-f1-null-transfer,8283692397598251007,13715473231117380370,10919699524460089606,0.34298620000481606,,,batch-f1-null-transfer-20260824-001
F1,X1,X2,f1-null-transfer,79,0,0.040620116857366356,0.965,residual_samples/batch-79-replication-0.csv,null_statistics/batch-79-replication-0.npy,batch-f1-null-transfer,10426370159948007872,13556485600277397007,14776419444887446417,0.3453802000149153,,,batch-f1-null-transfer-20260824-001
F1,X1,X2,f1-null-transfer,79,1,0.05836190211450023,0.3,residual_samples/batch-79-replication-1.csv,null_statistics/batch-79-replication-1.npy,batch-f1-null-transfer,7440494131929240708,13261909645988406802,2819607191920262528,0.3435021000332199,,,batch-f1-null-transfer-20260824-001
F1,X1,X2,f1-null-transfer,79,2,0.06485403544628264,0.145,residual_samples/batch-79-replication-2.csv,null_statistics/batch-79-replication-2.npy,batch-f1-null-transfer,2136213536465215973,3444096628321135384,5201439341290380456,0.3376715999911539,,,batch-f1-null-transfer-20260824-001
F1,X1,X2,f1-null-transfer,79,3,0.07113458688134572,0.075,residual_samples/batch-79-replication-3.csv,null_statistics/batch-79-replication-3.npy,batch-f1-null-transfer,10830009036598276784,10784129154224946587,10895336834879095034,0.34556839999277145,,,batch-f1-null-transfer-20260824-001
F1,X1,X2,f1-null-transfer,79,4,0.05439943869967425,0.395,residual_samples/batch-79-replication-4.csv,null_statistics/batch-79-replication-4.npy,batch-f1-null-transfer,16869325529048223177,14500254499963927116,8322563124701813918,0.34402169997338206,,,batch-f1-null-transfer-20260824-001
F1,X1,X2,f1-null-transfer,79,5,0.05736402431486565,0.34,residual_samples/batch-79-replication-5.csv,null_statistics/batch-79-replication-5.npy,batch-f1-null-transfer,4930283217787777593,13774882830610233973,8610138755132828526,0.3414633999927901,,,batch-f1-null-transfer-20260824-001
F1,X1,X2,f1-null-transfer,79,6,0.04444070150434949,0.815,residual_samples/batch-79-replication-6.csv,null_statistics/batch-79-replication-6.npy,batch-f1-null-transfer,5981962019183131689,13687499348002786587,15323008638821829253,0.3457003999501467,,,batch-f1-null-transfer-20260824-001
F1,X1,X2,f1-null-transfer,79,7,0.049988633817128654,0.655,residual_samples/batch-79-replication-7.csv,null_statistics/batch-79-replication-7.npy,batch-f1-null-transfer,14137760546512465930,14114788393235780436,8544911434621076393,0.3435978000052273,,,batch-f1-null-transfer-20260824-001
F1,X1,X2,f1-null-transfer,79,8,0.0412047298647265,0.925,residual_samples/batch-79-replication-8.csv,null_statistics/batch-79-replication-8.npy,batch-f1-null-transfer,4371592577501435144,3340409936129515869,1545509873414407842,0.3407176000182517,,,batch-f1-null-transfer-20260824-001
F1,X1,X2,f1-null-transfer,79,9,0.05885966237055127,0.295,residual_samples/batch-79-replication-9.csv,null_statistics/batch-79-replication-9.npy,batch-f1-null-transfer,3625709106498360728,18354474585265977805,16679317256146891355,0.3443904000450857,,,batch-f1-null-transfer-20260824-001
F1,X1,X2,f1-null-transfer,80,0,0.054518106671945135,0.445,residual_samples/batch-80-replication-0.csv,null_statistics/batch-80-replication-0.npy,batch-f1-null-transfer,5109031342804501105,6554556349552190141,9435847189797082793,0.3407588999834843,,,batch-f1-null-transfer-20260824-001
F1,X1,X2,f1-null-transfer,80,1,0.04607442448414157,0.725,residual_samples/batch-80-replication-1.csv,null_statistics/batch-80-replication-1.npy,batch-f1-null-transfer,12715955468242197177,16753678562693345739,8587731702574960665,0.36306770000373945,,,batch-f1-null-transfer-20260824-001
F1,X1,X2,f1-null-transfer,80,2,0.050549981740954764,0.62,residual_samples/batch-80-replication-2.csv,null_statistics/batch-80-replication-2.npy,batch-f1-null-transfer,17728923727594140285,16233484515654875661,15919988847658600627,0.34633120003854856,,,batch-f1-null-transfer-20260824-001
F1,X1,X2,f1-null-transfer,80,3,0.04826354600284305,0.68,residual_samples/batch-80-replication-3.csv,null_statistics/batch-80-replication-3.npy,batch-f1-null-transfer,12215293096940325264,12363679443023686077,2075173080084739069,0.3014022999559529,,,batch-f1-null-transfer-20260824-001
F1,X1,X2,f1-null-transfer,80,4,0.061754001016910726,0.225,residual_samples/batch-80-replication-4.csv,null_statistics/batch-80-replication-4.npy,batch-f1-null-transfer,2805239491435814234,10067931203446397438,838116313648670221,0.34092509996844456,,,batch-f1-null-transfer-20260824-001
F1,X1,X2,f1-null-transfer,80,5,0.0406510093942917,0.955,residual_samples/batch-80-replication-5.csv,null_statistics/batch-80-replication-5.npy,batch-f1-null-transfer,17088343102707749932,16075989754599721683,15342330984412904687,0.36736069998005405,,,batch-f1-null-transfer-20260824-001
F1,X1,X2,f1-null-transfer,80,6,0.04544687961298387,0.88,residual_samples/batch-80-replication-6.csv,null_statistics/batch-80-replication-6.npy,batch-f1-null-transfer,10080629237176915072,18014103133970420968,8779759482164403242,0.34175130003131926,,,batch-f1-null-transfer-20260824-001
F1,X1,X2,f1-null-transfer,80,7,0.04791617165570072,0.695,residual_samples/batch-80-replication-7.csv,null_statistics/batch-80-replication-7.npy,batch-f1-null-transfer,9650804589863018519,540766532654263794,18015697059835947587,0.3404881999595091,,,batch-f1-null-transfer-20260824-001
F1,X1,X2,f1-null-transfer,80,8,0.05623609816793917,0.395,residual_samples/batch-80-replication-8.csv,null_statistics/batch-80-replication-8.npy,batch-f1-null-transfer,16023110174980348959,8169495633832964754,16623987929670925886,0.3473465000279248,,,batch-f1-null-transfer-20260824-001
F1,X1,X2,f1-null-transfer,80,9,0.0711916232173317,0.065,residual_samples/batch-80-replication-9.csv,null_statistics/batch-80-replication-9.npy,batch-f1-null-transfer,9968529343533559653,13553301938683926243,8955523706487340673,0.34701379999751225,,,batch-f1-null-transfer-20260824-001
F1,X1,X2,f1-null-transfer,81,0,0.03900413019409471,0.975,residual_samples/batch-81-replication-0.csv,null_statistics/batch-81-replication-0.npy,batch-f1-null-transfer,6935131481146067558,6360084171113172162,3199172150640574069,0.3419849000056274,,,batch-f1-null-transfer-20260824-001
F1,X1,X2,f1-null-transfer,81,1,0.05652578722524626,0.395,residual_samples/batch-81-replication-1.csv,null_statistics/batch-81-replication-1.npy,batch-f1-null-transfer,13086840909829942558,12088637424528271284,988756472370796988,0.34476680000079796,,,batch-f1-null-transfer-20260824-001
F1,X1,X2,f1-null-transfer,81,2,0.0442088063010695,0.86,residual_samples/batch-81-replication-2.csv,null_statistics/batch-81-replication-2.npy,batch-f1-null-transfer,883684157824816869,17989353417851238447,13672427897981048720,0.34303569997427985,,,batch-f1-null-transfer-20260824-001
F1,X1,X2,f1-null-transfer,81,3,0.06325337468304518,0.2,residual_samples/batch-81-replication-3.csv,null_statistics/batch-81-replication-3.npy,batch-f1-null-transfer,6050105548780411234,6309269971053449347,16565356556039219558,0.3434304000111297,,,batch-f1-null-transfer-20260824-001
F1,X1,X2,f1-null-transfer,81,4,0.07606620535100427,0.07,residual_samples/batch-81-replication-4.csv,null_statistics/batch-81-replication-4.npy,batch-f1-null-transfer,3120857802729875829,7882684098780253196,11043646858523502973,0.43770130001939833,,,batch-f1-null-transfer-20260824-001
F1,X1,X2,f1-null-transfer,81,5,0.05934683638179863,0.315,residual_samples/batch-81-replication-5.csv,null_statistics/batch-81-replication-5.npy,batch-f1-null-transfer,8974732906285644741,5380839370425348569,10040433283678837939,0.3434246000251733,,,batch-f1-null-transfer-20260824-001
F1,X1,X2,f1-null-transfer,81,6,0.04607843336835471,0.8,residual_samples/batch-81-replication-6.csv,null_statistics/batch-81-replication-6.npy,batch-f1-null-transfer,3271922008351581662,6155964852945423168,3802422955992596306,0.34721770003670827,,,batch-f1-null-transfer-20260824-001
F1,X1,X2,f1-null-transfer,81,7,0.04368627767436506,0.905,residual_samples/batch-81-replication-7.csv,null_statistics/batch-81-replication-7.npy,batch-f1-null-transfer,11975188463804855320,3001876661107377334,4172854904700797164,0.34932739997748286,,,batch-f1-null-transfer-20260824-001
F1,X1,X2,f1-null-transfer,81,8,0.051861626527251466,0.545,residual_samples/batch-81-replication-8.csv,null_statistics/batch-81-replication-8.npy,batch-f1-null-transfer,2038433811640719441,17496998424952098824,2027587404226048509,0.34700080001493916,,,batch-f1-null-transfer-20260824-001
F1,X1,X2,f1-null-transfer,81,9,0.05859663918852483,0.305,residual_samples/batch-81-replication-9.csv,null_statistics/batch-81-replication-9.npy,batch-f1-null-transfer,10910543749039136059,17781027615283706000,8915056301243817677,0.3520027999766171,,,batch-f1-null-transfer-20260824-001
F1,X1,X2,f1-null-transfer,82,0,0.062866842682299,0.23,residual_samples/batch-82-replication-0.csv,null_statistics/batch-82-replication-0.npy,batch-f1-null-transfer,12335448858869559153,14800234888787616951,9111339260947529806,0.3469549000146799,,,batch-f1-null-transfer-20260824-001
F1,X1,X2,f1-null-transfer,82,1,0.04150710116620061,0.93,residual_samples/batch-82-replication-1.csv,null_statistics/batch-82-replication-1.npy,batch-f1-null-transfer,7969757465504149414,3953846741284443943,17203094693957340012,0.34674499998800457,,,batch-f1-null-transfer-20260824-001
F1,X1,X2,f1-null-transfer,82,2,0.055283836640305076,0.405,residual_samples/batch-82-replication-2.csv,null_statistics/batch-82-replication-2.npy,batch-f1-null-transfer,11228205718131924309,4794396996335202686,1760016792852245221,0.3496873999829404,,,batch-f1-null-transfer-20260824-001
F1,X1,X2,f1-null-transfer,82,3,0.052427007152678465,0.515,residual_samples/batch-82-replication-3.csv,null_statistics/batch-82-replication-3.npy,batch-f1-null-transfer,1824978879510989856,2719963299900099785,6207177566365397549,0.3482401000219397,,,batch-f1-null-transfer-20260824-001
F1,X1,X2,f1-null-transfer,82,4,0.06230272491098299,0.235,residual_samples/batch-82-replication-4.csv,null_statistics/batch-82-replication-4.npy,batch-f1-null-transfer,5777124555324702522,5232919403265786987,11060247078722345919,0.34383209998486564,,,batch-f1-null-transfer-20260824-001
F1,X1,X2,f1-null-transfer,82,5,0.04094832255835203,0.93,residual_samples/batch-82-replication-5.csv,null_statistics/batch-82-replication-5.npy,batch-f1-null-transfer,15567603058656525112,7533179192893308527,11035323777206436027,0.34988090000115335,,,batch-f1-null-transfer-20260824-001
F1,X1,X2,f1-null-transfer,82,6,0.058455828130610184,0.275,residual_samples/batch-82-replication-6.csv,null_statistics/batch-82-replication-6.npy,batch-f1-null-transfer,4473742618873401577,12745379378690413873,1208683076816529769,0.34587840002495795,,,batch-f1-null-transfer-20260824-001
F1,X1,X2,f1-null-transfer,82,7,0.056647689200973135,0.42,residual_samples/batch-82-replication-7.csv,null_statistics/batch-82-replication-7.npy,batch-f1-null-transfer,16870927728838647075,6243548073150995601,37575464645903790,0.3443477999535389,,,batch-f1-null-transfer-20260824-001
F1,X1,X2,f1-null-transfer,82,8,0.0543652930800709,0.455,residual_samples/batch-82-replication-8.csv,null_statistics/batch-82-replication-8.npy,batch-f1-null-transfer,2665749754239525553,14752097053615559532,11150895735894083302,0.34790789999533445,,,batch-f1-null-transfer-20260824-001
F1,X1,X2,f1-null-transfer,82,9,0.04182325257126741,0.925,residual_samples/batch-82-replication-9.csv,null_statistics/batch-82-replication-9.npy,batch-f1-null-transfer,15190629034372944524,8008130237803706289,7356938726084458349,0.3447007000213489,,,batch-f1-null-transfer-20260824-001
F1,X1,X2,f1-null-transfer,83,0,0.04990547061103933,0.635,residual_samples/batch-83-replication-0.csv,null_statistics/batch-83-replication-0.npy,batch-f1-null-transfer,8312875071872990565,13884635046528910467,4522756236578615256,0.34264620003523305,,,batch-f1-null-transfer-20260824-001
F1,X1,X2,f1-null-transfer,83,1,0.04336165026011024,0.885,residual_samples/batch-83-replication-1.csv,null_statistics/batch-83-replication-1.npy,batch-f1-null-transfer,3003741355572112695,1963479594181440581,15782529202668645192,0.34816090000094846,,,batch-f1-null-transfer-20260824-001
F1,X1,X2,f1-null-transfer,83,2,0.05437740844541716,0.44,residual_samples/batch-83-replication-2.csv,null_statistics/batch-83-replication-2.npy,batch-f1-null-transfer,9426222083335417712,17393371287930767646,10266840270762069754,0.34592029999475926,,,batch-f1-null-transfer-20260824-001
F1,X1,X2,f1-null-transfer,83,3,0.04133943914623631,0.9,residual_samples/batch-83-replication-3.csv,null_statistics/batch-83-replication-3.npy,batch-f1-null-transfer,3975759317661589890,11819131942865294172,8497562515835077473,0.3442277999711223,,,batch-f1-null-transfer-20260824-001
F1,X1,X2,f1-null-transfer,83,4,0.04866586114904682,0.695,residual_samples/batch-83-replication-4.csv,null_statistics/batch-83-replication-4.npy,batch-f1-null-transfer,1322483908656747607,11141094730250958120,4301680167919827629,0.3460922999656759,,,batch-f1-null-transfer-20260824-001
F1,X1,X2,f1-null-transfer,83,5,0.049712587478738385,0.67,residual_samples/batch-83-replication-5.csv,null_statistics/batch-83-replication-5.npy,batch-f1-null-transfer,5861335204405101229,18187548889619675813,13815696598642846396,0.3446334999753162,,,batch-f1-null-transfer-20260824-001
F1,X1,X2,f1-null-transfer,83,6,0.04918039365461609,0.6,residual_samples/batch-83-replication-6.csv,null_statistics/batch-83-replication-6.npy,batch-f1-null-transfer,5206310942168654804,16997200595209736228,17798083150754701907,0.3441573999589309,,,batch-f1-null-transfer-20260824-001
F1,X1,X2,f1-null-transfer,83,7,0.05779443177844414,0.425,residual_samples/batch-83-replication-7.csv,null_statistics/batch-83-replication-7.npy,batch-f1-null-transfer,17739773620596402466,3830678175970935189,4788209818897720900,0.4323009999934584,,,batch-f1-null-transfer-20260824-001
F1,X1,X2,f1-null-transfer,83,8,0.06302424525041748,0.26,residual_samples/batch-83-replication-8.csv,null_statistics/batch-83-replication-8.npy,batch-f1-null-transfer,14505883249649447074,13200261184819673204,14591855771829826641,0.3436152000213042,,,batch-f1-null-transfer-20260824-001
F1,X1,X2,f1-null-transfer,83,9,0.04907838355231312,0.675,residual_samples/batch-83-replication-9.csv,null_statistics/batch-83-replication-9.npy,batch-f1-null-transfer,14212931872352759523,6486397881059097336,14591519815955156040,0.4161766999750398,,,batch-f1-null-transfer-20260824-001
F1,X1,X2,f1-null-transfer,84,0,0.06066782957256825,0.28,residual_samples/batch-84-replication-0.csv,null_statistics/batch-84-replication-0.npy,batch-f1-null-transfer,1416862228227201647,7478219147968164924,15659622194627716487,0.34288910002214834,,,batch-f1-null-transfer-20260824-001
F1,X1,X2,f1-null-transfer,84,1,0.03991586745241943,0.975,residual_samples/batch-84-replication-1.csv,null_statistics/batch-84-replication-1.npy,batch-f1-null-transfer,2113030187812536802,11959624369392172433,4998200904962531282,0.34510150004643947,,,batch-f1-null-transfer-20260824-001
F1,X1,X2,f1-null-transfer,84,2,0.050468797070172225,0.665,residual_samples/batch-84-replication-2.csv,null_statistics/batch-84-replication-2.npy,batch-f1-null-transfer,14909562362765799862,1308092684687760720,14236062242193223457,0.34855150000657886,,,batch-f1-null-transfer-20260824-001
F1,X1,X2,f1-null-transfer,84,3,0.04156862436747446,0.93,residual_samples/batch-84-replication-3.csv,null_statistics/batch-84-replication-3.npy,batch-f1-null-transfer,15047424493810409539,15704974855744812679,9326756322375260939,0.3454529999871738,,,batch-f1-null-transfer-20260824-001
F1,X1,X2,f1-null-transfer,84,4,0.04731667868670697,0.77,residual_samples/batch-84-replication-4.csv,null_statistics/batch-84-replication-4.npy,batch-f1-null-transfer,1271998017013563852,10525376303880088438,5188788275612461820,0.3448006000253372,,,batch-f1-null-transfer-20260824-001
F1,X1,X2,f1-null-transfer,84,5,0.05508981878437181,0.405,residual_samples/batch-84-replication-5.csv,null_statistics/batch-84-replication-5.npy,batch-f1-null-transfer,3339458769461973647,13993631787736884625,2447726533697205584,0.2669754999806173,,,batch-f1-null-transfer-20260824-001
F1,X1,X2,f1-null-transfer,84,6,0.043927431074238965,0.85,residual_samples/batch-84-replication-6.csv,null_statistics/batch-84-replication-6.npy,batch-f1-null-transfer,5082021845828606686,10038039193445458270,3973271382203853449,0.3452548999921419,,,batch-f1-null-transfer-20260824-001
F1,X1,X2,f1-null-transfer,84,7,0.04696625204689225,0.805,residual_samples/batch-84-replication-7.csv,null_statistics/batch-84-replication-7.npy,batch-f1-null-transfer,16890157598830200902,7324225692223090334,1901679506635316147,0.3439930999884382,,,batch-f1-null-transfer-20260824-001
F1,X1,X2,f1-null-transfer,84,8,0.09927934610383937,0.01,residual_samples/batch-84-replication-8.csv,null_statistics/batch-84-replication-8.npy,batch-f1-null-transfer,12351612557890078323,11570264931266110082,5164537568928622617,0.35117990005528554,,,batch-f1-null-transfer-20260824-001
F1,X1,X2,f1-null-transfer,84,9,0.050225574131125425,0.62,residual_samples/batch-84-replication-9.csv,null_statistics/batch-84-replication-9.npy,batch-f1-null-transfer,7973945146037222439,5975098213872301355,9666741010116389480,0.3462965000071563,,,batch-f1-null-transfer-20260824-001
F1,X1,X2,f1-null-transfer,85,0,0.047018373184836114,0.75,residual_samples/batch-85-replication-0.csv,null_statistics/batch-85-replication-0.npy,batch-f1-null-transfer,740311047028221810,13471361929833638159,2603110573374092640,0.3467114000231959,,,batch-f1-null-transfer-20260824-001
F1,X1,X2,f1-null-transfer,85,1,0.052632085360503775,0.535,residual_samples/batch-85-replication-1.csv,null_statistics/batch-85-replication-1.npy,batch-f1-null-transfer,6108681583456374494,13283303642000700660,9038112792781819951,0.3484656999935396,,,batch-f1-null-transfer-20260824-001
F1,X1,X2,f1-null-transfer,85,2,0.06479759200153917,0.19,residual_samples/batch-85-replication-2.csv,null_statistics/batch-85-replication-2.npy,batch-f1-null-transfer,12827246119668990792,15177118090068554698,1056244704786041000,0.3446638999739662,,,batch-f1-null-transfer-20260824-001
F1,X1,X2,f1-null-transfer,85,3,0.0487862174886459,0.63,residual_samples/batch-85-replication-3.csv,null_statistics/batch-85-replication-3.npy,batch-f1-null-transfer,8698235590290272587,9236956870350680883,17643944683303620542,0.3487986999680288,,,batch-f1-null-transfer-20260824-001
F1,X1,X2,f1-null-transfer,85,4,0.06149639734436664,0.21,residual_samples/batch-85-replication-4.csv,null_statistics/batch-85-replication-4.npy,batch-f1-null-transfer,3327817047145898762,13411624478436242979,14557818482095910260,0.35030420002294704,,,batch-f1-null-transfer-20260824-001
F1,X1,X2,f1-null-transfer,85,5,0.06410702090894824,0.12,residual_samples/batch-85-replication-5.csv,null_statistics/batch-85-replication-5.npy,batch-f1-null-transfer,841321367808290830,4068276559268586482,3081384414211647018,0.3456578000332229,,,batch-f1-null-transfer-20260824-001
F1,X1,X2,f1-null-transfer,85,6,0.045538603130554786,0.805,residual_samples/batch-85-replication-6.csv,null_statistics/batch-85-replication-6.npy,batch-f1-null-transfer,14645403294485643849,1348026709678668304,12963060875243002779,0.43150309997145087,,,batch-f1-null-transfer-20260824-001
F1,X1,X2,f1-null-transfer,85,7,0.053207846420125215,0.46,residual_samples/batch-85-replication-7.csv,null_statistics/batch-85-replication-7.npy,batch-f1-null-transfer,1633657185884148693,4023541893467184908,16904149542115649355,0.39903939998475835,,,batch-f1-null-transfer-20260824-001
F1,X1,X2,f1-null-transfer,85,8,0.051389845308891825,0.485,residual_samples/batch-85-replication-8.csv,null_statistics/batch-85-replication-8.npy,batch-f1-null-transfer,9672672149288833721,120511180432827734,719462078579878613,0.3503556000068784,,,batch-f1-null-transfer-20260824-001
F1,X1,X2,f1-null-transfer,85,9,0.056736031745845975,0.36,residual_samples/batch-85-replication-9.csv,null_statistics/batch-85-replication-9.npy,batch-f1-null-transfer,13113966799196814440,18126967736555604524,8849679174024577239,0.35166689998004586,,,batch-f1-null-transfer-20260824-001
F1,X1,X2,f1-null-transfer,86,0,0.05555332587628838,0.38,residual_samples/batch-86-replication-0.csv,null_statistics/batch-86-replication-0.npy,batch-f1-null-transfer,984527771328801861,17366433188181603718,13045567430664730024,0.35161780001362786,,,batch-f1-null-transfer-20260824-001
F1,X1,X2,f1-null-transfer,86,1,0.040944383909850765,0.96,residual_samples/batch-86-replication-1.csv,null_statistics/batch-86-replication-1.npy,batch-f1-null-transfer,15812496056391855773,14070353074995996720,15822837222230519115,0.34480639995308593,,,batch-f1-null-transfer-20260824-001
F1,X1,X2,f1-null-transfer,86,2,0.06047858862289934,0.26,residual_samples/batch-86-replication-2.csv,null_statistics/batch-86-replication-2.npy,batch-f1-null-transfer,17802380726732566589,14057539739788811259,2786631183398793189,0.37760319997323677,,,batch-f1-null-transfer-20260824-001
F1,X1,X2,f1-null-transfer,86,3,0.03761038749071126,0.99,residual_samples/batch-86-replication-3.csv,null_statistics/batch-86-replication-3.npy,batch-f1-null-transfer,4110043513506385075,10954149709177200258,228935787843572300,0.39014970004791394,,,batch-f1-null-transfer-20260824-001
F1,X1,X2,f1-null-transfer,86,4,0.06678277060348761,0.14,residual_samples/batch-86-replication-4.csv,null_statistics/batch-86-replication-4.npy,batch-f1-null-transfer,1319752980748311661,3053900999642642306,7782111145231482721,0.36014020000584424,,,batch-f1-null-transfer-20260824-001
F1,X1,X2,f1-null-transfer,86,5,0.04785298997344424,0.66,residual_samples/batch-86-replication-5.csv,null_statistics/batch-86-replication-5.npy,batch-f1-null-transfer,13787180959324964722,5637693754045865396,3045703100542224340,0.36144040001090616,,,batch-f1-null-transfer-20260824-001
F1,X1,X2,f1-null-transfer,86,6,0.043343994462448174,0.9,residual_samples/batch-86-replication-6.csv,null_statistics/batch-86-replication-6.npy,batch-f1-null-transfer,4217644852785935385,3284120933103672964,9300313834786975884,0.36067619995446876,,,batch-f1-null-transfer-20260824-001
F1,X1,X2,f1-null-transfer,86,7,0.0591889461996545,0.24,residual_samples/batch-86-replication-7.csv,null_statistics/batch-86-replication-7.npy,batch-f1-null-transfer,8899629632282630628,17093414536976869377,243710972016133537,0.38176279998151585,,,batch-f1-null-transfer-20260824-001
F1,X1,X2,f1-null-transfer,86,8,0.05105792110893897,0.6,residual_samples/batch-86-replication-8.csv,null_statistics/batch-86-replication-8.npy,batch-f1-null-transfer,987296089794210063,4517763730140499976,2815229059382047636,0.35895870003150776,,,batch-f1-null-transfer-20260824-001
F1,X1,X2,f1-null-transfer,86,9,0.04478865907318366,0.885,residual_samples/batch-86-replication-9.csv,null_statistics/batch-86-replication-9.npy,batch-f1-null-transfer,10335967206718735391,13055633547122540943,13350937809195511403,0.35030440002446994,,,batch-f1-null-transfer-20260824-001
F1,X1,X2,f1-null-transfer,87,0,0.0687761423935865,0.085,residual_samples/batch-87-replication-0.csv,null_statistics/batch-87-replication-0.npy,batch-f1-null-transfer,5463963645149915636,11666033965987478537,4385284289247288705,0.3535760000231676,,,batch-f1-null-transfer-20260824-001
F1,X1,X2,f1-null-transfer,87,1,0.05803444749526938,0.315,residual_samples/batch-87-replication-1.csv,null_statistics/batch-87-replication-1.npy,batch-f1-null-transfer,13918001330859861545,10719529154288972715,10304224696145064164,0.3543017999618314,,,batch-f1-null-transfer-20260824-001
F1,X1,X2,f1-null-transfer,87,2,0.05620858461005192,0.365,residual_samples/batch-87-replication-2.csv,null_statistics/batch-87-replication-2.npy,batch-f1-null-transfer,2649697509054905937,8035125456324190957,6419709227943418472,0.34350389998871833,,,batch-f1-null-transfer-20260824-001
F1,X1,X2,f1-null-transfer,87,3,0.05068275006265505,0.585,residual_samples/batch-87-replication-3.csv,null_statistics/batch-87-replication-3.npy,batch-f1-null-transfer,9399776434661259455,6318447680477247605,2422794905408675461,0.34945380000863224,,,batch-f1-null-transfer-20260824-001
F1,X1,X2,f1-null-transfer,87,4,0.06391329319576008,0.22,residual_samples/batch-87-replication-4.csv,null_statistics/batch-87-replication-4.npy,batch-f1-null-transfer,16687564268482134508,7220741631540360766,11082718329710442787,0.3507272999850102,,,batch-f1-null-transfer-20260824-001
F1,X1,X2,f1-null-transfer,87,5,0.05214273417210388,0.505,residual_samples/batch-87-replication-5.csv,null_statistics/batch-87-replication-5.npy,batch-f1-null-transfer,12987610414079387121,1013903087548904416,1911704146374660316,0.34410960000241175,,,batch-f1-null-transfer-20260824-001
F1,X1,X2,f1-null-transfer,87,6,0.04842818948414626,0.72,residual_samples/batch-87-replication-6.csv,null_statistics/batch-87-replication-6.npy,batch-f1-null-transfer,10069489346895565569,12691361983838812738,17240019179198232511,0.3462412999942899,,,batch-f1-null-transfer-20260824-001
F1,X1,X2,f1-null-transfer,87,7,0.04183593969415521,0.925,residual_samples/batch-87-replication-7.csv,null_statistics/batch-87-replication-7.npy,batch-f1-null-transfer,5398566330689896412,11238026150073414645,12651548085283731984,0.3456550000119023,,,batch-f1-null-transfer-20260824-001
F1,X1,X2,f1-null-transfer,87,8,0.058201104942954766,0.29,residual_samples/batch-87-replication-8.csv,null_statistics/batch-87-replication-8.npy,batch-f1-null-transfer,14603274949060520783,12924292169374628764,1353070692414652693,0.3417634000070393,,,batch-f1-null-transfer-20260824-001
F1,X1,X2,f1-null-transfer,87,9,0.05612485992805541,0.405,residual_samples/batch-87-replication-9.csv,null_statistics/batch-87-replication-9.npy,batch-f1-null-transfer,9386762767988808922,8232748034850654055,17323293011435707734,0.34576160000870004,,,batch-f1-null-transfer-20260824-001
F1,X1,X2,f1-null-transfer,88,0,0.05709778740075682,0.33,residual_samples/batch-88-replication-0.csv,null_statistics/batch-88-replication-0.npy,batch-f1-null-transfer,14811729217258243789,4830460577421592039,11340681027589607737,0.3510424000560306,,,batch-f1-null-transfer-20260824-001
F1,X1,X2,f1-null-transfer,88,1,0.04039237231655208,0.96,residual_samples/batch-88-replication-1.csv,null_statistics/batch-88-replication-1.npy,batch-f1-null-transfer,5270346724518597638,213014974335788665,4989736499563691797,0.35959709994494915,,,batch-f1-null-transfer-20260824-001
F1,X1,X2,f1-null-transfer,88,2,0.06203497391973765,0.235,residual_samples/batch-88-replication-2.csv,null_statistics/batch-88-replication-2.npy,batch-f1-null-transfer,6895391576282242473,12859976268752710870,7785915420190442416,0.3613772999960929,,,batch-f1-null-transfer-20260824-001
F1,X1,X2,f1-null-transfer,88,3,0.07838479457347955,0.035,residual_samples/batch-88-replication-3.csv,null_statistics/batch-88-replication-3.npy,batch-f1-null-transfer,15159078682632401355,6981527930423955330,11653887997375003875,0.3564808000228368,,,batch-f1-null-transfer-20260824-001
F1,X1,X2,f1-null-transfer,88,4,0.06469449232580744,0.175,residual_samples/batch-88-replication-4.csv,null_statistics/batch-88-replication-4.npy,batch-f1-null-transfer,17596099836076188182,15953357758248292849,9429886679949918826,0.34621879999758676,,,batch-f1-null-transfer-20260824-001
F1,X1,X2,f1-null-transfer,88,5,0.06754777619996624,0.135,residual_samples/batch-88-replication-5.csv,null_statistics/batch-88-replication-5.npy,batch-f1-null-transfer,8887402735191751733,4429107477743123511,7420242547310706507,0.345553099992685,,,batch-f1-null-transfer-20260824-001
F1,X1,X2,f1-null-transfer,88,6,0.06494515622795476,0.2,residual_samples/batch-88-replication-6.csv,null_statistics/batch-88-replication-6.npy,batch-f1-null-transfer,17434025705933638696,7086560832082923842,5803300637627312068,0.3496309000183828,,,batch-f1-null-transfer-20260824-001
F1,X1,X2,f1-null-transfer,88,7,0.057253780779118954,0.31,residual_samples/batch-88-replication-7.csv,null_statistics/batch-88-replication-7.npy,batch-f1-null-transfer,17127374208986457587,16410406218030592289,9315826236777820528,0.34702630003448576,,,batch-f1-null-transfer-20260824-001
F1,X1,X2,f1-null-transfer,88,8,0.051469016385174954,0.56,residual_samples/batch-88-replication-8.csv,null_statistics/batch-88-replication-8.npy,batch-f1-null-transfer,15000516891722955945,18100671275675963891,11566002006847597250,0.3262309999554418,,,batch-f1-null-transfer-20260824-001
F1,X1,X2,f1-null-transfer,88,9,0.050206063769758856,0.65,residual_samples/batch-88-replication-9.csv,null_statistics/batch-88-replication-9.npy,batch-f1-null-transfer,5743264952302978566,2503692077266006319,14076498933114288065,0.34384659997886047,,,batch-f1-null-transfer-20260824-001
F1,X1,X2,f1-null-transfer,89,0,0.04578541524958727,0.77,residual_samples/batch-89-replication-0.csv,null_statistics/batch-89-replication-0.npy,batch-f1-null-transfer,14821112396895530490,18250773849712720710,8817715428042687843,0.3478177000069991,,,batch-f1-null-transfer-20260824-001
F1,X1,X2,f1-null-transfer,89,1,0.04177440415285904,0.925,residual_samples/batch-89-replication-1.csv,null_statistics/batch-89-replication-1.npy,batch-f1-null-transfer,1718895371134439064,13793851074877187433,2998326661992581950,0.35357809998095036,,,batch-f1-null-transfer-20260824-001
F1,X1,X2,f1-null-transfer,89,2,0.11884643791230699,0.005,residual_samples/batch-89-replication-2.csv,null_statistics/batch-89-replication-2.npy,batch-f1-null-transfer,6362060231577661112,8157037236273524253,1310085776065333092,0.3487365000182763,,,batch-f1-null-transfer-20260824-001
F1,X1,X2,f1-null-transfer,89,3,0.05508654141664335,0.4,residual_samples/batch-89-replication-3.csv,null_statistics/batch-89-replication-3.npy,batch-f1-null-transfer,2674882713877772247,658871800262961730,3130768216471937049,0.3195717000053264,,,batch-f1-null-transfer-20260824-001
F1,X1,X2,f1-null-transfer,89,4,0.05230994305978426,0.525,residual_samples/batch-89-replication-4.csv,null_statistics/batch-89-replication-4.npy,batch-f1-null-transfer,16317364259289449400,17926252799867325283,15887408641495846457,0.3396737999864854,,,batch-f1-null-transfer-20260824-001
F1,X1,X2,f1-null-transfer,89,5,0.04414799480627608,0.85,residual_samples/batch-89-replication-5.csv,null_statistics/batch-89-replication-5.npy,batch-f1-null-transfer,1976949284078937947,10193695637588650725,9861778661997315843,0.3423087000264786,,,batch-f1-null-transfer-20260824-001
F1,X1,X2,f1-null-transfer,89,6,0.05622458459181821,0.355,residual_samples/batch-89-replication-6.csv,null_statistics/batch-89-replication-6.npy,batch-f1-null-transfer,17910253331214244934,800725305126632797,5523382194084014300,0.3478977999766357,,,batch-f1-null-transfer-20260824-001
F1,X1,X2,f1-null-transfer,89,7,0.06325811685603815,0.185,residual_samples/batch-89-replication-7.csv,null_statistics/batch-89-replication-7.npy,batch-f1-null-transfer,15890738474550130280,16141724416481635174,8539922013827080756,0.3438355999533087,,,batch-f1-null-transfer-20260824-001
F1,X1,X2,f1-null-transfer,89,8,0.05386590791427206,0.515,residual_samples/batch-89-replication-8.csv,null_statistics/batch-89-replication-8.npy,batch-f1-null-transfer,9746855407404467267,4077461768648372473,16743997616524689453,0.34747620002599433,,,batch-f1-null-transfer-20260824-001
F1,X1,X2,f1-null-transfer,89,9,0.09817721854834287,0.005,residual_samples/batch-89-replication-9.csv,null_statistics/batch-89-replication-9.npy,batch-f1-null-transfer,5904941405170985573,17881278483022119537,4142174158826304325,0.3359720000298694,,,batch-f1-null-transfer-20260824-001
F1,X1,X2,f1-null-transfer,90,0,0.053015133570951396,0.525,residual_samples/batch-90-replication-0.csv,null_statistics/batch-90-replication-0.npy,batch-f1-null-transfer,18161930544052963897,10302520813160344427,17274628204329508085,0.34432910004397854,,,batch-f1-null-transfer-20260824-001
F1,X1,X2,f1-null-transfer,90,1,0.0490297778318921,0.75,residual_samples/batch-90-replication-1.csv,null_statistics/batch-90-replication-1.npy,batch-f1-null-transfer,13887452412342674800,3590950031556405468,6025091298962904426,0.3459190000430681,,,batch-f1-null-transfer-20260824-001
F1,X1,X2,f1-null-transfer,90,2,0.06303310146919472,0.185,residual_samples/batch-90-replication-2.csv,null_statistics/batch-90-replication-2.npy,batch-f1-null-transfer,14636396384290816207,543309353551709532,15782274806624996201,0.3516472000046633,,,batch-f1-null-transfer-20260824-001
F1,X1,X2,f1-null-transfer,90,3,0.04718991583000721,0.765,residual_samples/batch-90-replication-3.csv,null_statistics/batch-90-replication-3.npy,batch-f1-null-transfer,1014155296859572507,16562684965680973874,7888953875220264192,0.35517960001016036,,,batch-f1-null-transfer-20260824-001
F1,X1,X2,f1-null-transfer,90,4,0.05536480910555876,0.38,residual_samples/batch-90-replication-4.csv,null_statistics/batch-90-replication-4.npy,batch-f1-null-transfer,7426121881242294647,16746402684257254201,5216162754965834998,0.34244869998656213,,,batch-f1-null-transfer-20260824-001
F1,X1,X2,f1-null-transfer,90,5,0.048089170974198764,0.715,residual_samples/batch-90-replication-5.csv,null_statistics/batch-90-replication-5.npy,batch-f1-null-transfer,4246631453327843668,5612483037356583042,9063981656344495742,0.3092099000350572,,,batch-f1-null-transfer-20260824-001
F1,X1,X2,f1-null-transfer,90,6,0.04155526100566055,0.92,residual_samples/batch-90-replication-6.csv,null_statistics/batch-90-replication-6.npy,batch-f1-null-transfer,12467715543167178414,11681062921329151680,17687286948085176430,0.3475137000204995,,,batch-f1-null-transfer-20260824-001
F1,X1,X2,f1-null-transfer,90,7,0.08678678126591585,0.02,residual_samples/batch-90-replication-7.csv,null_statistics/batch-90-replication-7.npy,batch-f1-null-transfer,15094741559982873792,15618246099353612917,13385000396743404996,0.3453235999913886,,,batch-f1-null-transfer-20260824-001
F1,X1,X2,f1-null-transfer,90,8,0.055427851286978094,0.43,residual_samples/batch-90-replication-8.csv,null_statistics/batch-90-replication-8.npy,batch-f1-null-transfer,3780510032308055056,1185861593788983892,6547205655391279823,0.34943860000930727,,,batch-f1-null-transfer-20260824-001
F1,X1,X2,f1-null-transfer,90,9,0.057506417055653236,0.435,residual_samples/batch-90-replication-9.csv,null_statistics/batch-90-replication-9.npy,batch-f1-null-transfer,15559204854229778375,5149830816215509676,10848494645563051929,0.3446358000510372,,,batch-f1-null-transfer-20260824-001
F1,X1,X2,f1-null-transfer,91,0,0.0493070226711211,0.63,residual_samples/batch-91-replication-0.csv,null_statistics/batch-91-replication-0.npy,batch-f1-null-transfer,15058985967042019726,17961086040237036862,11163742055677063379,0.3465639000060037,,,batch-f1-null-transfer-20260824-001
F1,X1,X2,f1-null-transfer,91,1,0.06362059918615018,0.195,residual_samples/batch-91-replication-1.csv,null_statistics/batch-91-replication-1.npy,batch-f1-null-transfer,8698564556396324185,7754420208883147300,17181713866003382020,0.3476968000177294,,,batch-f1-null-transfer-20260824-001
F1,X1,X2,f1-null-transfer,91,2,0.05359954733577444,0.455,residual_samples/batch-91-replication-2.csv,null_statistics/batch-91-replication-2.npy,batch-f1-null-transfer,5511262737583810385,17807050495477368759,338440185335981851,0.3481450999970548,,,batch-f1-null-transfer-20260824-001
F1,X1,X2,f1-null-transfer,91,3,0.048864570613193936,0.61,residual_samples/batch-91-replication-3.csv,null_statistics/batch-91-replication-3.npy,batch-f1-null-transfer,12227982910608519121,1236020106958875981,7541465944008408894,0.348209300020244,,,batch-f1-null-transfer-20260824-001
F1,X1,X2,f1-null-transfer,91,4,0.06773292225199104,0.1,residual_samples/batch-91-replication-4.csv,null_statistics/batch-91-replication-4.npy,batch-f1-null-transfer,6971946416286430630,9752988969382314878,8463584501645973787,0.3493332999642007,,,batch-f1-null-transfer-20260824-001
F1,X1,X2,f1-null-transfer,91,5,0.06176528549993711,0.26,residual_samples/batch-91-replication-5.csv,null_statistics/batch-91-replication-5.npy,batch-f1-null-transfer,2000732214779876178,889454989271333170,16549404921669287377,0.3446815999923274,,,batch-f1-null-transfer-20260824-001
F1,X1,X2,f1-null-transfer,91,6,0.07127763154751289,0.065,residual_samples/batch-91-replication-6.csv,null_statistics/batch-91-replication-6.npy,batch-f1-null-transfer,2912077722214486734,3193869662079908160,12921353121099705103,0.34909240005072206,,,batch-f1-null-transfer-20260824-001
F1,X1,X2,f1-null-transfer,91,7,0.05660868743172093,0.405,residual_samples/batch-91-replication-7.csv,null_statistics/batch-91-replication-7.npy,batch-f1-null-transfer,8137373527280916227,5766096064604184990,10580365208781281885,0.3463795999996364,,,batch-f1-null-transfer-20260824-001
F1,X1,X2,f1-null-transfer,91,8,0.05635796895656991,0.36,residual_samples/batch-91-replication-8.csv,null_statistics/batch-91-replication-8.npy,batch-f1-null-transfer,501946909702776697,8465788443228487736,12211622422974682670,0.3438682000269182,,,batch-f1-null-transfer-20260824-001
F1,X1,X2,f1-null-transfer,91,9,0.04611718060036359,0.79,residual_samples/batch-91-replication-9.csv,null_statistics/batch-91-replication-9.npy,batch-f1-null-transfer,14089529627148195526,7763740806579764520,3675531191051735062,0.34957260004011914,,,batch-f1-null-transfer-20260824-001
F1,X1,X2,f1-null-transfer,92,0,0.05869757369062374,0.34,residual_samples/batch-92-replication-0.csv,null_statistics/batch-92-replication-0.npy,batch-f1-null-transfer,12847031044168214802,249112020059092075,13534524238720359096,0.33735399995930493,,,batch-f1-null-transfer-20260824-001
F1,X1,X2,f1-null-transfer,92,1,0.05045525910590047,0.615,residual_samples/batch-92-replication-1.csv,null_statistics/batch-92-replication-1.npy,batch-f1-null-transfer,3108305696362031951,10295499023213135275,14579502598405377679,0.3526406000019051,,,batch-f1-null-transfer-20260824-001
F1,X1,X2,f1-null-transfer,92,2,0.046435858302659706,0.795,residual_samples/batch-92-replication-2.csv,null_statistics/batch-92-replication-2.npy,batch-f1-null-transfer,18369741658685209769,16294274184730955412,11241794713349261682,0.35355290002189577,,,batch-f1-null-transfer-20260824-001
F1,X1,X2,f1-null-transfer,92,3,0.07545143845703155,0.08,residual_samples/batch-92-replication-3.csv,null_statistics/batch-92-replication-3.npy,batch-f1-null-transfer,13623153727219300075,10365717408346847835,12588866834191985121,0.34738659998402,,,batch-f1-null-transfer-20260824-001
F1,X1,X2,f1-null-transfer,92,4,0.04966747932668163,0.64,residual_samples/batch-92-replication-4.csv,null_statistics/batch-92-replication-4.npy,batch-f1-null-transfer,18311085692647102804,385133470429079203,10635165837598293956,0.35253820003708825,,,batch-f1-null-transfer-20260824-001
F1,X1,X2,f1-null-transfer,92,5,0.04867076408667426,0.695,residual_samples/batch-92-replication-5.csv,null_statistics/batch-92-replication-5.npy,batch-f1-null-transfer,7662217922540026409,1863672056863342768,12529866845332436177,0.35075209999922663,,,batch-f1-null-transfer-20260824-001
F1,X1,X2,f1-null-transfer,92,6,0.05004406633880542,0.585,residual_samples/batch-92-replication-6.csv,null_statistics/batch-92-replication-6.npy,batch-f1-null-transfer,15536850075605928224,1693476092770052202,14588271920526968760,0.33974700001999736,,,batch-f1-null-transfer-20260824-001
F1,X1,X2,f1-null-transfer,92,7,0.04631512262789314,0.77,residual_samples/batch-92-replication-7.csv,null_statistics/batch-92-replication-7.npy,batch-f1-null-transfer,10574628667415140902,9724952678330070182,7892933477663021250,0.34986179997213185,,,batch-f1-null-transfer-20260824-001
F1,X1,X2,f1-null-transfer,92,8,0.05829764028571659,0.35,residual_samples/batch-92-replication-8.csv,null_statistics/batch-92-replication-8.npy,batch-f1-null-transfer,12889464110977136197,12650980052969099760,7301741070047109785,0.3544311999576166,,,batch-f1-null-transfer-20260824-001
F1,X1,X2,f1-null-transfer,92,9,0.05881897610338388,0.285,residual_samples/batch-92-replication-9.csv,null_statistics/batch-92-replication-9.npy,batch-f1-null-transfer,17949668881213092470,8554312468887067053,9961323000105207760,0.3475406999932602,,,batch-f1-null-transfer-20260824-001
F1,X1,X2,f1-null-transfer,93,0,0.055841133764824934,0.43,residual_samples/batch-93-replication-0.csv,null_statistics/batch-93-replication-0.npy,batch-f1-null-transfer,14657986244264889053,7081975232648377922,6301450942664054974,0.3468237000051886,,,batch-f1-null-transfer-20260824-001
F1,X1,X2,f1-null-transfer,93,1,0.05576192679224202,0.395,residual_samples/batch-93-replication-1.csv,null_statistics/batch-93-replication-1.npy,batch-f1-null-transfer,10773886747819139294,15064958317797483895,5680017168578366121,0.3486333999899216,,,batch-f1-null-transfer-20260824-001
F1,X1,X2,f1-null-transfer,93,2,0.047973723196755164,0.655,residual_samples/batch-93-replication-2.csv,null_statistics/batch-93-replication-2.npy,batch-f1-null-transfer,3432529863964583780,17805466032417174918,8618020501608762856,0.34488580003380775,,,batch-f1-null-transfer-20260824-001
F1,X1,X2,f1-null-transfer,93,3,0.057405468463812045,0.395,residual_samples/batch-93-replication-3.csv,null_statistics/batch-93-replication-3.npy,batch-f1-null-transfer,16849623706021780376,1432229545754907301,11681118891975230897,0.3455209999810904,,,batch-f1-null-transfer-20260824-001
F1,X1,X2,f1-null-transfer,93,4,0.0527334189912612,0.505,residual_samples/batch-93-replication-4.csv,null_statistics/batch-93-replication-4.npy,batch-f1-null-transfer,6377813072286807236,2563598232076874136,6839605822422838715,0.3509327999781817,,,batch-f1-null-transfer-20260824-001
F1,X1,X2,f1-null-transfer,93,5,0.045314327026740535,0.84,residual_samples/batch-93-replication-5.csv,null_statistics/batch-93-replication-5.npy,batch-f1-null-transfer,13780361654420078831,14055929188024605625,9480696216375275672,0.3235526000498794,,,batch-f1-null-transfer-20260824-001
F1,X1,X2,f1-null-transfer,93,6,0.06671352007764449,0.16,residual_samples/batch-93-replication-6.csv,null_statistics/batch-93-replication-6.npy,batch-f1-null-transfer,5432897813253345014,10530453828408433803,17802876746137564621,0.3452255000011064,,,batch-f1-null-transfer-20260824-001
F1,X1,X2,f1-null-transfer,93,7,0.04113480708293542,0.93,residual_samples/batch-93-replication-7.csv,null_statistics/batch-93-replication-7.npy,batch-f1-null-transfer,2634270415950743606,2055532409661918508,12128691692421803122,0.35279129998525605,,,batch-f1-null-transfer-20260824-001
F1,X1,X2,f1-null-transfer,93,8,0.04311076065137279,0.92,residual_samples/batch-93-replication-8.csv,null_statistics/batch-93-replication-8.npy,batch-f1-null-transfer,8259831864046542685,12140453460266068019,678057739364244946,0.3503488000133075,,,batch-f1-null-transfer-20260824-001
F1,X1,X2,f1-null-transfer,93,9,0.08288452478448693,0.045,residual_samples/batch-93-replication-9.csv,null_statistics/batch-93-replication-9.npy,batch-f1-null-transfer,18393415030815631645,14820240954067807311,12953772335783968942,0.3446760000078939,,,batch-f1-null-transfer-20260824-001
F1,X1,X2,f1-null-transfer,94,0,0.05133291958903172,0.55,residual_samples/batch-94-replication-0.csv,null_statistics/batch-94-replication-0.npy,batch-f1-null-transfer,4513100748588332437,6594520129456340345,16259825662069589798,0.34614839998539537,,,batch-f1-null-transfer-20260824-001
F1,X1,X2,f1-null-transfer,94,1,0.05429281576995381,0.375,residual_samples/batch-94-replication-1.csv,null_statistics/batch-94-replication-1.npy,batch-f1-null-transfer,1815854739404258002,17440175505656680777,1732426425997521824,0.3431450999923982,,,batch-f1-null-transfer-20260824-001
F1,X1,X2,f1-null-transfer,94,2,0.05198437302830969,0.54,residual_samples/batch-94-replication-2.csv,null_statistics/batch-94-replication-2.npy,batch-f1-null-transfer,9035901538057358969,4528858300645083744,6720836568247916747,0.3458075000089593,,,batch-f1-null-transfer-20260824-001
F1,X1,X2,f1-null-transfer,94,3,0.07257189047688056,0.09,residual_samples/batch-94-replication-3.csv,null_statistics/batch-94-replication-3.npy,batch-f1-null-transfer,12502062744730947584,8786032367754276884,11351641492119682155,0.3440458999830298,,,batch-f1-null-transfer-20260824-001
F1,X1,X2,f1-null-transfer,94,4,0.05602785673221203,0.39,residual_samples/batch-94-replication-4.csv,null_statistics/batch-94-replication-4.npy,batch-f1-null-transfer,11172249621671775480,15551626321582897354,13461239767895443279,0.34465970000019297,,,batch-f1-null-transfer-20260824-001
F1,X1,X2,f1-null-transfer,94,5,0.05642531675757856,0.375,residual_samples/batch-94-replication-5.csv,null_statistics/batch-94-replication-5.npy,batch-f1-null-transfer,8528696303609099592,673140119600796358,5728771370219818397,0.3437473999802023,,,batch-f1-null-transfer-20260824-001
F1,X1,X2,f1-null-transfer,94,6,0.052008783586326976,0.53,residual_samples/batch-94-replication-6.csv,null_statistics/batch-94-replication-6.npy,batch-f1-null-transfer,14572660991492761725,3678815181662916165,16373656117360036467,0.3456759999971837,,,batch-f1-null-transfer-20260824-001
F1,X1,X2,f1-null-transfer,94,7,0.057411685514026166,0.335,residual_samples/batch-94-replication-7.csv,null_statistics/batch-94-replication-7.npy,batch-f1-null-transfer,4224629327555533864,12770215312725077249,17891792761899935535,0.34288239997113124,,,batch-f1-null-transfer-20260824-001
F1,X1,X2,f1-null-transfer,94,8,0.04623705792772455,0.815,residual_samples/batch-94-replication-8.csv,null_statistics/batch-94-replication-8.npy,batch-f1-null-transfer,13306695793463182699,4901975892741384034,2067791279800755514,0.3489588999655098,,,batch-f1-null-transfer-20260824-001
F1,X1,X2,f1-null-transfer,94,9,0.04460499852916599,0.785,residual_samples/batch-94-replication-9.csv,null_statistics/batch-94-replication-9.npy,batch-f1-null-transfer,10782279834160721508,15576292565373261198,5394822698564416289,0.3371885000378825,,,batch-f1-null-transfer-20260824-001
F1,X1,X2,f1-null-transfer,95,0,0.050735358545921504,0.61,residual_samples/batch-95-replication-0.csv,null_statistics/batch-95-replication-0.npy,batch-f1-null-transfer,8085306865996099281,2978500635505406404,4723601131654205575,0.3659717999980785,,,batch-f1-null-transfer-20260824-001
F1,X1,X2,f1-null-transfer,95,1,0.0708032750186947,0.075,residual_samples/batch-95-replication-1.csv,null_statistics/batch-95-replication-1.npy,batch-f1-null-transfer,15016678901786480913,1097275523440723127,15093328209196322282,0.3462472999817692,,,batch-f1-null-transfer-20260824-001
F1,X1,X2,f1-null-transfer,95,2,0.05903271145834256,0.27,residual_samples/batch-95-replication-2.csv,null_statistics/batch-95-replication-2.npy,batch-f1-null-transfer,6514868272422717884,15116334488898038737,11813138602572915314,0.34255210001720116,,,batch-f1-null-transfer-20260824-001
F1,X1,X2,f1-null-transfer,95,3,0.049234281978771485,0.635,residual_samples/batch-95-replication-3.csv,null_statistics/batch-95-replication-3.npy,batch-f1-null-transfer,17009766651610869854,164252599065210674,10160101828201152747,0.2956131999962963,,,batch-f1-null-transfer-20260824-001
F1,X1,X2,f1-null-transfer,95,4,0.052880135994521356,0.505,residual_samples/batch-95-replication-4.csv,null_statistics/batch-95-replication-4.npy,batch-f1-null-transfer,6433598100235531927,17136776214387924614,1930591384917418205,0.35069449996808544,,,batch-f1-null-transfer-20260824-001
F1,X1,X2,f1-null-transfer,95,5,0.05263768906106239,0.545,residual_samples/batch-95-replication-5.csv,null_statistics/batch-95-replication-5.npy,batch-f1-null-transfer,8305955912148056476,14424497980877873444,4097541676225743100,0.34868830000050366,,,batch-f1-null-transfer-20260824-001
F1,X1,X2,f1-null-transfer,95,6,0.06369259863704632,0.22,residual_samples/batch-95-replication-6.csv,null_statistics/batch-95-replication-6.npy,batch-f1-null-transfer,8735725105733450935,1661509220958203827,16750051991635545800,0.34903310000663623,,,batch-f1-null-transfer-20260824-001
F1,X1,X2,f1-null-transfer,95,7,0.047809701751454256,0.74,residual_samples/batch-95-replication-7.csv,null_statistics/batch-95-replication-7.npy,batch-f1-null-transfer,9364919869917660930,5234481227373622537,8339107463044187573,0.3460543999681249,,,batch-f1-null-transfer-20260824-001
F1,X1,X2,f1-null-transfer,95,8,0.043494879659674066,0.93,residual_samples/batch-95-replication-8.csv,null_statistics/batch-95-replication-8.npy,batch-f1-null-transfer,10973556750148638905,11034737988595129226,16224269783612276029,0.34547899995232,,,batch-f1-null-transfer-20260824-001
F1,X1,X2,f1-null-transfer,95,9,0.038476306822526826,0.975,residual_samples/batch-95-replication-9.csv,null_statistics/batch-95-replication-9.npy,batch-f1-null-transfer,9028189559276714098,4012500808266648091,4739117216620901829,0.3455810999730602,,,batch-f1-null-transfer-20260824-001
F1,X1,X2,f1-null-transfer,96,0,0.04160313056159521,0.925,residual_samples/batch-96-replication-0.csv,null_statistics/batch-96-replication-0.npy,batch-f1-null-transfer,5982688005338063143,5945057055694650632,12698372609497200546,0.35589800000889227,,,batch-f1-null-transfer-20260824-001
F1,X1,X2,f1-null-transfer,96,1,0.05867250066268106,0.275,residual_samples/batch-96-replication-1.csv,null_statistics/batch-96-replication-1.npy,batch-f1-null-transfer,3421200332142502300,5676069762043484361,13635584906928738638,0.34451719996286556,,,batch-f1-null-transfer-20260824-001
F1,X1,X2,f1-null-transfer,96,2,0.03972149435144485,0.97,residual_samples/batch-96-replication-2.csv,null_statistics/batch-96-replication-2.npy,batch-f1-null-transfer,13232785833461272821,17371710916608038344,9494983982477151018,0.3469074000022374,,,batch-f1-null-transfer-20260824-001
F1,X1,X2,f1-null-transfer,96,3,0.05961346898713028,0.235,residual_samples/batch-96-replication-3.csv,null_statistics/batch-96-replication-3.npy,batch-f1-null-transfer,10989831550837262403,6829044440498259910,3070505275723957274,0.3164763000095263,,,batch-f1-null-transfer-20260824-001
F1,X1,X2,f1-null-transfer,96,4,0.04451340718382819,0.82,residual_samples/batch-96-replication-4.csv,null_statistics/batch-96-replication-4.npy,batch-f1-null-transfer,2865296684200271386,9036244014378621569,17151961798810558093,0.3320407000137493,,,batch-f1-null-transfer-20260824-001
F1,X1,X2,f1-null-transfer,96,5,0.04293317687543103,0.91,residual_samples/batch-96-replication-5.csv,null_statistics/batch-96-replication-5.npy,batch-f1-null-transfer,10074302165434175734,4285374689051824619,12855102514618428794,0.34133460000157356,,,batch-f1-null-transfer-20260824-001
F1,X1,X2,f1-null-transfer,96,6,0.07324030091084423,0.115,residual_samples/batch-96-replication-6.csv,null_statistics/batch-96-replication-6.npy,batch-f1-null-transfer,12242564699063198907,15214459366967986260,8053533261065101009,0.34357520000776276,,,batch-f1-null-transfer-20260824-001
F1,X1,X2,f1-null-transfer,96,7,0.0595688273344786,0.275,residual_samples/batch-96-replication-7.csv,null_statistics/batch-96-replication-7.npy,batch-f1-null-transfer,15865569135735153303,13956799981846524770,6539257618855986762,0.3414746999624185,,,batch-f1-null-transfer-20260824-001
F1,X1,X2,f1-null-transfer,96,8,0.04822230371547779,0.68,residual_samples/batch-96-replication-8.csv,null_statistics/batch-96-replication-8.npy,batch-f1-null-transfer,14115481902296360110,16013578606368490486,6191925006858325561,0.3451080999802798,,,batch-f1-null-transfer-20260824-001
F1,X1,X2,f1-null-transfer,96,9,0.0788811001867954,0.025,residual_samples/batch-96-replication-9.csv,null_statistics/batch-96-replication-9.npy,batch-f1-null-transfer,7409903565327995988,14835347093027894806,1520223718019210823,0.3444829999934882,,,batch-f1-null-transfer-20260824-001
F1,X1,X2,f1-null-transfer,97,0,0.045568251687384174,0.845,residual_samples/batch-97-replication-0.csv,null_statistics/batch-97-replication-0.npy,batch-f1-null-transfer,3206743333225699418,15867810796153809365,17263228967104331501,0.34333230002084747,,,batch-f1-null-transfer-20260824-001
F1,X1,X2,f1-null-transfer,97,1,0.0513936060520764,0.55,residual_samples/batch-97-replication-1.csv,null_statistics/batch-97-replication-1.npy,batch-f1-null-transfer,17472282859955717263,15723220819591206804,9829943433232594914,0.3421799000352621,,,batch-f1-null-transfer-20260824-001
F1,X1,X2,f1-null-transfer,97,2,0.04819224811539491,0.67,residual_samples/batch-97-replication-2.csv,null_statistics/batch-97-replication-2.npy,batch-f1-null-transfer,14061521214808926917,18369745102725251231,1512931387173627148,0.34425480000209063,,,batch-f1-null-transfer-20260824-001
F1,X1,X2,f1-null-transfer,97,3,0.04978829973819772,0.64,residual_samples/batch-97-replication-3.csv,null_statistics/batch-97-replication-3.npy,batch-f1-null-transfer,6629598837952638833,8783798865045739513,10223710517803219959,0.3445515999919735,,,batch-f1-null-transfer-20260824-001
F1,X1,X2,f1-null-transfer,97,4,0.07091539821635115,0.115,residual_samples/batch-97-replication-4.csv,null_statistics/batch-97-replication-4.npy,batch-f1-null-transfer,3952206485960191395,6203071107368826313,6401901659709420158,0.3415514000225812,,,batch-f1-null-transfer-20260824-001
F1,X1,X2,f1-null-transfer,97,5,0.05445620760741818,0.495,residual_samples/batch-97-replication-5.csv,null_statistics/batch-97-replication-5.npy,batch-f1-null-transfer,1386862723223848738,5037252450238675301,16838308908522037401,0.3450133000151254,,,batch-f1-null-transfer-20260824-001
F1,X1,X2,f1-null-transfer,97,6,0.050348857428503466,0.665,residual_samples/batch-97-replication-6.csv,null_statistics/batch-97-replication-6.npy,batch-f1-null-transfer,5376139939740336639,7663201311770891810,2345603656544915705,0.3432172000175342,,,batch-f1-null-transfer-20260824-001
F1,X1,X2,f1-null-transfer,97,7,0.058053823672842744,0.335,residual_samples/batch-97-replication-7.csv,null_statistics/batch-97-replication-7.npy,batch-f1-null-transfer,3096954680586607814,5809036130100431516,11153635877361430275,0.35107029997743666,,,batch-f1-null-transfer-20260824-001
F1,X1,X2,f1-null-transfer,97,8,0.05666867067053588,0.36,residual_samples/batch-97-replication-8.csv,null_statistics/batch-97-replication-8.npy,batch-f1-null-transfer,12503544575052019092,1674383572983866706,1867889657530062500,0.36543710000114515,,,batch-f1-null-transfer-20260824-001
F1,X1,X2,f1-null-transfer,97,9,0.04977318708783667,0.585,residual_samples/batch-97-replication-9.csv,null_statistics/batch-97-replication-9.npy,batch-f1-null-transfer,17355591856778426869,10787832946316348858,4787908970125270210,0.34257209999486804,,,batch-f1-null-transfer-20260824-001
F1,X1,X2,f1-null-transfer,98,0,0.06172778213842225,0.255,residual_samples/batch-98-replication-0.csv,null_statistics/batch-98-replication-0.npy,batch-f1-null-transfer,10522497760913423209,17592000109128157149,15958833600305914767,0.3468488999642432,,,batch-f1-null-transfer-20260824-001
F1,X1,X2,f1-null-transfer,98,1,0.04887978279735056,0.64,residual_samples/batch-98-replication-1.csv,null_statistics/batch-98-replication-1.npy,batch-f1-null-transfer,8613669236128559702,9437308528271974642,16256287662251882410,0.3462615999742411,,,batch-f1-null-transfer-20260824-001
F1,X1,X2,f1-null-transfer,98,2,0.06550073563852674,0.165,residual_samples/batch-98-replication-2.csv,null_statistics/batch-98-replication-2.npy,batch-f1-null-transfer,9569186672444147926,14386628595324740304,11179798282137011022,0.34809990000212565,,,batch-f1-null-transfer-20260824-001
F1,X1,X2,f1-null-transfer,98,3,0.04758450984012033,0.715,residual_samples/batch-98-replication-3.csv,null_statistics/batch-98-replication-3.npy,batch-f1-null-transfer,18197669178817305671,12355373449618182845,10045292367896865773,0.35042520001297817,,,batch-f1-null-transfer-20260824-001
F1,X1,X2,f1-null-transfer,98,4,0.06746605620620459,0.11,residual_samples/batch-98-replication-4.csv,null_statistics/batch-98-replication-4.npy,batch-f1-null-transfer,982457416656647338,4509397631672363786,8508875842751384150,0.3416399999987334,,,batch-f1-null-transfer-20260824-001
F1,X1,X2,f1-null-transfer,98,5,0.07127648240973676,0.085,residual_samples/batch-98-replication-5.csv,null_statistics/batch-98-replication-5.npy,batch-f1-null-transfer,5346507939036086530,16367098474952030236,9710415745415520331,0.34410360001493245,,,batch-f1-null-transfer-20260824-001
F1,X1,X2,f1-null-transfer,98,6,0.044921710272090416,0.84,residual_samples/batch-98-replication-6.csv,null_statistics/batch-98-replication-6.npy,batch-f1-null-transfer,17676650973370174852,14223326140741216502,16283562601323530233,0.361178099992685,,,batch-f1-null-transfer-20260824-001
F1,X1,X2,f1-null-transfer,98,7,0.05025480162657539,0.715,residual_samples/batch-98-replication-7.csv,null_statistics/batch-98-replication-7.npy,batch-f1-null-transfer,11544503680534590566,8252461585534605381,13258694142163111091,0.34148170001572,,,batch-f1-null-transfer-20260824-001
F1,X1,X2,f1-null-transfer,98,8,0.054281158591354066,0.41,residual_samples/batch-98-replication-8.csv,null_statistics/batch-98-replication-8.npy,batch-f1-null-transfer,15407310510225097050,12498617400072110660,7143419220659911558,0.343537800014019,,,batch-f1-null-transfer-20260824-001
F1,X1,X2,f1-null-transfer,98,9,0.0776684435622691,0.055,residual_samples/batch-98-replication-9.csv,null_statistics/batch-98-replication-9.npy,batch-f1-null-transfer,809435717987960236,10589096582023294198,10834090849359691661,0.3602726999670267,,,batch-f1-null-transfer-20260824-001
F1,X1,X2,f1-null-transfer,99,0,0.06153062426880582,0.225,residual_samples/batch-99-replication-0.csv,null_statistics/batch-99-replication-0.npy,batch-f1-null-transfer,6490396766795196960,12910793759633166394,15955644230685968731,0.34415360004641116,,,batch-f1-null-transfer-20260824-001
F1,X1,X2,f1-null-transfer,99,1,0.06946033123166392,0.12,residual_samples/batch-99-replication-1.csv,null_statistics/batch-99-replication-1.npy,batch-f1-null-transfer,9792240340656608371,10666455747835188632,5294562301470347712,0.34361229999922216,,,batch-f1-null-transfer-20260824-001
F1,X1,X2,f1-null-transfer,99,2,0.05158701213430839,0.565,residual_samples/batch-99-replication-2.csv,null_statistics/batch-99-replication-2.npy,batch-f1-null-transfer,11940950710994782432,17393588181495874598,17512749012478586501,0.3464769999845885,,,batch-f1-null-transfer-20260824-001
F1,X1,X2,f1-null-transfer,99,3,0.07036069084479066,0.105,residual_samples/batch-99-replication-3.csv,null_statistics/batch-99-replication-3.npy,batch-f1-null-transfer,7740484124385910012,9403000922951243412,12078985974387478449,0.33908340003108606,,,batch-f1-null-transfer-20260824-001
F1,X1,X2,f1-null-transfer,99,4,0.045562727156056075,0.79,residual_samples/batch-99-replication-4.csv,null_statistics/batch-99-replication-4.npy,batch-f1-null-transfer,7671273989093717763,10695297479009194087,9058960475174707190,0.3442415000172332,,,batch-f1-null-transfer-20260824-001
F1,X1,X2,f1-null-transfer,99,5,0.037674244091793145,0.98,residual_samples/batch-99-replication-5.csv,null_statistics/batch-99-replication-5.npy,batch-f1-null-transfer,7177243875039579581,8711188571536118753,1788044403791132942,0.3446815000497736,,,batch-f1-null-transfer-20260824-001
F1,X1,X2,f1-null-transfer,99,6,0.045229191337521846,0.875,residual_samples/batch-99-replication-6.csv,null_statistics/batch-99-replication-6.npy,batch-f1-null-transfer,3574836459902455002,8699095400829237380,4366065120780689248,0.345192099979613,,,batch-f1-null-transfer-20260824-001
F1,X1,X2,f1-null-transfer,99,7,0.05299705736078275,0.505,residual_samples/batch-99-replication-7.csv,null_statistics/batch-99-replication-7.npy,batch-f1-null-transfer,14521446725999195127,9792994041242658900,1294832192939760957,0.35490809998009354,,,batch-f1-null-transfer-20260824-001
F1,X1,X2,f1-null-transfer,99,8,0.05375418506073114,0.49,residual_samples/batch-99-replication-8.csv,null_statistics/batch-99-replication-8.npy,batch-f1-null-transfer,17531976461269303088,16410120524848049549,9631994874816023373,0.34246180002810434,,,batch-f1-null-transfer-20260824-001
F1,X1,X2,f1-null-transfer,99,9,0.06261269886342048,0.21,residual_samples/batch-99-replication-9.csv,null_statistics/batch-99-replication-9.npy,batch-f1-null-transfer,8740044539516367566,9825690766911458631,11157606904620005610,0.34360919997561723,,,batch-f1-null-transfer-20260824-001
