run_id,arm,fixture_id,replication,evaluation_rows,observed_statistic,permutation_p_value,null_statistics_path,residual_sample_path,fixture_seed,residual_seed,evaluation_seed,left_seed,right_seed,permutation_seed,elapsed_seconds,warnings,exception_text
null-calibration-20260820-001,fitted,F1,0,250,0.09496337737676515,0.715,fitted/null_statistics/F1-replication-0-evaluation-250.npy,fitted/residual_samples/F1-replication-0-evaluation-250.csv,6.433342065636848e+18,1.7936904942616992e+19,1.4107422319196905e+19,,,3384096685922538534,0.7199975999974413,,
null-calibration-20260820-001,fitted,F1,0,500,0.0637123297807873,0.765,fitted/null_statistics/F1-replication-0-evaluation-500.npy,fitted/residual_samples/F1-replication-0-evaluation-500.csv,6.433342065636848e+18,1.7936904942616992e+19,1.8237930708185115e+19,,,10983048282117966925,0.8539118000007875,,
null-calibration-20260820-001,fitted,F1,0,1000,0.07411053910356302,0.055,fitted/null_statistics/F1-replication-0-evaluation-1000.npy,fitted/residual_samples/F1-replication-0-evaluation-1000.csv,6.433342065636848e+18,1.7936904942616992e+19,6.789199994010156e+18,,,7115305818577428388,1.1074382000006153,,
null-calibration-20260820-001,fitted,F1,0,2000,0.034479966324634743,0.72,fitted/null_statistics/F1-replication-0-evaluation-2000.npy,fitted/residual_samples/F1-replication-0-evaluation-2000.csv,6.433342065636848e+18,1.7936904942616992e+19,6.751472832347621e+18,,,11969085274972736441,1.613531899998634,,
null-calibration-20260820-001,fitted,F4,0,250,0.09304839567769037,0.81,fitted/null_statistics/F4-replication-0-evaluation-250.npy,fitted/residual_samples/F4-replication-0-evaluation-250.csv,6.495341271594804e+18,1.0531303259242433e+19,1.0906892172498846e+19,,,459401043993227185,0.6950034000001324,,
null-calibration-20260820-001,fitted,F4,0,500,0.07729745132965937,0.475,fitted/null_statistics/F4-replication-0-evaluation-500.npy,fitted/residual_samples/F4-replication-0-evaluation-500.csv,6.495341271594804e+18,1.0531303259242433e+19,1.0065051608984754e+19,,,10968130604447332065,0.8276287000007869,,
null-calibration-20260820-001,fitted,F4,0,1000,0.07079788579238189,0.09,fitted/null_statistics/F4-replication-0-evaluation-1000.npy,fitted/residual_samples/F4-replication-0-evaluation-1000.csv,6.495341271594804e+18,1.0531303259242433e+19,7.799694742006476e+17,,,15320108692497841542,1.0815753000024415,,
null-calibration-20260820-001,fitted,F4,0,2000,0.03983380572872054,0.37,fitted/null_statistics/F4-replication-0-evaluation-2000.npy,fitted/residual_samples/F4-replication-0-evaluation-2000.csv,6.495341271594804e+18,1.0531303259242433e+19,1.0887600092552083e+19,,,12282675893312349365,1.597477200000867,,
null-calibration-20260820-001,fitted,F5,0,250,0.1007557012628295,0.59,fitted/null_statistics/F5-replication-0-evaluation-250.npy,fitted/residual_samples/F5-replication-0-evaluation-250.csv,1.8414520085412846e+19,1.4207188485339304e+19,1.3623947090953629e+17,,,6302315249655892968,0.7260375999976532,,
null-calibration-20260820-001,fitted,F5,0,500,0.06772763512695444,0.735,fitted/null_statistics/F5-replication-0-evaluation-500.npy,fitted/residual_samples/F5-replication-0-evaluation-500.csv,1.8414520085412846e+19,1.4207188485339304e+19,8.353196989199315e+18,,,900025319440936340,0.8641733000004024,,
null-calibration-20260820-001,fitted,F5,0,1000,0.04428883457648529,0.81,fitted/null_statistics/F5-replication-0-evaluation-1000.npy,fitted/residual_samples/F5-replication-0-evaluation-1000.csv,1.8414520085412846e+19,1.4207188485339304e+19,1.1176831127226746e+18,,,15564905284261387135,1.1196607999991102,,
null-calibration-20260820-001,fitted,F5,0,2000,0.04302351269708122,0.185,fitted/null_statistics/F5-replication-0-evaluation-2000.npy,fitted/residual_samples/F5-replication-0-evaluation-2000.csv,1.8414520085412846e+19,1.4207188485339304e+19,5.610506653472679e+18,,,10258564739603154197,1.6286163000004308,,
null-calibration-20260820-001,fitted,F6,0,250,0.12386681448575022,0.245,fitted/null_statistics/F6-replication-0-evaluation-250.npy,fitted/residual_samples/F6-replication-0-evaluation-250.csv,3.8242637215254277e+18,7.918625215194822e+16,1.7046997963289498e+19,,,9127851140364490558,0.8495858999995107,,
null-calibration-20260820-001,fitted,F6,0,500,0.06054055174669248,0.925,fitted/null_statistics/F6-replication-0-evaluation-500.npy,fitted/residual_samples/F6-replication-0-evaluation-500.csv,3.8242637215254277e+18,7.918625215194822e+16,1.5449579509425215e+19,,,6943142502619029747,1.0134926000027917,,
null-calibration-20260820-001,fitted,F6,0,1000,0.05165310934864875,0.51,fitted/null_statistics/F6-replication-0-evaluation-1000.npy,fitted/residual_samples/F6-replication-0-evaluation-1000.csv,3.8242637215254277e+18,7.918625215194822e+16,1.0159395418066596e+19,,,13611119104642698961,1.288619099999778,,
null-calibration-20260820-001,fitted,F6,0,2000,0.03837551864314032,0.435,fitted/null_statistics/F6-replication-0-evaluation-2000.npy,fitted/residual_samples/F6-replication-0-evaluation-2000.csv,3.8242637215254277e+18,7.918625215194822e+16,2.3734975616859453e+17,,,18129460340584230377,1.8070316000012099,,
null-calibration-20260820-001,reference,reference,0,250,0.11993417558932608,0.32,reference/null_statistics/replication-0-evaluation-250.npy,,,,,1.792693193185894e+19,9.070928938777396e+18,1079019629264358956,0.0772036999987904,,
null-calibration-20260820-001,reference,reference,0,500,0.0823349766333627,0.38,reference/null_statistics/replication-0-evaluation-500.npy,,,,,1.2048045064488122e+19,1.4960497029870282e+18,15833380306904397094,0.13091069999791216,,
null-calibration-20260820-001,reference,reference,0,1000,0.04937023957262193,0.6,reference/null_statistics/replication-0-evaluation-1000.npy,,,,,2.331790891218705e+18,1.2733761449177205e+19,15711188722585266919,0.24806069999976899,,
null-calibration-20260820-001,reference,reference,0,2000,0.041258863827410626,0.34,reference/null_statistics/replication-0-evaluation-2000.npy,,,,,1.450838699771476e+19,3.9800144930760556e+18,12263912317472547688,0.5073988999974972,,
null-calibration-20260820-001,fitted,F1,1,250,0.1078313247253077,0.51,fitted/null_statistics/F1-replication-1-evaluation-250.npy,fitted/residual_samples/F1-replication-1-evaluation-250.csv,4.699812689774323e+18,4.60798394370421e+18,3.502078239908722e+18,,,11324850889149307786,0.7360292999983358,,
null-calibration-20260820-001,fitted,F1,1,500,0.09332028142298256,0.15,fitted/null_statistics/F1-replication-1-evaluation-500.npy,fitted/residual_samples/F1-replication-1-evaluation-500.csv,4.699812689774323e+18,4.60798394370421e+18,1.0253500765279791e+19,,,1237808432098800373,0.8796539999966626,,
null-calibration-20260820-001,fitted,F1,1,1000,0.04219505493865104,0.935,fitted/null_statistics/F1-replication-1-evaluation-1000.npy,fitted/residual_samples/F1-replication-1-evaluation-1000.csv,4.699812689774323e+18,4.60798394370421e+18,4.139711339124704e+18,,,1452907668379322990,1.133745999999519,,
null-calibration-20260820-001,fitted,F1,1,2000,0.024548029014898887,1.0,fitted/null_statistics/F1-replication-1-evaluation-2000.npy,fitted/residual_samples/F1-replication-1-evaluation-2000.csv,4.699812689774323e+18,4.60798394370421e+18,2.7744371700516746e+18,,,9759492628271729606,1.6439957999973558,,
null-calibration-20260820-001,fitted,F4,1,250,0.09239562837766643,0.755,fitted/null_statistics/F4-replication-1-evaluation-250.npy,fitted/residual_samples/F4-replication-1-evaluation-250.csv,9.499300412269736e+18,6.179578886687569e+18,1.7298231691073479e+19,,,7576170669037087585,0.6888050999987172,,
null-calibration-20260820-001,fitted,F4,1,500,0.08281736963927024,0.315,fitted/null_statistics/F4-replication-1-evaluation-500.npy,fitted/residual_samples/F4-replication-1-evaluation-500.csv,9.499300412269736e+18,6.179578886687569e+18,1.3167578865754892e+19,,,3784920135483935414,0.8331013999995776,,
null-calibration-20260820-001,fitted,F4,1,1000,0.07328908812099488,0.07,fitted/null_statistics/F4-replication-1-evaluation-1000.npy,fitted/residual_samples/F4-replication-1-evaluation-1000.csv,9.499300412269736e+18,6.179578886687569e+18,1.79982432232519e+19,,,15309796070970063026,1.0930855000005977,,
null-calibration-20260820-001,fitted,F4,1,2000,0.03159617958313134,0.87,fitted/null_statistics/F4-replication-1-evaluation-2000.npy,fitted/residual_samples/F4-replication-1-evaluation-2000.csv,9.499300412269736e+18,6.179578886687569e+18,1.4259516617633094e+19,,,13546656290240739763,1.6586753999981738,,
null-calibration-20260820-001,fitted,F5,1,250,0.08818032183519536,0.87,fitted/null_statistics/F5-replication-1-evaluation-250.npy,fitted/residual_samples/F5-replication-1-evaluation-250.csv,1.1401405063403607e+18,1.7708401061689125e+19,1.543251691930755e+19,,,14492880195258680545,0.7635173000016948,,
null-calibration-20260820-001,fitted,F5,1,500,0.11065689709918408,0.05,fitted/null_statistics/F5-replication-1-evaluation-500.npy,fitted/residual_samples/F5-replication-1-evaluation-500.csv,1.1401405063403607e+18,1.7708401061689125e+19,1.8209697734397153e+19,,,13750151010226062380,0.9163676000025589,,
null-calibration-20260820-001,fitted,F5,1,1000,0.09691321959295984,0.01,fitted/null_statistics/F5-replication-1-evaluation-1000.npy,fitted/residual_samples/F5-replication-1-evaluation-1000.csv,1.1401405063403607e+18,1.7708401061689125e+19,3.8408917483592003e+18,,,982008159221279821,1.1702370000020892,,
null-calibration-20260820-001,fitted,F5,1,2000,0.038477410730229124,0.445,fitted/null_statistics/F5-replication-1-evaluation-2000.npy,fitted/residual_samples/F5-replication-1-evaluation-2000.csv,1.1401405063403607e+18,1.7708401061689125e+19,1.3174338724684472e+19,,,646580656984034547,1.684257400000206,,
null-calibration-20260820-001,fitted,F6,1,250,0.11548426933094115,0.33,fitted/null_statistics/F6-replication-1-evaluation-250.npy,fitted/residual_samples/F6-replication-1-evaluation-250.csv,1.2020900232242557e+19,1.6354807700361691e+19,1.4512300451702548e+19,,,7943764893153242836,0.6940090999996755,,
null-calibration-20260820-001,fitted,F6,1,500,0.06612292860560438,0.765,fitted/null_statistics/F6-replication-1-evaluation-500.npy,fitted/residual_samples/F6-replication-1-evaluation-500.csv,1.2020900232242557e+19,1.6354807700361691e+19,1.5983600014899888e+19,,,10375596068839736447,0.8262261999989278,,
null-calibration-20260820-001,fitted,F6,1,1000,0.043880436800097025,0.86,fitted/null_statistics/F6-replication-1-evaluation-1000.npy,fitted/residual_samples/F6-replication-1-evaluation-1000.csv,1.2020900232242557e+19,1.6354807700361691e+19,1.6370418503779262e+19,,,16380570176284908476,1.081481299999723,,
null-calibration-20260820-001,fitted,F6,1,2000,0.038184985197056216,0.375,fitted/null_statistics/F6-replication-1-evaluation-2000.npy,fitted/residual_samples/F6-replication-1-evaluation-2000.csv,1.2020900232242557e+19,1.6354807700361691e+19,1.0183504799894706e+19,,,12702455530148579180,1.587019300000975,,
null-calibration-20260820-001,reference,reference,1,250,0.11141846659426666,0.365,reference/null_statistics/replication-1-evaluation-250.npy,,,,,4.096871879031442e+18,1.0652099727669041e+19,4447924494023652742,0.0753660000009404,,
null-calibration-20260820-001,reference,reference,1,500,0.06575972186886433,0.85,reference/null_statistics/replication-1-evaluation-500.npy,,,,,1.0024266221603727e+19,7.599229918970143e+18,1806425201012991379,0.12932100000034552,,
null-calibration-20260820-001,reference,reference,1,1000,0.06504838420359349,0.16,reference/null_statistics/replication-1-evaluation-1000.npy,,,,,1.5042140726430517e+19,1.7708497116170478e+19,4962168671479525926,0.24684899999920162,,
null-calibration-20260820-001,reference,reference,1,2000,0.04852793323210352,0.115,reference/null_statistics/replication-1-evaluation-2000.npy,,,,,1.6407477972661153e+18,1.176931303694338e+19,15838657763795684704,0.4949376000004122,,
null-calibration-20260820-001,fitted,F1,2,250,0.08916364900797318,0.835,fitted/null_statistics/F1-replication-2-evaluation-250.npy,fitted/residual_samples/F1-replication-2-evaluation-250.csv,3.5698781437490294e+18,1.1365098911466217e+19,3.2809840285599186e+18,,,6780253162454302994,0.695680299999367,,
null-calibration-20260820-001,fitted,F1,2,500,0.06383645241988802,0.85,fitted/null_statistics/F1-replication-2-evaluation-500.npy,fitted/residual_samples/F1-replication-2-evaluation-500.csv,3.5698781437490294e+18,1.1365098911466217e+19,1.6997115682716959e+19,,,11046146698029387618,0.8291252999988501,,
null-calibration-20260820-001,fitted,F1,2,1000,0.06361393661549586,0.17,fitted/null_statistics/F1-replication-2-evaluation-1000.npy,fitted/residual_samples/F1-replication-2-evaluation-1000.csv,3.5698781437490294e+18,1.1365098911466217e+19,3.952502581455168e+18,,,199708578873909306,1.0839790999998513,,
null-calibration-20260820-001,fitted,F1,2,2000,0.04048892837361704,0.32,fitted/null_statistics/F1-replication-2-evaluation-2000.npy,fitted/residual_samples/F1-replication-2-evaluation-2000.csv,3.5698781437490294e+18,1.1365098911466217e+19,6.153346630853623e+18,,,9325514072322408257,1.5936046999995597,,
null-calibration-20260820-001,fitted,F4,2,250,0.13435056369812765,0.165,fitted/null_statistics/F4-replication-2-evaluation-250.npy,fitted/residual_samples/F4-replication-2-evaluation-250.csv,1.5675211521509046e+19,1.4066579283336276e+19,5.283438304392102e+18,,,15104876576134536340,0.6905743000024813,,
null-calibration-20260820-001,fitted,F4,2,500,0.07642108004749928,0.36,fitted/null_statistics/F4-replication-2-evaluation-500.npy,fitted/residual_samples/F4-replication-2-evaluation-500.csv,1.5675211521509046e+19,1.4066579283336276e+19,5.983090536941951e+18,,,3957174117579900541,0.8265619000012521,,
null-calibration-20260820-001,fitted,F4,2,1000,0.06913939713123585,0.05,fitted/null_statistics/F4-replication-2-evaluation-1000.npy,fitted/residual_samples/F4-replication-2-evaluation-1000.csv,1.5675211521509046e+19,1.4066579283336276e+19,6.922242973204678e+18,,,5823638402631577685,1.042484500001592,,
null-calibration-20260820-001,fitted,F4,2,2000,0.030579989785147504,0.9,fitted/null_statistics/F4-replication-2-evaluation-2000.npy,fitted/residual_samples/F4-replication-2-evaluation-2000.csv,1.5675211521509046e+19,1.4066579283336276e+19,6.225468544223175e+18,,,10458905351170906859,1.5537599000017508,,
null-calibration-20260820-001,fitted,F5,2,250,0.09658167992290154,0.775,fitted/null_statistics/F5-replication-2-evaluation-250.npy,fitted/residual_samples/F5-replication-2-evaluation-250.csv,2.5193133120168545e+18,1.5572547516041933e+18,1.513275539718864e+19,,,11346220758826100087,0.7143558000025223,,
null-calibration-20260820-001,fitted,F5,2,500,0.07546281373093211,0.51,fitted/null_statistics/F5-replication-2-evaluation-500.npy,fitted/residual_samples/F5-replication-2-evaluation-500.csv,2.5193133120168545e+18,1.5572547516041933e+18,2.0696407551179907e+18,,,14450005611473951980,0.8472667000023648,,
null-calibration-20260820-001,fitted,F5,2,1000,0.06663869899339497,0.15,fitted/null_statistics/F5-replication-2-evaluation-1000.npy,fitted/residual_samples/F5-replication-2-evaluation-1000.csv,2.5193133120168545e+18,1.5572547516041933e+18,1.3033032830244014e+18,,,1501371915318221107,1.1016124000016134,,
null-calibration-20260820-001,fitted,F5,2,2000,0.03214667681035496,0.85,fitted/null_statistics/F5-replication-2-evaluation-2000.npy,fitted/residual_samples/F5-replication-2-evaluation-2000.csv,2.5193133120168545e+18,1.5572547516041933e+18,6.49956197031527e+18,,,14388355595064086509,1.6083424000025843,,
null-calibration-20260820-001,fitted,F6,2,250,0.11366904915522111,0.345,fitted/null_statistics/F6-replication-2-evaluation-250.npy,fitted/residual_samples/F6-replication-2-evaluation-250.csv,1.0190273551048286e+19,1.1100189876950204e+19,1.1617453343343473e+18,,,13069892887201598288,0.6940976000005321,,
null-calibration-20260820-001,fitted,F6,2,500,0.07824687465162032,0.44,fitted/null_statistics/F6-replication-2-evaluation-500.npy,fitted/residual_samples/F6-replication-2-evaluation-500.csv,1.0190273551048286e+19,1.1100189876950204e+19,6.522152800052191e+18,,,3489617249600098282,0.8539783999985957,,
null-calibration-20260820-001,fitted,F6,2,1000,0.05595801301551225,0.37,fitted/null_statistics/F6-replication-2-evaluation-1000.npy,fitted/residual_samples/F6-replication-2-evaluation-1000.csv,1.0190273551048286e+19,1.1100189876950204e+19,1.559662116044882e+19,,,7655831067125211717,1.1512180999998236,,
null-calibration-20260820-001,fitted,F6,2,2000,0.03913161766264768,0.425,fitted/null_statistics/F6-replication-2-evaluation-2000.npy,fitted/residual_samples/F6-replication-2-evaluation-2000.csv,1.0190273551048286e+19,1.1100189876950204e+19,1.6614620850169233e+19,,,4855290580897561181,1.6857928999997966,,
null-calibration-20260820-001,reference,reference,2,250,0.081918685487836,0.925,reference/null_statistics/replication-2-evaluation-250.npy,,,,,1.2023466681351893e+19,6.420331773169791e+18,10159237798571537485,0.06587589999980992,,
null-calibration-20260820-001,reference,reference,2,500,0.05916664714289166,0.935,reference/null_statistics/replication-2-evaluation-500.npy,,,,,4.3495951785587256e+18,7.175914264434003e+18,3804827399166987390,0.12682800000038696,,
null-calibration-20260820-001,reference,reference,2,1000,0.06625255746302458,0.125,reference/null_statistics/replication-2-evaluation-1000.npy,,,,,1.5185770755822785e+19,6.971445713118834e+18,11338873633026750128,0.25205819999973755,,
null-calibration-20260820-001,reference,reference,2,2000,0.04835290753788781,0.12,reference/null_statistics/replication-2-evaluation-2000.npy,,,,,4.5675400826415744e+18,2.868209187341579e+18,3247267120567800706,0.5867495000020426,,
null-calibration-20260820-001,fitted,F1,3,250,0.10334644025771399,0.545,fitted/null_statistics/F1-replication-3-evaluation-250.npy,fitted/residual_samples/F1-replication-3-evaluation-250.csv,1.3756096017123068e+19,1.3091122010652513e+18,2.3488493346263946e+18,,,7253711586394600883,0.8298013000021456,,
null-calibration-20260820-001,fitted,F1,3,500,0.08631890557887806,0.29,fitted/null_statistics/F1-replication-3-evaluation-500.npy,fitted/residual_samples/F1-replication-3-evaluation-500.csv,1.3756096017123068e+19,1.3091122010652513e+18,1.4391952007982207e+19,,,17728120814171455141,0.9627867000017432,,
null-calibration-20260820-001,fitted,F1,3,1000,0.05588065860060161,0.37,fitted/null_statistics/F1-replication-3-evaluation-1000.npy,fitted/residual_samples/F1-replication-3-evaluation-1000.csv,1.3756096017123068e+19,1.3091122010652513e+18,6.570981416319627e+18,,,15514834412892336132,1.2125603000022238,,
null-calibration-20260820-001,fitted,F1,3,2000,0.054673798784347916,0.05,fitted/null_statistics/F1-replication-3-evaluation-2000.npy,fitted/residual_samples/F1-replication-3-evaluation-2000.csv,1.3756096017123068e+19,1.3091122010652513e+18,2.2906194373059277e+18,,,17080901408049631256,1.7470446000006632,,
null-calibration-20260820-001,fitted,F4,3,250,0.09836174550668972,0.71,fitted/null_statistics/F4-replication-3-evaluation-250.npy,fitted/residual_samples/F4-replication-3-evaluation-250.csv,2.4419284131342536e+18,1.1267904951553356e+19,2.632090101048492e+17,,,2873478136329909439,0.8927635000000009,,
null-calibration-20260820-001,fitted,F4,3,500,0.07131111040120268,0.67,fitted/null_statistics/F4-replication-3-evaluation-500.npy,fitted/residual_samples/F4-replication-3-evaluation-500.csv,2.4419284131342536e+18,1.1267904951553356e+19,1.1412631142884571e+19,,,10842820087279474148,1.0326131000001624,,
null-calibration-20260820-001,fitted,F4,3,1000,0.04737036640924195,0.825,fitted/null_statistics/F4-replication-3-evaluation-1000.npy,fitted/residual_samples/F4-replication-3-evaluation-1000.csv,2.4419284131342536e+18,1.1267904951553356e+19,9.591817297050173e+18,,,12303252709853810392,1.2895458999992115,,
null-calibration-20260820-001,fitted,F4,3,2000,0.040023624571286574,0.37,fitted/null_statistics/F4-replication-3-evaluation-2000.npy,fitted/residual_samples/F4-replication-3-evaluation-2000.csv,2.4419284131342536e+18,1.1267904951553356e+19,9.78669348935702e+18,,,10250639379642127023,1.7961692999997467,,
null-calibration-20260820-001,fitted,F5,3,250,0.1198246665157596,0.24,fitted/null_statistics/F5-replication-3-evaluation-250.npy,fitted/residual_samples/F5-replication-3-evaluation-250.csv,3.2900015638772495e+18,9.093301938671167e+18,1.6937461452306008e+19,,,8878555423441101896,0.757986600001459,,
null-calibration-20260820-001,fitted,F5,3,500,0.07692914197621431,0.4,fitted/null_statistics/F5-replication-3-evaluation-500.npy,fitted/residual_samples/F5-replication-3-evaluation-500.csv,3.2900015638772495e+18,9.093301938671167e+18,7.28749107319284e+16,,,11542314342212341808,0.892255099999602,,
null-calibration-20260820-001,fitted,F5,3,1000,0.03948625758335416,0.945,fitted/null_statistics/F5-replication-3-evaluation-1000.npy,fitted/residual_samples/F5-replication-3-evaluation-1000.csv,3.2900015638772495e+18,9.093301938671167e+18,4.005936526123622e+18,,,1159233394365673797,1.1482055000014952,,
null-calibration-20260820-001,fitted,F5,3,2000,0.03671617374147891,0.47,fitted/null_statistics/F5-replication-3-evaluation-2000.npy,fitted/residual_samples/F5-replication-3-evaluation-2000.csv,3.2900015638772495e+18,9.093301938671167e+18,1.492802523877717e+19,,,7228293297057139789,1.6652967000009085,,
null-calibration-20260820-001,fitted,F6,3,250,0.11113745763998717,0.35,fitted/null_statistics/F6-replication-3-evaluation-250.npy,fitted/residual_samples/F6-replication-3-evaluation-250.csv,4.763886227047619e+18,1.344241652326941e+19,8.629837555689586e+18,,,13088798455018747268,0.7592719999993278,,
null-calibration-20260820-001,fitted,F6,3,500,0.06743745767306028,0.64,fitted/null_statistics/F6-replication-3-evaluation-500.npy,fitted/residual_samples/F6-replication-3-evaluation-500.csv,4.763886227047619e+18,1.344241652326941e+19,1.227785254023914e+19,,,3204709838843035950,0.8500592000018514,,
null-calibration-20260820-001,fitted,F6,3,1000,0.041741231724214845,0.95,fitted/null_statistics/F6-replication-3-evaluation-1000.npy,fitted/residual_samples/F6-replication-3-evaluation-1000.csv,4.763886227047619e+18,1.344241652326941e+19,6.1635732280193e+18,,,13894617575956660810,1.1058197999991535,,
null-calibration-20260820-001,fitted,F6,3,2000,0.04669733171599275,0.175,fitted/null_statistics/F6-replication-3-evaluation-2000.npy,fitted/residual_samples/F6-replication-3-evaluation-2000.csv,4.763886227047619e+18,1.344241652326941e+19,9.064974573336772e+18,,,8407180376122848356,1.631513600001199,,
null-calibration-20260820-001,reference,reference,3,250,0.1396815310229024,0.065,reference/null_statistics/replication-3-evaluation-250.npy,,,,,1.1682619297755603e+19,6.689428021985192e+18,12029114358446818991,0.0589088000015181,,
null-calibration-20260820-001,reference,reference,3,500,0.07885466510852479,0.405,reference/null_statistics/replication-3-evaluation-500.npy,,,,,4.032111493215088e+18,1.188612616099846e+19,7563318620904364266,0.11188620000029914,,
null-calibration-20260820-001,reference,reference,3,1000,0.04508772022478248,0.82,reference/null_statistics/replication-3-evaluation-1000.npy,,,,,1.2837014955883606e+19,9.001253074465342e+18,6023314649303253102,0.25110869999844,,
null-calibration-20260820-001,reference,reference,3,2000,0.04819296419291973,0.14,reference/null_statistics/replication-3-evaluation-2000.npy,,,,,2.992664348749174e+18,1.3193522023994233e+19,10353593441836441951,0.5510204000020167,,
null-calibration-20260820-001,fitted,F1,4,250,0.1396679146348955,0.11,fitted/null_statistics/F1-replication-4-evaluation-250.npy,fitted/residual_samples/F1-replication-4-evaluation-250.csv,1.287744644556149e+19,1.7337852888370313e+19,8.679421789119519e+18,,,14336008620051443637,0.8465007999984664,,
null-calibration-20260820-001,fitted,F1,4,500,0.07484634922495108,0.535,fitted/null_statistics/F1-replication-4-evaluation-500.npy,fitted/residual_samples/F1-replication-4-evaluation-500.csv,1.287744644556149e+19,1.7337852888370313e+19,1.5666902431980143e+19,,,13600617177475589367,0.9902385999994294,,
null-calibration-20260820-001,fitted,F1,4,1000,0.05573142913312675,0.41,fitted/null_statistics/F1-replication-4-evaluation-1000.npy,fitted/residual_samples/F1-replication-4-evaluation-1000.csv,1.287744644556149e+19,1.7337852888370313e+19,1.0714457797157716e+19,,,1057945267097647136,1.279179799999838,,
null-calibration-20260820-001,fitted,F1,4,2000,0.03824804544108393,0.44,fitted/null_statistics/F1-replication-4-evaluation-2000.npy,fitted/residual_samples/F1-replication-4-evaluation-2000.csv,1.287744644556149e+19,1.7337852888370313e+19,1.2791112731589988e+19,,,8619293460818511013,1.8233383999977377,,
null-calibration-20260820-001,fitted,F4,4,250,0.0811066070393285,0.98,fitted/null_statistics/F4-replication-4-evaluation-250.npy,fitted/residual_samples/F4-replication-4-evaluation-250.csv,6.859987430196965e+18,1.426921797248498e+19,1.1105980444260014e+19,,,11029957177587463788,0.8089072000002488,,
null-calibration-20260820-001,fitted,F4,4,500,0.08005592604293167,0.395,fitted/null_statistics/F4-replication-4-evaluation-500.npy,fitted/residual_samples/F4-replication-4-evaluation-500.csv,6.859987430196965e+18,1.426921797248498e+19,7.698355982319911e+18,,,9533711478569808667,0.944311999999627,,
null-calibration-20260820-001,fitted,F4,4,1000,0.0674150903558021,0.15,fitted/null_statistics/F4-replication-4-evaluation-1000.npy,fitted/residual_samples/F4-replication-4-evaluation-1000.csv,6.859987430196965e+18,1.426921797248498e+19,4.847958970796659e+18,,,14775928340936837787,1.2118706000001112,,
null-calibration-20260820-001,fitted,F4,4,2000,0.02935314798204739,0.945,fitted/null_statistics/F4-replication-4-evaluation-2000.npy,fitted/residual_samples/F4-replication-4-evaluation-2000.csv,6.859987430196965e+18,1.426921797248498e+19,5.370421223052868e+18,,,6050306269343077839,1.5985733999987133,,
null-calibration-20260820-001,fitted,F5,4,250,0.1007794088673787,0.7,fitted/null_statistics/F5-replication-4-evaluation-250.npy,fitted/residual_samples/F5-replication-4-evaluation-250.csv,7.031320316446228e+18,1.3678972575640293e+19,1.1711154587581254e+19,,,8616168423004712194,0.5491070999996737,,
null-calibration-20260820-001,fitted,F5,4,500,0.08296282499855587,0.415,fitted/null_statistics/F5-replication-4-evaluation-500.npy,fitted/residual_samples/F5-replication-4-evaluation-500.csv,7.031320316446228e+18,1.3678972575640293e+19,1.4630592029551448e+19,,,15642899312793620350,0.6296266000026662,,
null-calibration-20260820-001,fitted,F5,4,1000,0.06461949682861415,0.21,fitted/null_statistics/F5-replication-4-evaluation-1000.npy,fitted/residual_samples/F5-replication-4-evaluation-1000.csv,7.031320316446228e+18,1.3678972575640293e+19,7.420879974202339e+18,,,5855921140634721580,0.7974472000023525,,
null-calibration-20260820-001,fitted,F5,4,2000,0.05137938245960214,0.095,fitted/null_statistics/F5-replication-4-evaluation-2000.npy,fitted/residual_samples/F5-replication-4-evaluation-2000.csv,7.031320316446228e+18,1.3678972575640293e+19,1.0742889721540176e+19,,,7567867212108845957,1.139479500001471,,
null-calibration-20260820-001,fitted,F6,4,250,0.07702788604220781,0.99,fitted/null_statistics/F6-replication-4-evaluation-250.npy,fitted/residual_samples/F6-replication-4-evaluation-250.csv,1.8010297895571116e+19,7.752360853435054e+18,9.954471187767075e+18,,,7472559344805981600,0.479667800002062,,
null-calibration-20260820-001,fitted,F6,4,500,0.09385152630597873,0.16,fitted/null_statistics/F6-replication-4-evaluation-500.npy,fitted/residual_samples/F6-replication-4-evaluation-500.csv,1.8010297895571116e+19,7.752360853435054e+18,4.496487153123991e+18,,,17200553837434893133,0.5578856000029191,,
null-calibration-20260820-001,fitted,F6,4,1000,0.06098130916321121,0.245,fitted/null_statistics/F6-replication-4-evaluation-1000.npy,fitted/residual_samples/F6-replication-4-evaluation-1000.csv,1.8010297895571116e+19,7.752360853435054e+18,1.5413823348256104e+19,,,18210209300478642650,0.7190451000024041,,
null-calibration-20260820-001,fitted,F6,4,2000,0.039690746941985745,0.375,fitted/null_statistics/F6-replication-4-evaluation-2000.npy,fitted/residual_samples/F6-replication-4-evaluation-2000.csv,1.8010297895571116e+19,7.752360853435054e+18,1.74913078031519e+19,,,3456106607117785628,1.059307200001058,,
null-calibration-20260820-001,reference,reference,4,250,0.11232068969542412,0.35,reference/null_statistics/replication-4-evaluation-250.npy,,,,,8.469237737379792e+18,1.5790414762632129e+19,15145870026567226280,0.03767150000203401,,
null-calibration-20260820-001,reference,reference,4,500,0.060653718789244485,0.935,reference/null_statistics/replication-4-evaluation-500.npy,,,,,1.0671182805135826e+18,1.3316312202017252e+18,3505154024598531990,0.07622160000028089,,
null-calibration-20260820-001,reference,reference,4,1000,0.0523388127129221,0.495,reference/null_statistics/replication-4-evaluation-1000.npy,,,,,1.4048157764818397e+19,1.70206198004539e+19,8093265916853552125,0.1562166999974579,,
null-calibration-20260820-001,reference,reference,4,2000,0.03274198382499293,0.77,reference/null_statistics/replication-4-evaluation-2000.npy,,,,,3.154979416211997e+18,1.1071141246986912e+19,10022712760122930034,0.32559870000113733,,
null-calibration-20260820-001,fitted,F1,5,250,0.1016360045995542,0.7,fitted/null_statistics/F1-replication-5-evaluation-250.npy,fitted/residual_samples/F1-replication-5-evaluation-250.csv,5.457290102177033e+18,1.885694115988174e+17,4.5988550045028326e+18,,,3364651675379375770,0.48296299999856274,,
null-calibration-20260820-001,fitted,F1,5,500,0.09389358961963465,0.17,fitted/null_statistics/F1-replication-5-evaluation-500.npy,fitted/residual_samples/F1-replication-5-evaluation-500.csv,5.457290102177033e+18,1.885694115988174e+17,1.6184508868529833e+18,,,4266415088222634496,0.5680351000009978,,
null-calibration-20260820-001,fitted,F1,5,1000,0.0492217078607236,0.665,fitted/null_statistics/F1-replication-5-evaluation-1000.npy,fitted/residual_samples/F1-replication-5-evaluation-1000.csv,5.457290102177033e+18,1.885694115988174e+17,1.7737280255402273e+19,,,2212718677989706614,0.7243736000018544,,
null-calibration-20260820-001,fitted,F1,5,2000,0.03092480515241788,0.9,fitted/null_statistics/F1-replication-5-evaluation-2000.npy,fitted/residual_samples/F1-replication-5-evaluation-2000.csv,5.457290102177033e+18,1.885694115988174e+17,1.3837704696214774e+19,,,14748534802187146281,1.0634656000001996,,
null-calibration-20260820-001,fitted,F4,5,250,0.0951935609450571,0.78,fitted/null_statistics/F4-replication-5-evaluation-250.npy,fitted/residual_samples/F4-replication-5-evaluation-250.csv,1.8125579368422396e+19,1.5565939219087598e+19,9.161121273477691e+18,,,8533720417461623287,0.5751607999991393,,
null-calibration-20260820-001,fitted,F4,5,500,0.07916606945904672,0.315,fitted/null_statistics/F4-replication-5-evaluation-500.npy,fitted/residual_samples/F4-replication-5-evaluation-500.csv,1.8125579368422396e+19,1.5565939219087598e+19,1.040690589898863e+19,,,2487871383457953690,0.7179885000005015,,
null-calibration-20260820-001,fitted,F4,5,1000,0.05890323535763186,0.29,fitted/null_statistics/F4-replication-5-evaluation-1000.npy,fitted/residual_samples/F4-replication-5-evaluation-1000.csv,1.8125579368422396e+19,1.5565939219087598e+19,8.681543071355414e+18,,,18178235231136503396,1.0025475000002189,,
null-calibration-20260820-001,fitted,F4,5,2000,0.03372512062551027,0.74,fitted/null_statistics/F4-replication-5-evaluation-2000.npy,fitted/residual_samples/F4-replication-5-evaluation-2000.csv,1.8125579368422396e+19,1.5565939219087598e+19,4.1679913244494413e+18,,,1909216527989151814,1.6284017999969365,,
null-calibration-20260820-001,fitted,F5,5,250,0.10007564471910388,0.62,fitted/null_statistics/F5-replication-5-evaluation-250.npy,fitted/residual_samples/F5-replication-5-evaluation-250.csv,1.2105255633630112e+19,1.6263188956552096e+19,1.096822332495501e+19,,,11576623901194011278,0.6996890999980678,,
null-calibration-20260820-001,fitted,F5,5,500,0.1054282308694364,0.035,fitted/null_statistics/F5-replication-5-evaluation-500.npy,fitted/residual_samples/F5-replication-5-evaluation-500.csv,1.2105255633630112e+19,1.6263188956552096e+19,1.2796922130753165e+18,,,8044370184106927212,0.8368547999998555,,
null-calibration-20260820-001,fitted,F5,5,1000,0.05090737121787903,0.6,fitted/null_statistics/F5-replication-5-evaluation-1000.npy,fitted/residual_samples/F5-replication-5-evaluation-1000.csv,1.2105255633630112e+19,1.6263188956552096e+19,1.4168297299391343e+19,,,9227751056194966973,1.1076203999982681,,
null-calibration-20260820-001,fitted,F5,5,2000,0.05586240104259847,0.015,fitted/null_statistics/F5-replication-5-evaluation-2000.npy,fitted/residual_samples/F5-replication-5-evaluation-2000.csv,1.2105255633630112e+19,1.6263188956552096e+19,2.6311948790544005e+18,,,10156468779500607491,1.6178755999972054,,
null-calibration-20260820-001,fitted,F6,5,250,0.1224581885699909,0.185,fitted/null_statistics/F6-replication-5-evaluation-250.npy,fitted/residual_samples/F6-replication-5-evaluation-250.csv,2.368052181499087e+18,1.5515326485292208e+19,4.811628072571717e+18,,,5093719542473549400,0.6857864000012341,,
null-calibration-20260820-001,fitted,F6,5,500,0.05953307009204803,0.915,fitted/null_statistics/F6-replication-5-evaluation-500.npy,fitted/residual_samples/F6-replication-5-evaluation-500.csv,2.368052181499087e+18,1.5515326485292208e+19,1.8204533621254357e+19,,,1603627822624198086,0.8179797000011604,,
null-calibration-20260820-001,fitted,F6,5,1000,0.04218120759732437,0.905,fitted/null_statistics/F6-replication-5-evaluation-1000.npy,fitted/residual_samples/F6-replication-5-evaluation-1000.csv,2.368052181499087e+18,1.5515326485292208e+19,2.4720138190514007e+18,,,1103628449012399258,1.0681370999991486,,
null-calibration-20260820-001,fitted,F6,5,2000,0.032502988528339584,0.81,fitted/null_statistics/F6-replication-5-evaluation-2000.npy,fitted/residual_samples/F6-replication-5-evaluation-2000.csv,2.368052181499087e+18,1.5515326485292208e+19,3.6500823406413906e+18,,,2364942039165738120,1.595899100000679,,
null-calibration-20260820-001,reference,reference,5,250,0.10856331109301003,0.44,reference/null_statistics/replication-5-evaluation-250.npy,,,,,1.1794328101922791e+19,1.2023814862693149e+19,5672959150871299338,0.07524849999754224,,
null-calibration-20260820-001,reference,reference,5,500,0.0760272026354924,0.515,reference/null_statistics/replication-5-evaluation-500.npy,,,,,1.6630109948366969e+19,1.1182166610535918e+19,13489421894882147816,0.12798920000204816,,
null-calibration-20260820-001,reference,reference,5,1000,0.045963239953832016,0.755,reference/null_statistics/replication-5-evaluation-1000.npy,,,,,1.1229431397857032e+19,1.4098243763514501e+19,17503097190596206239,0.2630073000000266,,
null-calibration-20260820-001,reference,reference,5,2000,0.027970483384865442,0.97,reference/null_statistics/replication-5-evaluation-2000.npy,,,,,1.4407632464500586e+19,1.3787254050478475e+19,13678887534322221201,0.5190488000007463,,
null-calibration-20260820-001,fitted,F1,6,250,0.11454477755464654,0.335,fitted/null_statistics/F1-replication-6-evaluation-250.npy,fitted/residual_samples/F1-replication-6-evaluation-250.csv,6.102558128020182e+18,1.3308685898542182e+19,9.793694042374232e+18,,,14121936160296353646,0.6885395999997854,,
null-calibration-20260820-001,fitted,F1,6,500,0.05592115818376479,0.97,fitted/null_statistics/F1-replication-6-evaluation-500.npy,fitted/residual_samples/F1-replication-6-evaluation-500.csv,6.102558128020182e+18,1.3308685898542182e+19,3.312428617070079e+18,,,11366061199289434338,0.8207642000015767,,
null-calibration-20260820-001,fitted,F1,6,1000,0.0501113985315473,0.66,fitted/null_statistics/F1-replication-6-evaluation-1000.npy,fitted/residual_samples/F1-replication-6-evaluation-1000.csv,6.102558128020182e+18,1.3308685898542182e+19,4.382288335264607e+18,,,3981452574869607949,1.0740427000018826,,
null-calibration-20260820-001,fitted,F1,6,2000,0.04446277305011309,0.24,fitted/null_statistics/F1-replication-6-evaluation-2000.npy,fitted/residual_samples/F1-replication-6-evaluation-2000.csv,6.102558128020182e+18,1.3308685898542182e+19,1.4165105158863014e+19,,,1236810238883797739,1.5804324999990058,,
null-calibration-20260820-001,fitted,F4,6,250,0.13912526337731485,0.11,fitted/null_statistics/F4-replication-6-evaluation-250.npy,fitted/residual_samples/F4-replication-6-evaluation-250.csv,7.283506846096551e+18,1.8206115292568146e+18,4.830848699228262e+18,,,3002848337796512007,0.8278592999995453,,
null-calibration-20260820-001,fitted,F4,6,500,0.06265870701790638,0.835,fitted/null_statistics/F4-replication-6-evaluation-500.npy,fitted/residual_samples/F4-replication-6-evaluation-500.csv,7.283506846096551e+18,1.8206115292568146e+18,6.836569096627486e+18,,,7721942475216761981,0.9809753000008641,,
null-calibration-20260820-001,fitted,F4,6,1000,0.07144222005306822,0.1,fitted/null_statistics/F4-replication-6-evaluation-1000.npy,fitted/residual_samples/F4-replication-6-evaluation-1000.csv,7.283506846096551e+18,1.8206115292568146e+18,5.440230546669511e+18,,,17270468677102063681,1.2554725000009057,,
null-calibration-20260820-001,fitted,F4,6,2000,0.04614423294113674,0.18,fitted/null_statistics/F4-replication-6-evaluation-2000.npy,fitted/residual_samples/F4-replication-6-evaluation-2000.csv,7.283506846096551e+18,1.8206115292568146e+18,1.2894269135191484e+19,,,11774234699450748173,1.7273892000011983,,
null-calibration-20260820-001,fitted,F5,6,250,0.18215931274490535,0.01,fitted/null_statistics/F5-replication-6-evaluation-250.npy,fitted/residual_samples/F5-replication-6-evaluation-250.csv,8.055561705617953e+18,7.671303947915522e+18,1.2515168333279633e+19,,,12272375702510200089,0.7543000000005122,,
null-calibration-20260820-001,fitted,F5,6,500,0.1634808274758529,0.005,fitted/null_statistics/F5-replication-6-evaluation-500.npy,fitted/residual_samples/F5-replication-6-evaluation-500.csv,8.055561705617953e+18,7.671303947915522e+18,8.629082562642534e+18,,,10354453117214297537,0.8868179999990389,,
null-calibration-20260820-001,fitted,F5,6,1000,0.046686733538367935,0.755,fitted/null_statistics/F5-replication-6-evaluation-1000.npy,fitted/residual_samples/F5-replication-6-evaluation-1000.csv,8.055561705617953e+18,7.671303947915522e+18,9.64405896815137e+18,,,11244528065892473170,1.166299500000605,,
null-calibration-20260820-001,fitted,F5,6,2000,0.03328358346126584,0.75,fitted/null_statistics/F5-replication-6-evaluation-2000.npy,fitted/residual_samples/F5-replication-6-evaluation-2000.csv,8.055561705617953e+18,7.671303947915522e+18,6.778242709068176e+18,,,4573990023238299605,1.7730535000009695,,
null-calibration-20260820-001,fitted,F6,6,250,0.12137712346647661,0.21,fitted/null_statistics/F6-replication-6-evaluation-250.npy,fitted/residual_samples/F6-replication-6-evaluation-250.csv,1.1872425009848938e+19,2.3843717640311946e+18,2.167151697644084e+17,,,3585261205132394625,0.8213789999972505,,
null-calibration-20260820-001,fitted,F6,6,500,0.09874159485888072,0.11,fitted/null_statistics/F6-replication-6-evaluation-500.npy,fitted/residual_samples/F6-replication-6-evaluation-500.csv,1.1872425009848938e+19,2.3843717640311946e+18,1.774633760576964e+19,,,14384938040411690145,0.9694073999999091,,
null-calibration-20260820-001,fitted,F6,6,1000,0.06438285950014111,0.205,fitted/null_statistics/F6-replication-6-evaluation-1000.npy,fitted/residual_samples/F6-replication-6-evaluation-1000.csv,1.1872425009848938e+19,2.3843717640311946e+18,1.6123216149911464e+19,,,4155749372695162892,1.2309595999977319,,
null-calibration-20260820-001,fitted,F6,6,2000,0.039452665636415384,0.485,fitted/null_statistics/F6-replication-6-evaluation-2000.npy,fitted/residual_samples/F6-replication-6-evaluation-2000.csv,1.1872425009848938e+19,2.3843717640311946e+18,1.0269831962611576e+18,,,6957344576856271325,1.7450533999981417,,
null-calibration-20260820-001,reference,reference,6,250,0.13890407974108707,0.145,reference/null_statistics/replication-6-evaluation-250.npy,,,,,4.748780908201289e+17,3.0502452358937774e+18,17406071885301733436,0.08072349999929429,,
null-calibration-20260820-001,reference,reference,6,500,0.07751326430282048,0.45,reference/null_statistics/replication-6-evaluation-500.npy,,,,,1.1710740401479516e+19,4.212362658403508e+18,3799585748585302671,0.14033369999742717,,
null-calibration-20260820-001,reference,reference,6,1000,0.04359663755320153,0.9,reference/null_statistics/replication-6-evaluation-1000.npy,,,,,7.843625917934169e+18,9.013757324404333e+17,26314775032581454,0.24793380000119214,,
null-calibration-20260820-001,reference,reference,6,2000,0.033077001009803514,0.815,reference/null_statistics/replication-6-evaluation-2000.npy,,,,,8.501251933459426e+18,1.0793009827847388e+18,7571509818058348344,0.5138427999991109,,
null-calibration-20260820-001,fitted,F1,7,250,0.0894101693106428,0.8,fitted/null_statistics/F1-replication-7-evaluation-250.npy,fitted/residual_samples/F1-replication-7-evaluation-250.csv,1.760126957513085e+19,6.697541696787757e+18,8.316128022553121e+18,,,4166082345960659872,0.7124530000000959,,
null-calibration-20260820-001,fitted,F1,7,500,0.06816183486557964,0.765,fitted/null_statistics/F1-replication-7-evaluation-500.npy,fitted/residual_samples/F1-replication-7-evaluation-500.csv,1.760126957513085e+19,6.697541696787757e+18,5.774844376999639e+18,,,16481087077717221165,0.8519543999973394,,
null-calibration-20260820-001,fitted,F1,7,1000,0.059906186854630776,0.27,fitted/null_statistics/F1-replication-7-evaluation-1000.npy,fitted/residual_samples/F1-replication-7-evaluation-1000.csv,1.760126957513085e+19,6.697541696787757e+18,1.650449069451307e+19,,,13464555404059302686,1.1296176999967429,,
null-calibration-20260820-001,fitted,F1,7,2000,0.03427633724685032,0.695,fitted/null_statistics/F1-replication-7-evaluation-2000.npy,fitted/residual_samples/F1-replication-7-evaluation-2000.csv,1.760126957513085e+19,6.697541696787757e+18,5.56052843767267e+18,,,14075835745732648893,1.6014973999990616,,
null-calibration-20260820-001,fitted,F4,7,250,0.1330910587885981,0.12,fitted/null_statistics/F4-replication-7-evaluation-250.npy,fitted/residual_samples/F4-replication-7-evaluation-250.csv,1.4779283629475482e+19,9.718878122589352e+18,7.711001739810484e+18,,,2932609583298713155,0.69639300000199,,
null-calibration-20260820-001,fitted,F4,7,500,0.07585847767552802,0.485,fitted/null_statistics/F4-replication-7-evaluation-500.npy,fitted/residual_samples/F4-replication-7-evaluation-500.csv,1.4779283629475482e+19,9.718878122589352e+18,2.7643934475543465e+18,,,3798144348308428358,0.8316693999986455,,
null-calibration-20260820-001,fitted,F4,7,1000,0.05213057724538791,0.485,fitted/null_statistics/F4-replication-7-evaluation-1000.npy,fitted/residual_samples/F4-replication-7-evaluation-1000.csv,1.4779283629475482e+19,9.718878122589352e+18,1.6424750610952061e+18,,,1806616102684817282,1.0899358999995457,,
null-calibration-20260820-001,fitted,F4,7,2000,0.03401250470530079,0.75,fitted/null_statistics/F4-replication-7-evaluation-2000.npy,fitted/residual_samples/F4-replication-7-evaluation-2000.csv,1.4779283629475482e+19,9.718878122589352e+18,1.5972270848516321e+19,,,3480540564477809206,1.6029076000013447,,
null-calibration-20260820-001,fitted,F5,7,250,0.11638614483654416,0.375,fitted/null_statistics/F5-replication-7-evaluation-250.npy,fitted/residual_samples/F5-replication-7-evaluation-250.csv,3.553592077791088e+18,1.2487575355206017e+19,2.92209527277762e+18,,,1360363172366549347,0.7067882000010286,,
null-calibration-20260820-001,fitted,F5,7,500,0.08370051354047575,0.295,fitted/null_statistics/F5-replication-7-evaluation-500.npy,fitted/residual_samples/F5-replication-7-evaluation-500.csv,3.553592077791088e+18,1.2487575355206017e+19,1.3641155395405183e+19,,,5540489055801844353,0.8430717999981425,,
null-calibration-20260820-001,fitted,F5,7,1000,0.047005020507648036,0.76,fitted/null_statistics/F5-replication-7-evaluation-1000.npy,fitted/residual_samples/F5-replication-7-evaluation-1000.csv,3.553592077791088e+18,1.2487575355206017e+19,1.7299906105806225e+19,,,10142672908255808472,1.0981667999985802,,
null-calibration-20260820-001,fitted,F5,7,2000,0.04300258740244995,0.305,fitted/null_statistics/F5-replication-7-evaluation-2000.npy,fitted/residual_samples/F5-replication-7-evaluation-2000.csv,3.553592077791088e+18,1.2487575355206017e+19,1.3389333502525522e+19,,,14011531697889026816,1.6197337999983574,,
null-calibration-20260820-001,fitted,F6,7,250,0.15932163457628665,0.04,fitted/null_statistics/F6-replication-7-evaluation-250.npy,fitted/residual_samples/F6-replication-7-evaluation-250.csv,5.096464489467133e+18,5.481226212350371e+17,1.0513856089349257e+19,,,7866502839130686123,0.7057635999990453,,
null-calibration-20260820-001,fitted,F6,7,500,0.07869375460383518,0.355,fitted/null_statistics/F6-replication-7-evaluation-500.npy,fitted/residual_samples/F6-replication-7-evaluation-500.csv,5.096464489467133e+18,5.481226212350371e+17,9.064207449418356e+18,,,7551960487222721718,0.8411040999999386,,
null-calibration-20260820-001,fitted,F6,7,1000,0.07075922259679704,0.09,fitted/null_statistics/F6-replication-7-evaluation-1000.npy,fitted/residual_samples/F6-replication-7-evaluation-1000.csv,5.096464489467133e+18,5.481226212350371e+17,3.862631582993598e+18,,,14486938931557007229,1.1076719000011508,,
null-calibration-20260820-001,fitted,F6,7,2000,0.030728685364911475,0.89,fitted/null_statistics/F6-replication-7-evaluation-2000.npy,fitted/residual_samples/F6-replication-7-evaluation-2000.csv,5.096464489467133e+18,5.481226212350371e+17,1.7208298726427453e+19,,,6203999478820245013,1.6334998999991512,,
null-calibration-20260820-001,reference,reference,7,250,0.10733974242740199,0.48,reference/null_statistics/replication-7-evaluation-250.npy,,,,,1.6438393371999783e+19,1.082389681422145e+19,17519301793351225564,0.07727390000218293,,
null-calibration-20260820-001,reference,reference,7,500,0.08570891831179876,0.265,reference/null_statistics/replication-7-evaluation-500.npy,,,,,1.5502456437618278e+19,1.8029444699262818e+19,6699114817360877198,0.1324462999982643,,
null-calibration-20260820-001,reference,reference,7,1000,0.06571238965711856,0.145,reference/null_statistics/replication-7-evaluation-1000.npy,,,,,2.832714646095658e+18,2.376926250517156e+18,16665357375439926828,0.24192319999929168,,
null-calibration-20260820-001,reference,reference,7,2000,0.03274544099725945,0.795,reference/null_statistics/replication-7-evaluation-2000.npy,,,,,6.93349879700864e+18,2.5949559189052385e+18,10747562500709180808,0.5046511000000464,,
null-calibration-20260820-001,fitted,F1,8,250,0.0966055643178404,0.585,fitted/null_statistics/F1-replication-8-evaluation-250.npy,fitted/residual_samples/F1-replication-8-evaluation-250.csv,6.918411160925064e+17,5.086284532089713e+18,1.0189610361759718e+18,,,15700044016871033151,0.7220378000019991,,
null-calibration-20260820-001,fitted,F1,8,500,0.058335679392829846,0.94,fitted/null_statistics/F1-replication-8-evaluation-500.npy,fitted/residual_samples/F1-replication-8-evaluation-500.csv,6.918411160925064e+17,5.086284532089713e+18,1.078318303477746e+19,,,1348860867524267605,0.8576299000014842,,
null-calibration-20260820-001,fitted,F1,8,1000,0.08101619560357712,0.035,fitted/null_statistics/F1-replication-8-evaluation-1000.npy,fitted/residual_samples/F1-replication-8-evaluation-1000.csv,6.918411160925064e+17,5.086284532089713e+18,8.501779410334205e+18,,,17624278208879931256,1.1156483000013395,,
null-calibration-20260820-001,fitted,F1,8,2000,0.03731121001544464,0.57,fitted/null_statistics/F1-replication-8-evaluation-2000.npy,fitted/residual_samples/F1-replication-8-evaluation-2000.csv,6.918411160925064e+17,5.086284532089713e+18,1.6904290147277418e+17,,,10517366895622338479,1.6304221999998845,,
null-calibration-20260820-001,fitted,F4,8,250,0.09821699716236389,0.67,fitted/null_statistics/F4-replication-8-evaluation-250.npy,fitted/residual_samples/F4-replication-8-evaluation-250.csv,1.606086155020066e+19,5.227738374517036e+18,1.135882555371436e+19,,,2921040758290348255,0.6976916999992682,,
null-calibration-20260820-001,fitted,F4,8,500,0.08031076198650869,0.375,fitted/null_statistics/F4-replication-8-evaluation-500.npy,fitted/residual_samples/F4-replication-8-evaluation-500.csv,1.606086155020066e+19,5.227738374517036e+18,4.710853357666529e+18,,,4334283086170217869,0.832762999998522,,
null-calibration-20260820-001,fitted,F4,8,1000,0.060761149092133954,0.27,fitted/null_statistics/F4-replication-8-evaluation-1000.npy,fitted/residual_samples/F4-replication-8-evaluation-1000.csv,1.606086155020066e+19,5.227738374517036e+18,2.1178019096109766e+17,,,7599540023493329465,1.090727799997694,,
null-calibration-20260820-001,fitted,F4,8,2000,0.04729764992387364,0.16,fitted/null_statistics/F4-replication-8-evaluation-2000.npy,fitted/residual_samples/F4-replication-8-evaluation-2000.csv,1.606086155020066e+19,5.227738374517036e+18,1.3370385406349332e+19,,,3876289133659574210,1.6129492000000027,,
null-calibration-20260820-001,fitted,F5,8,250,0.09131766542788901,0.87,fitted/null_statistics/F5-replication-8-evaluation-250.npy,fitted/residual_samples/F5-replication-8-evaluation-250.csv,2.1864243664465034e+18,6.768194557615669e+18,2.0224381095333757e+18,,,16616400370785080554,0.7113553000017419,,
null-calibration-20260820-001,fitted,F5,8,500,0.1248306651737259,0.015,fitted/null_statistics/F5-replication-8-evaluation-500.npy,fitted/residual_samples/F5-replication-8-evaluation-500.csv,2.1864243664465034e+18,6.768194557615669e+18,1.204251652921667e+19,,,1732450954878225472,0.8375856999991811,,
null-calibration-20260820-001,fitted,F5,8,1000,0.05150426386733063,0.53,fitted/null_statistics/F5-replication-8-evaluation-1000.npy,fitted/residual_samples/F5-replication-8-evaluation-1000.csv,2.1864243664465034e+18,6.768194557615669e+18,1.0741347595592278e+19,,,16811329823571521304,1.0914349000013317,,
null-calibration-20260820-001,fitted,F5,8,2000,0.0509848174470056,0.07,fitted/null_statistics/F5-replication-8-evaluation-2000.npy,fitted/residual_samples/F5-replication-8-evaluation-2000.csv,2.1864243664465034e+18,6.768194557615669e+18,4.457838747020596e+18,,,12633574119664558851,1.6069853000008152,,
null-calibration-20260820-001,fitted,F6,8,250,0.12051687779712478,0.325,fitted/null_statistics/F6-replication-8-evaluation-250.npy,fitted/residual_samples/F6-replication-8-evaluation-250.csv,1.4920248677671363e+19,1.5285375590382678e+19,8.893418487091023e+18,,,5212632403398727752,0.7203326999988349,,
null-calibration-20260820-001,fitted,F6,8,500,0.0929273809395577,0.175,fitted/null_statistics/F6-replication-8-evaluation-500.npy,fitted/residual_samples/F6-replication-8-evaluation-500.csv,1.4920248677671363e+19,1.5285375590382678e+19,9.99479560241281e+18,,,11761877546875403048,0.849779899999703,,
null-calibration-20260820-001,fitted,F6,8,1000,0.06190078621606943,0.24,fitted/null_statistics/F6-replication-8-evaluation-1000.npy,fitted/residual_samples/F6-replication-8-evaluation-1000.csv,1.4920248677671363e+19,1.5285375590382678e+19,4.5610821629944105e+18,,,16161688232387461944,1.1081475999999384,,
null-calibration-20260820-001,fitted,F6,8,2000,0.04412253848227641,0.225,fitted/null_statistics/F6-replication-8-evaluation-2000.npy,fitted/residual_samples/F6-replication-8-evaluation-2000.csv,1.4920248677671363e+19,1.5285375590382678e+19,3.9351279731959025e+18,,,17580729451975141648,1.6201579999979003,,
null-calibration-20260820-001,reference,reference,8,250,0.10002970853554675,0.62,reference/null_statistics/replication-8-evaluation-250.npy,,,,,5.263205536489194e+18,7.756034358372248e+18,6813004766762126507,0.07676319999882253,,
null-calibration-20260820-001,reference,reference,8,500,0.07821424614640353,0.36,reference/null_statistics/replication-8-evaluation-500.npy,,,,,1.6650202217992819e+19,1.1052131466522198e+19,757792411489514831,0.12957060000189813,,
null-calibration-20260820-001,reference,reference,8,1000,0.03742646195545448,0.985,reference/null_statistics/replication-8-evaluation-1000.npy,,,,,1.775734457713367e+19,6.935307523212697e+18,4048933064436847923,0.2131455000017013,,
null-calibration-20260820-001,reference,reference,8,2000,0.04734177727709518,0.145,reference/null_statistics/replication-8-evaluation-2000.npy,,,,,1.5600358936056902e+19,1.290299205125697e+19,6488800918509990913,0.5000099999997474,,
null-calibration-20260820-001,fitted,F1,9,250,0.09861901067354198,0.675,fitted/null_statistics/F1-replication-9-evaluation-250.npy,fitted/residual_samples/F1-replication-9-evaluation-250.csv,1.3694446063747131e+19,1.5566833895092642e+19,1.0183718268919038e+19,,,6597669072597620636,0.7627957999975479,,
null-calibration-20260820-001,fitted,F1,9,500,0.0887305828628513,0.26,fitted/null_statistics/F1-replication-9-evaluation-500.npy,fitted/residual_samples/F1-replication-9-evaluation-500.csv,1.3694446063747131e+19,1.5566833895092642e+19,2.778255821862707e+18,,,37122434800164440,0.8968306999995548,,
null-calibration-20260820-001,fitted,F1,9,1000,0.05171366094939846,0.535,fitted/null_statistics/F1-replication-9-evaluation-1000.npy,fitted/residual_samples/F1-replication-9-evaluation-1000.csv,1.3694446063747131e+19,1.5566833895092642e+19,1.2101910596737616e+19,,,9063002291174024638,1.1834935000006226,,
null-calibration-20260820-001,fitted,F1,9,2000,0.031725168391732374,0.845,fitted/null_statistics/F1-replication-9-evaluation-2000.npy,fitted/residual_samples/F1-replication-9-evaluation-2000.csv,1.3694446063747131e+19,1.5566833895092642e+19,1.2255523073989669e+19,,,17437168911277890414,1.6901851000002353,,
null-calibration-20260820-001,fitted,F4,9,250,0.1149089581059019,0.34,fitted/null_statistics/F4-replication-9-evaluation-250.npy,fitted/residual_samples/F4-replication-9-evaluation-250.csv,1.3834540085042853e+17,8.798526877442957e+18,1.2902532596654678e+19,,,9208799344500250986,0.7078877000021748,,
null-calibration-20260820-001,fitted,F4,9,500,0.06388450045215033,0.83,fitted/null_statistics/F4-replication-9-evaluation-500.npy,fitted/residual_samples/F4-replication-9-evaluation-500.csv,1.3834540085042853e+17,8.798526877442957e+18,1.8259109837357142e+19,,,12811087079033052565,0.8422027000015078,,
null-calibration-20260820-001,fitted,F4,9,1000,0.05488394912215893,0.46,fitted/null_statistics/F4-replication-9-evaluation-1000.npy,fitted/residual_samples/F4-replication-9-evaluation-1000.csv,1.3834540085042853e+17,8.798526877442957e+18,2.3225506685039724e+16,,,1363705874312461539,1.0993358000014268,,
null-calibration-20260820-001,fitted,F4,9,2000,0.028184427612322774,0.95,fitted/null_statistics/F4-replication-9-evaluation-2000.npy,fitted/residual_samples/F4-replication-9-evaluation-2000.csv,1.3834540085042853e+17,8.798526877442957e+18,5.61968615704675e+18,,,9903486779581245287,1.6116416000004392,,
null-calibration-20260820-001,fitted,F5,9,250,0.11258826905488319,0.34,fitted/null_statistics/F5-replication-9-evaluation-250.npy,fitted/residual_samples/F5-replication-9-evaluation-250.csv,6.894155546303082e+18,7.314024273735995e+18,1.8135133091438692e+19,,,14409436665811474231,0.7058433999991394,,
null-calibration-20260820-001,fitted,F5,9,500,0.09165420442434725,0.205,fitted/null_statistics/F5-replication-9-evaluation-500.npy,fitted/residual_samples/F5-replication-9-evaluation-500.csv,6.894155546303082e+18,7.314024273735995e+18,1.357467609534478e+19,,,9709497149648854842,0.8421530999985407,,
null-calibration-20260820-001,fitted,F5,9,1000,0.0965497443321931,0.005,fitted/null_statistics/F5-replication-9-evaluation-1000.npy,fitted/residual_samples/F5-replication-9-evaluation-1000.csv,6.894155546303082e+18,7.314024273735995e+18,6.677543206090956e+18,,,10772532790007552926,1.0967308999970555,,
null-calibration-20260820-001,fitted,F5,9,2000,0.04197409043799199,0.315,fitted/null_statistics/F5-replication-9-evaluation-2000.npy,fitted/residual_samples/F5-replication-9-evaluation-2000.csv,6.894155546303082e+18,7.314024273735995e+18,1.7726757722113444e+19,,,12069288480905912611,1.6079823000000033,,
null-calibration-20260820-001,fitted,F6,9,250,0.1006945310741812,0.61,fitted/null_statistics/F6-replication-9-evaluation-250.npy,fitted/residual_samples/F6-replication-9-evaluation-250.csv,7.538959225975299e+18,2.9806203331979505e+18,1.1243775209815974e+19,,,12730738233494262771,0.7074718000003486,,
null-calibration-20260820-001,fitted,F6,9,500,0.06309987312241346,0.865,fitted/null_statistics/F6-replication-9-evaluation-500.npy,fitted/residual_samples/F6-replication-9-evaluation-500.csv,7.538959225975299e+18,2.9806203331979505e+18,8.783043614178203e+18,,,865405330839248949,0.8575334000015573,,
null-calibration-20260820-001,fitted,F6,9,1000,0.050958086084604594,0.575,fitted/null_statistics/F6-replication-9-evaluation-1000.npy,fitted/residual_samples/F6-replication-9-evaluation-1000.csv,7.538959225975299e+18,2.9806203331979505e+18,1.332025171616575e+19,,,5319922071047706059,1.046823000000586,,
null-calibration-20260820-001,fitted,F6,9,2000,0.06455671029612477,0.015,fitted/null_statistics/F6-replication-9-evaluation-2000.npy,fitted/residual_samples/F6-replication-9-evaluation-2000.csv,7.538959225975299e+18,2.9806203331979505e+18,1.505119137675557e+19,,,14660052507424728387,1.5604800000000978,,
null-calibration-20260820-001,reference,reference,9,250,0.09106765255120507,0.805,reference/null_statistics/replication-9-evaluation-250.npy,,,,,1.670829163837111e+19,1.3471855933596822e+19,16343717926364329284,0.07559300000139046,,
null-calibration-20260820-001,reference,reference,9,500,0.07923264163591014,0.4,reference/null_statistics/replication-9-evaluation-500.npy,,,,,5.371715983062587e+18,1.6846814114012656e+19,2745774184825549522,0.12954870000248775,,
null-calibration-20260820-001,reference,reference,9,1000,0.052605106861406174,0.47,reference/null_statistics/replication-9-evaluation-1000.npy,,,,,2.728715554218895e+18,4.4022483530296945e+18,13532642657402518742,0.24986960000023828,,
null-calibration-20260820-001,reference,reference,9,2000,0.03726219822724128,0.52,reference/null_statistics/replication-9-evaluation-2000.npy,,,,,5.124636255716036e+18,1.5920760832334772e+19,6504343669856939746,0.5048461000005773,,
null-calibration-20260820-001,fitted,F1,10,250,0.08942889841045992,0.865,fitted/null_statistics/F1-replication-10-evaluation-250.npy,fitted/residual_samples/F1-replication-10-evaluation-250.csv,1.2307535199361366e+19,1.5281541875160867e+19,2.7032768491104676e+18,,,9787366877446893965,0.7122502000020177,,
null-calibration-20260820-001,fitted,F1,10,500,0.06849256570980533,0.67,fitted/null_statistics/F1-replication-10-evaluation-500.npy,fitted/residual_samples/F1-replication-10-evaluation-500.csv,1.2307535199361366e+19,1.5281541875160867e+19,1.7515979634408389e+19,,,16890052580430077088,0.8476918000014848,,
null-calibration-20260820-001,fitted,F1,10,1000,0.04997094154768668,0.605,fitted/null_statistics/F1-replication-10-evaluation-1000.npy,fitted/residual_samples/F1-replication-10-evaluation-1000.csv,1.2307535199361366e+19,1.5281541875160867e+19,9.18029539161785e+18,,,8672086731656213355,1.101389499999641,,
null-calibration-20260820-001,fitted,F1,10,2000,0.04195846795491284,0.3,fitted/null_statistics/F1-replication-10-evaluation-2000.npy,fitted/residual_samples/F1-replication-10-evaluation-2000.csv,1.2307535199361366e+19,1.5281541875160867e+19,1.7479848399466443e+19,,,7449788091311706154,1.6110540000008768,,
null-calibration-20260820-001,fitted,F4,10,250,0.16491180985513162,0.065,fitted/null_statistics/F4-replication-10-evaluation-250.npy,fitted/residual_samples/F4-replication-10-evaluation-250.csv,1.0261329203588948e+16,1.6812024489915083e+19,1.9556404011869786e+17,,,15851333521310800638,0.706085300000268,,
null-calibration-20260820-001,fitted,F4,10,500,0.06006120482930096,0.94,fitted/null_statistics/F4-replication-10-evaluation-500.npy,fitted/residual_samples/F4-replication-10-evaluation-500.csv,1.0261329203588948e+16,1.6812024489915083e+19,4.218520673681464e+17,,,14506360182858885939,0.838714000001346,,
null-calibration-20260820-001,fitted,F4,10,1000,0.09591166360575856,0.015,fitted/null_statistics/F4-replication-10-evaluation-1000.npy,fitted/residual_samples/F4-replication-10-evaluation-1000.csv,1.0261329203588948e+16,1.6812024489915083e+19,6.374892473271586e+18,,,12159360424135312910,1.0927913000014087,,
null-calibration-20260820-001,fitted,F4,10,2000,0.03788614025243076,0.55,fitted/null_statistics/F4-replication-10-evaluation-2000.npy,fitted/residual_samples/F4-replication-10-evaluation-2000.csv,1.0261329203588948e+16,1.6812024489915083e+19,1.4854946242091154e+18,,,8468153343829813121,1.6024236000012024,,
null-calibration-20260820-001,fitted,F5,10,250,0.09687527186789331,0.745,fitted/null_statistics/F5-replication-10-evaluation-250.npy,fitted/residual_samples/F5-replication-10-evaluation-250.csv,9.527181993252344e+18,1.82163737295647e+19,1.5680640621310347e+19,,,841400747321726112,0.7173857000016142,,
null-calibration-20260820-001,fitted,F5,10,500,0.07114856687529274,0.61,fitted/null_statistics/F5-replication-10-evaluation-500.npy,fitted/residual_samples/F5-replication-10-evaluation-500.csv,9.527181993252344e+18,1.82163737295647e+19,9.747625012954493e+18,,,2259633006733903292,0.8485227999990457,,
null-calibration-20260820-001,fitted,F5,10,1000,0.05809218385461985,0.265,fitted/null_statistics/F5-replication-10-evaluation-1000.npy,fitted/residual_samples/F5-replication-10-evaluation-1000.csv,9.527181993252344e+18,1.82163737295647e+19,2.040348304925629e+18,,,14693451480158664354,1.103605799999059,,
null-calibration-20260820-001,fitted,F5,10,2000,0.04214262896655232,0.265,fitted/null_statistics/F5-replication-10-evaluation-2000.npy,fitted/residual_samples/F5-replication-10-evaluation-2000.csv,9.527181993252344e+18,1.82163737295647e+19,8.784739840222937e+18,,,7549419188041248125,1.6169536000015796,,
null-calibration-20260820-001,fitted,F6,10,250,0.1100401196023283,0.46,fitted/null_statistics/F6-replication-10-evaluation-250.npy,fitted/residual_samples/F6-replication-10-evaluation-250.csv,1.5314055643209914e+19,4.785439029703639e+18,7.485084519240705e+18,,,4015550616673652966,0.7105551999993622,,
null-calibration-20260820-001,fitted,F6,10,500,0.06606552706458702,0.7,fitted/null_statistics/F6-replication-10-evaluation-500.npy,fitted/residual_samples/F6-replication-10-evaluation-500.csv,1.5314055643209914e+19,4.785439029703639e+18,1.0142070273404545e+19,,,4350493145673156882,0.8442484000006516,,
null-calibration-20260820-001,fitted,F6,10,1000,0.05920763795792473,0.32,fitted/null_statistics/F6-replication-10-evaluation-1000.npy,fitted/residual_samples/F6-replication-10-evaluation-1000.csv,1.5314055643209914e+19,4.785439029703639e+18,1.260703175435093e+18,,,12990992952347620457,1.0975586000022304,,
null-calibration-20260820-001,fitted,F6,10,2000,0.04015652372856808,0.385,fitted/null_statistics/F6-replication-10-evaluation-2000.npy,fitted/residual_samples/F6-replication-10-evaluation-2000.csv,1.5314055643209914e+19,4.785439029703639e+18,3.93681371900791e+18,,,9420766794223959009,1.6079640000025393,,
null-calibration-20260820-001,reference,reference,10,250,0.12620219265207386,0.165,reference/null_statistics/replication-10-evaluation-250.npy,,,,,8.198684994226735e+17,6.927218941355265e+18,11147671511054106331,0.07595909999872674,,
null-calibration-20260820-001,reference,reference,10,500,0.1095719667871509,0.05,reference/null_statistics/replication-10-evaluation-500.npy,,,,,1.6155324046251968e+18,1.2026444187453174e+19,8047966450357001611,0.12581490000229678,,
null-calibration-20260820-001,reference,reference,10,1000,0.05940035301346314,0.31,reference/null_statistics/replication-10-evaluation-1000.npy,,,,,4.499974080115358e+18,1.0087590773294041e+19,1749887826822204615,0.25132659999871976,,
null-calibration-20260820-001,reference,reference,10,2000,0.04634527235309419,0.165,reference/null_statistics/replication-10-evaluation-2000.npy,,,,,1.463599543174553e+19,3.540324517826992e+18,18094475223062395657,0.5039899000003061,,
null-calibration-20260820-001,fitted,F1,11,250,0.1297160847938738,0.165,fitted/null_statistics/F1-replication-11-evaluation-250.npy,fitted/residual_samples/F1-replication-11-evaluation-250.csv,2.1605920557627126e+18,9.178826250523418e+18,1.7705549253702446e+18,,,4771643779232491704,0.710654099999374,,
null-calibration-20260820-001,fitted,F1,11,500,0.09000601518822317,0.205,fitted/null_statistics/F1-replication-11-evaluation-500.npy,fitted/residual_samples/F1-replication-11-evaluation-500.csv,2.1605920557627126e+18,9.178826250523418e+18,1.0406499177307418e+18,,,12656845493880123076,0.8448505999986082,,
null-calibration-20260820-001,fitted,F1,11,1000,0.06803531097498233,0.12,fitted/null_statistics/F1-replication-11-evaluation-1000.npy,fitted/residual_samples/F1-replication-11-evaluation-1000.csv,2.1605920557627126e+18,9.178826250523418e+18,6.769098231329623e+18,,,6042454147085885184,1.0989197999988392,,
null-calibration-20260820-001,fitted,F1,11,2000,0.04589352343553285,0.205,fitted/null_statistics/F1-replication-11-evaluation-2000.npy,fitted/residual_samples/F1-replication-11-evaluation-2000.csv,2.1605920557627126e+18,9.178826250523418e+18,1.6456869036014109e+19,,,12822486634810118650,1.6219080000009853,,
null-calibration-20260820-001,fitted,F4,11,250,0.11888572287819618,0.24,fitted/null_statistics/F4-replication-11-evaluation-250.npy,fitted/residual_samples/F4-replication-11-evaluation-250.csv,1.2253283583342205e+19,1.269606302436706e+19,8.116433075681758e+18,,,8798436791449099929,0.717450899999676,,
null-calibration-20260820-001,fitted,F4,11,500,0.0669296234697958,0.72,fitted/null_statistics/F4-replication-11-evaluation-500.npy,fitted/residual_samples/F4-replication-11-evaluation-500.csv,1.2253283583342205e+19,1.269606302436706e+19,8.353091999941037e+18,,,199482371826063927,0.8503294000001915,,
null-calibration-20260820-001,fitted,F4,11,1000,0.08346410775956367,0.065,fitted/null_statistics/F4-replication-11-evaluation-1000.npy,fitted/residual_samples/F4-replication-11-evaluation-1000.csv,1.2253283583342205e+19,1.269606302436706e+19,1.435508181247162e+19,,,15428378323320683011,1.1083575000011479,,
null-calibration-20260820-001,fitted,F4,11,2000,0.048906123918860366,0.12,fitted/null_statistics/F4-replication-11-evaluation-2000.npy,fitted/residual_samples/F4-replication-11-evaluation-2000.csv,1.2253283583342205e+19,1.269606302436706e+19,6.798186867578583e+18,,,11283011012393739310,1.6191815999991377,,
null-calibration-20260820-001,fitted,F5,11,250,0.09006860926543142,0.885,fitted/null_statistics/F5-replication-11-evaluation-250.npy,fitted/residual_samples/F5-replication-11-evaluation-250.csv,1.825954243808298e+19,1.6143979922022314e+19,1.6550273224878635e+19,,,18199556039935385552,0.7189160999987507,,
null-calibration-20260820-001,fitted,F5,11,500,0.06681494446913451,0.76,fitted/null_statistics/F5-replication-11-evaluation-500.npy,fitted/residual_samples/F5-replication-11-evaluation-500.csv,1.825954243808298e+19,1.6143979922022314e+19,3.1029261145277e+18,,,16841393776973483081,0.8690889999998035,,
null-calibration-20260820-001,fitted,F5,11,1000,0.06024578467490973,0.26,fitted/null_statistics/F5-replication-11-evaluation-1000.npy,fitted/residual_samples/F5-replication-11-evaluation-1000.csv,1.825954243808298e+19,1.6143979922022314e+19,4.1625613319309256e+18,,,3237425711760181428,1.1298945999988064,,
null-calibration-20260820-001,fitted,F5,11,2000,0.040978691308230696,0.315,fitted/null_statistics/F5-replication-11-evaluation-2000.npy,fitted/residual_samples/F5-replication-11-evaluation-2000.csv,1.825954243808298e+19,1.6143979922022314e+19,1.1194079708799658e+19,,,18324245473025783205,1.6441106999991462,,
null-calibration-20260820-001,fitted,F6,11,250,0.12760038279243524,0.24,fitted/null_statistics/F6-replication-11-evaluation-250.npy,fitted/residual_samples/F6-replication-11-evaluation-250.csv,4.932551031955002e+18,1.4200896876670218e+18,1.3318602952797497e+19,,,11193695720098125901,0.7253591999979108,,
null-calibration-20260820-001,fitted,F6,11,500,0.08568762396459287,0.245,fitted/null_statistics/F6-replication-11-evaluation-500.npy,fitted/residual_samples/F6-replication-11-evaluation-500.csv,4.932551031955002e+18,1.4200896876670218e+18,1.627336137860479e+19,,,6010122144724195339,0.8594553000002634,,
null-calibration-20260820-001,fitted,F6,11,1000,0.058364642424664326,0.29,fitted/null_statistics/F6-replication-11-evaluation-1000.npy,fitted/residual_samples/F6-replication-11-evaluation-1000.csv,4.932551031955002e+18,1.4200896876670218e+18,3.2008638881928315e+18,,,12996559837725272142,1.113424799998029,,
null-calibration-20260820-001,fitted,F6,11,2000,0.036790963029285924,0.585,fitted/null_statistics/F6-replication-11-evaluation-2000.npy,fitted/residual_samples/F6-replication-11-evaluation-2000.csv,4.932551031955002e+18,1.4200896876670218e+18,1.730029065191833e+19,,,4968905618877470576,1.6325890000007348,,
null-calibration-20260820-001,reference,reference,11,250,0.07351483581244345,0.975,reference/null_statistics/replication-11-evaluation-250.npy,,,,,5.179914688628641e+18,3.3307246532941814e+18,10761778520218237875,0.07698739999977988,,
null-calibration-20260820-001,reference,reference,11,500,0.09174744722170065,0.16,reference/null_statistics/replication-11-evaluation-500.npy,,,,,1.1278252747223736e+19,2.784148893973393e+18,10752514207893972579,0.13400969999929657,,
null-calibration-20260820-001,reference,reference,11,1000,0.06010294364661596,0.275,reference/null_statistics/replication-11-evaluation-1000.npy,,,,,1.6037594059372999e+19,1.205555474280155e+19,13950102012626099757,0.2654532000015024,,
null-calibration-20260820-001,reference,reference,11,2000,0.034257072949411174,0.745,reference/null_statistics/replication-11-evaluation-2000.npy,,,,,4.131098730799336e+18,5.970081915931762e+18,4051893870314443498,0.5092570999986492,,
null-calibration-20260820-001,fitted,F1,12,250,0.14087617788052073,0.075,fitted/null_statistics/F1-replication-12-evaluation-250.npy,fitted/residual_samples/F1-replication-12-evaluation-250.csv,1.4587759625756957e+19,1.0804796608678144e+19,1.3576016268428212e+19,,,16698679526227781882,0.7193455999986327,,
null-calibration-20260820-001,fitted,F1,12,500,0.07772240455868358,0.515,fitted/null_statistics/F1-replication-12-evaluation-500.npy,fitted/residual_samples/F1-replication-12-evaluation-500.csv,1.4587759625756957e+19,1.0804796608678144e+19,1.4891213074516834e+19,,,7347901770872531033,0.856418899998971,,
null-calibration-20260820-001,fitted,F1,12,1000,0.0445912152650721,0.855,fitted/null_statistics/F1-replication-12-evaluation-1000.npy,fitted/residual_samples/F1-replication-12-evaluation-1000.csv,1.4587759625756957e+19,1.0804796608678144e+19,1.1680548492750027e+19,,,9168592957154713672,1.1141088000003947,,
null-calibration-20260820-001,fitted,F1,12,2000,0.058542686314358196,0.055,fitted/null_statistics/F1-replication-12-evaluation-2000.npy,fitted/residual_samples/F1-replication-12-evaluation-2000.csv,1.4587759625756957e+19,1.0804796608678144e+19,5.218426081233494e+18,,,11817552121759847799,1.63050099999964,,
null-calibration-20260820-001,fitted,F4,12,250,0.11780842455507765,0.275,fitted/null_statistics/F4-replication-12-evaluation-250.npy,fitted/residual_samples/F4-replication-12-evaluation-250.csv,7.448703718460065e+18,9.805817668326606e+17,1.0721947065456224e+18,,,6848544330236655132,0.7209043999973801,,
null-calibration-20260820-001,fitted,F4,12,500,0.09729526185554058,0.135,fitted/null_statistics/F4-replication-12-evaluation-500.npy,fitted/residual_samples/F4-replication-12-evaluation-500.csv,7.448703718460065e+18,9.805817668326606e+17,1.817089636918602e+19,,,6301831912183285684,0.8558256999967853,,
null-calibration-20260820-001,fitted,F4,12,1000,0.052378955684130875,0.58,fitted/null_statistics/F4-replication-12-evaluation-1000.npy,fitted/residual_samples/F4-replication-12-evaluation-1000.csv,7.448703718460065e+18,9.805817668326606e+17,8.731723427108481e+18,,,2937316049894078235,1.1117079999967245,,
null-calibration-20260820-001,fitted,F4,12,2000,0.032382474429875595,0.8,fitted/null_statistics/F4-replication-12-evaluation-2000.npy,fitted/residual_samples/F4-replication-12-evaluation-2000.csv,7.448703718460065e+18,9.805817668326606e+17,6.711844741824416e+18,,,9803067492985130127,1.6275533999978506,,
null-calibration-20260820-001,fitted,F5,12,250,0.10229406700152874,0.55,fitted/null_statistics/F5-replication-12-evaluation-250.npy,fitted/residual_samples/F5-replication-12-evaluation-250.csv,1.8282275373592723e+19,1.7584984888226669e+19,3.012593267300446e+18,,,4518790533620044004,0.7124757999990834,,
null-calibration-20260820-001,fitted,F5,12,500,0.07576259849180178,0.46,fitted/null_statistics/F5-replication-12-evaluation-500.npy,fitted/residual_samples/F5-replication-12-evaluation-500.csv,1.8282275373592723e+19,1.7584984888226669e+19,2.2046676124364682e+18,,,13105309541681512788,0.8534021000014036,,
null-calibration-20260820-001,fitted,F5,12,1000,0.04368039880329062,0.835,fitted/null_statistics/F5-replication-12-evaluation-1000.npy,fitted/residual_samples/F5-replication-12-evaluation-1000.csv,1.8282275373592723e+19,1.7584984888226669e+19,6.639161506207807e+18,,,6393119630323684255,1.1093894000005093,,
null-calibration-20260820-001,fitted,F5,12,2000,0.03620639854682809,0.575,fitted/null_statistics/F5-replication-12-evaluation-2000.npy,fitted/residual_samples/F5-replication-12-evaluation-2000.csv,1.8282275373592723e+19,1.7584984888226669e+19,3.0455991567198945e+18,,,8926695405253647351,1.6265568000017083,,
null-calibration-20260820-001,fitted,F6,12,250,0.0865034882551914,0.895,fitted/null_statistics/F6-replication-12-evaluation-250.npy,fitted/residual_samples/F6-replication-12-evaluation-250.csv,1.0940056957967055e+19,1.1090257841453963e+19,1.2781298319204383e+19,,,15954905900270528291,0.7180932999981451,,
null-calibration-20260820-001,fitted,F6,12,500,0.10261245885833756,0.08,fitted/null_statistics/F6-replication-12-evaluation-500.npy,fitted/residual_samples/F6-replication-12-evaluation-500.csv,1.0940056957967055e+19,1.1090257841453963e+19,6.874891897212341e+18,,,13608101850992917739,0.8547276999997848,,
null-calibration-20260820-001,fitted,F6,12,1000,0.0595749800447804,0.35,fitted/null_statistics/F6-replication-12-evaluation-1000.npy,fitted/residual_samples/F6-replication-12-evaluation-1000.csv,1.0940056957967055e+19,1.1090257841453963e+19,6.020864531463218e+17,,,8151725042624068741,1.1136989999977231,,
null-calibration-20260820-001,fitted,F6,12,2000,0.032219627855046555,0.79,fitted/null_statistics/F6-replication-12-evaluation-2000.npy,fitted/residual_samples/F6-replication-12-evaluation-2000.csv,1.0940056957967055e+19,1.1090257841453963e+19,1.2473857422569011e+19,,,14067820124304725692,1.6279363999965426,,
null-calibration-20260820-001,reference,reference,12,250,0.0973235022210204,0.655,reference/null_statistics/replication-12-evaluation-250.npy,,,,,8.465551871191033e+18,3.7876048226960364e+18,3220770609890181806,0.07389619999958086,,
null-calibration-20260820-001,reference,reference,12,500,0.09943789143585637,0.1,reference/null_statistics/replication-12-evaluation-500.npy,,,,,5.095838572795012e+18,3.663542563938788e+18,6222039158908478797,0.12982819999888306,,
null-calibration-20260820-001,reference,reference,12,1000,0.06564047384401349,0.145,reference/null_statistics/replication-12-evaluation-1000.npy,,,,,1.4664460603341988e+19,1.040446734589524e+19,6445798870065559193,0.25025359999926877,,
null-calibration-20260820-001,reference,reference,12,2000,0.04007764275862929,0.36,reference/null_statistics/replication-12-evaluation-2000.npy,,,,,9.266929282277455e+17,2.3833164154955133e+17,18007212135694360564,0.5024959000002127,,
null-calibration-20260820-001,fitted,F1,13,250,0.0877387257889663,0.85,fitted/null_statistics/F1-replication-13-evaluation-250.npy,fitted/residual_samples/F1-replication-13-evaluation-250.csv,2.8736526151546947e+17,1.5637565310332914e+19,1.5095301717277647e+19,,,4579337160520635296,0.7035552999986976,,
null-calibration-20260820-001,fitted,F1,13,500,0.07008830010312903,0.6,fitted/null_statistics/F1-replication-13-evaluation-500.npy,fitted/residual_samples/F1-replication-13-evaluation-500.csv,2.8736526151546947e+17,1.5637565310332914e+19,9.486487274930807e+18,,,18000361958440919566,0.838925999996718,,
null-calibration-20260820-001,fitted,F1,13,1000,0.035060905726780466,1.0,fitted/null_statistics/F1-replication-13-evaluation-1000.npy,fitted/residual_samples/F1-replication-13-evaluation-1000.csv,2.8736526151546947e+17,1.5637565310332914e+19,1.5654246399177947e+19,,,12729921930047365944,1.093519699999888,,
null-calibration-20260820-001,fitted,F1,13,2000,0.0408471967360967,0.32,fitted/null_statistics/F1-replication-13-evaluation-2000.npy,fitted/residual_samples/F1-replication-13-evaluation-2000.csv,2.8736526151546947e+17,1.5637565310332914e+19,1.4560022406554067e+19,,,5613252052515411899,1.6094491999974707,,
null-calibration-20260820-001,fitted,F4,13,250,0.08114661546465618,0.95,fitted/null_statistics/F4-replication-13-evaluation-250.npy,fitted/residual_samples/F4-replication-13-evaluation-250.csv,1.100224085958363e+19,1.0494361258084403e+19,9.467980194036228e+18,,,4742539290834160650,0.7151364999990619,,
null-calibration-20260820-001,fitted,F4,13,500,0.07460563374357305,0.47,fitted/null_statistics/F4-replication-13-evaluation-500.npy,fitted/residual_samples/F4-replication-13-evaluation-500.csv,1.100224085958363e+19,1.0494361258084403e+19,1.6412853340044253e+19,,,11077439657309020290,0.8498937000003934,,
null-calibration-20260820-001,fitted,F4,13,1000,0.04895061172215787,0.7,fitted/null_statistics/F4-replication-13-evaluation-1000.npy,fitted/residual_samples/F4-replication-13-evaluation-1000.csv,1.100224085958363e+19,1.0494361258084403e+19,5.91393356011574e+18,,,9967503340678279993,1.0999091000012413,,
null-calibration-20260820-001,fitted,F4,13,2000,0.04025087874682623,0.335,fitted/null_statistics/F4-replication-13-evaluation-2000.npy,fitted/residual_samples/F4-replication-13-evaluation-2000.csv,1.100224085958363e+19,1.0494361258084403e+19,7.926360559825821e+17,,,17076258015605754032,1.61901090000174,,
null-calibration-20260820-001,fitted,F5,13,250,0.12403267748586949,0.215,fitted/null_statistics/F5-replication-13-evaluation-250.npy,fitted/residual_samples/F5-replication-13-evaluation-250.csv,1.468602019820507e+19,2.691934767556374e+18,2.2485168795028355e+18,,,6025996086375152905,0.7156978999992134,,
null-calibration-20260820-001,fitted,F5,13,500,0.07489624107571297,0.48,fitted/null_statistics/F5-replication-13-evaluation-500.npy,fitted/residual_samples/F5-replication-13-evaluation-500.csv,1.468602019820507e+19,2.691934767556374e+18,1.0720758951348005e+19,,,6643896725639959709,0.8523244999996678,,
null-calibration-20260820-001,fitted,F5,13,1000,0.05756808848392429,0.365,fitted/null_statistics/F5-replication-13-evaluation-1000.npy,fitted/residual_samples/F5-replication-13-evaluation-1000.csv,1.468602019820507e+19,2.691934767556374e+18,1.8001770911122867e+18,,,2749262541936991723,1.1108765999997559,,
null-calibration-20260820-001,fitted,F5,13,2000,0.03302208394652853,0.79,fitted/null_statistics/F5-replication-13-evaluation-2000.npy,fitted/residual_samples/F5-replication-13-evaluation-2000.csv,1.468602019820507e+19,2.691934767556374e+18,1.11160682148792e+19,,,15789934181913446527,1.6220627000002423,,
null-calibration-20260820-001,fitted,F6,13,250,0.09310237664808362,0.79,fitted/null_statistics/F6-replication-13-evaluation-250.npy,fitted/residual_samples/F6-replication-13-evaluation-250.csv,1.8139427425006539e+19,8.494862284672004e+18,8.52546365950723e+18,,,11223298865873958364,0.7141478000012285,,
null-calibration-20260820-001,fitted,F6,13,500,0.07582474072937914,0.435,fitted/null_statistics/F6-replication-13-evaluation-500.npy,fitted/residual_samples/F6-replication-13-evaluation-500.csv,1.8139427425006539e+19,8.494862284672004e+18,7.746977470568431e+17,,,12060273608688771289,0.8496773000006215,,
null-calibration-20260820-001,fitted,F6,13,1000,0.042730150846121036,0.89,fitted/null_statistics/F6-replication-13-evaluation-1000.npy,fitted/residual_samples/F6-replication-13-evaluation-1000.csv,1.8139427425006539e+19,8.494862284672004e+18,2.971309572558926e+18,,,9987947180808640213,1.1150057000013476,,
null-calibration-20260820-001,fitted,F6,13,2000,0.04029331220912458,0.385,fitted/null_statistics/F6-replication-13-evaluation-2000.npy,fitted/residual_samples/F6-replication-13-evaluation-2000.csv,1.8139427425006539e+19,8.494862284672004e+18,1.178278721533342e+17,,,10324474171692185237,1.643975800001499,,
null-calibration-20260820-001,reference,reference,13,250,0.08764347418896248,0.87,reference/null_statistics/replication-13-evaluation-250.npy,,,,,4.2434650713475087e+18,8.755895440778089e+18,7648693385981343948,0.07704430000012508,,
null-calibration-20260820-001,reference,reference,13,500,0.07643211125180341,0.445,reference/null_statistics/replication-13-evaluation-500.npy,,,,,1.7687276534512372e+19,2.9905391254734214e+17,8092952853678007593,0.13354980000076466,,
null-calibration-20260820-001,reference,reference,13,1000,0.045187215822740275,0.82,reference/null_statistics/replication-13-evaluation-1000.npy,,,,,1.6532371094159043e+19,5.851157406273619e+18,12176577473132722945,0.2480199999990873,,
null-calibration-20260820-001,reference,reference,13,2000,0.03346473386376631,0.775,reference/null_statistics/replication-13-evaluation-2000.npy,,,,,1.6850592175943766e+19,6.75597973404468e+18,13480016506571533935,0.5061548999983643,,
null-calibration-20260820-001,fitted,F1,14,250,0.10104761809425758,0.61,fitted/null_statistics/F1-replication-14-evaluation-250.npy,fitted/residual_samples/F1-replication-14-evaluation-250.csv,1.190834050254563e+19,1.4992110279384192e+18,1.2596901572747108e+19,,,4024171399388273456,0.7312605000006442,,
null-calibration-20260820-001,fitted,F1,14,500,0.05885284234462218,0.93,fitted/null_statistics/F1-replication-14-evaluation-500.npy,fitted/residual_samples/F1-replication-14-evaluation-500.csv,1.190834050254563e+19,1.4992110279384192e+18,2.16645474339684e+18,,,15688104378969442517,0.8862513999993098,,
null-calibration-20260820-001,fitted,F1,14,1000,0.07480144612342741,0.055,fitted/null_statistics/F1-replication-14-evaluation-1000.npy,fitted/residual_samples/F1-replication-14-evaluation-1000.csv,1.190834050254563e+19,1.4992110279384192e+18,1.5592635846527252e+19,,,8689846006732717705,1.1601415000004636,,
null-calibration-20260820-001,fitted,F1,14,2000,0.028590122303024518,0.965,fitted/null_statistics/F1-replication-14-evaluation-2000.npy,fitted/residual_samples/F1-replication-14-evaluation-2000.csv,1.190834050254563e+19,1.4992110279384192e+18,1.1023167332950827e+19,,,5602363363098868299,1.707086000002164,,
null-calibration-20260820-001,fitted,F4,14,250,0.1524174831497568,0.07,fitted/null_statistics/F4-replication-14-evaluation-250.npy,fitted/residual_samples/F4-replication-14-evaluation-250.csv,1.0231820755168453e+19,1.1560656121077533e+19,1.5757222131676287e+19,,,16877730896415509714,0.7143355999978667,,
null-calibration-20260820-001,fitted,F4,14,500,0.14212288398537729,0.005,fitted/null_statistics/F4-replication-14-evaluation-500.npy,fitted/residual_samples/F4-replication-14-evaluation-500.csv,1.0231820755168453e+19,1.1560656121077533e+19,7.600204907855958e+18,,,6213513985308859305,0.8508750999972108,,
null-calibration-20260820-001,fitted,F4,14,1000,0.07424894860431042,0.06,fitted/null_statistics/F4-replication-14-evaluation-1000.npy,fitted/residual_samples/F4-replication-14-evaluation-1000.csv,1.0231820755168453e+19,1.1560656121077533e+19,5.988203098974451e+18,,,10738874505469109139,1.1073507000000973,,
null-calibration-20260820-001,fitted,F4,14,2000,0.039624681410010194,0.39,fitted/null_statistics/F4-replication-14-evaluation-2000.npy,fitted/residual_samples/F4-replication-14-evaluation-2000.csv,1.0231820755168453e+19,1.1560656121077533e+19,1.1386944300180503e+19,,,7574250701054001803,1.617449099998339,,
null-calibration-20260820-001,fitted,F5,14,250,0.15468264092039383,0.065,fitted/null_statistics/F5-replication-14-evaluation-250.npy,fitted/residual_samples/F5-replication-14-evaluation-250.csv,7.775849506300156e+18,9.456633735437318e+18,2.2560345046603836e+16,,,18444274758067582319,0.7101469000008365,,
null-calibration-20260820-001,fitted,F5,14,500,0.08849739714689485,0.215,fitted/null_statistics/F5-replication-14-evaluation-500.npy,fitted/residual_samples/F5-replication-14-evaluation-500.csv,7.775849506300156e+18,9.456633735437318e+18,1.231653279925315e+19,,,3825871253251590002,0.8451709000000847,,
null-calibration-20260820-001,fitted,F5,14,1000,0.06773894759093238,0.115,fitted/null_statistics/F5-replication-14-evaluation-1000.npy,fitted/residual_samples/F5-replication-14-evaluation-1000.csv,7.775849506300156e+18,9.456633735437318e+18,1.176000927887605e+19,,,6860709649836243625,1.1027976000004855,,
null-calibration-20260820-001,fitted,F5,14,2000,0.04096222122715459,0.305,fitted/null_statistics/F5-replication-14-evaluation-2000.npy,fitted/residual_samples/F5-replication-14-evaluation-2000.csv,7.775849506300156e+18,9.456633735437318e+18,1.1272011257817629e+19,,,4916226384087028959,1.61498550000033,,
null-calibration-20260820-001,fitted,F6,14,250,0.09282671033305882,0.825,fitted/null_statistics/F6-replication-14-evaluation-250.npy,fitted/residual_samples/F6-replication-14-evaluation-250.csv,9.112812908735058e+18,2.75644672587323e+18,2.770557354078103e+18,,,15113650089794437466,0.71574099999998,,
null-calibration-20260820-001,fitted,F6,14,500,0.09416200581862827,0.16,fitted/null_statistics/F6-replication-14-evaluation-500.npy,fitted/residual_samples/F6-replication-14-evaluation-500.csv,9.112812908735058e+18,2.75644672587323e+18,2.1843138838759695e+18,,,17759725237099477474,0.8519699999997101,,
null-calibration-20260820-001,fitted,F6,14,1000,0.06456429664807624,0.2,fitted/null_statistics/F6-replication-14-evaluation-1000.npy,fitted/residual_samples/F6-replication-14-evaluation-1000.csv,9.112812908735058e+18,2.75644672587323e+18,1.0795242058446166e+19,,,15317380231562900027,1.1122728000009374,,
null-calibration-20260820-001,fitted,F6,14,2000,0.036011743788046315,0.605,fitted/null_statistics/F6-replication-14-evaluation-2000.npy,fitted/residual_samples/F6-replication-14-evaluation-2000.csv,9.112812908735058e+18,2.75644672587323e+18,1.042443948486328e+19,,,13851997002535588823,1.6258787000006123,,
null-calibration-20260820-001,reference,reference,14,250,0.14001023890860737,0.11,reference/null_statistics/replication-14-evaluation-250.npy,,,,,1.5725609682086232e+19,1.0150781582885175e+19,9343095248834962910,0.07728180000049178,,
null-calibration-20260820-001,reference,reference,14,500,0.08669036058676469,0.22,reference/null_statistics/replication-14-evaluation-500.npy,,,,,1.2810728603064745e+18,1.4575326387569908e+19,8935164755896866915,0.13241040000139037,,
null-calibration-20260820-001,reference,reference,14,1000,0.04709999536977819,0.755,reference/null_statistics/replication-14-evaluation-1000.npy,,,,,1.5570900536545343e+19,1.0869718800618148e+19,10985864547711997205,0.2515754999985802,,
null-calibration-20260820-001,reference,reference,14,2000,0.041324926670312435,0.37,reference/null_statistics/replication-14-evaluation-2000.npy,,,,,1.594478160350757e+19,9.58817524783601e+18,81403942642251531,0.5052479000005405,,
null-calibration-20260820-001,fitted,F1,15,250,0.11365861521525389,0.375,fitted/null_statistics/F1-replication-15-evaluation-250.npy,fitted/residual_samples/F1-replication-15-evaluation-250.csv,1.0648008462456254e+19,1.4165224264109345e+19,1.2204112057426606e+19,,,13135550426082240185,0.713852400000178,,
null-calibration-20260820-001,fitted,F1,15,500,0.054930805701382805,0.985,fitted/null_statistics/F1-replication-15-evaluation-500.npy,fitted/residual_samples/F1-replication-15-evaluation-500.csv,1.0648008462456254e+19,1.4165224264109345e+19,7.685542841927114e+18,,,12472857782290744039,0.8482497999975749,,
null-calibration-20260820-001,fitted,F1,15,1000,0.07713317442788754,0.09,fitted/null_statistics/F1-replication-15-evaluation-1000.npy,fitted/residual_samples/F1-replication-15-evaluation-1000.csv,1.0648008462456254e+19,1.4165224264109345e+19,2.639613807301241e+18,,,18237602852197314838,1.102863799998886,,
null-calibration-20260820-001,fitted,F1,15,2000,0.041115090196895604,0.365,fitted/null_statistics/F1-replication-15-evaluation-2000.npy,fitted/residual_samples/F1-replication-15-evaluation-2000.csv,1.0648008462456254e+19,1.4165224264109345e+19,7.274768093866945e+18,,,2479681790985689812,1.6223105999997642,,
null-calibration-20260820-001,fitted,F4,15,250,0.09015397674110175,0.86,fitted/null_statistics/F4-replication-15-evaluation-250.npy,fitted/residual_samples/F4-replication-15-evaluation-250.csv,1.0562554050451407e+19,1.9690388755352476e+18,5.085830156532012e+18,,,6972732755176026751,0.7199215999971784,,
null-calibration-20260820-001,fitted,F4,15,500,0.0929315905530373,0.14,fitted/null_statistics/F4-replication-15-evaluation-500.npy,fitted/residual_samples/F4-replication-15-evaluation-500.csv,1.0562554050451407e+19,1.9690388755352476e+18,1.3403770009042584e+19,,,5893826704873095817,0.8549847999966005,,
null-calibration-20260820-001,fitted,F4,15,1000,0.05923148309853874,0.265,fitted/null_statistics/F4-replication-15-evaluation-1000.npy,fitted/residual_samples/F4-replication-15-evaluation-1000.csv,1.0562554050451407e+19,1.9690388755352476e+18,1.2433598251163963e+19,,,17206270777135597439,1.1120221999990463,,
null-calibration-20260820-001,fitted,F4,15,2000,0.041478087111678635,0.275,fitted/null_statistics/F4-replication-15-evaluation-2000.npy,fitted/residual_samples/F4-replication-15-evaluation-2000.csv,1.0562554050451407e+19,1.9690388755352476e+18,9.044180897361256e+18,,,6635024583523530666,1.625616599998466,,
null-calibration-20260820-001,fitted,F5,15,250,0.16434530975970377,0.03,fitted/null_statistics/F5-replication-15-evaluation-250.npy,fitted/residual_samples/F5-replication-15-evaluation-250.csv,3.4038356032120684e+18,9.545163115918322e+18,1.2144136705191246e+19,,,6441320288106858122,0.7223524999972142,,
null-calibration-20260820-001,fitted,F5,15,500,0.06596561204116022,0.81,fitted/null_statistics/F5-replication-15-evaluation-500.npy,fitted/residual_samples/F5-replication-15-evaluation-500.csv,3.4038356032120684e+18,9.545163115918322e+18,7.494354610062056e+18,,,10031473694274743628,0.8565927999989071,,
null-calibration-20260820-001,fitted,F5,15,1000,0.05307502516585315,0.465,fitted/null_statistics/F5-replication-15-evaluation-1000.npy,fitted/residual_samples/F5-replication-15-evaluation-1000.csv,3.4038356032120684e+18,9.545163115918322e+18,1.0236434832790268e+19,,,16479435490150954766,1.1145176999998512,,
null-calibration-20260820-001,fitted,F5,15,2000,0.03959235089095312,0.345,fitted/null_statistics/F5-replication-15-evaluation-2000.npy,fitted/residual_samples/F5-replication-15-evaluation-2000.csv,3.4038356032120684e+18,9.545163115918322e+18,8.661696388022837e+18,,,8749966701259368745,1.6244329999972251,,
null-calibration-20260820-001,fitted,F6,15,250,0.10989861798980166,0.4,fitted/null_statistics/F6-replication-15-evaluation-250.npy,fitted/residual_samples/F6-replication-15-evaluation-250.csv,1.1354144182362606e+19,1.7874476181612421e+19,5.36457860221951e+18,,,12673313886302039530,0.7098890999986907,,
null-calibration-20260820-001,fitted,F6,15,500,0.09426235526734808,0.135,fitted/null_statistics/F6-replication-15-evaluation-500.npy,fitted/residual_samples/F6-replication-15-evaluation-500.csv,1.1354144182362606e+19,1.7874476181612421e+19,2.709760086046638e+18,,,8820325108966018347,0.844214099997771,,
null-calibration-20260820-001,fitted,F6,15,1000,0.06218650702793714,0.21,fitted/null_statistics/F6-replication-15-evaluation-1000.npy,fitted/residual_samples/F6-replication-15-evaluation-1000.csv,1.1354144182362606e+19,1.7874476181612421e+19,1.8135798455357053e+18,,,12567478609797651455,1.0983129999985977,,
null-calibration-20260820-001,fitted,F6,15,2000,0.038523145300264086,0.435,fitted/null_statistics/F6-replication-15-evaluation-2000.npy,fitted/residual_samples/F6-replication-15-evaluation-2000.csv,1.1354144182362606e+19,1.7874476181612421e+19,1.3202859697001882e+18,,,15361238657010988406,1.623660799999925,,
null-calibration-20260820-001,reference,reference,15,250,0.09713578733176224,0.685,reference/null_statistics/replication-15-evaluation-250.npy,,,,,1.0238730751876637e+19,7.782561489708973e+18,7452383214127459104,0.07398070000272128,,
null-calibration-20260820-001,reference,reference,15,500,0.05809282516452938,0.95,reference/null_statistics/replication-15-evaluation-500.npy,,,,,1.2250196921996526e+18,1.2913407677869636e+19,13667736205155564664,0.12652819999857456,,
null-calibration-20260820-001,reference,reference,15,1000,0.06450800731994091,0.15,reference/null_statistics/replication-15-evaluation-1000.npy,,,,,9.798327246213188e+18,5.096923961096984e+18,3724945678927823502,0.25045630000022356,,
null-calibration-20260820-001,reference,reference,15,2000,0.03677758627263437,0.585,reference/null_statistics/replication-15-evaluation-2000.npy,,,,,1.6119172269207192e+19,1.513689962147198e+19,11374520237050508441,0.49463230000037584,,
null-calibration-20260820-001,fitted,F1,16,250,0.10285612721451075,0.565,fitted/null_statistics/F1-replication-16-evaluation-250.npy,fitted/residual_samples/F1-replication-16-evaluation-250.csv,6.8404746308893e+18,1.6019200866104037e+19,1.1598816877919232e+19,,,12439626406477717817,0.7408069999983127,,
null-calibration-20260820-001,fitted,F1,16,500,0.0585935809096658,0.915,fitted/null_statistics/F1-replication-16-evaluation-500.npy,fitted/residual_samples/F1-replication-16-evaluation-500.csv,6.8404746308893e+18,1.6019200866104037e+19,1.2868926628560245e+19,,,10942224444235890788,0.8766164999979082,,
null-calibration-20260820-001,fitted,F1,16,1000,0.043866193246930155,0.9,fitted/null_statistics/F1-replication-16-evaluation-1000.npy,fitted/residual_samples/F1-replication-16-evaluation-1000.csv,6.8404746308893e+18,1.6019200866104037e+19,2.7770102688778e+18,,,3292498696969316926,1.1312761999979557,,
null-calibration-20260820-001,fitted,F1,16,2000,0.04679450135110798,0.17,fitted/null_statistics/F1-replication-16-evaluation-2000.npy,fitted/residual_samples/F1-replication-16-evaluation-2000.csv,6.8404746308893e+18,1.6019200866104037e+19,1.2494688134282734e+19,,,17997679244415959970,1.649252899998828,,
null-calibration-20260820-001,fitted,F4,16,250,0.11481450455270742,0.39,fitted/null_statistics/F4-replication-16-evaluation-250.npy,fitted/residual_samples/F4-replication-16-evaluation-250.csv,1.6624099992189166e+19,1.2892852973796502e+19,1.722782370528845e+19,,,140424123946143581,0.7050579999995534,,
null-calibration-20260820-001,fitted,F4,16,500,0.07135414750005359,0.635,fitted/null_statistics/F4-replication-16-evaluation-500.npy,fitted/residual_samples/F4-replication-16-evaluation-500.csv,1.6624099992189166e+19,1.2892852973796502e+19,3.240686856754474e+18,,,13060231598863633981,0.8380452000019432,,
null-calibration-20260820-001,fitted,F4,16,1000,0.060601986837509815,0.27,fitted/null_statistics/F4-replication-16-evaluation-1000.npy,fitted/residual_samples/F4-replication-16-evaluation-1000.csv,1.6624099992189166e+19,1.2892852973796502e+19,8.162603538204665e+18,,,3028491612300781401,1.0905989999992016,,
null-calibration-20260820-001,fitted,F4,16,2000,0.031202557736138305,0.9,fitted/null_statistics/F4-replication-16-evaluation-2000.npy,fitted/residual_samples/F4-replication-16-evaluation-2000.csv,1.6624099992189166e+19,1.2892852973796502e+19,1.7259048464917944e+19,,,4058233450658841890,1.6109849999993457,,
null-calibration-20260820-001,fitted,F5,16,250,0.11903518273756171,0.285,fitted/null_statistics/F5-replication-16-evaluation-250.npy,fitted/residual_samples/F5-replication-16-evaluation-250.csv,9.809112676082577e+18,7.282164049788828e+17,3.396712276524369e+18,,,4397666356586489096,0.7152903000023798,,
null-calibration-20260820-001,fitted,F5,16,500,0.08461420595760984,0.265,fitted/null_statistics/F5-replication-16-evaluation-500.npy,fitted/residual_samples/F5-replication-16-evaluation-500.csv,9.809112676082577e+18,7.282164049788828e+17,2.8180796740492037e+18,,,4618217763661327931,0.8492051000030187,,
null-calibration-20260820-001,fitted,F5,16,1000,0.05133191056580695,0.56,fitted/null_statistics/F5-replication-16-evaluation-1000.npy,fitted/residual_samples/F5-replication-16-evaluation-1000.csv,9.809112676082577e+18,7.282164049788828e+17,1.4207329616470843e+19,,,983744414139162613,1.1050282000032894,,
null-calibration-20260820-001,fitted,F5,16,2000,0.039109092313700945,0.425,fitted/null_statistics/F5-replication-16-evaluation-2000.npy,fitted/residual_samples/F5-replication-16-evaluation-2000.csv,9.809112676082577e+18,7.282164049788828e+17,1.033573972606138e+19,,,17730924154631113680,1.6202885000020615,,
null-calibration-20260820-001,fitted,F6,16,250,0.1278178388419919,0.205,fitted/null_statistics/F6-replication-16-evaluation-250.npy,fitted/residual_samples/F6-replication-16-evaluation-250.csv,1.1213981742420198e+17,1.429971163497366e+18,6.863330914073524e+18,,,10127951569103937447,0.7077820999984397,,
null-calibration-20260820-001,fitted,F6,16,500,0.08162821102385455,0.35,fitted/null_statistics/F6-replication-16-evaluation-500.npy,fitted/residual_samples/F6-replication-16-evaluation-500.csv,1.1213981742420198e+17,1.429971163497366e+18,2.1823580843825649e+18,,,11460724184190587328,0.8437293999995745,,
null-calibration-20260820-001,fitted,F6,16,1000,0.05933686133972779,0.265,fitted/null_statistics/F6-replication-16-evaluation-1000.npy,fitted/residual_samples/F6-replication-16-evaluation-1000.csv,1.1213981742420198e+17,1.429971163497366e+18,1.5782666151116516e+18,,,15568174071019649466,1.1013352000009036,,
null-calibration-20260820-001,fitted,F6,16,2000,0.0429973635490163,0.26,fitted/null_statistics/F6-replication-16-evaluation-2000.npy,fitted/residual_samples/F6-replication-16-evaluation-2000.csv,1.1213981742420198e+17,1.429971163497366e+18,1.3018217565981219e+19,,,4128074122634610715,1.6129101000005903,,
null-calibration-20260820-001,reference,reference,16,250,0.10010115456310348,0.605,reference/null_statistics/replication-16-evaluation-250.npy,,,,,5.25424582954443e+18,7.514506769715659e+18,9716847138286203091,0.07602070000211825,,
null-calibration-20260820-001,reference,reference,16,500,0.0889077283092926,0.17,reference/null_statistics/replication-16-evaluation-500.npy,,,,,2.6484757964738806e+18,1.0098329406634353e+19,6764690182733164344,0.13405010000133188,,
null-calibration-20260820-001,reference,reference,16,1000,0.06315805155168985,0.22,reference/null_statistics/replication-16-evaluation-1000.npy,,,,,9.539487800125213e+18,1.8265644541877154e+19,8502028988631298770,0.25375160000112373,,
null-calibration-20260820-001,reference,reference,16,2000,0.030065901209299764,0.915,reference/null_statistics/replication-16-evaluation-2000.npy,,,,,1.833120091677632e+18,6.587619110764006e+17,17554956223211191305,0.5074010999996972,,
null-calibration-20260820-001,fitted,F1,17,250,0.14422366985702717,0.075,fitted/null_statistics/F1-replication-17-evaluation-250.npy,fitted/residual_samples/F1-replication-17-evaluation-250.csv,5.645015814667409e+18,2.613822961975173e+18,1.751704277971756e+19,,,8438494516820500904,0.7056827000014891,,
null-calibration-20260820-001,fitted,F1,17,500,0.08175490355344783,0.3,fitted/null_statistics/F1-replication-17-evaluation-500.npy,fitted/residual_samples/F1-replication-17-evaluation-500.csv,5.645015814667409e+18,2.613822961975173e+18,1.576956950319527e+19,,,13527718291520894565,0.8454196000020602,,
null-calibration-20260820-001,fitted,F1,17,1000,0.061357816648839894,0.205,fitted/null_statistics/F1-replication-17-evaluation-1000.npy,fitted/residual_samples/F1-replication-17-evaluation-1000.csv,5.645015814667409e+18,2.613822961975173e+18,7.69267819414768e+18,,,15570859911345485872,1.1059065000008559,,
null-calibration-20260820-001,fitted,F1,17,2000,0.044214493177116246,0.305,fitted/null_statistics/F1-replication-17-evaluation-2000.npy,fitted/residual_samples/F1-replication-17-evaluation-2000.csv,5.645015814667409e+18,2.613822961975173e+18,1.698089902535787e+19,,,8175273241298950379,1.6213012000007438,,
null-calibration-20260820-001,fitted,F4,17,250,0.1148046576113846,0.355,fitted/null_statistics/F4-replication-17-evaluation-250.npy,fitted/residual_samples/F4-replication-17-evaluation-250.csv,1.5140028997239894e+19,6.618162472825137e+18,6.737874553280663e+18,,,14511169337392675693,0.7219045999991067,,
null-calibration-20260820-001,fitted,F4,17,500,0.09536376313025634,0.15,fitted/null_statistics/F4-replication-17-evaluation-500.npy,fitted/residual_samples/F4-replication-17-evaluation-500.csv,1.5140028997239894e+19,6.618162472825137e+18,1.7227747101060831e+19,,,6015604972867037627,0.855942900001537,,
null-calibration-20260820-001,fitted,F4,17,1000,0.06709956685255053,0.13,fitted/null_statistics/F4-replication-17-evaluation-1000.npy,fitted/residual_samples/F4-replication-17-evaluation-1000.csv,1.5140028997239894e+19,6.618162472825137e+18,2.750781484875203e+18,,,2322664606260287194,1.0970679999991262,,
null-calibration-20260820-001,fitted,F4,17,2000,0.03409650626249173,0.64,fitted/null_statistics/F4-replication-17-evaluation-2000.npy,fitted/residual_samples/F4-replication-17-evaluation-2000.csv,1.5140028997239894e+19,6.618162472825137e+18,1.1496640830247705e+19,,,16483692658528994052,1.60512220000237,,
null-calibration-20260820-001,fitted,F5,17,250,0.0943609799378432,0.665,fitted/null_statistics/F5-replication-17-evaluation-250.npy,fitted/residual_samples/F5-replication-17-evaluation-250.csv,1.5788028662452214e+19,2.7150638223021926e+18,1.2133516929292489e+19,,,12885450121985744903,0.7485546000025352,,
null-calibration-20260820-001,fitted,F5,17,500,0.06373584444464035,0.785,fitted/null_statistics/F5-replication-17-evaluation-500.npy,fitted/residual_samples/F5-replication-17-evaluation-500.csv,1.5788028662452214e+19,2.7150638223021926e+18,4.269751070615992e+18,,,8878883556628061731,0.8899318000003404,,
null-calibration-20260820-001,fitted,F5,17,1000,0.06368101436179258,0.16,fitted/null_statistics/F5-replication-17-evaluation-1000.npy,fitted/residual_samples/F5-replication-17-evaluation-1000.csv,1.5788028662452214e+19,2.7150638223021926e+18,1.4089329304374286e+19,,,16096925333752646801,1.1812986000004457,,
null-calibration-20260820-001,fitted,F5,17,2000,0.035088192976450126,0.65,fitted/null_statistics/F5-replication-17-evaluation-2000.npy,fitted/residual_samples/F5-replication-17-evaluation-2000.csv,1.5788028662452214e+19,2.7150638223021926e+18,5.910587421383819e+18,,,6988502569403374837,1.713171900002635,,
null-calibration-20260820-001,fitted,F6,17,250,0.09891820411915625,0.625,fitted/null_statistics/F6-replication-17-evaluation-250.npy,fitted/residual_samples/F6-replication-17-evaluation-250.csv,5.679283391483509e+18,1.841449539383061e+19,1.0107892405941205e+19,,,5036996062603260541,0.7108248000004096,,
null-calibration-20260820-001,fitted,F6,17,500,0.07405389221216016,0.585,fitted/null_statistics/F6-replication-17-evaluation-500.npy,fitted/residual_samples/F6-replication-17-evaluation-500.csv,5.679283391483509e+18,1.841449539383061e+19,8.121339781341377e+18,,,12036703990159663179,0.8441377000017383,,
null-calibration-20260820-001,fitted,F6,17,1000,0.08199590310797004,0.04,fitted/null_statistics/F6-replication-17-evaluation-1000.npy,fitted/residual_samples/F6-replication-17-evaluation-1000.csv,5.679283391483509e+18,1.841449539383061e+19,2.2457331265334019e+18,,,9892871040073924198,1.0987238000016077,,
null-calibration-20260820-001,fitted,F6,17,2000,0.028602653961140565,0.94,fitted/null_statistics/F6-replication-17-evaluation-2000.npy,fitted/residual_samples/F6-replication-17-evaluation-2000.csv,5.679283391483509e+18,1.841449539383061e+19,5.192759074826038e+18,,,8855689401368599962,1.6141723000000638,,
null-calibration-20260820-001,reference,reference,17,250,0.11314055540176327,0.285,reference/null_statistics/replication-17-evaluation-250.npy,,,,,7.276018434171277e+18,6.678887982088868e+18,11346775885507307408,0.07428660000005038,,
null-calibration-20260820-001,reference,reference,17,500,0.10620274505268007,0.07,reference/null_statistics/replication-17-evaluation-500.npy,,,,,1.9179731445737475e+18,1.1665743261952097e+18,13874116796038396768,0.13456130000122357,,
null-calibration-20260820-001,reference,reference,17,1000,0.048040783409286296,0.725,reference/null_statistics/replication-17-evaluation-1000.npy,,,,,1.4535612176281256e+19,1.7630027360369457e+19,4939805038761321397,0.2503370000013092,,
null-calibration-20260820-001,reference,reference,17,2000,0.027000684909766752,0.995,reference/null_statistics/replication-17-evaluation-2000.npy,,,,,2.144000716020795e+18,1.7025646609028606e+19,6513802109293569219,0.494737900000473,,
null-calibration-20260820-001,fitted,F1,18,250,0.07699391234256793,0.975,fitted/null_statistics/F1-replication-18-evaluation-250.npy,fitted/residual_samples/F1-replication-18-evaluation-250.csv,1.5786720572701913e+19,1.2866216528117275e+19,7.933905418303569e+18,,,1277599492061172056,0.7043990999991365,,
null-calibration-20260820-001,fitted,F1,18,500,0.0878894823335357,0.22,fitted/null_statistics/F1-replication-18-evaluation-500.npy,fitted/residual_samples/F1-replication-18-evaluation-500.csv,1.5786720572701913e+19,1.2866216528117275e+19,3.622516699578542e+18,,,823508967530237348,0.834886299999198,,
null-calibration-20260820-001,fitted,F1,18,1000,0.05887320026641773,0.295,fitted/null_statistics/F1-replication-18-evaluation-1000.npy,fitted/residual_samples/F1-replication-18-evaluation-1000.csv,1.5786720572701913e+19,1.2866216528117275e+19,9.37067012996717e+18,,,10608050409191069852,1.0933158999978332,,
null-calibration-20260820-001,fitted,F1,18,2000,0.03489711694733761,0.675,fitted/null_statistics/F1-replication-18-evaluation-2000.npy,fitted/residual_samples/F1-replication-18-evaluation-2000.csv,1.5786720572701913e+19,1.2866216528117275e+19,1.4365151707035701e+19,,,9248531690445117315,1.607085100000404,,
null-calibration-20260820-001,fitted,F4,18,250,0.08664041104838827,0.925,fitted/null_statistics/F4-replication-18-evaluation-250.npy,fitted/residual_samples/F4-replication-18-evaluation-250.csv,5.332361954930172e+18,1.0977663909560947e+19,5.190789305476356e+18,,,1869206655460632123,0.7131058000013581,,
null-calibration-20260820-001,fitted,F4,18,500,0.1441538682270034,0.015,fitted/null_statistics/F4-replication-18-evaluation-500.npy,fitted/residual_samples/F4-replication-18-evaluation-500.csv,5.332361954930172e+18,1.0977663909560947e+19,1.5554481555955823e+19,,,10451764230495526398,0.8471018000018375,,
null-calibration-20260820-001,fitted,F4,18,1000,0.03833260136244636,0.975,fitted/null_statistics/F4-replication-18-evaluation-1000.npy,fitted/residual_samples/F4-replication-18-evaluation-1000.csv,5.332361954930172e+18,1.0977663909560947e+19,1.6587126257116125e+19,,,14231451428931211092,1.104872300002171,,
null-calibration-20260820-001,fitted,F4,18,2000,0.050220172507727597,0.075,fitted/null_statistics/F4-replication-18-evaluation-2000.npy,fitted/residual_samples/F4-replication-18-evaluation-2000.csv,5.332361954930172e+18,1.0977663909560947e+19,1.8143937091134824e+19,,,14005035765241072175,1.6234870000007504,,
null-calibration-20260820-001,fitted,F5,18,250,0.08518299004854714,0.935,fitted/null_statistics/F5-replication-18-evaluation-250.npy,fitted/residual_samples/F5-replication-18-evaluation-250.csv,7.113119847380694e+18,6.150730150251339e+18,1.8064502463964703e+19,,,8794912133717077324,0.7391712999997253,,
null-calibration-20260820-001,fitted,F5,18,500,0.07690817829632318,0.45,fitted/null_statistics/F5-replication-18-evaluation-500.npy,fitted/residual_samples/F5-replication-18-evaluation-500.csv,7.113119847380694e+18,6.150730150251339e+18,1.376559332394729e+19,,,2196024504543093677,0.8729939000004379,,
null-calibration-20260820-001,fitted,F5,18,1000,0.051300690233004514,0.575,fitted/null_statistics/F5-replication-18-evaluation-1000.npy,fitted/residual_samples/F5-replication-18-evaluation-1000.csv,7.113119847380694e+18,6.150730150251339e+18,2.5804662597286185e+18,,,244855948267974442,1.1254525000003923,,
null-calibration-20260820-001,fitted,F5,18,2000,0.046647934678148754,0.175,fitted/null_statistics/F5-replication-18-evaluation-2000.npy,fitted/residual_samples/F5-replication-18-evaluation-2000.csv,7.113119847380694e+18,6.150730150251339e+18,1.2201577671539876e+19,,,9039785843802701124,1.6382144000017433,,
null-calibration-20260820-001,fitted,F6,18,250,0.08721769386384773,0.91,fitted/null_statistics/F6-replication-18-evaluation-250.npy,fitted/residual_samples/F6-replication-18-evaluation-250.csv,1.4292353449608137e+19,5.031941466326944e+18,7.796514236010634e+18,,,4812804364040961355,0.7157718000016757,,
null-calibration-20260820-001,fitted,F6,18,500,0.09917212150114495,0.115,fitted/null_statistics/F6-replication-18-evaluation-500.npy,fitted/residual_samples/F6-replication-18-evaluation-500.csv,1.4292353449608137e+19,5.031941466326944e+18,8.568636886245773e+18,,,7858795618617768854,0.8509761000022991,,
null-calibration-20260820-001,fitted,F6,18,1000,0.04735911504864826,0.755,fitted/null_statistics/F6-replication-18-evaluation-1000.npy,fitted/residual_samples/F6-replication-18-evaluation-1000.csv,1.4292353449608137e+19,5.031941466326944e+18,9.457823923153183e+18,,,15530886848627433350,1.1061838999994507,,
null-calibration-20260820-001,fitted,F6,18,2000,0.0391656800005517,0.4,fitted/null_statistics/F6-replication-18-evaluation-2000.npy,fitted/residual_samples/F6-replication-18-evaluation-2000.csv,1.4292353449608137e+19,5.031941466326944e+18,7.356145375084567e+18,,,810742365442490733,1.5945766000004369,,
null-calibration-20260820-001,reference,reference,18,250,0.09528240128735602,0.76,reference/null_statistics/replication-18-evaluation-250.npy,,,,,1.2062638373153112e+19,1.1829446155989537e+19,17834286209657890483,0.07603279999966617,,
null-calibration-20260820-001,reference,reference,18,500,0.06095739765381484,0.885,reference/null_statistics/replication-18-evaluation-500.npy,,,,,3.574299865777746e+18,1.4542688899446133e+19,1408422016187613917,0.130920799998421,,
null-calibration-20260820-001,reference,reference,18,1000,0.05637359863166462,0.425,reference/null_statistics/replication-18-evaluation-1000.npy,,,,,3.053568273036735e+18,1.448132411128585e+19,11998926963721467340,0.251341200000752,,
null-calibration-20260820-001,reference,reference,18,2000,0.053366748301270577,0.06,reference/null_statistics/replication-18-evaluation-2000.npy,,,,,3.283443068235888e+18,1.2541945730574803e+19,2037196006637153634,0.5042123999992327,,
null-calibration-20260820-001,fitted,F1,19,250,0.13038399655525296,0.175,fitted/null_statistics/F1-replication-19-evaluation-250.npy,fitted/residual_samples/F1-replication-19-evaluation-250.csv,1.4290359515207336e+19,1.1469921027469033e+19,4.3856533243050307e+18,,,2342995638694096649,0.7085130999985267,,
null-calibration-20260820-001,fitted,F1,19,500,0.06144675720767537,0.86,fitted/null_statistics/F1-replication-19-evaluation-500.npy,fitted/residual_samples/F1-replication-19-evaluation-500.csv,1.4290359515207336e+19,1.1469921027469033e+19,1.8366772679970396e+18,,,2666413670764364044,0.8430713999987347,,
null-calibration-20260820-001,fitted,F1,19,1000,0.06423528391153191,0.205,fitted/null_statistics/F1-replication-19-evaluation-1000.npy,fitted/residual_samples/F1-replication-19-evaluation-1000.csv,1.4290359515207336e+19,1.1469921027469033e+19,1.5249668549692766e+19,,,1941450553508556532,1.0993034999992233,,
null-calibration-20260820-001,fitted,F1,19,2000,0.03867791354457831,0.435,fitted/null_statistics/F1-replication-19-evaluation-2000.npy,fitted/residual_samples/F1-replication-19-evaluation-2000.csv,1.4290359515207336e+19,1.1469921027469033e+19,4.2824931998316943e+18,,,17858133423331095862,1.615918799998326,,
null-calibration-20260820-001,fitted,F4,19,250,0.10404236072052994,0.645,fitted/null_statistics/F4-replication-19-evaluation-250.npy,fitted/residual_samples/F4-replication-19-evaluation-250.csv,8.506784323820321e+18,7.565693067972072e+17,1.5700314778097916e+19,,,12219274518486338375,0.708373000001302,,
null-calibration-20260820-001,fitted,F4,19,500,0.10238463576466378,0.09,fitted/null_statistics/F4-replication-19-evaluation-500.npy,fitted/residual_samples/F4-replication-19-evaluation-500.csv,8.506784323820321e+18,7.565693067972072e+17,6.041079085015426e+18,,,13762538141751258598,0.8469771000018227,,
null-calibration-20260820-001,fitted,F4,19,1000,0.06700967020435751,0.13,fitted/null_statistics/F4-replication-19-evaluation-1000.npy,fitted/residual_samples/F4-replication-19-evaluation-1000.csv,8.506784323820321e+18,7.565693067972072e+17,1.3630289236134147e+18,,,18116390048830056379,1.10533199999918,,
null-calibration-20260820-001,fitted,F4,19,2000,0.030063712018454158,0.915,fitted/null_statistics/F4-replication-19-evaluation-2000.npy,fitted/residual_samples/F4-replication-19-evaluation-2000.csv,8.506784323820321e+18,7.565693067972072e+17,9.738992933493289e+18,,,5604657039423768998,1.614265100000921,,
null-calibration-20260820-001,fitted,F5,19,250,0.11788862783082661,0.26,fitted/null_statistics/F5-replication-19-evaluation-250.npy,fitted/residual_samples/F5-replication-19-evaluation-250.csv,1.3587124840877437e+19,4.61216675444933e+18,2.8739175159469087e+18,,,2118250072629207666,0.7099939999970957,,
null-calibration-20260820-001,fitted,F5,19,500,0.06941581010716781,0.72,fitted/null_statistics/F5-replication-19-evaluation-500.npy,fitted/residual_samples/F5-replication-19-evaluation-500.csv,1.3587124840877437e+19,4.61216675444933e+18,1.1846714983988332e+18,,,934420768720777812,0.8462613999981841,,
null-calibration-20260820-001,fitted,F5,19,1000,0.040876735179367664,0.97,fitted/null_statistics/F5-replication-19-evaluation-1000.npy,fitted/residual_samples/F5-replication-19-evaluation-1000.csv,1.3587124840877437e+19,4.61216675444933e+18,1.165735716734579e+19,,,17811221827360977472,1.1112808999969275,,
null-calibration-20260820-001,fitted,F5,19,2000,0.05047900881481059,0.115,fitted/null_statistics/F5-replication-19-evaluation-2000.npy,fitted/residual_samples/F5-replication-19-evaluation-2000.csv,1.3587124840877437e+19,4.61216675444933e+18,1.4587480761372662e+19,,,6314598723994657780,1.6277576999964367,,
null-calibration-20260820-001,fitted,F6,19,250,0.10328392561006726,0.55,fitted/null_statistics/F6-replication-19-evaluation-250.npy,fitted/residual_samples/F6-replication-19-evaluation-250.csv,3.0580594908303734e+18,1.5326809414743972e+19,4.119527805417133e+18,,,6595596721234455874,0.7133990000002086,,
null-calibration-20260820-001,fitted,F6,19,500,0.09104215856537637,0.175,fitted/null_statistics/F6-replication-19-evaluation-500.npy,fitted/residual_samples/F6-replication-19-evaluation-500.csv,3.0580594908303734e+18,1.5326809414743972e+19,3.0869655156601523e+18,,,8461029327874596228,0.8478570000006584,,
null-calibration-20260820-001,fitted,F6,19,1000,0.053075172736914235,0.465,fitted/null_statistics/F6-replication-19-evaluation-1000.npy,fitted/residual_samples/F6-replication-19-evaluation-1000.csv,3.0580594908303734e+18,1.5326809414743972e+19,1.4544414404115444e+19,,,4763482717029849492,1.103266900001472,,
null-calibration-20260820-001,fitted,F6,19,2000,0.025315283385103356,1.0,fitted/null_statistics/F6-replication-19-evaluation-2000.npy,fitted/residual_samples/F6-replication-19-evaluation-2000.csv,3.0580594908303734e+18,1.5326809414743972e+19,1.3679894482605179e+19,,,13071117356067548647,1.614763800000219,,
null-calibration-20260820-001,reference,reference,19,250,0.09715197512803564,0.69,reference/null_statistics/replication-19-evaluation-250.npy,,,,,8.924188703198441e+18,1.5776795478412784e+19,17107898696565500704,0.07620449999740231,,
null-calibration-20260820-001,reference,reference,19,500,0.06428501321876634,0.805,reference/null_statistics/replication-19-evaluation-500.npy,,,,,1.1162689491050211e+19,1.4341639798827643e+18,10975437768095203511,0.12962960000004387,,
null-calibration-20260820-001,reference,reference,19,1000,0.050277517431849314,0.615,reference/null_statistics/replication-19-evaluation-1000.npy,,,,,9.656795175181144e+18,5.226032109574727e+18,4238713673120666938,0.23241330000018934,,
null-calibration-20260820-001,reference,reference,19,2000,0.05384206301663569,0.05,reference/null_statistics/replication-19-evaluation-2000.npy,,,,,4.880753412973887e+18,1.8420273606874532e+19,16290616417568293987,0.49819720000232337,,
null-calibration-20260820-001,fitted,F1,20,250,0.07672396355165582,0.995,fitted/null_statistics/F1-replication-20-evaluation-250.npy,fitted/residual_samples/F1-replication-20-evaluation-250.csv,1.1751906340328873e+18,1.3899596375987337e+19,1.7084879961713086e+19,,,15911565812997559239,0.7340366999997059,,
null-calibration-20260820-001,fitted,F1,20,500,0.06004317400831452,0.945,fitted/null_statistics/F1-replication-20-evaluation-500.npy,fitted/residual_samples/F1-replication-20-evaluation-500.csv,1.1751906340328873e+18,1.3899596375987337e+19,7.598109453200478e+18,,,6222881982680814832,0.8688402000007045,,
null-calibration-20260820-001,fitted,F1,20,1000,0.04787193368695422,0.725,fitted/null_statistics/F1-replication-20-evaluation-1000.npy,fitted/residual_samples/F1-replication-20-evaluation-1000.csv,1.1751906340328873e+18,1.3899596375987337e+19,4.494684210020605e+18,,,9718514791080551484,1.1318470000005618,,
null-calibration-20260820-001,fitted,F1,20,2000,0.037589684645266165,0.45,fitted/null_statistics/F1-replication-20-evaluation-2000.npy,fitted/residual_samples/F1-replication-20-evaluation-2000.csv,1.1751906340328873e+18,1.3899596375987337e+19,1.1530611132659591e+19,,,15951734035894295972,1.635416000000987,,
null-calibration-20260820-001,fitted,F4,20,250,0.10317658139424636,0.535,fitted/null_statistics/F4-replication-20-evaluation-250.npy,fitted/residual_samples/F4-replication-20-evaluation-250.csv,1.3121902816146602e+19,1.8210149407335713e+19,1.5911192876639986e+19,,,15640565395782299496,0.7175886000004539,,
null-calibration-20260820-001,fitted,F4,20,500,0.13389412851245205,0.01,fitted/null_statistics/F4-replication-20-evaluation-500.npy,fitted/residual_samples/F4-replication-20-evaluation-500.csv,1.3121902816146602e+19,1.8210149407335713e+19,1.373376471921982e+19,,,11419411462481771009,0.8547901999991154,,
null-calibration-20260820-001,fitted,F4,20,1000,0.05169855333007306,0.58,fitted/null_statistics/F4-replication-20-evaluation-1000.npy,fitted/residual_samples/F4-replication-20-evaluation-1000.csv,1.3121902816146602e+19,1.8210149407335713e+19,1.5421086194869228e+19,,,13801424078856553829,1.1194270000014512,,
null-calibration-20260820-001,fitted,F4,20,2000,0.044034206638846,0.215,fitted/null_statistics/F4-replication-20-evaluation-2000.npy,fitted/residual_samples/F4-replication-20-evaluation-2000.csv,1.3121902816146602e+19,1.8210149407335713e+19,1.517037555407137e+19,,,5091577141383228883,1.6383581000009144,,
null-calibration-20260820-001,fitted,F5,20,250,0.11450367837518313,0.38,fitted/null_statistics/F5-replication-20-evaluation-250.npy,fitted/residual_samples/F5-replication-20-evaluation-250.csv,2.939365925380449e+18,8.315177683832617e+18,2.34417943740184e+18,,,2549525540610369694,0.7192189000015787,,
null-calibration-20260820-001,fitted,F5,20,500,0.06320883801632766,0.865,fitted/null_statistics/F5-replication-20-evaluation-500.npy,fitted/residual_samples/F5-replication-20-evaluation-500.csv,2.939365925380449e+18,8.315177683832617e+18,2.5230462186101745e+18,,,4978871701459542451,0.8531106000009459,,
null-calibration-20260820-001,fitted,F5,20,1000,0.04603541248194238,0.795,fitted/null_statistics/F5-replication-20-evaluation-1000.npy,fitted/residual_samples/F5-replication-20-evaluation-1000.csv,2.939365925380449e+18,8.315177683832617e+18,1.5927587496671998e+19,,,13038043066879278802,1.106733600001462,,
null-calibration-20260820-001,fitted,F5,20,2000,0.039321273610430585,0.435,fitted/null_statistics/F5-replication-20-evaluation-2000.npy,fitted/residual_samples/F5-replication-20-evaluation-2000.csv,2.939365925380449e+18,8.315177683832617e+18,2.488645184059523e+18,,,15171256239629303232,1.6195251999997708,,
null-calibration-20260820-001,fitted,F6,20,250,0.08183745089447515,0.94,fitted/null_statistics/F6-replication-20-evaluation-250.npy,fitted/residual_samples/F6-replication-20-evaluation-250.csv,1.5932207892464148e+19,3.5826271897636685e+18,1.042247271421222e+19,,,16201882906668600987,0.7039433999998437,,
null-calibration-20260820-001,fitted,F6,20,500,0.07089052439553647,0.625,fitted/null_statistics/F6-replication-20-evaluation-500.npy,fitted/residual_samples/F6-replication-20-evaluation-500.csv,1.5932207892464148e+19,3.5826271897636685e+18,1.7792073948136684e+18,,,1002282075590937793,0.8402944000008574,,
null-calibration-20260820-001,fitted,F6,20,1000,0.06294597375158831,0.23,fitted/null_statistics/F6-replication-20-evaluation-1000.npy,fitted/residual_samples/F6-replication-20-evaluation-1000.csv,1.5932207892464148e+19,3.5826271897636685e+18,1.6203364222494417e+19,,,15486588911978991959,1.097685000000638,,
null-calibration-20260820-001,fitted,F6,20,2000,0.03314014876834212,0.68,fitted/null_statistics/F6-replication-20-evaluation-2000.npy,fitted/residual_samples/F6-replication-20-evaluation-2000.csv,1.5932207892464148e+19,3.5826271897636685e+18,1.1815399851408181e+19,,,10089886090819808983,1.6129407000007632,,
null-calibration-20260820-001,reference,reference,20,250,0.1441577612086822,0.095,reference/null_statistics/replication-20-evaluation-250.npy,,,,,6.152762244211589e+18,1.012528897752684e+19,8429333964935268305,0.07611220000035246,,
null-calibration-20260820-001,reference,reference,20,500,0.06775235835709544,0.705,reference/null_statistics/replication-20-evaluation-500.npy,,,,,8.412023262353952e+18,9.285530269332265e+18,8961318269214374477,0.11315450000256533,,
null-calibration-20260820-001,reference,reference,20,1000,0.0694928420583673,0.08,reference/null_statistics/replication-20-evaluation-1000.npy,,,,,9.089987645152398e+17,4.871874603945773e+18,12630614067140206847,0.25134890000117593,,
null-calibration-20260820-001,reference,reference,20,2000,0.03425252337220959,0.705,reference/null_statistics/replication-20-evaluation-2000.npy,,,,,7.770162309998298e+18,1.7274639895821711e+19,6260674904169471834,0.5120545999998285,,
null-calibration-20260820-001,fitted,F1,21,250,0.09597895888185834,0.775,fitted/null_statistics/F1-replication-21-evaluation-250.npy,fitted/residual_samples/F1-replication-21-evaluation-250.csv,1.5419493066953327e+19,1.6748628023231603e+19,4.52260737907592e+18,,,15152915104726464109,0.7156682999993791,,
null-calibration-20260820-001,fitted,F1,21,500,0.06718734011001289,0.725,fitted/null_statistics/F1-replication-21-evaluation-500.npy,fitted/residual_samples/F1-replication-21-evaluation-500.csv,1.5419493066953327e+19,1.6748628023231603e+19,1.5697019539817816e+19,,,13926224725466771798,0.8519295999976748,,
null-calibration-20260820-001,fitted,F1,21,1000,0.04568108399694488,0.8,fitted/null_statistics/F1-replication-21-evaluation-1000.npy,fitted/residual_samples/F1-replication-21-evaluation-1000.csv,1.5419493066953327e+19,1.6748628023231603e+19,9.573805861531943e+18,,,2470706833562925318,1.1111447000002954,,
null-calibration-20260820-001,fitted,F1,21,2000,0.05000968820286491,0.085,fitted/null_statistics/F1-replication-21-evaluation-2000.npy,fitted/residual_samples/F1-replication-21-evaluation-2000.csv,1.5419493066953327e+19,1.6748628023231603e+19,1.0175528177121057e+19,,,294323772417551249,1.6295805999980075,,
null-calibration-20260820-001,fitted,F4,21,250,0.09418823466297453,0.795,fitted/null_statistics/F4-replication-21-evaluation-250.npy,fitted/residual_samples/F4-replication-21-evaluation-250.csv,9.26105856107503e+18,1.735982107220593e+19,1.051450209768122e+19,,,5602090726528154337,0.7090295999987575,,
null-calibration-20260820-001,fitted,F4,21,500,0.09423697467991377,0.115,fitted/null_statistics/F4-replication-21-evaluation-500.npy,fitted/residual_samples/F4-replication-21-evaluation-500.csv,9.26105856107503e+18,1.735982107220593e+19,1.9187175271989573e+18,,,2883365890568031802,0.845613500001491,,
null-calibration-20260820-001,fitted,F4,21,1000,0.03993149363803712,0.96,fitted/null_statistics/F4-replication-21-evaluation-1000.npy,fitted/residual_samples/F4-replication-21-evaluation-1000.csv,9.26105856107503e+18,1.735982107220593e+19,5.804318849174894e+18,,,4412558850056675834,1.1051907000000938,,
null-calibration-20260820-001,fitted,F4,21,2000,0.03523660443269092,0.61,fitted/null_statistics/F4-replication-21-evaluation-2000.npy,fitted/residual_samples/F4-replication-21-evaluation-2000.csv,9.26105856107503e+18,1.735982107220593e+19,3.3570232803000945e+18,,,12842523519478484597,1.618111300002056,,
null-calibration-20260820-001,fitted,F5,21,250,0.0923675871799789,0.81,fitted/null_statistics/F5-replication-21-evaluation-250.npy,fitted/residual_samples/F5-replication-21-evaluation-250.csv,1.4754817263146457e+19,6.184391856955127e+18,9.136432779249734e+18,,,12308988360304382602,0.7154186999978265,,
null-calibration-20260820-001,fitted,F5,21,500,0.10047311461300482,0.125,fitted/null_statistics/F5-replication-21-evaluation-500.npy,fitted/residual_samples/F5-replication-21-evaluation-500.csv,1.4754817263146457e+19,6.184391856955127e+18,1.8254045148820015e+19,,,3657315846286734753,0.8512092999990273,,
null-calibration-20260820-001,fitted,F5,21,1000,0.04548141173792607,0.81,fitted/null_statistics/F5-replication-21-evaluation-1000.npy,fitted/residual_samples/F5-replication-21-evaluation-1000.csv,1.4754817263146457e+19,6.184391856955127e+18,1.2855652042788295e+19,,,18299952969427357884,1.1089250999975775,,
null-calibration-20260820-001,fitted,F5,21,2000,0.039706189076842834,0.425,fitted/null_statistics/F5-replication-21-evaluation-2000.npy,fitted/residual_samples/F5-replication-21-evaluation-2000.csv,1.4754817263146457e+19,6.184391856955127e+18,3.564491065306503e+18,,,6744940949120738984,1.6228903999981412,,
null-calibration-20260820-001,fitted,F6,21,250,0.0984307090217725,0.635,fitted/null_statistics/F6-replication-21-evaluation-250.npy,fitted/residual_samples/F6-replication-21-evaluation-250.csv,1.448997809815124e+19,5.618368296503686e+18,9.635950539197608e+18,,,16194525957706743048,0.7112006999996083,,
null-calibration-20260820-001,fitted,F6,21,500,0.07421196418721744,0.5,fitted/null_statistics/F6-replication-21-evaluation-500.npy,fitted/residual_samples/F6-replication-21-evaluation-500.csv,1.448997809815124e+19,5.618368296503686e+18,6.180289537640151e+18,,,13945189416813558974,0.8181884000005084,,
null-calibration-20260820-001,fitted,F6,21,1000,0.04689542765230912,0.78,fitted/null_statistics/F6-replication-21-evaluation-1000.npy,fitted/residual_samples/F6-replication-21-evaluation-1000.csv,1.448997809815124e+19,5.618368296503686e+18,1.5286913339986412e+19,,,16095207617838584394,1.0767668000007689,,
null-calibration-20260820-001,fitted,F6,21,2000,0.029344333625890506,0.95,fitted/null_statistics/F6-replication-21-evaluation-2000.npy,fitted/residual_samples/F6-replication-21-evaluation-2000.csv,1.448997809815124e+19,5.618368296503686e+18,1.5716949288813017e+19,,,7460326012289485438,1.5896471000014571,,
null-calibration-20260820-001,reference,reference,21,250,0.097194667461384,0.7,reference/null_statistics/replication-21-evaluation-250.npy,,,,,4.4853370930985216e+18,1.2923233243828105e+19,7710643717317692753,0.07556449999901815,,
null-calibration-20260820-001,reference,reference,21,500,0.060270820633941805,0.92,reference/null_statistics/replication-21-evaluation-500.npy,,,,,1.2936160116586619e+19,1.8167924339513592e+19,12254804267506167169,0.1326013999969291,,
null-calibration-20260820-001,reference,reference,21,1000,0.07185078222343799,0.08,reference/null_statistics/replication-21-evaluation-1000.npy,,,,,1.391474313621358e+19,9.814558085597706e+18,3470114510236758730,0.25211529999796767,,
null-calibration-20260820-001,reference,reference,21,2000,0.03037263235650791,0.925,reference/null_statistics/replication-21-evaluation-2000.npy,,,,,1.575181072642278e+19,1.2355798756828158e+19,14837053965614865288,0.5048279999973602,,
null-calibration-20260820-001,fitted,F1,22,250,0.09996376884961848,0.545,fitted/null_statistics/F1-replication-22-evaluation-250.npy,fitted/residual_samples/F1-replication-22-evaluation-250.csv,1.7204958836378524e+18,4.863247614173042e+18,1.6080131185300896e+19,,,11393256815015084370,0.7100654999994731,,
null-calibration-20260820-001,fitted,F1,22,500,0.07282741552279766,0.605,fitted/null_statistics/F1-replication-22-evaluation-500.npy,fitted/residual_samples/F1-replication-22-evaluation-500.csv,1.7204958836378524e+18,4.863247614173042e+18,1.304860925709818e+18,,,5975370506660117559,0.8462070999994467,,
null-calibration-20260820-001,fitted,F1,22,1000,0.037874953312938435,0.98,fitted/null_statistics/F1-replication-22-evaluation-1000.npy,fitted/residual_samples/F1-replication-22-evaluation-1000.csv,1.7204958836378524e+18,4.863247614173042e+18,1.502698526676669e+19,,,15913255736478548763,1.10338629999751,,
null-calibration-20260820-001,fitted,F1,22,2000,0.03359487331160262,0.745,fitted/null_statistics/F1-replication-22-evaluation-2000.npy,fitted/residual_samples/F1-replication-22-evaluation-2000.csv,1.7204958836378524e+18,4.863247614173042e+18,4.2355248747397893e+18,,,15610573858193861440,1.6134185999981128,,
null-calibration-20260820-001,fitted,F4,22,250,0.15005315140222086,0.055,fitted/null_statistics/F4-replication-22-evaluation-250.npy,fitted/residual_samples/F4-replication-22-evaluation-250.csv,4.079478477647756e+18,5.753210000014078e+18,9.847765344111203e+17,,,14683196629386100638,0.7121038000004773,,
null-calibration-20260820-001,fitted,F4,22,500,0.07293984613081216,0.545,fitted/null_statistics/F4-replication-22-evaluation-500.npy,fitted/residual_samples/F4-replication-22-evaluation-500.csv,4.079478477647756e+18,5.753210000014078e+18,1.4346470155332205e+19,,,10006980850257216987,0.8460147999976471,,
null-calibration-20260820-001,fitted,F4,22,1000,0.05190138070272152,0.495,fitted/null_statistics/F4-replication-22-evaluation-1000.npy,fitted/residual_samples/F4-replication-22-evaluation-1000.csv,4.079478477647756e+18,5.753210000014078e+18,5.591359979776674e+17,,,3778587753326836568,1.101479000000836,,
null-calibration-20260820-001,fitted,F4,22,2000,0.05144660566848579,0.08,fitted/null_statistics/F4-replication-22-evaluation-2000.npy,fitted/residual_samples/F4-replication-22-evaluation-2000.csv,4.079478477647756e+18,5.753210000014078e+18,1.6173941500220852e+19,,,5763282391451017719,1.617392899999686,,
null-calibration-20260820-001,fitted,F5,22,250,0.10547404637611371,0.47,fitted/null_statistics/F5-replication-22-evaluation-250.npy,fitted/residual_samples/F5-replication-22-evaluation-250.csv,3.033599694322878e+18,1.6750749957200957e+19,1.7887134227719823e+19,,,13049028155919038716,0.7301100999975461,,
null-calibration-20260820-001,fitted,F5,22,500,0.07443472416835474,0.56,fitted/null_statistics/F5-replication-22-evaluation-500.npy,fitted/residual_samples/F5-replication-22-evaluation-500.csv,3.033599694322878e+18,1.6750749957200957e+19,1.3377506993402364e+19,,,17052043215946471376,0.8655058999975154,,
null-calibration-20260820-001,fitted,F5,22,1000,0.05142162381419299,0.64,fitted/null_statistics/F5-replication-22-evaluation-1000.npy,fitted/residual_samples/F5-replication-22-evaluation-1000.csv,3.033599694322878e+18,1.6750749957200957e+19,1.5611302682408136e+18,,,14820642547272145240,1.1253094999992754,,
null-calibration-20260820-001,fitted,F5,22,2000,0.05782308632141031,0.02,fitted/null_statistics/F5-replication-22-evaluation-2000.npy,fitted/residual_samples/F5-replication-22-evaluation-2000.csv,3.033599694322878e+18,1.6750749957200957e+19,1.0508066710329397e+19,,,4621471217342051697,1.637428699999873,,
null-calibration-20260820-001,fitted,F6,22,250,0.08239972934755244,0.93,fitted/null_statistics/F6-replication-22-evaluation-250.npy,fitted/residual_samples/F6-replication-22-evaluation-250.csv,9.42387069545844e+18,1.300448283895554e+19,1.5120765164539951e+19,,,2992705594168692756,0.7168001999998523,,
null-calibration-20260820-001,fitted,F6,22,500,0.061597322743377134,0.895,fitted/null_statistics/F6-replication-22-evaluation-500.npy,fitted/residual_samples/F6-replication-22-evaluation-500.csv,9.42387069545844e+18,1.300448283895554e+19,4.3179367015623173e+18,,,2912184101528795613,0.852045999999973,,
null-calibration-20260820-001,fitted,F6,22,1000,0.047412168564752485,0.72,fitted/null_statistics/F6-replication-22-evaluation-1000.npy,fitted/residual_samples/F6-replication-22-evaluation-1000.csv,9.42387069545844e+18,1.300448283895554e+19,1.1940755490838729e+19,,,2107107530615927548,1.1081124999982421,,
null-calibration-20260820-001,fitted,F6,22,2000,0.03710001617603364,0.505,fitted/null_statistics/F6-replication-22-evaluation-2000.npy,fitted/residual_samples/F6-replication-22-evaluation-2000.csv,9.42387069545844e+18,1.300448283895554e+19,3.5919380542050913e+18,,,838694931244113142,1.6223538999984157,,
null-calibration-20260820-001,reference,reference,22,250,0.08142802599210716,0.945,reference/null_statistics/replication-22-evaluation-250.npy,,,,,1.5276969915954708e+19,1.568494141443337e+19,16291857866293512582,0.07424320000063744,,
null-calibration-20260820-001,reference,reference,22,500,0.10942065876904568,0.07,reference/null_statistics/replication-22-evaluation-500.npy,,,,,3.083703543094033e+18,2.106655620687911e+18,9607249367586744224,0.1322104999999283,,
null-calibration-20260820-001,reference,reference,22,1000,0.054340068548251005,0.385,reference/null_statistics/replication-22-evaluation-1000.npy,,,,,9.796488860721652e+18,1.6425197174895395e+19,11324280964858931239,0.25378359999740496,,
null-calibration-20260820-001,reference,reference,22,2000,0.03800075755435818,0.485,reference/null_statistics/replication-22-evaluation-2000.npy,,,,,1.7440213484684683e+19,2.0359420225904253e+18,1590458390244767293,0.506423700000596,,
null-calibration-20260820-001,fitted,F1,23,250,0.0853445479822724,0.93,fitted/null_statistics/F1-replication-23-evaluation-250.npy,fitted/residual_samples/F1-replication-23-evaluation-250.csv,1.674415687789131e+19,1.7824576834214005e+19,9.575535983965528e+18,,,1577054070400918625,0.7175012999978208,,
null-calibration-20260820-001,fitted,F1,23,500,0.0734946300225,0.605,fitted/null_statistics/F1-replication-23-evaluation-500.npy,fitted/residual_samples/F1-replication-23-evaluation-500.csv,1.674415687789131e+19,1.7824576834214005e+19,7.997997374667832e+18,,,5611854551356376994,0.8542793999986316,,
null-calibration-20260820-001,fitted,F1,23,1000,0.04310568901933563,0.905,fitted/null_statistics/F1-replication-23-evaluation-1000.npy,fitted/residual_samples/F1-replication-23-evaluation-1000.csv,1.674415687789131e+19,1.7824576834214005e+19,1.0778839385887609e+19,,,5512694413049462871,1.1073818999975629,,
null-calibration-20260820-001,fitted,F1,23,2000,0.038406155555183036,0.415,fitted/null_statistics/F1-replication-23-evaluation-2000.npy,fitted/residual_samples/F1-replication-23-evaluation-2000.csv,1.674415687789131e+19,1.7824576834214005e+19,9.91082458328331e+18,,,10779424724062323144,1.6225419000002148,,
null-calibration-20260820-001,fitted,F4,23,250,0.1197873424566097,0.275,fitted/null_statistics/F4-replication-23-evaluation-250.npy,fitted/residual_samples/F4-replication-23-evaluation-250.csv,1.8693709232989926e+18,6.009984367228382e+18,1.1723011704174737e+19,,,114248320621259611,0.7195162000025448,,
null-calibration-20260820-001,fitted,F4,23,500,0.12193403883313156,0.01,fitted/null_statistics/F4-replication-23-evaluation-500.npy,fitted/residual_samples/F4-replication-23-evaluation-500.csv,1.8693709232989926e+18,6.009984367228382e+18,6.942806138413045e+18,,,12368746015396214784,0.8537778000027174,,
null-calibration-20260820-001,fitted,F4,23,1000,0.05846080590553631,0.305,fitted/null_statistics/F4-replication-23-evaluation-1000.npy,fitted/residual_samples/F4-replication-23-evaluation-1000.csv,1.8693709232989926e+18,6.009984367228382e+18,1.146764749272278e+19,,,10598490801966313879,1.1129842000009376,,
null-calibration-20260820-001,fitted,F4,23,2000,0.056622299717181114,0.04,fitted/null_statistics/F4-replication-23-evaluation-2000.npy,fitted/residual_samples/F4-replication-23-evaluation-2000.csv,1.8693709232989926e+18,6.009984367228382e+18,7.895506903627751e+18,,,4063223973311493158,1.6219504000000597,,
null-calibration-20260820-001,fitted,F5,23,250,0.1491731717572563,0.095,fitted/null_statistics/F5-replication-23-evaluation-250.npy,fitted/residual_samples/F5-replication-23-evaluation-250.csv,8.20660112610051e+18,1.390446390070822e+19,1.831906165338201e+19,,,10818530050665366711,0.7163794999978563,,
null-calibration-20260820-001,fitted,F5,23,500,0.0697294741857306,0.635,fitted/null_statistics/F5-replication-23-evaluation-500.npy,fitted/residual_samples/F5-replication-23-evaluation-500.csv,8.20660112610051e+18,1.390446390070822e+19,1.8283582875882443e+19,,,15400128063409621684,0.8507272999995621,,
null-calibration-20260820-001,fitted,F5,23,1000,0.05355691052122399,0.425,fitted/null_statistics/F5-replication-23-evaluation-1000.npy,fitted/residual_samples/F5-replication-23-evaluation-1000.csv,8.20660112610051e+18,1.390446390070822e+19,1.401301692817507e+19,,,2704583515039808328,1.12310079999952,,
null-calibration-20260820-001,fitted,F5,23,2000,0.03713986653456376,0.475,fitted/null_statistics/F5-replication-23-evaluation-2000.npy,fitted/residual_samples/F5-replication-23-evaluation-2000.csv,8.20660112610051e+18,1.390446390070822e+19,1.3767774666954672e+19,,,11535055637152670318,1.67955019999863,,
null-calibration-20260820-001,fitted,F6,23,250,0.08515681222376359,0.905,fitted/null_statistics/F6-replication-23-evaluation-250.npy,fitted/residual_samples/F6-replication-23-evaluation-250.csv,5.700745596572344e+18,9.221871413643716e+18,8.52416653350062e+18,,,9889591066848583071,0.8009912000015902,,
null-calibration-20260820-001,fitted,F6,23,500,0.09565109551533618,0.08,fitted/null_statistics/F6-replication-23-evaluation-500.npy,fitted/residual_samples/F6-replication-23-evaluation-500.csv,5.700745596572344e+18,9.221871413643716e+18,4.865363584937772e+16,,,7475483853516466815,0.9531115999998292,,
null-calibration-20260820-001,fitted,F6,23,1000,0.05290730264650282,0.59,fitted/null_statistics/F6-replication-23-evaluation-1000.npy,fitted/residual_samples/F6-replication-23-evaluation-1000.csv,5.700745596572344e+18,9.221871413643716e+18,6.414181178886791e+18,,,1283138806200431807,1.2354264999994484,,
null-calibration-20260820-001,fitted,F6,23,2000,0.056503607304472556,0.045,fitted/null_statistics/F6-replication-23-evaluation-2000.npy,fitted/residual_samples/F6-replication-23-evaluation-2000.csv,5.700745596572344e+18,9.221871413643716e+18,3.86697303487376e+17,,,10449063954366998296,1.774467300001561,,
null-calibration-20260820-001,reference,reference,23,250,0.132846144058178,0.13,reference/null_statistics/replication-23-evaluation-250.npy,,,,,3.050795782667551e+18,2.663242833940315e+18,15362458613183133011,0.0796507000013662,,
null-calibration-20260820-001,reference,reference,23,500,0.06707497317872355,0.805,reference/null_statistics/replication-23-evaluation-500.npy,,,,,2.22067879868716e+18,7.092972050822162e+17,5292263748597323907,0.127861999997549,,
null-calibration-20260820-001,reference,reference,23,1000,0.03852016104149828,0.99,reference/null_statistics/replication-23-evaluation-1000.npy,,,,,3.972360527082484e+18,9.472270679501988e+18,3161056698981762433,0.2571530999994138,,
null-calibration-20260820-001,reference,reference,23,2000,0.029623199909517586,0.965,reference/null_statistics/replication-23-evaluation-2000.npy,,,,,1.2483319523455891e+19,1.68032806898199e+19,3971916265660971842,0.5070243999980448,,
null-calibration-20260820-001,fitted,F1,24,250,0.10662065370822027,0.51,fitted/null_statistics/F1-replication-24-evaluation-250.npy,fitted/residual_samples/F1-replication-24-evaluation-250.csv,1.0723725661531007e+19,2.429123806479834e+18,1.4744406944296815e+19,,,16587040167440415976,0.7483522000002267,,
null-calibration-20260820-001,fitted,F1,24,500,0.061252301292057894,0.885,fitted/null_statistics/F1-replication-24-evaluation-500.npy,fitted/residual_samples/F1-replication-24-evaluation-500.csv,1.0723725661531007e+19,2.429123806479834e+18,1.7572761090803798e+19,,,3521575041387520823,0.8987407999993593,,
null-calibration-20260820-001,fitted,F1,24,1000,0.04767647230070451,0.705,fitted/null_statistics/F1-replication-24-evaluation-1000.npy,fitted/residual_samples/F1-replication-24-evaluation-1000.csv,1.0723725661531007e+19,2.429123806479834e+18,6.871402936927114e+18,,,13016052248404293009,1.157217899999523,,
null-calibration-20260820-001,fitted,F1,24,2000,0.041430390792303595,0.305,fitted/null_statistics/F1-replication-24-evaluation-2000.npy,fitted/residual_samples/F1-replication-24-evaluation-2000.csv,1.0723725661531007e+19,2.429123806479834e+18,7.350977890499596e+18,,,850885493186580411,1.6687204999980167,,
null-calibration-20260820-001,fitted,F4,24,250,0.13749491126478244,0.1,fitted/null_statistics/F4-replication-24-evaluation-250.npy,fitted/residual_samples/F4-replication-24-evaluation-250.csv,1.082238626792531e+19,1.0472112717759607e+19,1.0356902484473356e+19,,,15280267755196740373,0.7172634999988077,,
null-calibration-20260820-001,fitted,F4,24,500,0.0704141311181243,0.645,fitted/null_statistics/F4-replication-24-evaluation-500.npy,fitted/residual_samples/F4-replication-24-evaluation-500.csv,1.082238626792531e+19,1.0472112717759607e+19,2.2310324436085233e+18,,,16278781369591027029,0.8531999999977415,,
null-calibration-20260820-001,fitted,F4,24,1000,0.04835900463886263,0.64,fitted/null_statistics/F4-replication-24-evaluation-1000.npy,fitted/residual_samples/F4-replication-24-evaluation-1000.csv,1.082238626792531e+19,1.0472112717759607e+19,5.095849760651164e+18,,,10973007164832276145,1.1098849999980303,,
null-calibration-20260820-001,fitted,F4,24,2000,0.05502920882223378,0.085,fitted/null_statistics/F4-replication-24-evaluation-2000.npy,fitted/residual_samples/F4-replication-24-evaluation-2000.csv,1.082238626792531e+19,1.0472112717759607e+19,9.060601367596402e+18,,,10217194976597947783,1.6232260999968275,,
null-calibration-20260820-001,fitted,F5,24,250,0.11229419981124084,0.4,fitted/null_statistics/F5-replication-24-evaluation-250.npy,fitted/residual_samples/F5-replication-24-evaluation-250.csv,1.2890512802282789e+19,2.355696391852449e+18,7.478768028646751e+18,,,11493711580446173343,0.7088432999989891,,
null-calibration-20260820-001,fitted,F5,24,500,0.07685910602459928,0.455,fitted/null_statistics/F5-replication-24-evaluation-500.npy,fitted/residual_samples/F5-replication-24-evaluation-500.csv,1.2890512802282789e+19,2.355696391852449e+18,2.879316128780188e+18,,,8912621019693612265,0.849903300000733,,
null-calibration-20260820-001,fitted,F5,24,1000,0.03979211947523507,0.96,fitted/null_statistics/F5-replication-24-evaluation-1000.npy,fitted/residual_samples/F5-replication-24-evaluation-1000.csv,1.2890512802282789e+19,2.355696391852449e+18,1.239628104305898e+19,,,9776637664089745137,1.1108463000018673,,
null-calibration-20260820-001,fitted,F5,24,2000,0.03016269100572889,0.895,fitted/null_statistics/F5-replication-24-evaluation-2000.npy,fitted/residual_samples/F5-replication-24-evaluation-2000.csv,1.2890512802282789e+19,2.355696391852449e+18,1.7794235409546918e+19,,,11880970775097377850,1.6265684999998484,,
null-calibration-20260820-001,fitted,F6,24,250,0.126519495840507,0.18,fitted/null_statistics/F6-replication-24-evaluation-250.npy,fitted/residual_samples/F6-replication-24-evaluation-250.csv,1.4323148966563092e+19,1.9396860673284202e+17,1.5338923911871076e+19,,,15272026164837274245,0.7533588000005693,,
null-calibration-20260820-001,fitted,F6,24,500,0.0668066115851197,0.675,fitted/null_statistics/F6-replication-24-evaluation-500.npy,fitted/residual_samples/F6-replication-24-evaluation-500.csv,1.4323148966563092e+19,1.9396860673284202e+17,1.5684638157085345e+18,,,15333956611130646829,0.8891817000003357,,
null-calibration-20260820-001,fitted,F6,24,1000,0.03998010070173033,0.98,fitted/null_statistics/F6-replication-24-evaluation-1000.npy,fitted/residual_samples/F6-replication-24-evaluation-1000.csv,1.4323148966563092e+19,1.9396860673284202e+17,1.4590895310455695e+19,,,9005793366083208087,1.152116199999,,
null-calibration-20260820-001,fitted,F6,24,2000,0.035595703769115354,0.62,fitted/null_statistics/F6-replication-24-evaluation-2000.npy,fitted/residual_samples/F6-replication-24-evaluation-2000.csv,1.4323148966563092e+19,1.9396860673284202e+17,1.5151299855032007e+19,,,6301074167835884691,1.667809099999431,,
null-calibration-20260820-001,reference,reference,24,250,0.10590127252011246,0.455,reference/null_statistics/replication-24-evaluation-250.npy,,,,,1.6360230885338667e+19,9.368357986036648e+18,16113365914116516985,0.062317799998709233,,
null-calibration-20260820-001,reference,reference,24,500,0.06325849848328391,0.82,reference/null_statistics/replication-24-evaluation-500.npy,,,,,9.612053944401113e+18,5.196480402535834e+18,5206159472308105647,0.1293882999998459,,
null-calibration-20260820-001,reference,reference,24,1000,0.05647823634146435,0.365,reference/null_statistics/replication-24-evaluation-1000.npy,,,,,2.708912215182791e+18,5.157738267118639e+18,15592701931762840273,0.2812080000003334,,
null-calibration-20260820-001,reference,reference,24,2000,0.035355684642940303,0.62,reference/null_statistics/replication-24-evaluation-2000.npy,,,,,7.569406284364615e+18,1.1612953023221654e+19,13521191362091291318,0.5870420999999624,,
null-calibration-20260820-001,fitted,F1,25,250,0.08841646533503358,0.84,fitted/null_statistics/F1-replication-25-evaluation-250.npy,fitted/residual_samples/F1-replication-25-evaluation-250.csv,7.444991495943905e+18,5.179878241596472e+17,9.947059922081307e+18,,,3259324077806170463,0.7551051000009465,,
null-calibration-20260820-001,fitted,F1,25,500,0.06905228678045812,0.68,fitted/null_statistics/F1-replication-25-evaluation-500.npy,fitted/residual_samples/F1-replication-25-evaluation-500.csv,7.444991495943905e+18,5.179878241596472e+17,5.470829581385936e+18,,,10257030802404199126,0.8997500000004948,,
null-calibration-20260820-001,fitted,F1,25,1000,0.06433572874671897,0.175,fitted/null_statistics/F1-replication-25-evaluation-1000.npy,fitted/residual_samples/F1-replication-25-evaluation-1000.csv,7.444991495943905e+18,5.179878241596472e+17,5.770532944625746e+18,,,9427370787345830107,1.1768881999996665,,
null-calibration-20260820-001,fitted,F1,25,2000,0.04993613216123935,0.15,fitted/null_statistics/F1-replication-25-evaluation-2000.npy,fitted/residual_samples/F1-replication-25-evaluation-2000.csv,7.444991495943905e+18,5.179878241596472e+17,4.949703709221226e+18,,,667249780965257234,1.7006115000003774,,
null-calibration-20260820-001,fitted,F4,25,250,0.09000791169607607,0.815,fitted/null_statistics/F4-replication-25-evaluation-250.npy,fitted/residual_samples/F4-replication-25-evaluation-250.csv,2.0913346445467692e+18,1.6988595421488091e+19,6.865599799504155e+18,,,12170797644329086845,0.7383408999994572,,
null-calibration-20260820-001,fitted,F4,25,500,0.06678641251364786,0.72,fitted/null_statistics/F4-replication-25-evaluation-500.npy,fitted/residual_samples/F4-replication-25-evaluation-500.csv,2.0913346445467692e+18,1.6988595421488091e+19,1.272937419864614e+19,,,12601666435842935414,0.8733905000008235,,
null-calibration-20260820-001,fitted,F4,25,1000,0.043936165151810876,0.83,fitted/null_statistics/F4-replication-25-evaluation-1000.npy,fitted/residual_samples/F4-replication-25-evaluation-1000.csv,2.0913346445467692e+18,1.6988595421488091e+19,1.1713493125585316e+19,,,17941710931593382448,1.1407131999985722,,
null-calibration-20260820-001,fitted,F4,25,2000,0.046298525963401706,0.15,fitted/null_statistics/F4-replication-25-evaluation-2000.npy,fitted/residual_samples/F4-replication-25-evaluation-2000.csv,2.0913346445467692e+18,1.6988595421488091e+19,6.785950723148807e+18,,,11920537798145447795,1.643661099999008,,
null-calibration-20260820-001,fitted,F5,25,250,0.08336772453084987,0.94,fitted/null_statistics/F5-replication-25-evaluation-250.npy,fitted/residual_samples/F5-replication-25-evaluation-250.csv,8.49015346996128e+18,1.6372914642244815e+19,3.6000877861679405e+17,,,881363315749106089,0.7135225999991235,,
null-calibration-20260820-001,fitted,F5,25,500,0.07222977069660962,0.59,fitted/null_statistics/F5-replication-25-evaluation-500.npy,fitted/residual_samples/F5-replication-25-evaluation-500.csv,8.49015346996128e+18,1.6372914642244815e+19,1.2914538810737699e+19,,,9849499408862714763,0.8430277999977989,,
null-calibration-20260820-001,fitted,F5,25,1000,0.04475606903989649,0.87,fitted/null_statistics/F5-replication-25-evaluation-1000.npy,fitted/residual_samples/F5-replication-25-evaluation-1000.csv,8.49015346996128e+18,1.6372914642244815e+19,3.9544065710386084e+18,,,14838814343447734768,1.099319099997956,,
null-calibration-20260820-001,fitted,F5,25,2000,0.03956563822323271,0.455,fitted/null_statistics/F5-replication-25-evaluation-2000.npy,fitted/residual_samples/F5-replication-25-evaluation-2000.csv,8.49015346996128e+18,1.6372914642244815e+19,1.3958017504747645e+19,,,14326430235025727120,1.604705899997498,,
null-calibration-20260820-001,fitted,F6,25,250,0.12252047342756564,0.27,fitted/null_statistics/F6-replication-25-evaluation-250.npy,fitted/residual_samples/F6-replication-25-evaluation-250.csv,1.4073490306348143e+19,1.4652906557372338e+19,1.340343021082438e+19,,,7527427170733495504,0.8103620000001683,,
null-calibration-20260820-001,fitted,F6,25,500,0.08151485260775479,0.37,fitted/null_statistics/F6-replication-25-evaluation-500.npy,fitted/residual_samples/F6-replication-25-evaluation-500.csv,1.4073490306348143e+19,1.4652906557372338e+19,1.6893716231896338e+19,,,10029602236537129458,0.9692407000002277,,
null-calibration-20260820-001,fitted,F6,25,1000,0.04736253493392262,0.73,fitted/null_statistics/F6-replication-25-evaluation-1000.npy,fitted/residual_samples/F6-replication-25-evaluation-1000.csv,1.4073490306348143e+19,1.4652906557372338e+19,1.092173379499048e+19,,,17655604270931325690,1.2541367999983777,,
null-calibration-20260820-001,fitted,F6,25,2000,0.032622396837991584,0.77,fitted/null_statistics/F6-replication-25-evaluation-2000.npy,fitted/residual_samples/F6-replication-25-evaluation-2000.csv,1.4073490306348143e+19,1.4652906557372338e+19,1.0835519776494762e+19,,,16658539945230552434,1.7970873999984178,,
null-calibration-20260820-001,reference,reference,25,250,0.08616270832939685,0.875,reference/null_statistics/replication-25-evaluation-250.npy,,,,,1.7436422186223575e+19,9.966850396926593e+18,8428684361105143008,0.07652049999887822,,
null-calibration-20260820-001,reference,reference,25,500,0.07095955139894518,0.61,reference/null_statistics/replication-25-evaluation-500.npy,,,,,1.2438175167871891e+19,1.3210123018899423e+19,6820154549720175737,0.1313752000023669,,
null-calibration-20260820-001,reference,reference,25,1000,0.052711652519034785,0.48,reference/null_statistics/replication-25-evaluation-1000.npy,,,,,3.027129507893177e+18,5.742442342273134e+18,7060282242021682463,0.2733090000001539,,
null-calibration-20260820-001,reference,reference,25,2000,0.04346235539190584,0.28,reference/null_statistics/replication-25-evaluation-2000.npy,,,,,8.522765002449988e+18,1.2251395878249003e+19,14433210303207894301,0.6063125000000582,,
null-calibration-20260820-001,fitted,F1,26,250,0.11372946915735097,0.36,fitted/null_statistics/F1-replication-26-evaluation-250.npy,fitted/residual_samples/F1-replication-26-evaluation-250.csv,1.077150300082714e+19,5.238598455479164e+18,2.912496358147662e+18,,,10701599340522398990,0.7028021000005538,,
null-calibration-20260820-001,fitted,F1,26,500,0.07913623247010346,0.405,fitted/null_statistics/F1-replication-26-evaluation-500.npy,fitted/residual_samples/F1-replication-26-evaluation-500.csv,1.077150300082714e+19,5.238598455479164e+18,8.976581525906173e+18,,,18007919121477721936,0.838449999999284,,
null-calibration-20260820-001,fitted,F1,26,1000,0.04375133549434371,0.95,fitted/null_statistics/F1-replication-26-evaluation-1000.npy,fitted/residual_samples/F1-replication-26-evaluation-1000.csv,1.077150300082714e+19,5.238598455479164e+18,9.903359067957115e+18,,,2315782994065442227,1.0962053000002925,,
null-calibration-20260820-001,fitted,F1,26,2000,0.03624321177892672,0.575,fitted/null_statistics/F1-replication-26-evaluation-2000.npy,fitted/residual_samples/F1-replication-26-evaluation-2000.csv,1.077150300082714e+19,5.238598455479164e+18,1.4642139378849966e+18,,,7596948536508832348,1.6129466999991564,,
null-calibration-20260820-001,fitted,F4,26,250,0.12526606902208876,0.285,fitted/null_statistics/F4-replication-26-evaluation-250.npy,fitted/residual_samples/F4-replication-26-evaluation-250.csv,1.519143614200365e+19,1.5321374920956998e+19,2.5639046966701983e+18,,,3487129349100701347,0.7314695999994001,,
null-calibration-20260820-001,fitted,F4,26,500,0.10321301865288739,0.04,fitted/null_statistics/F4-replication-26-evaluation-500.npy,fitted/residual_samples/F4-replication-26-evaluation-500.csv,1.519143614200365e+19,1.5321374920956998e+19,1.6845128404885428e+19,,,16204401910628842045,0.8701126000014483,,
null-calibration-20260820-001,fitted,F4,26,1000,0.05002258712812582,0.61,fitted/null_statistics/F4-replication-26-evaluation-1000.npy,fitted/residual_samples/F4-replication-26-evaluation-1000.csv,1.519143614200365e+19,1.5321374920956998e+19,9.412959567262579e+18,,,9264505230458071806,1.1655974999994214,,
null-calibration-20260820-001,fitted,F4,26,2000,0.035673906085696004,0.57,fitted/null_statistics/F4-replication-26-evaluation-2000.npy,fitted/residual_samples/F4-replication-26-evaluation-2000.csv,1.519143614200365e+19,1.5321374920956998e+19,1.646759145382783e+19,,,2709618498988779828,1.707904700000654,,
null-calibration-20260820-001,fitted,F5,26,250,0.10023336161651637,0.58,fitted/null_statistics/F5-replication-26-evaluation-250.npy,fitted/residual_samples/F5-replication-26-evaluation-250.csv,1.3496764761979027e+19,9.588045494700624e+18,1.6179521076456544e+19,,,8992193870860336827,0.7333012999988568,,
null-calibration-20260820-001,fitted,F5,26,500,0.07009676763508839,0.695,fitted/null_statistics/F5-replication-26-evaluation-500.npy,fitted/residual_samples/F5-replication-26-evaluation-500.csv,1.3496764761979027e+19,9.588045494700624e+18,6.612047415071551e+18,,,7050985428802011767,0.8681736999969871,,
null-calibration-20260820-001,fitted,F5,26,1000,0.03153737920759721,1.0,fitted/null_statistics/F5-replication-26-evaluation-1000.npy,fitted/residual_samples/F5-replication-26-evaluation-1000.csv,1.3496764761979027e+19,9.588045494700624e+18,8.224461231555675e+18,,,4779419032720652613,1.1325390999991214,,
null-calibration-20260820-001,fitted,F5,26,2000,0.03600144387476014,0.62,fitted/null_statistics/F5-replication-26-evaluation-2000.npy,fitted/residual_samples/F5-replication-26-evaluation-2000.csv,1.3496764761979027e+19,9.588045494700624e+18,1.5905715581950073e+19,,,2042132395269814807,1.7443477999986499,,
null-calibration-20260820-001,fitted,F6,26,250,0.138435268334858,0.12,fitted/null_statistics/F6-replication-26-evaluation-250.npy,fitted/residual_samples/F6-replication-26-evaluation-250.csv,7.154549067912941e+18,4.679493317915962e+18,1.081808928735203e+19,,,7202203563525856846,0.8060426999982155,,
null-calibration-20260820-001,fitted,F6,26,500,0.06823870050923728,0.67,fitted/null_statistics/F6-replication-26-evaluation-500.npy,fitted/residual_samples/F6-replication-26-evaluation-500.csv,7.154549067912941e+18,4.679493317915962e+18,4.669861290480842e+18,,,7532322700904401162,0.947805599997082,,
null-calibration-20260820-001,fitted,F6,26,1000,0.04426888422075334,0.775,fitted/null_statistics/F6-replication-26-evaluation-1000.npy,fitted/residual_samples/F6-replication-26-evaluation-1000.csv,7.154549067912941e+18,4.679493317915962e+18,1.8191934686327958e+19,,,3181541363189387989,1.2031424999986484,,
null-calibration-20260820-001,fitted,F6,26,2000,0.05653940828513182,0.03,fitted/null_statistics/F6-replication-26-evaluation-2000.npy,fitted/residual_samples/F6-replication-26-evaluation-2000.csv,7.154549067912941e+18,4.679493317915962e+18,1.8863190112475802e+18,,,4072943271459177495,1.8160203999977966,,
null-calibration-20260820-001,reference,reference,26,250,0.11004913112993493,0.335,reference/null_statistics/replication-26-evaluation-250.npy,,,,,1.0244878754787576e+19,1.5674248006705789e+19,469621723451318484,0.0906857999980275,,
null-calibration-20260820-001,reference,reference,26,500,0.08733803386248257,0.195,reference/null_statistics/replication-26-evaluation-500.npy,,,,,1.7698320369744994e+19,1.4427390977953333e+19,13438638275730052052,0.15895910000108415,,
null-calibration-20260820-001,reference,reference,26,1000,0.05061564454688087,0.53,reference/null_statistics/replication-26-evaluation-1000.npy,,,,,1.4818764409074758e+19,1.8348215194807126e+19,12094534543763556515,0.2838242999969225,,
null-calibration-20260820-001,reference,reference,26,2000,0.034304522018833356,0.725,reference/null_statistics/replication-26-evaluation-2000.npy,,,,,9.944725929494739e+18,4.789139747080576e+18,3004237368486427611,0.5623254999991332,,
null-calibration-20260820-001,fitted,F1,27,250,0.09393086579084552,0.73,fitted/null_statistics/F1-replication-27-evaluation-250.npy,fitted/residual_samples/F1-replication-27-evaluation-250.csv,1.4032748360233892e+19,1.016856801890587e+19,1.1051698887626674e+19,,,5457489247583831619,0.7717471999967529,,
null-calibration-20260820-001,fitted,F1,27,500,0.08985735924132165,0.18,fitted/null_statistics/F1-replication-27-evaluation-500.npy,fitted/residual_samples/F1-replication-27-evaluation-500.csv,1.4032748360233892e+19,1.016856801890587e+19,8.379219991923551e+18,,,17871394025129243724,0.9108234999985143,,
null-calibration-20260820-001,fitted,F1,27,1000,0.05949251950569313,0.315,fitted/null_statistics/F1-replication-27-evaluation-1000.npy,fitted/residual_samples/F1-replication-27-evaluation-1000.csv,1.4032748360233892e+19,1.016856801890587e+19,1.0633132792195148e+19,,,962289036036568091,1.1671589999969,,
null-calibration-20260820-001,fitted,F1,27,2000,0.03492313039060873,0.715,fitted/null_statistics/F1-replication-27-evaluation-2000.npy,fitted/residual_samples/F1-replication-27-evaluation-2000.csv,1.4032748360233892e+19,1.016856801890587e+19,3.711252329060209e+17,,,13549415097008055283,1.6790510999999242,,
null-calibration-20260820-001,fitted,F4,27,250,0.09794224728650597,0.725,fitted/null_statistics/F4-replication-27-evaluation-250.npy,fitted/residual_samples/F4-replication-27-evaluation-250.csv,1.38818097784493e+18,5.886018410959605e+18,1.6988929052243767e+19,,,2383946561162263334,0.7157512000012503,,
null-calibration-20260820-001,fitted,F4,27,500,0.06905237797143905,0.66,fitted/null_statistics/F4-replication-27-evaluation-500.npy,fitted/residual_samples/F4-replication-27-evaluation-500.csv,1.38818097784493e+18,5.886018410959605e+18,5.429208351306027e+18,,,14917435881386139360,0.8503920000002836,,
null-calibration-20260820-001,fitted,F4,27,1000,0.04310400737299914,0.91,fitted/null_statistics/F4-replication-27-evaluation-1000.npy,fitted/residual_samples/F4-replication-27-evaluation-1000.csv,1.38818097784493e+18,5.886018410959605e+18,1.6636940943045827e+19,,,6231481415585346779,1.102680700001656,,
null-calibration-20260820-001,fitted,F4,27,2000,0.03310408607539986,0.795,fitted/null_statistics/F4-replication-27-evaluation-2000.npy,fitted/residual_samples/F4-replication-27-evaluation-2000.csv,1.38818097784493e+18,5.886018410959605e+18,5.969223921004079e+18,,,4573952726828348651,1.6178757000016049,,
null-calibration-20260820-001,fitted,F5,27,250,0.11136074689583213,0.435,fitted/null_statistics/F5-replication-27-evaluation-250.npy,fitted/residual_samples/F5-replication-27-evaluation-250.csv,4.200388069616063e+18,1.3806053100308314e+19,7.065482398657096e+18,,,5977677088480885555,0.7168421999995189,,
null-calibration-20260820-001,fitted,F5,27,500,0.06631650550126766,0.75,fitted/null_statistics/F5-replication-27-evaluation-500.npy,fitted/residual_samples/F5-replication-27-evaluation-500.csv,4.200388069616063e+18,1.3806053100308314e+19,5.925736978438844e+18,,,7528975462176140983,0.8493573000014294,,
null-calibration-20260820-001,fitted,F5,27,1000,0.04960654516584003,0.65,fitted/null_statistics/F5-replication-27-evaluation-1000.npy,fitted/residual_samples/F5-replication-27-evaluation-1000.csv,4.200388069616063e+18,1.3806053100308314e+19,1.0815909803403663e+19,,,11098809706267494052,1.103285400000459,,
null-calibration-20260820-001,fitted,F5,27,2000,0.048903184883771794,0.125,fitted/null_statistics/F5-replication-27-evaluation-2000.npy,fitted/residual_samples/F5-replication-27-evaluation-2000.csv,4.200388069616063e+18,1.3806053100308314e+19,1.6036638853760406e+19,,,15352282326082631451,1.6775821000010183,,
null-calibration-20260820-001,fitted,F6,27,250,0.09207306687635668,0.765,fitted/null_statistics/F6-replication-27-evaluation-250.npy,fitted/residual_samples/F6-replication-27-evaluation-250.csv,9.423758241237864e+18,1.7173953591935515e+19,9.50204024602009e+18,,,10009768400950722199,0.7443038999990677,,
null-calibration-20260820-001,fitted,F6,27,500,0.07182913356872113,0.55,fitted/null_statistics/F6-replication-27-evaluation-500.npy,fitted/residual_samples/F6-replication-27-evaluation-500.csv,9.423758241237864e+18,1.7173953591935515e+19,2.630788419360929e+18,,,7244444153848099162,0.8795304000013857,,
null-calibration-20260820-001,fitted,F6,27,1000,0.04108166139758493,0.945,fitted/null_statistics/F6-replication-27-evaluation-1000.npy,fitted/residual_samples/F6-replication-27-evaluation-1000.csv,9.423758241237864e+18,1.7173953591935515e+19,1.5041112430551982e+19,,,4817979680203513425,1.1361649999998917,,
null-calibration-20260820-001,fitted,F6,27,2000,0.032449366846175574,0.76,fitted/null_statistics/F6-replication-27-evaluation-2000.npy,fitted/residual_samples/F6-replication-27-evaluation-2000.csv,9.423758241237864e+18,1.7173953591935515e+19,9.766608485855042e+18,,,12093387075604361321,1.6643760000006296,,
null-calibration-20260820-001,reference,reference,27,250,0.09904503069244408,0.635,reference/null_statistics/replication-27-evaluation-250.npy,,,,,1.518283693854135e+19,1.647595441957909e+19,13462161604470819713,0.07827180000094813,,
null-calibration-20260820-001,reference,reference,27,500,0.06455258448099056,0.86,reference/null_statistics/replication-27-evaluation-500.npy,,,,,4.0798044641240274e+18,1.3603887349860434e+19,4223312213019535224,0.13066130000152043,,
null-calibration-20260820-001,reference,reference,27,1000,0.049839514219221635,0.6,reference/null_statistics/replication-27-evaluation-1000.npy,,,,,4.4999867673319485e+18,1.1634778599829228e+19,3130326568972541945,0.2510919999986072,,
null-calibration-20260820-001,reference,reference,27,2000,0.03683765943975933,0.6,reference/null_statistics/replication-27-evaluation-2000.npy,,,,,5.310454670898874e+18,1.654670670021275e+19,2912908625043982010,0.5109190000002855,,
null-calibration-20260820-001,fitted,F1,28,250,0.08110512207991541,0.96,fitted/null_statistics/F1-replication-28-evaluation-250.npy,fitted/residual_samples/F1-replication-28-evaluation-250.csv,1.7994952281012118e+19,1.3261220559996699e+19,1.0725378270783762e+19,,,8973563366874663167,0.8198985000017274,,
null-calibration-20260820-001,fitted,F1,28,500,0.06593030822143817,0.785,fitted/null_statistics/F1-replication-28-evaluation-500.npy,fitted/residual_samples/F1-replication-28-evaluation-500.csv,1.7994952281012118e+19,1.3261220559996699e+19,1.8350874823292672e+19,,,1653347025124815770,0.9715839000018605,,
null-calibration-20260820-001,fitted,F1,28,1000,0.05114179147941543,0.565,fitted/null_statistics/F1-replication-28-evaluation-1000.npy,fitted/residual_samples/F1-replication-28-evaluation-1000.csv,1.7994952281012118e+19,1.3261220559996699e+19,5.351173335377386e+18,,,16424478523224806165,1.2452327999999397,,
null-calibration-20260820-001,fitted,F1,28,2000,0.04302653509605622,0.295,fitted/null_statistics/F1-replication-28-evaluation-2000.npy,fitted/residual_samples/F1-replication-28-evaluation-2000.csv,1.7994952281012118e+19,1.3261220559996699e+19,1.659630442830016e+18,,,15778617330738412417,1.771731800003181,,
null-calibration-20260820-001,fitted,F4,28,250,0.13624729199408048,0.08,fitted/null_statistics/F4-replication-28-evaluation-250.npy,fitted/residual_samples/F4-replication-28-evaluation-250.csv,3.1312013508108314e+18,5.743880648295848e+18,1.4147692707391738e+19,,,281766215544719532,0.724309599998378,,
null-calibration-20260820-001,fitted,F4,28,500,0.06453664671333821,0.82,fitted/null_statistics/F4-replication-28-evaluation-500.npy,fitted/residual_samples/F4-replication-28-evaluation-500.csv,3.1312013508108314e+18,5.743880648295848e+18,1.4889342556427002e+19,,,5837653798039149532,0.8577599999989616,,
null-calibration-20260820-001,fitted,F4,28,1000,0.055380256403443115,0.31,fitted/null_statistics/F4-replication-28-evaluation-1000.npy,fitted/residual_samples/F4-replication-28-evaluation-1000.csv,3.1312013508108314e+18,5.743880648295848e+18,1.1893655698633095e+19,,,5959290720510753945,1.1158176999997522,,
null-calibration-20260820-001,fitted,F4,28,2000,0.04457191534677718,0.165,fitted/null_statistics/F4-replication-28-evaluation-2000.npy,fitted/residual_samples/F4-replication-28-evaluation-2000.csv,3.1312013508108314e+18,5.743880648295848e+18,1.8444715629427749e+19,,,1570873023373161355,1.6302157999998599,,
null-calibration-20260820-001,fitted,F5,28,250,0.1504037382341419,0.085,fitted/null_statistics/F5-replication-28-evaluation-250.npy,fitted/residual_samples/F5-replication-28-evaluation-250.csv,2.1654491662740265e+18,2.5853024418935936e+18,3.744070211612511e+18,,,15148142610085397122,0.722131200000149,,
null-calibration-20260820-001,fitted,F5,28,500,0.0630479720923192,0.8,fitted/null_statistics/F5-replication-28-evaluation-500.npy,fitted/residual_samples/F5-replication-28-evaluation-500.csv,2.1654491662740265e+18,2.5853024418935936e+18,5.427525451680018e+18,,,12624663694566669569,0.8581086999984109,,
null-calibration-20260820-001,fitted,F5,28,1000,0.04218946359993038,0.91,fitted/null_statistics/F5-replication-28-evaluation-1000.npy,fitted/residual_samples/F5-replication-28-evaluation-1000.csv,2.1654491662740265e+18,2.5853024418935936e+18,4.958915686288737e+18,,,14495685598191476556,1.1217284999984258,,
null-calibration-20260820-001,fitted,F5,28,2000,0.03688792372665399,0.515,fitted/null_statistics/F5-replication-28-evaluation-2000.npy,fitted/residual_samples/F5-replication-28-evaluation-2000.csv,2.1654491662740265e+18,2.5853024418935936e+18,1.288662385034015e+19,,,8466239864842552188,1.657606400000077,,
null-calibration-20260820-001,fitted,F6,28,250,0.1387282583022119,0.11,fitted/null_statistics/F6-replication-28-evaluation-250.npy,fitted/residual_samples/F6-replication-28-evaluation-250.csv,1.4007631469403744e+19,2.614996328538279e+18,1.2928238265674189e+19,,,2334170328695731806,0.8492646000013337,,
null-calibration-20260820-001,fitted,F6,28,500,0.05096163885885568,0.99,fitted/null_statistics/F6-replication-28-evaluation-500.npy,fitted/residual_samples/F6-replication-28-evaluation-500.csv,1.4007631469403744e+19,2.614996328538279e+18,1.295652167279067e+18,,,5061885919376291519,1.04667469999913,,
null-calibration-20260820-001,fitted,F6,28,1000,0.0908393894651507,0.015,fitted/null_statistics/F6-replication-28-evaluation-1000.npy,fitted/residual_samples/F6-replication-28-evaluation-1000.csv,1.4007631469403744e+19,2.614996328538279e+18,1.7428776518274304e+19,,,18032974039465394659,1.313591500002076,,
null-calibration-20260820-001,fitted,F6,28,2000,0.030838206919268793,0.885,fitted/null_statistics/F6-replication-28-evaluation-2000.npy,fitted/residual_samples/F6-replication-28-evaluation-2000.csv,1.4007631469403744e+19,2.614996328538279e+18,1.0166373582730144e+19,,,7215199065729142989,1.8396438999989186,,
null-calibration-20260820-001,reference,reference,28,250,0.13447971157944533,0.105,reference/null_statistics/replication-28-evaluation-250.npy,,,,,1.5305665096356745e+19,4.071860610026383e+18,9569776756983080638,0.11310489999959827,,
null-calibration-20260820-001,reference,reference,28,500,0.05801868051712765,0.925,reference/null_statistics/replication-28-evaluation-500.npy,,,,,1.7209377630589204e+19,9.6137061937203e+18,12284769879733085633,0.19611349999831873,,
null-calibration-20260820-001,reference,reference,28,1000,0.06419132288522654,0.155,reference/null_statistics/replication-28-evaluation-1000.npy,,,,,1.4932175498777424e+19,1.5637834307209568e+19,17546831392811461207,0.29909630000111065,,
null-calibration-20260820-001,reference,reference,28,2000,0.050402414292613676,0.095,reference/null_statistics/replication-28-evaluation-2000.npy,,,,,5.805421573865779e+18,1.7028176512855818e+19,14395104672913585147,0.516113999998197,,
null-calibration-20260820-001,fitted,F1,29,250,0.15405927035190292,0.06,fitted/null_statistics/F1-replication-29-evaluation-250.npy,fitted/residual_samples/F1-replication-29-evaluation-250.csv,1.2908678532943495e+19,9.610978767202736e+18,1.1657195597610312e+19,,,17257592260552275017,0.8181662999995751,,
null-calibration-20260820-001,fitted,F1,29,500,0.07470723431386303,0.545,fitted/null_statistics/F1-replication-29-evaluation-500.npy,fitted/residual_samples/F1-replication-29-evaluation-500.csv,1.2908678532943495e+19,9.610978767202736e+18,1.6990652556111862e+19,,,6456102891815307399,0.9610165999984019,,
null-calibration-20260820-001,fitted,F1,29,1000,0.06230636511016073,0.235,fitted/null_statistics/F1-replication-29-evaluation-1000.npy,fitted/residual_samples/F1-replication-29-evaluation-1000.csv,1.2908678532943495e+19,9.610978767202736e+18,1.6212491348224754e+19,,,18436664244522199135,1.2688084000001254,,
null-calibration-20260820-001,fitted,F1,29,2000,0.04225045083700548,0.265,fitted/null_statistics/F1-replication-29-evaluation-2000.npy,fitted/residual_samples/F1-replication-29-evaluation-2000.csv,1.2908678532943495e+19,9.610978767202736e+18,8.238902946145725e+18,,,9463125584330738441,1.7903466999996454,,
null-calibration-20260820-001,fitted,F4,29,250,0.09079624155120933,0.8,fitted/null_statistics/F4-replication-29-evaluation-250.npy,fitted/residual_samples/F4-replication-29-evaluation-250.csv,5.648410453863414e+18,1.3366581643197729e+19,1.8258840363491735e+18,,,1675123557427371213,0.7118566999997711,,
null-calibration-20260820-001,fitted,F4,29,500,0.10080702128513232,0.09,fitted/null_statistics/F4-replication-29-evaluation-500.npy,fitted/residual_samples/F4-replication-29-evaluation-500.csv,5.648410453863414e+18,1.3366581643197729e+19,2.5193156976739046e+18,,,18076984318427725131,0.8510104000015417,,
null-calibration-20260820-001,fitted,F4,29,1000,0.05142951580989074,0.59,fitted/null_statistics/F4-replication-29-evaluation-1000.npy,fitted/residual_samples/F4-replication-29-evaluation-1000.csv,5.648410453863414e+18,1.3366581643197729e+19,9.017444295944227e+18,,,11853288855307446440,1.1106008000024303,,
null-calibration-20260820-001,fitted,F4,29,2000,0.02974740963202709,0.94,fitted/null_statistics/F4-replication-29-evaluation-2000.npy,fitted/residual_samples/F4-replication-29-evaluation-2000.csv,5.648410453863414e+18,1.3366581643197729e+19,3.0321291361960566e+18,,,17457199172803896478,1.622187799999665,,
null-calibration-20260820-001,fitted,F5,29,250,0.08070730273006176,0.995,fitted/null_statistics/F5-replication-29-evaluation-250.npy,fitted/residual_samples/F5-replication-29-evaluation-250.csv,4.0631103058899354e+18,1.4842204206284116e+19,1.1633796106207277e+19,,,7305014363813422331,0.7012238999996043,,
null-calibration-20260820-001,fitted,F5,29,500,0.06858354269065702,0.73,fitted/null_statistics/F5-replication-29-evaluation-500.npy,fitted/residual_samples/F5-replication-29-evaluation-500.csv,4.0631103058899354e+18,1.4842204206284116e+19,1.256836044147248e+19,,,9800735593736495339,0.8358514999999898,,
null-calibration-20260820-001,fitted,F5,29,1000,0.06784840444834961,0.13,fitted/null_statistics/F5-replication-29-evaluation-1000.npy,fitted/residual_samples/F5-replication-29-evaluation-1000.csv,4.0631103058899354e+18,1.4842204206284116e+19,8.582747507449762e+18,,,6634879472978631867,1.0941894999996293,,
null-calibration-20260820-001,fitted,F5,29,2000,0.03597442822538214,0.515,fitted/null_statistics/F5-replication-29-evaluation-2000.npy,fitted/residual_samples/F5-replication-29-evaluation-2000.csv,4.0631103058899354e+18,1.4842204206284116e+19,1.4911378590071876e+19,,,3697269901022489275,1.613071799998579,,
null-calibration-20260820-001,fitted,F6,29,250,0.09636264352082018,0.655,fitted/null_statistics/F6-replication-29-evaluation-250.npy,fitted/residual_samples/F6-replication-29-evaluation-250.csv,2.8594822293212124e+18,4.993255656792909e+17,5.97239381377105e+16,,,13701408224332781668,0.6938773999972909,,
null-calibration-20260820-001,fitted,F6,29,500,0.05763151017485115,0.93,fitted/null_statistics/F6-replication-29-evaluation-500.npy,fitted/residual_samples/F6-replication-29-evaluation-500.csv,2.8594822293212124e+18,4.993255656792909e+17,7.350888850451727e+18,,,12533865471832501485,0.8315040999987104,,
null-calibration-20260820-001,fitted,F6,29,1000,0.06783911526016226,0.165,fitted/null_statistics/F6-replication-29-evaluation-1000.npy,fitted/residual_samples/F6-replication-29-evaluation-1000.csv,2.8594822293212124e+18,4.993255656792909e+17,1.8057146343989965e+19,,,9630610643224230447,1.0906900000009045,,
null-calibration-20260820-001,fitted,F6,29,2000,0.031111295539378376,0.895,fitted/null_statistics/F6-replication-29-evaluation-2000.npy,fitted/residual_samples/F6-replication-29-evaluation-2000.csv,2.8594822293212124e+18,4.993255656792909e+17,3.778424493615732e+18,,,2873212211493737298,1.6052409000003536,,
null-calibration-20260820-001,reference,reference,29,250,0.12353419629849455,0.235,reference/null_statistics/replication-29-evaluation-250.npy,,,,,2.777216650573096e+18,1.604180345794046e+19,17787884021555057785,0.07686939999985043,,
null-calibration-20260820-001,reference,reference,29,500,0.07593929596737806,0.465,reference/null_statistics/replication-29-evaluation-500.npy,,,,,1.3690643834436753e+19,1.6430177547866096e+19,5126389111494864427,0.20607319999908214,,
null-calibration-20260820-001,reference,reference,29,1000,0.07846585850400921,0.045,reference/null_statistics/replication-29-evaluation-1000.npy,,,,,1.5903424755877577e+19,1.3743650861048172e+16,14721036730322684823,0.2266529000007722,,
null-calibration-20260820-001,reference,reference,29,2000,0.042836865410691004,0.2,reference/null_statistics/replication-29-evaluation-2000.npy,,,,,7.187908116888285e+18,2.7416324944493773e+18,13239648326254562577,0.5028316999996605,,
