fixture_id,left,right,phase,batch,replication,observed_statistic,permutation_p_value,residual_samples_path,null_statistics_path,seed_namespace,fixture_seed,residual_seed,permutation_seed,elapsed_seconds,warnings,exception_text,run_id
F4,X1,X3,f4-linear-null-transfer,0,0,0.056639263448958636,0.39,residual_samples/batch-0-replication-0.csv,null_statistics/batch-0-replication-0.npy,batch-f4-linear-null-transfer,16013000175514069626,14959135861404403765,34687953171869713,0.23456129999249242,,,batch-f4-linear-null-transfer-20260822-001
F4,X1,X3,f4-linear-null-transfer,0,1,0.05278430081645018,0.495,residual_samples/batch-0-replication-1.csv,null_statistics/batch-0-replication-1.npy,batch-f4-linear-null-transfer,8568833329651493500,18034706457610521133,14808862634017781868,0.2093557000043802,,,batch-f4-linear-null-transfer-20260822-001
F4,X1,X3,f4-linear-null-transfer,0,2,0.039163299230398206,0.965,residual_samples/batch-0-replication-2.csv,null_statistics/batch-0-replication-2.npy,batch-f4-linear-null-transfer,15156376741479245269,13112264810664797806,10933224257111345614,0.2139420000021346,,,batch-f4-linear-null-transfer-20260822-001
F4,X1,X3,f4-linear-null-transfer,0,3,0.06253736742475426,0.195,residual_samples/batch-0-replication-3.csv,null_statistics/batch-0-replication-3.npy,batch-f4-linear-null-transfer,11333856225717998099,10184836378532777673,18399463238662546739,0.21042399998987094,,,batch-f4-linear-null-transfer-20260822-001
F4,X1,X3,f4-linear-null-transfer,0,4,0.06188737834867076,0.215,residual_samples/batch-0-replication-4.csv,null_statistics/batch-0-replication-4.npy,batch-f4-linear-null-transfer,15536903408279284155,13725863648416095948,7949022799619527718,0.2043425000156276,,,batch-f4-linear-null-transfer-20260822-001
F4,X1,X3,f4-linear-null-transfer,0,5,0.06215054582732714,0.195,residual_samples/batch-0-replication-5.csv,null_statistics/batch-0-replication-5.npy,batch-f4-linear-null-transfer,14036355590115838152,8264724305218531583,1751749859867920919,0.20980209999834187,,,batch-f4-linear-null-transfer-20260822-001
F4,X1,X3,f4-linear-null-transfer,0,6,0.054865277410898354,0.44,residual_samples/batch-0-replication-6.csv,null_statistics/batch-0-replication-6.npy,batch-f4-linear-null-transfer,13916153085914240404,14625842378549093730,17576205472234936249,0.2179238999960944,,,batch-f4-linear-null-transfer-20260822-001
F4,X1,X3,f4-linear-null-transfer,0,7,0.05464777573722191,0.46,residual_samples/batch-0-replication-7.csv,null_statistics/batch-0-replication-7.npy,batch-f4-linear-null-transfer,1181344950872276855,2701999895553140589,9369544886511855758,0.2023269000055734,,,batch-f4-linear-null-transfer-20260822-001
F4,X1,X3,f4-linear-null-transfer,0,8,0.052174246843613624,0.585,residual_samples/batch-0-replication-8.csv,null_statistics/batch-0-replication-8.npy,batch-f4-linear-null-transfer,4274504656889014608,2247286262467805663,13174410898932176024,0.2206906999927014,,,batch-f4-linear-null-transfer-20260822-001
F4,X1,X3,f4-linear-null-transfer,0,9,0.04839301992618558,0.71,residual_samples/batch-0-replication-9.csv,null_statistics/batch-0-replication-9.npy,batch-f4-linear-null-transfer,2999827382533978505,18249327201947707552,1966275362777769543,0.2095266999967862,,,batch-f4-linear-null-transfer-20260822-001
F4,X1,X3,f4-linear-null-transfer,1,0,0.056245341691565344,0.315,residual_samples/batch-1-replication-0.csv,null_statistics/batch-1-replication-0.npy,batch-f4-linear-null-transfer,15860471123030118112,5256119737716454409,288953563940615305,0.205145599989919,,,batch-f4-linear-null-transfer-20260822-001
F4,X1,X3,f4-linear-null-transfer,1,1,0.06728428174235523,0.13,residual_samples/batch-1-replication-1.csv,null_statistics/batch-1-replication-1.npy,batch-f4-linear-null-transfer,2818852435747498844,4799863580465736533,7717805370290925488,0.20981980001670308,,,batch-f4-linear-null-transfer-20260822-001
F4,X1,X3,f4-linear-null-transfer,1,2,0.0871692347285059,0.015,residual_samples/batch-1-replication-2.csv,null_statistics/batch-1-replication-2.npy,batch-f4-linear-null-transfer,1793065196767920143,18406837710392842859,5861537622374348308,0.20925779998651706,,,batch-f4-linear-null-transfer-20260822-001
F4,X1,X3,f4-linear-null-transfer,1,3,0.05664230665699796,0.465,residual_samples/batch-1-replication-3.csv,null_statistics/batch-1-replication-3.npy,batch-f4-linear-null-transfer,10763150969620780732,14028343020819774791,13551705018865640850,0.20841990000917576,,,batch-f4-linear-null-transfer-20260822-001
F4,X1,X3,f4-linear-null-transfer,1,4,0.06550660073860078,0.135,residual_samples/batch-1-replication-4.csv,null_statistics/batch-1-replication-4.npy,batch-f4-linear-null-transfer,13336020776658133174,6214380962599837129,8911938705550056869,0.20792889999574982,,,batch-f4-linear-null-transfer-20260822-001
F4,X1,X3,f4-linear-null-transfer,1,5,0.03575724893826586,1.0,residual_samples/batch-1-replication-5.csv,null_statistics/batch-1-replication-5.npy,batch-f4-linear-null-transfer,6715917935063108647,9962489654380236405,11881288965959241055,0.20576189999701455,,,batch-f4-linear-null-transfer-20260822-001
F4,X1,X3,f4-linear-null-transfer,1,6,0.06274098885821454,0.2,residual_samples/batch-1-replication-6.csv,null_statistics/batch-1-replication-6.npy,batch-f4-linear-null-transfer,1199430965801067042,7743110737472576684,11667332799137996621,0.20336750001297332,,,batch-f4-linear-null-transfer-20260822-001
F4,X1,X3,f4-linear-null-transfer,1,7,0.09225243044124391,0.015,residual_samples/batch-1-replication-7.csv,null_statistics/batch-1-replication-7.npy,batch-f4-linear-null-transfer,12668109489127003571,13320297036033372996,2607150870293560057,0.21780969999963418,,,batch-f4-linear-null-transfer-20260822-001
F4,X1,X3,f4-linear-null-transfer,1,8,0.07619701890292026,0.05,residual_samples/batch-1-replication-8.csv,null_statistics/batch-1-replication-8.npy,batch-f4-linear-null-transfer,15867947708150298188,829469534216679952,5570068627825700085,0.207070600008592,,,batch-f4-linear-null-transfer-20260822-001
F4,X1,X3,f4-linear-null-transfer,1,9,0.05055833347764262,0.61,residual_samples/batch-1-replication-9.csv,null_statistics/batch-1-replication-9.npy,batch-f4-linear-null-transfer,18096473082969974930,17587121480595637451,15371081796163326008,0.21014899999136105,,,batch-f4-linear-null-transfer-20260822-001
F4,X1,X3,f4-linear-null-transfer,2,0,0.0716034995885058,0.07,residual_samples/batch-2-replication-0.csv,null_statistics/batch-2-replication-0.npy,batch-f4-linear-null-transfer,7048194666998561329,17321836519306448662,9763576893028522541,0.20798029997968115,,,batch-f4-linear-null-transfer-20260822-001
F4,X1,X3,f4-linear-null-transfer,2,1,0.038451850776954254,0.985,residual_samples/batch-2-replication-1.csv,null_statistics/batch-2-replication-1.npy,batch-f4-linear-null-transfer,5742997359132147801,16894947524366200009,8171458346003198342,0.2175969000090845,,,batch-f4-linear-null-transfer-20260822-001
F4,X1,X3,f4-linear-null-transfer,2,2,0.048236962283193185,0.68,residual_samples/batch-2-replication-2.csv,null_statistics/batch-2-replication-2.npy,batch-f4-linear-null-transfer,18174465215101426314,5272773483268909277,13055508020926884738,0.21748319998732768,,,batch-f4-linear-null-transfer-20260822-001
F4,X1,X3,f4-linear-null-transfer,2,3,0.06682095392825109,0.17,residual_samples/batch-2-replication-3.csv,null_statistics/batch-2-replication-3.npy,batch-f4-linear-null-transfer,15336151422487140734,9904965902603115001,6413964925067655558,0.21978460001992062,,,batch-f4-linear-null-transfer-20260822-001
F4,X1,X3,f4-linear-null-transfer,2,4,0.051853326782789935,0.56,residual_samples/batch-2-replication-4.csv,null_statistics/batch-2-replication-4.npy,batch-f4-linear-null-transfer,8861822926631944876,11604585511334552402,71563308684081379,0.20183710000128485,,,batch-f4-linear-null-transfer-20260822-001
F4,X1,X3,f4-linear-null-transfer,2,5,0.04746691388423968,0.745,residual_samples/batch-2-replication-5.csv,null_statistics/batch-2-replication-5.npy,batch-f4-linear-null-transfer,18093621644224590135,11657092579764258471,2528360549385970723,0.20929170001181774,,,batch-f4-linear-null-transfer-20260822-001
F4,X1,X3,f4-linear-null-transfer,2,6,0.04429502072566991,0.9,residual_samples/batch-2-replication-6.csv,null_statistics/batch-2-replication-6.npy,batch-f4-linear-null-transfer,7116727215678786396,6438718652563036518,6665745470870056468,0.21953649999340996,,,batch-f4-linear-null-transfer-20260822-001
F4,X1,X3,f4-linear-null-transfer,2,7,0.03687577336846033,0.995,residual_samples/batch-2-replication-7.csv,null_statistics/batch-2-replication-7.npy,batch-f4-linear-null-transfer,2342510733101863231,12533611467295201602,3250915459627788807,0.2086589999962598,,,batch-f4-linear-null-transfer-20260822-001
F4,X1,X3,f4-linear-null-transfer,2,8,0.11549510380625211,0.005,residual_samples/batch-2-replication-8.csv,null_statistics/batch-2-replication-8.npy,batch-f4-linear-null-transfer,11640404409042915484,2291577317134629815,13446194167158317855,0.20994629999040626,,,batch-f4-linear-null-transfer-20260822-001
F4,X1,X3,f4-linear-null-transfer,2,9,0.04851527298058392,0.625,residual_samples/batch-2-replication-9.csv,null_statistics/batch-2-replication-9.npy,batch-f4-linear-null-transfer,3818341309642326153,7127441139762685826,16822267746313288087,0.21000659998389892,,,batch-f4-linear-null-transfer-20260822-001
F4,X1,X3,f4-linear-null-transfer,3,0,0.04461797304189375,0.835,residual_samples/batch-3-replication-0.csv,null_statistics/batch-3-replication-0.npy,batch-f4-linear-null-transfer,2215454885277473725,7532354689273690394,18200067972759067269,0.20202239998616278,,,batch-f4-linear-null-transfer-20260822-001
F4,X1,X3,f4-linear-null-transfer,3,1,0.05939115987685578,0.315,residual_samples/batch-3-replication-1.csv,null_statistics/batch-3-replication-1.npy,batch-f4-linear-null-transfer,33202115904211681,7747693698109893214,4340127050767585683,0.2101964999746997,,,batch-f4-linear-null-transfer-20260822-001
F4,X1,X3,f4-linear-null-transfer,3,2,0.045535164954932074,0.82,residual_samples/batch-3-replication-2.csv,null_statistics/batch-3-replication-2.npy,batch-f4-linear-null-transfer,15087379688169650386,3537948815120891474,140837213169384407,0.20741499998257495,,,batch-f4-linear-null-transfer-20260822-001
F4,X1,X3,f4-linear-null-transfer,3,3,0.052925774060807375,0.485,residual_samples/batch-3-replication-3.csv,null_statistics/batch-3-replication-3.npy,batch-f4-linear-null-transfer,5232085466379212932,18294712510024837513,2799107670399201024,0.20514010000624694,,,batch-f4-linear-null-transfer-20260822-001
F4,X1,X3,f4-linear-null-transfer,3,4,0.048767213290319654,0.685,residual_samples/batch-3-replication-4.csv,null_statistics/batch-3-replication-4.npy,batch-f4-linear-null-transfer,9161552354387839117,6807069486684931771,17851384322734329947,0.2123006999900099,,,batch-f4-linear-null-transfer-20260822-001
F4,X1,X3,f4-linear-null-transfer,3,5,0.04477840970093074,0.855,residual_samples/batch-3-replication-5.csv,null_statistics/batch-3-replication-5.npy,batch-f4-linear-null-transfer,14013112500113177116,17233361664322083812,17937257639218059445,0.20844489999581128,,,batch-f4-linear-null-transfer-20260822-001
F4,X1,X3,f4-linear-null-transfer,3,6,0.04764525350805513,0.685,residual_samples/batch-3-replication-6.csv,null_statistics/batch-3-replication-6.npy,batch-f4-linear-null-transfer,7816586770304444336,6424565436669723831,3602622486216383818,0.23377459999755956,,,batch-f4-linear-null-transfer-20260822-001
F4,X1,X3,f4-linear-null-transfer,3,7,0.05812556683539366,0.385,residual_samples/batch-3-replication-7.csv,null_statistics/batch-3-replication-7.npy,batch-f4-linear-null-transfer,5207340566433891925,11984353242619786988,4231957816451943463,0.2366364000190515,,,batch-f4-linear-null-transfer-20260822-001
F4,X1,X3,f4-linear-null-transfer,3,8,0.06639186847065406,0.19,residual_samples/batch-3-replication-8.csv,null_statistics/batch-3-replication-8.npy,batch-f4-linear-null-transfer,17804891277900705636,7840255650878341469,824861444920868541,0.21083559998078272,,,batch-f4-linear-null-transfer-20260822-001
F4,X1,X3,f4-linear-null-transfer,3,9,0.04429543694154192,0.81,residual_samples/batch-3-replication-9.csv,null_statistics/batch-3-replication-9.npy,batch-f4-linear-null-transfer,7056164410715538775,6996864724333821713,12845270829589510636,0.2093684999854304,,,batch-f4-linear-null-transfer-20260822-001
F4,X1,X3,f4-linear-null-transfer,4,0,0.05080378152032369,0.62,residual_samples/batch-4-replication-0.csv,null_statistics/batch-4-replication-0.npy,batch-f4-linear-null-transfer,4385897454527458990,10363555075906693865,16699574685054156323,0.2075847999949474,,,batch-f4-linear-null-transfer-20260822-001
F4,X1,X3,f4-linear-null-transfer,4,1,0.06564189812597988,0.13,residual_samples/batch-4-replication-1.csv,null_statistics/batch-4-replication-1.npy,batch-f4-linear-null-transfer,16906351357709359423,16013274847301097472,11475809433844849491,0.20133360000909306,,,batch-f4-linear-null-transfer-20260822-001
F4,X1,X3,f4-linear-null-transfer,4,2,0.04641236141096953,0.805,residual_samples/batch-4-replication-2.csv,null_statistics/batch-4-replication-2.npy,batch-f4-linear-null-transfer,1210247335332670910,11581592545703140643,5694718481207224423,0.2174032999901101,,,batch-f4-linear-null-transfer-20260822-001
F4,X1,X3,f4-linear-null-transfer,4,3,0.054182965006327424,0.435,residual_samples/batch-4-replication-3.csv,null_statistics/batch-4-replication-3.npy,batch-f4-linear-null-transfer,6648955275747549621,6232743817099854448,17033393146025542230,0.21107920000213198,,,batch-f4-linear-null-transfer-20260822-001
F4,X1,X3,f4-linear-null-transfer,4,4,0.04409461512468128,0.87,residual_samples/batch-4-replication-4.csv,null_statistics/batch-4-replication-4.npy,batch-f4-linear-null-transfer,1368556313285644397,14048419558640483584,10008126107425745952,0.2086647999822162,,,batch-f4-linear-null-transfer-20260822-001
F4,X1,X3,f4-linear-null-transfer,4,5,0.05538939044091167,0.495,residual_samples/batch-4-replication-5.csv,null_statistics/batch-4-replication-5.npy,batch-f4-linear-null-transfer,7400338778429416510,12798980167010386542,10329502455247400010,0.2206648999999743,,,batch-f4-linear-null-transfer-20260822-001
F4,X1,X3,f4-linear-null-transfer,4,6,0.04614568139610277,0.83,residual_samples/batch-4-replication-6.csv,null_statistics/batch-4-replication-6.npy,batch-f4-linear-null-transfer,8428179714357841135,14556466499158194491,6830221841275656256,0.2135421000130009,,,batch-f4-linear-null-transfer-20260822-001
F4,X1,X3,f4-linear-null-transfer,4,7,0.06471143930659257,0.195,residual_samples/batch-4-replication-7.csv,null_statistics/batch-4-replication-7.npy,batch-f4-linear-null-transfer,840352422095564831,16296997736638435238,11020045913713334836,0.20510429999558255,,,batch-f4-linear-null-transfer-20260822-001
F4,X1,X3,f4-linear-null-transfer,4,8,0.05132588941440111,0.575,residual_samples/batch-4-replication-8.csv,null_statistics/batch-4-replication-8.npy,batch-f4-linear-null-transfer,8951635980887666514,10057748088138036550,1250294154893308162,0.21627960001933388,,,batch-f4-linear-null-transfer-20260822-001
F4,X1,X3,f4-linear-null-transfer,4,9,0.04740172919456535,0.71,residual_samples/batch-4-replication-9.csv,null_statistics/batch-4-replication-9.npy,batch-f4-linear-null-transfer,1735854917420850925,3722958580566422973,5543270303657743205,0.20679179998114705,,,batch-f4-linear-null-transfer-20260822-001
F4,X1,X3,f4-linear-null-transfer,5,0,0.03633952311796882,0.99,residual_samples/batch-5-replication-0.csv,null_statistics/batch-5-replication-0.npy,batch-f4-linear-null-transfer,16519644663001185112,3860831358100108343,15473963904894908551,0.20865799998864532,,,batch-f4-linear-null-transfer-20260822-001
F4,X1,X3,f4-linear-null-transfer,5,1,0.04357671889220743,0.885,residual_samples/batch-5-replication-1.csv,null_statistics/batch-5-replication-1.npy,batch-f4-linear-null-transfer,4906241984629257168,14010060022319510697,4632616599354541664,0.2232030000013765,,,batch-f4-linear-null-transfer-20260822-001
F4,X1,X3,f4-linear-null-transfer,5,2,0.044169042296131625,0.885,residual_samples/batch-5-replication-2.csv,null_statistics/batch-5-replication-2.npy,batch-f4-linear-null-transfer,14748485039101035903,5587036790516247699,9577745364045604284,0.20585050000227056,,,batch-f4-linear-null-transfer-20260822-001
F4,X1,X3,f4-linear-null-transfer,5,3,0.04157614731588013,0.955,residual_samples/batch-5-replication-3.csv,null_statistics/batch-5-replication-3.npy,batch-f4-linear-null-transfer,13048080881081842619,15184487612040558714,1158079865790681450,0.21340459998464212,,,batch-f4-linear-null-transfer-20260822-001
F4,X1,X3,f4-linear-null-transfer,5,4,0.04889972522747625,0.695,residual_samples/batch-5-replication-4.csv,null_statistics/batch-5-replication-4.npy,batch-f4-linear-null-transfer,9609884902503668281,13924933916849230824,3603486484421964780,0.21428260000539012,,,batch-f4-linear-null-transfer-20260822-001
F4,X1,X3,f4-linear-null-transfer,5,5,0.05423049256456019,0.455,residual_samples/batch-5-replication-5.csv,null_statistics/batch-5-replication-5.npy,batch-f4-linear-null-transfer,6509463190192361941,3478584658068660985,8692962408032765501,0.2066225000016857,,,batch-f4-linear-null-transfer-20260822-001
F4,X1,X3,f4-linear-null-transfer,5,6,0.10013256310961895,0.005,residual_samples/batch-5-replication-6.csv,null_statistics/batch-5-replication-6.npy,batch-f4-linear-null-transfer,13310269396313952477,7785000678499801360,14821697719251748731,0.21489040000597015,,,batch-f4-linear-null-transfer-20260822-001
F4,X1,X3,f4-linear-null-transfer,5,7,0.05720826388544462,0.34,residual_samples/batch-5-replication-7.csv,null_statistics/batch-5-replication-7.npy,batch-f4-linear-null-transfer,7359170640499818122,1480035797287406998,7666657802564271424,0.21375940000871196,,,batch-f4-linear-null-transfer-20260822-001
F4,X1,X3,f4-linear-null-transfer,5,8,0.04770983259358929,0.735,residual_samples/batch-5-replication-8.csv,null_statistics/batch-5-replication-8.npy,batch-f4-linear-null-transfer,12492533546056682386,15211839781135244381,17125939820697145729,0.20637500000884756,,,batch-f4-linear-null-transfer-20260822-001
F4,X1,X3,f4-linear-null-transfer,5,9,0.05352524811432641,0.465,residual_samples/batch-5-replication-9.csv,null_statistics/batch-5-replication-9.npy,batch-f4-linear-null-transfer,10505558831776506042,6482149394829604607,11357716711704258818,0.2100534999917727,,,batch-f4-linear-null-transfer-20260822-001
F4,X1,X3,f4-linear-null-transfer,6,0,0.06226171564940816,0.19,residual_samples/batch-6-replication-0.csv,null_statistics/batch-6-replication-0.npy,batch-f4-linear-null-transfer,5282964864399607123,17492997887130056428,13354481310085324715,0.20675939999637194,,,batch-f4-linear-null-transfer-20260822-001
F4,X1,X3,f4-linear-null-transfer,6,1,0.05038892040355556,0.625,residual_samples/batch-6-replication-1.csv,null_statistics/batch-6-replication-1.npy,batch-f4-linear-null-transfer,8234348220245034135,11442799330327920721,15794705344255762966,0.2043849999899976,,,batch-f4-linear-null-transfer-20260822-001
F4,X1,X3,f4-linear-null-transfer,6,2,0.05489192105959346,0.395,residual_samples/batch-6-replication-2.csv,null_statistics/batch-6-replication-2.npy,batch-f4-linear-null-transfer,12030866328344636280,15200602965646268236,3148804155675274934,0.2140971999906469,,,batch-f4-linear-null-transfer-20260822-001
F4,X1,X3,f4-linear-null-transfer,6,3,0.05429675800729402,0.405,residual_samples/batch-6-replication-3.csv,null_statistics/batch-6-replication-3.npy,batch-f4-linear-null-transfer,12150826735660861139,4917068528056769103,17677609082368522956,0.20864709999295883,,,batch-f4-linear-null-transfer-20260822-001
F4,X1,X3,f4-linear-null-transfer,6,4,0.05923799238585274,0.255,residual_samples/batch-6-replication-4.csv,null_statistics/batch-6-replication-4.npy,batch-f4-linear-null-transfer,13868188503375344649,9331151663229918557,3181299291323518726,0.20713009999599308,,,batch-f4-linear-null-transfer-20260822-001
F4,X1,X3,f4-linear-null-transfer,6,5,0.054326508346409154,0.535,residual_samples/batch-6-replication-5.csv,null_statistics/batch-6-replication-5.npy,batch-f4-linear-null-transfer,14040843658778841752,9886820540678865187,5357495360687601061,0.22464999998919666,,,batch-f4-linear-null-transfer-20260822-001
F4,X1,X3,f4-linear-null-transfer,6,6,0.06138475415994949,0.22,residual_samples/batch-6-replication-6.csv,null_statistics/batch-6-replication-6.npy,batch-f4-linear-null-transfer,9752156120412757535,17778225796313066057,9678125176543584347,0.20995530000072904,,,batch-f4-linear-null-transfer-20260822-001
F4,X1,X3,f4-linear-null-transfer,6,7,0.04490527629705101,0.795,residual_samples/batch-6-replication-7.csv,null_statistics/batch-6-replication-7.npy,batch-f4-linear-null-transfer,10897698171552802112,15818097109136359984,11945338722948625434,0.21301569999195635,,,batch-f4-linear-null-transfer-20260822-001
F4,X1,X3,f4-linear-null-transfer,6,8,0.06231115708799698,0.235,residual_samples/batch-6-replication-8.csv,null_statistics/batch-6-replication-8.npy,batch-f4-linear-null-transfer,9640708646182806322,6587774401091562447,2376180501742441326,0.2075557999778539,,,batch-f4-linear-null-transfer-20260822-001
F4,X1,X3,f4-linear-null-transfer,6,9,0.043221505610423094,0.92,residual_samples/batch-6-replication-9.csv,null_statistics/batch-6-replication-9.npy,batch-f4-linear-null-transfer,10140117104419967321,17136323982064951739,14836533629460202903,0.20845900001586415,,,batch-f4-linear-null-transfer-20260822-001
F4,X1,X3,f4-linear-null-transfer,7,0,0.05486368905837751,0.43,residual_samples/batch-7-replication-0.csv,null_statistics/batch-7-replication-0.npy,batch-f4-linear-null-transfer,2450425450788926734,14806331143339715900,8760227689767640307,0.21208199998363853,,,batch-f4-linear-null-transfer-20260822-001
F4,X1,X3,f4-linear-null-transfer,7,1,0.05226644854025284,0.465,residual_samples/batch-7-replication-1.csv,null_statistics/batch-7-replication-1.npy,batch-f4-linear-null-transfer,16992114270048826682,9847724467661425751,15258923938382455744,0.21387810001033358,,,batch-f4-linear-null-transfer-20260822-001
F4,X1,X3,f4-linear-null-transfer,7,2,0.0551826041685524,0.355,residual_samples/batch-7-replication-2.csv,null_statistics/batch-7-replication-2.npy,batch-f4-linear-null-transfer,13340014802515934896,3849548228760659643,8260758099658458941,0.20316380000440404,,,batch-f4-linear-null-transfer-20260822-001
F4,X1,X3,f4-linear-null-transfer,7,3,0.08007510145031296,0.045,residual_samples/batch-7-replication-3.csv,null_statistics/batch-7-replication-3.npy,batch-f4-linear-null-transfer,16204360411495388062,11630268832338936070,9508924489875150744,0.21386759998858906,,,batch-f4-linear-null-transfer-20260822-001
F4,X1,X3,f4-linear-null-transfer,7,4,0.06456863175885821,0.155,residual_samples/batch-7-replication-4.csv,null_statistics/batch-7-replication-4.npy,batch-f4-linear-null-transfer,17124868168853249506,7322701951850153166,14758699218465891359,0.21474900000612251,,,batch-f4-linear-null-transfer-20260822-001
F4,X1,X3,f4-linear-null-transfer,7,5,0.04815479886406324,0.715,residual_samples/batch-7-replication-5.csv,null_statistics/batch-7-replication-5.npy,batch-f4-linear-null-transfer,2789642984701002463,13694639918417168334,14389179088664360176,0.21350620000157505,,,batch-f4-linear-null-transfer-20260822-001
F4,X1,X3,f4-linear-null-transfer,7,6,0.06671968024185991,0.175,residual_samples/batch-7-replication-6.csv,null_statistics/batch-7-replication-6.npy,batch-f4-linear-null-transfer,4300825110846386820,13029804422318833085,7661081900536061854,0.21242870000423864,,,batch-f4-linear-null-transfer-20260822-001
F4,X1,X3,f4-linear-null-transfer,7,7,0.042690407705838415,0.905,residual_samples/batch-7-replication-7.csv,null_statistics/batch-7-replication-7.npy,batch-f4-linear-null-transfer,11373579595521356975,11760963470171596418,13616384041446422530,0.2083656000031624,,,batch-f4-linear-null-transfer-20260822-001
F4,X1,X3,f4-linear-null-transfer,7,8,0.05598513118104597,0.35,residual_samples/batch-7-replication-8.csv,null_statistics/batch-7-replication-8.npy,batch-f4-linear-null-transfer,13102051263953606164,16053216757555634139,13905157309349861585,0.20524370000930503,,,batch-f4-linear-null-transfer-20260822-001
F4,X1,X3,f4-linear-null-transfer,7,9,0.04853410343930478,0.735,residual_samples/batch-7-replication-9.csv,null_statistics/batch-7-replication-9.npy,batch-f4-linear-null-transfer,13261401615571238320,3698736918323908973,16807410222860029177,0.21400189999258146,,,batch-f4-linear-null-transfer-20260822-001
F4,X1,X3,f4-linear-null-transfer,8,0,0.043782416426246196,0.88,residual_samples/batch-8-replication-0.csv,null_statistics/batch-8-replication-0.npy,batch-f4-linear-null-transfer,14703388638262701162,3134604776069010819,17042365106837383535,0.20867659998475574,,,batch-f4-linear-null-transfer-20260822-001
F4,X1,X3,f4-linear-null-transfer,8,1,0.04328954586168996,0.93,residual_samples/batch-8-replication-1.csv,null_statistics/batch-8-replication-1.npy,batch-f4-linear-null-transfer,1006254938615091136,8175404565833967961,12956515222645728898,0.2071758999954909,,,batch-f4-linear-null-transfer-20260822-001
F4,X1,X3,f4-linear-null-transfer,8,2,0.061785603041751666,0.25,residual_samples/batch-8-replication-2.csv,null_statistics/batch-8-replication-2.npy,batch-f4-linear-null-transfer,5746419220875046584,12101830371753404174,16366886646301081541,0.21131129999412224,,,batch-f4-linear-null-transfer-20260822-001
F4,X1,X3,f4-linear-null-transfer,8,3,0.05523591158238961,0.425,residual_samples/batch-8-replication-3.csv,null_statistics/batch-8-replication-3.npy,batch-f4-linear-null-transfer,11932315933615714040,5033310817719039736,1886191766633240211,0.20660470001166686,,,batch-f4-linear-null-transfer-20260822-001
F4,X1,X3,f4-linear-null-transfer,8,4,0.047282165083552104,0.7,residual_samples/batch-8-replication-4.csv,null_statistics/batch-8-replication-4.npy,batch-f4-linear-null-transfer,5259097859284134660,5185299189286588957,3110574855186217149,0.20544790002168156,,,batch-f4-linear-null-transfer-20260822-001
F4,X1,X3,f4-linear-null-transfer,8,5,0.05141275160443255,0.635,residual_samples/batch-8-replication-5.csv,null_statistics/batch-8-replication-5.npy,batch-f4-linear-null-transfer,6027794022998392670,3406564496907613707,13069180105870029816,0.20804580001276918,,,batch-f4-linear-null-transfer-20260822-001
F4,X1,X3,f4-linear-null-transfer,8,6,0.04519531761803532,0.83,residual_samples/batch-8-replication-6.csv,null_statistics/batch-8-replication-6.npy,batch-f4-linear-null-transfer,5241087823000435903,9858195995624305481,9293264511180859001,0.20745250000618398,,,batch-f4-linear-null-transfer-20260822-001
F4,X1,X3,f4-linear-null-transfer,8,7,0.06983401114632794,0.115,residual_samples/batch-8-replication-7.csv,null_statistics/batch-8-replication-7.npy,batch-f4-linear-null-transfer,900294110997600324,7449176919953376735,2276340434174699998,0.2071806000021752,,,batch-f4-linear-null-transfer-20260822-001
F4,X1,X3,f4-linear-null-transfer,8,8,0.05413665222475532,0.43,residual_samples/batch-8-replication-8.csv,null_statistics/batch-8-replication-8.npy,batch-f4-linear-null-transfer,8193027631047343639,6719298535946614641,12248814285960209460,0.20707580001908354,,,batch-f4-linear-null-transfer-20260822-001
F4,X1,X3,f4-linear-null-transfer,8,9,0.04711966820947155,0.765,residual_samples/batch-8-replication-9.csv,null_statistics/batch-8-replication-9.npy,batch-f4-linear-null-transfer,11831224079597101837,18127629223147228580,8382553303138010955,0.2058011000044644,,,batch-f4-linear-null-transfer-20260822-001
F4,X1,X3,f4-linear-null-transfer,9,0,0.03753653917496671,0.99,residual_samples/batch-9-replication-0.csv,null_statistics/batch-9-replication-0.npy,batch-f4-linear-null-transfer,15269194847576097591,5878109965908849282,10112220180782340893,0.206666399986716,,,batch-f4-linear-null-transfer-20260822-001
F4,X1,X3,f4-linear-null-transfer,9,1,0.049137782137275106,0.7,residual_samples/batch-9-replication-1.csv,null_statistics/batch-9-replication-1.npy,batch-f4-linear-null-transfer,3727845037969267695,7454461696601562857,4026512611171854917,0.2041869999957271,,,batch-f4-linear-null-transfer-20260822-001
F4,X1,X3,f4-linear-null-transfer,9,2,0.06084970045118801,0.25,residual_samples/batch-9-replication-2.csv,null_statistics/batch-9-replication-2.npy,batch-f4-linear-null-transfer,18169986156353031066,4444238667526620059,9930194337171961630,0.20568050001747906,,,batch-f4-linear-null-transfer-20260822-001
F4,X1,X3,f4-linear-null-transfer,9,3,0.05051165100490149,0.62,residual_samples/batch-9-replication-3.csv,null_statistics/batch-9-replication-3.npy,batch-f4-linear-null-transfer,17381719026425955592,7862446156548555063,17780476629321876868,0.20704519998980686,,,batch-f4-linear-null-transfer-20260822-001
F4,X1,X3,f4-linear-null-transfer,9,4,0.0611094155659899,0.255,residual_samples/batch-9-replication-4.csv,null_statistics/batch-9-replication-4.npy,batch-f4-linear-null-transfer,16833647639717187164,15101163717768451640,17441948766779312854,0.20793330000014976,,,batch-f4-linear-null-transfer-20260822-001
F4,X1,X3,f4-linear-null-transfer,9,5,0.045042462009436054,0.77,residual_samples/batch-9-replication-5.csv,null_statistics/batch-9-replication-5.npy,batch-f4-linear-null-transfer,7289539948414927297,9080999265605209057,15170015924566579814,0.20640620001358911,,,batch-f4-linear-null-transfer-20260822-001
F4,X1,X3,f4-linear-null-transfer,9,6,0.047696672695117806,0.69,residual_samples/batch-9-replication-6.csv,null_statistics/batch-9-replication-6.npy,batch-f4-linear-null-transfer,4312692291361314089,17745022381286941360,10595347804581019431,0.20643699998618104,,,batch-f4-linear-null-transfer-20260822-001
F4,X1,X3,f4-linear-null-transfer,9,7,0.05867565741564552,0.32,residual_samples/batch-9-replication-7.csv,null_statistics/batch-9-replication-7.npy,batch-f4-linear-null-transfer,4312190114533220500,951624297424452390,4019518329502278531,0.20336899999529123,,,batch-f4-linear-null-transfer-20260822-001
F4,X1,X3,f4-linear-null-transfer,9,8,0.06627875786681314,0.17,residual_samples/batch-9-replication-8.csv,null_statistics/batch-9-replication-8.npy,batch-f4-linear-null-transfer,14579902124797521948,12449821874018531844,17771508093864982641,0.20239170000422746,,,batch-f4-linear-null-transfer-20260822-001
F4,X1,X3,f4-linear-null-transfer,9,9,0.04745257018866903,0.725,residual_samples/batch-9-replication-9.csv,null_statistics/batch-9-replication-9.npy,batch-f4-linear-null-transfer,7940264963718688638,8379311745425844572,6695053423643560002,0.20425650000106543,,,batch-f4-linear-null-transfer-20260822-001
F4,X1,X3,f4-linear-null-transfer,10,0,0.04183178282291941,0.93,residual_samples/batch-10-replication-0.csv,null_statistics/batch-10-replication-0.npy,batch-f4-linear-null-transfer,16121303263878359762,8213169099341149387,5076332907702537305,0.20410350000020117,,,batch-f4-linear-null-transfer-20260822-001
F4,X1,X3,f4-linear-null-transfer,10,1,0.05449421398047643,0.435,residual_samples/batch-10-replication-1.csv,null_statistics/batch-10-replication-1.npy,batch-f4-linear-null-transfer,2338910289218775211,14919067163887830542,16174686010652567891,0.21081279998179525,,,batch-f4-linear-null-transfer-20260822-001
F4,X1,X3,f4-linear-null-transfer,10,2,0.048167052720415625,0.69,residual_samples/batch-10-replication-2.csv,null_statistics/batch-10-replication-2.npy,batch-f4-linear-null-transfer,3940566727007557113,14619223537908652596,11551700186686206839,0.2065160000056494,,,batch-f4-linear-null-transfer-20260822-001
F4,X1,X3,f4-linear-null-transfer,10,3,0.04282667119782573,0.91,residual_samples/batch-10-replication-3.csv,null_statistics/batch-10-replication-3.npy,batch-f4-linear-null-transfer,4835451628162909491,9578956736571287963,2767084059639697012,0.21443819999694824,,,batch-f4-linear-null-transfer-20260822-001
F4,X1,X3,f4-linear-null-transfer,10,4,0.049754249841447794,0.605,residual_samples/batch-10-replication-4.csv,null_statistics/batch-10-replication-4.npy,batch-f4-linear-null-transfer,10588965374879575191,15418999612023431401,15800464594757301330,0.21233810001285747,,,batch-f4-linear-null-transfer-20260822-001
F4,X1,X3,f4-linear-null-transfer,10,5,0.048775166556333086,0.645,residual_samples/batch-10-replication-5.csv,null_statistics/batch-10-replication-5.npy,batch-f4-linear-null-transfer,17247542810548494192,8461280124947469390,7267197687659041686,0.21920659998431802,,,batch-f4-linear-null-transfer-20260822-001
F4,X1,X3,f4-linear-null-transfer,10,6,0.04624061827493413,0.82,residual_samples/batch-10-replication-6.csv,null_statistics/batch-10-replication-6.npy,batch-f4-linear-null-transfer,17875558562133092983,1589399416112547912,7163172223215799343,0.20943499999702908,,,batch-f4-linear-null-transfer-20260822-001
F4,X1,X3,f4-linear-null-transfer,10,7,0.045796514047230515,0.85,residual_samples/batch-10-replication-7.csv,null_statistics/batch-10-replication-7.npy,batch-f4-linear-null-transfer,6406225332027796530,14787236342050163818,1629663730073191089,0.2049123999895528,,,batch-f4-linear-null-transfer-20260822-001
F4,X1,X3,f4-linear-null-transfer,10,8,0.04112267419785365,0.93,residual_samples/batch-10-replication-8.csv,null_statistics/batch-10-replication-8.npy,batch-f4-linear-null-transfer,4837357633555610051,6009748424480988722,15059935836259984417,0.21400700000231154,,,batch-f4-linear-null-transfer-20260822-001
F4,X1,X3,f4-linear-null-transfer,10,9,0.05572474453994724,0.375,residual_samples/batch-10-replication-9.csv,null_statistics/batch-10-replication-9.npy,batch-f4-linear-null-transfer,13021205888471366848,5493621131985590270,3959550384474685617,0.20455339999170974,,,batch-f4-linear-null-transfer-20260822-001
F4,X1,X3,f4-linear-null-transfer,11,0,0.06372376462134197,0.13,residual_samples/batch-11-replication-0.csv,null_statistics/batch-11-replication-0.npy,batch-f4-linear-null-transfer,4189368044062942358,3360180062878803569,1085265430842105822,0.20956820002174936,,,batch-f4-linear-null-transfer-20260822-001
F4,X1,X3,f4-linear-null-transfer,11,1,0.05278902018872399,0.505,residual_samples/batch-11-replication-1.csv,null_statistics/batch-11-replication-1.npy,batch-f4-linear-null-transfer,17799606151659984531,5141014768491002563,4007836034543284726,0.2025761999830138,,,batch-f4-linear-null-transfer-20260822-001
F4,X1,X3,f4-linear-null-transfer,11,2,0.0764146776913527,0.075,residual_samples/batch-11-replication-2.csv,null_statistics/batch-11-replication-2.npy,batch-f4-linear-null-transfer,15150067309703699151,3205404945964432294,14031215472971736819,0.20881739998003468,,,batch-f4-linear-null-transfer-20260822-001
F4,X1,X3,f4-linear-null-transfer,11,3,0.05143520689609002,0.58,residual_samples/batch-11-replication-3.csv,null_statistics/batch-11-replication-3.npy,batch-f4-linear-null-transfer,6402354697064513055,16877186264410585336,6052558673949282912,0.21017889998620376,,,batch-f4-linear-null-transfer-20260822-001
F4,X1,X3,f4-linear-null-transfer,11,4,0.053595868872034186,0.505,residual_samples/batch-11-replication-4.csv,null_statistics/batch-11-replication-4.npy,batch-f4-linear-null-transfer,15388208797318112453,16758193112279872980,17675939427767929615,0.20571569999447092,,,batch-f4-linear-null-transfer-20260822-001
F4,X1,X3,f4-linear-null-transfer,11,5,0.09099453500901801,0.01,residual_samples/batch-11-replication-5.csv,null_statistics/batch-11-replication-5.npy,batch-f4-linear-null-transfer,4182346300676455595,8475608113422768402,7826939749364166510,0.20959969999967143,,,batch-f4-linear-null-transfer-20260822-001
F4,X1,X3,f4-linear-null-transfer,11,6,0.048353593961973244,0.695,residual_samples/batch-11-replication-6.csv,null_statistics/batch-11-replication-6.npy,batch-f4-linear-null-transfer,7741301343051814400,3610510221305945656,9507160998430062274,0.20922710001468658,,,batch-f4-linear-null-transfer-20260822-001
F4,X1,X3,f4-linear-null-transfer,11,7,0.05986944526813157,0.215,residual_samples/batch-11-replication-7.csv,null_statistics/batch-11-replication-7.npy,batch-f4-linear-null-transfer,17589414189474871826,3167759253826818395,10389062255836782654,0.20476890000281855,,,batch-f4-linear-null-transfer-20260822-001
F4,X1,X3,f4-linear-null-transfer,11,8,0.05062139379536123,0.6,residual_samples/batch-11-replication-8.csv,null_statistics/batch-11-replication-8.npy,batch-f4-linear-null-transfer,10943317176735939862,13956012291558919457,3462599101266108939,0.20663050000439398,,,batch-f4-linear-null-transfer-20260822-001
F4,X1,X3,f4-linear-null-transfer,11,9,0.054528946865352555,0.465,residual_samples/batch-11-replication-9.csv,null_statistics/batch-11-replication-9.npy,batch-f4-linear-null-transfer,10865309145809704391,2347595499735955624,13816390669002049222,0.20680309997987933,,,batch-f4-linear-null-transfer-20260822-001
F4,X1,X3,f4-linear-null-transfer,12,0,0.08489345313742108,0.025,residual_samples/batch-12-replication-0.csv,null_statistics/batch-12-replication-0.npy,batch-f4-linear-null-transfer,4374073667691991063,1529048585170991398,11829619885320003678,0.20789669998339377,,,batch-f4-linear-null-transfer-20260822-001
F4,X1,X3,f4-linear-null-transfer,12,1,0.06587937269975831,0.185,residual_samples/batch-12-replication-1.csv,null_statistics/batch-12-replication-1.npy,batch-f4-linear-null-transfer,11888677392707976973,5869419207866153147,13942159124738030837,0.20451529999263585,,,batch-f4-linear-null-transfer-20260822-001
F4,X1,X3,f4-linear-null-transfer,12,2,0.05576469765890554,0.42,residual_samples/batch-12-replication-2.csv,null_statistics/batch-12-replication-2.npy,batch-f4-linear-null-transfer,10846640203282517606,8528024622611891326,12556495854840061059,0.20484180000494234,,,batch-f4-linear-null-transfer-20260822-001
F4,X1,X3,f4-linear-null-transfer,12,3,0.0500358312089349,0.665,residual_samples/batch-12-replication-3.csv,null_statistics/batch-12-replication-3.npy,batch-f4-linear-null-transfer,3220149517353253909,1280473476197561814,13779412425321392048,0.20987849999801256,,,batch-f4-linear-null-transfer-20260822-001
F4,X1,X3,f4-linear-null-transfer,12,4,0.09120904450800155,0.02,residual_samples/batch-12-replication-4.csv,null_statistics/batch-12-replication-4.npy,batch-f4-linear-null-transfer,13870400126211990092,10754797415414205821,17842689178193208450,0.20706210000207648,,,batch-f4-linear-null-transfer-20260822-001
F4,X1,X3,f4-linear-null-transfer,12,5,0.05647491447682842,0.35,residual_samples/batch-12-replication-5.csv,null_statistics/batch-12-replication-5.npy,batch-f4-linear-null-transfer,9241407763742210279,10785313839851861173,8628365943968164043,0.20547620000434108,,,batch-f4-linear-null-transfer-20260822-001
F4,X1,X3,f4-linear-null-transfer,12,6,0.04609571974369676,0.8,residual_samples/batch-12-replication-6.csv,null_statistics/batch-12-replication-6.npy,batch-f4-linear-null-transfer,349530396767682737,14898595544302527406,2510350044391698031,0.20511589999659918,,,batch-f4-linear-null-transfer-20260822-001
F4,X1,X3,f4-linear-null-transfer,12,7,0.07374052140415517,0.075,residual_samples/batch-12-replication-7.csv,null_statistics/batch-12-replication-7.npy,batch-f4-linear-null-transfer,2685267377847308399,7838749708760428692,2828710751459565660,0.20491659999242984,,,batch-f4-linear-null-transfer-20260822-001
F4,X1,X3,f4-linear-null-transfer,12,8,0.06598201105978832,0.125,residual_samples/batch-12-replication-8.csv,null_statistics/batch-12-replication-8.npy,batch-f4-linear-null-transfer,3076510175316261101,7279925551489083941,7499045736599152338,0.21801380001124926,,,batch-f4-linear-null-transfer-20260822-001
F4,X1,X3,f4-linear-null-transfer,12,9,0.0544621840576267,0.425,residual_samples/batch-12-replication-9.csv,null_statistics/batch-12-replication-9.npy,batch-f4-linear-null-transfer,9083329377408501180,1269938106297965676,13055471464364506760,0.21782610000809655,,,batch-f4-linear-null-transfer-20260822-001
F4,X1,X3,f4-linear-null-transfer,13,0,0.05221242238610898,0.55,residual_samples/batch-13-replication-0.csv,null_statistics/batch-13-replication-0.npy,batch-f4-linear-null-transfer,10605922322415699265,17761934048899404824,12759204543844434271,0.2169603000220377,,,batch-f4-linear-null-transfer-20260822-001
F4,X1,X3,f4-linear-null-transfer,13,1,0.07525258412114583,0.045,residual_samples/batch-13-replication-1.csv,null_statistics/batch-13-replication-1.npy,batch-f4-linear-null-transfer,3160318554676932782,11482867338247381199,10703205459307104205,0.21371919999364763,,,batch-f4-linear-null-transfer-20260822-001
F4,X1,X3,f4-linear-null-transfer,13,2,0.05421909503317498,0.49,residual_samples/batch-13-replication-2.csv,null_statistics/batch-13-replication-2.npy,batch-f4-linear-null-transfer,8700639648043660117,15869447212687634203,12499505046070498051,0.23593530000653118,,,batch-f4-linear-null-transfer-20260822-001
F4,X1,X3,f4-linear-null-transfer,13,3,0.057511887894630444,0.335,residual_samples/batch-13-replication-3.csv,null_statistics/batch-13-replication-3.npy,batch-f4-linear-null-transfer,1991017195178586833,17899069757509188279,1658480943783686267,0.21779619998415,,,batch-f4-linear-null-transfer-20260822-001
F4,X1,X3,f4-linear-null-transfer,13,4,0.05219141331052854,0.49,residual_samples/batch-13-replication-4.csv,null_statistics/batch-13-replication-4.npy,batch-f4-linear-null-transfer,18175914798838801841,10203986450521029314,17991734138910444391,0.23422749998280779,,,batch-f4-linear-null-transfer-20260822-001
F4,X1,X3,f4-linear-null-transfer,13,5,0.05817936444452092,0.345,residual_samples/batch-13-replication-5.csv,null_statistics/batch-13-replication-5.npy,batch-f4-linear-null-transfer,144370531656540491,84158360479383331,14267986714373197273,0.2289419999870006,,,batch-f4-linear-null-transfer-20260822-001
F4,X1,X3,f4-linear-null-transfer,13,6,0.04769229430159315,0.705,residual_samples/batch-13-replication-6.csv,null_statistics/batch-13-replication-6.npy,batch-f4-linear-null-transfer,12967022528280062775,16640193189382687597,4201646694509334726,0.23719670000718907,,,batch-f4-linear-null-transfer-20260822-001
F4,X1,X3,f4-linear-null-transfer,13,7,0.06023966087048673,0.265,residual_samples/batch-13-replication-7.csv,null_statistics/batch-13-replication-7.npy,batch-f4-linear-null-transfer,2745264723523269491,11757399957663221596,12264479152648078918,0.24393560001044534,,,batch-f4-linear-null-transfer-20260822-001
F4,X1,X3,f4-linear-null-transfer,13,8,0.051502206905431405,0.51,residual_samples/batch-13-replication-8.csv,null_statistics/batch-13-replication-8.npy,batch-f4-linear-null-transfer,17350443182260233948,16421413211880932358,1160820992137576385,0.25863850000314415,,,batch-f4-linear-null-transfer-20260822-001
F4,X1,X3,f4-linear-null-transfer,13,9,0.06722084515189654,0.15,residual_samples/batch-13-replication-9.csv,null_statistics/batch-13-replication-9.npy,batch-f4-linear-null-transfer,7276805914815953127,9364991284152768524,8605283580729616586,0.225993500003824,,,batch-f4-linear-null-transfer-20260822-001
F4,X1,X3,f4-linear-null-transfer,14,0,0.050034137709729996,0.61,residual_samples/batch-14-replication-0.csv,null_statistics/batch-14-replication-0.npy,batch-f4-linear-null-transfer,8914328731883306246,15058203765253365271,497524385886660949,0.23613850001129322,,,batch-f4-linear-null-transfer-20260822-001
F4,X1,X3,f4-linear-null-transfer,14,1,0.052959522814624425,0.515,residual_samples/batch-14-replication-1.csv,null_statistics/batch-14-replication-1.npy,batch-f4-linear-null-transfer,7793329041602205632,17896846450723750668,13468701898070735679,0.21421750000445172,,,batch-f4-linear-null-transfer-20260822-001
F4,X1,X3,f4-linear-null-transfer,14,2,0.045546960300520696,0.815,residual_samples/batch-14-replication-2.csv,null_statistics/batch-14-replication-2.npy,batch-f4-linear-null-transfer,16222628075804587741,7897528937691716333,13643716147035830701,0.23604550000163727,,,batch-f4-linear-null-transfer-20260822-001
F4,X1,X3,f4-linear-null-transfer,14,3,0.05131441064466534,0.525,residual_samples/batch-14-replication-3.csv,null_statistics/batch-14-replication-3.npy,batch-f4-linear-null-transfer,8307394990172854087,7028202851889943293,18207457118839186324,0.2204605000151787,,,batch-f4-linear-null-transfer-20260822-001
F4,X1,X3,f4-linear-null-transfer,14,4,0.05347373571084821,0.5,residual_samples/batch-14-replication-4.csv,null_statistics/batch-14-replication-4.npy,batch-f4-linear-null-transfer,447652425884807770,5303567415623415219,6432403507694886014,0.2280439999885857,,,batch-f4-linear-null-transfer-20260822-001
F4,X1,X3,f4-linear-null-transfer,14,5,0.04483492616778611,0.86,residual_samples/batch-14-replication-5.csv,null_statistics/batch-14-replication-5.npy,batch-f4-linear-null-transfer,11126066329404340497,4769067685740998823,10353432170040030758,0.222787899983814,,,batch-f4-linear-null-transfer-20260822-001
F4,X1,X3,f4-linear-null-transfer,14,6,0.04009653179334299,0.975,residual_samples/batch-14-replication-6.csv,null_statistics/batch-14-replication-6.npy,batch-f4-linear-null-transfer,6937168813970135831,5443514600410501122,17317372718038304048,0.21360460002324544,,,batch-f4-linear-null-transfer-20260822-001
F4,X1,X3,f4-linear-null-transfer,14,7,0.0746786115924897,0.065,residual_samples/batch-14-replication-7.csv,null_statistics/batch-14-replication-7.npy,batch-f4-linear-null-transfer,13291125656715049669,2989638040959421651,18241766518724793703,0.2233678000047803,,,batch-f4-linear-null-transfer-20260822-001
F4,X1,X3,f4-linear-null-transfer,14,8,0.06490463382469448,0.21,residual_samples/batch-14-replication-8.csv,null_statistics/batch-14-replication-8.npy,batch-f4-linear-null-transfer,3962689167231039222,14373101267507372401,17542927676499221235,0.22140879998914897,,,batch-f4-linear-null-transfer-20260822-001
F4,X1,X3,f4-linear-null-transfer,14,9,0.05003083595206837,0.635,residual_samples/batch-14-replication-9.csv,null_statistics/batch-14-replication-9.npy,batch-f4-linear-null-transfer,6032751770810933644,2824320088957373933,10635970161870575380,0.23009040000033565,,,batch-f4-linear-null-transfer-20260822-001
F4,X1,X3,f4-linear-null-transfer,15,0,0.074542646017254,0.08,residual_samples/batch-15-replication-0.csv,null_statistics/batch-15-replication-0.npy,batch-f4-linear-null-transfer,10657192080845696104,8093022172961828636,6330374534975941530,0.21757880001678132,,,batch-f4-linear-null-transfer-20260822-001
F4,X1,X3,f4-linear-null-transfer,15,1,0.05732829042397286,0.39,residual_samples/batch-15-replication-1.csv,null_statistics/batch-15-replication-1.npy,batch-f4-linear-null-transfer,4224594304774314053,2792005273510199572,6426759734075640376,0.2324477000220213,,,batch-f4-linear-null-transfer-20260822-001
F4,X1,X3,f4-linear-null-transfer,15,2,0.044495799033386706,0.895,residual_samples/batch-15-replication-2.csv,null_statistics/batch-15-replication-2.npy,batch-f4-linear-null-transfer,16567798571778085965,5595679941927781272,254706199079381149,0.21973359998082742,,,batch-f4-linear-null-transfer-20260822-001
F4,X1,X3,f4-linear-null-transfer,15,3,0.05191621960940818,0.575,residual_samples/batch-15-replication-3.csv,null_statistics/batch-15-replication-3.npy,batch-f4-linear-null-transfer,1442643002243629017,5029351913981616652,13294013814717712945,0.22017889999551699,,,batch-f4-linear-null-transfer-20260822-001
F4,X1,X3,f4-linear-null-transfer,15,4,0.05818037973761692,0.265,residual_samples/batch-15-replication-4.csv,null_statistics/batch-15-replication-4.npy,batch-f4-linear-null-transfer,12075210186251981074,9015594064545153814,10836836631823350584,0.2228099000058137,,,batch-f4-linear-null-transfer-20260822-001
F4,X1,X3,f4-linear-null-transfer,15,5,0.051876238417223344,0.505,residual_samples/batch-15-replication-5.csv,null_statistics/batch-15-replication-5.npy,batch-f4-linear-null-transfer,12756686916337119317,11334174233319947732,5150515488736659144,0.21901529998285696,,,batch-f4-linear-null-transfer-20260822-001
F4,X1,X3,f4-linear-null-transfer,15,6,0.05536598755792674,0.45,residual_samples/batch-15-replication-6.csv,null_statistics/batch-15-replication-6.npy,batch-f4-linear-null-transfer,2030234536804097951,17271185945334446696,12051363790943061922,0.23346109999693,,,batch-f4-linear-null-transfer-20260822-001
F4,X1,X3,f4-linear-null-transfer,15,7,0.06209102458411764,0.265,residual_samples/batch-15-replication-7.csv,null_statistics/batch-15-replication-7.npy,batch-f4-linear-null-transfer,8126416550697266426,13968323390691204102,7233990160800474771,0.21423509999294765,,,batch-f4-linear-null-transfer-20260822-001
F4,X1,X3,f4-linear-null-transfer,15,8,0.04699316041027037,0.78,residual_samples/batch-15-replication-8.csv,null_statistics/batch-15-replication-8.npy,batch-f4-linear-null-transfer,2572448558131911573,10140917409992075918,6558619893868867463,0.24136210000142455,,,batch-f4-linear-null-transfer-20260822-001
F4,X1,X3,f4-linear-null-transfer,15,9,0.0781006134040403,0.085,residual_samples/batch-15-replication-9.csv,null_statistics/batch-15-replication-9.npy,batch-f4-linear-null-transfer,1199782913404004603,16640085653427400672,4417294618595542290,0.24244960001669824,,,batch-f4-linear-null-transfer-20260822-001
F4,X1,X3,f4-linear-null-transfer,16,0,0.06286285924097693,0.195,residual_samples/batch-16-replication-0.csv,null_statistics/batch-16-replication-0.npy,batch-f4-linear-null-transfer,1848214960683194766,17963886051838341695,15709159412407925945,0.25662639999063686,,,batch-f4-linear-null-transfer-20260822-001
F4,X1,X3,f4-linear-null-transfer,16,1,0.07292075213519217,0.075,residual_samples/batch-16-replication-1.csv,null_statistics/batch-16-replication-1.npy,batch-f4-linear-null-transfer,340408831776578537,5737494975756458526,1223281014727306214,0.24434930001734756,,,batch-f4-linear-null-transfer-20260822-001
F4,X1,X3,f4-linear-null-transfer,16,2,0.04222688280204746,0.94,residual_samples/batch-16-replication-2.csv,null_statistics/batch-16-replication-2.npy,batch-f4-linear-null-transfer,13249729602509026340,1793545615639803443,10575137348240700342,0.23785869998391718,,,batch-f4-linear-null-transfer-20260822-001
F4,X1,X3,f4-linear-null-transfer,16,3,0.052796472605460006,0.575,residual_samples/batch-16-replication-3.csv,null_statistics/batch-16-replication-3.npy,batch-f4-linear-null-transfer,17531109393352455327,15743426540728920338,15825623636872302696,0.23270740002044477,,,batch-f4-linear-null-transfer-20260822-001
F4,X1,X3,f4-linear-null-transfer,16,4,0.04877602920989386,0.64,residual_samples/batch-16-replication-4.csv,null_statistics/batch-16-replication-4.npy,batch-f4-linear-null-transfer,4803738453942593873,12199655225543289087,16306855452010097202,0.2417573000129778,,,batch-f4-linear-null-transfer-20260822-001
F4,X1,X3,f4-linear-null-transfer,16,5,0.053635643520951286,0.525,residual_samples/batch-16-replication-5.csv,null_statistics/batch-16-replication-5.npy,batch-f4-linear-null-transfer,6030915854344503173,12249795432191216553,9641880121135671236,0.23938519999501295,,,batch-f4-linear-null-transfer-20260822-001
F4,X1,X3,f4-linear-null-transfer,16,6,0.05862593334194178,0.34,residual_samples/batch-16-replication-6.csv,null_statistics/batch-16-replication-6.npy,batch-f4-linear-null-transfer,3120427769914811091,16480518077423030893,3204326004790355225,0.22898340001120232,,,batch-f4-linear-null-transfer-20260822-001
F4,X1,X3,f4-linear-null-transfer,16,7,0.0526016891685385,0.47,residual_samples/batch-16-replication-7.csv,null_statistics/batch-16-replication-7.npy,batch-f4-linear-null-transfer,4861547355327889820,11045518146929128232,18188566340264972409,0.22225439999601804,,,batch-f4-linear-null-transfer-20260822-001
F4,X1,X3,f4-linear-null-transfer,16,8,0.05216311746381268,0.5,residual_samples/batch-16-replication-8.csv,null_statistics/batch-16-replication-8.npy,batch-f4-linear-null-transfer,16534855090252064365,2684364729803176121,7608778157631806327,0.2310725999996066,,,batch-f4-linear-null-transfer-20260822-001
F4,X1,X3,f4-linear-null-transfer,16,9,0.057752979629536245,0.35,residual_samples/batch-16-replication-9.csv,null_statistics/batch-16-replication-9.npy,batch-f4-linear-null-transfer,9097631383028481387,3475113106640670178,3068117447834941889,0.2554803999955766,,,batch-f4-linear-null-transfer-20260822-001
F4,X1,X3,f4-linear-null-transfer,17,0,0.05692323980482786,0.35,residual_samples/batch-17-replication-0.csv,null_statistics/batch-17-replication-0.npy,batch-f4-linear-null-transfer,895745294061546828,1216287907475974072,1627283005608896422,0.23225150001235306,,,batch-f4-linear-null-transfer-20260822-001
F4,X1,X3,f4-linear-null-transfer,17,1,0.0430116658708988,0.95,residual_samples/batch-17-replication-1.csv,null_statistics/batch-17-replication-1.npy,batch-f4-linear-null-transfer,5948076366368444440,5995807408811352754,3879319543236123392,0.2335730000049807,,,batch-f4-linear-null-transfer-20260822-001
F4,X1,X3,f4-linear-null-transfer,17,2,0.06324836450954024,0.16,residual_samples/batch-17-replication-2.csv,null_statistics/batch-17-replication-2.npy,batch-f4-linear-null-transfer,450616262320139743,9078770401039425023,17280792058644861351,0.23156300000846386,,,batch-f4-linear-null-transfer-20260822-001
F4,X1,X3,f4-linear-null-transfer,17,3,0.04923293481697218,0.71,residual_samples/batch-17-replication-3.csv,null_statistics/batch-17-replication-3.npy,batch-f4-linear-null-transfer,13778070176425375122,17139677739114505234,9412772671687667633,0.27270770000177436,,,batch-f4-linear-null-transfer-20260822-001
F4,X1,X3,f4-linear-null-transfer,17,4,0.061170939249278564,0.28,residual_samples/batch-17-replication-4.csv,null_statistics/batch-17-replication-4.npy,batch-f4-linear-null-transfer,6214075717024777274,1918438979350072153,12507694537189891114,0.2373170999926515,,,batch-f4-linear-null-transfer-20260822-001
F4,X1,X3,f4-linear-null-transfer,17,5,0.09291676376892717,0.005,residual_samples/batch-17-replication-5.csv,null_statistics/batch-17-replication-5.npy,batch-f4-linear-null-transfer,1523034139836731643,1594462648178628806,9935824062550738520,0.2567861000134144,,,batch-f4-linear-null-transfer-20260822-001
F4,X1,X3,f4-linear-null-transfer,17,6,0.04498130704011727,0.845,residual_samples/batch-17-replication-6.csv,null_statistics/batch-17-replication-6.npy,batch-f4-linear-null-transfer,3628325547697430959,16391744120790454618,11208966689987015662,0.2701944000145886,,,batch-f4-linear-null-transfer-20260822-001
F4,X1,X3,f4-linear-null-transfer,17,7,0.0485518282108538,0.62,residual_samples/batch-17-replication-7.csv,null_statistics/batch-17-replication-7.npy,batch-f4-linear-null-transfer,7807859555849163037,3646976034517335416,5028712336153843508,0.2891175000113435,,,batch-f4-linear-null-transfer-20260822-001
F4,X1,X3,f4-linear-null-transfer,17,8,0.10630079605424156,0.005,residual_samples/batch-17-replication-8.csv,null_statistics/batch-17-replication-8.npy,batch-f4-linear-null-transfer,16296016912415133592,10857067635455455386,12497795757116344454,0.2382565000152681,,,batch-f4-linear-null-transfer-20260822-001
F4,X1,X3,f4-linear-null-transfer,17,9,0.05934321939146694,0.36,residual_samples/batch-17-replication-9.csv,null_statistics/batch-17-replication-9.npy,batch-f4-linear-null-transfer,1709724180632250799,16177789171256477031,11548341998869980229,0.2315091000054963,,,batch-f4-linear-null-transfer-20260822-001
F4,X1,X3,f4-linear-null-transfer,18,0,0.062418206931443676,0.19,residual_samples/batch-18-replication-0.csv,null_statistics/batch-18-replication-0.npy,batch-f4-linear-null-transfer,15016258162100207253,17782894587478916195,5204549273369432853,0.22126789999310859,,,batch-f4-linear-null-transfer-20260822-001
F4,X1,X3,f4-linear-null-transfer,18,1,0.063182369678348,0.26,residual_samples/batch-18-replication-1.csv,null_statistics/batch-18-replication-1.npy,batch-f4-linear-null-transfer,6342077916785200100,9953740986611451397,7253559713019950899,0.23215279998839833,,,batch-f4-linear-null-transfer-20260822-001
F4,X1,X3,f4-linear-null-transfer,18,2,0.04727811997409294,0.785,residual_samples/batch-18-replication-2.csv,null_statistics/batch-18-replication-2.npy,batch-f4-linear-null-transfer,380678720218677856,7623611392585981659,16587930186815590442,0.22217140000429936,,,batch-f4-linear-null-transfer-20260822-001
F4,X1,X3,f4-linear-null-transfer,18,3,0.07613541272059715,0.06,residual_samples/batch-18-replication-3.csv,null_statistics/batch-18-replication-3.npy,batch-f4-linear-null-transfer,13975049508897557002,14923777709544805988,15296220617140393149,0.2604492999962531,,,batch-f4-linear-null-transfer-20260822-001
F4,X1,X3,f4-linear-null-transfer,18,4,0.04810566274370092,0.795,residual_samples/batch-18-replication-4.csv,null_statistics/batch-18-replication-4.npy,batch-f4-linear-null-transfer,7806690420663775168,16034335750097790626,6355055871528377130,0.21830880001652986,,,batch-f4-linear-null-transfer-20260822-001
F4,X1,X3,f4-linear-null-transfer,18,5,0.04820572968632311,0.645,residual_samples/batch-18-replication-5.csv,null_statistics/batch-18-replication-5.npy,batch-f4-linear-null-transfer,10836188547020543824,15878555481197399752,13749179648420516608,0.24671130001661368,,,batch-f4-linear-null-transfer-20260822-001
F4,X1,X3,f4-linear-null-transfer,18,6,0.10328600231675954,0.005,residual_samples/batch-18-replication-6.csv,null_statistics/batch-18-replication-6.npy,batch-f4-linear-null-transfer,8862426336807767278,11314843835064776834,10023073643668158704,0.24852930000633933,,,batch-f4-linear-null-transfer-20260822-001
F4,X1,X3,f4-linear-null-transfer,18,7,0.04896133200319755,0.71,residual_samples/batch-18-replication-7.csv,null_statistics/batch-18-replication-7.npy,batch-f4-linear-null-transfer,7390381237578128383,39737145764994309,5292310163115696200,0.2891832999885082,,,batch-f4-linear-null-transfer-20260822-001
F4,X1,X3,f4-linear-null-transfer,18,8,0.059615155714710495,0.245,residual_samples/batch-18-replication-8.csv,null_statistics/batch-18-replication-8.npy,batch-f4-linear-null-transfer,10629990764989192389,11168574761232610079,103468270947379242,0.28083789997617714,,,batch-f4-linear-null-transfer-20260822-001
F4,X1,X3,f4-linear-null-transfer,18,9,0.04284394841903726,0.93,residual_samples/batch-18-replication-9.csv,null_statistics/batch-18-replication-9.npy,batch-f4-linear-null-transfer,4812345755716758573,2611838142139287069,7508393453248443583,0.2683741000073496,,,batch-f4-linear-null-transfer-20260822-001
F4,X1,X3,f4-linear-null-transfer,19,0,0.061668741922441116,0.26,residual_samples/batch-19-replication-0.csv,null_statistics/batch-19-replication-0.npy,batch-f4-linear-null-transfer,7592157973483792743,11057483989456580772,5906300798926698547,0.2380438999971375,,,batch-f4-linear-null-transfer-20260822-001
F4,X1,X3,f4-linear-null-transfer,19,1,0.04694334924787767,0.8,residual_samples/batch-19-replication-1.csv,null_statistics/batch-19-replication-1.npy,batch-f4-linear-null-transfer,1956710791189938407,3885122371934214540,9104186052687092802,0.22373820000211708,,,batch-f4-linear-null-transfer-20260822-001
F4,X1,X3,f4-linear-null-transfer,19,2,0.0614622676207739,0.235,residual_samples/batch-19-replication-2.csv,null_statistics/batch-19-replication-2.npy,batch-f4-linear-null-transfer,6689643771594951920,6070249664837256327,2691725667608694467,0.2359289999876637,,,batch-f4-linear-null-transfer-20260822-001
F4,X1,X3,f4-linear-null-transfer,19,3,0.041888721407700474,0.93,residual_samples/batch-19-replication-3.csv,null_statistics/batch-19-replication-3.npy,batch-f4-linear-null-transfer,11297223383164647303,4282624053673652339,1544387934152846628,0.25142819999018684,,,batch-f4-linear-null-transfer-20260822-001
F4,X1,X3,f4-linear-null-transfer,19,4,0.047938848575140136,0.74,residual_samples/batch-19-replication-4.csv,null_statistics/batch-19-replication-4.npy,batch-f4-linear-null-transfer,6416427912985458638,12400978864225397833,1451510716320729431,0.25634449999779463,,,batch-f4-linear-null-transfer-20260822-001
F4,X1,X3,f4-linear-null-transfer,19,5,0.05378409001756736,0.465,residual_samples/batch-19-replication-5.csv,null_statistics/batch-19-replication-5.npy,batch-f4-linear-null-transfer,18082286275412757070,15860140136856451742,6445658584743994384,0.2694556000060402,,,batch-f4-linear-null-transfer-20260822-001
F4,X1,X3,f4-linear-null-transfer,19,6,0.038083813875980393,0.98,residual_samples/batch-19-replication-6.csv,null_statistics/batch-19-replication-6.npy,batch-f4-linear-null-transfer,10729235703008575252,1770916474578890511,16115404676806246798,0.20949629999813624,,,batch-f4-linear-null-transfer-20260822-001
F4,X1,X3,f4-linear-null-transfer,19,7,0.06029525797053389,0.225,residual_samples/batch-19-replication-7.csv,null_statistics/batch-19-replication-7.npy,batch-f4-linear-null-transfer,1548111532362337011,9537412495731799820,5660491045145648388,0.24240099999587983,,,batch-f4-linear-null-transfer-20260822-001
F4,X1,X3,f4-linear-null-transfer,19,8,0.047900253511064896,0.75,residual_samples/batch-19-replication-8.csv,null_statistics/batch-19-replication-8.npy,batch-f4-linear-null-transfer,17882746108444491157,13202919190516690212,7982160619472438960,0.2282233999867458,,,batch-f4-linear-null-transfer-20260822-001
F4,X1,X3,f4-linear-null-transfer,19,9,0.05058241637551361,0.62,residual_samples/batch-19-replication-9.csv,null_statistics/batch-19-replication-9.npy,batch-f4-linear-null-transfer,7588501624650495280,2662377343977718659,7754815523044306914,0.22690579999471083,,,batch-f4-linear-null-transfer-20260822-001
F4,X1,X3,f4-linear-null-transfer,20,0,0.04495867143176055,0.86,residual_samples/batch-20-replication-0.csv,null_statistics/batch-20-replication-0.npy,batch-f4-linear-null-transfer,8938568684683286265,10171736174702046300,14133251791905255813,0.25014719998580404,,,batch-f4-linear-null-transfer-20260822-001
F4,X1,X3,f4-linear-null-transfer,20,1,0.042938271716204235,0.92,residual_samples/batch-20-replication-1.csv,null_statistics/batch-20-replication-1.npy,batch-f4-linear-null-transfer,2795732277108295805,15363574878968978537,1939662323474478956,0.22441389999585226,,,batch-f4-linear-null-transfer-20260822-001
F4,X1,X3,f4-linear-null-transfer,20,2,0.05626725637395452,0.37,residual_samples/batch-20-replication-2.csv,null_statistics/batch-20-replication-2.npy,batch-f4-linear-null-transfer,15160964205437423260,15937112666184417800,6818438314577658831,0.2249281999829691,,,batch-f4-linear-null-transfer-20260822-001
F4,X1,X3,f4-linear-null-transfer,20,3,0.05818090968652117,0.365,residual_samples/batch-20-replication-3.csv,null_statistics/batch-20-replication-3.npy,batch-f4-linear-null-transfer,2362341963708812646,498907073192665171,11656433590268724810,0.20481779999681748,,,batch-f4-linear-null-transfer-20260822-001
F4,X1,X3,f4-linear-null-transfer,20,4,0.04175179213295753,0.915,residual_samples/batch-20-replication-4.csv,null_statistics/batch-20-replication-4.npy,batch-f4-linear-null-transfer,18218710403001085919,18333287977856674329,4295669366400528919,0.20589289997587912,,,batch-f4-linear-null-transfer-20260822-001
F4,X1,X3,f4-linear-null-transfer,20,5,0.0471388624802127,0.705,residual_samples/batch-20-replication-5.csv,null_statistics/batch-20-replication-5.npy,batch-f4-linear-null-transfer,3261427673672908525,5927088343752538670,2852217083499059330,0.2104879999824334,,,batch-f4-linear-null-transfer-20260822-001
F4,X1,X3,f4-linear-null-transfer,20,6,0.04642510647527654,0.78,residual_samples/batch-20-replication-6.csv,null_statistics/batch-20-replication-6.npy,batch-f4-linear-null-transfer,6977043693890141404,11468117172561734387,4078416631216230730,0.2173952000157442,,,batch-f4-linear-null-transfer-20260822-001
F4,X1,X3,f4-linear-null-transfer,20,7,0.054556307663159505,0.495,residual_samples/batch-20-replication-7.csv,null_statistics/batch-20-replication-7.npy,batch-f4-linear-null-transfer,9549652091478718860,3221172931198153506,14380279827474234467,0.20040980001795106,,,batch-f4-linear-null-transfer-20260822-001
F4,X1,X3,f4-linear-null-transfer,20,8,0.04883290488373309,0.675,residual_samples/batch-20-replication-8.csv,null_statistics/batch-20-replication-8.npy,batch-f4-linear-null-transfer,12539197568888268019,7411507506471078162,12792456893112053750,0.20263620000332594,,,batch-f4-linear-null-transfer-20260822-001
F4,X1,X3,f4-linear-null-transfer,20,9,0.05731040367310514,0.39,residual_samples/batch-20-replication-9.csv,null_statistics/batch-20-replication-9.npy,batch-f4-linear-null-transfer,8968774693318670904,5808627858515544677,12731751592519112191,0.21671139998943545,,,batch-f4-linear-null-transfer-20260822-001
F4,X1,X3,f4-linear-null-transfer,21,0,0.05065131204274356,0.585,residual_samples/batch-21-replication-0.csv,null_statistics/batch-21-replication-0.npy,batch-f4-linear-null-transfer,11050365011157964073,2808885716986768818,14471422966515918561,0.220453300018562,,,batch-f4-linear-null-transfer-20260822-001
F4,X1,X3,f4-linear-null-transfer,21,1,0.0538916070270917,0.54,residual_samples/batch-21-replication-1.csv,null_statistics/batch-21-replication-1.npy,batch-f4-linear-null-transfer,12194925961614656443,1371141177128107508,3420546953695152431,0.23383589999866672,,,batch-f4-linear-null-transfer-20260822-001
F4,X1,X3,f4-linear-null-transfer,21,2,0.05430128803214736,0.445,residual_samples/batch-21-replication-2.csv,null_statistics/batch-21-replication-2.npy,batch-f4-linear-null-transfer,6518219394917288703,455917498005241139,10050067855842463480,0.2045592999784276,,,batch-f4-linear-null-transfer-20260822-001
F4,X1,X3,f4-linear-null-transfer,21,3,0.04907773559057033,0.64,residual_samples/batch-21-replication-3.csv,null_statistics/batch-21-replication-3.npy,batch-f4-linear-null-transfer,16235153816029319618,3788974458612397734,8972405252945971907,0.1988839999830816,,,batch-f4-linear-null-transfer-20260822-001
F4,X1,X3,f4-linear-null-transfer,21,4,0.044932989099421505,0.89,residual_samples/batch-21-replication-4.csv,null_statistics/batch-21-replication-4.npy,batch-f4-linear-null-transfer,2895771833003746153,11998993317216772019,8845949974217762392,0.19855790000292473,,,batch-f4-linear-null-transfer-20260822-001
F4,X1,X3,f4-linear-null-transfer,21,5,0.05364985697470564,0.465,residual_samples/batch-21-replication-5.csv,null_statistics/batch-21-replication-5.npy,batch-f4-linear-null-transfer,5734691285471918368,17989140672202259500,5666644177424650334,0.1996058999793604,,,batch-f4-linear-null-transfer-20260822-001
F4,X1,X3,f4-linear-null-transfer,21,6,0.06586118921072481,0.13,residual_samples/batch-21-replication-6.csv,null_statistics/batch-21-replication-6.npy,batch-f4-linear-null-transfer,5869496999472225537,12254865782451408767,14481860790863860718,0.20110510001541115,,,batch-f4-linear-null-transfer-20260822-001
F4,X1,X3,f4-linear-null-transfer,21,7,0.06674565556692469,0.105,residual_samples/batch-21-replication-7.csv,null_statistics/batch-21-replication-7.npy,batch-f4-linear-null-transfer,7680915408679393564,838247040284748998,5329830806749626101,0.19863319999421947,,,batch-f4-linear-null-transfer-20260822-001
F4,X1,X3,f4-linear-null-transfer,21,8,0.0460583369529179,0.825,residual_samples/batch-21-replication-8.csv,null_statistics/batch-21-replication-8.npy,batch-f4-linear-null-transfer,8667934402143893149,15172850460251465298,8927785933877767177,0.20178660002420656,,,batch-f4-linear-null-transfer-20260822-001
F4,X1,X3,f4-linear-null-transfer,21,9,0.061888993479166196,0.23,residual_samples/batch-21-replication-9.csv,null_statistics/batch-21-replication-9.npy,batch-f4-linear-null-transfer,7458073141311572152,12845622364220779757,14517512776005623051,0.20103379999636672,,,batch-f4-linear-null-transfer-20260822-001
F4,X1,X3,f4-linear-null-transfer,22,0,0.043345610754509115,0.88,residual_samples/batch-22-replication-0.csv,null_statistics/batch-22-replication-0.npy,batch-f4-linear-null-transfer,5295151856745961612,9809742483759527939,8642727223103370969,0.1989498999901116,,,batch-f4-linear-null-transfer-20260822-001
F4,X1,X3,f4-linear-null-transfer,22,1,0.05150932554074894,0.525,residual_samples/batch-22-replication-1.csv,null_statistics/batch-22-replication-1.npy,batch-f4-linear-null-transfer,13861061250374756553,1998477045158967334,5093246888772573888,0.1997335999913048,,,batch-f4-linear-null-transfer-20260822-001
F4,X1,X3,f4-linear-null-transfer,22,2,0.04565413774304758,0.825,residual_samples/batch-22-replication-2.csv,null_statistics/batch-22-replication-2.npy,batch-f4-linear-null-transfer,3824359309427791810,7350213390703146349,1458860666581868669,0.19465780002065003,,,batch-f4-linear-null-transfer-20260822-001
F4,X1,X3,f4-linear-null-transfer,22,3,0.051739383351309995,0.58,residual_samples/batch-22-replication-3.csv,null_statistics/batch-22-replication-3.npy,batch-f4-linear-null-transfer,7673990315148494926,11570418191984372216,16404814391976859848,0.1928466999961529,,,batch-f4-linear-null-transfer-20260822-001
F4,X1,X3,f4-linear-null-transfer,22,4,0.059999932164463386,0.34,residual_samples/batch-22-replication-4.csv,null_statistics/batch-22-replication-4.npy,batch-f4-linear-null-transfer,1236448167385336690,7089405124259551667,3599230766785140453,0.19637649998185225,,,batch-f4-linear-null-transfer-20260822-001
F4,X1,X3,f4-linear-null-transfer,22,5,0.046200540192401496,0.8,residual_samples/batch-22-replication-5.csv,null_statistics/batch-22-replication-5.npy,batch-f4-linear-null-transfer,6179795319654301707,13451399159690670579,15018428373567290356,0.1964919000165537,,,batch-f4-linear-null-transfer-20260822-001
F4,X1,X3,f4-linear-null-transfer,22,6,0.07054242462607971,0.13,residual_samples/batch-22-replication-6.csv,null_statistics/batch-22-replication-6.npy,batch-f4-linear-null-transfer,11404919440369776633,15207984077121652359,4596802909647328483,0.19753650002530776,,,batch-f4-linear-null-transfer-20260822-001
F4,X1,X3,f4-linear-null-transfer,22,7,0.0481956232414076,0.725,residual_samples/batch-22-replication-7.csv,null_statistics/batch-22-replication-7.npy,batch-f4-linear-null-transfer,12076927425714503877,6141324542620254299,5829449282320712382,0.19496729999082163,,,batch-f4-linear-null-transfer-20260822-001
F4,X1,X3,f4-linear-null-transfer,22,8,0.058859558568525795,0.335,residual_samples/batch-22-replication-8.csv,null_statistics/batch-22-replication-8.npy,batch-f4-linear-null-transfer,3815640710171005985,11427202935047156992,13005910143332979636,0.19399060000432655,,,batch-f4-linear-null-transfer-20260822-001
F4,X1,X3,f4-linear-null-transfer,22,9,0.06449524854524019,0.175,residual_samples/batch-22-replication-9.csv,null_statistics/batch-22-replication-9.npy,batch-f4-linear-null-transfer,304038163112224737,12237252386852467293,737719668897110297,0.1947490999882575,,,batch-f4-linear-null-transfer-20260822-001
F4,X1,X3,f4-linear-null-transfer,23,0,0.06057301236887586,0.25,residual_samples/batch-23-replication-0.csv,null_statistics/batch-23-replication-0.npy,batch-f4-linear-null-transfer,5790371977304665855,17877110245357621110,9167366967480608656,0.1927383999864105,,,batch-f4-linear-null-transfer-20260822-001
F4,X1,X3,f4-linear-null-transfer,23,1,0.05718121923385247,0.375,residual_samples/batch-23-replication-1.csv,null_statistics/batch-23-replication-1.npy,batch-f4-linear-null-transfer,13375134780691516576,17381541828643414327,9443456111982289374,0.19298359999083914,,,batch-f4-linear-null-transfer-20260822-001
F4,X1,X3,f4-linear-null-transfer,23,2,0.05475643308638246,0.385,residual_samples/batch-23-replication-2.csv,null_statistics/batch-23-replication-2.npy,batch-f4-linear-null-transfer,313391222406094822,18295092727805943966,13948996807288637446,0.20119249998242594,,,batch-f4-linear-null-transfer-20260822-001
F4,X1,X3,f4-linear-null-transfer,23,3,0.05749886623894616,0.345,residual_samples/batch-23-replication-3.csv,null_statistics/batch-23-replication-3.npy,batch-f4-linear-null-transfer,2072883962657482689,4698960763288982606,1106902070996751625,0.20745960000203922,,,batch-f4-linear-null-transfer-20260822-001
F4,X1,X3,f4-linear-null-transfer,23,4,0.05015143129165989,0.61,residual_samples/batch-23-replication-4.csv,null_statistics/batch-23-replication-4.npy,batch-f4-linear-null-transfer,13821301894675052689,838270343348868641,17660276184786183975,0.20287919999100268,,,batch-f4-linear-null-transfer-20260822-001
F4,X1,X3,f4-linear-null-transfer,23,5,0.04611245271249832,0.745,residual_samples/batch-23-replication-5.csv,null_statistics/batch-23-replication-5.npy,batch-f4-linear-null-transfer,11808427628500475586,13008170390655179088,8855654367160971079,0.20621040000696667,,,batch-f4-linear-null-transfer-20260822-001
F4,X1,X3,f4-linear-null-transfer,23,6,0.05475803765187628,0.42,residual_samples/batch-23-replication-6.csv,null_statistics/batch-23-replication-6.npy,batch-f4-linear-null-transfer,10846704225653854234,13190639999107701415,3789733937331322124,0.19706440001027659,,,batch-f4-linear-null-transfer-20260822-001
F4,X1,X3,f4-linear-null-transfer,23,7,0.04421918681169079,0.89,residual_samples/batch-23-replication-7.csv,null_statistics/batch-23-replication-7.npy,batch-f4-linear-null-transfer,9951572172684352711,1813832701516371665,12054831013908894187,0.196127900009742,,,batch-f4-linear-null-transfer-20260822-001
F4,X1,X3,f4-linear-null-transfer,23,8,0.0663341212338599,0.125,residual_samples/batch-23-replication-8.csv,null_statistics/batch-23-replication-8.npy,batch-f4-linear-null-transfer,10161158760652171361,16018329557623244586,292226662370793501,0.19615439997869544,,,batch-f4-linear-null-transfer-20260822-001
F4,X1,X3,f4-linear-null-transfer,23,9,0.057994256453645754,0.36,residual_samples/batch-23-replication-9.csv,null_statistics/batch-23-replication-9.npy,batch-f4-linear-null-transfer,9781652052257705774,18103009968167804147,2108577348048427661,0.1971717999840621,,,batch-f4-linear-null-transfer-20260822-001
F4,X1,X3,f4-linear-null-transfer,24,0,0.0490788369237044,0.585,residual_samples/batch-24-replication-0.csv,null_statistics/batch-24-replication-0.npy,batch-f4-linear-null-transfer,8093571758891342107,3042085893516559229,404530215814294370,0.19498340002610348,,,batch-f4-linear-null-transfer-20260822-001
F4,X1,X3,f4-linear-null-transfer,24,1,0.0703732860563347,0.08,residual_samples/batch-24-replication-1.csv,null_statistics/batch-24-replication-1.npy,batch-f4-linear-null-transfer,44858036120379410,4334740696885151720,11016180908555592007,0.19465780002065003,,,batch-f4-linear-null-transfer-20260822-001
F4,X1,X3,f4-linear-null-transfer,24,2,0.078575170514068,0.06,residual_samples/batch-24-replication-2.csv,null_statistics/batch-24-replication-2.npy,batch-f4-linear-null-transfer,6344946427309615528,7195014940627480122,8642582523568831268,0.19947809999575838,,,batch-f4-linear-null-transfer-20260822-001
F4,X1,X3,f4-linear-null-transfer,24,3,0.060520790170577064,0.265,residual_samples/batch-24-replication-3.csv,null_statistics/batch-24-replication-3.npy,batch-f4-linear-null-transfer,3763507862045703992,2370924389075595606,8431836424145215087,0.1949730000051204,,,batch-f4-linear-null-transfer-20260822-001
F4,X1,X3,f4-linear-null-transfer,24,4,0.0497234291483503,0.675,residual_samples/batch-24-replication-4.csv,null_statistics/batch-24-replication-4.npy,batch-f4-linear-null-transfer,3912954624109340103,1230976423788501936,16583081439415001023,0.19387630000710487,,,batch-f4-linear-null-transfer-20260822-001
F4,X1,X3,f4-linear-null-transfer,24,5,0.048210503726759855,0.71,residual_samples/batch-24-replication-5.csv,null_statistics/batch-24-replication-5.npy,batch-f4-linear-null-transfer,1764381692464460604,11290635029511899930,8718936161576033372,0.19478540000272915,,,batch-f4-linear-null-transfer-20260822-001
F4,X1,X3,f4-linear-null-transfer,24,6,0.05061390965842929,0.64,residual_samples/batch-24-replication-6.csv,null_statistics/batch-24-replication-6.npy,batch-f4-linear-null-transfer,1857774610541161655,13068500995271720351,5486434520148424471,0.1934311000222806,,,batch-f4-linear-null-transfer-20260822-001
F4,X1,X3,f4-linear-null-transfer,24,7,0.0718613422748201,0.08,residual_samples/batch-24-replication-7.csv,null_statistics/batch-24-replication-7.npy,batch-f4-linear-null-transfer,1078042878391563745,14003062519651754520,17576515202567322314,0.19296770001528785,,,batch-f4-linear-null-transfer-20260822-001
F4,X1,X3,f4-linear-null-transfer,24,8,0.07246157795492494,0.105,residual_samples/batch-24-replication-8.csv,null_statistics/batch-24-replication-8.npy,batch-f4-linear-null-transfer,12590357202612507441,9294870697568748955,2396998618397702857,0.19482539998716675,,,batch-f4-linear-null-transfer-20260822-001
F4,X1,X3,f4-linear-null-transfer,24,9,0.04426441350930137,0.85,residual_samples/batch-24-replication-9.csv,null_statistics/batch-24-replication-9.npy,batch-f4-linear-null-transfer,12988519888125343690,8227670786020940344,1697412810147259028,0.19408600000315346,,,batch-f4-linear-null-transfer-20260822-001
F4,X1,X3,f4-linear-null-transfer,25,0,0.058298114408325594,0.37,residual_samples/batch-25-replication-0.csv,null_statistics/batch-25-replication-0.npy,batch-f4-linear-null-transfer,1312191447163214046,16041252008515074425,9426963773547056460,0.19370099998195656,,,batch-f4-linear-null-transfer-20260822-001
F4,X1,X3,f4-linear-null-transfer,25,1,0.05850625432528219,0.35,residual_samples/batch-25-replication-1.csv,null_statistics/batch-25-replication-1.npy,batch-f4-linear-null-transfer,3608211375865362783,9118377331338781404,15948596775846969226,0.19387230000575073,,,batch-f4-linear-null-transfer-20260822-001
F4,X1,X3,f4-linear-null-transfer,25,2,0.07142030233373997,0.085,residual_samples/batch-25-replication-2.csv,null_statistics/batch-25-replication-2.npy,batch-f4-linear-null-transfer,7870210231612648974,16790078366996880428,13169334964919387850,0.19249529999797232,,,batch-f4-linear-null-transfer-20260822-001
F4,X1,X3,f4-linear-null-transfer,25,3,0.06998458596749409,0.105,residual_samples/batch-25-replication-3.csv,null_statistics/batch-25-replication-3.npy,batch-f4-linear-null-transfer,15111944892066831961,5452062328731721463,11695671308337434033,0.19463450001785532,,,batch-f4-linear-null-transfer-20260822-001
F4,X1,X3,f4-linear-null-transfer,25,4,0.05849272569367161,0.365,residual_samples/batch-25-replication-4.csv,null_statistics/batch-25-replication-4.npy,batch-f4-linear-null-transfer,6269561320994917221,9158393457377149755,473155897347331337,0.1942474000097718,,,batch-f4-linear-null-transfer-20260822-001
F4,X1,X3,f4-linear-null-transfer,25,5,0.06655539551550087,0.13,residual_samples/batch-25-replication-5.csv,null_statistics/batch-25-replication-5.npy,batch-f4-linear-null-transfer,5593443367481900180,17614089877363327657,14555315202425652840,0.19618470000568777,,,batch-f4-linear-null-transfer-20260822-001
F4,X1,X3,f4-linear-null-transfer,25,6,0.057716751291100134,0.265,residual_samples/batch-25-replication-6.csv,null_statistics/batch-25-replication-6.npy,batch-f4-linear-null-transfer,13461222671188129486,8419144977368220882,5797037551594977336,0.19109810001100414,,,batch-f4-linear-null-transfer-20260822-001
F4,X1,X3,f4-linear-null-transfer,25,7,0.0656940895952445,0.12,residual_samples/batch-25-replication-7.csv,null_statistics/batch-25-replication-7.npy,batch-f4-linear-null-transfer,14404705676123194339,3292772047645564439,10321957724439170392,0.19348689998150803,,,batch-f4-linear-null-transfer-20260822-001
F4,X1,X3,f4-linear-null-transfer,25,8,0.048565198629286405,0.685,residual_samples/batch-25-replication-8.csv,null_statistics/batch-25-replication-8.npy,batch-f4-linear-null-transfer,7238662365439173755,12570831229398800271,16009940901456834642,0.19583159999456257,,,batch-f4-linear-null-transfer-20260822-001
F4,X1,X3,f4-linear-null-transfer,25,9,0.044024322456025444,0.875,residual_samples/batch-25-replication-9.csv,null_statistics/batch-25-replication-9.npy,batch-f4-linear-null-transfer,16402458679954957511,140236008899360883,2920336069816210308,0.1959674000099767,,,batch-f4-linear-null-transfer-20260822-001
F4,X1,X3,f4-linear-null-transfer,26,0,0.07523658146493158,0.04,residual_samples/batch-26-replication-0.csv,null_statistics/batch-26-replication-0.npy,batch-f4-linear-null-transfer,2691444631895260884,5969376596511785217,10021144893366420841,0.19328379997750744,,,batch-f4-linear-null-transfer-20260822-001
F4,X1,X3,f4-linear-null-transfer,26,1,0.06908344247159375,0.12,residual_samples/batch-26-replication-1.csv,null_statistics/batch-26-replication-1.npy,batch-f4-linear-null-transfer,10394627914570315017,9882846322908808453,3840329242516660742,0.1954427000018768,,,batch-f4-linear-null-transfer-20260822-001
F4,X1,X3,f4-linear-null-transfer,26,2,0.05621494335326378,0.36,residual_samples/batch-26-replication-2.csv,null_statistics/batch-26-replication-2.npy,batch-f4-linear-null-transfer,9847240049138732152,7940397533373513309,4440706382267472127,0.19434069999260828,,,batch-f4-linear-null-transfer-20260822-001
F4,X1,X3,f4-linear-null-transfer,26,3,0.051699525080709886,0.525,residual_samples/batch-26-replication-3.csv,null_statistics/batch-26-replication-3.npy,batch-f4-linear-null-transfer,6290262042435998155,4895203573946651998,10837208564138793590,0.19417820000671782,,,batch-f4-linear-null-transfer-20260822-001
F4,X1,X3,f4-linear-null-transfer,26,4,0.05683644161412075,0.375,residual_samples/batch-26-replication-4.csv,null_statistics/batch-26-replication-4.npy,batch-f4-linear-null-transfer,15028094495258409225,12185406457463307893,1976401439689392652,0.19333650000044145,,,batch-f4-linear-null-transfer-20260822-001
F4,X1,X3,f4-linear-null-transfer,26,5,0.06163200612476775,0.2,residual_samples/batch-26-replication-5.csv,null_statistics/batch-26-replication-5.npy,batch-f4-linear-null-transfer,4160755617111127233,13624568584976334685,12766688692927412283,0.19332669998402707,,,batch-f4-linear-null-transfer-20260822-001
F4,X1,X3,f4-linear-null-transfer,26,6,0.037362814151352855,0.995,residual_samples/batch-26-replication-6.csv,null_statistics/batch-26-replication-6.npy,batch-f4-linear-null-transfer,78933122183701677,7241391030289022741,954743548338488817,0.19350190000841394,,,batch-f4-linear-null-transfer-20260822-001
F4,X1,X3,f4-linear-null-transfer,26,7,0.06885509897719713,0.135,residual_samples/batch-26-replication-7.csv,null_statistics/batch-26-replication-7.npy,batch-f4-linear-null-transfer,4862611137261774159,7190230916919778616,6291613417513842090,0.19383860001107678,,,batch-f4-linear-null-transfer-20260822-001
F4,X1,X3,f4-linear-null-transfer,26,8,0.04806415385604056,0.69,residual_samples/batch-26-replication-8.csv,null_statistics/batch-26-replication-8.npy,batch-f4-linear-null-transfer,12054379819795964140,14312734682246015774,4549704799140597033,0.19278450001729652,,,batch-f4-linear-null-transfer-20260822-001
F4,X1,X3,f4-linear-null-transfer,26,9,0.07646461720327118,0.045,residual_samples/batch-26-replication-9.csv,null_statistics/batch-26-replication-9.npy,batch-f4-linear-null-transfer,12790017403801220204,7101753667501434834,7586426882071699143,0.19358560000546277,,,batch-f4-linear-null-transfer-20260822-001
F4,X1,X3,f4-linear-null-transfer,27,0,0.06504841084418826,0.21,residual_samples/batch-27-replication-0.csv,null_statistics/batch-27-replication-0.npy,batch-f4-linear-null-transfer,12154371817728750536,17166930943230426903,11114183867185679915,0.19431629998143762,,,batch-f4-linear-null-transfer-20260822-001
F4,X1,X3,f4-linear-null-transfer,27,1,0.052897416759239986,0.48,residual_samples/batch-27-replication-1.csv,null_statistics/batch-27-replication-1.npy,batch-f4-linear-null-transfer,10237209677604016393,4912887244270119961,16550598268116802260,0.1923850000021048,,,batch-f4-linear-null-transfer-20260822-001
F4,X1,X3,f4-linear-null-transfer,27,2,0.04690232787874739,0.755,residual_samples/batch-27-replication-2.csv,null_statistics/batch-27-replication-2.npy,batch-f4-linear-null-transfer,17314962281798482623,7210341060738036214,15568621322633369538,0.19163350001326762,,,batch-f4-linear-null-transfer-20260822-001
F4,X1,X3,f4-linear-null-transfer,27,3,0.04919133104277571,0.705,residual_samples/batch-27-replication-3.csv,null_statistics/batch-27-replication-3.npy,batch-f4-linear-null-transfer,6166389679027880760,15624732555075610241,11297254454622411840,0.1932571000070311,,,batch-f4-linear-null-transfer-20260822-001
F4,X1,X3,f4-linear-null-transfer,27,4,0.056118537138093325,0.335,residual_samples/batch-27-replication-4.csv,null_statistics/batch-27-replication-4.npy,batch-f4-linear-null-transfer,12542484339997853279,14838730874384830900,5773165683347191308,0.19311280001420528,,,batch-f4-linear-null-transfer-20260822-001
F4,X1,X3,f4-linear-null-transfer,27,5,0.09817409798992452,0.01,residual_samples/batch-27-replication-5.csv,null_statistics/batch-27-replication-5.npy,batch-f4-linear-null-transfer,8975324817088685699,7462354407404246184,12259452824233832628,0.19503410000470467,,,batch-f4-linear-null-transfer-20260822-001
F4,X1,X3,f4-linear-null-transfer,27,6,0.05186703898001943,0.515,residual_samples/batch-27-replication-6.csv,null_statistics/batch-27-replication-6.npy,batch-f4-linear-null-transfer,5699458949347171681,327194232664089674,17709567948254896932,0.1929113999940455,,,batch-f4-linear-null-transfer-20260822-001
F4,X1,X3,f4-linear-null-transfer,27,7,0.07048669603375474,0.07,residual_samples/batch-27-replication-7.csv,null_statistics/batch-27-replication-7.npy,batch-f4-linear-null-transfer,490034019578584389,15728529003401310204,2720011634518217689,0.19498940001358278,,,batch-f4-linear-null-transfer-20260822-001
F4,X1,X3,f4-linear-null-transfer,27,8,0.05194989473884263,0.535,residual_samples/batch-27-replication-8.csv,null_statistics/batch-27-replication-8.npy,batch-f4-linear-null-transfer,16179636843252450230,8175703837992925532,10460890324348620048,0.1913566000002902,,,batch-f4-linear-null-transfer-20260822-001
F4,X1,X3,f4-linear-null-transfer,27,9,0.053266119416686734,0.535,residual_samples/batch-27-replication-9.csv,null_statistics/batch-27-replication-9.npy,batch-f4-linear-null-transfer,3922864738929728031,11453907002133772414,17438587365909584050,0.19574379999539815,,,batch-f4-linear-null-transfer-20260822-001
F4,X1,X3,f4-linear-null-transfer,28,0,0.04834607628608139,0.73,residual_samples/batch-28-replication-0.csv,null_statistics/batch-28-replication-0.npy,batch-f4-linear-null-transfer,1647613691338938986,2222697997854729392,18421958664316643225,0.196861300006276,,,batch-f4-linear-null-transfer-20260822-001
F4,X1,X3,f4-linear-null-transfer,28,1,0.07695524874876439,0.05,residual_samples/batch-28-replication-1.csv,null_statistics/batch-28-replication-1.npy,batch-f4-linear-null-transfer,5978894892244363260,1104616476295717397,5825351465061569797,0.19379570000455715,,,batch-f4-linear-null-transfer-20260822-001
F4,X1,X3,f4-linear-null-transfer,28,2,0.045296838226337566,0.84,residual_samples/batch-28-replication-2.csv,null_statistics/batch-28-replication-2.npy,batch-f4-linear-null-transfer,12374023438606884826,14557011586997607100,3983983954696221997,0.19510180002544075,,,batch-f4-linear-null-transfer-20260822-001
F4,X1,X3,f4-linear-null-transfer,28,3,0.0803226056749027,0.055,residual_samples/batch-28-replication-3.csv,null_statistics/batch-28-replication-3.npy,batch-f4-linear-null-transfer,11296890807095751222,15042187534784694909,976786462308976933,0.197043800028041,,,batch-f4-linear-null-transfer-20260822-001
F4,X1,X3,f4-linear-null-transfer,28,4,0.05855212606405956,0.315,residual_samples/batch-28-replication-4.csv,null_statistics/batch-28-replication-4.npy,batch-f4-linear-null-transfer,15205537218818671891,13888886721707823919,6470852471940249313,0.1931845999788493,,,batch-f4-linear-null-transfer-20260822-001
F4,X1,X3,f4-linear-null-transfer,28,5,0.04765179757908009,0.69,residual_samples/batch-28-replication-5.csv,null_statistics/batch-28-replication-5.npy,batch-f4-linear-null-transfer,9785063806065957513,13143803681343088085,4746612522144839946,0.19372940002358519,,,batch-f4-linear-null-transfer-20260822-001
F4,X1,X3,f4-linear-null-transfer,28,6,0.0608729742631934,0.305,residual_samples/batch-28-replication-6.csv,null_statistics/batch-28-replication-6.npy,batch-f4-linear-null-transfer,6661035289055426436,12180115208479419992,16753809527421788206,0.19497109999065287,,,batch-f4-linear-null-transfer-20260822-001
F4,X1,X3,f4-linear-null-transfer,28,7,0.058845638883351,0.285,residual_samples/batch-28-replication-7.csv,null_statistics/batch-28-replication-7.npy,batch-f4-linear-null-transfer,6653883478602578654,14007209453233293497,13879304735216893473,0.19755090001854114,,,batch-f4-linear-null-transfer-20260822-001
F4,X1,X3,f4-linear-null-transfer,28,8,0.0527184477978777,0.485,residual_samples/batch-28-replication-8.csv,null_statistics/batch-28-replication-8.npy,batch-f4-linear-null-transfer,11695047459014637971,13698800268031488376,18178986983977314263,0.19567169999936596,,,batch-f4-linear-null-transfer-20260822-001
F4,X1,X3,f4-linear-null-transfer,28,9,0.052319922619468925,0.545,residual_samples/batch-28-replication-9.csv,null_statistics/batch-28-replication-9.npy,batch-f4-linear-null-transfer,16796254873707544129,10034882664556760990,6883422945000055909,0.20090279998839833,,,batch-f4-linear-null-transfer-20260822-001
F4,X1,X3,f4-linear-null-transfer,29,0,0.054954893335354714,0.455,residual_samples/batch-29-replication-0.csv,null_statistics/batch-29-replication-0.npy,batch-f4-linear-null-transfer,2532825974581119699,749278310963770866,1712991430009216313,0.19593250000616536,,,batch-f4-linear-null-transfer-20260822-001
F4,X1,X3,f4-linear-null-transfer,29,1,0.037288256899730886,1.0,residual_samples/batch-29-replication-1.csv,null_statistics/batch-29-replication-1.npy,batch-f4-linear-null-transfer,4353854299010913611,8488149950663130410,1828406308241735824,0.19157470000209287,,,batch-f4-linear-null-transfer-20260822-001
F4,X1,X3,f4-linear-null-transfer,29,2,0.047703075601695774,0.76,residual_samples/batch-29-replication-2.csv,null_statistics/batch-29-replication-2.npy,batch-f4-linear-null-transfer,9184856470719767457,2289613602337378571,9640588634901153549,0.1952152000158094,,,batch-f4-linear-null-transfer-20260822-001
F4,X1,X3,f4-linear-null-transfer,29,3,0.06530232441159921,0.17,residual_samples/batch-29-replication-3.csv,null_statistics/batch-29-replication-3.npy,batch-f4-linear-null-transfer,2920890936042443716,5717377366544064085,13655239333357740678,0.19431130000157282,,,batch-f4-linear-null-transfer-20260822-001
F4,X1,X3,f4-linear-null-transfer,29,4,0.0550244911892468,0.45,residual_samples/batch-29-replication-4.csv,null_statistics/batch-29-replication-4.npy,batch-f4-linear-null-transfer,5354977027372852447,4310133581060077234,14624019390756922639,0.19495800000731833,,,batch-f4-linear-null-transfer-20260822-001
F4,X1,X3,f4-linear-null-transfer,29,5,0.06797062332835642,0.15,residual_samples/batch-29-replication-5.csv,null_statistics/batch-29-replication-5.npy,batch-f4-linear-null-transfer,1004982352156801297,14867615810914343605,7850836847041992202,0.19379489999846555,,,batch-f4-linear-null-transfer-20260822-001
F4,X1,X3,f4-linear-null-transfer,29,6,0.06077450701969639,0.235,residual_samples/batch-29-replication-6.csv,null_statistics/batch-29-replication-6.npy,batch-f4-linear-null-transfer,11219827128481754638,18249273758445955127,10528557197468937373,0.19122050001169555,,,batch-f4-linear-null-transfer-20260822-001
F4,X1,X3,f4-linear-null-transfer,29,7,0.0493677086054617,0.655,residual_samples/batch-29-replication-7.csv,null_statistics/batch-29-replication-7.npy,batch-f4-linear-null-transfer,13227328144544922219,9052559344383737923,2558139811637770579,0.19290429999819025,,,batch-f4-linear-null-transfer-20260822-001
F4,X1,X3,f4-linear-null-transfer,29,8,0.06532157708677647,0.235,residual_samples/batch-29-replication-8.csv,null_statistics/batch-29-replication-8.npy,batch-f4-linear-null-transfer,16992034456776149315,7533187308037457412,2310688254759735357,0.19912119998480193,,,batch-f4-linear-null-transfer-20260822-001
F4,X1,X3,f4-linear-null-transfer,29,9,0.04612505979478484,0.77,residual_samples/batch-29-replication-9.csv,null_statistics/batch-29-replication-9.npy,batch-f4-linear-null-transfer,12863857275549175826,15094118354617410066,13217157352130885952,0.198771499999566,,,batch-f4-linear-null-transfer-20260822-001
F4,X1,X3,f4-linear-null-transfer,30,0,0.05874795532498812,0.28,residual_samples/batch-30-replication-0.csv,null_statistics/batch-30-replication-0.npy,batch-f4-linear-null-transfer,4253811871434923299,16951491997341876803,317466681129937543,0.19977720000315458,,,batch-f4-linear-null-transfer-20260822-001
F4,X1,X3,f4-linear-null-transfer,30,1,0.057780240116841644,0.375,residual_samples/batch-30-replication-1.csv,null_statistics/batch-30-replication-1.npy,batch-f4-linear-null-transfer,11406920355128232750,3949479263565625721,10342996133171723081,0.19952259998535737,,,batch-f4-linear-null-transfer-20260822-001
F4,X1,X3,f4-linear-null-transfer,30,2,0.05442111855130233,0.415,residual_samples/batch-30-replication-2.csv,null_statistics/batch-30-replication-2.npy,batch-f4-linear-null-transfer,2819987286932028251,12337425714792607609,802876520245310825,0.19780510000418872,,,batch-f4-linear-null-transfer-20260822-001
F4,X1,X3,f4-linear-null-transfer,30,3,0.06273967925864765,0.22,residual_samples/batch-30-replication-3.csv,null_statistics/batch-30-replication-3.npy,batch-f4-linear-null-transfer,12420014463661832412,2406511684520069474,6421079340978608955,0.199953600007575,,,batch-f4-linear-null-transfer-20260822-001
F4,X1,X3,f4-linear-null-transfer,30,4,0.04428128889424085,0.865,residual_samples/batch-30-replication-4.csv,null_statistics/batch-30-replication-4.npy,batch-f4-linear-null-transfer,3548603226883891818,216944722819108984,2386423023519620291,0.1973182999936398,,,batch-f4-linear-null-transfer-20260822-001
F4,X1,X3,f4-linear-null-transfer,30,5,0.053293500006690704,0.485,residual_samples/batch-30-replication-5.csv,null_statistics/batch-30-replication-5.npy,batch-f4-linear-null-transfer,5813674635215363272,2097425620445330064,2852205434776786040,0.19625639999867417,,,batch-f4-linear-null-transfer-20260822-001
F4,X1,X3,f4-linear-null-transfer,30,6,0.04317092392088286,0.945,residual_samples/batch-30-replication-6.csv,null_statistics/batch-30-replication-6.npy,batch-f4-linear-null-transfer,442909539708931133,5518053804699076005,7039076179313306549,0.19926500000292435,,,batch-f4-linear-null-transfer-20260822-001
F4,X1,X3,f4-linear-null-transfer,30,7,0.05638649815468179,0.4,residual_samples/batch-30-replication-7.csv,null_statistics/batch-30-replication-7.npy,batch-f4-linear-null-transfer,11950926429240006909,13909371415815251497,1004930350842519549,0.1982086999923922,,,batch-f4-linear-null-transfer-20260822-001
F4,X1,X3,f4-linear-null-transfer,30,8,0.07992290989862284,0.03,residual_samples/batch-30-replication-8.csv,null_statistics/batch-30-replication-8.npy,batch-f4-linear-null-transfer,9177010785864313282,5262205727939251577,16990312464050626206,0.19479740000679158,,,batch-f4-linear-null-transfer-20260822-001
F4,X1,X3,f4-linear-null-transfer,30,9,0.05325509741379996,0.55,residual_samples/batch-30-replication-9.csv,null_statistics/batch-30-replication-9.npy,batch-f4-linear-null-transfer,15635748017656645128,2649236276979266605,17975276346947266431,0.19610760000068694,,,batch-f4-linear-null-transfer-20260822-001
F4,X1,X3,f4-linear-null-transfer,31,0,0.044545060027467,0.86,residual_samples/batch-31-replication-0.csv,null_statistics/batch-31-replication-0.npy,batch-f4-linear-null-transfer,3806042471599651131,6077401793924799629,9739104902423370887,0.1966149000218138,,,batch-f4-linear-null-transfer-20260822-001
F4,X1,X3,f4-linear-null-transfer,31,1,0.0517122964815939,0.535,residual_samples/batch-31-replication-1.csv,null_statistics/batch-31-replication-1.npy,batch-f4-linear-null-transfer,2538827625609832571,4820479796307023265,4352458650641461977,0.1955141999933403,,,batch-f4-linear-null-transfer-20260822-001
F4,X1,X3,f4-linear-null-transfer,31,2,0.05616759692845137,0.365,residual_samples/batch-31-replication-2.csv,null_statistics/batch-31-replication-2.npy,batch-f4-linear-null-transfer,15200139617879169194,3404156907134553758,255905495340405750,0.19653320001089014,,,batch-f4-linear-null-transfer-20260822-001
F4,X1,X3,f4-linear-null-transfer,31,3,0.044731896521793345,0.86,residual_samples/batch-31-replication-3.csv,null_statistics/batch-31-replication-3.npy,batch-f4-linear-null-transfer,13670288091108882103,4910833827923222005,16657320936133915209,0.192137800011551,,,batch-f4-linear-null-transfer-20260822-001
F4,X1,X3,f4-linear-null-transfer,31,4,0.05215046626547648,0.55,residual_samples/batch-31-replication-4.csv,null_statistics/batch-31-replication-4.npy,batch-f4-linear-null-transfer,16430588252606054734,7866660370721881035,16196915686691465656,0.19204139997600578,,,batch-f4-linear-null-transfer-20260822-001
F4,X1,X3,f4-linear-null-transfer,31,5,0.049447063717116116,0.7,residual_samples/batch-31-replication-5.csv,null_statistics/batch-31-replication-5.npy,batch-f4-linear-null-transfer,15971952360872739415,3258615001859701439,4743701801938388459,0.19644689999404363,,,batch-f4-linear-null-transfer-20260822-001
F4,X1,X3,f4-linear-null-transfer,31,6,0.04255136172893722,0.885,residual_samples/batch-31-replication-6.csv,null_statistics/batch-31-replication-6.npy,batch-f4-linear-null-transfer,10659971719096175279,12900889614745320353,4971872211412088552,0.19561709999106824,,,batch-f4-linear-null-transfer-20260822-001
F4,X1,X3,f4-linear-null-transfer,31,7,0.0529582200703608,0.545,residual_samples/batch-31-replication-7.csv,null_statistics/batch-31-replication-7.npy,batch-f4-linear-null-transfer,5999366689077645552,1628472300821987644,2073697151538624129,0.19516610002028756,,,batch-f4-linear-null-transfer-20260822-001
F4,X1,X3,f4-linear-null-transfer,31,8,0.0534562055203516,0.45,residual_samples/batch-31-replication-8.csv,null_statistics/batch-31-replication-8.npy,batch-f4-linear-null-transfer,9708557469535976869,210647543852917008,3155913666392436794,0.1925436000165064,,,batch-f4-linear-null-transfer-20260822-001
F4,X1,X3,f4-linear-null-transfer,31,9,0.05861273874605684,0.275,residual_samples/batch-31-replication-9.csv,null_statistics/batch-31-replication-9.npy,batch-f4-linear-null-transfer,14095867156088171667,3814244437161051109,16667770486923118998,0.19360369999776594,,,batch-f4-linear-null-transfer-20260822-001
F4,X1,X3,f4-linear-null-transfer,32,0,0.05386624219771373,0.48,residual_samples/batch-32-replication-0.csv,null_statistics/batch-32-replication-0.npy,batch-f4-linear-null-transfer,13340280255563254280,13048682851033576629,357607320741305368,0.19546429999172688,,,batch-f4-linear-null-transfer-20260822-001
F4,X1,X3,f4-linear-null-transfer,32,1,0.04560117739531382,0.795,residual_samples/batch-32-replication-1.csv,null_statistics/batch-32-replication-1.npy,batch-f4-linear-null-transfer,4314104186283186172,5965598178780015207,12215330158685072804,0.19274970001424663,,,batch-f4-linear-null-transfer-20260822-001
F4,X1,X3,f4-linear-null-transfer,32,2,0.05706098837198764,0.345,residual_samples/batch-32-replication-2.csv,null_statistics/batch-32-replication-2.npy,batch-f4-linear-null-transfer,4162839243197569052,9166480734974220229,3413272922586266760,0.19267809999291785,,,batch-f4-linear-null-transfer-20260822-001
F4,X1,X3,f4-linear-null-transfer,32,3,0.048394862564015095,0.685,residual_samples/batch-32-replication-3.csv,null_statistics/batch-32-replication-3.npy,batch-f4-linear-null-transfer,8542938731818536665,13840989224891915915,7536210230413921953,0.19361980000394396,,,batch-f4-linear-null-transfer-20260822-001
F4,X1,X3,f4-linear-null-transfer,32,4,0.057243605862035384,0.34,residual_samples/batch-32-replication-4.csv,null_statistics/batch-32-replication-4.npy,batch-f4-linear-null-transfer,16808969636858938544,16448603915265744740,16549874524021501608,0.1961847999773454,,,batch-f4-linear-null-transfer-20260822-001
F4,X1,X3,f4-linear-null-transfer,32,5,0.0599418371345199,0.285,residual_samples/batch-32-replication-5.csv,null_statistics/batch-32-replication-5.npy,batch-f4-linear-null-transfer,1233310467343001906,6827374834731536706,13327960543733216418,0.197424999991199,,,batch-f4-linear-null-transfer-20260822-001
F4,X1,X3,f4-linear-null-transfer,32,6,0.04019184953094643,0.99,residual_samples/batch-32-replication-6.csv,null_statistics/batch-32-replication-6.npy,batch-f4-linear-null-transfer,16096978521198774971,6725270278608582384,5690188406046828213,0.1956173999933526,,,batch-f4-linear-null-transfer-20260822-001
F4,X1,X3,f4-linear-null-transfer,32,7,0.053089573828784195,0.56,residual_samples/batch-32-replication-7.csv,null_statistics/batch-32-replication-7.npy,batch-f4-linear-null-transfer,9915185306105704249,16330688040495245842,16735944469194790352,0.19510449998779222,,,batch-f4-linear-null-transfer-20260822-001
F4,X1,X3,f4-linear-null-transfer,32,8,0.048913545927896186,0.635,residual_samples/batch-32-replication-8.csv,null_statistics/batch-32-replication-8.npy,batch-f4-linear-null-transfer,3358237859203755390,14240890910544142232,17299604222937401241,0.19217190000927076,,,batch-f4-linear-null-transfer-20260822-001
F4,X1,X3,f4-linear-null-transfer,32,9,0.06759987282854425,0.105,residual_samples/batch-32-replication-9.csv,null_statistics/batch-32-replication-9.npy,batch-f4-linear-null-transfer,15633079573932101375,2924315502471653051,3884891774541300613,0.19186550000449643,,,batch-f4-linear-null-transfer-20260822-001
F4,X1,X3,f4-linear-null-transfer,33,0,0.04396145421018243,0.895,residual_samples/batch-33-replication-0.csv,null_statistics/batch-33-replication-0.npy,batch-f4-linear-null-transfer,14373678667364536320,17889091880795642785,5157656479478084748,0.19648499999311753,,,batch-f4-linear-null-transfer-20260822-001
F4,X1,X3,f4-linear-null-transfer,33,1,0.05154020908860463,0.55,residual_samples/batch-33-replication-1.csv,null_statistics/batch-33-replication-1.npy,batch-f4-linear-null-transfer,1145008622518319609,2260642106433590261,17348643709145226173,0.19509550000657327,,,batch-f4-linear-null-transfer-20260822-001
F4,X1,X3,f4-linear-null-transfer,33,2,0.09242820816912949,0.02,residual_samples/batch-33-replication-2.csv,null_statistics/batch-33-replication-2.npy,batch-f4-linear-null-transfer,13928943361024732959,3492552500961895906,13390575751323537117,0.19248749999678694,,,batch-f4-linear-null-transfer-20260822-001
F4,X1,X3,f4-linear-null-transfer,33,3,0.050955066252965774,0.53,residual_samples/batch-33-replication-3.csv,null_statistics/batch-33-replication-3.npy,batch-f4-linear-null-transfer,15407128214814582184,12707485232197534110,17103938892384825604,0.19025320000946522,,,batch-f4-linear-null-transfer-20260822-001
F4,X1,X3,f4-linear-null-transfer,33,4,0.07943348213177277,0.03,residual_samples/batch-33-replication-4.csv,null_statistics/batch-33-replication-4.npy,batch-f4-linear-null-transfer,2825460964484046830,4126788805688024880,6745897658400744184,0.19178049999754876,,,batch-f4-linear-null-transfer-20260822-001
F4,X1,X3,f4-linear-null-transfer,33,5,0.04465665631281802,0.88,residual_samples/batch-33-replication-5.csv,null_statistics/batch-33-replication-5.npy,batch-f4-linear-null-transfer,14126501830775614123,15840560229198269159,16023728916346836055,0.20604540000203997,,,batch-f4-linear-null-transfer-20260822-001
F4,X1,X3,f4-linear-null-transfer,33,6,0.040439527466227615,0.97,residual_samples/batch-33-replication-6.csv,null_statistics/batch-33-replication-6.npy,batch-f4-linear-null-transfer,8062571766823432333,13426044626799829603,813933414844649349,0.19915359999868087,,,batch-f4-linear-null-transfer-20260822-001
F4,X1,X3,f4-linear-null-transfer,33,7,0.07442059625517004,0.075,residual_samples/batch-33-replication-7.csv,null_statistics/batch-33-replication-7.npy,batch-f4-linear-null-transfer,11751089162391487873,4345812202422746537,17144218563694387613,0.1969946000026539,,,batch-f4-linear-null-transfer-20260822-001
F4,X1,X3,f4-linear-null-transfer,33,8,0.05460696887584972,0.435,residual_samples/batch-33-replication-8.csv,null_statistics/batch-33-replication-8.npy,batch-f4-linear-null-transfer,9806829858427948086,4550807332290456022,4781620064096196611,0.1956458000058774,,,batch-f4-linear-null-transfer-20260822-001
F4,X1,X3,f4-linear-null-transfer,33,9,0.06623419384780581,0.18,residual_samples/batch-33-replication-9.csv,null_statistics/batch-33-replication-9.npy,batch-f4-linear-null-transfer,17669202477837596218,2872392199457770003,15999389753303662801,0.197111000015866,,,batch-f4-linear-null-transfer-20260822-001
F4,X1,X3,f4-linear-null-transfer,34,0,0.046046226004106273,0.76,residual_samples/batch-34-replication-0.csv,null_statistics/batch-34-replication-0.npy,batch-f4-linear-null-transfer,16508182392600693587,10642256570000829708,4348307869323153578,0.19683359999908134,,,batch-f4-linear-null-transfer-20260822-001
F4,X1,X3,f4-linear-null-transfer,34,1,0.06788738359997874,0.15,residual_samples/batch-34-replication-1.csv,null_statistics/batch-34-replication-1.npy,batch-f4-linear-null-transfer,14093645564502495464,6896345830535135175,9918430250443087492,0.19460689998231828,,,batch-f4-linear-null-transfer-20260822-001
F4,X1,X3,f4-linear-null-transfer,34,2,0.05987957164662483,0.28,residual_samples/batch-34-replication-2.csv,null_statistics/batch-34-replication-2.npy,batch-f4-linear-null-transfer,15361573872319205977,4568355074704344808,1981164424448697301,0.19369370001368225,,,batch-f4-linear-null-transfer-20260822-001
F4,X1,X3,f4-linear-null-transfer,34,3,0.058583550432832934,0.24,residual_samples/batch-34-replication-3.csv,null_statistics/batch-34-replication-3.npy,batch-f4-linear-null-transfer,6545342428619319805,8075289072825820691,16650831998424061045,0.192654099984793,,,batch-f4-linear-null-transfer-20260822-001
F4,X1,X3,f4-linear-null-transfer,34,4,0.044661506469708664,0.875,residual_samples/batch-34-replication-4.csv,null_statistics/batch-34-replication-4.npy,batch-f4-linear-null-transfer,10035034254631290750,16853591667721684276,17992336320921333114,0.1953108999878168,,,batch-f4-linear-null-transfer-20260822-001
F4,X1,X3,f4-linear-null-transfer,34,5,0.047561522730786614,0.77,residual_samples/batch-34-replication-5.csv,null_statistics/batch-34-replication-5.npy,batch-f4-linear-null-transfer,1918817847987570851,9410902022423959318,16268010430089954356,0.1899388000019826,,,batch-f4-linear-null-transfer-20260822-001
F4,X1,X3,f4-linear-null-transfer,34,6,0.07748238376788284,0.045,residual_samples/batch-34-replication-6.csv,null_statistics/batch-34-replication-6.npy,batch-f4-linear-null-transfer,14606114871920594619,14893033226409902597,12065070680026246013,0.19286640000063926,,,batch-f4-linear-null-transfer-20260822-001
F4,X1,X3,f4-linear-null-transfer,34,7,0.052859004451372676,0.43,residual_samples/batch-34-replication-7.csv,null_statistics/batch-34-replication-7.npy,batch-f4-linear-null-transfer,2920318115073530429,1330165091661594237,7282414700123466002,0.19331779997446574,,,batch-f4-linear-null-transfer-20260822-001
F4,X1,X3,f4-linear-null-transfer,34,8,0.05607156497035895,0.405,residual_samples/batch-34-replication-8.csv,null_statistics/batch-34-replication-8.npy,batch-f4-linear-null-transfer,10893754205118531588,15918373060460520930,8506530090314578099,0.19031289999838918,,,batch-f4-linear-null-transfer-20260822-001
F4,X1,X3,f4-linear-null-transfer,34,9,0.06704713807794492,0.145,residual_samples/batch-34-replication-9.csv,null_statistics/batch-34-replication-9.npy,batch-f4-linear-null-transfer,9511207391022218189,13854581559656745789,7894488817151745504,0.1887152999988757,,,batch-f4-linear-null-transfer-20260822-001
F4,X1,X3,f4-linear-null-transfer,35,0,0.060179445477963174,0.265,residual_samples/batch-35-replication-0.csv,null_statistics/batch-35-replication-0.npy,batch-f4-linear-null-transfer,11343252744029038894,12613883491179795879,4826435145303957155,0.18958579999161884,,,batch-f4-linear-null-transfer-20260822-001
F4,X1,X3,f4-linear-null-transfer,35,1,0.054231654620401325,0.48,residual_samples/batch-35-replication-1.csv,null_statistics/batch-35-replication-1.npy,batch-f4-linear-null-transfer,13101040671527662852,1266082849806455742,15023854380481802334,0.1896753000037279,,,batch-f4-linear-null-transfer-20260822-001
F4,X1,X3,f4-linear-null-transfer,35,2,0.08237630947573556,0.02,residual_samples/batch-35-replication-2.csv,null_statistics/batch-35-replication-2.npy,batch-f4-linear-null-transfer,1706766006803417055,7634447715101007798,533745237828122600,0.19795920001342893,,,batch-f4-linear-null-transfer-20260822-001
F4,X1,X3,f4-linear-null-transfer,35,3,0.05735872580309084,0.38,residual_samples/batch-35-replication-3.csv,null_statistics/batch-35-replication-3.npy,batch-f4-linear-null-transfer,9045719607401254162,12727674669304026294,11272415345450581565,0.19282810000004247,,,batch-f4-linear-null-transfer-20260822-001
F4,X1,X3,f4-linear-null-transfer,35,4,0.05274422806851306,0.495,residual_samples/batch-35-replication-4.csv,null_statistics/batch-35-replication-4.npy,batch-f4-linear-null-transfer,11074379555283510398,8727135651677356249,1495110761856217054,0.19363700001849793,,,batch-f4-linear-null-transfer-20260822-001
F4,X1,X3,f4-linear-null-transfer,35,5,0.06373659480076184,0.255,residual_samples/batch-35-replication-5.csv,null_statistics/batch-35-replication-5.npy,batch-f4-linear-null-transfer,10703464192172737492,13130347599464018290,10113066691520067657,0.18988080002600327,,,batch-f4-linear-null-transfer-20260822-001
F4,X1,X3,f4-linear-null-transfer,35,6,0.052697640108359894,0.465,residual_samples/batch-35-replication-6.csv,null_statistics/batch-35-replication-6.npy,batch-f4-linear-null-transfer,5435088237383002533,15587294802589417040,17008992597253736427,0.18972880000364967,,,batch-f4-linear-null-transfer-20260822-001
F4,X1,X3,f4-linear-null-transfer,35,7,0.039753068651852456,0.95,residual_samples/batch-35-replication-7.csv,null_statistics/batch-35-replication-7.npy,batch-f4-linear-null-transfer,15959603931303318288,672556144594749847,16701261617432594912,0.19230580001021735,,,batch-f4-linear-null-transfer-20260822-001
F4,X1,X3,f4-linear-null-transfer,35,8,0.061247626600767636,0.275,residual_samples/batch-35-replication-8.csv,null_statistics/batch-35-replication-8.npy,batch-f4-linear-null-transfer,14479128133553220964,10040919421338894000,15547639475508472103,0.190556400018977,,,batch-f4-linear-null-transfer-20260822-001
F4,X1,X3,f4-linear-null-transfer,35,9,0.06623848511310697,0.16,residual_samples/batch-35-replication-9.csv,null_statistics/batch-35-replication-9.npy,batch-f4-linear-null-transfer,12368208791821058745,14481071554296714262,12540876436636922120,0.19317350001074374,,,batch-f4-linear-null-transfer-20260822-001
F4,X1,X3,f4-linear-null-transfer,36,0,0.10569336701791741,0.005,residual_samples/batch-36-replication-0.csv,null_statistics/batch-36-replication-0.npy,batch-f4-linear-null-transfer,12808749319559268044,2360368040504469233,16183601652326030249,0.19089729999541305,,,batch-f4-linear-null-transfer-20260822-001
F4,X1,X3,f4-linear-null-transfer,36,1,0.055828906021160744,0.385,residual_samples/batch-36-replication-1.csv,null_statistics/batch-36-replication-1.npy,batch-f4-linear-null-transfer,3432412723129041975,7881648488568032634,7299472405263238935,0.19509409999591298,,,batch-f4-linear-null-transfer-20260822-001
F4,X1,X3,f4-linear-null-transfer,36,2,0.062221984424959915,0.22,residual_samples/batch-36-replication-2.csv,null_statistics/batch-36-replication-2.npy,batch-f4-linear-null-transfer,10796827161526245316,10156640148134761403,2139668240679447126,0.1970576999883633,,,batch-f4-linear-null-transfer-20260822-001
F4,X1,X3,f4-linear-null-transfer,36,3,0.06057521860896885,0.22,residual_samples/batch-36-replication-3.csv,null_statistics/batch-36-replication-3.npy,batch-f4-linear-null-transfer,15685480384018366597,12090846145767546816,11428071308021224656,0.19458390001091175,,,batch-f4-linear-null-transfer-20260822-001
F4,X1,X3,f4-linear-null-transfer,36,4,0.05891510200815992,0.275,residual_samples/batch-36-replication-4.csv,null_statistics/batch-36-replication-4.npy,batch-f4-linear-null-transfer,6598138717134711887,70413374634164736,17943106614519837726,0.1944734000135213,,,batch-f4-linear-null-transfer-20260822-001
F4,X1,X3,f4-linear-null-transfer,36,5,0.07350099317410749,0.06,residual_samples/batch-36-replication-5.csv,null_statistics/batch-36-replication-5.npy,batch-f4-linear-null-transfer,7810713381496929802,14500675275200503926,16605386287860387225,0.19314040002063848,,,batch-f4-linear-null-transfer-20260822-001
F4,X1,X3,f4-linear-null-transfer,36,6,0.042860821935864664,0.89,residual_samples/batch-36-replication-6.csv,null_statistics/batch-36-replication-6.npy,batch-f4-linear-null-transfer,10213542551232734631,11352200292816225642,9194541445739216503,0.1913469000137411,,,batch-f4-linear-null-transfer-20260822-001
F4,X1,X3,f4-linear-null-transfer,36,7,0.08283476324951496,0.03,residual_samples/batch-36-replication-7.csv,null_statistics/batch-36-replication-7.npy,batch-f4-linear-null-transfer,6345710540864945817,12985608107367171174,2674454129841342289,0.1902997999859508,,,batch-f4-linear-null-transfer-20260822-001
F4,X1,X3,f4-linear-null-transfer,36,8,0.04736220890275278,0.745,residual_samples/batch-36-replication-8.csv,null_statistics/batch-36-replication-8.npy,batch-f4-linear-null-transfer,16664196499933579728,18307997669400193835,8783600428954697072,0.19150420001824386,,,batch-f4-linear-null-transfer-20260822-001
F4,X1,X3,f4-linear-null-transfer,36,9,0.05377308524430492,0.495,residual_samples/batch-36-replication-9.csv,null_statistics/batch-36-replication-9.npy,batch-f4-linear-null-transfer,3349138573039271473,11653982416698600930,7094916333720625097,0.19155550000141375,,,batch-f4-linear-null-transfer-20260822-001
F4,X1,X3,f4-linear-null-transfer,37,0,0.05043722494628696,0.63,residual_samples/batch-37-replication-0.csv,null_statistics/batch-37-replication-0.npy,batch-f4-linear-null-transfer,7221445482307245332,7892754393256760102,10356182190450130204,0.19058779999613762,,,batch-f4-linear-null-transfer-20260822-001
F4,X1,X3,f4-linear-null-transfer,37,1,0.045832899699730624,0.82,residual_samples/batch-37-replication-1.csv,null_statistics/batch-37-replication-1.npy,batch-f4-linear-null-transfer,3448172569096278525,12161758540591585175,13961648394381441238,0.18881610000971705,,,batch-f4-linear-null-transfer-20260822-001
F4,X1,X3,f4-linear-null-transfer,37,2,0.04864648354615756,0.69,residual_samples/batch-37-replication-2.csv,null_statistics/batch-37-replication-2.npy,batch-f4-linear-null-transfer,13819675357030385164,9038710282720796711,13955477118442083128,0.19143720000283793,,,batch-f4-linear-null-transfer-20260822-001
F4,X1,X3,f4-linear-null-transfer,37,3,0.03814211344563823,0.98,residual_samples/batch-37-replication-3.csv,null_statistics/batch-37-replication-3.npy,batch-f4-linear-null-transfer,6746414476304579763,10904247373760801879,9914568593891466251,0.19075229999725707,,,batch-f4-linear-null-transfer-20260822-001
F4,X1,X3,f4-linear-null-transfer,37,4,0.06092017448544746,0.305,residual_samples/batch-37-replication-4.csv,null_statistics/batch-37-replication-4.npy,batch-f4-linear-null-transfer,10121813387927051161,15733388536296104795,3902193447827428914,0.19064459999208339,,,batch-f4-linear-null-transfer-20260822-001
F4,X1,X3,f4-linear-null-transfer,37,5,0.05157138266585517,0.615,residual_samples/batch-37-replication-5.csv,null_statistics/batch-37-replication-5.npy,batch-f4-linear-null-transfer,1403281404916253603,10762114032512949881,12272667842638485066,0.18966869998257607,,,batch-f4-linear-null-transfer-20260822-001
F4,X1,X3,f4-linear-null-transfer,37,6,0.06105603391020513,0.28,residual_samples/batch-37-replication-6.csv,null_statistics/batch-37-replication-6.npy,batch-f4-linear-null-transfer,16906477511538856923,3338989581105554658,2628454072722772365,0.19120900001144037,,,batch-f4-linear-null-transfer-20260822-001
F4,X1,X3,f4-linear-null-transfer,37,7,0.05991984153554325,0.3,residual_samples/batch-37-replication-7.csv,null_statistics/batch-37-replication-7.npy,batch-f4-linear-null-transfer,6520422853251241805,6617995750959379236,13316860616358022564,0.19377060001716018,,,batch-f4-linear-null-transfer-20260822-001
F4,X1,X3,f4-linear-null-transfer,37,8,0.04380894817776164,0.875,residual_samples/batch-37-replication-8.csv,null_statistics/batch-37-replication-8.npy,batch-f4-linear-null-transfer,2686255606997443999,14232716188813542551,18008851838097603934,0.19351099999039434,,,batch-f4-linear-null-transfer-20260822-001
F4,X1,X3,f4-linear-null-transfer,37,9,0.04342337562708487,0.845,residual_samples/batch-37-replication-9.csv,null_statistics/batch-37-replication-9.npy,batch-f4-linear-null-transfer,15604107781470692478,1844616192301458102,5943024643813156617,0.18893939998815767,,,batch-f4-linear-null-transfer-20260822-001
F4,X1,X3,f4-linear-null-transfer,38,0,0.04941555900182137,0.69,residual_samples/batch-38-replication-0.csv,null_statistics/batch-38-replication-0.npy,batch-f4-linear-null-transfer,7395586006749632156,478850437568710433,9299859371738517065,0.1898061000101734,,,batch-f4-linear-null-transfer-20260822-001
F4,X1,X3,f4-linear-null-transfer,38,1,0.057920132384180235,0.315,residual_samples/batch-38-replication-1.csv,null_statistics/batch-38-replication-1.npy,batch-f4-linear-null-transfer,4623853363795454167,1560056068709586851,10540104074269194799,0.19060970001737587,,,batch-f4-linear-null-transfer-20260822-001
F4,X1,X3,f4-linear-null-transfer,38,2,0.06423183038816067,0.13,residual_samples/batch-38-replication-2.csv,null_statistics/batch-38-replication-2.npy,batch-f4-linear-null-transfer,3360087564343470708,1771647988109702419,18045385143397293313,0.1947924999985844,,,batch-f4-linear-null-transfer-20260822-001
F4,X1,X3,f4-linear-null-transfer,38,3,0.052032362800222054,0.53,residual_samples/batch-38-replication-3.csv,null_statistics/batch-38-replication-3.npy,batch-f4-linear-null-transfer,1299749837676844827,15290430714565192982,12495084520386515032,0.19571770000038669,,,batch-f4-linear-null-transfer-20260822-001
F4,X1,X3,f4-linear-null-transfer,38,4,0.05902535760683799,0.28,residual_samples/batch-38-replication-4.csv,null_statistics/batch-38-replication-4.npy,batch-f4-linear-null-transfer,3820254577955301916,1211266620260661146,15890788151412165312,0.1965240999998059,,,batch-f4-linear-null-transfer-20260822-001
F4,X1,X3,f4-linear-null-transfer,38,5,0.04919667242494496,0.705,residual_samples/batch-38-replication-5.csv,null_statistics/batch-38-replication-5.npy,batch-f4-linear-null-transfer,16721636538850591824,3059486106968129127,3390074238077864071,0.19249099999433383,,,batch-f4-linear-null-transfer-20260822-001
F4,X1,X3,f4-linear-null-transfer,38,6,0.06067076637672705,0.27,residual_samples/batch-38-replication-6.csv,null_statistics/batch-38-replication-6.npy,batch-f4-linear-null-transfer,5576263758877846051,895201273009507232,13192670461371404076,0.2057658999983687,,,batch-f4-linear-null-transfer-20260822-001
F4,X1,X3,f4-linear-null-transfer,38,7,0.044299073731483375,0.81,residual_samples/batch-38-replication-7.csv,null_statistics/batch-38-replication-7.npy,batch-f4-linear-null-transfer,9775707522059777018,2946047104296903147,7874570484432098648,0.21547280001686886,,,batch-f4-linear-null-transfer-20260822-001
F4,X1,X3,f4-linear-null-transfer,38,8,0.07138656733615943,0.1,residual_samples/batch-38-replication-8.csv,null_statistics/batch-38-replication-8.npy,batch-f4-linear-null-transfer,2294462160512290828,5161167446523647206,13043689503090339010,0.21900569999706931,,,batch-f4-linear-null-transfer-20260822-001
F4,X1,X3,f4-linear-null-transfer,38,9,0.0403169908097587,0.965,residual_samples/batch-38-replication-9.csv,null_statistics/batch-38-replication-9.npy,batch-f4-linear-null-transfer,8625580894812695585,17127836269636521078,4690844674437443841,0.23798700000043027,,,batch-f4-linear-null-transfer-20260822-001
F4,X1,X3,f4-linear-null-transfer,39,0,0.04864980191012183,0.695,residual_samples/batch-39-replication-0.csv,null_statistics/batch-39-replication-0.npy,batch-f4-linear-null-transfer,11065650408357547378,12094200354055893142,7348153248308858214,0.28059470001608133,,,batch-f4-linear-null-transfer-20260822-001
F4,X1,X3,f4-linear-null-transfer,39,1,0.047560511908998536,0.72,residual_samples/batch-39-replication-1.csv,null_statistics/batch-39-replication-1.npy,batch-f4-linear-null-transfer,8325575093928589114,8995711063752652687,5089387373536819503,0.20784200000343844,,,batch-f4-linear-null-transfer-20260822-001
F4,X1,X3,f4-linear-null-transfer,39,2,0.08080378316677651,0.03,residual_samples/batch-39-replication-2.csv,null_statistics/batch-39-replication-2.npy,batch-f4-linear-null-transfer,5161778384235854883,5371226849594705338,4558609478460871854,0.20399429998360574,,,batch-f4-linear-null-transfer-20260822-001
F4,X1,X3,f4-linear-null-transfer,39,3,0.04782656196868391,0.72,residual_samples/batch-39-replication-3.csv,null_statistics/batch-39-replication-3.npy,batch-f4-linear-null-transfer,14605413355966243225,9488621600372494524,7905787719809782542,0.2000941000005696,,,batch-f4-linear-null-transfer-20260822-001
F4,X1,X3,f4-linear-null-transfer,39,4,0.05668933904598504,0.365,residual_samples/batch-39-replication-4.csv,null_statistics/batch-39-replication-4.npy,batch-f4-linear-null-transfer,2400927452097841635,12471102755617517435,13955884324464682137,0.20509889998356812,,,batch-f4-linear-null-transfer-20260822-001
F4,X1,X3,f4-linear-null-transfer,39,5,0.03856194325386366,0.98,residual_samples/batch-39-replication-5.csv,null_statistics/batch-39-replication-5.npy,batch-f4-linear-null-transfer,7652931189075468589,1686866649589551614,4813413866109574288,0.2102104000223335,,,batch-f4-linear-null-transfer-20260822-001
F4,X1,X3,f4-linear-null-transfer,39,6,0.047405499391993115,0.735,residual_samples/batch-39-replication-6.csv,null_statistics/batch-39-replication-6.npy,batch-f4-linear-null-transfer,401581535291736807,18178416553015303583,17630270705014989104,0.1949453999986872,,,batch-f4-linear-null-transfer-20260822-001
F4,X1,X3,f4-linear-null-transfer,39,7,0.05125913954110897,0.565,residual_samples/batch-39-replication-7.csv,null_statistics/batch-39-replication-7.npy,batch-f4-linear-null-transfer,4411790220614049786,11864342118799407349,14747588950031846044,0.2026035999879241,,,batch-f4-linear-null-transfer-20260822-001
F4,X1,X3,f4-linear-null-transfer,39,8,0.05886539223007702,0.285,residual_samples/batch-39-replication-8.csv,null_statistics/batch-39-replication-8.npy,batch-f4-linear-null-transfer,16441462376119113264,3036362519123406661,422265511285713907,0.19886820000829175,,,batch-f4-linear-null-transfer-20260822-001
F4,X1,X3,f4-linear-null-transfer,39,9,0.0480222897481153,0.715,residual_samples/batch-39-replication-9.csv,null_statistics/batch-39-replication-9.npy,batch-f4-linear-null-transfer,16897637506421817053,16804171150896845196,8993950373832450601,0.1926266999798827,,,batch-f4-linear-null-transfer-20260822-001
F4,X1,X3,f4-linear-null-transfer,40,0,0.04900359280765141,0.655,residual_samples/batch-40-replication-0.csv,null_statistics/batch-40-replication-0.npy,batch-f4-linear-null-transfer,14413033216568658753,13811687567310671830,1725439346597635359,0.22504779999144375,,,batch-f4-linear-null-transfer-20260822-001
F4,X1,X3,f4-linear-null-transfer,40,1,0.05444119313464956,0.495,residual_samples/batch-40-replication-1.csv,null_statistics/batch-40-replication-1.npy,batch-f4-linear-null-transfer,1659446160151985364,16876765436064127204,14264944025911344823,0.21555660001467913,,,batch-f4-linear-null-transfer-20260822-001
F4,X1,X3,f4-linear-null-transfer,40,2,0.06004570889276643,0.27,residual_samples/batch-40-replication-2.csv,null_statistics/batch-40-replication-2.npy,batch-f4-linear-null-transfer,1050784437674659586,9466582816473732320,11688267612230792268,0.2073824999970384,,,batch-f4-linear-null-transfer-20260822-001
F4,X1,X3,f4-linear-null-transfer,40,3,0.04942038813966273,0.545,residual_samples/batch-40-replication-3.csv,null_statistics/batch-40-replication-3.npy,batch-f4-linear-null-transfer,14731334258212202927,11941365857541571358,2878337057710055935,0.20345410000300035,,,batch-f4-linear-null-transfer-20260822-001
F4,X1,X3,f4-linear-null-transfer,40,4,0.03678557461021621,1.0,residual_samples/batch-40-replication-4.csv,null_statistics/batch-40-replication-4.npy,batch-f4-linear-null-transfer,15481978615560892348,12216615102604783040,7145274664411712452,0.20332180001423694,,,batch-f4-linear-null-transfer-20260822-001
F4,X1,X3,f4-linear-null-transfer,40,5,0.05545889298488142,0.405,residual_samples/batch-40-replication-5.csv,null_statistics/batch-40-replication-5.npy,batch-f4-linear-null-transfer,11161810525130600223,5283442306170542979,1281289474153925679,0.20122879999689758,,,batch-f4-linear-null-transfer-20260822-001
F4,X1,X3,f4-linear-null-transfer,40,6,0.062118620183102914,0.26,residual_samples/batch-40-replication-6.csv,null_statistics/batch-40-replication-6.npy,batch-f4-linear-null-transfer,18060785971667338072,7286008206816533437,1544728880963845969,0.21381929999915883,,,batch-f4-linear-null-transfer-20260822-001
F4,X1,X3,f4-linear-null-transfer,40,7,0.05638115662048528,0.36,residual_samples/batch-40-replication-7.csv,null_statistics/batch-40-replication-7.npy,batch-f4-linear-null-transfer,9711493521910360408,12400209963325812845,7247104565780838407,0.20509579998906702,,,batch-f4-linear-null-transfer-20260822-001
F4,X1,X3,f4-linear-null-transfer,40,8,0.0399445113154546,0.95,residual_samples/batch-40-replication-8.csv,null_statistics/batch-40-replication-8.npy,batch-f4-linear-null-transfer,1416189143182677607,17578478862344350589,3835668853376125103,0.2025248999998439,,,batch-f4-linear-null-transfer-20260822-001
F4,X1,X3,f4-linear-null-transfer,40,9,0.08298420417522673,0.025,residual_samples/batch-40-replication-9.csv,null_statistics/batch-40-replication-9.npy,batch-f4-linear-null-transfer,6571124692822939317,12246110593720956066,14720086025005480601,0.2014056000043638,,,batch-f4-linear-null-transfer-20260822-001
F4,X1,X3,f4-linear-null-transfer,41,0,0.051915457833377456,0.595,residual_samples/batch-41-replication-0.csv,null_statistics/batch-41-replication-0.npy,batch-f4-linear-null-transfer,6183811987574174923,12779827817005564360,10727962033663931682,0.20285420000436716,,,batch-f4-linear-null-transfer-20260822-001
F4,X1,X3,f4-linear-null-transfer,41,1,0.050515623872663194,0.595,residual_samples/batch-41-replication-1.csv,null_statistics/batch-41-replication-1.npy,batch-f4-linear-null-transfer,7132538535712463848,16141970579846406240,2154101477063130539,0.20483569998759776,,,batch-f4-linear-null-transfer-20260822-001
F4,X1,X3,f4-linear-null-transfer,41,2,0.05231829448995139,0.5,residual_samples/batch-41-replication-2.csv,null_statistics/batch-41-replication-2.npy,batch-f4-linear-null-transfer,2245812016418768843,12058538623907434918,16929961898768087929,0.2014199999975972,,,batch-f4-linear-null-transfer-20260822-001
F4,X1,X3,f4-linear-null-transfer,41,3,0.042078625834815336,0.885,residual_samples/batch-41-replication-3.csv,null_statistics/batch-41-replication-3.npy,batch-f4-linear-null-transfer,17239778986505307873,16734893902448160915,13105606163175611500,0.20162680000066757,,,batch-f4-linear-null-transfer-20260822-001
F4,X1,X3,f4-linear-null-transfer,41,4,0.054277041479331566,0.415,residual_samples/batch-41-replication-4.csv,null_statistics/batch-41-replication-4.npy,batch-f4-linear-null-transfer,8132553851362149651,14897941616050495886,12431660214234283370,0.1997370999888517,,,batch-f4-linear-null-transfer-20260822-001
F4,X1,X3,f4-linear-null-transfer,41,5,0.05346707746027869,0.525,residual_samples/batch-41-replication-5.csv,null_statistics/batch-41-replication-5.npy,batch-f4-linear-null-transfer,3489962104402158879,9605755105991291307,12775771980940860201,0.2053713999921456,,,batch-f4-linear-null-transfer-20260822-001
F4,X1,X3,f4-linear-null-transfer,41,6,0.0551935674545943,0.395,residual_samples/batch-41-replication-6.csv,null_statistics/batch-41-replication-6.npy,batch-f4-linear-null-transfer,957214331134121425,17435392833410584691,17378566674108306429,0.21178329997928813,,,batch-f4-linear-null-transfer-20260822-001
F4,X1,X3,f4-linear-null-transfer,41,7,0.06977347309232883,0.145,residual_samples/batch-41-replication-7.csv,null_statistics/batch-41-replication-7.npy,batch-f4-linear-null-transfer,9040591320556462274,2980271582629773649,17362119217343136763,0.2104578999860678,,,batch-f4-linear-null-transfer-20260822-001
F4,X1,X3,f4-linear-null-transfer,41,8,0.04762828951909434,0.705,residual_samples/batch-41-replication-8.csv,null_statistics/batch-41-replication-8.npy,batch-f4-linear-null-transfer,10012717865658835647,16908186832105317422,5302176162980149273,0.20774700000765733,,,batch-f4-linear-null-transfer-20260822-001
F4,X1,X3,f4-linear-null-transfer,41,9,0.05262105662607113,0.53,residual_samples/batch-41-replication-9.csv,null_statistics/batch-41-replication-9.npy,batch-f4-linear-null-transfer,14770214414949143005,17716405217596577586,4568503674803571179,0.2059986999956891,,,batch-f4-linear-null-transfer-20260822-001
F4,X1,X3,f4-linear-null-transfer,42,0,0.07165787263268303,0.075,residual_samples/batch-42-replication-0.csv,null_statistics/batch-42-replication-0.npy,batch-f4-linear-null-transfer,2362689679754417412,6459384566706391504,16074754244391171906,0.20963120000669733,,,batch-f4-linear-null-transfer-20260822-001
F4,X1,X3,f4-linear-null-transfer,42,1,0.07377684049605222,0.095,residual_samples/batch-42-replication-1.csv,null_statistics/batch-42-replication-1.npy,batch-f4-linear-null-transfer,14824274049618460426,4216185916502600999,14632981707230255130,0.21711800000048243,,,batch-f4-linear-null-transfer-20260822-001
F4,X1,X3,f4-linear-null-transfer,42,2,0.05341457050420049,0.535,residual_samples/batch-42-replication-2.csv,null_statistics/batch-42-replication-2.npy,batch-f4-linear-null-transfer,16147979291936787644,2866913943880910778,12527301844243727520,0.20257850000052713,,,batch-f4-linear-null-transfer-20260822-001
F4,X1,X3,f4-linear-null-transfer,42,3,0.0492663691707904,0.65,residual_samples/batch-42-replication-3.csv,null_statistics/batch-42-replication-3.npy,batch-f4-linear-null-transfer,3746808701021506189,16885528369536704878,359116277699664746,0.20054009999148548,,,batch-f4-linear-null-transfer-20260822-001
F4,X1,X3,f4-linear-null-transfer,42,4,0.045523719359560705,0.855,residual_samples/batch-42-replication-4.csv,null_statistics/batch-42-replication-4.npy,batch-f4-linear-null-transfer,10280387159798694316,8369139951966833900,10021295408247563075,0.20050070001161657,,,batch-f4-linear-null-transfer-20260822-001
F4,X1,X3,f4-linear-null-transfer,42,5,0.05574900511394367,0.39,residual_samples/batch-42-replication-5.csv,null_statistics/batch-42-replication-5.npy,batch-f4-linear-null-transfer,7842680275455870658,16889258943884754229,14879173140786289607,0.20162710000295192,,,batch-f4-linear-null-transfer-20260822-001
F4,X1,X3,f4-linear-null-transfer,42,6,0.059197515625880784,0.255,residual_samples/batch-42-replication-6.csv,null_statistics/batch-42-replication-6.npy,batch-f4-linear-null-transfer,18298057417664168282,1771254157968556348,8074158912412561896,0.20403200000873767,,,batch-f4-linear-null-transfer-20260822-001
F4,X1,X3,f4-linear-null-transfer,42,7,0.056493604027890255,0.315,residual_samples/batch-42-replication-7.csv,null_statistics/batch-42-replication-7.npy,batch-f4-linear-null-transfer,1150651665692557148,3495190280621975993,5761651936333030062,0.20422149999649264,,,batch-f4-linear-null-transfer-20260822-001
F4,X1,X3,f4-linear-null-transfer,42,8,0.05290833390087328,0.575,residual_samples/batch-42-replication-8.csv,null_statistics/batch-42-replication-8.npy,batch-f4-linear-null-transfer,15698245181376706267,5287033060770835747,16407035041679349821,0.20491599998786114,,,batch-f4-linear-null-transfer-20260822-001
F4,X1,X3,f4-linear-null-transfer,42,9,0.049504317327329614,0.71,residual_samples/batch-42-replication-9.csv,null_statistics/batch-42-replication-9.npy,batch-f4-linear-null-transfer,1261648286321701286,5110925854199906886,16644099040680899859,0.20097639999585226,,,batch-f4-linear-null-transfer-20260822-001
F4,X1,X3,f4-linear-null-transfer,43,0,0.0492862107159227,0.665,residual_samples/batch-43-replication-0.csv,null_statistics/batch-43-replication-0.npy,batch-f4-linear-null-transfer,5421111936541107920,1209414607247608583,5884180139545003231,0.20046710001770407,,,batch-f4-linear-null-transfer-20260822-001
F4,X1,X3,f4-linear-null-transfer,43,1,0.043396309581709105,0.88,residual_samples/batch-43-replication-1.csv,null_statistics/batch-43-replication-1.npy,batch-f4-linear-null-transfer,11844847641292436635,13549843895068411524,18153954297589478797,0.20408710002084263,,,batch-f4-linear-null-transfer-20260822-001
F4,X1,X3,f4-linear-null-transfer,43,2,0.056606893610337924,0.385,residual_samples/batch-43-replication-2.csv,null_statistics/batch-43-replication-2.npy,batch-f4-linear-null-transfer,6254978274967290757,10429457566391605281,12740471638283104728,0.2013648000138346,,,batch-f4-linear-null-transfer-20260822-001
F4,X1,X3,f4-linear-null-transfer,43,3,0.061357352140930625,0.225,residual_samples/batch-43-replication-3.csv,null_statistics/batch-43-replication-3.npy,batch-f4-linear-null-transfer,6773523456378041799,1069804455372479641,199283214518713132,0.20051860000239685,,,batch-f4-linear-null-transfer-20260822-001
F4,X1,X3,f4-linear-null-transfer,43,4,0.05187256168318787,0.485,residual_samples/batch-43-replication-4.csv,null_statistics/batch-43-replication-4.npy,batch-f4-linear-null-transfer,8318071842995335817,9864396756126504458,9804132635867159580,0.20062570000300184,,,batch-f4-linear-null-transfer-20260822-001
F4,X1,X3,f4-linear-null-transfer,43,5,0.046029482470588856,0.78,residual_samples/batch-43-replication-5.csv,null_statistics/batch-43-replication-5.npy,batch-f4-linear-null-transfer,15648796402569256993,3405202773101094301,11103254225251893188,0.2016787999891676,,,batch-f4-linear-null-transfer-20260822-001
F4,X1,X3,f4-linear-null-transfer,43,6,0.05076044812106069,0.61,residual_samples/batch-43-replication-6.csv,null_statistics/batch-43-replication-6.npy,batch-f4-linear-null-transfer,15109744041336878143,4885558865463192275,3982445158178887342,0.2019014999968931,,,batch-f4-linear-null-transfer-20260822-001
F4,X1,X3,f4-linear-null-transfer,43,7,0.05329109532723572,0.47,residual_samples/batch-43-replication-7.csv,null_statistics/batch-43-replication-7.npy,batch-f4-linear-null-transfer,5669128979142160057,9100157124287701816,13100231782454610239,0.2019715000060387,,,batch-f4-linear-null-transfer-20260822-001
F4,X1,X3,f4-linear-null-transfer,43,8,0.06232551590701313,0.195,residual_samples/batch-43-replication-8.csv,null_statistics/batch-43-replication-8.npy,batch-f4-linear-null-transfer,10541532921261830304,8842149036756825473,14119071751190980912,0.20013559999642894,,,batch-f4-linear-null-transfer-20260822-001
F4,X1,X3,f4-linear-null-transfer,43,9,0.05545238536452399,0.49,residual_samples/batch-43-replication-9.csv,null_statistics/batch-43-replication-9.npy,batch-f4-linear-null-transfer,4379817030129215097,14906359472927262586,10091510365746871410,0.20160800000303425,,,batch-f4-linear-null-transfer-20260822-001
F4,X1,X3,f4-linear-null-transfer,44,0,0.04793702395442466,0.69,residual_samples/batch-44-replication-0.csv,null_statistics/batch-44-replication-0.npy,batch-f4-linear-null-transfer,12870660471625824525,17109724985000273511,16467954968863921836,0.201253999985056,,,batch-f4-linear-null-transfer-20260822-001
F4,X1,X3,f4-linear-null-transfer,44,1,0.047056926671295025,0.78,residual_samples/batch-44-replication-1.csv,null_statistics/batch-44-replication-1.npy,batch-f4-linear-null-transfer,2369015514779229613,13038226281436777493,352337414562020721,0.20529639997403137,,,batch-f4-linear-null-transfer-20260822-001
F4,X1,X3,f4-linear-null-transfer,44,2,0.053835455764706025,0.44,residual_samples/batch-44-replication-2.csv,null_statistics/batch-44-replication-2.npy,batch-f4-linear-null-transfer,13372169812693512088,2107606183083606307,1987361376630805931,0.20433719997527078,,,batch-f4-linear-null-transfer-20260822-001
F4,X1,X3,f4-linear-null-transfer,44,3,0.05945234789637402,0.325,residual_samples/batch-44-replication-3.csv,null_statistics/batch-44-replication-3.npy,batch-f4-linear-null-transfer,9556489092418678864,15096837205889208223,6731650794920957460,0.20350129998405464,,,batch-f4-linear-null-transfer-20260822-001
F4,X1,X3,f4-linear-null-transfer,44,4,0.048241154616713994,0.73,residual_samples/batch-44-replication-4.csv,null_statistics/batch-44-replication-4.npy,batch-f4-linear-null-transfer,6735295450561879076,8728448684503624001,14196054260610590615,0.1996289000089746,,,batch-f4-linear-null-transfer-20260822-001
F4,X1,X3,f4-linear-null-transfer,44,5,0.07537515839624055,0.085,residual_samples/batch-44-replication-5.csv,null_statistics/batch-44-replication-5.npy,batch-f4-linear-null-transfer,12868258646594275381,13129097537532630896,10081671914896680851,0.200387499993667,,,batch-f4-linear-null-transfer-20260822-001
F4,X1,X3,f4-linear-null-transfer,44,6,0.06694665508573318,0.165,residual_samples/batch-44-replication-6.csv,null_statistics/batch-44-replication-6.npy,batch-f4-linear-null-transfer,18153480242585491228,2433973160611578591,16324367153743834049,0.20156200000201352,,,batch-f4-linear-null-transfer-20260822-001
F4,X1,X3,f4-linear-null-transfer,44,7,0.04545830780878148,0.8,residual_samples/batch-44-replication-7.csv,null_statistics/batch-44-replication-7.npy,batch-f4-linear-null-transfer,1967460530290455379,14952784031782927079,12940192191445667424,0.2124127999995835,,,batch-f4-linear-null-transfer-20260822-001
F4,X1,X3,f4-linear-null-transfer,44,8,0.056812394663747864,0.405,residual_samples/batch-44-replication-8.csv,null_statistics/batch-44-replication-8.npy,batch-f4-linear-null-transfer,11031149383953957101,13028400206518016744,698029983263793962,0.23231130000203848,,,batch-f4-linear-null-transfer-20260822-001
F4,X1,X3,f4-linear-null-transfer,44,9,0.0517857779301791,0.54,residual_samples/batch-44-replication-9.csv,null_statistics/batch-44-replication-9.npy,batch-f4-linear-null-transfer,9989853118019619306,6975632409590398450,4333032880420995390,0.2047364999889396,,,batch-f4-linear-null-transfer-20260822-001
F4,X1,X3,f4-linear-null-transfer,45,0,0.04954853824658111,0.645,residual_samples/batch-45-replication-0.csv,null_statistics/batch-45-replication-0.npy,batch-f4-linear-null-transfer,17216751686589067608,2113595720722370376,8361457539856260132,0.2124519000062719,,,batch-f4-linear-null-transfer-20260822-001
F4,X1,X3,f4-linear-null-transfer,45,1,0.05109324439975108,0.57,residual_samples/batch-45-replication-1.csv,null_statistics/batch-45-replication-1.npy,batch-f4-linear-null-transfer,11714277668715284512,1579742981929496737,2943857884056572715,0.20213009999133646,,,batch-f4-linear-null-transfer-20260822-001
F4,X1,X3,f4-linear-null-transfer,45,2,0.04681623985975854,0.795,residual_samples/batch-45-replication-2.csv,null_statistics/batch-45-replication-2.npy,batch-f4-linear-null-transfer,18153594778177879555,4446390730737562865,12045368035712095024,0.20379960001446307,,,batch-f4-linear-null-transfer-20260822-001
F4,X1,X3,f4-linear-null-transfer,45,3,0.05741645949720149,0.35,residual_samples/batch-45-replication-3.csv,null_statistics/batch-45-replication-3.npy,batch-f4-linear-null-transfer,7270806390608600215,10701449131406493544,15359869083387795388,0.20058120001340285,,,batch-f4-linear-null-transfer-20260822-001
F4,X1,X3,f4-linear-null-transfer,45,4,0.05123273193011703,0.58,residual_samples/batch-45-replication-4.csv,null_statistics/batch-45-replication-4.npy,batch-f4-linear-null-transfer,246136940144469971,9306476770899172137,790236952815268794,0.2006593999976758,,,batch-f4-linear-null-transfer-20260822-001
F4,X1,X3,f4-linear-null-transfer,45,5,0.05696774727463369,0.33,residual_samples/batch-45-replication-5.csv,null_statistics/batch-45-replication-5.npy,batch-f4-linear-null-transfer,9869621916482289939,15928347147326776286,10234795051923285363,0.1990968000027351,,,batch-f4-linear-null-transfer-20260822-001
F4,X1,X3,f4-linear-null-transfer,45,6,0.09317515592646959,0.015,residual_samples/batch-45-replication-6.csv,null_statistics/batch-45-replication-6.npy,batch-f4-linear-null-transfer,9443453209132188934,1806273801025460867,3779773310400518437,0.20128249999834225,,,batch-f4-linear-null-transfer-20260822-001
F4,X1,X3,f4-linear-null-transfer,45,7,0.05442850623692204,0.385,residual_samples/batch-45-replication-7.csv,null_statistics/batch-45-replication-7.npy,batch-f4-linear-null-transfer,124180525296878342,1880981662224787347,1377662351033568809,0.20092030000523664,,,batch-f4-linear-null-transfer-20260822-001
F4,X1,X3,f4-linear-null-transfer,45,8,0.05007506987674875,0.58,residual_samples/batch-45-replication-8.csv,null_statistics/batch-45-replication-8.npy,batch-f4-linear-null-transfer,16428090916084686352,15171501944658795812,14501123509874298128,0.20151119999354705,,,batch-f4-linear-null-transfer-20260822-001
F4,X1,X3,f4-linear-null-transfer,45,9,0.06923305239058634,0.135,residual_samples/batch-45-replication-9.csv,null_statistics/batch-45-replication-9.npy,batch-f4-linear-null-transfer,919585345047416199,11280434623913174262,8153180238126953178,0.2008432000002358,,,batch-f4-linear-null-transfer-20260822-001
F4,X1,X3,f4-linear-null-transfer,46,0,0.058363956860393945,0.35,residual_samples/batch-46-replication-0.csv,null_statistics/batch-46-replication-0.npy,batch-f4-linear-null-transfer,10635911966619552357,1693269592700921730,1652365943481199872,0.20313020001049154,,,batch-f4-linear-null-transfer-20260822-001
F4,X1,X3,f4-linear-null-transfer,46,1,0.050925181020111454,0.635,residual_samples/batch-46-replication-1.csv,null_statistics/batch-46-replication-1.npy,batch-f4-linear-null-transfer,11974499910809863219,4716323769642643406,6752062251809553990,0.20604170000297017,,,batch-f4-linear-null-transfer-20260822-001
F4,X1,X3,f4-linear-null-transfer,46,2,0.08613352633338146,0.03,residual_samples/batch-46-replication-2.csv,null_statistics/batch-46-replication-2.npy,batch-f4-linear-null-transfer,6144244616991782485,13961843186841525985,3977853227509968577,0.20677659998182207,,,batch-f4-linear-null-transfer-20260822-001
F4,X1,X3,f4-linear-null-transfer,46,3,0.10415209649983175,0.015,residual_samples/batch-46-replication-3.csv,null_statistics/batch-46-replication-3.npy,batch-f4-linear-null-transfer,5427151639660831740,16962783444935967799,11227993531766284877,0.20492839999496937,,,batch-f4-linear-null-transfer-20260822-001
F4,X1,X3,f4-linear-null-transfer,46,4,0.04992905690176981,0.625,residual_samples/batch-46-replication-4.csv,null_statistics/batch-46-replication-4.npy,batch-f4-linear-null-transfer,12141893148984139246,16082236197533322644,12065731922606706585,0.20080749999033287,,,batch-f4-linear-null-transfer-20260822-001
F4,X1,X3,f4-linear-null-transfer,46,5,0.05299155509697125,0.55,residual_samples/batch-46-replication-5.csv,null_statistics/batch-46-replication-5.npy,batch-f4-linear-null-transfer,3245752496035266461,18402056230244829078,2061265821374197002,0.20200219997786917,,,batch-f4-linear-null-transfer-20260822-001
F4,X1,X3,f4-linear-null-transfer,46,6,0.0628308720683744,0.21,residual_samples/batch-46-replication-6.csv,null_statistics/batch-46-replication-6.npy,batch-f4-linear-null-transfer,5559170134972726471,6030329429027059506,18376590672167971612,0.2077141999907326,,,batch-f4-linear-null-transfer-20260822-001
F4,X1,X3,f4-linear-null-transfer,46,7,0.04096674882017803,0.945,residual_samples/batch-46-replication-7.csv,null_statistics/batch-46-replication-7.npy,batch-f4-linear-null-transfer,4274454494939755960,11635461308584090813,14752313690502322212,0.21041100000729784,,,batch-f4-linear-null-transfer-20260822-001
F4,X1,X3,f4-linear-null-transfer,46,8,0.051789014698809574,0.54,residual_samples/batch-46-replication-8.csv,null_statistics/batch-46-replication-8.npy,batch-f4-linear-null-transfer,7824399579060937094,15421863978229626386,13955196702988107459,0.20451839998713695,,,batch-f4-linear-null-transfer-20260822-001
F4,X1,X3,f4-linear-null-transfer,46,9,0.06855527867225492,0.13,residual_samples/batch-46-replication-9.csv,null_statistics/batch-46-replication-9.npy,batch-f4-linear-null-transfer,5620601883055462206,10528018346571791479,10347903569315176399,0.19630880001932383,,,batch-f4-linear-null-transfer-20260822-001
F4,X1,X3,f4-linear-null-transfer,47,0,0.05767941725080843,0.32,residual_samples/batch-47-replication-0.csv,null_statistics/batch-47-replication-0.npy,batch-f4-linear-null-transfer,47854390909010786,7324629354973941478,11854175178799164106,0.20742970000719652,,,batch-f4-linear-null-transfer-20260822-001
F4,X1,X3,f4-linear-null-transfer,47,1,0.054125262527169204,0.42,residual_samples/batch-47-replication-1.csv,null_statistics/batch-47-replication-1.npy,batch-f4-linear-null-transfer,2234187726384229835,5830198529901389950,17823345292423281405,0.20480249999673106,,,batch-f4-linear-null-transfer-20260822-001
F4,X1,X3,f4-linear-null-transfer,47,2,0.049692623591287365,0.675,residual_samples/batch-47-replication-2.csv,null_statistics/batch-47-replication-2.npy,batch-f4-linear-null-transfer,10895226852658157997,4694297314996096123,12973120822245411228,0.19621220001135953,,,batch-f4-linear-null-transfer-20260822-001
F4,X1,X3,f4-linear-null-transfer,47,3,0.07860856426705498,0.055,residual_samples/batch-47-replication-3.csv,null_statistics/batch-47-replication-3.npy,batch-f4-linear-null-transfer,10149237801913032193,11565499521077110232,2057045180633431376,0.1945525000046473,,,batch-f4-linear-null-transfer-20260822-001
F4,X1,X3,f4-linear-null-transfer,47,4,0.05771976521478821,0.36,residual_samples/batch-47-replication-4.csv,null_statistics/batch-47-replication-4.npy,batch-f4-linear-null-transfer,6546082140610310619,4534363923212056967,14434159306087239978,0.1943718000256922,,,batch-f4-linear-null-transfer-20260822-001
F4,X1,X3,f4-linear-null-transfer,47,5,0.05518118445969596,0.415,residual_samples/batch-47-replication-5.csv,null_statistics/batch-47-replication-5.npy,batch-f4-linear-null-transfer,7153403188056703274,14015285778393192869,18281828331571227100,0.1937573000031989,,,batch-f4-linear-null-transfer-20260822-001
F4,X1,X3,f4-linear-null-transfer,47,6,0.056155243170233814,0.425,residual_samples/batch-47-replication-6.csv,null_statistics/batch-47-replication-6.npy,batch-f4-linear-null-transfer,8243663865364917394,246565942244202810,17340628780130733453,0.1954394000058528,,,batch-f4-linear-null-transfer-20260822-001
F4,X1,X3,f4-linear-null-transfer,47,7,0.04811329581193471,0.74,residual_samples/batch-47-replication-7.csv,null_statistics/batch-47-replication-7.npy,batch-f4-linear-null-transfer,2940524278369038941,2750747118185433841,1424805808329788091,0.19703889999073,,,batch-f4-linear-null-transfer-20260822-001
F4,X1,X3,f4-linear-null-transfer,47,8,0.04740667555019388,0.765,residual_samples/batch-47-replication-8.csv,null_statistics/batch-47-replication-8.npy,batch-f4-linear-null-transfer,13527028972492066709,17848899169704109518,5500867743919808296,0.19568590002018027,,,batch-f4-linear-null-transfer-20260822-001
F4,X1,X3,f4-linear-null-transfer,47,9,0.04778590405500783,0.765,residual_samples/batch-47-replication-9.csv,null_statistics/batch-47-replication-9.npy,batch-f4-linear-null-transfer,7254895043936976886,16749240329675385398,7020301756893214771,0.195669300010195,,,batch-f4-linear-null-transfer-20260822-001
F4,X1,X3,f4-linear-null-transfer,48,0,0.06039426882332738,0.275,residual_samples/batch-48-replication-0.csv,null_statistics/batch-48-replication-0.npy,batch-f4-linear-null-transfer,13840100027048171277,12127904251402559176,9945541707164979415,0.19736250001005828,,,batch-f4-linear-null-transfer-20260822-001
F4,X1,X3,f4-linear-null-transfer,48,1,0.05733580451256921,0.4,residual_samples/batch-48-replication-1.csv,null_statistics/batch-48-replication-1.npy,batch-f4-linear-null-transfer,16875268251045987694,6446930513075916076,11739331135917215774,0.1994573000119999,,,batch-f4-linear-null-transfer-20260822-001
F4,X1,X3,f4-linear-null-transfer,48,2,0.04183057240758488,0.94,residual_samples/batch-48-replication-2.csv,null_statistics/batch-48-replication-2.npy,batch-f4-linear-null-transfer,11484731970551053582,1384818347225981385,8454696410337533997,0.1977638999815099,,,batch-f4-linear-null-transfer-20260822-001
F4,X1,X3,f4-linear-null-transfer,48,3,0.05982532016997279,0.305,residual_samples/batch-48-replication-3.csv,null_statistics/batch-48-replication-3.npy,batch-f4-linear-null-transfer,2238251741792079353,5000428787978896110,16757267499872205469,0.19704090000595897,,,batch-f4-linear-null-transfer-20260822-001
F4,X1,X3,f4-linear-null-transfer,48,4,0.04065483105667788,0.955,residual_samples/batch-48-replication-4.csv,null_statistics/batch-48-replication-4.npy,batch-f4-linear-null-transfer,5284218500473605558,4596437814098437609,2474271451235507010,0.19731119999778457,,,batch-f4-linear-null-transfer-20260822-001
F4,X1,X3,f4-linear-null-transfer,48,5,0.05910916247477766,0.275,residual_samples/batch-48-replication-5.csv,null_statistics/batch-48-replication-5.npy,batch-f4-linear-null-transfer,17918905287217289493,13030915581651341751,13803584327121436056,0.1972063999855891,,,batch-f4-linear-null-transfer-20260822-001
F4,X1,X3,f4-linear-null-transfer,48,6,0.054552205014295446,0.465,residual_samples/batch-48-replication-6.csv,null_statistics/batch-48-replication-6.npy,batch-f4-linear-null-transfer,16870082242621396779,11642301568150735711,4301933706473647110,0.19794750001165085,,,batch-f4-linear-null-transfer-20260822-001
F4,X1,X3,f4-linear-null-transfer,48,7,0.052899785178460806,0.5,residual_samples/batch-48-replication-7.csv,null_statistics/batch-48-replication-7.npy,batch-f4-linear-null-transfer,6404164480444054040,8763053931075030594,5527822508968477909,0.1957817999937106,,,batch-f4-linear-null-transfer-20260822-001
F4,X1,X3,f4-linear-null-transfer,48,8,0.056079772465228335,0.405,residual_samples/batch-48-replication-8.csv,null_statistics/batch-48-replication-8.npy,batch-f4-linear-null-transfer,11887881863852639760,14179377550028008906,5034343001997347237,0.1955856999848038,,,batch-f4-linear-null-transfer-20260822-001
F4,X1,X3,f4-linear-null-transfer,48,9,0.05273971044478904,0.52,residual_samples/batch-48-replication-9.csv,null_statistics/batch-48-replication-9.npy,batch-f4-linear-null-transfer,1581400244557558985,13698138063565292577,14007054961971375405,0.19497469998896122,,,batch-f4-linear-null-transfer-20260822-001
F4,X1,X3,f4-linear-null-transfer,49,0,0.05465262812110683,0.475,residual_samples/batch-49-replication-0.csv,null_statistics/batch-49-replication-0.npy,batch-f4-linear-null-transfer,8843480750797325672,4735020987941139245,12949717120306327831,0.19741399999475107,,,batch-f4-linear-null-transfer-20260822-001
F4,X1,X3,f4-linear-null-transfer,49,1,0.06012837990598674,0.28,residual_samples/batch-49-replication-1.csv,null_statistics/batch-49-replication-1.npy,batch-f4-linear-null-transfer,14148497746346113263,3631201171514469708,17394249188874117084,0.19306019999203272,,,batch-f4-linear-null-transfer-20260822-001
F4,X1,X3,f4-linear-null-transfer,49,2,0.05194857973104903,0.585,residual_samples/batch-49-replication-2.csv,null_statistics/batch-49-replication-2.npy,batch-f4-linear-null-transfer,2473255127494903127,6877894280512239146,13361347266990242104,0.1957879999827128,,,batch-f4-linear-null-transfer-20260822-001
F4,X1,X3,f4-linear-null-transfer,49,3,0.04520695499868747,0.855,residual_samples/batch-49-replication-3.csv,null_statistics/batch-49-replication-3.npy,batch-f4-linear-null-transfer,9513640569200869846,13669145123851151012,17339891296431819867,0.20043450000230223,,,batch-f4-linear-null-transfer-20260822-001
F4,X1,X3,f4-linear-null-transfer,49,4,0.06753548404101523,0.105,residual_samples/batch-49-replication-4.csv,null_statistics/batch-49-replication-4.npy,batch-f4-linear-null-transfer,878749750632718874,14863791489322760240,16065229948912310490,0.21086409999406897,,,batch-f4-linear-null-transfer-20260822-001
F4,X1,X3,f4-linear-null-transfer,49,5,0.04304142733376654,0.895,residual_samples/batch-49-replication-5.csv,null_statistics/batch-49-replication-5.npy,batch-f4-linear-null-transfer,9434061341202195894,12810882658683993887,10734740144246114809,0.2007158999913372,,,batch-f4-linear-null-transfer-20260822-001
F4,X1,X3,f4-linear-null-transfer,49,6,0.06141659159399034,0.225,residual_samples/batch-49-replication-6.csv,null_statistics/batch-49-replication-6.npy,batch-f4-linear-null-transfer,386173921208445519,6514758988908764004,17023195223066682855,0.20142600001418032,,,batch-f4-linear-null-transfer-20260822-001
F4,X1,X3,f4-linear-null-transfer,49,7,0.04428304885438697,0.875,residual_samples/batch-49-replication-7.csv,null_statistics/batch-49-replication-7.npy,batch-f4-linear-null-transfer,5266157873271713871,17858100309961842372,12801772480419405948,0.20605499998782761,,,batch-f4-linear-null-transfer-20260822-001
F4,X1,X3,f4-linear-null-transfer,49,8,0.05050867370216427,0.595,residual_samples/batch-49-replication-8.csv,null_statistics/batch-49-replication-8.npy,batch-f4-linear-null-transfer,3211251754863541914,6959311043680351612,15241026437593244586,0.19974189999629743,,,batch-f4-linear-null-transfer-20260822-001
F4,X1,X3,f4-linear-null-transfer,49,9,0.054664163225488706,0.425,residual_samples/batch-49-replication-9.csv,null_statistics/batch-49-replication-9.npy,batch-f4-linear-null-transfer,17788800376428921692,8415116029143482600,6267847283813320453,0.20177030001650564,,,batch-f4-linear-null-transfer-20260822-001
F4,X1,X3,f4-linear-null-transfer,50,0,0.055897961845609544,0.385,residual_samples/batch-50-replication-0.csv,null_statistics/batch-50-replication-0.npy,batch-f4-linear-null-transfer,13841175265260307261,18101166591574772180,10887971464163783481,0.20158850000007078,,,batch-f4-linear-null-transfer-20260822-001
F4,X1,X3,f4-linear-null-transfer,50,1,0.06281233167114257,0.24,residual_samples/batch-50-replication-1.csv,null_statistics/batch-50-replication-1.npy,batch-f4-linear-null-transfer,14951806140995779441,14480095359580268858,7357493491567246701,0.20301840000320226,,,batch-f4-linear-null-transfer-20260822-001
F4,X1,X3,f4-linear-null-transfer,50,2,0.044303099719818585,0.85,residual_samples/batch-50-replication-2.csv,null_statistics/batch-50-replication-2.npy,batch-f4-linear-null-transfer,6825031715793146057,6882167525944255574,3014241960930491425,0.20023420001962222,,,batch-f4-linear-null-transfer-20260822-001
F4,X1,X3,f4-linear-null-transfer,50,3,0.06061254725048395,0.21,residual_samples/batch-50-replication-3.csv,null_statistics/batch-50-replication-3.npy,batch-f4-linear-null-transfer,5186599957865499198,2879213801570152528,16157888015154621460,0.20128330000443384,,,batch-f4-linear-null-transfer-20260822-001
F4,X1,X3,f4-linear-null-transfer,50,4,0.05705486097743365,0.37,residual_samples/batch-50-replication-4.csv,null_statistics/batch-50-replication-4.npy,batch-f4-linear-null-transfer,16732896512126857488,4403050545177419716,15635491338521288427,0.2037314999906812,,,batch-f4-linear-null-transfer-20260822-001
F4,X1,X3,f4-linear-null-transfer,50,5,0.04549647818033604,0.845,residual_samples/batch-50-replication-5.csv,null_statistics/batch-50-replication-5.npy,batch-f4-linear-null-transfer,16440972597640720540,3122946130420692562,14544438748997531158,0.21512859998620115,,,batch-f4-linear-null-transfer-20260822-001
F4,X1,X3,f4-linear-null-transfer,50,6,0.04489336973645131,0.84,residual_samples/batch-50-replication-6.csv,null_statistics/batch-50-replication-6.npy,batch-f4-linear-null-transfer,7970168424579881938,10730933853286851260,10253974235203789215,0.21211600000970066,,,batch-f4-linear-null-transfer-20260822-001
F4,X1,X3,f4-linear-null-transfer,50,7,0.055407894948662384,0.4,residual_samples/batch-50-replication-7.csv,null_statistics/batch-50-replication-7.npy,batch-f4-linear-null-transfer,17192101050483037434,6300155004031991287,1525291041325974450,0.2282034000090789,,,batch-f4-linear-null-transfer-20260822-001
F4,X1,X3,f4-linear-null-transfer,50,8,0.04209687799461716,0.94,residual_samples/batch-50-replication-8.csv,null_statistics/batch-50-replication-8.npy,batch-f4-linear-null-transfer,4312724915920707433,12847243793761688200,4533782702026972217,0.20679759999620728,,,batch-f4-linear-null-transfer-20260822-001
F4,X1,X3,f4-linear-null-transfer,50,9,0.06582075767376785,0.19,residual_samples/batch-50-replication-9.csv,null_statistics/batch-50-replication-9.npy,batch-f4-linear-null-transfer,6305154997463180722,11035732197830945442,6920652329431668650,0.21124710000003688,,,batch-f4-linear-null-transfer-20260822-001
F4,X1,X3,f4-linear-null-transfer,51,0,0.07155816174523712,0.1,residual_samples/batch-51-replication-0.csv,null_statistics/batch-51-replication-0.npy,batch-f4-linear-null-transfer,1781736678225863655,16888437792475414140,2851826061422873933,0.20966989998123609,,,batch-f4-linear-null-transfer-20260822-001
F4,X1,X3,f4-linear-null-transfer,51,1,0.06790447536892634,0.125,residual_samples/batch-51-replication-1.csv,null_statistics/batch-51-replication-1.npy,batch-f4-linear-null-transfer,482022474658547602,9843265040744381283,9636022693654152507,0.2153243999928236,,,batch-f4-linear-null-transfer-20260822-001
F4,X1,X3,f4-linear-null-transfer,51,2,0.05769285850534805,0.35,residual_samples/batch-51-replication-2.csv,null_statistics/batch-51-replication-2.npy,batch-f4-linear-null-transfer,9029057944849147717,7029423585206902275,6189856693380725311,0.20741599999018945,,,batch-f4-linear-null-transfer-20260822-001
F4,X1,X3,f4-linear-null-transfer,51,3,0.037905536826613226,0.995,residual_samples/batch-51-replication-3.csv,null_statistics/batch-51-replication-3.npy,batch-f4-linear-null-transfer,8234259682794867009,4848624899781170827,3531235017419618530,0.20398740001837723,,,batch-f4-linear-null-transfer-20260822-001
F4,X1,X3,f4-linear-null-transfer,51,4,0.06497671552620488,0.195,residual_samples/batch-51-replication-4.csv,null_statistics/batch-51-replication-4.npy,batch-f4-linear-null-transfer,15798545486492989378,11815526370355466686,15351272138058937585,0.21641630001249723,,,batch-f4-linear-null-transfer-20260822-001
F4,X1,X3,f4-linear-null-transfer,51,5,0.04708125049737067,0.72,residual_samples/batch-51-replication-5.csv,null_statistics/batch-51-replication-5.npy,batch-f4-linear-null-transfer,14343234897820827138,12688321681989234901,15070178940273100078,0.20411109999986365,,,batch-f4-linear-null-transfer-20260822-001
F4,X1,X3,f4-linear-null-transfer,51,6,0.0664110313880345,0.175,residual_samples/batch-51-replication-6.csv,null_statistics/batch-51-replication-6.npy,batch-f4-linear-null-transfer,15011811758635189108,5334506480367149238,10668949364297851352,0.20444560001487844,,,batch-f4-linear-null-transfer-20260822-001
F4,X1,X3,f4-linear-null-transfer,51,7,0.06124206138528824,0.275,residual_samples/batch-51-replication-7.csv,null_statistics/batch-51-replication-7.npy,batch-f4-linear-null-transfer,15455372533154465154,8366455847240678155,8086479701239316764,0.20583290001377463,,,batch-f4-linear-null-transfer-20260822-001
F4,X1,X3,f4-linear-null-transfer,51,8,0.04546403292774546,0.835,residual_samples/batch-51-replication-8.csv,null_statistics/batch-51-replication-8.npy,batch-f4-linear-null-transfer,11571153452406282507,282990936102373190,15460792271487750299,0.21177180000813678,,,batch-f4-linear-null-transfer-20260822-001
F4,X1,X3,f4-linear-null-transfer,51,9,0.06350590885114198,0.235,residual_samples/batch-51-replication-9.csv,null_statistics/batch-51-replication-9.npy,batch-f4-linear-null-transfer,4053276829759358124,4890422505812336187,8483073830888225664,0.20585299999220297,,,batch-f4-linear-null-transfer-20260822-001
F4,X1,X3,f4-linear-null-transfer,52,0,0.05142677403489438,0.56,residual_samples/batch-52-replication-0.csv,null_statistics/batch-52-replication-0.npy,batch-f4-linear-null-transfer,3673097158241814981,16509124106294714694,2440129523727791607,0.20354049999150448,,,batch-f4-linear-null-transfer-20260822-001
F4,X1,X3,f4-linear-null-transfer,52,1,0.05852848020177288,0.245,residual_samples/batch-52-replication-1.csv,null_statistics/batch-52-replication-1.npy,batch-f4-linear-null-transfer,3836843205652025784,15262188812727203419,10584476535140306747,0.20300909999059513,,,batch-f4-linear-null-transfer-20260822-001
F4,X1,X3,f4-linear-null-transfer,52,2,0.08732063236400983,0.025,residual_samples/batch-52-replication-2.csv,null_statistics/batch-52-replication-2.npy,batch-f4-linear-null-transfer,18285883564372885517,16565954702752567614,13400763795910120372,0.2027539000264369,,,batch-f4-linear-null-transfer-20260822-001
F4,X1,X3,f4-linear-null-transfer,52,3,0.05792395879720844,0.325,residual_samples/batch-52-replication-3.csv,null_statistics/batch-52-replication-3.npy,batch-f4-linear-null-transfer,7540922875116528220,9368675801971551662,18289533940034551197,0.2040549999801442,,,batch-f4-linear-null-transfer-20260822-001
F4,X1,X3,f4-linear-null-transfer,52,4,0.05367878460213397,0.435,residual_samples/batch-52-replication-4.csv,null_statistics/batch-52-replication-4.npy,batch-f4-linear-null-transfer,11653066896530599174,705853695317998610,814850316754215098,0.2007752000063192,,,batch-f4-linear-null-transfer-20260822-001
F4,X1,X3,f4-linear-null-transfer,52,5,0.051133496703557504,0.56,residual_samples/batch-52-replication-5.csv,null_statistics/batch-52-replication-5.npy,batch-f4-linear-null-transfer,13998942722952894123,16595760331223040480,15730415590576738687,0.20318199999746867,,,batch-f4-linear-null-transfer-20260822-001
F4,X1,X3,f4-linear-null-transfer,52,6,0.05225312815758093,0.56,residual_samples/batch-52-replication-6.csv,null_statistics/batch-52-replication-6.npy,batch-f4-linear-null-transfer,16069978407719193669,10631955406284756490,8770594038541523644,0.1999212000227999,,,batch-f4-linear-null-transfer-20260822-001
F4,X1,X3,f4-linear-null-transfer,52,7,0.06024274738469932,0.235,residual_samples/batch-52-replication-7.csv,null_statistics/batch-52-replication-7.npy,batch-f4-linear-null-transfer,10378957620366580541,3064304582709367399,12130499673336211823,0.20065210000029765,,,batch-f4-linear-null-transfer-20260822-001
F4,X1,X3,f4-linear-null-transfer,52,8,0.06991904927095749,0.11,residual_samples/batch-52-replication-8.csv,null_statistics/batch-52-replication-8.npy,batch-f4-linear-null-transfer,18420139481118637367,11167349249291829814,7903230644633938016,0.20653510000556707,,,batch-f4-linear-null-transfer-20260822-001
F4,X1,X3,f4-linear-null-transfer,52,9,0.056330484358743306,0.41,residual_samples/batch-52-replication-9.csv,null_statistics/batch-52-replication-9.npy,batch-f4-linear-null-transfer,13164539636503028978,8804382906518312845,16722701993267187183,0.20702830000664108,,,batch-f4-linear-null-transfer-20260822-001
F4,X1,X3,f4-linear-null-transfer,53,0,0.06474545059149031,0.18,residual_samples/batch-53-replication-0.csv,null_statistics/batch-53-replication-0.npy,batch-f4-linear-null-transfer,7936532305950756292,1017094088023426091,15296388017023160458,0.20551830000476912,,,batch-f4-linear-null-transfer-20260822-001
F4,X1,X3,f4-linear-null-transfer,53,1,0.06485207875775023,0.18,residual_samples/batch-53-replication-1.csv,null_statistics/batch-53-replication-1.npy,batch-f4-linear-null-transfer,8255130837811518915,8079400262066567472,1658112136338792017,0.20268230000510812,,,batch-f4-linear-null-transfer-20260822-001
F4,X1,X3,f4-linear-null-transfer,53,2,0.05552345384878651,0.42,residual_samples/batch-53-replication-2.csv,null_statistics/batch-53-replication-2.npy,batch-f4-linear-null-transfer,16335592127004601322,4278283853553651961,8903137812627477648,0.2012377000064589,,,batch-f4-linear-null-transfer-20260822-001
F4,X1,X3,f4-linear-null-transfer,53,3,0.0469215647326904,0.805,residual_samples/batch-53-replication-3.csv,null_statistics/batch-53-replication-3.npy,batch-f4-linear-null-transfer,2850137271613110650,10796902192159919371,15469339739028967867,0.20360229999641888,,,batch-f4-linear-null-transfer-20260822-001
F4,X1,X3,f4-linear-null-transfer,53,4,0.0720435976707344,0.065,residual_samples/batch-53-replication-4.csv,null_statistics/batch-53-replication-4.npy,batch-f4-linear-null-transfer,17800127745095996278,15063541930869177696,9533269795551315802,0.2065610999998171,,,batch-f4-linear-null-transfer-20260822-001
F4,X1,X3,f4-linear-null-transfer,53,5,0.05274570416396004,0.585,residual_samples/batch-53-replication-5.csv,null_statistics/batch-53-replication-5.npy,batch-f4-linear-null-transfer,12876585462188873696,12124900952102014263,7890908673733748097,0.21426639999845065,,,batch-f4-linear-null-transfer-20260822-001
F4,X1,X3,f4-linear-null-transfer,53,6,0.04619491883900075,0.795,residual_samples/batch-53-replication-6.csv,null_statistics/batch-53-replication-6.npy,batch-f4-linear-null-transfer,9583734717900671007,14165163266675310656,18189373349187586200,0.21256640000501648,,,batch-f4-linear-null-transfer-20260822-001
F4,X1,X3,f4-linear-null-transfer,53,7,0.05256774070048329,0.555,residual_samples/batch-53-replication-7.csv,null_statistics/batch-53-replication-7.npy,batch-f4-linear-null-transfer,16523466811203591116,7429289830821960541,13658096597096831050,0.20807600000989623,,,batch-f4-linear-null-transfer-20260822-001
F4,X1,X3,f4-linear-null-transfer,53,8,0.05001970807119675,0.605,residual_samples/batch-53-replication-8.csv,null_statistics/batch-53-replication-8.npy,batch-f4-linear-null-transfer,975374582189750974,9877672023073183551,8500231404530934394,0.2018705999944359,,,batch-f4-linear-null-transfer-20260822-001
F4,X1,X3,f4-linear-null-transfer,53,9,0.046951284300752655,0.76,residual_samples/batch-53-replication-9.csv,null_statistics/batch-53-replication-9.npy,batch-f4-linear-null-transfer,18239114932408033772,17971640626211328504,4731993909646994184,0.21157430001767352,,,batch-f4-linear-null-transfer-20260822-001
F4,X1,X3,f4-linear-null-transfer,54,0,0.06647554691885621,0.145,residual_samples/batch-54-replication-0.csv,null_statistics/batch-54-replication-0.npy,batch-f4-linear-null-transfer,12536739538969651076,6111419756780308790,13751342680791756073,0.21377130001201294,,,batch-f4-linear-null-transfer-20260822-001
F4,X1,X3,f4-linear-null-transfer,54,1,0.055513213060357856,0.38,residual_samples/batch-54-replication-1.csv,null_statistics/batch-54-replication-1.npy,batch-f4-linear-null-transfer,17558892951399807275,5057612990896269936,8196609689272656320,0.2071163000073284,,,batch-f4-linear-null-transfer-20260822-001
F4,X1,X3,f4-linear-null-transfer,54,2,0.05680645364573964,0.385,residual_samples/batch-54-replication-2.csv,null_statistics/batch-54-replication-2.npy,batch-f4-linear-null-transfer,2114503613024847714,11849905177300703098,8144943042522538534,0.21443960000760853,,,batch-f4-linear-null-transfer-20260822-001
F4,X1,X3,f4-linear-null-transfer,54,3,0.03968887917282503,0.985,residual_samples/batch-54-replication-3.csv,null_statistics/batch-54-replication-3.npy,batch-f4-linear-null-transfer,14089765664356618627,3178529356099185820,7805883465243583484,0.21862649999093264,,,batch-f4-linear-null-transfer-20260822-001
F4,X1,X3,f4-linear-null-transfer,54,4,0.08292906402190853,0.035,residual_samples/batch-54-replication-4.csv,null_statistics/batch-54-replication-4.npy,batch-f4-linear-null-transfer,14853615773217861699,3081070256001436374,1681742628527308589,0.20250579999992624,,,batch-f4-linear-null-transfer-20260822-001
F4,X1,X3,f4-linear-null-transfer,54,5,0.05097063737738892,0.6,residual_samples/batch-54-replication-5.csv,null_statistics/batch-54-replication-5.npy,batch-f4-linear-null-transfer,5627884649941889258,6843433733250629892,6690805456643399905,0.19639589998405427,,,batch-f4-linear-null-transfer-20260822-001
F4,X1,X3,f4-linear-null-transfer,54,6,0.05021898020152973,0.58,residual_samples/batch-54-replication-6.csv,null_statistics/batch-54-replication-6.npy,batch-f4-linear-null-transfer,8325556327607083814,11280795438903038239,15869515590419071316,0.20345139998244122,,,batch-f4-linear-null-transfer-20260822-001
F4,X1,X3,f4-linear-null-transfer,54,7,0.04152618839828949,0.945,residual_samples/batch-54-replication-7.csv,null_statistics/batch-54-replication-7.npy,batch-f4-linear-null-transfer,12609215927004833652,1672616511299774183,1738385040781579957,0.2033262999902945,,,batch-f4-linear-null-transfer-20260822-001
F4,X1,X3,f4-linear-null-transfer,54,8,0.050623124067522375,0.62,residual_samples/batch-54-replication-8.csv,null_statistics/batch-54-replication-8.npy,batch-f4-linear-null-transfer,10043886653328326325,11326505808373985430,16203133388346713384,0.19881649999297224,,,batch-f4-linear-null-transfer-20260822-001
F4,X1,X3,f4-linear-null-transfer,54,9,0.06863381202414204,0.105,residual_samples/batch-54-replication-9.csv,null_statistics/batch-54-replication-9.npy,batch-f4-linear-null-transfer,6349580263826145879,11562112614857010073,13106881956247674009,0.21309569998993538,,,batch-f4-linear-null-transfer-20260822-001
F4,X1,X3,f4-linear-null-transfer,55,0,0.04795814220073034,0.7,residual_samples/batch-55-replication-0.csv,null_statistics/batch-55-replication-0.npy,batch-f4-linear-null-transfer,3285678882554094065,14820131879759988357,1469708245053792295,0.20383790001505986,,,batch-f4-linear-null-transfer-20260822-001
F4,X1,X3,f4-linear-null-transfer,55,1,0.05263180781628842,0.51,residual_samples/batch-55-replication-1.csv,null_statistics/batch-55-replication-1.npy,batch-f4-linear-null-transfer,17650687866507905113,4443209110652361563,3981421534929589784,0.227522900007898,,,batch-f4-linear-null-transfer-20260822-001
F4,X1,X3,f4-linear-null-transfer,55,2,0.05986355429348001,0.305,residual_samples/batch-55-replication-2.csv,null_statistics/batch-55-replication-2.npy,batch-f4-linear-null-transfer,10991188892051439424,8191223597221373548,9017102621010638838,0.20769360000849701,,,batch-f4-linear-null-transfer-20260822-001
F4,X1,X3,f4-linear-null-transfer,55,3,0.04769031306962213,0.765,residual_samples/batch-55-replication-3.csv,null_statistics/batch-55-replication-3.npy,batch-f4-linear-null-transfer,15740170441567801922,13296212723155859399,13461444456260345976,0.2016592000145465,,,batch-f4-linear-null-transfer-20260822-001
F4,X1,X3,f4-linear-null-transfer,55,4,0.04971520166241202,0.695,residual_samples/batch-55-replication-4.csv,null_statistics/batch-55-replication-4.npy,batch-f4-linear-null-transfer,4578919792126598359,160547639928308805,14649159141984475546,0.19708169999648817,,,batch-f4-linear-null-transfer-20260822-001
F4,X1,X3,f4-linear-null-transfer,55,5,0.056915190962442914,0.37,residual_samples/batch-55-replication-5.csv,null_statistics/batch-55-replication-5.npy,batch-f4-linear-null-transfer,4560048448319600197,963789676440987346,12437163051144191786,0.19921510000131093,,,batch-f4-linear-null-transfer-20260822-001
F4,X1,X3,f4-linear-null-transfer,55,6,0.054845053924644636,0.44,residual_samples/batch-55-replication-6.csv,null_statistics/batch-55-replication-6.npy,batch-f4-linear-null-transfer,17831900311617373,1279579158436048093,1344817121062721070,0.19479420001152903,,,batch-f4-linear-null-transfer-20260822-001
F4,X1,X3,f4-linear-null-transfer,55,7,0.05238575248489754,0.525,residual_samples/batch-55-replication-7.csv,null_statistics/batch-55-replication-7.npy,batch-f4-linear-null-transfer,14283613347113690430,12084874822360986134,3255454352250824347,0.19653750001452863,,,batch-f4-linear-null-transfer-20260822-001
F4,X1,X3,f4-linear-null-transfer,55,8,0.05086823932515286,0.58,residual_samples/batch-55-replication-8.csv,null_statistics/batch-55-replication-8.npy,batch-f4-linear-null-transfer,15086408773727891594,15811164221659912553,1195768557851808826,0.1978501999983564,,,batch-f4-linear-null-transfer-20260822-001
F4,X1,X3,f4-linear-null-transfer,55,9,0.06666053118298622,0.13,residual_samples/batch-55-replication-9.csv,null_statistics/batch-55-replication-9.npy,batch-f4-linear-null-transfer,10927866251017172643,1426951457829681559,10340783657712280943,0.19809399999212474,,,batch-f4-linear-null-transfer-20260822-001
F4,X1,X3,f4-linear-null-transfer,56,0,0.0452439965951837,0.765,residual_samples/batch-56-replication-0.csv,null_statistics/batch-56-replication-0.npy,batch-f4-linear-null-transfer,14466684302149001595,2417817690148509962,3190618501369030526,0.1949105999956373,,,batch-f4-linear-null-transfer-20260822-001
F4,X1,X3,f4-linear-null-transfer,56,1,0.0458850769416419,0.83,residual_samples/batch-56-replication-1.csv,null_statistics/batch-56-replication-1.npy,batch-f4-linear-null-transfer,9095136169459713157,13201274969737304530,11595108168147374941,0.1952525999804493,,,batch-f4-linear-null-transfer-20260822-001
F4,X1,X3,f4-linear-null-transfer,56,2,0.04751823498261107,0.775,residual_samples/batch-56-replication-2.csv,null_statistics/batch-56-replication-2.npy,batch-f4-linear-null-transfer,13428111321898818313,4863804781125508302,387779170702388006,0.1964717999799177,,,batch-f4-linear-null-transfer-20260822-001
F4,X1,X3,f4-linear-null-transfer,56,3,0.05695827733185493,0.36,residual_samples/batch-56-replication-3.csv,null_statistics/batch-56-replication-3.npy,batch-f4-linear-null-transfer,9473155371031059508,14153922726797909781,12749929236167163231,0.19778800001950003,,,batch-f4-linear-null-transfer-20260822-001
F4,X1,X3,f4-linear-null-transfer,56,4,0.0374487263472781,0.995,residual_samples/batch-56-replication-4.csv,null_statistics/batch-56-replication-4.npy,batch-f4-linear-null-transfer,2545690628724359333,1213472807914829445,1120926991399822281,0.20666580001125112,,,batch-f4-linear-null-transfer-20260822-001
F4,X1,X3,f4-linear-null-transfer,56,5,0.05945575941252669,0.29,residual_samples/batch-56-replication-5.csv,null_statistics/batch-56-replication-5.npy,batch-f4-linear-null-transfer,5290999510459002935,15112688774304389733,10326817976905018552,0.21067209998727776,,,batch-f4-linear-null-transfer-20260822-001
F4,X1,X3,f4-linear-null-transfer,56,6,0.06281877052527472,0.195,residual_samples/batch-56-replication-6.csv,null_statistics/batch-56-replication-6.npy,batch-f4-linear-null-transfer,17031471045361256326,12786787677260590591,3516491212413980507,0.2043744999973569,,,batch-f4-linear-null-transfer-20260822-001
F4,X1,X3,f4-linear-null-transfer,56,7,0.04466684207819537,0.875,residual_samples/batch-56-replication-7.csv,null_statistics/batch-56-replication-7.npy,batch-f4-linear-null-transfer,10558018185527099959,16093733520674203276,17830043034798851362,0.20284369998262264,,,batch-f4-linear-null-transfer-20260822-001
F4,X1,X3,f4-linear-null-transfer,56,8,0.06084347475895273,0.28,residual_samples/batch-56-replication-8.csv,null_statistics/batch-56-replication-8.npy,batch-f4-linear-null-transfer,16000337090816512815,5615213032486065255,8746259549598509099,0.19546260000788607,,,batch-f4-linear-null-transfer-20260822-001
F4,X1,X3,f4-linear-null-transfer,56,9,0.0912447196893109,0.005,residual_samples/batch-56-replication-9.csv,null_statistics/batch-56-replication-9.npy,batch-f4-linear-null-transfer,2918903161431349826,16051134733359963103,1432940447902849109,0.1933912000095006,,,batch-f4-linear-null-transfer-20260822-001
F4,X1,X3,f4-linear-null-transfer,57,0,0.05896295597023409,0.285,residual_samples/batch-57-replication-0.csv,null_statistics/batch-57-replication-0.npy,batch-f4-linear-null-transfer,1582221836036005654,9247362346588271022,9744453768928384861,0.19796660001156852,,,batch-f4-linear-null-transfer-20260822-001
F4,X1,X3,f4-linear-null-transfer,57,1,0.04870499990831186,0.725,residual_samples/batch-57-replication-1.csv,null_statistics/batch-57-replication-1.npy,batch-f4-linear-null-transfer,5151231423524650281,742692061590608319,8912461362901741084,0.20277179998811334,,,batch-f4-linear-null-transfer-20260822-001
F4,X1,X3,f4-linear-null-transfer,57,2,0.06491494289188467,0.135,residual_samples/batch-57-replication-2.csv,null_statistics/batch-57-replication-2.npy,batch-f4-linear-null-transfer,8977675283280532091,8717820685539590986,2533671164623672554,0.19368570001097396,,,batch-f4-linear-null-transfer-20260822-001
F4,X1,X3,f4-linear-null-transfer,57,3,0.05276590386709914,0.515,residual_samples/batch-57-replication-3.csv,null_statistics/batch-57-replication-3.npy,batch-f4-linear-null-transfer,10428275520378898204,15960906923240878631,7160021357086020605,0.19469969999045134,,,batch-f4-linear-null-transfer-20260822-001
F4,X1,X3,f4-linear-null-transfer,57,4,0.06792351897707624,0.165,residual_samples/batch-57-replication-4.csv,null_statistics/batch-57-replication-4.npy,batch-f4-linear-null-transfer,2053475088511900920,16839129340519908189,13969293374243104873,0.19477249999181367,,,batch-f4-linear-null-transfer-20260822-001
F4,X1,X3,f4-linear-null-transfer,57,5,0.0629675676784842,0.19,residual_samples/batch-57-replication-5.csv,null_statistics/batch-57-replication-5.npy,batch-f4-linear-null-transfer,14799285438045494608,10448141696329526518,9960051350129776265,0.20503460001782514,,,batch-f4-linear-null-transfer-20260822-001
F4,X1,X3,f4-linear-null-transfer,57,6,0.045823973423428636,0.84,residual_samples/batch-57-replication-6.csv,null_statistics/batch-57-replication-6.npy,batch-f4-linear-null-transfer,9371146679902317335,16866993261130293968,11538933396099558891,0.20772830001078546,,,batch-f4-linear-null-transfer-20260822-001
F4,X1,X3,f4-linear-null-transfer,57,7,0.041236670809254784,0.93,residual_samples/batch-57-replication-7.csv,null_statistics/batch-57-replication-7.npy,batch-f4-linear-null-transfer,16089238421906023113,17896352961635360458,11165434678396186745,0.19897739999578334,,,batch-f4-linear-null-transfer-20260822-001
F4,X1,X3,f4-linear-null-transfer,57,8,0.0693647196512175,0.125,residual_samples/batch-57-replication-8.csv,null_statistics/batch-57-replication-8.npy,batch-f4-linear-null-transfer,16447437999617240473,653085577620829849,7047975155192834088,0.19798379999701865,,,batch-f4-linear-null-transfer-20260822-001
F4,X1,X3,f4-linear-null-transfer,57,9,0.05599989039252544,0.38,residual_samples/batch-57-replication-9.csv,null_statistics/batch-57-replication-9.npy,batch-f4-linear-null-transfer,7928483180216837420,9989326714428472122,14060265723536850777,0.19766400000662543,,,batch-f4-linear-null-transfer-20260822-001
F4,X1,X3,f4-linear-null-transfer,58,0,0.04999991907992404,0.6,residual_samples/batch-58-replication-0.csv,null_statistics/batch-58-replication-0.npy,batch-f4-linear-null-transfer,15129538263939011086,3891759024319983072,7912633730220683590,0.20099119999213144,,,batch-f4-linear-null-transfer-20260822-001
F4,X1,X3,f4-linear-null-transfer,58,1,0.05745102088081584,0.285,residual_samples/batch-58-replication-1.csv,null_statistics/batch-58-replication-1.npy,batch-f4-linear-null-transfer,3656744238465868930,17333659729255432008,17938213416008948660,0.20287450001342222,,,batch-f4-linear-null-transfer-20260822-001
F4,X1,X3,f4-linear-null-transfer,58,2,0.0516183330869628,0.53,residual_samples/batch-58-replication-2.csv,null_statistics/batch-58-replication-2.npy,batch-f4-linear-null-transfer,1790499004222708878,11488815438282915779,10638579333391049558,0.20388850002200343,,,batch-f4-linear-null-transfer-20260822-001
F4,X1,X3,f4-linear-null-transfer,58,3,0.060586557265903805,0.26,residual_samples/batch-58-replication-3.csv,null_statistics/batch-58-replication-3.npy,batch-f4-linear-null-transfer,10795241292146275937,276338236236211911,1601900529030594257,0.20076150001841597,,,batch-f4-linear-null-transfer-20260822-001
F4,X1,X3,f4-linear-null-transfer,58,4,0.04519031036683478,0.85,residual_samples/batch-58-replication-4.csv,null_statistics/batch-58-replication-4.npy,batch-f4-linear-null-transfer,9705591642562587320,52783541949296920,1715295563351175300,0.20661189997917973,,,batch-f4-linear-null-transfer-20260822-001
F4,X1,X3,f4-linear-null-transfer,58,5,0.054997199844746,0.465,residual_samples/batch-58-replication-5.csv,null_statistics/batch-58-replication-5.npy,batch-f4-linear-null-transfer,9584679796873395975,17583546345790729271,2192325261571165763,0.2177261000033468,,,batch-f4-linear-null-transfer-20260822-001
F4,X1,X3,f4-linear-null-transfer,58,6,0.04935998624582864,0.65,residual_samples/batch-58-replication-6.csv,null_statistics/batch-58-replication-6.npy,batch-f4-linear-null-transfer,14677390247684339515,16943352409627030380,13932678204771118329,0.19972209999104962,,,batch-f4-linear-null-transfer-20260822-001
F4,X1,X3,f4-linear-null-transfer,58,7,0.057636686180762904,0.315,residual_samples/batch-58-replication-7.csv,null_statistics/batch-58-replication-7.npy,batch-f4-linear-null-transfer,8575560910843930794,9746870913448652181,1790735873051828251,0.19607970002107322,,,batch-f4-linear-null-transfer-20260822-001
F4,X1,X3,f4-linear-null-transfer,58,8,0.053570540453641964,0.43,residual_samples/batch-58-replication-8.csv,null_statistics/batch-58-replication-8.npy,batch-f4-linear-null-transfer,6030464274261187524,6027748109137571548,5430628090262494703,0.1989287000033073,,,batch-f4-linear-null-transfer-20260822-001
F4,X1,X3,f4-linear-null-transfer,58,9,0.06072406109480849,0.235,residual_samples/batch-58-replication-9.csv,null_statistics/batch-58-replication-9.npy,batch-f4-linear-null-transfer,6688700643828638298,1718696257030212385,11570112120475218437,0.1982838999829255,,,batch-f4-linear-null-transfer-20260822-001
F4,X1,X3,f4-linear-null-transfer,59,0,0.06757262528192397,0.105,residual_samples/batch-59-replication-0.csv,null_statistics/batch-59-replication-0.npy,batch-f4-linear-null-transfer,7024631447520129251,11975427348649586732,5294988910008972783,0.19888939999509603,,,batch-f4-linear-null-transfer-20260822-001
F4,X1,X3,f4-linear-null-transfer,59,1,0.04984647836832884,0.69,residual_samples/batch-59-replication-1.csv,null_statistics/batch-59-replication-1.npy,batch-f4-linear-null-transfer,4830298324587088087,5666406195357054531,226034542219197417,0.19543870000052266,,,batch-f4-linear-null-transfer-20260822-001
F4,X1,X3,f4-linear-null-transfer,59,2,0.04929794429788875,0.68,residual_samples/batch-59-replication-2.csv,null_statistics/batch-59-replication-2.npy,batch-f4-linear-null-transfer,7569244848084814570,2737396448250475783,10823810528541264223,0.19621779999579303,,,batch-f4-linear-null-transfer-20260822-001
F4,X1,X3,f4-linear-null-transfer,59,3,0.05268713033368283,0.49,residual_samples/batch-59-replication-3.csv,null_statistics/batch-59-replication-3.npy,batch-f4-linear-null-transfer,17084314868835014288,12199942939002566026,12915379076024378210,0.20149039998068474,,,batch-f4-linear-null-transfer-20260822-001
F4,X1,X3,f4-linear-null-transfer,59,4,0.05135223782183239,0.5,residual_samples/batch-59-replication-4.csv,null_statistics/batch-59-replication-4.npy,batch-f4-linear-null-transfer,15558746892247638604,2297802960942700818,14643780529001699329,0.2024579000135418,,,batch-f4-linear-null-transfer-20260822-001
F4,X1,X3,f4-linear-null-transfer,59,5,0.049812353568461094,0.59,residual_samples/batch-59-replication-5.csv,null_statistics/batch-59-replication-5.npy,batch-f4-linear-null-transfer,4692840656832989189,7672174583438238247,4001867999186611200,0.19831609999528155,,,batch-f4-linear-null-transfer-20260822-001
F4,X1,X3,f4-linear-null-transfer,59,6,0.05731113936891309,0.36,residual_samples/batch-59-replication-6.csv,null_statistics/batch-59-replication-6.npy,batch-f4-linear-null-transfer,226632559466131116,3982529552145687633,11612372685059418201,0.1949492999992799,,,batch-f4-linear-null-transfer-20260822-001
F4,X1,X3,f4-linear-null-transfer,59,7,0.04227928699236512,0.9,residual_samples/batch-59-replication-7.csv,null_statistics/batch-59-replication-7.npy,batch-f4-linear-null-transfer,16527984679698305089,3115418044975468970,3395824381920247984,0.19648879999294877,,,batch-f4-linear-null-transfer-20260822-001
F4,X1,X3,f4-linear-null-transfer,59,8,0.04677159428732946,0.76,residual_samples/batch-59-replication-8.csv,null_statistics/batch-59-replication-8.npy,batch-f4-linear-null-transfer,13297725087743840840,13525898775657503701,17635831825950902105,0.19782499998109415,,,batch-f4-linear-null-transfer-20260822-001
F4,X1,X3,f4-linear-null-transfer,59,9,0.06061684239653141,0.3,residual_samples/batch-59-replication-9.csv,null_statistics/batch-59-replication-9.npy,batch-f4-linear-null-transfer,5041099707916585232,4108142129833245554,4210187287480671682,0.1962640999990981,,,batch-f4-linear-null-transfer-20260822-001
F4,X1,X3,f4-linear-null-transfer,60,0,0.05117486868799492,0.625,residual_samples/batch-60-replication-0.csv,null_statistics/batch-60-replication-0.npy,batch-f4-linear-null-transfer,11894994344551193382,3346222184745018273,4593564559638000505,0.19626640001661144,,,batch-f4-linear-null-transfer-20260822-001
F4,X1,X3,f4-linear-null-transfer,60,1,0.05190823496425247,0.56,residual_samples/batch-60-replication-1.csv,null_statistics/batch-60-replication-1.npy,batch-f4-linear-null-transfer,279385976265850267,15745407516843378752,12979817168119948749,0.1974323999893386,,,batch-f4-linear-null-transfer-20260822-001
F4,X1,X3,f4-linear-null-transfer,60,2,0.04925795593367153,0.675,residual_samples/batch-60-replication-2.csv,null_statistics/batch-60-replication-2.npy,batch-f4-linear-null-transfer,10492841949867469633,17212874485510008491,7252101210389575534,0.19407259998843074,,,batch-f4-linear-null-transfer-20260822-001
F4,X1,X3,f4-linear-null-transfer,60,3,0.04344206909906321,0.945,residual_samples/batch-60-replication-3.csv,null_statistics/batch-60-replication-3.npy,batch-f4-linear-null-transfer,16578843052422140888,14674612645753829040,5044548318475599460,0.19443539998610504,,,batch-f4-linear-null-transfer-20260822-001
F4,X1,X3,f4-linear-null-transfer,60,4,0.053969201590542616,0.475,residual_samples/batch-60-replication-4.csv,null_statistics/batch-60-replication-4.npy,batch-f4-linear-null-transfer,705213070451930244,7933893292699347797,6265856510324474844,0.19321140000829473,,,batch-f4-linear-null-transfer-20260822-001
F4,X1,X3,f4-linear-null-transfer,60,5,0.08211898729437422,0.045,residual_samples/batch-60-replication-5.csv,null_statistics/batch-60-replication-5.npy,batch-f4-linear-null-transfer,10148383335961337769,15152648999924063826,14950161352349461660,0.19534200002090074,,,batch-f4-linear-null-transfer-20260822-001
F4,X1,X3,f4-linear-null-transfer,60,6,0.08265792890962975,0.03,residual_samples/batch-60-replication-6.csv,null_statistics/batch-60-replication-6.npy,batch-f4-linear-null-transfer,12500488882424579560,1516693819525064981,4251636994037674231,0.19634679998853244,,,batch-f4-linear-null-transfer-20260822-001
F4,X1,X3,f4-linear-null-transfer,60,7,0.07550233207434977,0.06,residual_samples/batch-60-replication-7.csv,null_statistics/batch-60-replication-7.npy,batch-f4-linear-null-transfer,8152652053845730293,13239245104446371033,13911407863408740135,0.20006140001351014,,,batch-f4-linear-null-transfer-20260822-001
F4,X1,X3,f4-linear-null-transfer,60,8,0.049012788520883296,0.63,residual_samples/batch-60-replication-8.csv,null_statistics/batch-60-replication-8.npy,batch-f4-linear-null-transfer,15862177847856460647,15009570068596150279,14434740278774765379,0.20689120001043193,,,batch-f4-linear-null-transfer-20260822-001
F4,X1,X3,f4-linear-null-transfer,60,9,0.05031356714466678,0.635,residual_samples/batch-60-replication-9.csv,null_statistics/batch-60-replication-9.npy,batch-f4-linear-null-transfer,16943740380417744377,10078094566637450147,5089320656449741864,0.20391039998503402,,,batch-f4-linear-null-transfer-20260822-001
F4,X1,X3,f4-linear-null-transfer,61,0,0.05169269005258663,0.56,residual_samples/batch-61-replication-0.csv,null_statistics/batch-61-replication-0.npy,batch-f4-linear-null-transfer,12698823215286839921,5497134910803681002,1184348139349168999,0.2066837000020314,,,batch-f4-linear-null-transfer-20260822-001
F4,X1,X3,f4-linear-null-transfer,61,1,0.04909752145387053,0.65,residual_samples/batch-61-replication-1.csv,null_statistics/batch-61-replication-1.npy,batch-f4-linear-null-transfer,14153600478236782274,6771666127310226130,15486247669034705569,0.19649239999125712,,,batch-f4-linear-null-transfer-20260822-001
F4,X1,X3,f4-linear-null-transfer,61,2,0.05196630735461107,0.55,residual_samples/batch-61-replication-2.csv,null_statistics/batch-61-replication-2.npy,batch-f4-linear-null-transfer,4826992802022206015,2881871338723447703,1192118239570595742,0.19868820000556298,,,batch-f4-linear-null-transfer-20260822-001
F4,X1,X3,f4-linear-null-transfer,61,3,0.07857282385341098,0.045,residual_samples/batch-61-replication-3.csv,null_statistics/batch-61-replication-3.npy,batch-f4-linear-null-transfer,5193980831333478303,12005633939992172680,5604897077078206005,0.2289965999952983,,,batch-f4-linear-null-transfer-20260822-001
F4,X1,X3,f4-linear-null-transfer,61,4,0.04064400986034537,0.96,residual_samples/batch-61-replication-4.csv,null_statistics/batch-61-replication-4.npy,batch-f4-linear-null-transfer,1728991987893154649,14978494904952349344,7074656429117438801,0.20137830000021495,,,batch-f4-linear-null-transfer-20260822-001
F4,X1,X3,f4-linear-null-transfer,61,5,0.04868861493119905,0.645,residual_samples/batch-61-replication-5.csv,null_statistics/batch-61-replication-5.npy,batch-f4-linear-null-transfer,10686013286510432449,17316181042737518895,17642463685246804240,0.1920881999831181,,,batch-f4-linear-null-transfer-20260822-001
F4,X1,X3,f4-linear-null-transfer,61,6,0.04794588414265039,0.695,residual_samples/batch-61-replication-6.csv,null_statistics/batch-61-replication-6.npy,batch-f4-linear-null-transfer,3026255819979716666,6531266923849498562,3361971263107587774,0.19536300000618212,,,batch-f4-linear-null-transfer-20260822-001
F4,X1,X3,f4-linear-null-transfer,61,7,0.04722127416956266,0.65,residual_samples/batch-61-replication-7.csv,null_statistics/batch-61-replication-7.npy,batch-f4-linear-null-transfer,12508469009867801521,716837453383390843,9233538020533541570,0.1974472000147216,,,batch-f4-linear-null-transfer-20260822-001
F4,X1,X3,f4-linear-null-transfer,61,8,0.07274877447923493,0.085,residual_samples/batch-61-replication-8.csv,null_statistics/batch-61-replication-8.npy,batch-f4-linear-null-transfer,816122624063848232,2769155726669023393,16712460855534926762,0.20027160001336597,,,batch-f4-linear-null-transfer-20260822-001
F4,X1,X3,f4-linear-null-transfer,61,9,0.06323848260198803,0.19,residual_samples/batch-61-replication-9.csv,null_statistics/batch-61-replication-9.npy,batch-f4-linear-null-transfer,13400031425386128014,11967950324852122907,9545381425819463955,0.21042849999503233,,,batch-f4-linear-null-transfer-20260822-001
F4,X1,X3,f4-linear-null-transfer,62,0,0.0502776884720695,0.55,residual_samples/batch-62-replication-0.csv,null_statistics/batch-62-replication-0.npy,batch-f4-linear-null-transfer,1930971665898260306,14881094410681960570,3125764862835264856,0.20360290000098757,,,batch-f4-linear-null-transfer-20260822-001
F4,X1,X3,f4-linear-null-transfer,62,1,0.05764665151621698,0.32,residual_samples/batch-62-replication-1.csv,null_statistics/batch-62-replication-1.npy,batch-f4-linear-null-transfer,2775623043624885248,9357842973087620512,9932624163529014869,0.2134465999843087,,,batch-f4-linear-null-transfer-20260822-001
F4,X1,X3,f4-linear-null-transfer,62,2,0.05734132623188671,0.38,residual_samples/batch-62-replication-2.csv,null_statistics/batch-62-replication-2.npy,batch-f4-linear-null-transfer,16732003340608932987,9838287219864402963,5672873664214222238,0.20699819998117164,,,batch-f4-linear-null-transfer-20260822-001
F4,X1,X3,f4-linear-null-transfer,62,3,0.07904604490230768,0.03,residual_samples/batch-62-replication-3.csv,null_statistics/batch-62-replication-3.npy,batch-f4-linear-null-transfer,15365788957893074568,783960552928962524,2996662997338713141,0.2004118000040762,,,batch-f4-linear-null-transfer-20260822-001
F4,X1,X3,f4-linear-null-transfer,62,4,0.050241035153251866,0.595,residual_samples/batch-62-replication-4.csv,null_statistics/batch-62-replication-4.npy,batch-f4-linear-null-transfer,14248354611366787478,2177123544865439212,13454889495940300789,0.21197420000680722,,,batch-f4-linear-null-transfer-20260822-001
F4,X1,X3,f4-linear-null-transfer,62,5,0.056156127523475804,0.355,residual_samples/batch-62-replication-5.csv,null_statistics/batch-62-replication-5.npy,batch-f4-linear-null-transfer,634083465613596643,12956369180594023765,4809584101743406969,0.21079290000488982,,,batch-f4-linear-null-transfer-20260822-001
F4,X1,X3,f4-linear-null-transfer,62,6,0.05624859698977581,0.37,residual_samples/batch-62-replication-6.csv,null_statistics/batch-62-replication-6.npy,batch-f4-linear-null-transfer,11841789212084830330,12149219360497446571,14200276689897850648,0.21062199998414144,,,batch-f4-linear-null-transfer-20260822-001
F4,X1,X3,f4-linear-null-transfer,62,7,0.06526117112301794,0.19,residual_samples/batch-62-replication-7.csv,null_statistics/batch-62-replication-7.npy,batch-f4-linear-null-transfer,6453223583336557411,15266404069512736938,2434038929460097726,0.21287600000505336,,,batch-f4-linear-null-transfer-20260822-001
F4,X1,X3,f4-linear-null-transfer,62,8,0.06834102579358396,0.11,residual_samples/batch-62-replication-8.csv,null_statistics/batch-62-replication-8.npy,batch-f4-linear-null-transfer,3739033655040357700,16626437843384673881,9221392131600402064,0.2085091999906581,,,batch-f4-linear-null-transfer-20260822-001
F4,X1,X3,f4-linear-null-transfer,62,9,0.08692987696826536,0.03,residual_samples/batch-62-replication-9.csv,null_statistics/batch-62-replication-9.npy,batch-f4-linear-null-transfer,9665504346963214706,2649937015818669973,2356068673427060913,0.20557200000621378,,,batch-f4-linear-null-transfer-20260822-001
F4,X1,X3,f4-linear-null-transfer,63,0,0.04623462411695172,0.805,residual_samples/batch-63-replication-0.csv,null_statistics/batch-63-replication-0.npy,batch-f4-linear-null-transfer,18366305142886461307,13410087381476063057,4361477485984185051,0.2048551000189036,,,batch-f4-linear-null-transfer-20260822-001
F4,X1,X3,f4-linear-null-transfer,63,1,0.0581059307751473,0.335,residual_samples/batch-63-replication-1.csv,null_statistics/batch-63-replication-1.npy,batch-f4-linear-null-transfer,7836340161491862865,14339711773786657353,3098334137245870714,0.20609069999773055,,,batch-f4-linear-null-transfer-20260822-001
F4,X1,X3,f4-linear-null-transfer,63,2,0.06480190972186525,0.18,residual_samples/batch-63-replication-2.csv,null_statistics/batch-63-replication-2.npy,batch-f4-linear-null-transfer,9794740239643680276,9670919523311380742,18405308711158937249,0.21194269999978133,,,batch-f4-linear-null-transfer-20260822-001
F4,X1,X3,f4-linear-null-transfer,63,3,0.046640644724922076,0.78,residual_samples/batch-63-replication-3.csv,null_statistics/batch-63-replication-3.npy,batch-f4-linear-null-transfer,404060420880882780,10220733685118346993,7296973274459927575,0.21076019998872653,,,batch-f4-linear-null-transfer-20260822-001
F4,X1,X3,f4-linear-null-transfer,63,4,0.05158924138268254,0.545,residual_samples/batch-63-replication-4.csv,null_statistics/batch-63-replication-4.npy,batch-f4-linear-null-transfer,1712806332736701125,555536692953696660,1204380950495520447,0.20622709998860955,,,batch-f4-linear-null-transfer-20260822-001
F4,X1,X3,f4-linear-null-transfer,63,5,0.049565353708533544,0.66,residual_samples/batch-63-replication-5.csv,null_statistics/batch-63-replication-5.npy,batch-f4-linear-null-transfer,372616613290869658,1093127896079602005,12165521884510285540,0.20047039998462424,,,batch-f4-linear-null-transfer-20260822-001
F4,X1,X3,f4-linear-null-transfer,63,6,0.045993512429983216,0.815,residual_samples/batch-63-replication-6.csv,null_statistics/batch-63-replication-6.npy,batch-f4-linear-null-transfer,18355045555879164982,1473585626298113251,3498292374101775962,0.21068819999345578,,,batch-f4-linear-null-transfer-20260822-001
F4,X1,X3,f4-linear-null-transfer,63,7,0.08363061599937274,0.025,residual_samples/batch-63-replication-7.csv,null_statistics/batch-63-replication-7.npy,batch-f4-linear-null-transfer,2901387101793617708,18000043687091031020,23058103644596447,0.21062300002085976,,,batch-f4-linear-null-transfer-20260822-001
F4,X1,X3,f4-linear-null-transfer,63,8,0.0506835380633297,0.62,residual_samples/batch-63-replication-8.csv,null_statistics/batch-63-replication-8.npy,batch-f4-linear-null-transfer,13259234303326106577,2359656435095421390,2004709272795884437,0.20405490000848658,,,batch-f4-linear-null-transfer-20260822-001
F4,X1,X3,f4-linear-null-transfer,63,9,0.0660121087512767,0.125,residual_samples/batch-63-replication-9.csv,null_statistics/batch-63-replication-9.npy,batch-f4-linear-null-transfer,1790003121930637987,13965497864835081184,17558442272945078352,0.20293120000860654,,,batch-f4-linear-null-transfer-20260822-001
F4,X1,X3,f4-linear-null-transfer,64,0,0.05069822565964386,0.66,residual_samples/batch-64-replication-0.csv,null_statistics/batch-64-replication-0.npy,batch-f4-linear-null-transfer,7313069580812732926,5626921025262323291,699446344974392011,0.20748620000085793,,,batch-f4-linear-null-transfer-20260822-001
F4,X1,X3,f4-linear-null-transfer,64,1,0.03912296312075244,0.995,residual_samples/batch-64-replication-1.csv,null_statistics/batch-64-replication-1.npy,batch-f4-linear-null-transfer,1750924807284463929,17222609931889038457,13883657592946108244,0.20752880000509322,,,batch-f4-linear-null-transfer-20260822-001
F4,X1,X3,f4-linear-null-transfer,64,2,0.04041255232035261,0.97,residual_samples/batch-64-replication-2.csv,null_statistics/batch-64-replication-2.npy,batch-f4-linear-null-transfer,584093633978020069,12888754974196511639,10796268503977831890,0.20231469999998808,,,batch-f4-linear-null-transfer-20260822-001
F4,X1,X3,f4-linear-null-transfer,64,3,0.05374829989651435,0.43,residual_samples/batch-64-replication-3.csv,null_statistics/batch-64-replication-3.npy,batch-f4-linear-null-transfer,2325231756777561390,16525316590332989002,8141980367503461436,0.20606329999282025,,,batch-f4-linear-null-transfer-20260822-001
F4,X1,X3,f4-linear-null-transfer,64,4,0.041698482004023436,0.915,residual_samples/batch-64-replication-4.csv,null_statistics/batch-64-replication-4.npy,batch-f4-linear-null-transfer,1691780437128208760,9715282460874302094,12150733521568258881,0.19649169998592697,,,batch-f4-linear-null-transfer-20260822-001
F4,X1,X3,f4-linear-null-transfer,64,5,0.04454922555980333,0.82,residual_samples/batch-64-replication-5.csv,null_statistics/batch-64-replication-5.npy,batch-f4-linear-null-transfer,14392615332786330620,15818613389523208105,5119156794928761140,0.1974511000153143,,,batch-f4-linear-null-transfer-20260822-001
F4,X1,X3,f4-linear-null-transfer,64,6,0.05524175207728921,0.41,residual_samples/batch-64-replication-6.csv,null_statistics/batch-64-replication-6.npy,batch-f4-linear-null-transfer,10570164622057232520,10816578425981851405,13142312956266316815,0.2008217000111472,,,batch-f4-linear-null-transfer-20260822-001
F4,X1,X3,f4-linear-null-transfer,64,7,0.047577601898888204,0.72,residual_samples/batch-64-replication-7.csv,null_statistics/batch-64-replication-7.npy,batch-f4-linear-null-transfer,11122774525591021660,15575646751961641528,13046136825150634345,0.19578320000437088,,,batch-f4-linear-null-transfer-20260822-001
F4,X1,X3,f4-linear-null-transfer,64,8,0.056036739663934944,0.405,residual_samples/batch-64-replication-8.csv,null_statistics/batch-64-replication-8.npy,batch-f4-linear-null-transfer,1810808871039884940,1720630104464614534,3789821143262911126,0.19828730000881478,,,batch-f4-linear-null-transfer-20260822-001
F4,X1,X3,f4-linear-null-transfer,64,9,0.051845448994613845,0.615,residual_samples/batch-64-replication-9.csv,null_statistics/batch-64-replication-9.npy,batch-f4-linear-null-transfer,7333829056463600728,14865252181089407393,4882052452783682051,0.19693249999545515,,,batch-f4-linear-null-transfer-20260822-001
F4,X1,X3,f4-linear-null-transfer,65,0,0.07741511321295548,0.06,residual_samples/batch-65-replication-0.csv,null_statistics/batch-65-replication-0.npy,batch-f4-linear-null-transfer,1999072590726431733,6136116505429971012,534533523120632312,0.19876379999914207,,,batch-f4-linear-null-transfer-20260822-001
F4,X1,X3,f4-linear-null-transfer,65,1,0.05657929294496363,0.365,residual_samples/batch-65-replication-1.csv,null_statistics/batch-65-replication-1.npy,batch-f4-linear-null-transfer,15084498673086008900,2750085371391254715,8681193792010785299,0.19822649998241104,,,batch-f4-linear-null-transfer-20260822-001
F4,X1,X3,f4-linear-null-transfer,65,2,0.05241542392226667,0.565,residual_samples/batch-65-replication-2.csv,null_statistics/batch-65-replication-2.npy,batch-f4-linear-null-transfer,3962484410990355978,13655383688291497580,2183141733624558916,0.20517909998307005,,,batch-f4-linear-null-transfer-20260822-001
F4,X1,X3,f4-linear-null-transfer,65,3,0.0577527711241945,0.385,residual_samples/batch-65-replication-3.csv,null_statistics/batch-65-replication-3.npy,batch-f4-linear-null-transfer,2578155572888145618,6172958050930383591,18371485910605890941,0.2111377000110224,,,batch-f4-linear-null-transfer-20260822-001
F4,X1,X3,f4-linear-null-transfer,65,4,0.04290823501882037,0.91,residual_samples/batch-65-replication-4.csv,null_statistics/batch-65-replication-4.npy,batch-f4-linear-null-transfer,3375146023837653155,8076432204621821199,11946669619636338260,0.2042834000021685,,,batch-f4-linear-null-transfer-20260822-001
F4,X1,X3,f4-linear-null-transfer,65,5,0.0643438310131845,0.21,residual_samples/batch-65-replication-5.csv,null_statistics/batch-65-replication-5.npy,batch-f4-linear-null-transfer,17146963137792113305,9921021760047427948,145843679829496137,0.2016818999836687,,,batch-f4-linear-null-transfer-20260822-001
F4,X1,X3,f4-linear-null-transfer,65,6,0.05922051951774118,0.29,residual_samples/batch-65-replication-6.csv,null_statistics/batch-65-replication-6.npy,batch-f4-linear-null-transfer,3945464488771151913,14316055263256662883,6286620022055935196,0.20368520001647994,,,batch-f4-linear-null-transfer-20260822-001
F4,X1,X3,f4-linear-null-transfer,65,7,0.04999356589085426,0.615,residual_samples/batch-65-replication-7.csv,null_statistics/batch-65-replication-7.npy,batch-f4-linear-null-transfer,8232455548394306129,1367914753493616483,11240602619235798755,0.21356880001258105,,,batch-f4-linear-null-transfer-20260822-001
F4,X1,X3,f4-linear-null-transfer,65,8,0.06769897747416592,0.165,residual_samples/batch-65-replication-8.csv,null_statistics/batch-65-replication-8.npy,batch-f4-linear-null-transfer,10924424052115468786,2769082608669633993,13521828856667575533,0.20461810001870617,,,batch-f4-linear-null-transfer-20260822-001
F4,X1,X3,f4-linear-null-transfer,65,9,0.06410054527814248,0.105,residual_samples/batch-65-replication-9.csv,null_statistics/batch-65-replication-9.npy,batch-f4-linear-null-transfer,1717777620400841444,15190853119739651494,17793075848033773982,0.19467040000017732,,,batch-f4-linear-null-transfer-20260822-001
F4,X1,X3,f4-linear-null-transfer,66,0,0.04955448922368157,0.68,residual_samples/batch-66-replication-0.csv,null_statistics/batch-66-replication-0.npy,batch-f4-linear-null-transfer,4838243786331589727,3130563574527094629,9970640036331248393,0.1968598999956157,,,batch-f4-linear-null-transfer-20260822-001
F4,X1,X3,f4-linear-null-transfer,66,1,0.03886181341366909,0.985,residual_samples/batch-66-replication-1.csv,null_statistics/batch-66-replication-1.npy,batch-f4-linear-null-transfer,9095015839109958420,1177199309859398091,8647222437082071062,0.20884110001497902,,,batch-f4-linear-null-transfer-20260822-001
F4,X1,X3,f4-linear-null-transfer,66,2,0.04757109223137346,0.77,residual_samples/batch-66-replication-2.csv,null_statistics/batch-66-replication-2.npy,batch-f4-linear-null-transfer,5151985456586139094,13170239456831263152,17074536278446882233,0.2127760000003036,,,batch-f4-linear-null-transfer-20260822-001
F4,X1,X3,f4-linear-null-transfer,66,3,0.04176680444531358,0.91,residual_samples/batch-66-replication-3.csv,null_statistics/batch-66-replication-3.npy,batch-f4-linear-null-transfer,16204666536725977233,3891754863701196791,7968182236318249124,0.19617920002201572,,,batch-f4-linear-null-transfer-20260822-001
F4,X1,X3,f4-linear-null-transfer,66,4,0.06926823707351283,0.06,residual_samples/batch-66-replication-4.csv,null_statistics/batch-66-replication-4.npy,batch-f4-linear-null-transfer,2066042514634241527,1354633015763262426,5546823297757359615,0.1937300999998115,,,batch-f4-linear-null-transfer-20260822-001
F4,X1,X3,f4-linear-null-transfer,66,5,0.0412513702837733,0.925,residual_samples/batch-66-replication-5.csv,null_statistics/batch-66-replication-5.npy,batch-f4-linear-null-transfer,5241025469715553491,452011356616867852,297657787855383231,0.19200850001652725,,,batch-f4-linear-null-transfer-20260822-001
F4,X1,X3,f4-linear-null-transfer,66,6,0.050538330589158284,0.565,residual_samples/batch-66-replication-6.csv,null_statistics/batch-66-replication-6.npy,batch-f4-linear-null-transfer,1205666850980917504,2304704684246454284,14047030851696940377,0.19228720001410693,,,batch-f4-linear-null-transfer-20260822-001
F4,X1,X3,f4-linear-null-transfer,66,7,0.04887280379279536,0.615,residual_samples/batch-66-replication-7.csv,null_statistics/batch-66-replication-7.npy,batch-f4-linear-null-transfer,1836943412135956350,7702461268110677909,15347850970908357424,0.19395369998528622,,,batch-f4-linear-null-transfer-20260822-001
F4,X1,X3,f4-linear-null-transfer,66,8,0.044554383629236444,0.85,residual_samples/batch-66-replication-8.csv,null_statistics/batch-66-replication-8.npy,batch-f4-linear-null-transfer,9749454586236953418,9904234986615164903,6514749458941625059,0.19402809999883175,,,batch-f4-linear-null-transfer-20260822-001
F4,X1,X3,f4-linear-null-transfer,66,9,0.05359101347235301,0.47,residual_samples/batch-66-replication-9.csv,null_statistics/batch-66-replication-9.npy,batch-f4-linear-null-transfer,841807060835362613,3811486250522558123,7675469793487157761,0.193858899991028,,,batch-f4-linear-null-transfer-20260822-001
F4,X1,X3,f4-linear-null-transfer,67,0,0.06387762031743198,0.16,residual_samples/batch-67-replication-0.csv,null_statistics/batch-67-replication-0.npy,batch-f4-linear-null-transfer,17935776270009912997,9049487714170567175,2839919923388803015,0.19325660000322387,,,batch-f4-linear-null-transfer-20260822-001
F4,X1,X3,f4-linear-null-transfer,67,1,0.05686905697389525,0.415,residual_samples/batch-67-replication-1.csv,null_statistics/batch-67-replication-1.npy,batch-f4-linear-null-transfer,15521180780751083653,17208342919206521454,10362020940429331133,0.19203659999766387,,,batch-f4-linear-null-transfer-20260822-001
F4,X1,X3,f4-linear-null-transfer,67,2,0.04490356430794935,0.795,residual_samples/batch-67-replication-2.csv,null_statistics/batch-67-replication-2.npy,batch-f4-linear-null-transfer,5814898134604995439,12575765670684727034,11095672966000755976,0.19388899998739362,,,batch-f4-linear-null-transfer-20260822-001
F4,X1,X3,f4-linear-null-transfer,67,3,0.053850813740893455,0.495,residual_samples/batch-67-replication-3.csv,null_statistics/batch-67-replication-3.npy,batch-f4-linear-null-transfer,13174821790451396595,16990407126375325265,1713016180268739557,0.19253380000009201,,,batch-f4-linear-null-transfer-20260822-001
F4,X1,X3,f4-linear-null-transfer,67,4,0.06351921879530106,0.19,residual_samples/batch-67-replication-4.csv,null_statistics/batch-67-replication-4.npy,batch-f4-linear-null-transfer,12604609309967920522,11748146272674806505,1144281674715217616,0.19228370001656003,,,batch-f4-linear-null-transfer-20260822-001
F4,X1,X3,f4-linear-null-transfer,67,5,0.055769769690377884,0.38,residual_samples/batch-67-replication-5.csv,null_statistics/batch-67-replication-5.npy,batch-f4-linear-null-transfer,5536948328388049831,15185322873709646049,18312254031550002371,0.1958054999995511,,,batch-f4-linear-null-transfer-20260822-001
F4,X1,X3,f4-linear-null-transfer,67,6,0.05696026462271546,0.37,residual_samples/batch-67-replication-6.csv,null_statistics/batch-67-replication-6.npy,batch-f4-linear-null-transfer,848251006991751167,8582844424755879537,16703054047990560130,0.19325250000110827,,,batch-f4-linear-null-transfer-20260822-001
F4,X1,X3,f4-linear-null-transfer,67,7,0.09668255835208787,0.01,residual_samples/batch-67-replication-7.csv,null_statistics/batch-67-replication-7.npy,batch-f4-linear-null-transfer,10209896607926730470,6968462591174262319,16454049745506778148,0.19671530000050552,,,batch-f4-linear-null-transfer-20260822-001
F4,X1,X3,f4-linear-null-transfer,67,8,0.05321363521413161,0.525,residual_samples/batch-67-replication-8.csv,null_statistics/batch-67-replication-8.npy,batch-f4-linear-null-transfer,17611183454196575856,7779107537607792369,15929227873272353285,0.19722339999862015,,,batch-f4-linear-null-transfer-20260822-001
F4,X1,X3,f4-linear-null-transfer,67,9,0.0525513060720252,0.585,residual_samples/batch-67-replication-9.csv,null_statistics/batch-67-replication-9.npy,batch-f4-linear-null-transfer,5958264463289251377,16529463276659755391,1544306098753107877,0.19553100000484847,,,batch-f4-linear-null-transfer-20260822-001
F4,X1,X3,f4-linear-null-transfer,68,0,0.04939452352492423,0.605,residual_samples/batch-68-replication-0.csv,null_statistics/batch-68-replication-0.npy,batch-f4-linear-null-transfer,8052344223956328254,3195970930552259215,9411127352504590282,0.19576139998389408,,,batch-f4-linear-null-transfer-20260822-001
F4,X1,X3,f4-linear-null-transfer,68,1,0.05092036083799832,0.58,residual_samples/batch-68-replication-1.csv,null_statistics/batch-68-replication-1.npy,batch-f4-linear-null-transfer,16791467724885684213,14611587289190039386,547346690020413422,0.19523749998188578,,,batch-f4-linear-null-transfer-20260822-001
F4,X1,X3,f4-linear-null-transfer,68,2,0.042506813563711436,0.93,residual_samples/batch-68-replication-2.csv,null_statistics/batch-68-replication-2.npy,batch-f4-linear-null-transfer,9655772250634731471,6594625388784475737,9240659606473554146,0.19555140001466498,,,batch-f4-linear-null-transfer-20260822-001
F4,X1,X3,f4-linear-null-transfer,68,3,0.05681384540781135,0.37,residual_samples/batch-68-replication-3.csv,null_statistics/batch-68-replication-3.npy,batch-f4-linear-null-transfer,14080301808637141524,43929472206160396,13421956578903604813,0.1969987000047695,,,batch-f4-linear-null-transfer-20260822-001
F4,X1,X3,f4-linear-null-transfer,68,4,0.05932903417144033,0.325,residual_samples/batch-68-replication-4.csv,null_statistics/batch-68-replication-4.npy,batch-f4-linear-null-transfer,10914602057643487590,8531019500537333831,8610457815118642165,0.19464260002132505,,,batch-f4-linear-null-transfer-20260822-001
F4,X1,X3,f4-linear-null-transfer,68,5,0.05009416691190744,0.645,residual_samples/batch-68-replication-5.csv,null_statistics/batch-68-replication-5.npy,batch-f4-linear-null-transfer,13584787000215143597,216852108121834170,17309811353572244519,0.19746240001404658,,,batch-f4-linear-null-transfer-20260822-001
F4,X1,X3,f4-linear-null-transfer,68,6,0.062294573630689375,0.195,residual_samples/batch-68-replication-6.csv,null_statistics/batch-68-replication-6.npy,batch-f4-linear-null-transfer,9944811626712568186,16171168922567961938,2228687593072151223,0.19334920000983402,,,batch-f4-linear-null-transfer-20260822-001
F4,X1,X3,f4-linear-null-transfer,68,7,0.05338039466745749,0.485,residual_samples/batch-68-replication-7.csv,null_statistics/batch-68-replication-7.npy,batch-f4-linear-null-transfer,9851114044560679804,11232764375714623606,3915158835568601894,0.19365060000563972,,,batch-f4-linear-null-transfer-20260822-001
F4,X1,X3,f4-linear-null-transfer,68,8,0.04912175067211778,0.635,residual_samples/batch-68-replication-8.csv,null_statistics/batch-68-replication-8.npy,batch-f4-linear-null-transfer,15862388944110673350,4079105819761652210,15112478989567066938,0.20950550000998192,,,batch-f4-linear-null-transfer-20260822-001
F4,X1,X3,f4-linear-null-transfer,68,9,0.08042365796235285,0.03,residual_samples/batch-68-replication-9.csv,null_statistics/batch-68-replication-9.npy,batch-f4-linear-null-transfer,8025066575984880410,18217097836139694471,7635702564077659306,0.21345849998760968,,,batch-f4-linear-null-transfer-20260822-001
F4,X1,X3,f4-linear-null-transfer,69,0,0.0532408449316686,0.515,residual_samples/batch-69-replication-0.csv,null_statistics/batch-69-replication-0.npy,batch-f4-linear-null-transfer,17817607567153088292,17141010925469678434,16406790544017430423,0.1952871999819763,,,batch-f4-linear-null-transfer-20260822-001
F4,X1,X3,f4-linear-null-transfer,69,1,0.044235233546151234,0.87,residual_samples/batch-69-replication-1.csv,null_statistics/batch-69-replication-1.npy,batch-f4-linear-null-transfer,3533690668970162316,5016933329984365038,16763828833887582419,0.1972644999914337,,,batch-f4-linear-null-transfer-20260822-001
F4,X1,X3,f4-linear-null-transfer,69,2,0.03755050538438296,1.0,residual_samples/batch-69-replication-2.csv,null_statistics/batch-69-replication-2.npy,batch-f4-linear-null-transfer,17828570902566234282,8394297564216621653,14101369868951647650,0.20399139999062754,,,batch-f4-linear-null-transfer-20260822-001
F4,X1,X3,f4-linear-null-transfer,69,3,0.058965158360930546,0.245,residual_samples/batch-69-replication-3.csv,null_statistics/batch-69-replication-3.npy,batch-f4-linear-null-transfer,9354381608584319006,11490184471503991947,10923063927579696476,0.2131682000181172,,,batch-f4-linear-null-transfer-20260822-001
F4,X1,X3,f4-linear-null-transfer,69,4,0.05148219219788663,0.565,residual_samples/batch-69-replication-4.csv,null_statistics/batch-69-replication-4.npy,batch-f4-linear-null-transfer,1596486405021563636,1738354113983246244,11973036608575027280,0.20481919997837394,,,batch-f4-linear-null-transfer-20260822-001
F4,X1,X3,f4-linear-null-transfer,69,5,0.056538460887922914,0.295,residual_samples/batch-69-replication-5.csv,null_statistics/batch-69-replication-5.npy,batch-f4-linear-null-transfer,15291783201012723480,10159096666104123108,8672920467281140148,0.19727639999473467,,,batch-f4-linear-null-transfer-20260822-001
F4,X1,X3,f4-linear-null-transfer,69,6,0.06217116179136856,0.23,residual_samples/batch-69-replication-6.csv,null_statistics/batch-69-replication-6.npy,batch-f4-linear-null-transfer,11906804779498742983,6629467648700526649,11347157562108398792,0.19180329999653623,,,batch-f4-linear-null-transfer-20260822-001
F4,X1,X3,f4-linear-null-transfer,69,7,0.05736634723023132,0.31,residual_samples/batch-69-replication-7.csv,null_statistics/batch-69-replication-7.npy,batch-f4-linear-null-transfer,7467212507268695121,9072234378300507172,13755518464785741354,0.19428209998295642,,,batch-f4-linear-null-transfer-20260822-001
F4,X1,X3,f4-linear-null-transfer,69,8,0.03899631247782239,0.95,residual_samples/batch-69-replication-8.csv,null_statistics/batch-69-replication-8.npy,batch-f4-linear-null-transfer,8796654563714577194,6145144328964986446,8962626025832873529,0.19509170000674203,,,batch-f4-linear-null-transfer-20260822-001
F4,X1,X3,f4-linear-null-transfer,69,9,0.06635207657504234,0.125,residual_samples/batch-69-replication-9.csv,null_statistics/batch-69-replication-9.npy,batch-f4-linear-null-transfer,9966259525956544927,4219263433775831523,3001849891020296941,0.19640739998430945,,,batch-f4-linear-null-transfer-20260822-001
F4,X1,X3,f4-linear-null-transfer,70,0,0.0487647658085632,0.725,residual_samples/batch-70-replication-0.csv,null_statistics/batch-70-replication-0.npy,batch-f4-linear-null-transfer,5411023229883139681,11506664486176677994,12101041623896867834,0.19792320000124164,,,batch-f4-linear-null-transfer-20260822-001
F4,X1,X3,f4-linear-null-transfer,70,1,0.055692507207429444,0.38,residual_samples/batch-70-replication-1.csv,null_statistics/batch-70-replication-1.npy,batch-f4-linear-null-transfer,12438426909087299539,7869676518513281957,8707406131575239520,0.19723930000327528,,,batch-f4-linear-null-transfer-20260822-001
F4,X1,X3,f4-linear-null-transfer,70,2,0.08788847313872107,0.02,residual_samples/batch-70-replication-2.csv,null_statistics/batch-70-replication-2.npy,batch-f4-linear-null-transfer,3838652998374276080,3571731939119713573,9128037392962565598,0.20263539999723434,,,batch-f4-linear-null-transfer-20260822-001
F4,X1,X3,f4-linear-null-transfer,70,3,0.047881659590018034,0.7,residual_samples/batch-70-replication-3.csv,null_statistics/batch-70-replication-3.npy,batch-f4-linear-null-transfer,11408262560388812552,13261697028028233674,12763485091915646210,0.20571400001063012,,,batch-f4-linear-null-transfer-20260822-001
F4,X1,X3,f4-linear-null-transfer,70,4,0.06378478180090483,0.13,residual_samples/batch-70-replication-4.csv,null_statistics/batch-70-replication-4.npy,batch-f4-linear-null-transfer,1816081745126236038,13309944199100418414,1906802677913202920,0.20498280000174418,,,batch-f4-linear-null-transfer-20260822-001
F4,X1,X3,f4-linear-null-transfer,70,5,0.06683251164401055,0.13,residual_samples/batch-70-replication-5.csv,null_statistics/batch-70-replication-5.npy,batch-f4-linear-null-transfer,8083819800013571991,791764052725663425,8397688580261095338,0.2015112999943085,,,batch-f4-linear-null-transfer-20260822-001
F4,X1,X3,f4-linear-null-transfer,70,6,0.05831867736455203,0.315,residual_samples/batch-70-replication-6.csv,null_statistics/batch-70-replication-6.npy,batch-f4-linear-null-transfer,5877455549796395067,17208488462579309534,4389856697011524165,0.19801120000192896,,,batch-f4-linear-null-transfer-20260822-001
F4,X1,X3,f4-linear-null-transfer,70,7,0.07530004502449396,0.04,residual_samples/batch-70-replication-7.csv,null_statistics/batch-70-replication-7.npy,batch-f4-linear-null-transfer,15616974394570487482,4038452635728963765,6446797788665350956,0.2020609000173863,,,batch-f4-linear-null-transfer-20260822-001
F4,X1,X3,f4-linear-null-transfer,70,8,0.07786768735209891,0.045,residual_samples/batch-70-replication-8.csv,null_statistics/batch-70-replication-8.npy,batch-f4-linear-null-transfer,13983001269191575932,15653378896814743524,9688329256394372823,0.2005596999952104,,,batch-f4-linear-null-transfer-20260822-001
F4,X1,X3,f4-linear-null-transfer,70,9,0.05251612504076259,0.44,residual_samples/batch-70-replication-9.csv,null_statistics/batch-70-replication-9.npy,batch-f4-linear-null-transfer,12865051046220153043,17829346490727710993,13325878830363476775,0.19745049998164177,,,batch-f4-linear-null-transfer-20260822-001
F4,X1,X3,f4-linear-null-transfer,71,0,0.04430689988496123,0.86,residual_samples/batch-71-replication-0.csv,null_statistics/batch-71-replication-0.npy,batch-f4-linear-null-transfer,17347357771246585382,9661227702649227286,14344693449666235606,0.19574500000453554,,,batch-f4-linear-null-transfer-20260822-001
F4,X1,X3,f4-linear-null-transfer,71,1,0.05558936404674424,0.395,residual_samples/batch-71-replication-1.csv,null_statistics/batch-71-replication-1.npy,batch-f4-linear-null-transfer,8575954346959327717,8016321261217675767,5114665636869115993,0.20137399999657646,,,batch-f4-linear-null-transfer-20260822-001
F4,X1,X3,f4-linear-null-transfer,71,2,0.035403471868899,1.0,residual_samples/batch-71-replication-2.csv,null_statistics/batch-71-replication-2.npy,batch-f4-linear-null-transfer,16359964671480806741,16977078453766113439,10227761729341210704,0.2237617000064347,,,batch-f4-linear-null-transfer-20260822-001
F4,X1,X3,f4-linear-null-transfer,71,3,0.06269884847609472,0.175,residual_samples/batch-71-replication-3.csv,null_statistics/batch-71-replication-3.npy,batch-f4-linear-null-transfer,1802649085398855807,715730119842363239,9562712306796798772,0.21481309999944642,,,batch-f4-linear-null-transfer-20260822-001
F4,X1,X3,f4-linear-null-transfer,71,4,0.04048116899852101,0.96,residual_samples/batch-71-replication-4.csv,null_statistics/batch-71-replication-4.npy,batch-f4-linear-null-transfer,9266489064300213456,12649796292679092457,9339075940769416459,0.20498820001375861,,,batch-f4-linear-null-transfer-20260822-001
F4,X1,X3,f4-linear-null-transfer,71,5,0.05652918275615187,0.37,residual_samples/batch-71-replication-5.csv,null_statistics/batch-71-replication-5.npy,batch-f4-linear-null-transfer,5199705589479837032,6716102622498851960,8198696249036234630,0.2116985999746248,,,batch-f4-linear-null-transfer-20260822-001
F4,X1,X3,f4-linear-null-transfer,71,6,0.05501735329523087,0.435,residual_samples/batch-71-replication-6.csv,null_statistics/batch-71-replication-6.npy,batch-f4-linear-null-transfer,3041862402833636659,6063949173513104554,7345506474492212755,0.19710930000292137,,,batch-f4-linear-null-transfer-20260822-001
F4,X1,X3,f4-linear-null-transfer,71,7,0.04392695249226602,0.885,residual_samples/batch-71-replication-7.csv,null_statistics/batch-71-replication-7.npy,batch-f4-linear-null-transfer,18422934259825568560,6632518746149720547,14408363894440554552,0.19813400000566617,,,batch-f4-linear-null-transfer-20260822-001
F4,X1,X3,f4-linear-null-transfer,71,8,0.04713558533185731,0.69,residual_samples/batch-71-replication-8.csv,null_statistics/batch-71-replication-8.npy,batch-f4-linear-null-transfer,12855067846022573114,5888020275683651790,6188835858071724000,0.19434929999988526,,,batch-f4-linear-null-transfer-20260822-001
F4,X1,X3,f4-linear-null-transfer,71,9,0.0594404197931926,0.275,residual_samples/batch-71-replication-9.csv,null_statistics/batch-71-replication-9.npy,batch-f4-linear-null-transfer,18218083910800013683,13248720238475276950,17969179309862243371,0.194679600012023,,,batch-f4-linear-null-transfer-20260822-001
F4,X1,X3,f4-linear-null-transfer,72,0,0.04743400147956095,0.69,residual_samples/batch-72-replication-0.csv,null_statistics/batch-72-replication-0.npy,batch-f4-linear-null-transfer,14755421457917432547,9139414146626457401,16907150108744291154,0.19612519998918287,,,batch-f4-linear-null-transfer-20260822-001
F4,X1,X3,f4-linear-null-transfer,72,1,0.03827334651195873,0.99,residual_samples/batch-72-replication-1.csv,null_statistics/batch-72-replication-1.npy,batch-f4-linear-null-transfer,16412358006818407648,3480629304518142793,14861702585345235621,0.19615289999637753,,,batch-f4-linear-null-transfer-20260822-001
F4,X1,X3,f4-linear-null-transfer,72,2,0.052637409631609025,0.49,residual_samples/batch-72-replication-2.csv,null_statistics/batch-72-replication-2.npy,batch-f4-linear-null-transfer,6474276358409715884,16983426061101870337,11215747751570960963,0.198773500014795,,,batch-f4-linear-null-transfer-20260822-001
F4,X1,X3,f4-linear-null-transfer,72,3,0.05446238201719557,0.385,residual_samples/batch-72-replication-3.csv,null_statistics/batch-72-replication-3.npy,batch-f4-linear-null-transfer,8224100371805179259,16710322604246785530,1524046702190156603,0.1999278000148479,,,batch-f4-linear-null-transfer-20260822-001
F4,X1,X3,f4-linear-null-transfer,72,4,0.04999078205277828,0.57,residual_samples/batch-72-replication-4.csv,null_statistics/batch-72-replication-4.npy,batch-f4-linear-null-transfer,326023275320619341,8833811732809051116,13554621146724729529,0.19957170000998303,,,batch-f4-linear-null-transfer-20260822-001
F4,X1,X3,f4-linear-null-transfer,72,5,0.048057743932920276,0.72,residual_samples/batch-72-replication-5.csv,null_statistics/batch-72-replication-5.npy,batch-f4-linear-null-transfer,6645171401299543014,10188570597455427989,1600609314055836544,0.19931180001003668,,,batch-f4-linear-null-transfer-20260822-001
F4,X1,X3,f4-linear-null-transfer,72,6,0.04286109298519657,0.91,residual_samples/batch-72-replication-6.csv,null_statistics/batch-72-replication-6.npy,batch-f4-linear-null-transfer,15458210508880211931,8447167480609245817,5498141036506824691,0.19771729997592047,,,batch-f4-linear-null-transfer-20260822-001
F4,X1,X3,f4-linear-null-transfer,72,7,0.048879127949787146,0.66,residual_samples/batch-72-replication-7.csv,null_statistics/batch-72-replication-7.npy,batch-f4-linear-null-transfer,18402979767282483902,17893211240939151351,13210930138240110477,0.19668759999331087,,,batch-f4-linear-null-transfer-20260822-001
F4,X1,X3,f4-linear-null-transfer,72,8,0.04867299723928784,0.66,residual_samples/batch-72-replication-8.csv,null_statistics/batch-72-replication-8.npy,batch-f4-linear-null-transfer,9892413454990995777,8717514471618903704,17152913856345120024,0.19790529998135753,,,batch-f4-linear-null-transfer-20260822-001
F4,X1,X3,f4-linear-null-transfer,72,9,0.04915836070818277,0.705,residual_samples/batch-72-replication-9.csv,null_statistics/batch-72-replication-9.npy,batch-f4-linear-null-transfer,11564698380718892741,1946864830173860527,11561735660037971477,0.19826309999916703,,,batch-f4-linear-null-transfer-20260822-001
F4,X1,X3,f4-linear-null-transfer,73,0,0.07793365460343116,0.045,residual_samples/batch-73-replication-0.csv,null_statistics/batch-73-replication-0.npy,batch-f4-linear-null-transfer,18206804437610786267,14149177645362479016,17062675855241139708,0.19752319998224266,,,batch-f4-linear-null-transfer-20260822-001
F4,X1,X3,f4-linear-null-transfer,73,1,0.057810538803323416,0.325,residual_samples/batch-73-replication-1.csv,null_statistics/batch-73-replication-1.npy,batch-f4-linear-null-transfer,18144000290633677476,15153780283271331956,7919840413199261107,0.19765720001305453,,,batch-f4-linear-null-transfer-20260822-001
F4,X1,X3,f4-linear-null-transfer,73,2,0.04915762645769415,0.675,residual_samples/batch-73-replication-2.csv,null_statistics/batch-73-replication-2.npy,batch-f4-linear-null-transfer,14987705190359413718,2302950571135890850,11878203890521579715,0.19660269998712465,,,batch-f4-linear-null-transfer-20260822-001
F4,X1,X3,f4-linear-null-transfer,73,3,0.058049296453174644,0.265,residual_samples/batch-73-replication-3.csv,null_statistics/batch-73-replication-3.npy,batch-f4-linear-null-transfer,16689819787912729010,9021127645981534389,5731089286609925410,0.1988742999965325,,,batch-f4-linear-null-transfer-20260822-001
F4,X1,X3,f4-linear-null-transfer,73,4,0.06205887146180625,0.195,residual_samples/batch-73-replication-4.csv,null_statistics/batch-73-replication-4.npy,batch-f4-linear-null-transfer,14975990585308124627,11757504048334145829,14075257492388989617,0.19808949998696335,,,batch-f4-linear-null-transfer-20260822-001
F4,X1,X3,f4-linear-null-transfer,73,5,0.04425209991014094,0.82,residual_samples/batch-73-replication-5.csv,null_statistics/batch-73-replication-5.npy,batch-f4-linear-null-transfer,1374912296130956346,12961877390434975804,8567232107724558054,0.19831549999071285,,,batch-f4-linear-null-transfer-20260822-001
F4,X1,X3,f4-linear-null-transfer,73,6,0.06319200483532551,0.195,residual_samples/batch-73-replication-6.csv,null_statistics/batch-73-replication-6.npy,batch-f4-linear-null-transfer,14092229850920556186,6506921593935370604,8386526337103031642,0.20691760000772774,,,batch-f4-linear-null-transfer-20260822-001
F4,X1,X3,f4-linear-null-transfer,73,7,0.05602690595159708,0.38,residual_samples/batch-73-replication-7.csv,null_statistics/batch-73-replication-7.npy,batch-f4-linear-null-transfer,17246058842202872295,9393967030177495300,8781882588883624534,0.2025020999717526,,,batch-f4-linear-null-transfer-20260822-001
F4,X1,X3,f4-linear-null-transfer,73,8,0.051640724208726146,0.585,residual_samples/batch-73-replication-8.csv,null_statistics/batch-73-replication-8.npy,batch-f4-linear-null-transfer,15689887288850429922,1737919583671758384,11827147214107443959,0.2028715999913402,,,batch-f4-linear-null-transfer-20260822-001
F4,X1,X3,f4-linear-null-transfer,73,9,0.07616278956269004,0.04,residual_samples/batch-73-replication-9.csv,null_statistics/batch-73-replication-9.npy,batch-f4-linear-null-transfer,17506562009971906414,2324392568159885777,10147093754881861124,0.1964084999926854,,,batch-f4-linear-null-transfer-20260822-001
F4,X1,X3,f4-linear-null-transfer,74,0,0.07610078751686739,0.07,residual_samples/batch-74-replication-0.csv,null_statistics/batch-74-replication-0.npy,batch-f4-linear-null-transfer,9601716026788351946,3491250113462462769,17657619879595772618,0.19643089998862706,,,batch-f4-linear-null-transfer-20260822-001
F4,X1,X3,f4-linear-null-transfer,74,1,0.051098916250043716,0.485,residual_samples/batch-74-replication-1.csv,null_statistics/batch-74-replication-1.npy,batch-f4-linear-null-transfer,11140923605105518783,8708205656073464338,1704756570336312041,0.1968637999962084,,,batch-f4-linear-null-transfer-20260822-001
F4,X1,X3,f4-linear-null-transfer,74,2,0.06223111374887711,0.22,residual_samples/batch-74-replication-2.csv,null_statistics/batch-74-replication-2.npy,batch-f4-linear-null-transfer,1810603044390318151,2856720419774336371,15657486493707231233,0.19806589998188429,,,batch-f4-linear-null-transfer-20260822-001
F4,X1,X3,f4-linear-null-transfer,74,3,0.05088167723506846,0.49,residual_samples/batch-74-replication-3.csv,null_statistics/batch-74-replication-3.npy,batch-f4-linear-null-transfer,5670634573199771879,593733482367052604,17367343390318901972,0.197694499976933,,,batch-f4-linear-null-transfer-20260822-001
F4,X1,X3,f4-linear-null-transfer,74,4,0.0410208324978631,0.965,residual_samples/batch-74-replication-4.csv,null_statistics/batch-74-replication-4.npy,batch-f4-linear-null-transfer,8896409293199164214,724237713211218365,6488275333809292274,0.19494339998345822,,,batch-f4-linear-null-transfer-20260822-001
F4,X1,X3,f4-linear-null-transfer,74,5,0.05241966973104068,0.525,residual_samples/batch-74-replication-5.csv,null_statistics/batch-74-replication-5.npy,batch-f4-linear-null-transfer,3941989361302121927,17274459054732877683,11768606698863524518,0.19701299999724142,,,batch-f4-linear-null-transfer-20260822-001
F4,X1,X3,f4-linear-null-transfer,74,6,0.05465790586271116,0.43,residual_samples/batch-74-replication-6.csv,null_statistics/batch-74-replication-6.npy,batch-f4-linear-null-transfer,13023757705938620215,4201113782230661637,11909039731795367573,0.19921180000528693,,,batch-f4-linear-null-transfer-20260822-001
F4,X1,X3,f4-linear-null-transfer,74,7,0.07064450351812877,0.05,residual_samples/batch-74-replication-7.csv,null_statistics/batch-74-replication-7.npy,batch-f4-linear-null-transfer,12994327215414601471,7329570602267325535,10161443816167631207,0.21161810000194237,,,batch-f4-linear-null-transfer-20260822-001
F4,X1,X3,f4-linear-null-transfer,74,8,0.059416647476716815,0.32,residual_samples/batch-74-replication-8.csv,null_statistics/batch-74-replication-8.npy,batch-f4-linear-null-transfer,8291286713411648739,6305350158865568606,3280675965149054374,0.194354100007331,,,batch-f4-linear-null-transfer-20260822-001
F4,X1,X3,f4-linear-null-transfer,74,9,0.050281719273522325,0.59,residual_samples/batch-74-replication-9.csv,null_statistics/batch-74-replication-9.npy,batch-f4-linear-null-transfer,17696986504158903902,1380311638931105538,3324765352190516256,0.20164480002131313,,,batch-f4-linear-null-transfer-20260822-001
F4,X1,X3,f4-linear-null-transfer,75,0,0.04513538744780055,0.84,residual_samples/batch-75-replication-0.csv,null_statistics/batch-75-replication-0.npy,batch-f4-linear-null-transfer,8785938454929523764,1747387778736452156,11747111919709164192,0.2078398000157904,,,batch-f4-linear-null-transfer-20260822-001
F4,X1,X3,f4-linear-null-transfer,75,1,0.04724661909623903,0.755,residual_samples/batch-75-replication-1.csv,null_statistics/batch-75-replication-1.npy,batch-f4-linear-null-transfer,3044586313227723628,17872470128344587800,11240254193921568618,0.20937560001038946,,,batch-f4-linear-null-transfer-20260822-001
F4,X1,X3,f4-linear-null-transfer,75,2,0.06318067417375146,0.19,residual_samples/batch-75-replication-2.csv,null_statistics/batch-75-replication-2.npy,batch-f4-linear-null-transfer,3910749425884663363,8914716312885953649,6615473645558899268,0.20490469998912886,,,batch-f4-linear-null-transfer-20260822-001
F4,X1,X3,f4-linear-null-transfer,75,3,0.042239812044643284,0.925,residual_samples/batch-75-replication-3.csv,null_statistics/batch-75-replication-3.npy,batch-f4-linear-null-transfer,1165537085357817896,14349094212393202726,17215269047814057679,0.19958240000414662,,,batch-f4-linear-null-transfer-20260822-001
F4,X1,X3,f4-linear-null-transfer,75,4,0.06314524914796653,0.2,residual_samples/batch-75-replication-4.csv,null_statistics/batch-75-replication-4.npy,batch-f4-linear-null-transfer,583052523109114408,15959412040954326262,13201166800395149966,0.19730369999888353,,,batch-f4-linear-null-transfer-20260822-001
F4,X1,X3,f4-linear-null-transfer,75,5,0.06061328196820236,0.29,residual_samples/batch-75-replication-5.csv,null_statistics/batch-75-replication-5.npy,batch-f4-linear-null-transfer,2315700406307845526,880675455936340925,14169971496415237423,0.19266020000213757,,,batch-f4-linear-null-transfer-20260822-001
F4,X1,X3,f4-linear-null-transfer,75,6,0.05010871641869913,0.73,residual_samples/batch-75-replication-6.csv,null_statistics/batch-75-replication-6.npy,batch-f4-linear-null-transfer,6331423394082953422,12507715771815827433,1754219698104445036,0.1921419000136666,,,batch-f4-linear-null-transfer-20260822-001
F4,X1,X3,f4-linear-null-transfer,75,7,0.07459087530572969,0.09,residual_samples/batch-75-replication-7.csv,null_statistics/batch-75-replication-7.npy,batch-f4-linear-null-transfer,2470877973420937912,2632538994012305933,602049942691438161,0.1972337999904994,,,batch-f4-linear-null-transfer-20260822-001
F4,X1,X3,f4-linear-null-transfer,75,8,0.06258275753999092,0.225,residual_samples/batch-75-replication-8.csv,null_statistics/batch-75-replication-8.npy,batch-f4-linear-null-transfer,16354718013009508978,15362170721062860646,8918005291278921709,0.20267020000028424,,,batch-f4-linear-null-transfer-20260822-001
F4,X1,X3,f4-linear-null-transfer,75,9,0.05608021909903624,0.37,residual_samples/batch-75-replication-9.csv,null_statistics/batch-75-replication-9.npy,batch-f4-linear-null-transfer,7306199070295512893,13801753651985073344,2730158621029099290,0.20054680001339875,,,batch-f4-linear-null-transfer-20260822-001
F4,X1,X3,f4-linear-null-transfer,76,0,0.04479890400653765,0.825,residual_samples/batch-76-replication-0.csv,null_statistics/batch-76-replication-0.npy,batch-f4-linear-null-transfer,1347095053771138767,13639985770978727106,6073824999777248765,0.1974923000088893,,,batch-f4-linear-null-transfer-20260822-001
F4,X1,X3,f4-linear-null-transfer,76,1,0.04878606717518785,0.7,residual_samples/batch-76-replication-1.csv,null_statistics/batch-76-replication-1.npy,batch-f4-linear-null-transfer,18065359067787607989,265741955289161774,16369230396731630854,0.20739729999331757,,,batch-f4-linear-null-transfer-20260822-001
F4,X1,X3,f4-linear-null-transfer,76,2,0.04820896087264811,0.695,residual_samples/batch-76-replication-2.csv,null_statistics/batch-76-replication-2.npy,batch-f4-linear-null-transfer,18359940353284296154,1031172778537576464,16129635556873606123,0.19714900001417845,,,batch-f4-linear-null-transfer-20260822-001
F4,X1,X3,f4-linear-null-transfer,76,3,0.05995331575132873,0.235,residual_samples/batch-76-replication-3.csv,null_statistics/batch-76-replication-3.npy,batch-f4-linear-null-transfer,3928901767033144520,293821803651975328,3538411636265740199,0.1962276000122074,,,batch-f4-linear-null-transfer-20260822-001
F4,X1,X3,f4-linear-null-transfer,76,4,0.047120368342135,0.75,residual_samples/batch-76-replication-4.csv,null_statistics/batch-76-replication-4.npy,batch-f4-linear-null-transfer,11907190909546595494,10472176616384631821,4871364715093763554,0.19492340000579134,,,batch-f4-linear-null-transfer-20260822-001
F4,X1,X3,f4-linear-null-transfer,76,5,0.048393456972758986,0.73,residual_samples/batch-76-replication-5.csv,null_statistics/batch-76-replication-5.npy,batch-f4-linear-null-transfer,3549813237450278498,14368760258718871821,11753358047947256632,0.1958712000050582,,,batch-f4-linear-null-transfer-20260822-001
F4,X1,X3,f4-linear-null-transfer,76,6,0.09070084290161602,0.015,residual_samples/batch-76-replication-6.csv,null_statistics/batch-76-replication-6.npy,batch-f4-linear-null-transfer,1392401180222073186,63623041235022195,6569926552970597545,0.19629610000993125,,,batch-f4-linear-null-transfer-20260822-001
F4,X1,X3,f4-linear-null-transfer,76,7,0.04695166793951968,0.75,residual_samples/batch-76-replication-7.csv,null_statistics/batch-76-replication-7.npy,batch-f4-linear-null-transfer,15569527049802381529,1635855133235762801,6530446840158630072,0.19513199999346398,,,batch-f4-linear-null-transfer-20260822-001
F4,X1,X3,f4-linear-null-transfer,76,8,0.07137316315133574,0.085,residual_samples/batch-76-replication-8.csv,null_statistics/batch-76-replication-8.npy,batch-f4-linear-null-transfer,7715374732521170647,4625609397296369213,4929882116237810908,0.19841729998006485,,,batch-f4-linear-null-transfer-20260822-001
F4,X1,X3,f4-linear-null-transfer,76,9,0.0737556549803724,0.07,residual_samples/batch-76-replication-9.csv,null_statistics/batch-76-replication-9.npy,batch-f4-linear-null-transfer,4103771938947138606,4920279457743496653,10519719708431544232,0.20442420002655126,,,batch-f4-linear-null-transfer-20260822-001
F4,X1,X3,f4-linear-null-transfer,77,0,0.05883139583318191,0.285,residual_samples/batch-77-replication-0.csv,null_statistics/batch-77-replication-0.npy,batch-f4-linear-null-transfer,2713836039758650287,8126331292660733683,14107752211938415924,0.19721529999515042,,,batch-f4-linear-null-transfer-20260822-001
F4,X1,X3,f4-linear-null-transfer,77,1,0.061082841440455844,0.215,residual_samples/batch-77-replication-1.csv,null_statistics/batch-77-replication-1.npy,batch-f4-linear-null-transfer,8761078301537877883,15169321075364303549,15577382193934947804,0.19974209999782033,,,batch-f4-linear-null-transfer-20260822-001
F4,X1,X3,f4-linear-null-transfer,77,2,0.07225039968227699,0.075,residual_samples/batch-77-replication-2.csv,null_statistics/batch-77-replication-2.npy,batch-f4-linear-null-transfer,1337021534350237517,16784768220190829540,16129553888063942716,0.19522860000142828,,,batch-f4-linear-null-transfer-20260822-001
F4,X1,X3,f4-linear-null-transfer,77,3,0.051311319772313055,0.56,residual_samples/batch-77-replication-3.csv,null_statistics/batch-77-replication-3.npy,batch-f4-linear-null-transfer,15625434269503185621,22156027472276496,9112390604383482016,0.1953761999902781,,,batch-f4-linear-null-transfer-20260822-001
F4,X1,X3,f4-linear-null-transfer,77,4,0.047671948217184935,0.75,residual_samples/batch-77-replication-4.csv,null_statistics/batch-77-replication-4.npy,batch-f4-linear-null-transfer,9089480269282106153,17208855379489845829,10829613330110315034,0.19701579998945817,,,batch-f4-linear-null-transfer-20260822-001
F4,X1,X3,f4-linear-null-transfer,77,5,0.07945940013097887,0.03,residual_samples/batch-77-replication-5.csv,null_statistics/batch-77-replication-5.npy,batch-f4-linear-null-transfer,745030412221480210,4379413549117234748,7688897898948525765,0.19112060000770725,,,batch-f4-linear-null-transfer-20260822-001
F4,X1,X3,f4-linear-null-transfer,77,6,0.04409480979979099,0.85,residual_samples/batch-77-replication-6.csv,null_statistics/batch-77-replication-6.npy,batch-f4-linear-null-transfer,8718618522988378995,16116588406567083042,16702858893251728756,0.19295659998897463,,,batch-f4-linear-null-transfer-20260822-001
F4,X1,X3,f4-linear-null-transfer,77,7,0.05240032626932147,0.485,residual_samples/batch-77-replication-7.csv,null_statistics/batch-77-replication-7.npy,batch-f4-linear-null-transfer,15018650091075837846,14379188365471707595,11983329121002641638,0.1947949999885168,,,batch-f4-linear-null-transfer-20260822-001
F4,X1,X3,f4-linear-null-transfer,77,8,0.03970956615385023,0.95,residual_samples/batch-77-replication-8.csv,null_statistics/batch-77-replication-8.npy,batch-f4-linear-null-transfer,17779702625977200567,5445276372280611381,5798076934265434986,0.19631450000451878,,,batch-f4-linear-null-transfer-20260822-001
F4,X1,X3,f4-linear-null-transfer,77,9,0.05215875997432532,0.5,residual_samples/batch-77-replication-9.csv,null_statistics/batch-77-replication-9.npy,batch-f4-linear-null-transfer,807984311344110241,9561543785202024421,2239047064491328323,0.1956722000031732,,,batch-f4-linear-null-transfer-20260822-001
F4,X1,X3,f4-linear-null-transfer,78,0,0.04121395204634455,0.945,residual_samples/batch-78-replication-0.csv,null_statistics/batch-78-replication-0.npy,batch-f4-linear-null-transfer,10223749679146891686,8741895340802177159,4460278212667811717,0.1967370999918785,,,batch-f4-linear-null-transfer-20260822-001
F4,X1,X3,f4-linear-null-transfer,78,1,0.04677141753685751,0.76,residual_samples/batch-78-replication-1.csv,null_statistics/batch-78-replication-1.npy,batch-f4-linear-null-transfer,11734899200191244365,11539619931929062290,11078261673574431983,0.21546189999207854,,,batch-f4-linear-null-transfer-20260822-001
F4,X1,X3,f4-linear-null-transfer,78,2,0.04194828342170515,0.92,residual_samples/batch-78-replication-2.csv,null_statistics/batch-78-replication-2.npy,batch-f4-linear-null-transfer,6689415515186001082,12894725330769509003,8109884222381484945,0.20485310000367463,,,batch-f4-linear-null-transfer-20260822-001
F4,X1,X3,f4-linear-null-transfer,78,3,0.049112438595349264,0.705,residual_samples/batch-78-replication-3.csv,null_statistics/batch-78-replication-3.npy,batch-f4-linear-null-transfer,4373064152892015565,3386905128254287808,11161498483703515276,0.20344019998447038,,,batch-f4-linear-null-transfer-20260822-001
F4,X1,X3,f4-linear-null-transfer,78,4,0.06670367436168229,0.11,residual_samples/batch-78-replication-4.csv,null_statistics/batch-78-replication-4.npy,batch-f4-linear-null-transfer,1294397340836792600,8750255694313530858,9146931914459054682,0.20214670000132173,,,batch-f4-linear-null-transfer-20260822-001
F4,X1,X3,f4-linear-null-transfer,78,5,0.04903720125203985,0.68,residual_samples/batch-78-replication-5.csv,null_statistics/batch-78-replication-5.npy,batch-f4-linear-null-transfer,10136880067972204552,3000668775462221326,11634038624449238166,0.20601589998113923,,,batch-f4-linear-null-transfer-20260822-001
F4,X1,X3,f4-linear-null-transfer,78,6,0.0565123726822711,0.425,residual_samples/batch-78-replication-6.csv,null_statistics/batch-78-replication-6.npy,batch-f4-linear-null-transfer,14002666716119177664,14678654863037023692,2867484742321790738,0.19734680000692606,,,batch-f4-linear-null-transfer-20260822-001
F4,X1,X3,f4-linear-null-transfer,78,7,0.0415222629588576,0.91,residual_samples/batch-78-replication-7.csv,null_statistics/batch-78-replication-7.npy,batch-f4-linear-null-transfer,17976017528360807745,14853424219178618455,16202591960823674685,0.2000949000066612,,,batch-f4-linear-null-transfer-20260822-001
F4,X1,X3,f4-linear-null-transfer,78,8,0.051730685416980504,0.565,residual_samples/batch-78-replication-8.csv,null_statistics/batch-78-replication-8.npy,batch-f4-linear-null-transfer,11235163505837899381,15972916358122385000,17384972572986519248,0.20028059999458492,,,batch-f4-linear-null-transfer-20260822-001
F4,X1,X3,f4-linear-null-transfer,78,9,0.055511742295443756,0.405,residual_samples/batch-78-replication-9.csv,null_statistics/batch-78-replication-9.npy,batch-f4-linear-null-transfer,367879184441455638,1865843078899540190,12479859199590382305,0.19971469999291003,,,batch-f4-linear-null-transfer-20260822-001
F4,X1,X3,f4-linear-null-transfer,79,0,0.06184544936074956,0.25,residual_samples/batch-79-replication-0.csv,null_statistics/batch-79-replication-0.npy,batch-f4-linear-null-transfer,15645934418366220725,4434530207625112052,5141358109476652349,0.19781670000520535,,,batch-f4-linear-null-transfer-20260822-001
F4,X1,X3,f4-linear-null-transfer,79,1,0.056243816181073394,0.38,residual_samples/batch-79-replication-1.csv,null_statistics/batch-79-replication-1.npy,batch-f4-linear-null-transfer,4230008693992136720,15656276108043981091,3652277665615292543,0.19753869998385198,,,batch-f4-linear-null-transfer-20260822-001
F4,X1,X3,f4-linear-null-transfer,79,2,0.03437421804505602,0.99,residual_samples/batch-79-replication-2.csv,null_statistics/batch-79-replication-2.npy,batch-f4-linear-null-transfer,16091011346909154846,6191201798376263527,16295338054540904952,0.20162750000599772,,,batch-f4-linear-null-transfer-20260822-001
F4,X1,X3,f4-linear-null-transfer,79,3,0.04249597038974914,0.945,residual_samples/batch-79-replication-3.csv,null_statistics/batch-79-replication-3.npy,batch-f4-linear-null-transfer,589189846741284677,15733117878386508318,16105965399240169473,0.21846610002103262,,,batch-f4-linear-null-transfer-20260822-001
F4,X1,X3,f4-linear-null-transfer,79,4,0.0753249391827146,0.06,residual_samples/batch-79-replication-4.csv,null_statistics/batch-79-replication-4.npy,batch-f4-linear-null-transfer,7943407886630252609,8806705855953597559,6148195685455846825,0.20786009999574162,,,batch-f4-linear-null-transfer-20260822-001
F4,X1,X3,f4-linear-null-transfer,79,5,0.08081532164709855,0.035,residual_samples/batch-79-replication-5.csv,null_statistics/batch-79-replication-5.npy,batch-f4-linear-null-transfer,16143389610508405811,7743808496960929406,1479485945896326416,0.19776969999657013,,,batch-f4-linear-null-transfer-20260822-001
F4,X1,X3,f4-linear-null-transfer,79,6,0.05020390210427297,0.68,residual_samples/batch-79-replication-6.csv,null_statistics/batch-79-replication-6.npy,batch-f4-linear-null-transfer,11912480333905033597,14016322102546388657,17496263044363044336,0.20099280000431463,,,batch-f4-linear-null-transfer-20260822-001
F4,X1,X3,f4-linear-null-transfer,79,7,0.053920139141325624,0.46,residual_samples/batch-79-replication-7.csv,null_statistics/batch-79-replication-7.npy,batch-f4-linear-null-transfer,1409820454844198416,6403810957034817088,3151470425383141436,0.2013343000144232,,,batch-f4-linear-null-transfer-20260822-001
F4,X1,X3,f4-linear-null-transfer,79,8,0.06936264235168882,0.125,residual_samples/batch-79-replication-8.csv,null_statistics/batch-79-replication-8.npy,batch-f4-linear-null-transfer,6562430505522473991,60608380573706087,3794261353854225745,0.20363279999583028,,,batch-f4-linear-null-transfer-20260822-001
F4,X1,X3,f4-linear-null-transfer,79,9,0.06368704256236855,0.2,residual_samples/batch-79-replication-9.csv,null_statistics/batch-79-replication-9.npy,batch-f4-linear-null-transfer,599566570525972242,17288203894932816882,11992726602574058478,0.20840159998624586,,,batch-f4-linear-null-transfer-20260822-001
F4,X1,X3,f4-linear-null-transfer,80,0,0.0628472441776669,0.195,residual_samples/batch-80-replication-0.csv,null_statistics/batch-80-replication-0.npy,batch-f4-linear-null-transfer,3314226470256739192,4320890934142931305,892247396370622911,0.20164720001048408,,,batch-f4-linear-null-transfer-20260822-001
F4,X1,X3,f4-linear-null-transfer,80,1,0.04619763731337511,0.84,residual_samples/batch-80-replication-1.csv,null_statistics/batch-80-replication-1.npy,batch-f4-linear-null-transfer,3603425083287019701,1333281975684421684,7281123656838294170,0.20029959999374114,,,batch-f4-linear-null-transfer-20260822-001
F4,X1,X3,f4-linear-null-transfer,80,2,0.05220690864291944,0.605,residual_samples/batch-80-replication-2.csv,null_statistics/batch-80-replication-2.npy,batch-f4-linear-null-transfer,8636664102780946381,4430852419443423226,836864382853611200,0.1998934999865014,,,batch-f4-linear-null-transfer-20260822-001
F4,X1,X3,f4-linear-null-transfer,80,3,0.05520685512807513,0.415,residual_samples/batch-80-replication-3.csv,null_statistics/batch-80-replication-3.npy,batch-f4-linear-null-transfer,712633011961744021,16864760459992278251,5037153280100765609,0.20031879999442026,,,batch-f4-linear-null-transfer-20260822-001
F4,X1,X3,f4-linear-null-transfer,80,4,0.05271566293545642,0.475,residual_samples/batch-80-replication-4.csv,null_statistics/batch-80-replication-4.npy,batch-f4-linear-null-transfer,9459560020460081577,6004703749475926458,3325693021262203302,0.19924650000757538,,,batch-f4-linear-null-transfer-20260822-001
F4,X1,X3,f4-linear-null-transfer,80,5,0.047046914340569713,0.69,residual_samples/batch-80-replication-5.csv,null_statistics/batch-80-replication-5.npy,batch-f4-linear-null-transfer,3969563481209574121,14142156143396678220,11611422140358662074,0.19971220000297762,,,batch-f4-linear-null-transfer-20260822-001
F4,X1,X3,f4-linear-null-transfer,80,6,0.043568563835218614,0.885,residual_samples/batch-80-replication-6.csv,null_statistics/batch-80-replication-6.npy,batch-f4-linear-null-transfer,15294694892044082740,11472571298023615654,7566756023409255419,0.2044731999922078,,,batch-f4-linear-null-transfer-20260822-001
F4,X1,X3,f4-linear-null-transfer,80,7,0.0384730512363121,0.965,residual_samples/batch-80-replication-7.csv,null_statistics/batch-80-replication-7.npy,batch-f4-linear-null-transfer,7761135409636571861,15370375150850291346,4450581926076692832,0.1987684000050649,,,batch-f4-linear-null-transfer-20260822-001
F4,X1,X3,f4-linear-null-transfer,80,8,0.047555425278263834,0.69,residual_samples/batch-80-replication-8.csv,null_statistics/batch-80-replication-8.npy,batch-f4-linear-null-transfer,14560410936996506256,5410933078054043889,14074877562639995496,0.19681329999002628,,,batch-f4-linear-null-transfer-20260822-001
F4,X1,X3,f4-linear-null-transfer,80,9,0.06539384126877407,0.145,residual_samples/batch-80-replication-9.csv,null_statistics/batch-80-replication-9.npy,batch-f4-linear-null-transfer,16846235913257030009,4774186786564842794,710346069385115390,0.20374289999017492,,,batch-f4-linear-null-transfer-20260822-001
F4,X1,X3,f4-linear-null-transfer,81,0,0.06264692524770762,0.21,residual_samples/batch-81-replication-0.csv,null_statistics/batch-81-replication-0.npy,batch-f4-linear-null-transfer,16775059945069996358,11013978839811763949,14153329976986825504,0.20452749999822117,,,batch-f4-linear-null-transfer-20260822-001
F4,X1,X3,f4-linear-null-transfer,81,1,0.06178514160917873,0.18,residual_samples/batch-81-replication-1.csv,null_statistics/batch-81-replication-1.npy,batch-f4-linear-null-transfer,6044676621698105857,177467641136391558,9291073583235266170,0.21045040001627058,,,batch-f4-linear-null-transfer-20260822-001
F4,X1,X3,f4-linear-null-transfer,81,2,0.07715580278194342,0.06,residual_samples/batch-81-replication-2.csv,null_statistics/batch-81-replication-2.npy,batch-f4-linear-null-transfer,5331104331622844819,1364688604356278634,8979904161627493883,0.20600070001091808,,,batch-f4-linear-null-transfer-20260822-001
F4,X1,X3,f4-linear-null-transfer,81,3,0.05368794581424351,0.475,residual_samples/batch-81-replication-3.csv,null_statistics/batch-81-replication-3.npy,batch-f4-linear-null-transfer,6145457907284916033,13918735092166573340,18428327720824248314,0.21257520001381636,,,batch-f4-linear-null-transfer-20260822-001
F4,X1,X3,f4-linear-null-transfer,81,4,0.07682928496096614,0.05,residual_samples/batch-81-replication-4.csv,null_statistics/batch-81-replication-4.npy,batch-f4-linear-null-transfer,749688094676449899,4054427588958607003,8924336857130497558,0.2052391999750398,,,batch-f4-linear-null-transfer-20260822-001
F4,X1,X3,f4-linear-null-transfer,81,5,0.06282640038728583,0.26,residual_samples/batch-81-replication-5.csv,null_statistics/batch-81-replication-5.npy,batch-f4-linear-null-transfer,10542912872276036392,17758493268180933285,15983555193340955713,0.1990804999950342,,,batch-f4-linear-null-transfer-20260822-001
F4,X1,X3,f4-linear-null-transfer,81,6,0.051689168702665295,0.59,residual_samples/batch-81-replication-6.csv,null_statistics/batch-81-replication-6.npy,batch-f4-linear-null-transfer,14865414509909887146,11499646526305269097,11922066015665336871,0.19606290000956506,,,batch-f4-linear-null-transfer-20260822-001
F4,X1,X3,f4-linear-null-transfer,81,7,0.04364772708801879,0.895,residual_samples/batch-81-replication-7.csv,null_statistics/batch-81-replication-7.npy,batch-f4-linear-null-transfer,4662260633517965085,13048137855725418350,545073035204800190,0.21037009998690337,,,batch-f4-linear-null-transfer-20260822-001
F4,X1,X3,f4-linear-null-transfer,81,8,0.06702513901340668,0.11,residual_samples/batch-81-replication-8.csv,null_statistics/batch-81-replication-8.npy,batch-f4-linear-null-transfer,12961530716371167841,8075070775831041268,14750284773106942815,0.20286309998482466,,,batch-f4-linear-null-transfer-20260822-001
F4,X1,X3,f4-linear-null-transfer,81,9,0.04044988787484078,0.935,residual_samples/batch-81-replication-9.csv,null_statistics/batch-81-replication-9.npy,batch-f4-linear-null-transfer,9169070092911058861,13807809343607528662,398806054496184906,0.19532679999247193,,,batch-f4-linear-null-transfer-20260822-001
F4,X1,X3,f4-linear-null-transfer,82,0,0.05806643704845811,0.37,residual_samples/batch-82-replication-0.csv,null_statistics/batch-82-replication-0.npy,batch-f4-linear-null-transfer,11432562840658938485,10372043300627607369,12053512638058892998,0.1967593000154011,,,batch-f4-linear-null-transfer-20260822-001
F4,X1,X3,f4-linear-null-transfer,82,1,0.06725779961388112,0.175,residual_samples/batch-82-replication-1.csv,null_statistics/batch-82-replication-1.npy,batch-f4-linear-null-transfer,17343961256274141633,8730351759521142807,18085292686414383681,0.19680540001718327,,,batch-f4-linear-null-transfer-20260822-001
F4,X1,X3,f4-linear-null-transfer,82,2,0.04626343405345692,0.785,residual_samples/batch-82-replication-2.csv,null_statistics/batch-82-replication-2.npy,batch-f4-linear-null-transfer,2702796569084956402,17279041217761624033,16306631584280124636,0.19679260000702925,,,batch-f4-linear-null-transfer-20260822-001
F4,X1,X3,f4-linear-null-transfer,82,3,0.044998929033340525,0.855,residual_samples/batch-82-replication-3.csv,null_statistics/batch-82-replication-3.npy,batch-f4-linear-null-transfer,2829540188465126291,16552273578704078363,11839993509384046478,0.2139446999935899,,,batch-f4-linear-null-transfer-20260822-001
F4,X1,X3,f4-linear-null-transfer,82,4,0.0538225373450486,0.46,residual_samples/batch-82-replication-4.csv,null_statistics/batch-82-replication-4.npy,batch-f4-linear-null-transfer,9209496334451719327,9449268494461894307,4506620022598729425,0.1934534000174608,,,batch-f4-linear-null-transfer-20260822-001
F4,X1,X3,f4-linear-null-transfer,82,5,0.0524222384145248,0.455,residual_samples/batch-82-replication-5.csv,null_statistics/batch-82-replication-5.npy,batch-f4-linear-null-transfer,8807099359138544595,13234346436615822490,14765785132382647756,0.19948700000531971,,,batch-f4-linear-null-transfer-20260822-001
F4,X1,X3,f4-linear-null-transfer,82,6,0.046644909780842944,0.79,residual_samples/batch-82-replication-6.csv,null_statistics/batch-82-replication-6.npy,batch-f4-linear-null-transfer,15583444461177188878,7517080245149913917,2379704514544136570,0.19753070001024753,,,batch-f4-linear-null-transfer-20260822-001
F4,X1,X3,f4-linear-null-transfer,82,7,0.0560685557221668,0.375,residual_samples/batch-82-replication-7.csv,null_statistics/batch-82-replication-7.npy,batch-f4-linear-null-transfer,3429497385662384325,18022394625269778974,15991452722943640171,0.19868030000361614,,,batch-f4-linear-null-transfer-20260822-001
F4,X1,X3,f4-linear-null-transfer,82,8,0.05264546616534846,0.475,residual_samples/batch-82-replication-8.csv,null_statistics/batch-82-replication-8.npy,batch-f4-linear-null-transfer,13904131279901593646,11848785975944707697,6214806336326685137,0.19859270000597462,,,batch-f4-linear-null-transfer-20260822-001
F4,X1,X3,f4-linear-null-transfer,82,9,0.05963201756715098,0.34,residual_samples/batch-82-replication-9.csv,null_statistics/batch-82-replication-9.npy,batch-f4-linear-null-transfer,4177674702990688202,9025250775770602531,5983026415058575184,0.2043499999854248,,,batch-f4-linear-null-transfer-20260822-001
F4,X1,X3,f4-linear-null-transfer,83,0,0.05474195086395678,0.405,residual_samples/batch-83-replication-0.csv,null_statistics/batch-83-replication-0.npy,batch-f4-linear-null-transfer,4682561051669115269,15385741600260079729,8046820685481198150,0.20216549999895506,,,batch-f4-linear-null-transfer-20260822-001
F4,X1,X3,f4-linear-null-transfer,83,1,0.0683558270124848,0.13,residual_samples/batch-83-replication-1.csv,null_statistics/batch-83-replication-1.npy,batch-f4-linear-null-transfer,6235354103914860166,14424017178140494186,5990483098049323447,0.21177719999104738,,,batch-f4-linear-null-transfer-20260822-001
F4,X1,X3,f4-linear-null-transfer,83,2,0.053939932753734494,0.515,residual_samples/batch-83-replication-2.csv,null_statistics/batch-83-replication-2.npy,batch-f4-linear-null-transfer,11991843893022682596,6557423999619418909,14015580647124014472,0.20872379999491386,,,batch-f4-linear-null-transfer-20260822-001
F4,X1,X3,f4-linear-null-transfer,83,3,0.06004832801860134,0.185,residual_samples/batch-83-replication-3.csv,null_statistics/batch-83-replication-3.npy,batch-f4-linear-null-transfer,15993004193434857395,17981458390611126174,7132487103552248435,0.21068710001418367,,,batch-f4-linear-null-transfer-20260822-001
F4,X1,X3,f4-linear-null-transfer,83,4,0.05429810709288412,0.465,residual_samples/batch-83-replication-4.csv,null_statistics/batch-83-replication-4.npy,batch-f4-linear-null-transfer,9696301151362357821,708331256908426028,9326874173335694543,0.20999740000115708,,,batch-f4-linear-null-transfer-20260822-001
F4,X1,X3,f4-linear-null-transfer,83,5,0.05068641880426058,0.63,residual_samples/batch-83-replication-5.csv,null_statistics/batch-83-replication-5.npy,batch-f4-linear-null-transfer,41671454465724228,5825622438419140081,9426913530261304893,0.20772730000317097,,,batch-f4-linear-null-transfer-20260822-001
F4,X1,X3,f4-linear-null-transfer,83,6,0.06497927402570707,0.245,residual_samples/batch-83-replication-6.csv,null_statistics/batch-83-replication-6.npy,batch-f4-linear-null-transfer,11394319401503005082,1026848792913184056,8227088416760410074,0.21019080001860857,,,batch-f4-linear-null-transfer-20260822-001
F4,X1,X3,f4-linear-null-transfer,83,7,0.0513540530131673,0.57,residual_samples/batch-83-replication-7.csv,null_statistics/batch-83-replication-7.npy,batch-f4-linear-null-transfer,7456146764173921751,11407748655007070806,1237623952946783346,0.20765340002253652,,,batch-f4-linear-null-transfer-20260822-001
F4,X1,X3,f4-linear-null-transfer,83,8,0.04249384679740746,0.935,residual_samples/batch-83-replication-8.csv,null_statistics/batch-83-replication-8.npy,batch-f4-linear-null-transfer,9153439897053350869,4652501126800566251,187634072799034562,0.2076072000199929,,,batch-f4-linear-null-transfer-20260822-001
F4,X1,X3,f4-linear-null-transfer,83,9,0.0499665472019107,0.62,residual_samples/batch-83-replication-9.csv,null_statistics/batch-83-replication-9.npy,batch-f4-linear-null-transfer,4023699487804276618,10492266743299023883,9779274689537042997,0.21471719999681227,,,batch-f4-linear-null-transfer-20260822-001
F4,X1,X3,f4-linear-null-transfer,84,0,0.040069575198620394,0.96,residual_samples/batch-84-replication-0.csv,null_statistics/batch-84-replication-0.npy,batch-f4-linear-null-transfer,18100355423787034854,9394697903712878603,4464295934150414241,0.20896979997633025,,,batch-f4-linear-null-transfer-20260822-001
F4,X1,X3,f4-linear-null-transfer,84,1,0.05661201245010038,0.345,residual_samples/batch-84-replication-1.csv,null_statistics/batch-84-replication-1.npy,batch-f4-linear-null-transfer,16724016362730476085,4342065725704878519,11291642257477443655,0.23352750000776723,,,batch-f4-linear-null-transfer-20260822-001
F4,X1,X3,f4-linear-null-transfer,84,2,0.047037328191401474,0.73,residual_samples/batch-84-replication-2.csv,null_statistics/batch-84-replication-2.npy,batch-f4-linear-null-transfer,13743754078632770527,2217817937013788382,626099784053157832,0.20923720000428148,,,batch-f4-linear-null-transfer-20260822-001
F4,X1,X3,f4-linear-null-transfer,84,3,0.06799250832424795,0.11,residual_samples/batch-84-replication-3.csv,null_statistics/batch-84-replication-3.npy,batch-f4-linear-null-transfer,5588632060859897580,11420980470884685931,18179893414927318445,0.20992090000072494,,,batch-f4-linear-null-transfer-20260822-001
F4,X1,X3,f4-linear-null-transfer,84,4,0.059973569510374504,0.245,residual_samples/batch-84-replication-4.csv,null_statistics/batch-84-replication-4.npy,batch-f4-linear-null-transfer,5942386381975478159,12746802335764286721,9930404170884983580,0.20746970002073795,,,batch-f4-linear-null-transfer-20260822-001
F4,X1,X3,f4-linear-null-transfer,84,5,0.07766893033550067,0.055,residual_samples/batch-84-replication-5.csv,null_statistics/batch-84-replication-5.npy,batch-f4-linear-null-transfer,2026550098907731930,11010222588829627666,5051410058056779708,0.1963877000089269,,,batch-f4-linear-null-transfer-20260822-001
F4,X1,X3,f4-linear-null-transfer,84,6,0.05189479622548651,0.58,residual_samples/batch-84-replication-6.csv,null_statistics/batch-84-replication-6.npy,batch-f4-linear-null-transfer,11845449925588728065,4711766241592884339,8962205083199707316,0.1907591000199318,,,batch-f4-linear-null-transfer-20260822-001
F4,X1,X3,f4-linear-null-transfer,84,7,0.04337603741093228,0.9,residual_samples/batch-84-replication-7.csv,null_statistics/batch-84-replication-7.npy,batch-f4-linear-null-transfer,16510953737774307845,5262082624033459399,870675470978422342,0.19731499999761581,,,batch-f4-linear-null-transfer-20260822-001
F4,X1,X3,f4-linear-null-transfer,84,8,0.05700000165784303,0.385,residual_samples/batch-84-replication-8.csv,null_statistics/batch-84-replication-8.npy,batch-f4-linear-null-transfer,12361909341070064423,12202427479938698752,18429307260322466795,0.2001647999859415,,,batch-f4-linear-null-transfer-20260822-001
F4,X1,X3,f4-linear-null-transfer,84,9,0.05252765023648111,0.54,residual_samples/batch-84-replication-9.csv,null_statistics/batch-84-replication-9.npy,batch-f4-linear-null-transfer,2632008083961232118,3422012988921327039,14233677605145600549,0.1980755999975372,,,batch-f4-linear-null-transfer-20260822-001
F4,X1,X3,f4-linear-null-transfer,85,0,0.05377375156129675,0.445,residual_samples/batch-85-replication-0.csv,null_statistics/batch-85-replication-0.npy,batch-f4-linear-null-transfer,1789977969764953807,10431472117485181405,4866129176042704257,0.19609459998901002,,,batch-f4-linear-null-transfer-20260822-001
F4,X1,X3,f4-linear-null-transfer,85,1,0.06279398710150293,0.185,residual_samples/batch-85-replication-1.csv,null_statistics/batch-85-replication-1.npy,batch-f4-linear-null-transfer,11858883356880785126,8874449994030585756,15547048429581883135,0.19354830001248047,,,batch-f4-linear-null-transfer-20260822-001
F4,X1,X3,f4-linear-null-transfer,85,2,0.06739357981465957,0.145,residual_samples/batch-85-replication-2.csv,null_statistics/batch-85-replication-2.npy,batch-f4-linear-null-transfer,1929145507151409885,9995264764240085504,5521799767216651919,0.19381689999136142,,,batch-f4-linear-null-transfer-20260822-001
F4,X1,X3,f4-linear-null-transfer,85,3,0.04433836703586918,0.85,residual_samples/batch-85-replication-3.csv,null_statistics/batch-85-replication-3.npy,batch-f4-linear-null-transfer,2147964448410729158,17342942013043901926,14920795593217722047,0.195900899998378,,,batch-f4-linear-null-transfer-20260822-001
F4,X1,X3,f4-linear-null-transfer,85,4,0.05394865982864184,0.435,residual_samples/batch-85-replication-4.csv,null_statistics/batch-85-replication-4.npy,batch-f4-linear-null-transfer,6986524997722842112,8543864059734285997,9918434579504324219,0.20597539999289438,,,batch-f4-linear-null-transfer-20260822-001
F4,X1,X3,f4-linear-null-transfer,85,5,0.07992226248314449,0.05,residual_samples/batch-85-replication-5.csv,null_statistics/batch-85-replication-5.npy,batch-f4-linear-null-transfer,4679409750390917411,16242358950588303296,4409698852016620820,0.19841579999774694,,,batch-f4-linear-null-transfer-20260822-001
F4,X1,X3,f4-linear-null-transfer,85,6,0.04918117380553963,0.61,residual_samples/batch-85-replication-6.csv,null_statistics/batch-85-replication-6.npy,batch-f4-linear-null-transfer,13721231553987344190,15954039836819202206,13200263904885738581,0.1971860000048764,,,batch-f4-linear-null-transfer-20260822-001
F4,X1,X3,f4-linear-null-transfer,85,7,0.04401308277064391,0.845,residual_samples/batch-85-replication-7.csv,null_statistics/batch-85-replication-7.npy,batch-f4-linear-null-transfer,12877058800295345022,10264993294446540177,12629931067292663233,0.19385119999060407,,,batch-f4-linear-null-transfer-20260822-001
F4,X1,X3,f4-linear-null-transfer,85,8,0.04978621267372135,0.575,residual_samples/batch-85-replication-8.csv,null_statistics/batch-85-replication-8.npy,batch-f4-linear-null-transfer,1531005302815538945,789005053202157553,6126523549508622808,0.19853610001155175,,,batch-f4-linear-null-transfer-20260822-001
F4,X1,X3,f4-linear-null-transfer,85,9,0.07329959189988434,0.115,residual_samples/batch-85-replication-9.csv,null_statistics/batch-85-replication-9.npy,batch-f4-linear-null-transfer,2685444387196657683,4809156785418274964,327874863667335259,0.19750270000076853,,,batch-f4-linear-null-transfer-20260822-001
F4,X1,X3,f4-linear-null-transfer,86,0,0.06133412144222159,0.245,residual_samples/batch-86-replication-0.csv,null_statistics/batch-86-replication-0.npy,batch-f4-linear-null-transfer,9849334819284206743,16459663219282674003,16993138813489345657,0.1971694999956526,,,batch-f4-linear-null-transfer-20260822-001
F4,X1,X3,f4-linear-null-transfer,86,1,0.07066265999456307,0.1,residual_samples/batch-86-replication-1.csv,null_statistics/batch-86-replication-1.npy,batch-f4-linear-null-transfer,12541860905274380153,6688169580266644094,15161882695776959864,0.19598930000211112,,,batch-f4-linear-null-transfer-20260822-001
F4,X1,X3,f4-linear-null-transfer,86,2,0.053420102494342855,0.445,residual_samples/batch-86-replication-2.csv,null_statistics/batch-86-replication-2.npy,batch-f4-linear-null-transfer,16653992709559277765,18446705089886797427,3524438712505583503,0.19787799997720867,,,batch-f4-linear-null-transfer-20260822-001
F4,X1,X3,f4-linear-null-transfer,86,3,0.06834509747039844,0.135,residual_samples/batch-86-replication-3.csv,null_statistics/batch-86-replication-3.npy,batch-f4-linear-null-transfer,16617224608330108529,5432694148595878922,1256029104127038835,0.19752250000601634,,,batch-f4-linear-null-transfer-20260822-001
F4,X1,X3,f4-linear-null-transfer,86,4,0.05773353526384091,0.31,residual_samples/batch-86-replication-4.csv,null_statistics/batch-86-replication-4.npy,batch-f4-linear-null-transfer,8031976921526561667,6577685917890208536,16837585234284485278,0.19255500001600012,,,batch-f4-linear-null-transfer-20260822-001
F4,X1,X3,f4-linear-null-transfer,86,5,0.056270779068674934,0.42,residual_samples/batch-86-replication-5.csv,null_statistics/batch-86-replication-5.npy,batch-f4-linear-null-transfer,11679786337508628346,3469023895420691136,5814677470101104619,0.19865540001774207,,,batch-f4-linear-null-transfer-20260822-001
F4,X1,X3,f4-linear-null-transfer,86,6,0.06454182362024868,0.21,residual_samples/batch-86-replication-6.csv,null_statistics/batch-86-replication-6.npy,batch-f4-linear-null-transfer,8353832924471222412,3770237469434356896,14143082797756553232,0.20236719999229535,,,batch-f4-linear-null-transfer-20260822-001
F4,X1,X3,f4-linear-null-transfer,86,7,0.04160492229430202,0.955,residual_samples/batch-86-replication-7.csv,null_statistics/batch-86-replication-7.npy,batch-f4-linear-null-transfer,5819192916466865538,6593312283271532838,14682144242591057885,0.19875429998501204,,,batch-f4-linear-null-transfer-20260822-001
F4,X1,X3,f4-linear-null-transfer,86,8,0.040903401100295285,0.985,residual_samples/batch-86-replication-8.csv,null_statistics/batch-86-replication-8.npy,batch-f4-linear-null-transfer,1919895241466408142,3338444918386743954,10185185464440950511,0.19671189997461624,,,batch-f4-linear-null-transfer-20260822-001
F4,X1,X3,f4-linear-null-transfer,86,9,0.048787937566813856,0.645,residual_samples/batch-86-replication-9.csv,null_statistics/batch-86-replication-9.npy,batch-f4-linear-null-transfer,12925814772851615347,16477898280630877548,4188068315151434383,0.19706929998937994,,,batch-f4-linear-null-transfer-20260822-001
F4,X1,X3,f4-linear-null-transfer,87,0,0.04711558662317478,0.78,residual_samples/batch-87-replication-0.csv,null_statistics/batch-87-replication-0.npy,batch-f4-linear-null-transfer,15405884914477170311,5695004088714906801,5631820876643270345,0.19623949998640455,,,batch-f4-linear-null-transfer-20260822-001
F4,X1,X3,f4-linear-null-transfer,87,1,0.06501507373466706,0.19,residual_samples/batch-87-replication-1.csv,null_statistics/batch-87-replication-1.npy,batch-f4-linear-null-transfer,7220646871549403143,1755709124292644775,7403297997636524201,0.19612300000153482,,,batch-f4-linear-null-transfer-20260822-001
F4,X1,X3,f4-linear-null-transfer,87,2,0.05545238161788614,0.4,residual_samples/batch-87-replication-2.csv,null_statistics/batch-87-replication-2.npy,batch-f4-linear-null-transfer,4092515670372254723,15072931335950429973,3230286157312500376,0.19663560000481084,,,batch-f4-linear-null-transfer-20260822-001
F4,X1,X3,f4-linear-null-transfer,87,3,0.06865197102733114,0.115,residual_samples/batch-87-replication-3.csv,null_statistics/batch-87-replication-3.npy,batch-f4-linear-null-transfer,9245001554466973460,599413933944163237,3307982896478038951,0.19981920000282116,,,batch-f4-linear-null-transfer-20260822-001
F4,X1,X3,f4-linear-null-transfer,87,4,0.07159585314763293,0.08,residual_samples/batch-87-replication-4.csv,null_statistics/batch-87-replication-4.npy,batch-f4-linear-null-transfer,8185288437287568386,4579487133250139042,253268624872767352,0.1967912999971304,,,batch-f4-linear-null-transfer-20260822-001
F4,X1,X3,f4-linear-null-transfer,87,5,0.05274565279491935,0.49,residual_samples/batch-87-replication-5.csv,null_statistics/batch-87-replication-5.npy,batch-f4-linear-null-transfer,3295156325717277410,10934912498240692109,6188134907835145354,0.19558770000003278,,,batch-f4-linear-null-transfer-20260822-001
F4,X1,X3,f4-linear-null-transfer,87,6,0.049095270392742835,0.645,residual_samples/batch-87-replication-6.csv,null_statistics/batch-87-replication-6.npy,batch-f4-linear-null-transfer,4565294733288468036,14110508776826231372,6896734503555458906,0.19747590000042692,,,batch-f4-linear-null-transfer-20260822-001
F4,X1,X3,f4-linear-null-transfer,87,7,0.07358674783820295,0.08,residual_samples/batch-87-replication-7.csv,null_statistics/batch-87-replication-7.npy,batch-f4-linear-null-transfer,2946434459017729694,9681312159523030952,17445313966714059952,0.19864740001503378,,,batch-f4-linear-null-transfer-20260822-001
F4,X1,X3,f4-linear-null-transfer,87,8,0.05620726815898227,0.46,residual_samples/batch-87-replication-8.csv,null_statistics/batch-87-replication-8.npy,batch-f4-linear-null-transfer,16400571419222670424,14243817554211209409,16602592244601564143,0.1969217000005301,,,batch-f4-linear-null-transfer-20260822-001
F4,X1,X3,f4-linear-null-transfer,87,9,0.05744228055608217,0.325,residual_samples/batch-87-replication-9.csv,null_statistics/batch-87-replication-9.npy,batch-f4-linear-null-transfer,9615352593607395011,1214557670800730556,7179576314607814666,0.1983681000128854,,,batch-f4-linear-null-transfer-20260822-001
F4,X1,X3,f4-linear-null-transfer,88,0,0.06329997733071151,0.205,residual_samples/batch-88-replication-0.csv,null_statistics/batch-88-replication-0.npy,batch-f4-linear-null-transfer,11060427068708042714,7321126370655124491,14856065550539739348,0.20041600000695325,,,batch-f4-linear-null-transfer-20260822-001
F4,X1,X3,f4-linear-null-transfer,88,1,0.07152850996406514,0.115,residual_samples/batch-88-replication-1.csv,null_statistics/batch-88-replication-1.npy,batch-f4-linear-null-transfer,16545105144481109763,15936444073231311464,4347919962100963465,0.1996526000148151,,,batch-f4-linear-null-transfer-20260822-001
F4,X1,X3,f4-linear-null-transfer,88,2,0.05444632927582273,0.43,residual_samples/batch-88-replication-2.csv,null_statistics/batch-88-replication-2.npy,batch-f4-linear-null-transfer,5562705872056324675,3580084674870028768,4490573792382138233,0.19756229998893104,,,batch-f4-linear-null-transfer-20260822-001
F4,X1,X3,f4-linear-null-transfer,88,3,0.04823728546007942,0.685,residual_samples/batch-88-replication-3.csv,null_statistics/batch-88-replication-3.npy,batch-f4-linear-null-transfer,5548836013709844382,9123747269236243526,13228433553855818446,0.19440450001275167,,,batch-f4-linear-null-transfer-20260822-001
F4,X1,X3,f4-linear-null-transfer,88,4,0.06140165591703748,0.225,residual_samples/batch-88-replication-4.csv,null_statistics/batch-88-replication-4.npy,batch-f4-linear-null-transfer,13943743577717100639,803202388987692434,5737714287388380845,0.19799200000124983,,,batch-f4-linear-null-transfer-20260822-001
F4,X1,X3,f4-linear-null-transfer,88,5,0.0637786295913482,0.175,residual_samples/batch-88-replication-5.csv,null_statistics/batch-88-replication-5.npy,batch-f4-linear-null-transfer,6756988772143940709,1235673533907460878,15732015088024143452,0.197709300002316,,,batch-f4-linear-null-transfer-20260822-001
F4,X1,X3,f4-linear-null-transfer,88,6,0.05511995442623897,0.48,residual_samples/batch-88-replication-6.csv,null_statistics/batch-88-replication-6.npy,batch-f4-linear-null-transfer,3096043670107642595,13611247273686152948,16666378690843991390,0.1971348999941256,,,batch-f4-linear-null-transfer-20260822-001
F4,X1,X3,f4-linear-null-transfer,88,7,0.048726503260930185,0.685,residual_samples/batch-88-replication-7.csv,null_statistics/batch-88-replication-7.npy,batch-f4-linear-null-transfer,5438353577460904400,3208211918648019584,6393678624091947015,0.20045309999841265,,,batch-f4-linear-null-transfer-20260822-001
F4,X1,X3,f4-linear-null-transfer,88,8,0.07192319613999704,0.1,residual_samples/batch-88-replication-8.csv,null_statistics/batch-88-replication-8.npy,batch-f4-linear-null-transfer,8681621539073886577,4898820926005316196,884299082913401650,0.19473529999959283,,,batch-f4-linear-null-transfer-20260822-001
F4,X1,X3,f4-linear-null-transfer,88,9,0.05228804870561504,0.51,residual_samples/batch-88-replication-9.csv,null_statistics/batch-88-replication-9.npy,batch-f4-linear-null-transfer,5580563827202327212,9921670931603391514,3773899543587333609,0.1926714000001084,,,batch-f4-linear-null-transfer-20260822-001
F4,X1,X3,f4-linear-null-transfer,89,0,0.046701372690692695,0.77,residual_samples/batch-89-replication-0.csv,null_statistics/batch-89-replication-0.npy,batch-f4-linear-null-transfer,5433892662723453060,10048587183820274626,1686505635619710286,0.1924748000164982,,,batch-f4-linear-null-transfer-20260822-001
F4,X1,X3,f4-linear-null-transfer,89,1,0.047267769377584465,0.735,residual_samples/batch-89-replication-1.csv,null_statistics/batch-89-replication-1.npy,batch-f4-linear-null-transfer,473221411250266486,1196423046929549995,5549845371192547667,0.18960969999898225,,,batch-f4-linear-null-transfer-20260822-001
F4,X1,X3,f4-linear-null-transfer,89,2,0.050725387438188496,0.555,residual_samples/batch-89-replication-2.csv,null_statistics/batch-89-replication-2.npy,batch-f4-linear-null-transfer,3717640042850845406,7416282776509111701,5433648640468535445,0.19052259999443777,,,batch-f4-linear-null-transfer-20260822-001
F4,X1,X3,f4-linear-null-transfer,89,3,0.04109059945362398,0.95,residual_samples/batch-89-replication-3.csv,null_statistics/batch-89-replication-3.npy,batch-f4-linear-null-transfer,13553995556870498123,671753090129597938,14628624949393997198,0.19310080001014285,,,batch-f4-linear-null-transfer-20260822-001
F4,X1,X3,f4-linear-null-transfer,89,4,0.04474280792011752,0.825,residual_samples/batch-89-replication-4.csv,null_statistics/batch-89-replication-4.npy,batch-f4-linear-null-transfer,7560688893883917749,4519586656017618091,11556491956379793349,0.1940634000056889,,,batch-f4-linear-null-transfer-20260822-001
F4,X1,X3,f4-linear-null-transfer,89,5,0.06276426562358352,0.23,residual_samples/batch-89-replication-5.csv,null_statistics/batch-89-replication-5.npy,batch-f4-linear-null-transfer,9918633296439884752,13432912197664604338,5354467605383959353,0.19213810001383536,,,batch-f4-linear-null-transfer-20260822-001
F4,X1,X3,f4-linear-null-transfer,89,6,0.07848553218594294,0.055,residual_samples/batch-89-replication-6.csv,null_statistics/batch-89-replication-6.npy,batch-f4-linear-null-transfer,11868981914764556911,5615795845416986594,3511543922039090214,0.19215580000309274,,,batch-f4-linear-null-transfer-20260822-001
F4,X1,X3,f4-linear-null-transfer,89,7,0.06684814419885965,0.14,residual_samples/batch-89-replication-7.csv,null_statistics/batch-89-replication-7.npy,batch-f4-linear-null-transfer,9635976830275686019,14775981380689631437,2551335866199846078,0.19410970000899397,,,batch-f4-linear-null-transfer-20260822-001
F4,X1,X3,f4-linear-null-transfer,89,8,0.06059453972116425,0.24,residual_samples/batch-89-replication-8.csv,null_statistics/batch-89-replication-8.npy,batch-f4-linear-null-transfer,2147303172572696294,10896969530266709204,12885336288057394181,0.1957883999857586,,,batch-f4-linear-null-transfer-20260822-001
F4,X1,X3,f4-linear-null-transfer,89,9,0.04785109256758784,0.795,residual_samples/batch-89-replication-9.csv,null_statistics/batch-89-replication-9.npy,batch-f4-linear-null-transfer,17375698122645461036,4319467952868561225,10506770644631578745,0.19697809999343008,,,batch-f4-linear-null-transfer-20260822-001
F4,X1,X3,f4-linear-null-transfer,90,0,0.05217982125221013,0.5,residual_samples/batch-90-replication-0.csv,null_statistics/batch-90-replication-0.npy,batch-f4-linear-null-transfer,9087680797580564280,1232100044066167883,2456831616617846470,0.19682929999544285,,,batch-f4-linear-null-transfer-20260822-001
F4,X1,X3,f4-linear-null-transfer,90,1,0.08087233964753258,0.045,residual_samples/batch-90-replication-1.csv,null_statistics/batch-90-replication-1.npy,batch-f4-linear-null-transfer,11761887353406787914,3341164410510645666,7779852870413897818,0.19176049999077804,,,batch-f4-linear-null-transfer-20260822-001
F4,X1,X3,f4-linear-null-transfer,90,2,0.05267943003530269,0.48,residual_samples/batch-90-replication-2.csv,null_statistics/batch-90-replication-2.npy,batch-f4-linear-null-transfer,16879923253229506503,841883191435038314,163028294732995192,0.19166020001284778,,,batch-f4-linear-null-transfer-20260822-001
F4,X1,X3,f4-linear-null-transfer,90,3,0.05385024946514976,0.455,residual_samples/batch-90-replication-3.csv,null_statistics/batch-90-replication-3.npy,batch-f4-linear-null-transfer,7527176601319407750,3612219152297122976,5111025662279182145,0.19212980000884272,,,batch-f4-linear-null-transfer-20260822-001
F4,X1,X3,f4-linear-null-transfer,90,4,0.04841949790124424,0.72,residual_samples/batch-90-replication-4.csv,null_statistics/batch-90-replication-4.npy,batch-f4-linear-null-transfer,1294907887348058692,5443067515155302929,8591651221506390287,0.1951530999795068,,,batch-f4-linear-null-transfer-20260822-001
F4,X1,X3,f4-linear-null-transfer,90,5,0.04405338620162737,0.865,residual_samples/batch-90-replication-5.csv,null_statistics/batch-90-replication-5.npy,batch-f4-linear-null-transfer,875311939957054350,3444854623557689645,14398600476291141201,0.19136289999005385,,,batch-f4-linear-null-transfer-20260822-001
F4,X1,X3,f4-linear-null-transfer,90,6,0.07068001516902282,0.095,residual_samples/batch-90-replication-6.csv,null_statistics/batch-90-replication-6.npy,batch-f4-linear-null-transfer,5305285974357247870,13957401706609412400,15274870827204228476,0.19124939999892376,,,batch-f4-linear-null-transfer-20260822-001
F4,X1,X3,f4-linear-null-transfer,90,7,0.05867670693607792,0.285,residual_samples/batch-90-replication-7.csv,null_statistics/batch-90-replication-7.npy,batch-f4-linear-null-transfer,16357821983707835160,7169059080530485105,15666758839465665358,0.1911223999923095,,,batch-f4-linear-null-transfer-20260822-001
F4,X1,X3,f4-linear-null-transfer,90,8,0.047049457109858764,0.71,residual_samples/batch-90-replication-8.csv,null_statistics/batch-90-replication-8.npy,batch-f4-linear-null-transfer,8166232792704021901,1994998712833759653,18120654265642037701,0.19225860000005923,,,batch-f4-linear-null-transfer-20260822-001
F4,X1,X3,f4-linear-null-transfer,90,9,0.06093039582943245,0.22,residual_samples/batch-90-replication-9.csv,null_statistics/batch-90-replication-9.npy,batch-f4-linear-null-transfer,8830442271536602527,14304667031003672341,1406027172554228541,0.19537189998663962,,,batch-f4-linear-null-transfer-20260822-001
F4,X1,X3,f4-linear-null-transfer,91,0,0.044988048906043195,0.81,residual_samples/batch-91-replication-0.csv,null_statistics/batch-91-replication-0.npy,batch-f4-linear-null-transfer,7429367399951309618,16594413359377333850,15747205229053107218,0.19549010001355782,,,batch-f4-linear-null-transfer-20260822-001
F4,X1,X3,f4-linear-null-transfer,91,1,0.04571649842909619,0.81,residual_samples/batch-91-replication-1.csv,null_statistics/batch-91-replication-1.npy,batch-f4-linear-null-transfer,6154495492782718381,4874560271663432826,12896957196453788525,0.1962313000112772,,,batch-f4-linear-null-transfer-20260822-001
F4,X1,X3,f4-linear-null-transfer,91,2,0.05314892579337772,0.53,residual_samples/batch-91-replication-2.csv,null_statistics/batch-91-replication-2.npy,batch-f4-linear-null-transfer,10689743448646827582,16908292704993693040,1265266825108074883,0.19872849999228492,,,batch-f4-linear-null-transfer-20260822-001
F4,X1,X3,f4-linear-null-transfer,91,3,0.042507951241817596,0.915,residual_samples/batch-91-replication-3.csv,null_statistics/batch-91-replication-3.npy,batch-f4-linear-null-transfer,3588506441120005342,5549495799213829290,11796554348729508918,0.21579690001090057,,,batch-f4-linear-null-transfer-20260822-001
F4,X1,X3,f4-linear-null-transfer,91,4,0.04257202955780903,0.89,residual_samples/batch-91-replication-4.csv,null_statistics/batch-91-replication-4.npy,batch-f4-linear-null-transfer,12039629718603048161,4683147458991376199,7673069835600822168,0.19926629998371936,,,batch-f4-linear-null-transfer-20260822-001
F4,X1,X3,f4-linear-null-transfer,91,5,0.05983531617723095,0.335,residual_samples/batch-91-replication-5.csv,null_statistics/batch-91-replication-5.npy,batch-f4-linear-null-transfer,18140740073340043402,2874282058622462619,5525352902796371122,0.19873239999287762,,,batch-f4-linear-null-transfer-20260822-001
F4,X1,X3,f4-linear-null-transfer,91,6,0.06588349120436633,0.18,residual_samples/batch-91-replication-6.csv,null_statistics/batch-91-replication-6.npy,batch-f4-linear-null-transfer,6212223387879518458,14589392796167212318,3447745498715686053,0.19649390000267886,,,batch-f4-linear-null-transfer-20260822-001
F4,X1,X3,f4-linear-null-transfer,91,7,0.04979187224065064,0.655,residual_samples/batch-91-replication-7.csv,null_statistics/batch-91-replication-7.npy,batch-f4-linear-null-transfer,1622437261746101974,13765388329707931723,16684243885517128781,0.19777389999944717,,,batch-f4-linear-null-transfer-20260822-001
F4,X1,X3,f4-linear-null-transfer,91,8,0.08706332992393691,0.045,residual_samples/batch-91-replication-8.csv,null_statistics/batch-91-replication-8.npy,batch-f4-linear-null-transfer,10274127415346369326,4947907050577557105,2499908679959479512,0.19867639997391962,,,batch-f4-linear-null-transfer-20260822-001
F4,X1,X3,f4-linear-null-transfer,91,9,0.06848684591382155,0.14,residual_samples/batch-91-replication-9.csv,null_statistics/batch-91-replication-9.npy,batch-f4-linear-null-transfer,13122475473345456167,15946971869079052995,2633994926060669243,0.1991072999953758,,,batch-f4-linear-null-transfer-20260822-001
F4,X1,X3,f4-linear-null-transfer,92,0,0.04996426777951539,0.67,residual_samples/batch-92-replication-0.csv,null_statistics/batch-92-replication-0.npy,batch-f4-linear-null-transfer,560055252277295198,4044899640806162744,7639982837256430740,0.20197759999427944,,,batch-f4-linear-null-transfer-20260822-001
F4,X1,X3,f4-linear-null-transfer,92,1,0.043398542839106116,0.85,residual_samples/batch-92-replication-1.csv,null_statistics/batch-92-replication-1.npy,batch-f4-linear-null-transfer,10212762937536007349,8336237400870050416,6241452472034512524,0.20154089998686686,,,batch-f4-linear-null-transfer-20260822-001
F4,X1,X3,f4-linear-null-transfer,92,2,0.04047085201291916,0.97,residual_samples/batch-92-replication-2.csv,null_statistics/batch-92-replication-2.npy,batch-f4-linear-null-transfer,3802638425553138453,6836086579519223962,7177729861997766248,0.19628649999503978,,,batch-f4-linear-null-transfer-20260822-001
F4,X1,X3,f4-linear-null-transfer,92,3,0.05525801916878324,0.415,residual_samples/batch-92-replication-3.csv,null_statistics/batch-92-replication-3.npy,batch-f4-linear-null-transfer,15750805579164756180,3960894537191784008,7534501935913971999,0.19862989999819547,,,batch-f4-linear-null-transfer-20260822-001
F4,X1,X3,f4-linear-null-transfer,92,4,0.0451397864636697,0.825,residual_samples/batch-92-replication-4.csv,null_statistics/batch-92-replication-4.npy,batch-f4-linear-null-transfer,5816958373247718544,4717759089963945806,15398318959953346086,0.19882819999475032,,,batch-f4-linear-null-transfer-20260822-001
F4,X1,X3,f4-linear-null-transfer,92,5,0.0360321595673608,1.0,residual_samples/batch-92-replication-5.csv,null_statistics/batch-92-replication-5.npy,batch-f4-linear-null-transfer,5285835947340921866,18062142275015414389,1006252400636294991,0.20014219998847693,,,batch-f4-linear-null-transfer-20260822-001
F4,X1,X3,f4-linear-null-transfer,92,6,0.050547241154711084,0.615,residual_samples/batch-92-replication-6.csv,null_statistics/batch-92-replication-6.npy,batch-f4-linear-null-transfer,9213486358534142560,13728403473310157270,4069242552607000216,0.19621200000983663,,,batch-f4-linear-null-transfer-20260822-001
F4,X1,X3,f4-linear-null-transfer,92,7,0.07428955293181629,0.05,residual_samples/batch-92-replication-7.csv,null_statistics/batch-92-replication-7.npy,batch-f4-linear-null-transfer,10722618953877103325,5532241853972210295,5806813665238319408,0.19618400000035763,,,batch-f4-linear-null-transfer-20260822-001
F4,X1,X3,f4-linear-null-transfer,92,8,0.08764144820148613,0.025,residual_samples/batch-92-replication-8.csv,null_statistics/batch-92-replication-8.npy,batch-f4-linear-null-transfer,5302849101123736339,17347663111699845149,10764357527770924728,0.19526189999305643,,,batch-f4-linear-null-transfer-20260822-001
F4,X1,X3,f4-linear-null-transfer,92,9,0.06008218024684662,0.255,residual_samples/batch-92-replication-9.csv,null_statistics/batch-92-replication-9.npy,batch-f4-linear-null-transfer,15699795952473618937,11154634066034837957,1515762506847893484,0.20076480001443997,,,batch-f4-linear-null-transfer-20260822-001
F4,X1,X3,f4-linear-null-transfer,93,0,0.03804203368613879,0.975,residual_samples/batch-93-replication-0.csv,null_statistics/batch-93-replication-0.npy,batch-f4-linear-null-transfer,6275551257182439588,8690901423861139391,75337930826756023,0.19746830000076443,,,batch-f4-linear-null-transfer-20260822-001
F4,X1,X3,f4-linear-null-transfer,93,1,0.048574135707917646,0.71,residual_samples/batch-93-replication-1.csv,null_statistics/batch-93-replication-1.npy,batch-f4-linear-null-transfer,13431313520012023089,6928696251148410885,298156403219062099,0.19249210000270978,,,batch-f4-linear-null-transfer-20260822-001
F4,X1,X3,f4-linear-null-transfer,93,2,0.04522718362489327,0.76,residual_samples/batch-93-replication-2.csv,null_statistics/batch-93-replication-2.npy,batch-f4-linear-null-transfer,2458071887836126556,5840426270645192629,15521787102136246564,0.18917870000586845,,,batch-f4-linear-null-transfer-20260822-001
F4,X1,X3,f4-linear-null-transfer,93,3,0.03631817271103659,0.995,residual_samples/batch-93-replication-3.csv,null_statistics/batch-93-replication-3.npy,batch-f4-linear-null-transfer,14399380920928768975,10272304154979454917,18118712242975503951,0.19215729998541065,,,batch-f4-linear-null-transfer-20260822-001
F4,X1,X3,f4-linear-null-transfer,93,4,0.04420379574406226,0.805,residual_samples/batch-93-replication-4.csv,null_statistics/batch-93-replication-4.npy,batch-f4-linear-null-transfer,3822537246948368185,6425649039408136004,10609482788953696022,0.19005780000588857,,,batch-f4-linear-null-transfer-20260822-001
F4,X1,X3,f4-linear-null-transfer,93,5,0.05409571413278855,0.41,residual_samples/batch-93-replication-5.csv,null_statistics/batch-93-replication-5.npy,batch-f4-linear-null-transfer,1272659103693978291,13103918234669050729,14942959767973977779,0.19150480002281256,,,batch-f4-linear-null-transfer-20260822-001
F4,X1,X3,f4-linear-null-transfer,93,6,0.05821390362423663,0.345,residual_samples/batch-93-replication-6.csv,null_statistics/batch-93-replication-6.npy,batch-f4-linear-null-transfer,5144083355198592561,16158545255574122601,15221525328241135990,0.19091870001284406,,,batch-f4-linear-null-transfer-20260822-001
F4,X1,X3,f4-linear-null-transfer,93,7,0.05651947430206726,0.32,residual_samples/batch-93-replication-7.csv,null_statistics/batch-93-replication-7.npy,batch-f4-linear-null-transfer,6440875045294607354,2265840516151150,17075040955005353051,0.1901192999794148,,,batch-f4-linear-null-transfer-20260822-001
F4,X1,X3,f4-linear-null-transfer,93,8,0.07796346827373066,0.045,residual_samples/batch-93-replication-8.csv,null_statistics/batch-93-replication-8.npy,batch-f4-linear-null-transfer,527197376305052379,18217255122075018652,18059225691489278210,0.19265340000856668,,,batch-f4-linear-null-transfer-20260822-001
F4,X1,X3,f4-linear-null-transfer,93,9,0.05270746176836855,0.47,residual_samples/batch-93-replication-9.csv,null_statistics/batch-93-replication-9.npy,batch-f4-linear-null-transfer,4624148872914064968,14498191766152929530,1186317930576856769,0.19460059999255463,,,batch-f4-linear-null-transfer-20260822-001
F4,X1,X3,f4-linear-null-transfer,94,0,0.06109313171987639,0.28,residual_samples/batch-94-replication-0.csv,null_statistics/batch-94-replication-0.npy,batch-f4-linear-null-transfer,6821806742116630898,16576600314198787638,7192585194131272298,0.1952210000017658,,,batch-f4-linear-null-transfer-20260822-001
F4,X1,X3,f4-linear-null-transfer,94,1,0.06900177052148088,0.12,residual_samples/batch-94-replication-1.csv,null_statistics/batch-94-replication-1.npy,batch-f4-linear-null-transfer,9380080162188149653,580995996358210280,15444672806491973133,0.1936068999930285,,,batch-f4-linear-null-transfer-20260822-001
F4,X1,X3,f4-linear-null-transfer,94,2,0.04021860555692434,0.92,residual_samples/batch-94-replication-2.csv,null_statistics/batch-94-replication-2.npy,batch-f4-linear-null-transfer,1277289819345823744,5440885903656749939,15360910925189303009,0.19485650002025068,,,batch-f4-linear-null-transfer-20260822-001
F4,X1,X3,f4-linear-null-transfer,94,3,0.04897069164230513,0.7,residual_samples/batch-94-replication-3.csv,null_statistics/batch-94-replication-3.npy,batch-f4-linear-null-transfer,1072159786736639433,5813300152381950412,9283749364739066703,0.18900719998055138,,,batch-f4-linear-null-transfer-20260822-001
F4,X1,X3,f4-linear-null-transfer,94,4,0.05988944807236878,0.325,residual_samples/batch-94-replication-4.csv,null_statistics/batch-94-replication-4.npy,batch-f4-linear-null-transfer,6141531621069156367,15885790191918978306,11252816705754291261,0.19056709998403676,,,batch-f4-linear-null-transfer-20260822-001
F4,X1,X3,f4-linear-null-transfer,94,5,0.05508973053305299,0.365,residual_samples/batch-94-replication-5.csv,null_statistics/batch-94-replication-5.npy,batch-f4-linear-null-transfer,6705923071187211449,9268345978224252638,84055182778993463,0.1897807999921497,,,batch-f4-linear-null-transfer-20260822-001
F4,X1,X3,f4-linear-null-transfer,94,6,0.05990209361815257,0.245,residual_samples/batch-94-replication-6.csv,null_statistics/batch-94-replication-6.npy,batch-f4-linear-null-transfer,1086352178641097896,8891884106402269845,15031314262581119840,0.20429309998871759,,,batch-f4-linear-null-transfer-20260822-001
F4,X1,X3,f4-linear-null-transfer,94,7,0.042993006396619654,0.94,residual_samples/batch-94-replication-7.csv,null_statistics/batch-94-replication-7.npy,batch-f4-linear-null-transfer,17387920728312733623,8499708589741386346,4303699375774492530,0.20111700001871213,,,batch-f4-linear-null-transfer-20260822-001
F4,X1,X3,f4-linear-null-transfer,94,8,0.05268750284804401,0.505,residual_samples/batch-94-replication-8.csv,null_statistics/batch-94-replication-8.npy,batch-f4-linear-null-transfer,12633754158914609939,3497813677920195049,1931396299983767252,0.19709089997923002,,,batch-f4-linear-null-transfer-20260822-001
F4,X1,X3,f4-linear-null-transfer,94,9,0.055740677997603606,0.44,residual_samples/batch-94-replication-9.csv,null_statistics/batch-94-replication-9.npy,batch-f4-linear-null-transfer,8236956570048429874,4091104367968141229,16395426886067948181,0.2054782999912277,,,batch-f4-linear-null-transfer-20260822-001
F4,X1,X3,f4-linear-null-transfer,95,0,0.04394113339593653,0.87,residual_samples/batch-95-replication-0.csv,null_statistics/batch-95-replication-0.npy,batch-f4-linear-null-transfer,11644414016033298074,1786977200348693383,16194717133207459910,0.19411650000256486,,,batch-f4-linear-null-transfer-20260822-001
F4,X1,X3,f4-linear-null-transfer,95,1,0.06355166260774907,0.15,residual_samples/batch-95-replication-1.csv,null_statistics/batch-95-replication-1.npy,batch-f4-linear-null-transfer,5271039414141317826,7853086393622700146,17668560270147737002,0.18990389999817125,,,batch-f4-linear-null-transfer-20260822-001
F4,X1,X3,f4-linear-null-transfer,95,2,0.06220952834336749,0.17,residual_samples/batch-95-replication-2.csv,null_statistics/batch-95-replication-2.npy,batch-f4-linear-null-transfer,6501229902359181906,570730190513884158,3768955249189325106,0.19448030000785366,,,batch-f4-linear-null-transfer-20260822-001
F4,X1,X3,f4-linear-null-transfer,95,3,0.03984868376909177,0.955,residual_samples/batch-95-replication-3.csv,null_statistics/batch-95-replication-3.npy,batch-f4-linear-null-transfer,3849568263005228736,12147267133770795118,6952429073774268133,0.20214489998761564,,,batch-f4-linear-null-transfer-20260822-001
F4,X1,X3,f4-linear-null-transfer,95,4,0.048432054033548985,0.67,residual_samples/batch-95-replication-4.csv,null_statistics/batch-95-replication-4.npy,batch-f4-linear-null-transfer,5011238492066186321,8449486351246669430,1256324566021007389,0.19766090001212433,,,batch-f4-linear-null-transfer-20260822-001
F4,X1,X3,f4-linear-null-transfer,95,5,0.05851595168020969,0.28,residual_samples/batch-95-replication-5.csv,null_statistics/batch-95-replication-5.npy,batch-f4-linear-null-transfer,11411065006314224995,4271222810174564748,880897857655387663,0.19083180002053268,,,batch-f4-linear-null-transfer-20260822-001
F4,X1,X3,f4-linear-null-transfer,95,6,0.056182308341665294,0.4,residual_samples/batch-95-replication-6.csv,null_statistics/batch-95-replication-6.npy,batch-f4-linear-null-transfer,3218312725751011201,16156653189118427807,13177044340899028289,0.19986429999698885,,,batch-f4-linear-null-transfer-20260822-001
F4,X1,X3,f4-linear-null-transfer,95,7,0.04473850943427471,0.855,residual_samples/batch-95-replication-7.csv,null_statistics/batch-95-replication-7.npy,batch-f4-linear-null-transfer,8420486164370371166,10356743627379458202,10077135614374770188,0.20195250000688247,,,batch-f4-linear-null-transfer-20260822-001
F4,X1,X3,f4-linear-null-transfer,95,8,0.06424200337090669,0.17,residual_samples/batch-95-replication-8.csv,null_statistics/batch-95-replication-8.npy,batch-f4-linear-null-transfer,5299137059809829018,11278709799296371943,7307550425157962657,0.19803329999558628,,,batch-f4-linear-null-transfer-20260822-001
F4,X1,X3,f4-linear-null-transfer,95,9,0.045106296197773725,0.815,residual_samples/batch-95-replication-9.csv,null_statistics/batch-95-replication-9.npy,batch-f4-linear-null-transfer,1003421845174023052,12352827068368666462,3544578708583443194,0.19982519999030046,,,batch-f4-linear-null-transfer-20260822-001
F4,X1,X3,f4-linear-null-transfer,96,0,0.059815899400762214,0.325,residual_samples/batch-96-replication-0.csv,null_statistics/batch-96-replication-0.npy,batch-f4-linear-null-transfer,16033631316572904300,16260056095448551999,394588619886110827,0.20138630000292324,,,batch-f4-linear-null-transfer-20260822-001
F4,X1,X3,f4-linear-null-transfer,96,1,0.050563111544172305,0.62,residual_samples/batch-96-replication-1.csv,null_statistics/batch-96-replication-1.npy,batch-f4-linear-null-transfer,7625278180821728412,6340537842829878882,11052756143119244807,0.19953369998256676,,,batch-f4-linear-null-transfer-20260822-001
F4,X1,X3,f4-linear-null-transfer,96,2,0.05144155198129061,0.61,residual_samples/batch-96-replication-2.csv,null_statistics/batch-96-replication-2.npy,batch-f4-linear-null-transfer,17595893664947402005,5327052743312009109,7398579854264049288,0.20434430000022985,,,batch-f4-linear-null-transfer-20260822-001
F4,X1,X3,f4-linear-null-transfer,96,3,0.07060281156909208,0.1,residual_samples/batch-96-replication-3.csv,null_statistics/batch-96-replication-3.npy,batch-f4-linear-null-transfer,3398815706576961154,5050300561002481761,9051025567465835363,0.2043196999875363,,,batch-f4-linear-null-transfer-20260822-001
F4,X1,X3,f4-linear-null-transfer,96,4,0.04930968531465371,0.64,residual_samples/batch-96-replication-4.csv,null_statistics/batch-96-replication-4.npy,batch-f4-linear-null-transfer,4612568788618381972,2334797950575510905,4093801527859359714,0.2110603000037372,,,batch-f4-linear-null-transfer-20260822-001
F4,X1,X3,f4-linear-null-transfer,96,5,0.03445900511970659,1.0,residual_samples/batch-96-replication-5.csv,null_statistics/batch-96-replication-5.npy,batch-f4-linear-null-transfer,4774873564925742921,7658225386991174821,5354531636060409438,0.2036911000031978,,,batch-f4-linear-null-transfer-20260822-001
F4,X1,X3,f4-linear-null-transfer,96,6,0.05915255919039657,0.27,residual_samples/batch-96-replication-6.csv,null_statistics/batch-96-replication-6.npy,batch-f4-linear-null-transfer,7342084309677077004,15243852888478773866,15456272559306802728,0.2090359999856446,,,batch-f4-linear-null-transfer-20260822-001
F4,X1,X3,f4-linear-null-transfer,96,7,0.05121192902281966,0.54,residual_samples/batch-96-replication-7.csv,null_statistics/batch-96-replication-7.npy,batch-f4-linear-null-transfer,3342534464631557102,287294368139117289,8504744671432387164,0.1935941000119783,,,batch-f4-linear-null-transfer-20260822-001
F4,X1,X3,f4-linear-null-transfer,96,8,0.03987459932001039,0.955,residual_samples/batch-96-replication-8.csv,null_statistics/batch-96-replication-8.npy,batch-f4-linear-null-transfer,8554662767829312146,16036867601763356859,15901455363504279538,0.19209080000291578,,,batch-f4-linear-null-transfer-20260822-001
F4,X1,X3,f4-linear-null-transfer,96,9,0.048825523357130224,0.65,residual_samples/batch-96-replication-9.csv,null_statistics/batch-96-replication-9.npy,batch-f4-linear-null-transfer,14459313717181084393,8174430301927093647,14702691725260986600,0.19148359997780062,,,batch-f4-linear-null-transfer-20260822-001
F4,X1,X3,f4-linear-null-transfer,97,0,0.04859146525153158,0.69,residual_samples/batch-97-replication-0.csv,null_statistics/batch-97-replication-0.npy,batch-f4-linear-null-transfer,3470233665673368277,15130925986345537553,11408834385349896660,0.19218120002187788,,,batch-f4-linear-null-transfer-20260822-001
F4,X1,X3,f4-linear-null-transfer,97,1,0.05115287048907115,0.535,residual_samples/batch-97-replication-1.csv,null_statistics/batch-97-replication-1.npy,batch-f4-linear-null-transfer,9782767916735417526,14581817990474557973,17526965035572189448,0.1929266000224743,,,batch-f4-linear-null-transfer-20260822-001
F4,X1,X3,f4-linear-null-transfer,97,2,0.05116183485676584,0.575,residual_samples/batch-97-replication-2.csv,null_statistics/batch-97-replication-2.npy,batch-f4-linear-null-transfer,13906753378250423426,7169097305288066657,631584360027097918,0.19379119999939576,,,batch-f4-linear-null-transfer-20260822-001
F4,X1,X3,f4-linear-null-transfer,97,3,0.0666473785355964,0.145,residual_samples/batch-97-replication-3.csv,null_statistics/batch-97-replication-3.npy,batch-f4-linear-null-transfer,15128619976584064366,17725874031706251424,10654875843557621958,0.19439129999955185,,,batch-f4-linear-null-transfer-20260822-001
F4,X1,X3,f4-linear-null-transfer,97,4,0.06304855300767834,0.215,residual_samples/batch-97-replication-4.csv,null_statistics/batch-97-replication-4.npy,batch-f4-linear-null-transfer,630774160441279483,4684922978886329200,9163171814010473533,0.1933689000143204,,,batch-f4-linear-null-transfer-20260822-001
F4,X1,X3,f4-linear-null-transfer,97,5,0.05410225212388086,0.485,residual_samples/batch-97-replication-5.csv,null_statistics/batch-97-replication-5.npy,batch-f4-linear-null-transfer,6439475546992617797,10930631273087980007,16486925434352204241,0.191442300012568,,,batch-f4-linear-null-transfer-20260822-001
F4,X1,X3,f4-linear-null-transfer,97,6,0.056080128183882576,0.39,residual_samples/batch-97-replication-6.csv,null_statistics/batch-97-replication-6.npy,batch-f4-linear-null-transfer,7664970553613392373,13300614236964379397,15084176431790702531,0.18965819998993538,,,batch-f4-linear-null-transfer-20260822-001
F4,X1,X3,f4-linear-null-transfer,97,7,0.0734192801288224,0.06,residual_samples/batch-97-replication-7.csv,null_statistics/batch-97-replication-7.npy,batch-f4-linear-null-transfer,4876350255447398657,14912383127298402642,2604580852187551887,0.19024299999000505,,,batch-f4-linear-null-transfer-20260822-001
F4,X1,X3,f4-linear-null-transfer,97,8,0.058922287997388426,0.35,residual_samples/batch-97-replication-8.csv,null_statistics/batch-97-replication-8.npy,batch-f4-linear-null-transfer,17274893871134852122,14232816706852364542,13542369349368729998,0.1970912000106182,,,batch-f4-linear-null-transfer-20260822-001
F4,X1,X3,f4-linear-null-transfer,97,9,0.0620098551221807,0.23,residual_samples/batch-97-replication-9.csv,null_statistics/batch-97-replication-9.npy,batch-f4-linear-null-transfer,2037988007538202206,9699072470306133539,16893063535115946942,0.2014089000003878,,,batch-f4-linear-null-transfer-20260822-001
F4,X1,X3,f4-linear-null-transfer,98,0,0.051218598310579164,0.505,residual_samples/batch-98-replication-0.csv,null_statistics/batch-98-replication-0.npy,batch-f4-linear-null-transfer,16504864176742695032,16257251599699491757,8265830989992104666,0.19503959998837672,,,batch-f4-linear-null-transfer-20260822-001
F4,X1,X3,f4-linear-null-transfer,98,1,0.04096653167099049,0.965,residual_samples/batch-98-replication-1.csv,null_statistics/batch-98-replication-1.npy,batch-f4-linear-null-transfer,13030021179782693087,12679296033465710698,17175786285160111573,0.19201840000459924,,,batch-f4-linear-null-transfer-20260822-001
F4,X1,X3,f4-linear-null-transfer,98,2,0.04658295509853542,0.81,residual_samples/batch-98-replication-2.csv,null_statistics/batch-98-replication-2.npy,batch-f4-linear-null-transfer,1314032836207058454,12477564751595946692,4929258269751797026,0.19497200002660975,,,batch-f4-linear-null-transfer-20260822-001
F4,X1,X3,f4-linear-null-transfer,98,3,0.05222564315178234,0.605,residual_samples/batch-98-replication-3.csv,null_statistics/batch-98-replication-3.npy,batch-f4-linear-null-transfer,14768210448822038043,4485593597897823107,1747495836997543452,0.19355039999936707,,,batch-f4-linear-null-transfer-20260822-001
F4,X1,X3,f4-linear-null-transfer,98,4,0.047885065089748956,0.655,residual_samples/batch-98-replication-4.csv,null_statistics/batch-98-replication-4.npy,batch-f4-linear-null-transfer,247768285668812365,16970117957066278177,11049300442577676987,0.19346590002533048,,,batch-f4-linear-null-transfer-20260822-001
F4,X1,X3,f4-linear-null-transfer,98,5,0.056620321916874466,0.415,residual_samples/batch-98-replication-5.csv,null_statistics/batch-98-replication-5.npy,batch-f4-linear-null-transfer,3081268581176765458,11479778147930706595,6578899992774950047,0.1901763000059873,,,batch-f4-linear-null-transfer-20260822-001
F4,X1,X3,f4-linear-null-transfer,98,6,0.05293264691718078,0.485,residual_samples/batch-98-replication-6.csv,null_statistics/batch-98-replication-6.npy,batch-f4-linear-null-transfer,8266423017517056670,17970904874428810505,239482007253245783,0.19993949998752214,,,batch-f4-linear-null-transfer-20260822-001
F4,X1,X3,f4-linear-null-transfer,98,7,0.052448548310702156,0.545,residual_samples/batch-98-replication-7.csv,null_statistics/batch-98-replication-7.npy,batch-f4-linear-null-transfer,352237468200349898,2123734664919019475,914687823209720219,0.1934532000159379,,,batch-f4-linear-null-transfer-20260822-001
F4,X1,X3,f4-linear-null-transfer,98,8,0.04716730203512053,0.77,residual_samples/batch-98-replication-8.csv,null_statistics/batch-98-replication-8.npy,batch-f4-linear-null-transfer,9880208659482404006,13167539379133552687,7162148293900548356,0.18965339998248965,,,batch-f4-linear-null-transfer-20260822-001
F4,X1,X3,f4-linear-null-transfer,98,9,0.044466268502400784,0.865,residual_samples/batch-98-replication-9.csv,null_statistics/batch-98-replication-9.npy,batch-f4-linear-null-transfer,15671943897162013325,15960749392461561008,8440305369003448710,0.20524840001598932,,,batch-f4-linear-null-transfer-20260822-001
F4,X1,X3,f4-linear-null-transfer,99,0,0.04641885991271808,0.77,residual_samples/batch-99-replication-0.csv,null_statistics/batch-99-replication-0.npy,batch-f4-linear-null-transfer,18150684450129856018,10556871609390075718,17165694044769847115,0.21136759998626076,,,batch-f4-linear-null-transfer-20260822-001
F4,X1,X3,f4-linear-null-transfer,99,1,0.04967894237632594,0.65,residual_samples/batch-99-replication-1.csv,null_statistics/batch-99-replication-1.npy,batch-f4-linear-null-transfer,1129595226125782882,8795766169130105266,10319704000838752207,0.22235789999831468,,,batch-f4-linear-null-transfer-20260822-001
F4,X1,X3,f4-linear-null-transfer,99,2,0.05852045061527556,0.39,residual_samples/batch-99-replication-2.csv,null_statistics/batch-99-replication-2.npy,batch-f4-linear-null-transfer,12280197877964398907,15773228362983627388,14515782508388533538,0.21716640001977794,,,batch-f4-linear-null-transfer-20260822-001
F4,X1,X3,f4-linear-null-transfer,99,3,0.04295416667447139,0.935,residual_samples/batch-99-replication-3.csv,null_statistics/batch-99-replication-3.npy,batch-f4-linear-null-transfer,10718818572344576949,5178354166553006262,13487430176636060699,0.2137248999788426,,,batch-f4-linear-null-transfer-20260822-001
F4,X1,X3,f4-linear-null-transfer,99,4,0.06679783226851052,0.12,residual_samples/batch-99-replication-4.csv,null_statistics/batch-99-replication-4.npy,batch-f4-linear-null-transfer,8502680205646185603,8688368141434966884,8230124773310586256,0.2152973999909591,,,batch-f4-linear-null-transfer-20260822-001
F4,X1,X3,f4-linear-null-transfer,99,5,0.04275018746069755,0.87,residual_samples/batch-99-replication-5.csv,null_statistics/batch-99-replication-5.npy,batch-f4-linear-null-transfer,17552281948823174,5774623389023195993,14060447471448317175,0.20022460000473075,,,batch-f4-linear-null-transfer-20260822-001
F4,X1,X3,f4-linear-null-transfer,99,6,0.06553359479451042,0.21,residual_samples/batch-99-replication-6.csv,null_statistics/batch-99-replication-6.npy,batch-f4-linear-null-transfer,718584675330124698,9477805820422691557,2233655023941315603,0.19722279999405146,,,batch-f4-linear-null-transfer-20260822-001
F4,X1,X3,f4-linear-null-transfer,99,7,0.04322574024527493,0.885,residual_samples/batch-99-replication-7.csv,null_statistics/batch-99-replication-7.npy,batch-f4-linear-null-transfer,8031365969485068903,8099388893607357775,9003911375709553341,0.21888620001845993,,,batch-f4-linear-null-transfer-20260822-001
F4,X1,X3,f4-linear-null-transfer,99,8,0.05760877550115514,0.325,residual_samples/batch-99-replication-8.csv,null_statistics/batch-99-replication-8.npy,batch-f4-linear-null-transfer,1129305370498890949,983014927309301255,4243053401014605911,0.21568890000344254,,,batch-f4-linear-null-transfer-20260822-001
F4,X1,X3,f4-linear-null-transfer,99,9,0.05116903587552615,0.605,residual_samples/batch-99-replication-9.csv,null_statistics/batch-99-replication-9.npy,batch-f4-linear-null-transfer,13097712466007489124,4007115455299546529,16026100047388560862,0.2129484000033699,,,batch-f4-linear-null-transfer-20260822-001
