phase,batch,replication,observed_statistic,permutation_p_value,null_statistics_path,seed_namespace,left_seed,right_seed,permutation_seed,elapsed_seconds,warnings,exception_text,run_id
calibration,0,0,0.05265263390590292,0.58,null_statistics/batch-0-replication-0.npy,batch-null-calibration,9441132613012406846,9823088291154275628,8534823712495780169,0.25397499999962747,,,batch-null-calibration-20260821-001
calibration,0,1,0.06089083685626669,0.225,null_statistics/batch-0-replication-1.npy,batch-null-calibration,3486747926360980805,3483510569989259818,1204032093151440482,0.25897189999523107,,,batch-null-calibration-20260821-001
calibration,0,2,0.08319440084433075,0.015,null_statistics/batch-0-replication-2.npy,batch-null-calibration,11113710945051694803,10281070484531273010,7275169853033267718,0.2506755000067642,,,batch-null-calibration-20260821-001
calibration,0,3,0.057311313133660016,0.32,null_statistics/batch-0-replication-3.npy,batch-null-calibration,1884474161894156482,16546079801782492189,12897496721989021056,0.2502094999945257,,,batch-null-calibration-20260821-001
calibration,0,4,0.046909962318390196,0.76,null_statistics/batch-0-replication-4.npy,batch-null-calibration,14732577021701006819,7942295024203634488,7521431199514317774,0.24931679999281187,,,batch-null-calibration-20260821-001
calibration,0,5,0.058906503785165855,0.33,null_statistics/batch-0-replication-5.npy,batch-null-calibration,15269929708461335845,1717170491636338568,17484412889378350754,0.24832830000377726,,,batch-null-calibration-20260821-001
calibration,0,6,0.05469586925236514,0.46,null_statistics/batch-0-replication-6.npy,batch-null-calibration,9827596785049901353,6358823381074866629,5997043066314998663,0.250511699996423,,,batch-null-calibration-20260821-001
calibration,0,7,0.08228219502844177,0.035,null_statistics/batch-0-replication-7.npy,batch-null-calibration,4639749883778301942,474323212084989219,13451842876713525218,0.24974300000758376,,,batch-null-calibration-20260821-001
calibration,0,8,0.05200616464171507,0.52,null_statistics/batch-0-replication-8.npy,batch-null-calibration,11995110937938215636,8062243223010027399,18092588155004314231,0.25026010000146925,,,batch-null-calibration-20260821-001
calibration,0,9,0.07192189894154229,0.075,null_statistics/batch-0-replication-9.npy,batch-null-calibration,8322236474765323997,4242055787844103086,8966431096169469271,0.25239769999461714,,,batch-null-calibration-20260821-001
calibration,1,0,0.06848034354551413,0.16,null_statistics/batch-1-replication-0.npy,batch-null-calibration,15630001268634951538,14527457237315670764,5890937138496335762,0.25146050000330433,,,batch-null-calibration-20260821-001
calibration,1,1,0.06071851110105883,0.235,null_statistics/batch-1-replication-1.npy,batch-null-calibration,9370685659172601872,6682634833187071892,8933581233756112809,0.25121289999515284,,,batch-null-calibration-20260821-001
calibration,1,2,0.0736839646280655,0.03,null_statistics/batch-1-replication-2.npy,batch-null-calibration,5837666942789832117,16771014117735913492,8609409263482530751,0.25630619999719784,,,batch-null-calibration-20260821-001
calibration,1,3,0.05260011043509733,0.59,null_statistics/batch-1-replication-3.npy,batch-null-calibration,7091022168366808273,4341510635703382795,5993544732571746684,0.25169619999360293,,,batch-null-calibration-20260821-001
calibration,1,4,0.04457470325657615,0.87,null_statistics/batch-1-replication-4.npy,batch-null-calibration,12381339437094657417,12343242283816499987,1407231307284173289,0.2524002999998629,,,batch-null-calibration-20260821-001
calibration,1,5,0.04776709047177144,0.72,null_statistics/batch-1-replication-5.npy,batch-null-calibration,8716291002412401466,2548858682328571692,3711601688098731771,0.25109629999496974,,,batch-null-calibration-20260821-001
calibration,1,6,0.05609941552021202,0.375,null_statistics/batch-1-replication-6.npy,batch-null-calibration,10406304282246034213,14877164393468550466,14645651885928685702,0.2563934000063455,,,batch-null-calibration-20260821-001
calibration,1,7,0.0923895981224909,0.015,null_statistics/batch-1-replication-7.npy,batch-null-calibration,10524008575667562892,6218094529980615314,7153819435157241839,0.25503180001396686,,,batch-null-calibration-20260821-001
calibration,1,8,0.054763481457453966,0.355,null_statistics/batch-1-replication-8.npy,batch-null-calibration,1203850227912792492,11583783603829862938,9167581070256581546,0.25383030000375584,,,batch-null-calibration-20260821-001
calibration,1,9,0.05754708222182614,0.405,null_statistics/batch-1-replication-9.npy,batch-null-calibration,16613736913014889931,11206330797366876798,17462890897305865284,0.2542500999988988,,,batch-null-calibration-20260821-001
calibration,2,0,0.05860964521394606,0.32,null_statistics/batch-2-replication-0.npy,batch-null-calibration,1677204513150812565,17857517119211186100,3093756571312294247,0.25962880000588484,,,batch-null-calibration-20260821-001
calibration,2,1,0.06679811934845363,0.135,null_statistics/batch-2-replication-1.npy,batch-null-calibration,6344121827217698087,11083595226709869340,63404869938420749,0.25162100000306964,,,batch-null-calibration-20260821-001
calibration,2,2,0.054468273269369864,0.445,null_statistics/batch-2-replication-2.npy,batch-null-calibration,17535634093523567660,7525436517046111615,5766788110845812683,0.24991360001149587,,,batch-null-calibration-20260821-001
calibration,2,3,0.05160238487930834,0.615,null_statistics/batch-2-replication-3.npy,batch-null-calibration,8234533145758344361,407036191080165294,16016615235607587948,0.25128229999972973,,,batch-null-calibration-20260821-001
calibration,2,4,0.05635848451972107,0.335,null_statistics/batch-2-replication-4.npy,batch-null-calibration,18024246424275339389,18436812165391466813,4189803799976671737,0.2517315000004601,,,batch-null-calibration-20260821-001
calibration,2,5,0.06121781886705151,0.22,null_statistics/batch-2-replication-5.npy,batch-null-calibration,17772443340218145686,12612973351397301121,5095368025880675709,0.25401879999844823,,,batch-null-calibration-20260821-001
calibration,2,6,0.07008813451340075,0.085,null_statistics/batch-2-replication-6.npy,batch-null-calibration,352989567586697580,1045136790806152023,3012450276922898519,0.2525885999930324,,,batch-null-calibration-20260821-001
calibration,2,7,0.04638042982341207,0.815,null_statistics/batch-2-replication-7.npy,batch-null-calibration,4839270107283198666,18232808760726569044,7631501086476997517,0.24923680000938475,,,batch-null-calibration-20260821-001
calibration,2,8,0.053145638485421046,0.485,null_statistics/batch-2-replication-8.npy,batch-null-calibration,1714319014742794431,4034303437171798904,10217574486576020764,0.2551207000069553,,,batch-null-calibration-20260821-001
calibration,2,9,0.049937764509287434,0.595,null_statistics/batch-2-replication-9.npy,batch-null-calibration,15318913198995561848,9291236835899963595,10321691855248467238,0.2507012999994913,,,batch-null-calibration-20260821-001
calibration,3,0,0.04387397729469602,0.85,null_statistics/batch-3-replication-0.npy,batch-null-calibration,16725065629744019915,12266374009277716233,9629961583869518915,0.25093540000671055,,,batch-null-calibration-20260821-001
calibration,3,1,0.08813934451046408,0.015,null_statistics/batch-3-replication-1.npy,batch-null-calibration,15425654905983875946,18230689747628167777,13161222188469245942,0.2526224000030197,,,batch-null-calibration-20260821-001
calibration,3,2,0.0534692148015443,0.46,null_statistics/batch-3-replication-2.npy,batch-null-calibration,1064459821276416885,17211911667064414208,2186067290465121077,0.2570893999945838,,,batch-null-calibration-20260821-001
calibration,3,3,0.05294198973599349,0.48,null_statistics/batch-3-replication-3.npy,batch-null-calibration,12514052662263053720,9992186597303477451,15803326739292260002,0.2526734999992186,,,batch-null-calibration-20260821-001
calibration,3,4,0.047330927144617646,0.8,null_statistics/batch-3-replication-4.npy,batch-null-calibration,10409873422298494003,6924476472856506318,164263872717645318,0.2522334000095725,,,batch-null-calibration-20260821-001
calibration,3,5,0.04737886321519511,0.725,null_statistics/batch-3-replication-5.npy,batch-null-calibration,1289342290668783986,8357177174696905188,15684611591346822581,0.257189500000095,,,batch-null-calibration-20260821-001
calibration,3,6,0.07852372750484582,0.065,null_statistics/batch-3-replication-6.npy,batch-null-calibration,17719504882474489496,5491282748798936244,17589528006775877787,0.2545945000019856,,,batch-null-calibration-20260821-001
calibration,3,7,0.0467080380783859,0.78,null_statistics/batch-3-replication-7.npy,batch-null-calibration,12725770816838187906,5627562970074833148,6536094209032404441,0.2537938000023132,,,batch-null-calibration-20260821-001
calibration,3,8,0.04525281812025116,0.85,null_statistics/batch-3-replication-8.npy,batch-null-calibration,7705749152485364105,11838662426228065433,12468076456415298801,0.2496783999959007,,,batch-null-calibration-20260821-001
calibration,3,9,0.05094509519562046,0.635,null_statistics/batch-3-replication-9.npy,batch-null-calibration,16720952671215430658,12186921953859277563,11235361172490266959,0.25379200000315905,,,batch-null-calibration-20260821-001
calibration,4,0,0.05852554495208845,0.295,null_statistics/batch-4-replication-0.npy,batch-null-calibration,8830899076058423818,4553882324947586011,17002482407218771365,0.25292100000660866,,,batch-null-calibration-20260821-001
calibration,4,1,0.05723758959544978,0.325,null_statistics/batch-4-replication-1.npy,batch-null-calibration,537582033626712245,17878622296766715414,17325863086917603261,0.2533569999941392,,,batch-null-calibration-20260821-001
calibration,4,2,0.05445711218486826,0.42,null_statistics/batch-4-replication-2.npy,batch-null-calibration,16409415993313511656,9588785083337450516,1357061993814153508,0.25269639999896754,,,batch-null-calibration-20260821-001
calibration,4,3,0.04432276296518582,0.855,null_statistics/batch-4-replication-3.npy,batch-null-calibration,18252350380050715372,16292274817482550852,1399011223679169075,0.25213540000549983,,,batch-null-calibration-20260821-001
calibration,4,4,0.04780337620635986,0.675,null_statistics/batch-4-replication-4.npy,batch-null-calibration,5480242708849680986,2545845820090804271,13591849911690793476,0.2562686000019312,,,batch-null-calibration-20260821-001
calibration,4,5,0.04406389473737851,0.85,null_statistics/batch-4-replication-5.npy,batch-null-calibration,2962013600739743975,4753563379597160751,6795857237023823440,0.26467720000073314,,,batch-null-calibration-20260821-001
calibration,4,6,0.04886652032473346,0.6,null_statistics/batch-4-replication-6.npy,batch-null-calibration,7795736004437160366,14098303231500920238,10458153785276897982,0.269220200003474,,,batch-null-calibration-20260821-001
calibration,4,7,0.053059547142171544,0.55,null_statistics/batch-4-replication-7.npy,batch-null-calibration,192030887510756354,3453091763522375452,4211336525004701061,0.27047659999516327,,,batch-null-calibration-20260821-001
calibration,4,8,0.037605442365433485,0.985,null_statistics/batch-4-replication-8.npy,batch-null-calibration,8089839945810575660,11518697236112469903,10242461621299819273,0.2723642000055406,,,batch-null-calibration-20260821-001
calibration,4,9,0.04745271227663267,0.765,null_statistics/batch-4-replication-9.npy,batch-null-calibration,16626234474298370993,9631478435317585990,14816006312161744858,0.26191600000311155,,,batch-null-calibration-20260821-001
calibration,5,0,0.051195004664784265,0.58,null_statistics/batch-5-replication-0.npy,batch-null-calibration,4005016159950994819,9730480619621068417,10862954948099573802,0.2535755999997491,,,batch-null-calibration-20260821-001
calibration,5,1,0.07490753235369513,0.09,null_statistics/batch-5-replication-1.npy,batch-null-calibration,6046650275012956765,2316529740886399085,12624331554112097074,0.25280560000101104,,,batch-null-calibration-20260821-001
calibration,5,2,0.0430376450667897,0.86,null_statistics/batch-5-replication-2.npy,batch-null-calibration,10773209121406998436,12453940847966098303,7185319967750184544,0.25035420000494923,,,batch-null-calibration-20260821-001
calibration,5,3,0.043348167973519355,0.9,null_statistics/batch-5-replication-3.npy,batch-null-calibration,13619016183464759373,12873130519259453801,17110824955151476614,0.2511195000115549,,,batch-null-calibration-20260821-001
calibration,5,4,0.04830801659335098,0.69,null_statistics/batch-5-replication-4.npy,batch-null-calibration,5880974543497446071,3244498409379309431,5734089700243678425,0.2510230999905616,,,batch-null-calibration-20260821-001
calibration,5,5,0.054260201255361844,0.445,null_statistics/batch-5-replication-5.npy,batch-null-calibration,5252513871494383232,2207809196668155196,5111727886872438022,0.2531128999980865,,,batch-null-calibration-20260821-001
calibration,5,6,0.04461199286539932,0.905,null_statistics/batch-5-replication-6.npy,batch-null-calibration,1995429487943841247,17783835427351587048,13629628852675375404,0.25288159999763593,,,batch-null-calibration-20260821-001
calibration,5,7,0.06922072239390065,0.085,null_statistics/batch-5-replication-7.npy,batch-null-calibration,859961218472551088,11983614303456282891,4217413368533658452,0.253625600002124,,,batch-null-calibration-20260821-001
calibration,5,8,0.059351140379649614,0.29,null_statistics/batch-5-replication-8.npy,batch-null-calibration,15855762788504052128,9098737868676365070,2908139375028083623,0.2530119000002742,,,batch-null-calibration-20260821-001
calibration,5,9,0.0583934771814374,0.325,null_statistics/batch-5-replication-9.npy,batch-null-calibration,7541231680254419670,8925603723920058927,2982071821401280782,0.2531626999989385,,,batch-null-calibration-20260821-001
calibration,6,0,0.04284148663798844,0.94,null_statistics/batch-6-replication-0.npy,batch-null-calibration,1113056052484242846,3293077241314975035,13187674996672096684,0.25287689999095164,,,batch-null-calibration-20260821-001
calibration,6,1,0.04262724252342846,0.9,null_statistics/batch-6-replication-1.npy,batch-null-calibration,14862617490848293907,9752376123327919114,5018968563165394689,0.252222700000857,,,batch-null-calibration-20260821-001
calibration,6,2,0.04308353643382031,0.895,null_statistics/batch-6-replication-2.npy,batch-null-calibration,14470762079873833511,6872440595251029054,13410851304218279355,0.26086699998995755,,,batch-null-calibration-20260821-001
calibration,6,3,0.05754931932874779,0.43,null_statistics/batch-6-replication-3.npy,batch-null-calibration,1996377225787535066,6190327313857566109,2238879476407286663,0.2580037000006996,,,batch-null-calibration-20260821-001
calibration,6,4,0.05592438608786246,0.395,null_statistics/batch-6-replication-4.npy,batch-null-calibration,6750674258694885759,11158558747036056541,11386335288580786764,0.26063580000482034,,,batch-null-calibration-20260821-001
calibration,6,5,0.04035220394169412,0.96,null_statistics/batch-6-replication-5.npy,batch-null-calibration,3791439288893590101,1086117088709653778,1752024381639620343,0.25435920000018086,,,batch-null-calibration-20260821-001
calibration,6,6,0.04922072485364155,0.625,null_statistics/batch-6-replication-6.npy,batch-null-calibration,1461301825178240785,3394006681395667166,14312027522489833948,0.2540086000080919,,,batch-null-calibration-20260821-001
calibration,6,7,0.07824413799400101,0.03,null_statistics/batch-6-replication-7.npy,batch-null-calibration,4425432538636628948,4421716866963298628,11915855735756050755,0.2536015999939991,,,batch-null-calibration-20260821-001
calibration,6,8,0.042995232006382646,0.89,null_statistics/batch-6-replication-8.npy,batch-null-calibration,9630537164186080533,6038421838108911776,1927114829929719472,0.2549111999978777,,,batch-null-calibration-20260821-001
calibration,6,9,0.05283345121398773,0.55,null_statistics/batch-6-replication-9.npy,batch-null-calibration,6664759397199633443,3221365646228857372,13524691225400755759,0.2541118999943137,,,batch-null-calibration-20260821-001
calibration,7,0,0.04862509372435178,0.695,null_statistics/batch-7-replication-0.npy,batch-null-calibration,7108111332507940570,5522688332249215836,9064639667629610896,0.25457160000223666,,,batch-null-calibration-20260821-001
calibration,7,1,0.0398571536352223,0.98,null_statistics/batch-7-replication-1.npy,batch-null-calibration,8459661182774885475,4635899126503672824,857895412635229842,0.25390510000579525,,,batch-null-calibration-20260821-001
calibration,7,2,0.04871107454694461,0.695,null_statistics/batch-7-replication-2.npy,batch-null-calibration,13544218132030592276,1148714516349892168,2014547879446471210,0.2557821999944281,,,batch-null-calibration-20260821-001
calibration,7,3,0.09234783797363305,0.005,null_statistics/batch-7-replication-3.npy,batch-null-calibration,6252982937554519481,12304446262058387581,12763839570314229829,0.2520946000004187,,,batch-null-calibration-20260821-001
calibration,7,4,0.07851177133662528,0.055,null_statistics/batch-7-replication-4.npy,batch-null-calibration,3308111692913559663,18120520704860220769,10132525083494061778,0.2525573000020813,,,batch-null-calibration-20260821-001
calibration,7,5,0.04055984827349541,0.97,null_statistics/batch-7-replication-5.npy,batch-null-calibration,12369013058358721124,14725284915895812344,2614785768348828133,0.2522458000021288,,,batch-null-calibration-20260821-001
calibration,7,6,0.0529690708940343,0.49,null_statistics/batch-7-replication-6.npy,batch-null-calibration,18333985968118658954,17306907762645992745,11215217137764405514,0.2546998000034364,,,batch-null-calibration-20260821-001
calibration,7,7,0.04974715541886307,0.675,null_statistics/batch-7-replication-7.npy,batch-null-calibration,6749070294711272450,4645339402355769563,4128214636926270746,0.25192550000792835,,,batch-null-calibration-20260821-001
calibration,7,8,0.05702496895151764,0.33,null_statistics/batch-7-replication-8.npy,batch-null-calibration,3116401179416374352,15257743318291578074,8440857874707702794,0.25471969999489374,,,batch-null-calibration-20260821-001
calibration,7,9,0.0495381366090242,0.635,null_statistics/batch-7-replication-9.npy,batch-null-calibration,13862329475446361623,7198601896553747604,2269232490657270128,0.2517747999954736,,,batch-null-calibration-20260821-001
calibration,8,0,0.045833536365678294,0.86,null_statistics/batch-8-replication-0.npy,batch-null-calibration,8041494484954857249,7068902298124591995,4478547997907837739,0.24955259999842383,,,batch-null-calibration-20260821-001
calibration,8,1,0.05619986060365441,0.275,null_statistics/batch-8-replication-1.npy,batch-null-calibration,9542317903348045102,5612443328162536976,2181241657860870014,0.2501598999951966,,,batch-null-calibration-20260821-001
calibration,8,2,0.04517663811749717,0.845,null_statistics/batch-8-replication-2.npy,batch-null-calibration,17317823439046765029,880464082694490615,3058218911641433371,0.2721432999969693,,,batch-null-calibration-20260821-001
calibration,8,3,0.0674898314834749,0.135,null_statistics/batch-8-replication-3.npy,batch-null-calibration,3395308243488033106,5896655493545356819,4003519589275093912,0.2601594000007026,,,batch-null-calibration-20260821-001
calibration,8,4,0.04613103871674772,0.77,null_statistics/batch-8-replication-4.npy,batch-null-calibration,2653118187231300878,13854073112783985261,9213523056790993069,0.2550962000095751,,,batch-null-calibration-20260821-001
calibration,8,5,0.05472521990350848,0.47,null_statistics/batch-8-replication-5.npy,batch-null-calibration,10729579080131330372,16683536080195528847,302718661709482129,0.25343520000751596,,,batch-null-calibration-20260821-001
calibration,8,6,0.04835818402389112,0.69,null_statistics/batch-8-replication-6.npy,batch-null-calibration,4437565806485511725,7527536313994060967,1962610222445704131,0.25293790000432637,,,batch-null-calibration-20260821-001
calibration,8,7,0.05936500495990885,0.25,null_statistics/batch-8-replication-7.npy,batch-null-calibration,15366568159801238139,9241857493720782367,4512158235011250456,0.2555005999893183,,,batch-null-calibration-20260821-001
calibration,8,8,0.06793257272550231,0.135,null_statistics/batch-8-replication-8.npy,batch-null-calibration,5123437131510836888,6687323708693037718,14526382081539231211,0.26911190000828356,,,batch-null-calibration-20260821-001
calibration,8,9,0.04623601069086614,0.76,null_statistics/batch-8-replication-9.npy,batch-null-calibration,17214621685801361725,8455752658386855293,5095396223264418757,0.26642830000491813,,,batch-null-calibration-20260821-001
calibration,9,0,0.05224389958302184,0.59,null_statistics/batch-9-replication-0.npy,batch-null-calibration,1327899240997126319,17334470352742195136,12474943968100179112,0.2558315000060247,,,batch-null-calibration-20260821-001
calibration,9,1,0.07072653047816305,0.085,null_statistics/batch-9-replication-1.npy,batch-null-calibration,4144433715453911620,1115320707365094107,10240147331538702092,0.2580210000014631,,,batch-null-calibration-20260821-001
calibration,9,2,0.044884987383111453,0.86,null_statistics/batch-9-replication-2.npy,batch-null-calibration,16529400293852355252,4890525043023919421,7862359641762541748,0.2581339000025764,,,batch-null-calibration-20260821-001
calibration,9,3,0.06048616115709634,0.27,null_statistics/batch-9-replication-3.npy,batch-null-calibration,11716766226512016578,5791608889261696033,12522145341565113992,0.25556359998881817,,,batch-null-calibration-20260821-001
calibration,9,4,0.04168168133763656,0.94,null_statistics/batch-9-replication-4.npy,batch-null-calibration,8125484555109185673,16948841402195601040,9297545494347119780,0.25395830000343267,,,batch-null-calibration-20260821-001
calibration,9,5,0.051980205617932804,0.595,null_statistics/batch-9-replication-5.npy,batch-null-calibration,13487902376710458155,9168439759046283407,2903051285725224893,0.2656794000067748,,,batch-null-calibration-20260821-001
calibration,9,6,0.05523487639398064,0.45,null_statistics/batch-9-replication-6.npy,batch-null-calibration,12839669192022497657,5353191716786512288,3743464470286326035,0.26045510001131333,,,batch-null-calibration-20260821-001
calibration,9,7,0.05205302834612698,0.535,null_statistics/batch-9-replication-7.npy,batch-null-calibration,7744930638683865864,9943587148308017463,17971404721486051960,0.2572131999913836,,,batch-null-calibration-20260821-001
calibration,9,8,0.04365963275594382,0.9,null_statistics/batch-9-replication-8.npy,batch-null-calibration,1966481151434937976,12048962366683459945,15510613075511842347,0.2582708999980241,,,batch-null-calibration-20260821-001
calibration,9,9,0.08344323865685524,0.03,null_statistics/batch-9-replication-9.npy,batch-null-calibration,6499269287803587839,351869502912253019,8845675742251048191,0.25707420000981074,,,batch-null-calibration-20260821-001
calibration,10,0,0.05476458331543576,0.475,null_statistics/batch-10-replication-0.npy,batch-null-calibration,6716980551893366791,10727028946021010636,6881660764730995464,0.2582823999982793,,,batch-null-calibration-20260821-001
calibration,10,1,0.0403009408481328,0.965,null_statistics/batch-10-replication-1.npy,batch-null-calibration,4009751398263758198,3458080251566124271,16412505942194633225,0.25617829999828245,,,batch-null-calibration-20260821-001
calibration,10,2,0.06215326214409913,0.255,null_statistics/batch-10-replication-2.npy,batch-null-calibration,805801791989028722,12791457210265359533,7787256475222681412,0.2701316000020597,,,batch-null-calibration-20260821-001
calibration,10,3,0.07383363542342976,0.13,null_statistics/batch-10-replication-3.npy,batch-null-calibration,10828678991261395357,3167501174310817404,4503643807485060416,0.2735448000021279,,,batch-null-calibration-20260821-001
calibration,10,4,0.09491764563903948,0.01,null_statistics/batch-10-replication-4.npy,batch-null-calibration,9340091076708191287,9414514087548526945,1097743468083700920,0.25370590000238735,,,batch-null-calibration-20260821-001
calibration,10,5,0.044486599701392,0.845,null_statistics/batch-10-replication-5.npy,batch-null-calibration,16848392615518434641,5238821525325182301,4931432792445266976,0.25339030000031926,,,batch-null-calibration-20260821-001
calibration,10,6,0.04900365823829848,0.675,null_statistics/batch-10-replication-6.npy,batch-null-calibration,13170137810553054171,2780151392600749968,3252534822999457246,0.2558595000009518,,,batch-null-calibration-20260821-001
calibration,10,7,0.04493366636664698,0.815,null_statistics/batch-10-replication-7.npy,batch-null-calibration,572398287078709482,8910648719143246863,1140527522703194750,0.2549362999998266,,,batch-null-calibration-20260821-001
calibration,10,8,0.061720312374746775,0.205,null_statistics/batch-10-replication-8.npy,batch-null-calibration,3441114576330128085,1589380158164331259,569424939568646534,0.257666599994991,,,batch-null-calibration-20260821-001
calibration,10,9,0.0618273602343373,0.22,null_statistics/batch-10-replication-9.npy,batch-null-calibration,2067061809559573456,1270678096732029166,2424602952547186393,0.2528201999957673,,,batch-null-calibration-20260821-001
calibration,11,0,0.06468672001603867,0.21,null_statistics/batch-11-replication-0.npy,batch-null-calibration,599173342848098746,6025339303691518570,4291047451689399240,0.25810310000088066,,,batch-null-calibration-20260821-001
calibration,11,1,0.05514569443218274,0.365,null_statistics/batch-11-replication-1.npy,batch-null-calibration,13549175388216862797,16401646623331974743,3609223980739882673,0.2512784999998985,,,batch-null-calibration-20260821-001
calibration,11,2,0.06192273906219341,0.27,null_statistics/batch-11-replication-2.npy,batch-null-calibration,17726011699219620070,11275513201918194763,1130087467880576624,0.2513847999944119,,,batch-null-calibration-20260821-001
calibration,11,3,0.06379224064647009,0.205,null_statistics/batch-11-replication-3.npy,batch-null-calibration,11049304883275751530,1415277868477402066,5252703784620339650,0.2529489000007743,,,batch-null-calibration-20260821-001
calibration,11,4,0.06251053189062608,0.225,null_statistics/batch-11-replication-4.npy,batch-null-calibration,18355956827459007811,12894740296855926760,7806820456244772508,0.2524105999909807,,,batch-null-calibration-20260821-001
calibration,11,5,0.07362794550322595,0.095,null_statistics/batch-11-replication-5.npy,batch-null-calibration,9721407954482615826,4859618413955381598,4567727397029995918,0.2518272000015713,,,batch-null-calibration-20260821-001
calibration,11,6,0.05397389710354471,0.47,null_statistics/batch-11-replication-6.npy,batch-null-calibration,526225997326543770,16848819171500192789,1265808307438284347,0.28041859999939334,,,batch-null-calibration-20260821-001
calibration,11,7,0.06206262804871776,0.22,null_statistics/batch-11-replication-7.npy,batch-null-calibration,48680753547421375,5554478659925202014,13969077179854091835,0.2781052000063937,,,batch-null-calibration-20260821-001
calibration,11,8,0.07995510442968905,0.04,null_statistics/batch-11-replication-8.npy,batch-null-calibration,7721704523781187268,15584308264415288662,17055537922910745000,0.27766849999898113,,,batch-null-calibration-20260821-001
calibration,11,9,0.0356336073918594,0.995,null_statistics/batch-11-replication-9.npy,batch-null-calibration,398959425857004195,8275098226143632947,6876766412698327006,0.27403070000582375,,,batch-null-calibration-20260821-001
calibration,12,0,0.040131751801003326,0.955,null_statistics/batch-12-replication-0.npy,batch-null-calibration,7024332194766406504,3754599621833871329,7945839850268145477,0.2603328999975929,,,batch-null-calibration-20260821-001
calibration,12,1,0.05478132266328352,0.475,null_statistics/batch-12-replication-1.npy,batch-null-calibration,18130153239379589972,7875914034539152476,4529809355297000771,0.257761600005324,,,batch-null-calibration-20260821-001
calibration,12,2,0.0645084365733101,0.155,null_statistics/batch-12-replication-2.npy,batch-null-calibration,14890282871134263321,6241788212294208802,11379346887906993539,0.26077939999231603,,,batch-null-calibration-20260821-001
calibration,12,3,0.048813825668510634,0.63,null_statistics/batch-12-replication-3.npy,batch-null-calibration,14707086407566552753,8294790248879531929,2104824274602518372,0.2535926999989897,,,batch-null-calibration-20260821-001
calibration,12,4,0.04433532002896498,0.865,null_statistics/batch-12-replication-4.npy,batch-null-calibration,15134988291568389356,13491946463232391214,2438452085120082285,0.25180379999801517,,,batch-null-calibration-20260821-001
calibration,12,5,0.04087238912873596,0.95,null_statistics/batch-12-replication-5.npy,batch-null-calibration,3949990002859201605,17290965000815772046,5702020419171455455,0.2523094000061974,,,batch-null-calibration-20260821-001
calibration,12,6,0.05233530618085264,0.46,null_statistics/batch-12-replication-6.npy,batch-null-calibration,1214810046478942879,3082595875087522375,18030600701101145326,0.2507511000003433,,,batch-null-calibration-20260821-001
calibration,12,7,0.038715610063581235,0.98,null_statistics/batch-12-replication-7.npy,batch-null-calibration,5654293247046082592,5488138624641294625,17521378929922145169,0.2576392000046326,,,batch-null-calibration-20260821-001
calibration,12,8,0.05649223343743293,0.355,null_statistics/batch-12-replication-8.npy,batch-null-calibration,7891024161640193082,5497713599157116943,3486204441765270949,0.2620370999939041,,,batch-null-calibration-20260821-001
calibration,12,9,0.03862327390989978,0.965,null_statistics/batch-12-replication-9.npy,batch-null-calibration,15857596222752039593,16362466565294399482,17405678007125782820,0.25613870000233874,,,batch-null-calibration-20260821-001
calibration,13,0,0.08477787959800262,0.02,null_statistics/batch-13-replication-0.npy,batch-null-calibration,10955245253986861689,8621200182768857075,10307822596146334072,0.25346669999998994,,,batch-null-calibration-20260821-001
calibration,13,1,0.05875032041558036,0.32,null_statistics/batch-13-replication-1.npy,batch-null-calibration,10735646569758236338,6040643795839815372,9989370435829489973,0.2558798999962164,,,batch-null-calibration-20260821-001
calibration,13,2,0.06749006243648067,0.135,null_statistics/batch-13-replication-2.npy,batch-null-calibration,16230285925040877213,4566720292243987942,18168767053436805331,0.25388449999445584,,,batch-null-calibration-20260821-001
calibration,13,3,0.060040746617715544,0.31,null_statistics/batch-13-replication-3.npy,batch-null-calibration,7033817981270319787,5893156778252963272,3539979015374038649,0.25425720000930596,,,batch-null-calibration-20260821-001
calibration,13,4,0.047986280165828746,0.68,null_statistics/batch-13-replication-4.npy,batch-null-calibration,13213684438640935089,14908646085529597298,1293758644742970574,0.25628869999491144,,,batch-null-calibration-20260821-001
calibration,13,5,0.055119916259385504,0.43,null_statistics/batch-13-replication-5.npy,batch-null-calibration,1468294379529898377,5542945438124649564,9990869262259252498,0.2556285000027856,,,batch-null-calibration-20260821-001
calibration,13,6,0.06734176257734184,0.16,null_statistics/batch-13-replication-6.npy,batch-null-calibration,18191246821599854843,13706136739604035119,5880617624492738014,0.25443190000078175,,,batch-null-calibration-20260821-001
calibration,13,7,0.05308092801742805,0.455,null_statistics/batch-13-replication-7.npy,batch-null-calibration,16003905798122983196,12243301549035737649,95365050217319284,0.2550692000077106,,,batch-null-calibration-20260821-001
calibration,13,8,0.06010888650925292,0.315,null_statistics/batch-13-replication-8.npy,batch-null-calibration,12224503006206903247,3187110719182313445,7571689323296647448,0.25390199999674223,,,batch-null-calibration-20260821-001
calibration,13,9,0.0389454296658149,0.985,null_statistics/batch-13-replication-9.npy,batch-null-calibration,12057311636234321831,12229986547410379145,2593146021566723968,0.25526620000891853,,,batch-null-calibration-20260821-001
calibration,14,0,0.07963064938459292,0.02,null_statistics/batch-14-replication-0.npy,batch-null-calibration,15135989309776351559,11789124879827329878,18279097312265057962,0.26057630000286736,,,batch-null-calibration-20260821-001
calibration,14,1,0.050384438960568774,0.635,null_statistics/batch-14-replication-1.npy,batch-null-calibration,7249901421426372072,6481415295699256130,7556629916634403062,0.2722914000041783,,,batch-null-calibration-20260821-001
calibration,14,2,0.06859178097422367,0.15,null_statistics/batch-14-replication-2.npy,batch-null-calibration,11677383201279614742,5765008074017665025,17531395334177377404,0.2520239000004949,,,batch-null-calibration-20260821-001
calibration,14,3,0.03675773150607591,0.99,null_statistics/batch-14-replication-3.npy,batch-null-calibration,2851074750798830432,8132364426583008067,13769458481074418750,0.25585590000264347,,,batch-null-calibration-20260821-001
calibration,14,4,0.05983199632612139,0.26,null_statistics/batch-14-replication-4.npy,batch-null-calibration,13909280476051828751,1245679604257469567,12170680274291398163,0.25155529999756254,,,batch-null-calibration-20260821-001
calibration,14,5,0.06950323098064855,0.105,null_statistics/batch-14-replication-5.npy,batch-null-calibration,1255008622824438816,8957901558558855863,16727443907964760897,0.25823619999573566,,,batch-null-calibration-20260821-001
calibration,14,6,0.058225138076463616,0.255,null_statistics/batch-14-replication-6.npy,batch-null-calibration,12255707394552964587,11384600741110567797,5045443792405067745,0.25134909999906085,,,batch-null-calibration-20260821-001
calibration,14,7,0.05235255994841471,0.59,null_statistics/batch-14-replication-7.npy,batch-null-calibration,44625972657213797,10188403588387802347,17493980132173663058,0.25695309998991434,,,batch-null-calibration-20260821-001
calibration,14,8,0.04106947054899601,0.97,null_statistics/batch-14-replication-8.npy,batch-null-calibration,6913701822321435875,1200624060856670078,5764949437169998791,0.255905799989705,,,batch-null-calibration-20260821-001
calibration,14,9,0.04584667013466381,0.8,null_statistics/batch-14-replication-9.npy,batch-null-calibration,5488522022796245053,10660059712317223373,3585600765822436855,0.2535244999889983,,,batch-null-calibration-20260821-001
calibration,15,0,0.047295903967478424,0.73,null_statistics/batch-15-replication-0.npy,batch-null-calibration,9041474780074634174,12921802526444124440,14258568047208029256,0.2747205000050599,,,batch-null-calibration-20260821-001
calibration,15,1,0.047325988409217715,0.75,null_statistics/batch-15-replication-1.npy,batch-null-calibration,10825388165143796409,18302099387357177810,555607347524862601,0.2777510000014445,,,batch-null-calibration-20260821-001
calibration,15,2,0.058743543364345896,0.37,null_statistics/batch-15-replication-2.npy,batch-null-calibration,4148186748605449138,7545589361386897995,1303481323928587807,0.269264500006102,,,batch-null-calibration-20260821-001
calibration,15,3,0.05640103070623322,0.32,null_statistics/batch-15-replication-3.npy,batch-null-calibration,3531156223975405397,2749828173365558977,1101876932697005902,0.2512418999976944,,,batch-null-calibration-20260821-001
calibration,15,4,0.06031423559201115,0.22,null_statistics/batch-15-replication-4.npy,batch-null-calibration,2315429440786416782,15513282507228176190,2438769049153616777,0.25234749999071937,,,batch-null-calibration-20260821-001
calibration,15,5,0.05586495947168839,0.38,null_statistics/batch-15-replication-5.npy,batch-null-calibration,17264026486513450482,9122880254307996137,15618089229887257985,0.25478519999887794,,,batch-null-calibration-20260821-001
calibration,15,6,0.04021487837347698,0.975,null_statistics/batch-15-replication-6.npy,batch-null-calibration,8728870139238749122,3856633944451586951,14055386100924509046,0.2515073999966262,,,batch-null-calibration-20260821-001
calibration,15,7,0.0676742835994481,0.155,null_statistics/batch-15-replication-7.npy,batch-null-calibration,10430258283837683037,11080781511579079419,9100234345983841888,0.2533915999956662,,,batch-null-calibration-20260821-001
calibration,15,8,0.04061022512204556,0.97,null_statistics/batch-15-replication-8.npy,batch-null-calibration,12525178836728239418,11788607708134178789,13613612157378933180,0.2541586000006646,,,batch-null-calibration-20260821-001
calibration,15,9,0.07249307062619044,0.07,null_statistics/batch-15-replication-9.npy,batch-null-calibration,12648859594440672079,7349187967861164324,12275565592118530597,0.2538714000111213,,,batch-null-calibration-20260821-001
calibration,16,0,0.06944013409940764,0.055,null_statistics/batch-16-replication-0.npy,batch-null-calibration,7256614784682281768,14105636716503367700,618717575757894547,0.2532068000000436,,,batch-null-calibration-20260821-001
calibration,16,1,0.04473999383736386,0.875,null_statistics/batch-16-replication-1.npy,batch-null-calibration,11957690807109080702,4821104409056744222,3527362174234981370,0.25324380000529345,,,batch-null-calibration-20260821-001
calibration,16,2,0.04917847223398253,0.705,null_statistics/batch-16-replication-2.npy,batch-null-calibration,8858739278609165706,18225893964780002186,3213117103587265812,0.25022240000544116,,,batch-null-calibration-20260821-001
calibration,16,3,0.0434021793088151,0.865,null_statistics/batch-16-replication-3.npy,batch-null-calibration,7387239497587000185,3857214504950158917,6685965490664663019,0.25153510000382084,,,batch-null-calibration-20260821-001
calibration,16,4,0.05140830707169738,0.545,null_statistics/batch-16-replication-4.npy,batch-null-calibration,1086001621871660455,7413259080199987679,11685237665262547728,0.25207159999990836,,,batch-null-calibration-20260821-001
calibration,16,5,0.048078953177747685,0.755,null_statistics/batch-16-replication-5.npy,batch-null-calibration,5837243382039640858,14817693486098468607,17242616477618865552,0.25276380000286736,,,batch-null-calibration-20260821-001
calibration,16,6,0.05749403039009206,0.335,null_statistics/batch-16-replication-6.npy,batch-null-calibration,1611413766967938615,7520443937112619968,12779978759653517758,0.2533384000125807,,,batch-null-calibration-20260821-001
calibration,16,7,0.04910672353598356,0.665,null_statistics/batch-16-replication-7.npy,batch-null-calibration,2633786341482848752,10048082085394814275,8400025610148919929,0.25219129999459255,,,batch-null-calibration-20260821-001
calibration,16,8,0.04881760379394782,0.725,null_statistics/batch-16-replication-8.npy,batch-null-calibration,8057581953423330775,600387719984447916,6155680731276257993,0.255015499991714,,,batch-null-calibration-20260821-001
calibration,16,9,0.03998498192285818,0.975,null_statistics/batch-16-replication-9.npy,batch-null-calibration,13312160866694598506,12264359689765249244,11333349251810661944,0.25547969999024644,,,batch-null-calibration-20260821-001
calibration,17,0,0.06120106316133317,0.27,null_statistics/batch-17-replication-0.npy,batch-null-calibration,7115778995938093745,261795474888842637,302207966293175763,0.2526730999961728,,,batch-null-calibration-20260821-001
calibration,17,1,0.05105090907158328,0.61,null_statistics/batch-17-replication-1.npy,batch-null-calibration,2282885657676151411,10862456379216847641,13183057329365269352,0.25204540000413544,,,batch-null-calibration-20260821-001
calibration,17,2,0.06295526980108557,0.205,null_statistics/batch-17-replication-2.npy,batch-null-calibration,12968780871316827358,11011471343701138742,14945391311701463960,0.24974299999303184,,,batch-null-calibration-20260821-001
calibration,17,3,0.06254983702766431,0.265,null_statistics/batch-17-replication-3.npy,batch-null-calibration,17240335357773500415,429011811101275598,9529811677892880655,0.24840549999498762,,,batch-null-calibration-20260821-001
calibration,17,4,0.048303792638309834,0.76,null_statistics/batch-17-replication-4.npy,batch-null-calibration,14257202219853253932,3694340520771408368,12264870932580590325,0.24850380000134464,,,batch-null-calibration-20260821-001
calibration,17,5,0.04965014123743343,0.61,null_statistics/batch-17-replication-5.npy,batch-null-calibration,862336769690487442,18295100954910702287,1217935033818726541,0.2508084000000963,,,batch-null-calibration-20260821-001
calibration,17,6,0.05728406497652191,0.315,null_statistics/batch-17-replication-6.npy,batch-null-calibration,9339958243563485920,7391399631790300959,4959961911363492357,0.25115979999827687,,,batch-null-calibration-20260821-001
calibration,17,7,0.06706012601331661,0.115,null_statistics/batch-17-replication-7.npy,batch-null-calibration,184443422806145126,5541676923327365655,9530290215950655312,0.25271109999448527,,,batch-null-calibration-20260821-001
calibration,17,8,0.06790280710662089,0.165,null_statistics/batch-17-replication-8.npy,batch-null-calibration,4253064473619342810,5894592080365304853,7506606095933992214,0.2485346000030404,,,batch-null-calibration-20260821-001
calibration,17,9,0.0483167280515808,0.66,null_statistics/batch-17-replication-9.npy,batch-null-calibration,10835236762199315625,7810663828947346594,8552985408897916417,0.26256680001097266,,,batch-null-calibration-20260821-001
calibration,18,0,0.05611724304243814,0.425,null_statistics/batch-18-replication-0.npy,batch-null-calibration,17146246110018144471,14984186240827072737,13383182810863072820,0.25190839999413583,,,batch-null-calibration-20260821-001
calibration,18,1,0.06815339814832846,0.09,null_statistics/batch-18-replication-1.npy,batch-null-calibration,4621746476309139767,4367894944949446866,7511225428611152672,0.25160329999926034,,,batch-null-calibration-20260821-001
calibration,18,2,0.055166495640996245,0.46,null_statistics/batch-18-replication-2.npy,batch-null-calibration,6916453052520515438,2500201025013927041,4364724645397357867,0.25020509999012575,,,batch-null-calibration-20260821-001
calibration,18,3,0.04282144553665357,0.91,null_statistics/batch-18-replication-3.npy,batch-null-calibration,3659020983646898512,9391971784189616677,9751363704704347052,0.2506033999961801,,,batch-null-calibration-20260821-001
calibration,18,4,0.058977494467925405,0.295,null_statistics/batch-18-replication-4.npy,batch-null-calibration,15077318960632117341,1669939711817418499,14658857546030549467,0.2514437999925576,,,batch-null-calibration-20260821-001
calibration,18,5,0.054281436113522374,0.435,null_statistics/batch-18-replication-5.npy,batch-null-calibration,204869084172873753,10145612102520815008,1648044404803264944,0.24869430001126602,,,batch-null-calibration-20260821-001
calibration,18,6,0.0645071833917334,0.175,null_statistics/batch-18-replication-6.npy,batch-null-calibration,4234592207251442696,1658232936830801551,3961355507741212494,0.24949659999401774,,,batch-null-calibration-20260821-001
calibration,18,7,0.06253075412812464,0.145,null_statistics/batch-18-replication-7.npy,batch-null-calibration,14570687134308086783,15211712268162394040,5463571175968045085,0.2501099999935832,,,batch-null-calibration-20260821-001
calibration,18,8,0.05371063028781509,0.505,null_statistics/batch-18-replication-8.npy,batch-null-calibration,4227114375280339731,14910638152361083089,307708915638673642,0.25064699999347795,,,batch-null-calibration-20260821-001
calibration,18,9,0.05311257304767076,0.585,null_statistics/batch-18-replication-9.npy,batch-null-calibration,9070919625716034552,6156737624934274350,11943876856647774763,0.2510866999946302,,,batch-null-calibration-20260821-001
calibration,19,0,0.0866397103981645,0.01,null_statistics/batch-19-replication-0.npy,batch-null-calibration,10074522011861564186,469083670873603872,13343444719485443912,0.2513403000048129,,,batch-null-calibration-20260821-001
calibration,19,1,0.06395536540348828,0.185,null_statistics/batch-19-replication-1.npy,batch-null-calibration,14157356286162816495,2020364660224581179,6648807454464938382,0.2520537999953376,,,batch-null-calibration-20260821-001
calibration,19,2,0.06852486021355181,0.135,null_statistics/batch-19-replication-2.npy,batch-null-calibration,5688736608642474141,15172158428246465725,10582210002651183053,0.2509367000020575,,,batch-null-calibration-20260821-001
calibration,19,3,0.05850519462165901,0.3,null_statistics/batch-19-replication-3.npy,batch-null-calibration,16220455788283267266,16360002503763061829,8231331685542357879,0.2495963999972446,,,batch-null-calibration-20260821-001
calibration,19,4,0.04454538021582365,0.84,null_statistics/batch-19-replication-4.npy,batch-null-calibration,6855912448451138877,10458616740529816454,3273929037105346571,0.25146710000990424,,,batch-null-calibration-20260821-001
calibration,19,5,0.08395284343773365,0.03,null_statistics/batch-19-replication-5.npy,batch-null-calibration,7728571888220790113,13371532862641759345,16852343206828697209,0.2515759999951115,,,batch-null-calibration-20260821-001
calibration,19,6,0.04950402085172977,0.7,null_statistics/batch-19-replication-6.npy,batch-null-calibration,2932062386121113478,13490953900165672761,11686913266316332511,0.2520883999968646,,,batch-null-calibration-20260821-001
calibration,19,7,0.05405822204989865,0.445,null_statistics/batch-19-replication-7.npy,batch-null-calibration,228917538656507573,2092021447802078936,4307816400129534863,0.25220449999324046,,,batch-null-calibration-20260821-001
calibration,19,8,0.048705077763689396,0.7,null_statistics/batch-19-replication-8.npy,batch-null-calibration,16853915445272370391,7068244301324569755,13235947585305114684,0.2496817000064766,,,batch-null-calibration-20260821-001
calibration,19,9,0.03905367948972353,0.965,null_statistics/batch-19-replication-9.npy,batch-null-calibration,12786714448143234355,5229832285118735442,16558188034421736141,0.2523070000024745,,,batch-null-calibration-20260821-001
calibration,20,0,0.0541968376673143,0.47,null_statistics/batch-20-replication-0.npy,batch-null-calibration,7464585435690607303,2272658529801151798,12866018125452159017,0.25208109999948647,,,batch-null-calibration-20260821-001
calibration,20,1,0.05174302022522257,0.56,null_statistics/batch-20-replication-1.npy,batch-null-calibration,16070159821310804077,3014297111416914930,8225131362139207974,0.25174669999978505,,,batch-null-calibration-20260821-001
calibration,20,2,0.07663200316784477,0.055,null_statistics/batch-20-replication-2.npy,batch-null-calibration,268638362789676558,879550032460603500,2706919902188160383,0.25112699999590404,,,batch-null-calibration-20260821-001
calibration,20,3,0.06082295929484875,0.315,null_statistics/batch-20-replication-3.npy,batch-null-calibration,12328208403779609473,6500668847077515981,17311949658361239407,0.2501425000082236,,,batch-null-calibration-20260821-001
calibration,20,4,0.04771389583432682,0.725,null_statistics/batch-20-replication-4.npy,batch-null-calibration,1700852101383386375,908721772272842141,12898230245371265994,0.2491814999957569,,,batch-null-calibration-20260821-001
calibration,20,5,0.06771308660947703,0.145,null_statistics/batch-20-replication-5.npy,batch-null-calibration,4962410447851170129,1328102169052389227,2767407252478949491,0.2474316000007093,,,batch-null-calibration-20260821-001
calibration,20,6,0.048623316837554546,0.68,null_statistics/batch-20-replication-6.npy,batch-null-calibration,10137430750588335125,11864138259738743449,6369158697062025622,0.2517874000041047,,,batch-null-calibration-20260821-001
calibration,20,7,0.04380855452910121,0.86,null_statistics/batch-20-replication-7.npy,batch-null-calibration,11628338523479860593,13432805720984530684,1165674558592919324,0.2516800000012154,,,batch-null-calibration-20260821-001
calibration,20,8,0.07905432631785415,0.045,null_statistics/batch-20-replication-8.npy,batch-null-calibration,16520545356372325206,985540833236398783,5259355088796379904,0.25074090000998694,,,batch-null-calibration-20260821-001
calibration,20,9,0.07009280860581653,0.12,null_statistics/batch-20-replication-9.npy,batch-null-calibration,15333424353130646983,18360516939060589302,7574533046585090306,0.2518440000130795,,,batch-null-calibration-20260821-001
calibration,21,0,0.05837217322928665,0.35,null_statistics/batch-21-replication-0.npy,batch-null-calibration,11474125111803286923,18233968454568150590,4284464875696498479,0.25431779999053106,,,batch-null-calibration-20260821-001
calibration,21,1,0.057032688895674706,0.33,null_statistics/batch-21-replication-1.npy,batch-null-calibration,14604768533519338043,14600892762326635351,964885899884363601,0.24792639999941457,,,batch-null-calibration-20260821-001
calibration,21,2,0.048161068437085716,0.685,null_statistics/batch-21-replication-2.npy,batch-null-calibration,2466042385619745106,1135919591857857427,2081849954700905718,0.25020770000992343,,,batch-null-calibration-20260821-001
calibration,21,3,0.05501925653957321,0.4,null_statistics/batch-21-replication-3.npy,batch-null-calibration,819334208059581173,9513554974354848656,5662336904555899526,0.25102609999885317,,,batch-null-calibration-20260821-001
calibration,21,4,0.06665173001138079,0.15,null_statistics/batch-21-replication-4.npy,batch-null-calibration,10646603103290731100,12327696191027970252,10188111401980944912,0.25206440000329167,,,batch-null-calibration-20260821-001
calibration,21,5,0.061708290527991025,0.2,null_statistics/batch-21-replication-5.npy,batch-null-calibration,2158612324733518399,15317359887007552877,889713976246348950,0.2519763000018429,,,batch-null-calibration-20260821-001
calibration,21,6,0.06055166271285755,0.25,null_statistics/batch-21-replication-6.npy,batch-null-calibration,3789135369975535652,12715401605708769732,15989257570076700041,0.2502187999925809,,,batch-null-calibration-20260821-001
calibration,21,7,0.038653927971469,0.975,null_statistics/batch-21-replication-7.npy,batch-null-calibration,13527931163218469098,8222871786950867795,16196426645906258115,0.2503521000035107,,,batch-null-calibration-20260821-001
calibration,21,8,0.07901635649424796,0.025,null_statistics/batch-21-replication-8.npy,batch-null-calibration,7855472925826113556,11157361975679677250,11601546576429821612,0.25042119999125134,,,batch-null-calibration-20260821-001
calibration,21,9,0.05748905091777655,0.375,null_statistics/batch-21-replication-9.npy,batch-null-calibration,12427666034784732811,2197206543129364017,11405582730023261171,0.2523701999889454,,,batch-null-calibration-20260821-001
calibration,22,0,0.041546736123669666,0.92,null_statistics/batch-22-replication-0.npy,batch-null-calibration,8998720716266771591,10229426353571862846,17609791950276764393,0.2526698000001488,,,batch-null-calibration-20260821-001
calibration,22,1,0.054501205718497564,0.37,null_statistics/batch-22-replication-1.npy,batch-null-calibration,12357143931489509446,7794699954580997725,4269369044890337413,0.25068119999195915,,,batch-null-calibration-20260821-001
calibration,22,2,0.052429673600312934,0.515,null_statistics/batch-22-replication-2.npy,batch-null-calibration,12446159414837250117,14215706280412971323,17705180205296917003,0.24903920000360813,,,batch-null-calibration-20260821-001
calibration,22,3,0.04837849989518499,0.71,null_statistics/batch-22-replication-3.npy,batch-null-calibration,1778545451672597320,1079644045033825873,14384353256614780475,0.2509894999966491,,,batch-null-calibration-20260821-001
calibration,22,4,0.05470884719836526,0.395,null_statistics/batch-22-replication-4.npy,batch-null-calibration,11602143724636767210,952666261066561217,9973341977765515354,0.2522616000060225,,,batch-null-calibration-20260821-001
calibration,22,5,0.04531721680609534,0.85,null_statistics/batch-22-replication-5.npy,batch-null-calibration,9264622156056352619,1775075927446047637,7641224730171193387,0.25116200000047684,,,batch-null-calibration-20260821-001
calibration,22,6,0.04734183218088636,0.785,null_statistics/batch-22-replication-6.npy,batch-null-calibration,17481908271909700965,1449358610157606228,8910717151767184816,0.2533931000070879,,,batch-null-calibration-20260821-001
calibration,22,7,0.06978594211668161,0.075,null_statistics/batch-22-replication-7.npy,batch-null-calibration,7282259104437055932,5725748245407622863,14935386257775832931,0.25120590000005905,,,batch-null-calibration-20260821-001
calibration,22,8,0.05824230034912631,0.315,null_statistics/batch-22-replication-8.npy,batch-null-calibration,17668582000634839041,2410441652306929419,13571213837333645230,0.25348440000379924,,,batch-null-calibration-20260821-001
calibration,22,9,0.053528693394407224,0.43,null_statistics/batch-22-replication-9.npy,batch-null-calibration,8603024041851402194,13366874661144396376,1678948902349580736,0.25144819999695756,,,batch-null-calibration-20260821-001
calibration,23,0,0.0571573341135723,0.4,null_statistics/batch-23-replication-0.npy,batch-null-calibration,5792160923328860205,5092244708204795169,7012272051017250907,0.25067950000811834,,,batch-null-calibration-20260821-001
calibration,23,1,0.062155536294080584,0.205,null_statistics/batch-23-replication-1.npy,batch-null-calibration,12837707818025814517,10469785357571418777,5574202718819779386,0.2522730000055162,,,batch-null-calibration-20260821-001
calibration,23,2,0.0530372620590148,0.445,null_statistics/batch-23-replication-2.npy,batch-null-calibration,5156251319865980247,1360486153772587325,1338115973184794835,0.2515648999979021,,,batch-null-calibration-20260821-001
calibration,23,3,0.05850737697704859,0.315,null_statistics/batch-23-replication-3.npy,batch-null-calibration,10112300904833965325,12226708698214619758,3148203318164346728,0.2505767999973614,,,batch-null-calibration-20260821-001
calibration,23,4,0.05623582233418357,0.41,null_statistics/batch-23-replication-4.npy,batch-null-calibration,17371526114489465209,16164120013584177924,14806529884033441182,0.25168840000696946,,,batch-null-calibration-20260821-001
calibration,23,5,0.04690670270464349,0.735,null_statistics/batch-23-replication-5.npy,batch-null-calibration,1169065884977567430,6865283801338097158,13042369476654728157,0.2505854999908479,,,batch-null-calibration-20260821-001
calibration,23,6,0.04871909307151746,0.68,null_statistics/batch-23-replication-6.npy,batch-null-calibration,236272617065533564,4879471897648044072,3450966675573149335,0.2538771999970777,,,batch-null-calibration-20260821-001
calibration,23,7,0.05170209967838909,0.595,null_statistics/batch-23-replication-7.npy,batch-null-calibration,13898396395668098274,16509016500002729873,1076421248202232401,0.2524516000121366,,,batch-null-calibration-20260821-001
calibration,23,8,0.057086443806365385,0.36,null_statistics/batch-23-replication-8.npy,batch-null-calibration,6237805077037328284,15063766785413152015,8916528563238898721,0.24936700001126155,,,batch-null-calibration-20260821-001
calibration,23,9,0.03897592544170938,0.99,null_statistics/batch-23-replication-9.npy,batch-null-calibration,9577438762176793060,12914558655501602283,6835208373059643808,0.25208450001082383,,,batch-null-calibration-20260821-001
calibration,24,0,0.050390792977704275,0.485,null_statistics/batch-24-replication-0.npy,batch-null-calibration,12780807804833749736,10987361885230162150,17300069220402312829,0.25124460000370163,,,batch-null-calibration-20260821-001
calibration,24,1,0.06293385312350905,0.185,null_statistics/batch-24-replication-1.npy,batch-null-calibration,15014476226541084839,10729461738986317961,18201913174830843862,0.2506515999994008,,,batch-null-calibration-20260821-001
calibration,24,2,0.048560382846250236,0.72,null_statistics/batch-24-replication-2.npy,batch-null-calibration,18317472946246348263,7053723652924363838,10417903129937368322,0.2511309999972582,,,batch-null-calibration-20260821-001
calibration,24,3,0.05091888517193415,0.56,null_statistics/batch-24-replication-3.npy,batch-null-calibration,5378995903801366676,14033223348887145032,3964730342349451437,0.2493860999966273,,,batch-null-calibration-20260821-001
calibration,24,4,0.05000332735563793,0.635,null_statistics/batch-24-replication-4.npy,batch-null-calibration,14494253890165636903,7550582351816105523,5559180772842693311,0.25114100000064354,,,batch-null-calibration-20260821-001
calibration,24,5,0.04507432812937015,0.805,null_statistics/batch-24-replication-5.npy,batch-null-calibration,5580083669822130657,15193782331704409397,2536343291820907435,0.2507259999983944,,,batch-null-calibration-20260821-001
calibration,24,6,0.06232901050720304,0.265,null_statistics/batch-24-replication-6.npy,batch-null-calibration,5600957130190317948,1326146330321092949,4434927237713233821,0.25018879999697674,,,batch-null-calibration-20260821-001
calibration,24,7,0.05159830556923576,0.555,null_statistics/batch-24-replication-7.npy,batch-null-calibration,1991332966044222693,9341601164160628543,11915306310752686087,0.2510937999904854,,,batch-null-calibration-20260821-001
calibration,24,8,0.05214431105304844,0.575,null_statistics/batch-24-replication-8.npy,batch-null-calibration,11344041258084939596,10753100248580597092,6731948682741349070,0.2514487000007648,,,batch-null-calibration-20260821-001
calibration,24,9,0.0580943472917005,0.345,null_statistics/batch-24-replication-9.npy,batch-null-calibration,3730182453040745558,4663022517709706588,1790292762126339239,0.24897530001180712,,,batch-null-calibration-20260821-001
calibration,25,0,0.06796087161259141,0.115,null_statistics/batch-25-replication-0.npy,batch-null-calibration,3972978348182568638,4177396956640773568,10549462797443382609,0.2522171000018716,,,batch-null-calibration-20260821-001
calibration,25,1,0.07900907857175019,0.06,null_statistics/batch-25-replication-1.npy,batch-null-calibration,2072459702912488753,10887879597141525786,8650268438555437930,0.25306419999105856,,,batch-null-calibration-20260821-001
calibration,25,2,0.04471085111469239,0.86,null_statistics/batch-25-replication-2.npy,batch-null-calibration,15403198056838362645,17874382139178027427,11180279211088204826,0.25070589999086224,,,batch-null-calibration-20260821-001
calibration,25,3,0.05243967551035145,0.495,null_statistics/batch-25-replication-3.npy,batch-null-calibration,9953678613380506383,11067160882059073666,359652267978969016,0.250764700002037,,,batch-null-calibration-20260821-001
calibration,25,4,0.049829999256302826,0.66,null_statistics/batch-25-replication-4.npy,batch-null-calibration,12387066130232673655,11214969721425255445,4356065310257014784,0.24976320000132546,,,batch-null-calibration-20260821-001
calibration,25,5,0.040162109155917496,0.94,null_statistics/batch-25-replication-5.npy,batch-null-calibration,10169140524851933642,12445649592550939778,5133054422024743436,0.24945989999105223,,,batch-null-calibration-20260821-001
calibration,25,6,0.06426816580222837,0.185,null_statistics/batch-25-replication-6.npy,batch-null-calibration,12388802740990763680,16470866396881684537,6113964380180955501,0.24966000000131316,,,batch-null-calibration-20260821-001
calibration,25,7,0.060570719434864355,0.24,null_statistics/batch-25-replication-7.npy,batch-null-calibration,17216058600025518954,18386966920963209322,4333883845310344324,0.2487325999973109,,,batch-null-calibration-20260821-001
calibration,25,8,0.06065437703557461,0.255,null_statistics/batch-25-replication-8.npy,batch-null-calibration,2485592659234326931,742404794008558286,18257049119407077403,0.24903539998922497,,,batch-null-calibration-20260821-001
calibration,25,9,0.04250024348676662,0.9,null_statistics/batch-25-replication-9.npy,batch-null-calibration,1980793980392650452,15510272269634822515,8153256760714826929,0.250103999991552,,,batch-null-calibration-20260821-001
calibration,26,0,0.08909634431659721,0.015,null_statistics/batch-26-replication-0.npy,batch-null-calibration,16299396266205386371,3102452580827062074,12014846576929415251,0.2507239000115078,,,batch-null-calibration-20260821-001
calibration,26,1,0.057907710557369506,0.325,null_statistics/batch-26-replication-1.npy,batch-null-calibration,5727989189866579770,5457781662517233501,8199307696620549285,0.25099909999698866,,,batch-null-calibration-20260821-001
calibration,26,2,0.042978982340125954,0.9,null_statistics/batch-26-replication-2.npy,batch-null-calibration,13135342834110191532,17572644751107905257,2566881098757284094,0.25366100000974257,,,batch-null-calibration-20260821-001
calibration,26,3,0.07198209444797105,0.08,null_statistics/batch-26-replication-3.npy,batch-null-calibration,8162031832560693681,17963746656995226957,9327077456548946977,0.25141129999246914,,,batch-null-calibration-20260821-001
calibration,26,4,0.0454987375081283,0.765,null_statistics/batch-26-replication-4.npy,batch-null-calibration,17597503712636572426,5404340993456228559,10794443724100626259,0.2718970999994781,,,batch-null-calibration-20260821-001
calibration,26,5,0.06688122669241729,0.14,null_statistics/batch-26-replication-5.npy,batch-null-calibration,13504192485460955377,13725497231759761766,8493043667049633551,0.2493560000002617,,,batch-null-calibration-20260821-001
calibration,26,6,0.0740678142614667,0.075,null_statistics/batch-26-replication-6.npy,batch-null-calibration,16438538453430350305,15738804217460544965,17378393252286700541,0.2527269999991404,,,batch-null-calibration-20260821-001
calibration,26,7,0.04438039855509189,0.865,null_statistics/batch-26-replication-7.npy,batch-null-calibration,17733659694842913164,17942841495095726028,17386198918552373554,0.2520461000094656,,,batch-null-calibration-20260821-001
calibration,26,8,0.07314862506308863,0.08,null_statistics/batch-26-replication-8.npy,batch-null-calibration,13771339852054660445,16369835191234312485,12459827302601661389,0.25233339999977034,,,batch-null-calibration-20260821-001
calibration,26,9,0.06372668360842478,0.19,null_statistics/batch-26-replication-9.npy,batch-null-calibration,14655851963113146976,16090051244952152319,693492245347206167,0.25786969999899156,,,batch-null-calibration-20260821-001
calibration,27,0,0.07093003479756711,0.1,null_statistics/batch-27-replication-0.npy,batch-null-calibration,4363184545737447260,3436223903963163249,10072051992591631556,0.2637735999887809,,,batch-null-calibration-20260821-001
calibration,27,1,0.04307835753969536,0.91,null_statistics/batch-27-replication-1.npy,batch-null-calibration,1411048740590011258,14563793068911095936,4004211692599608617,0.2674478000117233,,,batch-null-calibration-20260821-001
calibration,27,2,0.07114388809275467,0.105,null_statistics/batch-27-replication-2.npy,batch-null-calibration,14634396282619295993,6154532265468218452,15051086507208215633,0.24972439999692142,,,batch-null-calibration-20260821-001
calibration,27,3,0.06372970173577097,0.165,null_statistics/batch-27-replication-3.npy,batch-null-calibration,17862202208978467561,15579483669688831364,7285769198362601066,0.2496197000000393,,,batch-null-calibration-20260821-001
calibration,27,4,0.04696411596083908,0.77,null_statistics/batch-27-replication-4.npy,batch-null-calibration,7826396493407971826,6817898245357845257,8143897447779281942,0.2518662999937078,,,batch-null-calibration-20260821-001
calibration,27,5,0.050906884558339936,0.625,null_statistics/batch-27-replication-5.npy,batch-null-calibration,7862804862176698528,18252846076039355421,12167400600057074371,0.2543576999887591,,,batch-null-calibration-20260821-001
calibration,27,6,0.05302659052536165,0.52,null_statistics/batch-27-replication-6.npy,batch-null-calibration,9449389316385210447,18396260401544471065,6804751522583435118,0.2508673000120325,,,batch-null-calibration-20260821-001
calibration,27,7,0.05891975174230949,0.305,null_statistics/batch-27-replication-7.npy,batch-null-calibration,1667961054475803050,11651828835491853607,12210276679025828007,0.250177200010512,,,batch-null-calibration-20260821-001
calibration,27,8,0.06028211853190296,0.205,null_statistics/batch-27-replication-8.npy,batch-null-calibration,3082066694424120005,2124809503388758082,12924645500581274927,0.2535866999969585,,,batch-null-calibration-20260821-001
calibration,27,9,0.06555363040079151,0.155,null_statistics/batch-27-replication-9.npy,batch-null-calibration,2622589171840991458,4798916067013260170,7417566023893808610,0.2556118000065908,,,batch-null-calibration-20260821-001
calibration,28,0,0.0552629029832622,0.43,null_statistics/batch-28-replication-0.npy,batch-null-calibration,1688731628714581490,2770535943701285966,16962015471942279845,0.256939600003534,,,batch-null-calibration-20260821-001
calibration,28,1,0.06776161521585453,0.17,null_statistics/batch-28-replication-1.npy,batch-null-calibration,10466191445477123985,9149312686944483398,123501799875543753,0.25200130000303034,,,batch-null-calibration-20260821-001
calibration,28,2,0.05367993989249048,0.445,null_statistics/batch-28-replication-2.npy,batch-null-calibration,18446574243868080621,11606321556838894358,15435857887701632417,0.2628483000007691,,,batch-null-calibration-20260821-001
calibration,28,3,0.04617814841809605,0.785,null_statistics/batch-28-replication-3.npy,batch-null-calibration,8011970424446969920,17375700610025269803,620632057767355140,0.26459869999962393,,,batch-null-calibration-20260821-001
calibration,28,4,0.0601675583846407,0.29,null_statistics/batch-28-replication-4.npy,batch-null-calibration,4701483466825879435,7040961279004807789,9534174612057122203,0.27244980000250507,,,batch-null-calibration-20260821-001
calibration,28,5,0.0451626787404333,0.805,null_statistics/batch-28-replication-5.npy,batch-null-calibration,6903588383351968441,16902775084342084294,300832476642613096,0.2692926999880001,,,batch-null-calibration-20260821-001
calibration,28,6,0.0458818807971927,0.77,null_statistics/batch-28-replication-6.npy,batch-null-calibration,5156602145936667942,1326749968295386105,1776427329614391593,0.2747282000054838,,,batch-null-calibration-20260821-001
calibration,28,7,0.042257009367644226,0.935,null_statistics/batch-28-replication-7.npy,batch-null-calibration,5876226098268240731,14597676206917070518,14775297683812678292,0.2565212000044994,,,batch-null-calibration-20260821-001
calibration,28,8,0.05973414933560704,0.28,null_statistics/batch-28-replication-8.npy,batch-null-calibration,18013932719980432069,1089251946559999917,11621573550653481537,0.25257839998812415,,,batch-null-calibration-20260821-001
calibration,28,9,0.04521078289700162,0.785,null_statistics/batch-28-replication-9.npy,batch-null-calibration,229008331354258012,12779334096096314046,2515632837693306509,0.253429899996263,,,batch-null-calibration-20260821-001
calibration,29,0,0.05564681387297167,0.325,null_statistics/batch-29-replication-0.npy,batch-null-calibration,10152746885185423517,14929457415672461348,17478159498621266123,0.2511550999915926,,,batch-null-calibration-20260821-001
calibration,29,1,0.04882363454342965,0.655,null_statistics/batch-29-replication-1.npy,batch-null-calibration,11853177212890988574,7473003975393612980,1295035530009206434,0.2535520999954315,,,batch-null-calibration-20260821-001
calibration,29,2,0.038696546235918956,0.995,null_statistics/batch-29-replication-2.npy,batch-null-calibration,7996835492353556520,4571315172356292989,1483755975524601946,0.2520029000006616,,,batch-null-calibration-20260821-001
calibration,29,3,0.043901736034578094,0.795,null_statistics/batch-29-replication-3.npy,batch-null-calibration,11087685051491791309,6355379534263781084,5539768030535652635,0.2767708999890601,,,batch-null-calibration-20260821-001
calibration,29,4,0.08821770953437699,0.02,null_statistics/batch-29-replication-4.npy,batch-null-calibration,1551193342229787833,12439219513837108059,11729894687183756374,0.25566799999796785,,,batch-null-calibration-20260821-001
calibration,29,5,0.049646533416814013,0.585,null_statistics/batch-29-replication-5.npy,batch-null-calibration,523914905309503408,5542833746373165820,12849864737011357245,0.25305630000366364,,,batch-null-calibration-20260821-001
calibration,29,6,0.047087314657309434,0.74,null_statistics/batch-29-replication-6.npy,batch-null-calibration,3512388995220126568,3428494442365231457,18373966652382428404,0.25109589999192394,,,batch-null-calibration-20260821-001
calibration,29,7,0.04773003477162642,0.67,null_statistics/batch-29-replication-7.npy,batch-null-calibration,3429764261790265559,241798497468150372,5574772342260888292,0.24911540000175592,,,batch-null-calibration-20260821-001
calibration,29,8,0.07266476573532785,0.05,null_statistics/batch-29-replication-8.npy,batch-null-calibration,4313298275336877860,1151761656067179087,15511468804158158255,0.26244159998896066,,,batch-null-calibration-20260821-001
calibration,29,9,0.04296164522712563,0.84,null_statistics/batch-29-replication-9.npy,batch-null-calibration,9736906849251062865,9681433852232166292,17662703576111365648,0.25220900001295377,,,batch-null-calibration-20260821-001
calibration,30,0,0.04448491285425969,0.87,null_statistics/batch-30-replication-0.npy,batch-null-calibration,6249914695585385814,11956556820504442496,9675489976342663197,0.2502301000058651,,,batch-null-calibration-20260821-001
calibration,30,1,0.05156698839466547,0.61,null_statistics/batch-30-replication-1.npy,batch-null-calibration,3085730883789516420,6059902807022169048,6837563038392624666,0.2501921999937622,,,batch-null-calibration-20260821-001
calibration,30,2,0.04318899090075534,0.895,null_statistics/batch-30-replication-2.npy,batch-null-calibration,5727020344221490160,15349579796551423874,2840558008983675223,0.2529553000058513,,,batch-null-calibration-20260821-001
calibration,30,3,0.05183151010423726,0.515,null_statistics/batch-30-replication-3.npy,batch-null-calibration,17409931903085968412,1468728352102428659,5705144513359832823,0.27537909999955446,,,batch-null-calibration-20260821-001
calibration,30,4,0.05220497274246498,0.47,null_statistics/batch-30-replication-4.npy,batch-null-calibration,6706857377986776426,2289608244211748067,5251612159070909833,0.270716299986816,,,batch-null-calibration-20260821-001
calibration,30,5,0.0487586578721719,0.665,null_statistics/batch-30-replication-5.npy,batch-null-calibration,9452732190600028452,11764267423266654058,7308384889203996854,0.2691389999963576,,,batch-null-calibration-20260821-001
calibration,30,6,0.0515939547984436,0.58,null_statistics/batch-30-replication-6.npy,batch-null-calibration,11272484920267740269,14702328589353522975,6011509702919163444,0.2747369999997318,,,batch-null-calibration-20260821-001
calibration,30,7,0.08720298346789446,0.025,null_statistics/batch-30-replication-7.npy,batch-null-calibration,8088846289192372662,2962522179816706590,18166252377523388755,0.25932470000407193,,,batch-null-calibration-20260821-001
calibration,30,8,0.05290706378466044,0.475,null_statistics/batch-30-replication-8.npy,batch-null-calibration,14991544916691169648,6370641417363502911,11471667570403464958,0.2550852999993367,,,batch-null-calibration-20260821-001
calibration,30,9,0.06126277099470804,0.2,null_statistics/batch-30-replication-9.npy,batch-null-calibration,12967563128046079915,2172504970989325279,13210671891532276581,0.2518746999994619,,,batch-null-calibration-20260821-001
calibration,31,0,0.04228173351405252,0.945,null_statistics/batch-31-replication-0.npy,batch-null-calibration,12784267588338797072,16841562803712203247,11829867611572224963,0.25157120000221767,,,batch-null-calibration-20260821-001
calibration,31,1,0.0550303785130707,0.385,null_statistics/batch-31-replication-1.npy,batch-null-calibration,5564895744922907574,4790362443372662617,14164379124073635227,0.24928630000795238,,,batch-null-calibration-20260821-001
calibration,31,2,0.0781472225920966,0.03,null_statistics/batch-31-replication-2.npy,batch-null-calibration,800190711538338213,17789691647851356474,6230248003267917443,0.2539912999927765,,,batch-null-calibration-20260821-001
calibration,31,3,0.06611237997689523,0.17,null_statistics/batch-31-replication-3.npy,batch-null-calibration,14200694590956599860,5218967862169459007,10436551302841514422,0.25437379999493714,,,batch-null-calibration-20260821-001
calibration,31,4,0.053784949968565934,0.505,null_statistics/batch-31-replication-4.npy,batch-null-calibration,599466564935272579,8302760156203658122,10810512559827554771,0.26533560000825673,,,batch-null-calibration-20260821-001
calibration,31,5,0.053362238670527404,0.47,null_statistics/batch-31-replication-5.npy,batch-null-calibration,5278399771256981433,10177953665656167063,6021831954434942015,0.25924210000084713,,,batch-null-calibration-20260821-001
calibration,31,6,0.04114617691447627,0.915,null_statistics/batch-31-replication-6.npy,batch-null-calibration,15799739532157746806,16270450527143817476,17161851331097133223,0.25200339998991694,,,batch-null-calibration-20260821-001
calibration,31,7,0.04371787068787209,0.885,null_statistics/batch-31-replication-7.npy,batch-null-calibration,5902437992387575291,2695468998907779205,1240268200131199814,0.2517403999954695,,,batch-null-calibration-20260821-001
calibration,31,8,0.048898621482349136,0.725,null_statistics/batch-31-replication-8.npy,batch-null-calibration,15268080791094684678,17059134047233157369,15116107181047464817,0.25139030000718776,,,batch-null-calibration-20260821-001
calibration,31,9,0.04654912476490273,0.78,null_statistics/batch-31-replication-9.npy,batch-null-calibration,13276989072040682910,6061852410224418335,17175786752871876657,0.25000509999517817,,,batch-null-calibration-20260821-001
calibration,32,0,0.05688653423775239,0.35,null_statistics/batch-32-replication-0.npy,batch-null-calibration,5324077973657805014,10237974101636293609,8672014833361820595,0.27135830000042915,,,batch-null-calibration-20260821-001
calibration,32,1,0.05060956116918597,0.62,null_statistics/batch-32-replication-1.npy,batch-null-calibration,10880458337787301439,12409268781505276478,3943015358871688487,0.2556676999956835,,,batch-null-calibration-20260821-001
calibration,32,2,0.044619958577746324,0.885,null_statistics/batch-32-replication-2.npy,batch-null-calibration,17829694586426381649,12400283596799480101,8754085513134234302,0.25355530000524595,,,batch-null-calibration-20260821-001
calibration,32,3,0.059290074513059204,0.26,null_statistics/batch-32-replication-3.npy,batch-null-calibration,12608898675251745738,10585284973391470887,14600071690422929912,0.250029299990274,,,batch-null-calibration-20260821-001
calibration,32,4,0.06173561780110719,0.21,null_statistics/batch-32-replication-4.npy,batch-null-calibration,7678900072079785384,2501905663965947870,13583306237604593172,0.2539033999928506,,,batch-null-calibration-20260821-001
calibration,32,5,0.04621287704694134,0.725,null_statistics/batch-32-replication-5.npy,batch-null-calibration,17487894717038080157,18066751169473380844,11921482805901511234,0.25900809999438934,,,batch-null-calibration-20260821-001
calibration,32,6,0.046496080015680084,0.805,null_statistics/batch-32-replication-6.npy,batch-null-calibration,15966304478671066320,13815625894883040293,2516420699126478967,0.2587633000075584,,,batch-null-calibration-20260821-001
calibration,32,7,0.046943181400921984,0.785,null_statistics/batch-32-replication-7.npy,batch-null-calibration,17655460053205038637,4186143308514862429,6273047412842038599,0.2566162000002805,,,batch-null-calibration-20260821-001
calibration,32,8,0.08129492857955944,0.055,null_statistics/batch-32-replication-8.npy,batch-null-calibration,17119525880148411149,14702253633490255030,16716169253609222714,0.2564688999991631,,,batch-null-calibration-20260821-001
calibration,32,9,0.06854244497533436,0.1,null_statistics/batch-32-replication-9.npy,batch-null-calibration,11730601019010174919,8715997911435276486,12421948197146957214,0.25697329999820795,,,batch-null-calibration-20260821-001
calibration,33,0,0.05706536186098891,0.335,null_statistics/batch-33-replication-0.npy,batch-null-calibration,13578112244215447407,5052676144352283336,8199965857106408666,0.27112219999253284,,,batch-null-calibration-20260821-001
calibration,33,1,0.04534229595962185,0.745,null_statistics/batch-33-replication-1.npy,batch-null-calibration,3250424218024376974,6864460793753495405,16165701211167215617,0.26164589999825694,,,batch-null-calibration-20260821-001
calibration,33,2,0.05582555987719288,0.315,null_statistics/batch-33-replication-2.npy,batch-null-calibration,1819279827685074954,2341840556831219877,9905335262947180854,0.25426519999746233,,,batch-null-calibration-20260821-001
calibration,33,3,0.04744466024487541,0.79,null_statistics/batch-33-replication-3.npy,batch-null-calibration,3049635347119366136,8821516529127109193,5686665945644737809,0.2565321000001859,,,batch-null-calibration-20260821-001
calibration,33,4,0.043972100388394976,0.845,null_statistics/batch-33-replication-4.npy,batch-null-calibration,10621580343802446360,8537672369610815958,14878328710927872912,0.25255509999988135,,,batch-null-calibration-20260821-001
calibration,33,5,0.05932209438457541,0.365,null_statistics/batch-33-replication-5.npy,batch-null-calibration,14851162987790987265,1012565723219453735,6310294824161113168,0.25448670001060236,,,batch-null-calibration-20260821-001
calibration,33,6,0.045157760953272445,0.82,null_statistics/batch-33-replication-6.npy,batch-null-calibration,11218950935521092710,7381147254089717821,5561664864433471064,0.2536051000060979,,,batch-null-calibration-20260821-001
calibration,33,7,0.047576629723832295,0.74,null_statistics/batch-33-replication-7.npy,batch-null-calibration,13985981080125712554,8101489400921298403,2832566140941154719,0.25904049999371637,,,batch-null-calibration-20260821-001
calibration,33,8,0.05831237866696978,0.25,null_statistics/batch-33-replication-8.npy,batch-null-calibration,1885264011911542389,6258443570564421629,1936790440991357765,0.25700379999761935,,,batch-null-calibration-20260821-001
calibration,33,9,0.05490378130544499,0.42,null_statistics/batch-33-replication-9.npy,batch-null-calibration,6132478915103035098,7230303078231139456,16673000518996268178,0.2519778999994742,,,batch-null-calibration-20260821-001
calibration,34,0,0.07387604194132959,0.08,null_statistics/batch-34-replication-0.npy,batch-null-calibration,511127452463903327,8717638985545010627,7321853066756284928,0.25508640000771265,,,batch-null-calibration-20260821-001
calibration,34,1,0.05455858681774281,0.48,null_statistics/batch-34-replication-1.npy,batch-null-calibration,394311519727055076,1288823347846733221,1679011809672576393,0.26630019998992793,,,batch-null-calibration-20260821-001
calibration,34,2,0.06872867516562638,0.115,null_statistics/batch-34-replication-2.npy,batch-null-calibration,14692263207598612540,9457316256149884857,4590253387615129432,0.26647590000357013,,,batch-null-calibration-20260821-001
calibration,34,3,0.04900858412248185,0.665,null_statistics/batch-34-replication-3.npy,batch-null-calibration,6476255922922231032,12868164140935070037,4294433750878857246,0.25043189999996684,,,batch-null-calibration-20260821-001
calibration,34,4,0.060255940430834806,0.29,null_statistics/batch-34-replication-4.npy,batch-null-calibration,198439703117983012,9187125905001199719,4553462306820076201,0.2544803999917349,,,batch-null-calibration-20260821-001
calibration,34,5,0.051415583349400086,0.55,null_statistics/batch-34-replication-5.npy,batch-null-calibration,207972285938093218,4796801934333931686,226070620137639715,0.2542371000017738,,,batch-null-calibration-20260821-001
calibration,34,6,0.04844844936078773,0.74,null_statistics/batch-34-replication-6.npy,batch-null-calibration,13610705347290793800,15906326183303078418,10144996106505312821,0.2504295999970054,,,batch-null-calibration-20260821-001
calibration,34,7,0.08428325050538142,0.025,null_statistics/batch-34-replication-7.npy,batch-null-calibration,1636066519930893619,7598952484781101271,12888152034815453115,0.2546864999894751,,,batch-null-calibration-20260821-001
calibration,34,8,0.056690838841865654,0.395,null_statistics/batch-34-replication-8.npy,batch-null-calibration,15439671296846632200,16199701849427312822,9431328887716676613,0.2523800999915693,,,batch-null-calibration-20260821-001
calibration,34,9,0.0563592021920264,0.385,null_statistics/batch-34-replication-9.npy,batch-null-calibration,4634296627204993694,17155941055719121862,9052319436963589526,0.25615729999844916,,,batch-null-calibration-20260821-001
calibration,35,0,0.05175946798736661,0.575,null_statistics/batch-35-replication-0.npy,batch-null-calibration,10718306873673938109,15213228106143495894,10114680687549037608,0.25222399999620393,,,batch-null-calibration-20260821-001
calibration,35,1,0.07165722748514233,0.08,null_statistics/batch-35-replication-1.npy,batch-null-calibration,3507517549940191093,3154862264042439752,6997472034758107790,0.2494963000062853,,,batch-null-calibration-20260821-001
calibration,35,2,0.04214980124734617,0.915,null_statistics/batch-35-replication-2.npy,batch-null-calibration,12182047061430368434,9274725156130356005,8866489588126628984,0.26673430000664666,,,batch-null-calibration-20260821-001
calibration,35,3,0.045730902526851816,0.83,null_statistics/batch-35-replication-3.npy,batch-null-calibration,11115093223733186227,8941308867835802102,7021404545610976293,0.26337620000413153,,,batch-null-calibration-20260821-001
calibration,35,4,0.049947230838920186,0.63,null_statistics/batch-35-replication-4.npy,batch-null-calibration,15676624713232240653,11582967942172428348,7722772909385612999,0.2725606999883894,,,batch-null-calibration-20260821-001
calibration,35,5,0.0457503920651844,0.81,null_statistics/batch-35-replication-5.npy,batch-null-calibration,14178568704286614659,10643928978413521972,12257341797601128229,0.2514532999921357,,,batch-null-calibration-20260821-001
calibration,35,6,0.0941555529466317,0.015,null_statistics/batch-35-replication-6.npy,batch-null-calibration,8126808939797190514,11821333175891089197,14176947751641615089,0.2525872999976855,,,batch-null-calibration-20260821-001
calibration,35,7,0.04395968411898561,0.87,null_statistics/batch-35-replication-7.npy,batch-null-calibration,18178429226698108652,17576061285268813266,7626372607485569829,0.24655619999975897,,,batch-null-calibration-20260821-001
calibration,35,8,0.04414736598925614,0.9,null_statistics/batch-35-replication-8.npy,batch-null-calibration,10890712877178447815,14295451725141032730,16006995848440565384,0.24401329999091104,,,batch-null-calibration-20260821-001
calibration,35,9,0.053373860361849115,0.435,null_statistics/batch-35-replication-9.npy,batch-null-calibration,2176885688281937955,12479810855840206032,3412623754276894437,0.2440117999940412,,,batch-null-calibration-20260821-001
calibration,36,0,0.0398185580318537,0.965,null_statistics/batch-36-replication-0.npy,batch-null-calibration,9817267704686318455,16906408500598661576,9770958578739103506,0.2457732000038959,,,batch-null-calibration-20260821-001
calibration,36,1,0.04331670665225115,0.91,null_statistics/batch-36-replication-1.npy,batch-null-calibration,7898312325620422918,2691021272836661589,13886788564779650481,0.24673800000164192,,,batch-null-calibration-20260821-001
calibration,36,2,0.07532547125298537,0.065,null_statistics/batch-36-replication-2.npy,batch-null-calibration,15742751204553835148,15771754766129991896,8668270596147236200,0.24231230000441428,,,batch-null-calibration-20260821-001
calibration,36,3,0.06962673693605162,0.095,null_statistics/batch-36-replication-3.npy,batch-null-calibration,17185757685406599675,10663569772255191793,4040029542159988620,0.2435197999875527,,,batch-null-calibration-20260821-001
calibration,36,4,0.06388972131617278,0.16,null_statistics/batch-36-replication-4.npy,batch-null-calibration,3313344176284873734,8930826605122730570,7061013927707646153,0.2445601999934297,,,batch-null-calibration-20260821-001
calibration,36,5,0.06231804503417983,0.24,null_statistics/batch-36-replication-5.npy,batch-null-calibration,6203327417563226366,12147427023052348299,9910483721184502097,0.24579020000237506,,,batch-null-calibration-20260821-001
calibration,36,6,0.06089897977122682,0.175,null_statistics/batch-36-replication-6.npy,batch-null-calibration,10056879506442934681,10800112134211621497,18314890411026379395,0.18489980000595096,,,batch-null-calibration-20260821-001
calibration,36,7,0.042897087199715266,0.865,null_statistics/batch-36-replication-7.npy,batch-null-calibration,11378928303611866972,6353281795698376033,10656089999035603192,0.2479573999880813,,,batch-null-calibration-20260821-001
calibration,36,8,0.045430593578945126,0.83,null_statistics/batch-36-replication-8.npy,batch-null-calibration,6629840986154291445,3368679789196887011,98141266530290928,0.2512969000090379,,,batch-null-calibration-20260821-001
calibration,36,9,0.06629535939855521,0.16,null_statistics/batch-36-replication-9.npy,batch-null-calibration,14514758895756420550,14670998610121189342,12081976598363561061,0.2536773999891011,,,batch-null-calibration-20260821-001
calibration,37,0,0.046897340450263864,0.77,null_statistics/batch-37-replication-0.npy,batch-null-calibration,16784212090591969809,11180954652911266986,10207390886653525059,0.25294840001151897,,,batch-null-calibration-20260821-001
calibration,37,1,0.05098759523366461,0.555,null_statistics/batch-37-replication-1.npy,batch-null-calibration,4468974083522587995,5041018044643181798,11269260870290296598,0.2523139999975683,,,batch-null-calibration-20260821-001
calibration,37,2,0.046391987010744366,0.73,null_statistics/batch-37-replication-2.npy,batch-null-calibration,6889718261945818229,12315673681903658729,11405623355796040617,0.24981900000420865,,,batch-null-calibration-20260821-001
calibration,37,3,0.04481110866902385,0.85,null_statistics/batch-37-replication-3.npy,batch-null-calibration,13373228295959262491,14003786985041987438,8470817183254131807,0.2535270000080345,,,batch-null-calibration-20260821-001
calibration,37,4,0.042646617545025335,0.895,null_statistics/batch-37-replication-4.npy,batch-null-calibration,10401466028145681874,6794830150583538038,11782180284065931971,0.2559082999941893,,,batch-null-calibration-20260821-001
calibration,37,5,0.05790716445079528,0.315,null_statistics/batch-37-replication-5.npy,batch-null-calibration,16541561013539765819,13160452100351582547,16133306829703395927,0.25319309999758843,,,batch-null-calibration-20260821-001
calibration,37,6,0.048690865536037874,0.7,null_statistics/batch-37-replication-6.npy,batch-null-calibration,2596726902470543985,6481243594729388516,2617505193303138976,0.25325389999488834,,,batch-null-calibration-20260821-001
calibration,37,7,0.06169418757405083,0.21,null_statistics/batch-37-replication-7.npy,batch-null-calibration,17932118737787434067,13360228489249900242,14215518644746739967,0.2495729000074789,,,batch-null-calibration-20260821-001
calibration,37,8,0.054001003029656235,0.42,null_statistics/batch-37-replication-8.npy,batch-null-calibration,2147479166736294014,13155303971241682194,4776743633515317269,0.2534957000025315,,,batch-null-calibration-20260821-001
calibration,37,9,0.048189419099248454,0.65,null_statistics/batch-37-replication-9.npy,batch-null-calibration,10128539793810419395,14985985311206495757,15852300515806483014,0.25056249999033753,,,batch-null-calibration-20260821-001
calibration,38,0,0.09025540506419175,0.02,null_statistics/batch-38-replication-0.npy,batch-null-calibration,7804341318457880558,4200625637832660714,8597268271228081125,0.25026319999597035,,,batch-null-calibration-20260821-001
calibration,38,1,0.07173395078008317,0.075,null_statistics/batch-38-replication-1.npy,batch-null-calibration,16310944521406313288,14804908264001120822,2170730368116445738,0.2517719999887049,,,batch-null-calibration-20260821-001
calibration,38,2,0.04870752524054143,0.61,null_statistics/batch-38-replication-2.npy,batch-null-calibration,17698623755040984676,7326410118775260491,3412428810883401453,0.25250400000368245,,,batch-null-calibration-20260821-001
calibration,38,3,0.056640345811471406,0.4,null_statistics/batch-38-replication-3.npy,batch-null-calibration,17172171423062238703,14658613998909908494,1299310086167456969,0.25063770000997465,,,batch-null-calibration-20260821-001
calibration,38,4,0.04606060834414441,0.75,null_statistics/batch-38-replication-4.npy,batch-null-calibration,5364608847762794035,10077340879512472638,2332773202798477569,0.250107100000605,,,batch-null-calibration-20260821-001
calibration,38,5,0.08684579287354162,0.01,null_statistics/batch-38-replication-5.npy,batch-null-calibration,17771182237420526659,17872967473316925234,13317068411678434486,0.2503193999873474,,,batch-null-calibration-20260821-001
calibration,38,6,0.07780075288028909,0.055,null_statistics/batch-38-replication-6.npy,batch-null-calibration,10983913445940940506,23440271926011570,9336548057241443408,0.24824030000308994,,,batch-null-calibration-20260821-001
calibration,38,7,0.05866041093819587,0.34,null_statistics/batch-38-replication-7.npy,batch-null-calibration,7921341919908854376,2469331129137320053,16724103846221521947,0.2473891999979969,,,batch-null-calibration-20260821-001
calibration,38,8,0.04222072631101373,0.905,null_statistics/batch-38-replication-8.npy,batch-null-calibration,12254310486991877119,17808241339183024247,17726135740422837174,0.2469893000088632,,,batch-null-calibration-20260821-001
calibration,38,9,0.05158072892520183,0.585,null_statistics/batch-38-replication-9.npy,batch-null-calibration,1817634020853526525,14701834251171388786,12072644921688356360,0.2518280000076629,,,batch-null-calibration-20260821-001
calibration,39,0,0.05802093669014187,0.325,null_statistics/batch-39-replication-0.npy,batch-null-calibration,17725180553970308641,5230162596195211425,13402049895004156020,0.24995849998958874,,,batch-null-calibration-20260821-001
calibration,39,1,0.05024573493729414,0.69,null_statistics/batch-39-replication-1.npy,batch-null-calibration,17591942678281254704,1289269441647461659,6730700806425792447,0.2518010000057984,,,batch-null-calibration-20260821-001
calibration,39,2,0.05242934916997438,0.51,null_statistics/batch-39-replication-2.npy,batch-null-calibration,17245484944385311393,12837828840374364869,16440734313262466825,0.251336800007266,,,batch-null-calibration-20260821-001
calibration,39,3,0.0714610940257698,0.09,null_statistics/batch-39-replication-3.npy,batch-null-calibration,16020626129534467911,556652298151908811,17563140977364488427,0.25011959999392275,,,batch-null-calibration-20260821-001
calibration,39,4,0.06575493733686347,0.15,null_statistics/batch-39-replication-4.npy,batch-null-calibration,1596409293274096362,16710914828687839755,5380225829728375717,0.25051579999853857,,,batch-null-calibration-20260821-001
calibration,39,5,0.055850195134195896,0.345,null_statistics/batch-39-replication-5.npy,batch-null-calibration,587034779488851770,11526316343109129787,2699834769528062182,0.2500108999956865,,,batch-null-calibration-20260821-001
calibration,39,6,0.04141927364966443,0.95,null_statistics/batch-39-replication-6.npy,batch-null-calibration,3672198331284917292,18039218970129647665,6596100770258816438,0.2504334999975981,,,batch-null-calibration-20260821-001
calibration,39,7,0.10139325091694677,0.005,null_statistics/batch-39-replication-7.npy,batch-null-calibration,2268700817707129319,11944568798519908180,11366769318435619346,0.2511309999972582,,,batch-null-calibration-20260821-001
calibration,39,8,0.0339581891268335,1.0,null_statistics/batch-39-replication-8.npy,batch-null-calibration,11221046380867567261,17828698678060841500,10941718700716464478,0.2543476999999257,,,batch-null-calibration-20260821-001
calibration,39,9,0.057857935089050086,0.295,null_statistics/batch-39-replication-9.npy,batch-null-calibration,12698271842508926460,11638445023047457266,17261459603810691961,0.2489142999984324,,,batch-null-calibration-20260821-001
calibration,40,0,0.03602601193407839,1.0,null_statistics/batch-40-replication-0.npy,batch-null-calibration,18175864929865102314,2523202769366151350,4207135544958180928,0.25675970000156667,,,batch-null-calibration-20260821-001
calibration,40,1,0.04169385245773678,0.96,null_statistics/batch-40-replication-1.npy,batch-null-calibration,1971995641112436989,12548598033547573870,10811808944015589921,0.2514853999891784,,,batch-null-calibration-20260821-001
calibration,40,2,0.06264904411630581,0.205,null_statistics/batch-40-replication-2.npy,batch-null-calibration,9375158522862292541,6901927478117025171,5780288575440686322,0.26306739999563433,,,batch-null-calibration-20260821-001
calibration,40,3,0.05518392667354058,0.415,null_statistics/batch-40-replication-3.npy,batch-null-calibration,12514797294441812608,13645260669434476852,17697385412876926664,0.26840689999517053,,,batch-null-calibration-20260821-001
calibration,40,4,0.05704357847651409,0.36,null_statistics/batch-40-replication-4.npy,batch-null-calibration,16994003243543130467,18345403456768285920,7622070749999767784,0.25533319999522064,,,batch-null-calibration-20260821-001
calibration,40,5,0.04214088804531561,0.915,null_statistics/batch-40-replication-5.npy,batch-null-calibration,8047426110559099760,8663527548866056146,1887982706706195161,0.2581481000088388,,,batch-null-calibration-20260821-001
calibration,40,6,0.07738138225404405,0.03,null_statistics/batch-40-replication-6.npy,batch-null-calibration,2262728330276467930,3996578008953658057,2255961181836116100,0.28942640000605024,,,batch-null-calibration-20260821-001
calibration,40,7,0.05517095270413298,0.35,null_statistics/batch-40-replication-7.npy,batch-null-calibration,9287277762032899788,1380001164108621873,14548002178077482478,0.2616520000010496,,,batch-null-calibration-20260821-001
calibration,40,8,0.04919118988789168,0.76,null_statistics/batch-40-replication-8.npy,batch-null-calibration,979668575231274637,2906914953511368459,6543092783944422675,0.25406379999185447,,,batch-null-calibration-20260821-001
calibration,40,9,0.07331574947214246,0.085,null_statistics/batch-40-replication-9.npy,batch-null-calibration,7837775684614150049,14200732653048217167,5481696579840869528,0.27584590000333264,,,batch-null-calibration-20260821-001
calibration,41,0,0.05261674069002988,0.45,null_statistics/batch-41-replication-0.npy,batch-null-calibration,11859769828339431017,2592438950834015453,8507351131343456859,0.23925909999525174,,,batch-null-calibration-20260821-001
calibration,41,1,0.05231212647184914,0.555,null_statistics/batch-41-replication-1.npy,batch-null-calibration,11956472147308719266,16234349868097927861,14398575299401159361,0.2576569000084419,,,batch-null-calibration-20260821-001
calibration,41,2,0.06293404315752256,0.185,null_statistics/batch-41-replication-2.npy,batch-null-calibration,12403615573938919333,8166701890026363752,13661469549013720357,0.2004181999946013,,,batch-null-calibration-20260821-001
calibration,41,3,0.04033057483976503,0.935,null_statistics/batch-41-replication-3.npy,batch-null-calibration,7181341895608110428,5081370249117638350,10642395689655331303,0.2453049000032479,,,batch-null-calibration-20260821-001
calibration,41,4,0.05549468740927335,0.415,null_statistics/batch-41-replication-4.npy,batch-null-calibration,16493444259884845879,499107465848376534,5737784612854624017,0.21948440000414848,,,batch-null-calibration-20260821-001
calibration,41,5,0.09152452094297711,0.015,null_statistics/batch-41-replication-5.npy,batch-null-calibration,415906938898376332,11853647642589383226,12457640335710217368,0.2412789999943925,,,batch-null-calibration-20260821-001
calibration,41,6,0.04963930978013559,0.585,null_statistics/batch-41-replication-6.npy,batch-null-calibration,14429443811962518283,16777377309620608917,7980132391357081554,0.2600774000020465,,,batch-null-calibration-20260821-001
calibration,41,7,0.04735501909868109,0.76,null_statistics/batch-41-replication-7.npy,batch-null-calibration,4091003292037633608,4207038360497539808,13614964601070795325,0.2610541000030935,,,batch-null-calibration-20260821-001
calibration,41,8,0.07478977457709107,0.045,null_statistics/batch-41-replication-8.npy,batch-null-calibration,633811119213983638,8164386390245953609,15304040444861100310,0.26941310000256635,,,batch-null-calibration-20260821-001
calibration,41,9,0.055418714230077694,0.475,null_statistics/batch-41-replication-9.npy,batch-null-calibration,13397280794476683671,2812673636201451394,5628997926285439945,0.2529558999958681,,,batch-null-calibration-20260821-001
calibration,42,0,0.05916274809201839,0.405,null_statistics/batch-42-replication-0.npy,batch-null-calibration,12923621464202071222,10639234803219475528,7815437767933166358,0.26767499999550637,,,batch-null-calibration-20260821-001
calibration,42,1,0.04005412840918653,0.97,null_statistics/batch-42-replication-1.npy,batch-null-calibration,17076145280265426035,876054140603796946,10896488754464394710,0.25731180000002496,,,batch-null-calibration-20260821-001
calibration,42,2,0.08906293364940661,0.01,null_statistics/batch-42-replication-2.npy,batch-null-calibration,4899631078443087590,9661468755902243043,8205231121772459781,0.25741149998793844,,,batch-null-calibration-20260821-001
calibration,42,3,0.050186617743324606,0.66,null_statistics/batch-42-replication-3.npy,batch-null-calibration,14953668211153886616,10966420681460227871,8041902618608091394,0.26838080000015907,,,batch-null-calibration-20260821-001
calibration,42,4,0.06407966726810531,0.17,null_statistics/batch-42-replication-4.npy,batch-null-calibration,12300240930094326197,4100199429890984487,1035988435478889308,0.25426539999898523,,,batch-null-calibration-20260821-001
calibration,42,5,0.04825591920392103,0.64,null_statistics/batch-42-replication-5.npy,batch-null-calibration,6546753585234490942,18164870318440079252,7576922867969569202,0.25720239999645855,,,batch-null-calibration-20260821-001
calibration,42,6,0.052412325167691697,0.545,null_statistics/batch-42-replication-6.npy,batch-null-calibration,9701595416317457357,15628403327935480595,3304654886595344020,0.2577002000034554,,,batch-null-calibration-20260821-001
calibration,42,7,0.05135354262702421,0.565,null_statistics/batch-42-replication-7.npy,batch-null-calibration,5025329336007690742,10360411281646562978,4715553913976608852,0.2574276999948779,,,batch-null-calibration-20260821-001
calibration,42,8,0.05620065874655451,0.355,null_statistics/batch-42-replication-8.npy,batch-null-calibration,10818434610862653972,12904183383077156384,2606663897213116338,0.25026770000113174,,,batch-null-calibration-20260821-001
calibration,42,9,0.05616084893011999,0.385,null_statistics/batch-42-replication-9.npy,batch-null-calibration,15284368918082926194,14655696356654178096,2637398675254457931,0.2508558000117773,,,batch-null-calibration-20260821-001
calibration,43,0,0.06010771576401362,0.28,null_statistics/batch-43-replication-0.npy,batch-null-calibration,6566089162092845600,2780382087111179206,8167816584299609698,0.24653550000221003,,,batch-null-calibration-20260821-001
calibration,43,1,0.06166817142450618,0.245,null_statistics/batch-43-replication-1.npy,batch-null-calibration,10850126139564897078,16722969294652707022,14295599850269005402,0.24705079999694135,,,batch-null-calibration-20260821-001
calibration,43,2,0.038829971884357994,0.99,null_statistics/batch-43-replication-2.npy,batch-null-calibration,6913788377824897888,496655347219436972,8559111195830895548,0.24958470001001842,,,batch-null-calibration-20260821-001
calibration,43,3,0.050884135020553244,0.615,null_statistics/batch-43-replication-3.npy,batch-null-calibration,95508092961132213,9486273308579427425,5014855711471449795,0.25013879999460187,,,batch-null-calibration-20260821-001
calibration,43,4,0.053105546874101024,0.485,null_statistics/batch-43-replication-4.npy,batch-null-calibration,1445406651604565642,13721657487300296203,13039758913104983218,0.24795460001041647,,,batch-null-calibration-20260821-001
calibration,43,5,0.07103465913332173,0.09,null_statistics/batch-43-replication-5.npy,batch-null-calibration,13662734746084849396,9977396622335271074,15102309700861140329,0.24943359999451786,,,batch-null-calibration-20260821-001
calibration,43,6,0.04075528425597949,0.945,null_statistics/batch-43-replication-6.npy,batch-null-calibration,7094894992613598047,11112300712393115718,7389545207653907439,0.25236779999977443,,,batch-null-calibration-20260821-001
calibration,43,7,0.05491203536994628,0.42,null_statistics/batch-43-replication-7.npy,batch-null-calibration,15635818469909058961,15777010482942095134,1945033288185575843,0.2551861999963876,,,batch-null-calibration-20260821-001
calibration,43,8,0.06126354393669639,0.235,null_statistics/batch-43-replication-8.npy,batch-null-calibration,4425244229304854779,3528214702449246962,596692270008430225,0.2545094999950379,,,batch-null-calibration-20260821-001
calibration,43,9,0.05347098120100671,0.555,null_statistics/batch-43-replication-9.npy,batch-null-calibration,9468504782046601139,1901305027248778884,7841971139843036790,0.2540912000113167,,,batch-null-calibration-20260821-001
calibration,44,0,0.05809097862876736,0.36,null_statistics/batch-44-replication-0.npy,batch-null-calibration,7153063397336522006,6242358859281340742,10442856465959696366,0.25093419999757316,,,batch-null-calibration-20260821-001
calibration,44,1,0.05305775677046526,0.49,null_statistics/batch-44-replication-1.npy,batch-null-calibration,3214772736765411529,2850653794428221770,12805386087407368585,0.27020189999893773,,,batch-null-calibration-20260821-001
calibration,44,2,0.057734080878094,0.345,null_statistics/batch-44-replication-2.npy,batch-null-calibration,14749372542206636595,2281640074961900519,7575931432217657116,0.2516954999882728,,,batch-null-calibration-20260821-001
calibration,44,3,0.04768413959355473,0.665,null_statistics/batch-44-replication-3.npy,batch-null-calibration,5761173235254436878,5803810086484036506,13900003742140143558,0.2528178999928059,,,batch-null-calibration-20260821-001
calibration,44,4,0.05008736080438543,0.66,null_statistics/batch-44-replication-4.npy,batch-null-calibration,15256205890661502830,18355764029285967209,2048686321283269371,0.2515099000011105,,,batch-null-calibration-20260821-001
calibration,44,5,0.0438185215560887,0.88,null_statistics/batch-44-replication-5.npy,batch-null-calibration,17460436821110339784,2680832266772461157,5236207373644159756,0.2543974000000162,,,batch-null-calibration-20260821-001
calibration,44,6,0.0551944737724744,0.425,null_statistics/batch-44-replication-6.npy,batch-null-calibration,15267663201183020883,12907262282556526045,4223785214727829283,0.25299389999418054,,,batch-null-calibration-20260821-001
calibration,44,7,0.038625441541071726,0.99,null_statistics/batch-44-replication-7.npy,batch-null-calibration,9741803440486456118,9400690780736715359,8830689797075080133,0.24861609999788925,,,batch-null-calibration-20260821-001
calibration,44,8,0.05255774566877427,0.495,null_statistics/batch-44-replication-8.npy,batch-null-calibration,18156100489303057815,17534455555107285379,15310664331423488097,0.25285449999501,,,batch-null-calibration-20260821-001
calibration,44,9,0.05681864969030922,0.36,null_statistics/batch-44-replication-9.npy,batch-null-calibration,9904021225306873531,11486457070725123363,479453179121554672,0.2530792999896221,,,batch-null-calibration-20260821-001
calibration,45,0,0.06706356543425443,0.115,null_statistics/batch-45-replication-0.npy,batch-null-calibration,4995127288357891122,11213136552832567714,1005517345733419898,0.2521907000045758,,,batch-null-calibration-20260821-001
calibration,45,1,0.04672804434227699,0.81,null_statistics/batch-45-replication-1.npy,batch-null-calibration,1155119464232921503,916899047240194603,12301338977366078529,0.2523959999962244,,,batch-null-calibration-20260821-001
calibration,45,2,0.054287160044726564,0.46,null_statistics/batch-45-replication-2.npy,batch-null-calibration,2773551921403991065,13064735408296061019,4030868902094843589,0.25141460000304505,,,batch-null-calibration-20260821-001
calibration,45,3,0.047660809946542995,0.72,null_statistics/batch-45-replication-3.npy,batch-null-calibration,2297486977132683152,8233111308256830053,9738739042186731940,0.2546068999945419,,,batch-null-calibration-20260821-001
calibration,45,4,0.07585757471284982,0.08,null_statistics/batch-45-replication-4.npy,batch-null-calibration,5521302239419418104,16271748059542664721,10995047016445189800,0.2532957999937935,,,batch-null-calibration-20260821-001
calibration,45,5,0.04829017984776508,0.68,null_statistics/batch-45-replication-5.npy,batch-null-calibration,14758821775694695574,8174362469072539438,2197580854463102192,0.2540076000004774,,,batch-null-calibration-20260821-001
calibration,45,6,0.07055542739937654,0.085,null_statistics/batch-45-replication-6.npy,batch-null-calibration,1098302432253298006,18295891483160221860,3230728916724224185,0.25465750000148546,,,batch-null-calibration-20260821-001
calibration,45,7,0.05103073108233931,0.575,null_statistics/batch-45-replication-7.npy,batch-null-calibration,4693561741779001250,8000537245095570718,11982972486818761250,0.2547536000056425,,,batch-null-calibration-20260821-001
calibration,45,8,0.05888406185177824,0.295,null_statistics/batch-45-replication-8.npy,batch-null-calibration,13936734165301660887,2496195568064072202,1076179954558945907,0.25668200000654906,,,batch-null-calibration-20260821-001
calibration,45,9,0.06388199877414379,0.25,null_statistics/batch-45-replication-9.npy,batch-null-calibration,1171563749220423625,4527956029824889822,8581929671369097568,0.2514132999931462,,,batch-null-calibration-20260821-001
calibration,46,0,0.06250059180177446,0.265,null_statistics/batch-46-replication-0.npy,batch-null-calibration,178783315784066717,16417222082550734293,17675003261648757703,0.25519290000374895,,,batch-null-calibration-20260821-001
calibration,46,1,0.05036031699228349,0.605,null_statistics/batch-46-replication-1.npy,batch-null-calibration,597151621376848772,17450586213496728927,591086664626084938,0.25447160001203883,,,batch-null-calibration-20260821-001
calibration,46,2,0.0471538212668541,0.78,null_statistics/batch-46-replication-2.npy,batch-null-calibration,2225946829618082255,14534461573036861901,5903130852475361259,0.2533580999879632,,,batch-null-calibration-20260821-001
calibration,46,3,0.05960524171542954,0.235,null_statistics/batch-46-replication-3.npy,batch-null-calibration,16623569077239219154,8662881507660945721,2164880403471232448,0.24899920000461861,,,batch-null-calibration-20260821-001
calibration,46,4,0.04536991456669899,0.815,null_statistics/batch-46-replication-4.npy,batch-null-calibration,7503978260455273026,13008620791839370465,2824678623508440068,0.2586135000019567,,,batch-null-calibration-20260821-001
calibration,46,5,0.05099553990506444,0.52,null_statistics/batch-46-replication-5.npy,batch-null-calibration,14525366104116960868,10782671817596793873,14657218076306460265,0.27284630000940524,,,batch-null-calibration-20260821-001
calibration,46,6,0.042602986507886756,0.88,null_statistics/batch-46-replication-6.npy,batch-null-calibration,7270095544505400352,8773326202835343964,12975292459727784809,0.2501553999900352,,,batch-null-calibration-20260821-001
calibration,46,7,0.05343072888312335,0.52,null_statistics/batch-46-replication-7.npy,batch-null-calibration,4903617205080582491,1474729681875313994,4832288325119604552,0.2557008000003407,,,batch-null-calibration-20260821-001
calibration,46,8,0.05637115621531141,0.39,null_statistics/batch-46-replication-8.npy,batch-null-calibration,16121553835970208180,9838397310664434,7794550250054576183,0.2544651000062004,,,batch-null-calibration-20260821-001
calibration,46,9,0.044237782441882076,0.84,null_statistics/batch-46-replication-9.npy,batch-null-calibration,9513825018501012329,7113788868430675528,7725200491214273908,0.2528218000079505,,,batch-null-calibration-20260821-001
calibration,47,0,0.053927025162325046,0.46,null_statistics/batch-47-replication-0.npy,batch-null-calibration,12831946391269211950,2602483192113519020,14124980000728167895,0.26723569999739993,,,batch-null-calibration-20260821-001
calibration,47,1,0.05947932259106849,0.275,null_statistics/batch-47-replication-1.npy,batch-null-calibration,5235972652121009110,14947019625351517331,11380955752513889532,0.25580420000187587,,,batch-null-calibration-20260821-001
calibration,47,2,0.04874197936382801,0.705,null_statistics/batch-47-replication-2.npy,batch-null-calibration,6424971828126291653,1534199356931467107,9461769168340872951,0.25994799999170937,,,batch-null-calibration-20260821-001
calibration,47,3,0.044900668518910884,0.845,null_statistics/batch-47-replication-3.npy,batch-null-calibration,6863363698661372680,447288448314186955,8761620015255026633,0.25544490000174847,,,batch-null-calibration-20260821-001
calibration,47,4,0.049171677818568175,0.62,null_statistics/batch-47-replication-4.npy,batch-null-calibration,11778140048952968699,18091649492229495053,15140201590147835680,0.24981819999811705,,,batch-null-calibration-20260821-001
calibration,47,5,0.05137720428207337,0.485,null_statistics/batch-47-replication-5.npy,batch-null-calibration,7492451847270982125,8189112356684311385,5340696538892612192,0.25244530000782106,,,batch-null-calibration-20260821-001
calibration,47,6,0.07624317622745484,0.055,null_statistics/batch-47-replication-6.npy,batch-null-calibration,3984115379124056677,514712899961810325,17644918947998149165,0.2541293000103906,,,batch-null-calibration-20260821-001
calibration,47,7,0.03972654901710815,0.975,null_statistics/batch-47-replication-7.npy,batch-null-calibration,664813561395575584,4666373055591658546,6711723369708384578,0.2537638999929186,,,batch-null-calibration-20260821-001
calibration,47,8,0.05325228593546728,0.51,null_statistics/batch-47-replication-8.npy,batch-null-calibration,671572734498956709,3285982110325628069,11990053786515395433,0.2584311999962665,,,batch-null-calibration-20260821-001
calibration,47,9,0.042362879176334495,0.935,null_statistics/batch-47-replication-9.npy,batch-null-calibration,9301206293993869617,12115916045547966250,3368557346127527196,0.25311299999884795,,,batch-null-calibration-20260821-001
calibration,48,0,0.04841950478882328,0.65,null_statistics/batch-48-replication-0.npy,batch-null-calibration,16270418770083111822,1656361323232025495,16206476271305743091,0.2553630000038538,,,batch-null-calibration-20260821-001
calibration,48,1,0.06261507775071347,0.22,null_statistics/batch-48-replication-1.npy,batch-null-calibration,11966074525655110889,7107188901049273748,9843082211418860763,0.2571942999929888,,,batch-null-calibration-20260821-001
calibration,48,2,0.05708672711385424,0.35,null_statistics/batch-48-replication-2.npy,batch-null-calibration,6965838057134744489,1280018844035139222,6584025229987107989,0.25329259999853093,,,batch-null-calibration-20260821-001
calibration,48,3,0.039360419319627395,0.965,null_statistics/batch-48-replication-3.npy,batch-null-calibration,2133666426330800412,16183130048528290909,12161168866178953532,0.2646526000025915,,,batch-null-calibration-20260821-001
calibration,48,4,0.041402756324814875,0.985,null_statistics/batch-48-replication-4.npy,batch-null-calibration,12338762549070265577,9585156659335115790,11841969490904899271,0.2562848999950802,,,batch-null-calibration-20260821-001
calibration,48,5,0.055454174548382265,0.435,null_statistics/batch-48-replication-5.npy,batch-null-calibration,7387985270472782238,10301891589362644317,11744313190436629333,0.25632230000337586,,,batch-null-calibration-20260821-001
calibration,48,6,0.06969644120555632,0.13,null_statistics/batch-48-replication-6.npy,batch-null-calibration,15071041629705721934,8340973805636254947,14292261645027336516,0.25445769999350887,,,batch-null-calibration-20260821-001
calibration,48,7,0.047165656999714735,0.8,null_statistics/batch-48-replication-7.npy,batch-null-calibration,8777003112688814877,3047340433571760293,15897033510596687072,0.2547584999992978,,,batch-null-calibration-20260821-001
calibration,48,8,0.048958689565585876,0.675,null_statistics/batch-48-replication-8.npy,batch-null-calibration,6596497380726042513,16674247376290478312,13764450258778434789,0.254982900005416,,,batch-null-calibration-20260821-001
calibration,48,9,0.057309284093787466,0.34,null_statistics/batch-48-replication-9.npy,batch-null-calibration,9838178803191699632,17934324233453161748,15645149344430552098,0.2532952000037767,,,batch-null-calibration-20260821-001
calibration,49,0,0.06397703043721321,0.18,null_statistics/batch-49-replication-0.npy,batch-null-calibration,2354012890137602907,11738384528653795792,10845917697040007029,0.2672120999923209,,,batch-null-calibration-20260821-001
calibration,49,1,0.05152881343102826,0.535,null_statistics/batch-49-replication-1.npy,batch-null-calibration,8253592567463627108,14333094028110021417,16586832627506712870,0.2700907999969786,,,batch-null-calibration-20260821-001
calibration,49,2,0.04566219628787166,0.805,null_statistics/batch-49-replication-2.npy,batch-null-calibration,15016973510750970195,16365155516212358821,5041354304106623398,0.2597488999890629,,,batch-null-calibration-20260821-001
calibration,49,3,0.047207090579409354,0.69,null_statistics/batch-49-replication-3.npy,batch-null-calibration,16932788356953183768,10627567681172925747,14104038650663477229,0.2508838000067044,,,batch-null-calibration-20260821-001
calibration,49,4,0.093427668020422,0.015,null_statistics/batch-49-replication-4.npy,batch-null-calibration,7453595197716924159,9508941371638079919,5821210284598754643,0.25389009999344125,,,batch-null-calibration-20260821-001
calibration,49,5,0.04319228544830078,0.895,null_statistics/batch-49-replication-5.npy,batch-null-calibration,1736251681555810216,14736659212593005515,7378175155704618507,0.252737500006333,,,batch-null-calibration-20260821-001
calibration,49,6,0.04355567409618299,0.915,null_statistics/batch-49-replication-6.npy,batch-null-calibration,935764387533991524,16025556402889172925,15198047173578128878,0.2554262000048766,,,batch-null-calibration-20260821-001
calibration,49,7,0.07275933542555357,0.105,null_statistics/batch-49-replication-7.npy,batch-null-calibration,8991802127463234052,11419817935132207729,13608371392214786131,0.25791970000136644,,,batch-null-calibration-20260821-001
calibration,49,8,0.07529408774183799,0.08,null_statistics/batch-49-replication-8.npy,batch-null-calibration,18131169093535585362,569771069976270321,16487399186907785224,0.25618409999879077,,,batch-null-calibration-20260821-001
calibration,49,9,0.05267882995912933,0.425,null_statistics/batch-49-replication-9.npy,batch-null-calibration,7900051803018711001,4993101792821944837,14446458805439025167,0.2551769000128843,,,batch-null-calibration-20260821-001
calibration,50,0,0.06607556526638125,0.16,null_statistics/batch-50-replication-0.npy,batch-null-calibration,5295532804782845518,13884414291202103817,10040235237174581155,0.2601763000129722,,,batch-null-calibration-20260821-001
calibration,50,1,0.04730331653887868,0.775,null_statistics/batch-50-replication-1.npy,batch-null-calibration,10599470138219868083,10382638155763635079,14289401910248803391,0.2720583999907831,,,batch-null-calibration-20260821-001
calibration,50,2,0.044112046253101826,0.86,null_statistics/batch-50-replication-2.npy,batch-null-calibration,13258311590906256624,10126497966804044314,12331898695379579089,0.28096720000030473,,,batch-null-calibration-20260821-001
calibration,50,3,0.04767529190554135,0.77,null_statistics/batch-50-replication-3.npy,batch-null-calibration,5357631816596328039,15086852719590584872,12963691181029277500,0.2723124999902211,,,batch-null-calibration-20260821-001
calibration,50,4,0.0549154894837357,0.4,null_statistics/batch-50-replication-4.npy,batch-null-calibration,11438561642338023762,13995250455796001815,16948717718260521941,0.27732900000410154,,,batch-null-calibration-20260821-001
calibration,50,5,0.041903011936129976,0.965,null_statistics/batch-50-replication-5.npy,batch-null-calibration,15485681883507783535,10124545124262156526,4211039199506780314,0.25671060000604484,,,batch-null-calibration-20260821-001
calibration,50,6,0.05520572070905082,0.4,null_statistics/batch-50-replication-6.npy,batch-null-calibration,15495400844693487514,16044914181004392480,10340985089299081138,0.2549167999968631,,,batch-null-calibration-20260821-001
calibration,50,7,0.06016426105652019,0.285,null_statistics/batch-50-replication-7.npy,batch-null-calibration,14847713131535459444,2113193134451751650,4358223729147845029,0.2656935999984853,,,batch-null-calibration-20260821-001
calibration,50,8,0.05132925470173888,0.53,null_statistics/batch-50-replication-8.npy,batch-null-calibration,2317619758255109832,505208721061755012,15394112731664463972,0.253019999989192,,,batch-null-calibration-20260821-001
calibration,50,9,0.047596912276930074,0.685,null_statistics/batch-50-replication-9.npy,batch-null-calibration,10460449348321795839,17621643908161202224,8198115858864806935,0.25258309999480844,,,batch-null-calibration-20260821-001
calibration,51,0,0.047813132283767185,0.685,null_statistics/batch-51-replication-0.npy,batch-null-calibration,9442148594693535255,13817450697917750772,5980919349584996038,0.25557609999668784,,,batch-null-calibration-20260821-001
calibration,51,1,0.07373675762436983,0.06,null_statistics/batch-51-replication-1.npy,batch-null-calibration,18207289798566438995,7903863120055993970,13637159093077273752,0.25489209999796003,,,batch-null-calibration-20260821-001
calibration,51,2,0.050341319505140675,0.63,null_statistics/batch-51-replication-2.npy,batch-null-calibration,1776936535507871544,13150051951023734539,3197660132424872927,0.2541293000103906,,,batch-null-calibration-20260821-001
calibration,51,3,0.06021906246848546,0.245,null_statistics/batch-51-replication-3.npy,batch-null-calibration,15152025294350520613,18155098673838828737,8538348331135371700,0.2535082000104012,,,batch-null-calibration-20260821-001
calibration,51,4,0.07738472324011,0.065,null_statistics/batch-51-replication-4.npy,batch-null-calibration,11975535712112547950,1598736941696663911,7187698429186461035,0.2604931999958353,,,batch-null-calibration-20260821-001
calibration,51,5,0.04450004744237103,0.87,null_statistics/batch-51-replication-5.npy,batch-null-calibration,11699954147401096598,14568101709884178740,7067256619831137982,0.26318400001036935,,,batch-null-calibration-20260821-001
calibration,51,6,0.05327613549780471,0.475,null_statistics/batch-51-replication-6.npy,batch-null-calibration,2976949354315191599,11626811257837833399,8326075587449546972,0.2518452999938745,,,batch-null-calibration-20260821-001
calibration,51,7,0.05618262061988145,0.42,null_statistics/batch-51-replication-7.npy,batch-null-calibration,8856909417595769158,13894368870101245125,13483605278465552212,0.2495481999940239,,,batch-null-calibration-20260821-001
calibration,51,8,0.059794206532884996,0.25,null_statistics/batch-51-replication-8.npy,batch-null-calibration,1297157376162820104,13664992029371287897,12916959002064509103,0.2543484000052558,,,batch-null-calibration-20260821-001
calibration,51,9,0.05088103868364285,0.63,null_statistics/batch-51-replication-9.npy,batch-null-calibration,64254245296513106,15165422908572701041,13206963668408797847,0.2550048999983119,,,batch-null-calibration-20260821-001
calibration,52,0,0.044979134179387655,0.86,null_statistics/batch-52-replication-0.npy,batch-null-calibration,12825368857427833217,7239598613009954637,4238823693028678047,0.26849140001286287,,,batch-null-calibration-20260821-001
calibration,52,1,0.048591583070951905,0.695,null_statistics/batch-52-replication-1.npy,batch-null-calibration,7383544883231239602,10657313330456812370,2662811358538486295,0.2555133999994723,,,batch-null-calibration-20260821-001
calibration,52,2,0.057684308334890355,0.35,null_statistics/batch-52-replication-2.npy,batch-null-calibration,16982725193834643878,5344621212214193237,11695008839862473533,0.2550755999982357,,,batch-null-calibration-20260821-001
calibration,52,3,0.049267264570766765,0.625,null_statistics/batch-52-replication-3.npy,batch-null-calibration,992538927928914719,3032041257113785158,5633382002518301198,0.256611899996642,,,batch-null-calibration-20260821-001
calibration,52,4,0.055406111971710366,0.41,null_statistics/batch-52-replication-4.npy,batch-null-calibration,16678182920026289008,17407007181139329291,2576932984596926258,0.25373160000890493,,,batch-null-calibration-20260821-001
calibration,52,5,0.04195762906461114,0.92,null_statistics/batch-52-replication-5.npy,batch-null-calibration,13964182457147601088,6769727972568691449,655212850922335622,0.25785959999484476,,,batch-null-calibration-20260821-001
calibration,52,6,0.050357907214549344,0.68,null_statistics/batch-52-replication-6.npy,batch-null-calibration,9602341147528688422,11347900465118675317,18024457961817412974,0.258890800003428,,,batch-null-calibration-20260821-001
calibration,52,7,0.08162173518876331,0.04,null_statistics/batch-52-replication-7.npy,batch-null-calibration,17082820387013321472,8758608397422168244,8004624570861575828,0.2571470999973826,,,batch-null-calibration-20260821-001
calibration,52,8,0.039513142280171505,0.975,null_statistics/batch-52-replication-8.npy,batch-null-calibration,3209517178857169613,16614515896805995581,7870523362590691906,0.25563790000160225,,,batch-null-calibration-20260821-001
calibration,52,9,0.05796491615592699,0.315,null_statistics/batch-52-replication-9.npy,batch-null-calibration,16094816841042231453,4133993368895742255,13870237089067008237,0.2552109999960521,,,batch-null-calibration-20260821-001
calibration,53,0,0.03664278755187608,0.995,null_statistics/batch-53-replication-0.npy,batch-null-calibration,4897298790143909949,7469963590284634091,9765609260761438575,0.25479039999481756,,,batch-null-calibration-20260821-001
calibration,53,1,0.09900653383903339,0.005,null_statistics/batch-53-replication-1.npy,batch-null-calibration,1393836628311796965,3011624831413393856,13802736648520746497,0.2562813999975333,,,batch-null-calibration-20260821-001
calibration,53,2,0.05529891461761498,0.42,null_statistics/batch-53-replication-2.npy,batch-null-calibration,15592623329942343618,9542978765886990019,2914725178700386448,0.2549295000062557,,,batch-null-calibration-20260821-001
calibration,53,3,0.05042742288223573,0.515,null_statistics/batch-53-replication-3.npy,batch-null-calibration,5131249623508219537,12272696338285065348,15424486689818697193,0.2550447000103304,,,batch-null-calibration-20260821-001
calibration,53,4,0.05581160361049143,0.385,null_statistics/batch-53-replication-4.npy,batch-null-calibration,12086452849883833531,4407810631302826563,16836008896269297589,0.2699280999950133,,,batch-null-calibration-20260821-001
calibration,53,5,0.04592200391994273,0.8,null_statistics/batch-53-replication-5.npy,batch-null-calibration,12276000754350802521,18268517958236063704,14695782111528236479,0.2575784999935422,,,batch-null-calibration-20260821-001
calibration,53,6,0.0577034714430101,0.315,null_statistics/batch-53-replication-6.npy,batch-null-calibration,3885407389016715176,15656471595403896507,12563400085349523045,0.2562631000037072,,,batch-null-calibration-20260821-001
calibration,53,7,0.05537803013999211,0.37,null_statistics/batch-53-replication-7.npy,batch-null-calibration,5992928698031912347,17623730562648496567,1255728092207353167,0.26683320000302047,,,batch-null-calibration-20260821-001
calibration,53,8,0.04005181462241771,0.97,null_statistics/batch-53-replication-8.npy,batch-null-calibration,5120896021239386525,14272854002140037053,11000065720101654639,0.2866222000011476,,,batch-null-calibration-20260821-001
calibration,53,9,0.049096349318430425,0.68,null_statistics/batch-53-replication-9.npy,batch-null-calibration,3038234297330501449,4052785121476511816,2831610896119584198,0.2808870000008028,,,batch-null-calibration-20260821-001
calibration,54,0,0.049901026734967116,0.685,null_statistics/batch-54-replication-0.npy,batch-null-calibration,12787489471559274830,9099789310344142049,14206888478014779857,0.27205070000491105,,,batch-null-calibration-20260821-001
calibration,54,1,0.07869676161677938,0.03,null_statistics/batch-54-replication-1.npy,batch-null-calibration,5673716628153956101,3320684762263146928,11808999654797519420,0.27268569999432657,,,batch-null-calibration-20260821-001
calibration,54,2,0.053050914462665306,0.49,null_statistics/batch-54-replication-2.npy,batch-null-calibration,7256644094060656469,474601528298319165,18138419610241899813,0.2608710000058636,,,batch-null-calibration-20260821-001
calibration,54,3,0.051576462027182364,0.495,null_statistics/batch-54-replication-3.npy,batch-null-calibration,3446848365869759403,16436521656630999372,14547836806611946213,0.2542764999961946,,,batch-null-calibration-20260821-001
calibration,54,4,0.07227079482689248,0.09,null_statistics/batch-54-replication-4.npy,batch-null-calibration,10188711763018710500,4702466968776677744,16260849708205513069,0.25269029999617487,,,batch-null-calibration-20260821-001
calibration,54,5,0.05719072064551485,0.395,null_statistics/batch-54-replication-5.npy,batch-null-calibration,17875940703569999479,293799960943413145,17285686782645795560,0.25337709998711944,,,batch-null-calibration-20260821-001
calibration,54,6,0.06310181721965015,0.23,null_statistics/batch-54-replication-6.npy,batch-null-calibration,11804589746685606149,5275603851016494304,10148035371198879993,0.2544423000072129,,,batch-null-calibration-20260821-001
calibration,54,7,0.057590888984405536,0.375,null_statistics/batch-54-replication-7.npy,batch-null-calibration,14706644429071486274,7430003860624975619,6266833733709707477,0.2532791999983601,,,batch-null-calibration-20260821-001
calibration,54,8,0.03781473532353536,0.98,null_statistics/batch-54-replication-8.npy,batch-null-calibration,12850500409318698230,1062564525857959613,4252673472559697626,0.250266000002739,,,batch-null-calibration-20260821-001
calibration,54,9,0.0466233885500565,0.74,null_statistics/batch-54-replication-9.npy,batch-null-calibration,8437691196685847527,6170433096771626501,10610862478719102887,0.2536631000111811,,,batch-null-calibration-20260821-001
calibration,55,0,0.05490265366631129,0.45,null_statistics/batch-55-replication-0.npy,batch-null-calibration,4673806486515987685,11299675004842829655,2048178890524674533,0.2589940000034403,,,batch-null-calibration-20260821-001
calibration,55,1,0.051509541408611234,0.52,null_statistics/batch-55-replication-1.npy,batch-null-calibration,5555472040245635828,17812619123666018863,17111806909679434526,0.2570183000061661,,,batch-null-calibration-20260821-001
calibration,55,2,0.05752970308530545,0.335,null_statistics/batch-55-replication-2.npy,batch-null-calibration,16160147244866074550,11266655129843385877,4120902028558022601,0.255704399998649,,,batch-null-calibration-20260821-001
calibration,55,3,0.07185310399821196,0.055,null_statistics/batch-55-replication-3.npy,batch-null-calibration,5883824978705868891,14962118715951406570,4825848965908527349,0.2762166999891633,,,batch-null-calibration-20260821-001
calibration,55,4,0.039473822265048274,0.975,null_statistics/batch-55-replication-4.npy,batch-null-calibration,6728976818411043792,633392519584460980,18378944650801588982,0.269922100007534,,,batch-null-calibration-20260821-001
calibration,55,5,0.041876865266591616,0.905,null_statistics/batch-55-replication-5.npy,batch-null-calibration,2615222583804232590,9356368422293223465,12048007580821859448,0.27902079999330454,,,batch-null-calibration-20260821-001
calibration,55,6,0.07048024503424356,0.09,null_statistics/batch-55-replication-6.npy,batch-null-calibration,1566687413898042814,16478792866076700025,1946715099037156013,0.26272919999610167,,,batch-null-calibration-20260821-001
calibration,55,7,0.04346296235665714,0.845,null_statistics/batch-55-replication-7.npy,batch-null-calibration,13224987201299896539,17871561348685902747,16765369156898552501,0.26273529999889433,,,batch-null-calibration-20260821-001
calibration,55,8,0.06027869270812077,0.215,null_statistics/batch-55-replication-8.npy,batch-null-calibration,3469375501718579240,12466535053943553380,4166765221583575141,0.2521281999943312,,,batch-null-calibration-20260821-001
calibration,55,9,0.058071387809961426,0.285,null_statistics/batch-55-replication-9.npy,batch-null-calibration,18230993798677033325,8067164182301024588,8872475972711589325,0.2517638999997871,,,batch-null-calibration-20260821-001
calibration,56,0,0.0474375610537112,0.71,null_statistics/batch-56-replication-0.npy,batch-null-calibration,14098960371339560919,3112472536711916952,16954034963621095286,0.2520971999911126,,,batch-null-calibration-20260821-001
calibration,56,1,0.03932652172559525,0.975,null_statistics/batch-56-replication-1.npy,batch-null-calibration,11527421869622368266,10805620956499801328,15536259413751382560,0.25574150000466034,,,batch-null-calibration-20260821-001
calibration,56,2,0.04063259496138478,0.96,null_statistics/batch-56-replication-2.npy,batch-null-calibration,10719505123966919542,12715913122939442541,2409674155806623096,0.253066300007049,,,batch-null-calibration-20260821-001
calibration,56,3,0.06351454111161031,0.125,null_statistics/batch-56-replication-3.npy,batch-null-calibration,7701041866175709474,426527046612169377,9872312687016650022,0.25546440000471193,,,batch-null-calibration-20260821-001
calibration,56,4,0.0789410221906776,0.09,null_statistics/batch-56-replication-4.npy,batch-null-calibration,6348758162819245935,7001717349072815462,15772377551000671992,0.26022789999842644,,,batch-null-calibration-20260821-001
calibration,56,5,0.05990799099900183,0.285,null_statistics/batch-56-replication-5.npy,batch-null-calibration,8551506849649776215,6210768668320299362,785543512243486242,0.2596573999908287,,,batch-null-calibration-20260821-001
calibration,56,6,0.07583485461490959,0.08,null_statistics/batch-56-replication-6.npy,batch-null-calibration,16285236630818517089,12229659403760064046,3884626865800571380,0.2647409999917727,,,batch-null-calibration-20260821-001
calibration,56,7,0.059458263134589226,0.245,null_statistics/batch-56-replication-7.npy,batch-null-calibration,8950022256488914896,17754953443748701194,18074242508827226549,0.25574609999603126,,,batch-null-calibration-20260821-001
calibration,56,8,0.05684864297364799,0.4,null_statistics/batch-56-replication-8.npy,batch-null-calibration,14063999207025036535,10955703423437634016,18340627513052625970,0.2570068000059109,,,batch-null-calibration-20260821-001
calibration,56,9,0.06222593313910182,0.225,null_statistics/batch-56-replication-9.npy,batch-null-calibration,5447586801103662013,2572188725173177621,11767874746290433632,0.25246220000553876,,,batch-null-calibration-20260821-001
calibration,57,0,0.05315473527240118,0.525,null_statistics/batch-57-replication-0.npy,batch-null-calibration,15079412284745352012,17106542735919836269,10994658502227677043,0.25501739999162965,,,batch-null-calibration-20260821-001
calibration,57,1,0.05686066085143737,0.325,null_statistics/batch-57-replication-1.npy,batch-null-calibration,7147499566684166643,16309527128210290960,12990355100926867224,0.25442509999265894,,,batch-null-calibration-20260821-001
calibration,57,2,0.06879654786624856,0.115,null_statistics/batch-57-replication-2.npy,batch-null-calibration,4205559457294701606,4036141299046628281,11249122348917078516,0.2633239999995567,,,batch-null-calibration-20260821-001
calibration,57,3,0.05134626549209846,0.67,null_statistics/batch-57-replication-3.npy,batch-null-calibration,4792520835838037290,11170414820152828090,799836699156322397,0.2600414000044111,,,batch-null-calibration-20260821-001
calibration,57,4,0.05011935962181541,0.66,null_statistics/batch-57-replication-4.npy,batch-null-calibration,7461683776770151096,10248019160298706080,4560719367514787505,0.255395199987106,,,batch-null-calibration-20260821-001
calibration,57,5,0.05276697910843687,0.485,null_statistics/batch-57-replication-5.npy,batch-null-calibration,7219845081261644780,16693456893125305834,16698104461944990718,0.25262929999735206,,,batch-null-calibration-20260821-001
calibration,57,6,0.04140782978774678,0.955,null_statistics/batch-57-replication-6.npy,batch-null-calibration,1678245766732305834,3440567024915737479,11674727823487595803,0.2539037000096869,,,batch-null-calibration-20260821-001
calibration,57,7,0.05231061128455954,0.54,null_statistics/batch-57-replication-7.npy,batch-null-calibration,13268047794883790396,2859236558299095364,3156096689562156345,0.26511130000289995,,,batch-null-calibration-20260821-001
calibration,57,8,0.057507943656470654,0.295,null_statistics/batch-57-replication-8.npy,batch-null-calibration,9133502355503173188,15405408063946639245,10358685240227768902,0.2616550999955507,,,batch-null-calibration-20260821-001
calibration,57,9,0.04049540059270142,0.965,null_statistics/batch-57-replication-9.npy,batch-null-calibration,14960183327381361236,2702312972296903906,3652297936014286250,0.25121680001029745,,,batch-null-calibration-20260821-001
calibration,58,0,0.0442280088213022,0.905,null_statistics/batch-58-replication-0.npy,batch-null-calibration,4734347087664293188,13396418728551670661,14829061011609902042,0.25366740000026766,,,batch-null-calibration-20260821-001
calibration,58,1,0.05366335786160381,0.49,null_statistics/batch-58-replication-1.npy,batch-null-calibration,13657600755647299573,4774736214065500662,12040289989160230445,0.25400380000064615,,,batch-null-calibration-20260821-001
calibration,58,2,0.04267245775667729,0.865,null_statistics/batch-58-replication-2.npy,batch-null-calibration,12851962983697134744,421785537119334254,10907009164995487633,0.25376459999824874,,,batch-null-calibration-20260821-001
calibration,58,3,0.035243564718953284,1.0,null_statistics/batch-58-replication-3.npy,batch-null-calibration,2238538619468913984,11088972622707212098,10473193633095245266,0.2515387000021292,,,batch-null-calibration-20260821-001
calibration,58,4,0.05234492366682331,0.52,null_statistics/batch-58-replication-4.npy,batch-null-calibration,14006845716217473074,7216290631801286886,18037285770615677319,0.2569468000001507,,,batch-null-calibration-20260821-001
calibration,58,5,0.050065656310518444,0.63,null_statistics/batch-58-replication-5.npy,batch-null-calibration,986509638578108906,8781078648535087985,8092737325017002399,0.2532748000085121,,,batch-null-calibration-20260821-001
calibration,58,6,0.059690789162675645,0.305,null_statistics/batch-58-replication-6.npy,batch-null-calibration,2488066553339929246,4521169405021137524,12295772624537318440,0.25220139999873936,,,batch-null-calibration-20260821-001
calibration,58,7,0.07444498802077984,0.06,null_statistics/batch-58-replication-7.npy,batch-null-calibration,15429448244209160331,11942861958175281001,16463189017592777385,0.2596417000022484,,,batch-null-calibration-20260821-001
calibration,58,8,0.062043473692596385,0.21,null_statistics/batch-58-replication-8.npy,batch-null-calibration,15467993361893173273,393829025361439722,14360714469039525741,0.25645459999213926,,,batch-null-calibration-20260821-001
calibration,58,9,0.04840151397222396,0.675,null_statistics/batch-58-replication-9.npy,batch-null-calibration,18174273885382977558,9246731052832520112,2079875851709391208,0.25497719999111723,,,batch-null-calibration-20260821-001
calibration,59,0,0.060034948614388885,0.295,null_statistics/batch-59-replication-0.npy,batch-null-calibration,10190929032477850200,411298892692410540,11198362121057459174,0.2624848999985261,,,batch-null-calibration-20260821-001
calibration,59,1,0.055286051442134,0.42,null_statistics/batch-59-replication-1.npy,batch-null-calibration,10483965141736241181,135593535040608536,7998938470900670506,0.2847152000031201,,,batch-null-calibration-20260821-001
calibration,59,2,0.055479561856980025,0.4,null_statistics/batch-59-replication-2.npy,batch-null-calibration,3956053515664992515,3650308792353777809,7796510263360126654,0.26821780001046136,,,batch-null-calibration-20260821-001
calibration,59,3,0.06066366461821981,0.23,null_statistics/batch-59-replication-3.npy,batch-null-calibration,1177639961620200156,566438762732997899,14390617894932267656,0.2809317000064766,,,batch-null-calibration-20260821-001
calibration,59,4,0.04440359935243798,0.86,null_statistics/batch-59-replication-4.npy,batch-null-calibration,14757511117665342753,16114995533398174261,6297016349975601859,0.33829749999858905,,,batch-null-calibration-20260821-001
calibration,59,5,0.051983127059276164,0.56,null_statistics/batch-59-replication-5.npy,batch-null-calibration,13276116475197758860,14558998056739616674,3321678918996681252,0.28483230000711046,,,batch-null-calibration-20260821-001
calibration,59,6,0.0556856259502866,0.44,null_statistics/batch-59-replication-6.npy,batch-null-calibration,14266411014024889265,7283648534431197502,14750841780895396601,0.2762079999956768,,,batch-null-calibration-20260821-001
calibration,59,7,0.051943660636377696,0.545,null_statistics/batch-59-replication-7.npy,batch-null-calibration,55357432100681161,11622908731673576557,5446874620646461907,0.2530948000057833,,,batch-null-calibration-20260821-001
calibration,59,8,0.04944275948466523,0.635,null_statistics/batch-59-replication-8.npy,batch-null-calibration,16615830300149558685,6349492839071893759,12942426078033785810,0.25775740000244696,,,batch-null-calibration-20260821-001
calibration,59,9,0.05953607695686095,0.29,null_statistics/batch-59-replication-9.npy,batch-null-calibration,15692580116541428749,9641954627305791166,14100565246895970150,0.2634247999958461,,,batch-null-calibration-20260821-001
calibration,60,0,0.040052154520142894,0.97,null_statistics/batch-60-replication-0.npy,batch-null-calibration,16519217346974807039,11152234806031592945,7574325941665678026,0.25496590000693686,,,batch-null-calibration-20260821-001
calibration,60,1,0.05384475121856048,0.47,null_statistics/batch-60-replication-1.npy,batch-null-calibration,5702502273762904709,5494559980104546640,8139717463756998486,0.26580330000433605,,,batch-null-calibration-20260821-001
calibration,60,2,0.060446148462676354,0.255,null_statistics/batch-60-replication-2.npy,batch-null-calibration,12786309806839671444,9443701902430274654,8393973070730666987,0.25931799999671057,,,batch-null-calibration-20260821-001
calibration,60,3,0.04664348554459129,0.79,null_statistics/batch-60-replication-3.npy,batch-null-calibration,1579435102601339266,13146390954883557230,7056436949920458565,0.25618919999396894,,,batch-null-calibration-20260821-001
calibration,60,4,0.046032053903596576,0.795,null_statistics/batch-60-replication-4.npy,batch-null-calibration,16661084384159185406,2179420869488954944,2746634809893323602,0.27734919999784324,,,batch-null-calibration-20260821-001
calibration,60,5,0.06547738021265954,0.185,null_statistics/batch-60-replication-5.npy,batch-null-calibration,2624885364897427546,6886503625619328505,15297770797679516717,0.26075760000094306,,,batch-null-calibration-20260821-001
calibration,60,6,0.04769694498109916,0.735,null_statistics/batch-60-replication-6.npy,batch-null-calibration,12925361422887851105,6653504917452781981,16759225526242801690,0.2570677000039723,,,batch-null-calibration-20260821-001
calibration,60,7,0.07136911714195718,0.1,null_statistics/batch-60-replication-7.npy,batch-null-calibration,12337200907852153385,12022455671908109557,14657931039657628032,0.2586635000043316,,,batch-null-calibration-20260821-001
calibration,60,8,0.04495386975038875,0.825,null_statistics/batch-60-replication-8.npy,batch-null-calibration,10047538864679401179,12045891964366170086,6675482163674377460,0.25510740000754595,,,batch-null-calibration-20260821-001
calibration,60,9,0.042987256874256155,0.925,null_statistics/batch-60-replication-9.npy,batch-null-calibration,16196664440086994623,10131165287512061017,1096908558986444835,0.25148440001066774,,,batch-null-calibration-20260821-001
calibration,61,0,0.059547167147361066,0.305,null_statistics/batch-61-replication-0.npy,batch-null-calibration,7098660072772055051,13658058364060430031,16206644758058775651,0.24874320000526495,,,batch-null-calibration-20260821-001
calibration,61,1,0.03917224661757111,0.975,null_statistics/batch-61-replication-1.npy,batch-null-calibration,16999360557985078367,9292770811301810780,7929217722333885375,0.2531133000011323,,,batch-null-calibration-20260821-001
calibration,61,2,0.03944224938102584,0.955,null_statistics/batch-61-replication-2.npy,batch-null-calibration,17964686217107700390,2336006186891037819,2294054102943209027,0.2562802000029478,,,batch-null-calibration-20260821-001
calibration,61,3,0.04834558685511822,0.715,null_statistics/batch-61-replication-3.npy,batch-null-calibration,13027985487403930120,8143837431610345732,911732281736269295,0.25749489999725483,,,batch-null-calibration-20260821-001
calibration,61,4,0.07014738528723277,0.155,null_statistics/batch-61-replication-4.npy,batch-null-calibration,9695917426653071001,14815820195239339693,12102276939930813450,0.2509573999996064,,,batch-null-calibration-20260821-001
calibration,61,5,0.045265646027395315,0.795,null_statistics/batch-61-replication-5.npy,batch-null-calibration,3458549280234871936,18172103477976793337,484284264975785763,0.2548244999925373,,,batch-null-calibration-20260821-001
calibration,61,6,0.0470998046566197,0.745,null_statistics/batch-61-replication-6.npy,batch-null-calibration,5031325211437525730,9461689132892856625,16020613166712710743,0.26012099999934435,,,batch-null-calibration-20260821-001
calibration,61,7,0.05314270970170413,0.435,null_statistics/batch-61-replication-7.npy,batch-null-calibration,12114712550711767767,10436216767853733409,12455933505971991758,0.26295950000348967,,,batch-null-calibration-20260821-001
calibration,61,8,0.04024386189126704,0.945,null_statistics/batch-61-replication-8.npy,batch-null-calibration,13100511506466410269,13924405290489244736,8810400274737454537,0.2555340000108117,,,batch-null-calibration-20260821-001
calibration,61,9,0.04753765135004378,0.735,null_statistics/batch-61-replication-9.npy,batch-null-calibration,3913162441012310651,5534496535521972810,9980067218275510008,0.25946509999630507,,,batch-null-calibration-20260821-001
calibration,62,0,0.05411939575074863,0.485,null_statistics/batch-62-replication-0.npy,batch-null-calibration,332568419225656177,5870622178429332809,3510487482242184286,0.2543911999964621,,,batch-null-calibration-20260821-001
calibration,62,1,0.05218083308226299,0.585,null_statistics/batch-62-replication-1.npy,batch-null-calibration,9947042418156753189,13363480836235345136,6257520761517779046,0.25488680000125896,,,batch-null-calibration-20260821-001
calibration,62,2,0.06413806898570576,0.145,null_statistics/batch-62-replication-2.npy,batch-null-calibration,17339490756786864385,4438072010861097323,5081810445164579346,0.2523718999873381,,,batch-null-calibration-20260821-001
calibration,62,3,0.05111758212946744,0.565,null_statistics/batch-62-replication-3.npy,batch-null-calibration,302637546438605001,11760292546963567185,14080174748422196078,0.2532260000007227,,,batch-null-calibration-20260821-001
calibration,62,4,0.05164813498576364,0.54,null_statistics/batch-62-replication-4.npy,batch-null-calibration,16458138135067064863,890247101481254761,7851107701785414191,0.2544365999929141,,,batch-null-calibration-20260821-001
calibration,62,5,0.06996532983133809,0.075,null_statistics/batch-62-replication-5.npy,batch-null-calibration,14927522287526466133,11848218560089426547,5660901797606178148,0.25457570000435226,,,batch-null-calibration-20260821-001
calibration,62,6,0.048869506920600776,0.735,null_statistics/batch-62-replication-6.npy,batch-null-calibration,10594689578719041605,12550884382046001245,12577921886172190734,0.2536614999989979,,,batch-null-calibration-20260821-001
calibration,62,7,0.03979497632001686,0.975,null_statistics/batch-62-replication-7.npy,batch-null-calibration,14060769866291270615,6491324115941729378,10405777366490325755,0.25139279999712016,,,batch-null-calibration-20260821-001
calibration,62,8,0.043840648598330464,0.875,null_statistics/batch-62-replication-8.npy,batch-null-calibration,16302188285280688449,306865742023286227,8061993754987704558,0.2543767999886768,,,batch-null-calibration-20260821-001
calibration,62,9,0.05041952351833136,0.61,null_statistics/batch-62-replication-9.npy,batch-null-calibration,4591173843360701540,14740850263431015056,12255145299481552279,0.2545032999914838,,,batch-null-calibration-20260821-001
calibration,63,0,0.05419919656069254,0.43,null_statistics/batch-63-replication-0.npy,batch-null-calibration,15651676020485745943,7567195674935585710,900544298204098064,0.2531868000078248,,,batch-null-calibration-20260821-001
calibration,63,1,0.050518626831652085,0.645,null_statistics/batch-63-replication-1.npy,batch-null-calibration,7342723377146865296,15938475400153124461,4533878276397655038,0.25779490001150407,,,batch-null-calibration-20260821-001
calibration,63,2,0.04526235697070403,0.79,null_statistics/batch-63-replication-2.npy,batch-null-calibration,5686728613520358503,12378023132272145632,16957529690026429198,0.256642299995292,,,batch-null-calibration-20260821-001
calibration,63,3,0.08247389922659981,0.035,null_statistics/batch-63-replication-3.npy,batch-null-calibration,284691399154689626,1397564290530082827,14725309480120482801,0.2542951999930665,,,batch-null-calibration-20260821-001
calibration,63,4,0.06598033147054205,0.155,null_statistics/batch-63-replication-4.npy,batch-null-calibration,5367161726966430497,2472574836035325182,15139550018781861663,0.2529192000074545,,,batch-null-calibration-20260821-001
calibration,63,5,0.045238224064076675,0.86,null_statistics/batch-63-replication-5.npy,batch-null-calibration,16228313959672339383,17589029776854355130,2853186731257502419,0.25436269999772776,,,batch-null-calibration-20260821-001
calibration,63,6,0.041878010800946865,0.91,null_statistics/batch-63-replication-6.npy,batch-null-calibration,10646227549060261233,5859000787856676284,9624934898778976325,0.25503590000153054,,,batch-null-calibration-20260821-001
calibration,63,7,0.07227802182994636,0.075,null_statistics/batch-63-replication-7.npy,batch-null-calibration,1223690849111471568,12114622624429591449,16649162859684602466,0.2619535999983782,,,batch-null-calibration-20260821-001
calibration,63,8,0.05808351902933756,0.28,null_statistics/batch-63-replication-8.npy,batch-null-calibration,14831960151124653943,6685794950652263060,7321648833712052066,0.25794360000872985,,,batch-null-calibration-20260821-001
calibration,63,9,0.04540082221965132,0.8,null_statistics/batch-63-replication-9.npy,batch-null-calibration,3234946038065832777,18039323946047397696,12069006718589718196,0.25347270000202116,,,batch-null-calibration-20260821-001
calibration,64,0,0.05223036877894099,0.595,null_statistics/batch-64-replication-0.npy,batch-null-calibration,12744359598102707486,17614012880220946267,2867252567089214778,0.25688859999354463,,,batch-null-calibration-20260821-001
calibration,64,1,0.06218947791843505,0.225,null_statistics/batch-64-replication-1.npy,batch-null-calibration,9198198539584193336,13123293045501295108,4912448270597201728,0.25173249999352265,,,batch-null-calibration-20260821-001
calibration,64,2,0.06403206126230031,0.18,null_statistics/batch-64-replication-2.npy,batch-null-calibration,1728127148977686609,3383642403736493827,12280222525005199310,0.25870920000306796,,,batch-null-calibration-20260821-001
calibration,64,3,0.04554365693954785,0.77,null_statistics/batch-64-replication-3.npy,batch-null-calibration,2335865961751006513,12101282237716918926,13737211299431947349,0.2503614000015659,,,batch-null-calibration-20260821-001
calibration,64,4,0.04282277513385878,0.92,null_statistics/batch-64-replication-4.npy,batch-null-calibration,3590666123908750687,17101932519625148294,17845828498819031039,0.24977160000707954,,,batch-null-calibration-20260821-001
calibration,64,5,0.04826607231784497,0.74,null_statistics/batch-64-replication-5.npy,batch-null-calibration,14729942062541906438,89311612234289156,3186754786896183871,0.24959859999944456,,,batch-null-calibration-20260821-001
calibration,64,6,0.055326764020080986,0.44,null_statistics/batch-64-replication-6.npy,batch-null-calibration,16549603535101686478,3573169525427213659,9849848574807702465,0.25017790000129025,,,batch-null-calibration-20260821-001
calibration,64,7,0.06697688204382335,0.145,null_statistics/batch-64-replication-7.npy,batch-null-calibration,6036336204860290859,10048081744540954735,6164308218288575515,0.24839159999100957,,,batch-null-calibration-20260821-001
calibration,64,8,0.05126881043139362,0.62,null_statistics/batch-64-replication-8.npy,batch-null-calibration,6126731531235907182,498976278463043447,7509169860338637653,0.252747200007434,,,batch-null-calibration-20260821-001
calibration,64,9,0.04838351118033101,0.715,null_statistics/batch-64-replication-9.npy,batch-null-calibration,6388233563017216402,8515499465433622896,204243710913714396,0.2517111000051955,,,batch-null-calibration-20260821-001
calibration,65,0,0.05546792229915812,0.36,null_statistics/batch-65-replication-0.npy,batch-null-calibration,6256947707299437399,1887492505952161961,10160773797509110563,0.26545019999321084,,,batch-null-calibration-20260821-001
calibration,65,1,0.05028598568559974,0.59,null_statistics/batch-65-replication-1.npy,batch-null-calibration,5615152222972194950,15248169958469979533,6386322765303077417,0.2529990000039106,,,batch-null-calibration-20260821-001
calibration,65,2,0.047765329167580264,0.73,null_statistics/batch-65-replication-2.npy,batch-null-calibration,16413296548957886839,5874256609935389113,13683162528118782924,0.25943729998834897,,,batch-null-calibration-20260821-001
calibration,65,3,0.06084498574701425,0.235,null_statistics/batch-65-replication-3.npy,batch-null-calibration,3661590595557150504,10147401139087535700,5340109729462054870,0.28171079998719506,,,batch-null-calibration-20260821-001
calibration,65,4,0.10089117893878552,0.005,null_statistics/batch-65-replication-4.npy,batch-null-calibration,14850048511963532550,14712042705048416058,5446888167525631722,0.25057239999296144,,,batch-null-calibration-20260821-001
calibration,65,5,0.05279397115962121,0.595,null_statistics/batch-65-replication-5.npy,batch-null-calibration,181688614655241100,17348724193985079909,2381807470513612809,0.25189980000141077,,,batch-null-calibration-20260821-001
calibration,65,6,0.06542761283770451,0.225,null_statistics/batch-65-replication-6.npy,batch-null-calibration,3113094512088828818,286936552566482709,16104432075056239722,0.2534851000091294,,,batch-null-calibration-20260821-001
calibration,65,7,0.0521274432896388,0.51,null_statistics/batch-65-replication-7.npy,batch-null-calibration,10743793018273572717,11168277732967562954,6725927925695605537,0.2553890999988653,,,batch-null-calibration-20260821-001
calibration,65,8,0.03800929060338499,0.99,null_statistics/batch-65-replication-8.npy,batch-null-calibration,781106646494596351,6808548070729413902,16573405851573373302,0.2554934000072535,,,batch-null-calibration-20260821-001
calibration,65,9,0.05446523275346087,0.445,null_statistics/batch-65-replication-9.npy,batch-null-calibration,8947450355803725658,12929827341075921493,17353903727279327492,0.25378090000594966,,,batch-null-calibration-20260821-001
calibration,66,0,0.05347878693264152,0.48,null_statistics/batch-66-replication-0.npy,batch-null-calibration,15337972588572436439,12609612292176873969,2154080898902107498,0.2520322999916971,,,batch-null-calibration-20260821-001
calibration,66,1,0.053256531367122446,0.475,null_statistics/batch-66-replication-1.npy,batch-null-calibration,9004748401204406546,17795227625756679516,13739127837139783142,0.2544007000105921,,,batch-null-calibration-20260821-001
calibration,66,2,0.05374144039763803,0.43,null_statistics/batch-66-replication-2.npy,batch-null-calibration,3461123003911833271,12613328616648185185,2260075934903143719,0.2531909999961499,,,batch-null-calibration-20260821-001
calibration,66,3,0.05750286197282211,0.325,null_statistics/batch-66-replication-3.npy,batch-null-calibration,18200430913639766943,1024959158203394527,7711623317645036398,0.2543922000040766,,,batch-null-calibration-20260821-001
calibration,66,4,0.055711804003977815,0.395,null_statistics/batch-66-replication-4.npy,batch-null-calibration,13857864688353465030,10437999975746194085,7111891722872157671,0.2517141999996966,,,batch-null-calibration-20260821-001
calibration,66,5,0.04188391092696466,0.92,null_statistics/batch-66-replication-5.npy,batch-null-calibration,11464843145171410764,10139110904606151637,8128589277199563041,0.2573010000050999,,,batch-null-calibration-20260821-001
calibration,66,6,0.05708120048590584,0.36,null_statistics/batch-66-replication-6.npy,batch-null-calibration,12802881188806120103,17424932241314435618,6743335116643935456,0.250446699996246,,,batch-null-calibration-20260821-001
calibration,66,7,0.055143242074840296,0.405,null_statistics/batch-66-replication-7.npy,batch-null-calibration,292951784902370375,5393263903995279625,2571038792589146434,0.25026630000502337,,,batch-null-calibration-20260821-001
calibration,66,8,0.06320517101259286,0.195,null_statistics/batch-66-replication-8.npy,batch-null-calibration,168289664020247828,7525920072877513761,4324265676128032254,0.2500593999866396,,,batch-null-calibration-20260821-001
calibration,66,9,0.07595775691180698,0.05,null_statistics/batch-66-replication-9.npy,batch-null-calibration,17582205796278956288,13337173359141823454,1798678110870617684,0.25448480001068674,,,batch-null-calibration-20260821-001
calibration,67,0,0.07097994494762479,0.08,null_statistics/batch-67-replication-0.npy,batch-null-calibration,12527156849187147764,2846047672328660929,15333943102256312205,0.2528492000128608,,,batch-null-calibration-20260821-001
calibration,67,1,0.048362344394743476,0.625,null_statistics/batch-67-replication-1.npy,batch-null-calibration,315813923816996813,3149343761783857258,6104285470073948092,0.26053590000083204,,,batch-null-calibration-20260821-001
calibration,67,2,0.05002881199010705,0.61,null_statistics/batch-67-replication-2.npy,batch-null-calibration,7237674757323500839,7754392561076193883,2694248851336806783,0.27193039999110624,,,batch-null-calibration-20260821-001
calibration,67,3,0.04780257161408835,0.71,null_statistics/batch-67-replication-3.npy,batch-null-calibration,4885102331770032767,946106672401006370,7989026205917728356,0.2517478999943705,,,batch-null-calibration-20260821-001
calibration,67,4,0.07825464537405814,0.03,null_statistics/batch-67-replication-4.npy,batch-null-calibration,2882993549924026612,6036367244165441316,4122856980720426533,0.24983510001038667,,,batch-null-calibration-20260821-001
calibration,67,5,0.047995216741383614,0.745,null_statistics/batch-67-replication-5.npy,batch-null-calibration,15745240050730087100,3346696113445272659,18050981738394316126,0.25680770000326447,,,batch-null-calibration-20260821-001
calibration,67,6,0.05469478066914706,0.42,null_statistics/batch-67-replication-6.npy,batch-null-calibration,16217455926973585560,703211478181195384,6997908822628507104,0.2685749000083888,,,batch-null-calibration-20260821-001
calibration,67,7,0.04155380242058235,0.945,null_statistics/batch-67-replication-7.npy,batch-null-calibration,7052052093808881260,15684011653679185450,6767685636905924280,0.25810000000637956,,,batch-null-calibration-20260821-001
calibration,67,8,0.04996862309909273,0.63,null_statistics/batch-67-replication-8.npy,batch-null-calibration,577547288355830189,276980984665068643,14148962201660779145,0.2537956000014674,,,batch-null-calibration-20260821-001
calibration,67,9,0.040749812738377335,0.95,null_statistics/batch-67-replication-9.npy,batch-null-calibration,17933790046024297483,8356831442603388549,3752455668628730358,0.25102890000562184,,,batch-null-calibration-20260821-001
calibration,68,0,0.05163500053675233,0.545,null_statistics/batch-68-replication-0.npy,batch-null-calibration,15174520300117348522,9406301829434032765,8877848081921646577,0.25142100000812206,,,batch-null-calibration-20260821-001
calibration,68,1,0.0581780967730606,0.285,null_statistics/batch-68-replication-1.npy,batch-null-calibration,4794306841750185841,8771423760022102838,13361645200614552681,0.2523145999875851,,,batch-null-calibration-20260821-001
calibration,68,2,0.04022434218088491,0.95,null_statistics/batch-68-replication-2.npy,batch-null-calibration,14483325413608715847,10300876154705327655,6006365927309442392,0.2516464000073029,,,batch-null-calibration-20260821-001
calibration,68,3,0.04102885972475856,0.895,null_statistics/batch-68-replication-3.npy,batch-null-calibration,7822604668885343445,1286608275915981954,6344274016755714853,0.25066570000490174,,,batch-null-calibration-20260821-001
calibration,68,4,0.050910087263426565,0.58,null_statistics/batch-68-replication-4.npy,batch-null-calibration,17093407750870428747,9079074737838604196,5893917011595341135,0.2532627000036882,,,batch-null-calibration-20260821-001
calibration,68,5,0.05388800545065289,0.435,null_statistics/batch-68-replication-5.npy,batch-null-calibration,17118455039598182406,14427754272971510455,6645114651715972648,0.25068960001226515,,,batch-null-calibration-20260821-001
calibration,68,6,0.04326099890483679,0.92,null_statistics/batch-68-replication-6.npy,batch-null-calibration,14985955455545390576,12432853589669021130,17610265198983613209,0.2520258000004105,,,batch-null-calibration-20260821-001
calibration,68,7,0.05910439768823527,0.31,null_statistics/batch-68-replication-7.npy,batch-null-calibration,17038989938276066422,1061018634379600488,17278506657246768206,0.2522991000005277,,,batch-null-calibration-20260821-001
calibration,68,8,0.0571491244261882,0.355,null_statistics/batch-68-replication-8.npy,batch-null-calibration,7236880510818955057,8090002177039052178,13598185039624720466,0.252992700014147,,,batch-null-calibration-20260821-001
calibration,68,9,0.059664195295650854,0.28,null_statistics/batch-68-replication-9.npy,batch-null-calibration,12597024103606293307,10614232187303888950,485014600856824062,0.25978350000514183,,,batch-null-calibration-20260821-001
calibration,69,0,0.06294524925449414,0.185,null_statistics/batch-69-replication-0.npy,batch-null-calibration,3959327653109346062,9442443060735560128,11313505743051374307,0.25437280000187457,,,batch-null-calibration-20260821-001
calibration,69,1,0.06825154962151629,0.12,null_statistics/batch-69-replication-1.npy,batch-null-calibration,6895966736714149666,10757076244009885200,15231311959429203188,0.25251390000630636,,,batch-null-calibration-20260821-001
calibration,69,2,0.048888759902754556,0.7,null_statistics/batch-69-replication-2.npy,batch-null-calibration,10434310088785655096,9102976829769996179,14382589183582205134,0.2519503000075929,,,batch-null-calibration-20260821-001
calibration,69,3,0.06001962930237076,0.24,null_statistics/batch-69-replication-3.npy,batch-null-calibration,15774516707117492036,18024967995793537018,4796043558143551002,0.253875300011714,,,batch-null-calibration-20260821-001
calibration,69,4,0.04951397032902919,0.66,null_statistics/batch-69-replication-4.npy,batch-null-calibration,13437177810503141702,9822150569911744434,17596020542056593998,0.2520642999879783,,,batch-null-calibration-20260821-001
calibration,69,5,0.07590433053881934,0.075,null_statistics/batch-69-replication-5.npy,batch-null-calibration,5720556103965545108,18181190653547128227,16420365914103913631,0.2527009000041289,,,batch-null-calibration-20260821-001
calibration,69,6,0.04249678004524764,0.925,null_statistics/batch-69-replication-6.npy,batch-null-calibration,12161333141005070321,1768963579959190584,3352476542030529633,0.25203740000142716,,,batch-null-calibration-20260821-001
calibration,69,7,0.056615316546922985,0.385,null_statistics/batch-69-replication-7.npy,batch-null-calibration,10521950243587558110,16048391076367860896,2001042421627574636,0.2548361999943154,,,batch-null-calibration-20260821-001
calibration,69,8,0.04713235803169287,0.775,null_statistics/batch-69-replication-8.npy,batch-null-calibration,12577770048294775477,5456338504873570541,11241764867256125440,0.2624525999999605,,,batch-null-calibration-20260821-001
calibration,69,9,0.048738355873682845,0.71,null_statistics/batch-69-replication-9.npy,batch-null-calibration,2511049762868060399,12873951709220908571,9652434057448191539,0.2641494999988936,,,batch-null-calibration-20260821-001
calibration,70,0,0.06477965285677664,0.165,null_statistics/batch-70-replication-0.npy,batch-null-calibration,16524738389177540911,13206744398086966394,13840159037285155729,0.2536986000050092,,,batch-null-calibration-20260821-001
calibration,70,1,0.06470106329370283,0.19,null_statistics/batch-70-replication-1.npy,batch-null-calibration,15126473261865801019,2298513549538655615,4548118119677590942,0.2559731999936048,,,batch-null-calibration-20260821-001
calibration,70,2,0.050079620951742856,0.66,null_statistics/batch-70-replication-2.npy,batch-null-calibration,2831519437317127383,8878687234942054911,14735152439508360467,0.25178810000943486,,,batch-null-calibration-20260821-001
calibration,70,3,0.0651035165552805,0.17,null_statistics/batch-70-replication-3.npy,batch-null-calibration,2022688039927616100,4532060397035907506,9502126325104062236,0.2564822999993339,,,batch-null-calibration-20260821-001
calibration,70,4,0.04716430702935868,0.79,null_statistics/batch-70-replication-4.npy,batch-null-calibration,1249635029291633119,6189811553307675307,17856489081899987291,0.2741894999926444,,,batch-null-calibration-20260821-001
calibration,70,5,0.04737998478592087,0.71,null_statistics/batch-70-replication-5.npy,batch-null-calibration,16964073278141274106,12925766738738620467,9469991190537145550,0.26694339999812655,,,batch-null-calibration-20260821-001
calibration,70,6,0.04231563167673191,0.875,null_statistics/batch-70-replication-6.npy,batch-null-calibration,13663071208066833437,11356272553893393068,12399514621397413867,0.25741579999157693,,,batch-null-calibration-20260821-001
calibration,70,7,0.0453350926544317,0.785,null_statistics/batch-70-replication-7.npy,batch-null-calibration,5121152478530778692,2085953579323302673,7892517509094165639,0.2532066000130726,,,batch-null-calibration-20260821-001
calibration,70,8,0.059843622839224404,0.305,null_statistics/batch-70-replication-8.npy,batch-null-calibration,3393017611883604587,17834158398904106559,5311619061064402074,0.2608764000033261,,,batch-null-calibration-20260821-001
calibration,70,9,0.05670775087647627,0.335,null_statistics/batch-70-replication-9.npy,batch-null-calibration,13169982722936261674,8874835828947182773,17873922532542187940,0.25505360000533983,,,batch-null-calibration-20260821-001
calibration,71,0,0.05515301087580022,0.4,null_statistics/batch-71-replication-0.npy,batch-null-calibration,14718340837558531862,14470462154472067361,8849601661245771914,0.25230819999706,,,batch-null-calibration-20260821-001
calibration,71,1,0.04024194927837648,0.975,null_statistics/batch-71-replication-1.npy,batch-null-calibration,6455640291035736419,316844605846614173,16215359648270937556,0.25428930000634864,,,batch-null-calibration-20260821-001
calibration,71,2,0.05798675864805955,0.34,null_statistics/batch-71-replication-2.npy,batch-null-calibration,8132436032622500243,8408835502652852689,5637757581395443989,0.2531116999889491,,,batch-null-calibration-20260821-001
calibration,71,3,0.05471495317807438,0.435,null_statistics/batch-71-replication-3.npy,batch-null-calibration,18152364254873364132,1429590376907267122,9695918422125826247,0.25954620000266004,,,batch-null-calibration-20260821-001
calibration,71,4,0.04754580705141927,0.68,null_statistics/batch-71-replication-4.npy,batch-null-calibration,7810204969212963997,9123375087113869300,12375586796879085285,0.2262235999951372,,,batch-null-calibration-20260821-001
calibration,71,5,0.05831373222088544,0.345,null_statistics/batch-71-replication-5.npy,batch-null-calibration,15218779464613771506,8171508162270558467,15088949686415957919,0.2537334000080591,,,batch-null-calibration-20260821-001
calibration,71,6,0.04330144987688467,0.9,null_statistics/batch-71-replication-6.npy,batch-null-calibration,7489685802636332090,9709712328188131467,17054619956610575213,0.2563936999940779,,,batch-null-calibration-20260821-001
calibration,71,7,0.061656704890974474,0.185,null_statistics/batch-71-replication-7.npy,batch-null-calibration,17134355729512205949,13580922530282620810,14207069397270811008,0.2566070999891963,,,batch-null-calibration-20260821-001
calibration,71,8,0.05453795129066126,0.445,null_statistics/batch-71-replication-8.npy,batch-null-calibration,4300210564643274449,1026244094281504173,10899178850856425724,0.2570562000037171,,,batch-null-calibration-20260821-001
calibration,71,9,0.05396263231760182,0.505,null_statistics/batch-71-replication-9.npy,batch-null-calibration,2555926163021598136,11663328537121006094,2242195940645531915,0.25560849999601487,,,batch-null-calibration-20260821-001
calibration,72,0,0.05861987283759274,0.285,null_statistics/batch-72-replication-0.npy,batch-null-calibration,4178102439111418016,7726244365117342631,5120107240868393301,0.2573487999907229,,,batch-null-calibration-20260821-001
calibration,72,1,0.06374209098940564,0.145,null_statistics/batch-72-replication-1.npy,batch-null-calibration,10891893821608309154,8025684841948838873,16453962562911209575,0.2563783999939915,,,batch-null-calibration-20260821-001
calibration,72,2,0.04963941581716985,0.645,null_statistics/batch-72-replication-2.npy,batch-null-calibration,10278619855815540422,16483185830687563982,15395370516168910129,0.25492199999280274,,,batch-null-calibration-20260821-001
calibration,72,3,0.05929635106405459,0.29,null_statistics/batch-72-replication-3.npy,batch-null-calibration,10698485928960545655,966948128305685444,12195033241803365764,0.2519904999935534,,,batch-null-calibration-20260821-001
calibration,72,4,0.057278517237780165,0.34,null_statistics/batch-72-replication-4.npy,batch-null-calibration,11863059391996370838,11389904992367688664,1580224257771477364,0.2529623000009451,,,batch-null-calibration-20260821-001
calibration,72,5,0.03943087121923187,0.955,null_statistics/batch-72-replication-5.npy,batch-null-calibration,14680668393440581880,14956956325796760261,2179371954851371682,0.251448299997719,,,batch-null-calibration-20260821-001
calibration,72,6,0.07094112617384223,0.13,null_statistics/batch-72-replication-6.npy,batch-null-calibration,15448117360012713527,10051556346330268440,3582944791015003261,0.2664952000050107,,,batch-null-calibration-20260821-001
calibration,72,7,0.04727954790010564,0.72,null_statistics/batch-72-replication-7.npy,batch-null-calibration,13150531338526956960,12837718522866621464,3830585127054467234,0.283592799998587,,,batch-null-calibration-20260821-001
calibration,72,8,0.06000830491314512,0.255,null_statistics/batch-72-replication-8.npy,batch-null-calibration,9785270940847351953,1227068209065804587,14423820563738287603,0.2543073999986518,,,batch-null-calibration-20260821-001
calibration,72,9,0.04881018892222224,0.68,null_statistics/batch-72-replication-9.npy,batch-null-calibration,1838301274985381154,3337997218601195055,1107907218705348511,0.2517909000016516,,,batch-null-calibration-20260821-001
calibration,73,0,0.07495696925203363,0.07,null_statistics/batch-73-replication-0.npy,batch-null-calibration,11488977550923532988,4453143166036710519,14698839537940815439,0.2537284999998519,,,batch-null-calibration-20260821-001
calibration,73,1,0.08979886247123126,0.02,null_statistics/batch-73-replication-1.npy,batch-null-calibration,2648688292369005680,15636837816706983346,7961661672938104937,0.2505654999986291,,,batch-null-calibration-20260821-001
calibration,73,2,0.05553456996706109,0.505,null_statistics/batch-73-replication-2.npy,batch-null-calibration,13535720690354638059,6625390666734952662,10683594835810608111,0.2558636000030674,,,batch-null-calibration-20260821-001
calibration,73,3,0.04315503869269271,0.895,null_statistics/batch-73-replication-3.npy,batch-null-calibration,7062797572569281603,13009180560269989394,4984243323389814954,0.25749450000876095,,,batch-null-calibration-20260821-001
calibration,73,4,0.05502435764360174,0.43,null_statistics/batch-73-replication-4.npy,batch-null-calibration,12724000414555472509,14297131360450438973,13537593791368571774,0.26117809998686425,,,batch-null-calibration-20260821-001
calibration,73,5,0.04554747037202354,0.84,null_statistics/batch-73-replication-5.npy,batch-null-calibration,322749878288582265,10644120191526538152,7241815114535916962,0.2660373999970034,,,batch-null-calibration-20260821-001
calibration,73,6,0.04937572465110845,0.645,null_statistics/batch-73-replication-6.npy,batch-null-calibration,17730919591476422831,10577053250999680131,1656828026510158824,0.2773769000050379,,,batch-null-calibration-20260821-001
calibration,73,7,0.07305377081112674,0.065,null_statistics/batch-73-replication-7.npy,batch-null-calibration,15546156873131589394,9607379496035355723,715545236047178374,0.27497469999070745,,,batch-null-calibration-20260821-001
calibration,73,8,0.050753210748534824,0.665,null_statistics/batch-73-replication-8.npy,batch-null-calibration,5241811299624940204,3130665751448549367,10742710993175766935,0.26983499999914784,,,batch-null-calibration-20260821-001
calibration,73,9,0.0343471333969329,1.0,null_statistics/batch-73-replication-9.npy,batch-null-calibration,13871538250990629964,9913860412352350442,17249301530035822799,0.26276050000160467,,,batch-null-calibration-20260821-001
calibration,74,0,0.05681057713423811,0.435,null_statistics/batch-74-replication-0.npy,batch-null-calibration,12100455294001989756,11282927233487114243,10476722215345281350,0.2706618999945931,,,batch-null-calibration-20260821-001
calibration,74,1,0.043550913074022986,0.89,null_statistics/batch-74-replication-1.npy,batch-null-calibration,12145046717941712705,8353266347401162966,17190951668085441422,0.2657536000042455,,,batch-null-calibration-20260821-001
calibration,74,2,0.05692428576747906,0.355,null_statistics/batch-74-replication-2.npy,batch-null-calibration,12411343090892129239,4018395822571138989,13685093567811610164,0.2520312999986345,,,batch-null-calibration-20260821-001
calibration,74,3,0.05998694188923885,0.295,null_statistics/batch-74-replication-3.npy,batch-null-calibration,3891291257679573101,18207780681935136930,5546669480437617561,0.25593579999986105,,,batch-null-calibration-20260821-001
calibration,74,4,0.03998172661325203,0.94,null_statistics/batch-74-replication-4.npy,batch-null-calibration,7694357773131586420,9509571274686097242,15571492537143169187,0.252340599996387,,,batch-null-calibration-20260821-001
calibration,74,5,0.05811428118676013,0.31,null_statistics/batch-74-replication-5.npy,batch-null-calibration,11484153184614820504,14431109754575193031,13694497532198313853,0.25369350000983104,,,batch-null-calibration-20260821-001
calibration,74,6,0.05061085973017621,0.6,null_statistics/batch-74-replication-6.npy,batch-null-calibration,8151098713818704181,23566498982674530,14735544966665522456,0.25439299999561626,,,batch-null-calibration-20260821-001
calibration,74,7,0.05529874024834999,0.375,null_statistics/batch-74-replication-7.npy,batch-null-calibration,1195934470161462874,819290115973133699,9119458601103762506,0.2508681999897817,,,batch-null-calibration-20260821-001
calibration,74,8,0.05864250368784034,0.35,null_statistics/batch-74-replication-8.npy,batch-null-calibration,2558015328496106426,14441138792023380399,8045671229372939011,0.2617625999992015,,,batch-null-calibration-20260821-001
calibration,74,9,0.06082410647712929,0.225,null_statistics/batch-74-replication-9.npy,batch-null-calibration,13787217644569400102,7701380379651372888,15699511737233993437,0.255640699993819,,,batch-null-calibration-20260821-001
calibration,75,0,0.05986437281331792,0.285,null_statistics/batch-75-replication-0.npy,batch-null-calibration,5943286379334401451,8086179386414030210,15351599174603264689,0.24918549999711104,,,batch-null-calibration-20260821-001
calibration,75,1,0.05980345110761069,0.255,null_statistics/batch-75-replication-1.npy,batch-null-calibration,14393077803368388758,2730171100834088616,13545724465668234400,0.25035729999945033,,,batch-null-calibration-20260821-001
calibration,75,2,0.056851389024205654,0.415,null_statistics/batch-75-replication-2.npy,batch-null-calibration,7645447241334351330,2413458013457192153,636574412053989310,0.25330270000267774,,,batch-null-calibration-20260821-001
calibration,75,3,0.053338479948624194,0.495,null_statistics/batch-75-replication-3.npy,batch-null-calibration,16228540419069273563,4195576562010690604,5465318300811448473,0.26404700000421144,,,batch-null-calibration-20260821-001
calibration,75,4,0.07777702412726986,0.055,null_statistics/batch-75-replication-4.npy,batch-null-calibration,5767162693259342072,8495013382002687341,242505269254940067,0.26186569999845233,,,batch-null-calibration-20260821-001
calibration,75,5,0.07144352328182257,0.085,null_statistics/batch-75-replication-5.npy,batch-null-calibration,8228658185362358435,13225340097563290046,11410367179916989866,0.2525427999935346,,,batch-null-calibration-20260821-001
calibration,75,6,0.05053657645453236,0.655,null_statistics/batch-75-replication-6.npy,batch-null-calibration,4392228163162641763,6974267709301988392,5127686215134429194,0.25390840000181925,,,batch-null-calibration-20260821-001
calibration,75,7,0.0648285204701199,0.15,null_statistics/batch-75-replication-7.npy,batch-null-calibration,4095808639513458507,9958637634206587893,2039914208939966944,0.2569542999990517,,,batch-null-calibration-20260821-001
calibration,75,8,0.06237869982900299,0.175,null_statistics/batch-75-replication-8.npy,batch-null-calibration,13254993378469473613,17223756644501112750,769238518353798701,0.25705690000904724,,,batch-null-calibration-20260821-001
calibration,75,9,0.05361330259646151,0.53,null_statistics/batch-75-replication-9.npy,batch-null-calibration,16099651001357658573,639131424352981805,12541210201740990512,0.252574199999799,,,batch-null-calibration-20260821-001
calibration,76,0,0.04991692284194413,0.605,null_statistics/batch-76-replication-0.npy,batch-null-calibration,2922370985006984536,15980787458503290058,11957188916720381855,0.25329760000749957,,,batch-null-calibration-20260821-001
calibration,76,1,0.057508266996977475,0.4,null_statistics/batch-76-replication-1.npy,batch-null-calibration,17558655478093680247,18130063061891559267,6513329325005219857,0.2527532000094652,,,batch-null-calibration-20260821-001
calibration,76,2,0.043195347516942074,0.875,null_statistics/batch-76-replication-2.npy,batch-null-calibration,3283062932514101740,2547122636081897353,6540359746676008356,0.25371060000907164,,,batch-null-calibration-20260821-001
calibration,76,3,0.06371144795279747,0.19,null_statistics/batch-76-replication-3.npy,batch-null-calibration,9757438625758308075,16306887682435599483,9151633494852296352,0.2542200000025332,,,batch-null-calibration-20260821-001
calibration,76,4,0.061335716263896105,0.225,null_statistics/batch-76-replication-4.npy,batch-null-calibration,3994367528229425459,7820637627525160190,6396877155429582381,0.25685900000098627,,,batch-null-calibration-20260821-001
calibration,76,5,0.047378602316602465,0.765,null_statistics/batch-76-replication-5.npy,batch-null-calibration,14306605289318648912,17200299218245485204,8294880185730948438,0.25541519999387674,,,batch-null-calibration-20260821-001
calibration,76,6,0.06608906753982388,0.18,null_statistics/batch-76-replication-6.npy,batch-null-calibration,15147379644198907875,7903606628138039523,6412064227312255795,0.2564637000032235,,,batch-null-calibration-20260821-001
calibration,76,7,0.0430579965768052,0.91,null_statistics/batch-76-replication-7.npy,batch-null-calibration,5229771482670030939,13778140327121316245,6386272991407650067,0.2673155999946175,,,batch-null-calibration-20260821-001
calibration,76,8,0.05186179225144609,0.545,null_statistics/batch-76-replication-8.npy,batch-null-calibration,14648685067320218866,2473186349514412403,2271857373675480094,0.2603008000005502,,,batch-null-calibration-20260821-001
calibration,76,9,0.041870106914651546,0.87,null_statistics/batch-76-replication-9.npy,batch-null-calibration,4179521044197098754,15353471951771754671,7349923474054185855,0.25851410000177566,,,batch-null-calibration-20260821-001
calibration,77,0,0.0843986916541375,0.025,null_statistics/batch-77-replication-0.npy,batch-null-calibration,8087176915831753891,2080947614643081965,7003106346179391983,0.2632459999877028,,,batch-null-calibration-20260821-001
calibration,77,1,0.05448840216002005,0.495,null_statistics/batch-77-replication-1.npy,batch-null-calibration,5071368231908817827,16613675304975177809,17406502002483480151,0.2607542000041576,,,batch-null-calibration-20260821-001
calibration,77,2,0.08123895310860632,0.035,null_statistics/batch-77-replication-2.npy,batch-null-calibration,15951455627310144591,12401089130100488110,16108338492472688172,0.2604864000022644,,,batch-null-calibration-20260821-001
calibration,77,3,0.04940121526822846,0.715,null_statistics/batch-77-replication-3.npy,batch-null-calibration,12823645069164345255,2542321648957966203,14144151277860057959,0.25886040000477806,,,batch-null-calibration-20260821-001
calibration,77,4,0.03586751468329741,0.99,null_statistics/batch-77-replication-4.npy,batch-null-calibration,17345095887638435813,3282074205464802993,13799302577687467389,0.25682850000157487,,,batch-null-calibration-20260821-001
calibration,77,5,0.0604604516216344,0.26,null_statistics/batch-77-replication-5.npy,batch-null-calibration,9322081776014391605,4143215174695399672,9625096962873784222,0.2579853999923216,,,batch-null-calibration-20260821-001
calibration,77,6,0.07597881461815807,0.055,null_statistics/batch-77-replication-6.npy,batch-null-calibration,15071642624144333786,13666198265644519329,3961602286551354739,0.3121759999921778,,,batch-null-calibration-20260821-001
calibration,77,7,0.04819472352747346,0.685,null_statistics/batch-77-replication-7.npy,batch-null-calibration,4695482854442862964,3128358180939107476,16702868002490777737,0.281654599995818,,,batch-null-calibration-20260821-001
calibration,77,8,0.054673853092005044,0.475,null_statistics/batch-77-replication-8.npy,batch-null-calibration,16526375586413055888,15299234078600619116,126385259979620097,0.27272189999348484,,,batch-null-calibration-20260821-001
calibration,77,9,0.04956781044974215,0.62,null_statistics/batch-77-replication-9.npy,batch-null-calibration,13082148821724581039,11213650869874850580,3854412387988251900,0.2584777000010945,,,batch-null-calibration-20260821-001
calibration,78,0,0.05294213635338133,0.54,null_statistics/batch-78-replication-0.npy,batch-null-calibration,302435606448399975,24896883584002730,2900031690442030129,0.25460330001078546,,,batch-null-calibration-20260821-001
calibration,78,1,0.044864530467757534,0.85,null_statistics/batch-78-replication-1.npy,batch-null-calibration,2844524221594980598,6249337639701845247,1922581384836030685,0.2532314999989467,,,batch-null-calibration-20260821-001
calibration,78,2,0.06590775879725473,0.125,null_statistics/batch-78-replication-2.npy,batch-null-calibration,3372897101301877471,13633960352073788650,2332688843640140291,0.25728600000729784,,,batch-null-calibration-20260821-001
calibration,78,3,0.050447904889754765,0.585,null_statistics/batch-78-replication-3.npy,batch-null-calibration,3685036921682945332,14359337830217512883,13459069271783578277,0.25465029999031685,,,batch-null-calibration-20260821-001
calibration,78,4,0.06714401244045283,0.125,null_statistics/batch-78-replication-4.npy,batch-null-calibration,12009213672145006468,9788575633443413952,13482936816417227918,0.25491950000287034,,,batch-null-calibration-20260821-001
calibration,78,5,0.059948720014652436,0.295,null_statistics/batch-78-replication-5.npy,batch-null-calibration,14180480817730943348,1512845234974627263,7245120392944612966,0.2602587000001222,,,batch-null-calibration-20260821-001
calibration,78,6,0.04220587686740529,0.935,null_statistics/batch-78-replication-6.npy,batch-null-calibration,15278467988667897020,9481762038778819927,4512387652479065757,0.2890408000093885,,,batch-null-calibration-20260821-001
calibration,78,7,0.04715810664740405,0.73,null_statistics/batch-78-replication-7.npy,batch-null-calibration,4794513994355224363,8507023206902158173,11620985299487078597,0.2673563999996986,,,batch-null-calibration-20260821-001
calibration,78,8,0.05858399922152262,0.32,null_statistics/batch-78-replication-8.npy,batch-null-calibration,18333643061227970149,13770366578765662056,3120819296025660401,0.25832059999811463,,,batch-null-calibration-20260821-001
calibration,78,9,0.0567987796771583,0.35,null_statistics/batch-78-replication-9.npy,batch-null-calibration,11147403590620775971,6598744069586236408,3679351026891765613,0.24605639999208506,,,batch-null-calibration-20260821-001
calibration,79,0,0.05108812760553104,0.575,null_statistics/batch-79-replication-0.npy,batch-null-calibration,12666367454978364353,7644435296839245230,5815530257835136776,0.25277960000676103,,,batch-null-calibration-20260821-001
calibration,79,1,0.041351400136098906,0.95,null_statistics/batch-79-replication-1.npy,batch-null-calibration,16098938111620016684,9151096061711479589,11700438436576411661,0.2582079999992857,,,batch-null-calibration-20260821-001
calibration,79,2,0.05014555218564419,0.605,null_statistics/batch-79-replication-2.npy,batch-null-calibration,1658142366704705124,2463749555376683303,3684022687637504737,0.26799180000671186,,,batch-null-calibration-20260821-001
calibration,79,3,0.055751222942620124,0.42,null_statistics/batch-79-replication-3.npy,batch-null-calibration,9878851167053674775,10259605456959731050,14320646705711891439,0.21402889999444596,,,batch-null-calibration-20260821-001
calibration,79,4,0.055839782094793004,0.435,null_statistics/batch-79-replication-4.npy,batch-null-calibration,17508188889922661310,6100805832059161307,10736227749714179472,0.24707779999880586,,,batch-null-calibration-20260821-001
calibration,79,5,0.08300501553177243,0.03,null_statistics/batch-79-replication-5.npy,batch-null-calibration,12678594672912808848,13053787228124994915,8112775663228953762,0.24394530001154635,,,batch-null-calibration-20260821-001
calibration,79,6,0.05254433361690155,0.555,null_statistics/batch-79-replication-6.npy,batch-null-calibration,6956492006319428992,12678464631353996632,6671549527109597564,0.25238079999689944,,,batch-null-calibration-20260821-001
calibration,79,7,0.05784628636683549,0.335,null_statistics/batch-79-replication-7.npy,batch-null-calibration,7719054983232741671,6339461162650784810,14830055754754486193,0.2564520000014454,,,batch-null-calibration-20260821-001
calibration,79,8,0.0497805133757654,0.625,null_statistics/batch-79-replication-8.npy,batch-null-calibration,94020318463554320,17818009138212037544,8764166867254331703,0.26278679999813903,,,batch-null-calibration-20260821-001
calibration,79,9,0.05591066967013481,0.43,null_statistics/batch-79-replication-9.npy,batch-null-calibration,13500412136883539050,18242393571923444240,718392516258965152,0.2451430000073742,,,batch-null-calibration-20260821-001
calibration,80,0,0.04693871106635171,0.775,null_statistics/batch-80-replication-0.npy,batch-null-calibration,2037912921968357427,17865621154335698731,14924499004846188502,0.22358379999059252,,,batch-null-calibration-20260821-001
calibration,80,1,0.05305334395900484,0.58,null_statistics/batch-80-replication-1.npy,batch-null-calibration,991617503152846803,7441163337351909623,7536631042377965754,0.24366559999180026,,,batch-null-calibration-20260821-001
calibration,80,2,0.08156285457922602,0.055,null_statistics/batch-80-replication-2.npy,batch-null-calibration,11963253093132650784,3657282441111880085,14848438602041615595,0.24235730001237243,,,batch-null-calibration-20260821-001
calibration,80,3,0.053382962926958086,0.51,null_statistics/batch-80-replication-3.npy,batch-null-calibration,6471433998679641552,2571598275048201277,15852541098762853921,0.24415240000234917,,,batch-null-calibration-20260821-001
calibration,80,4,0.04924719388131945,0.63,null_statistics/batch-80-replication-4.npy,batch-null-calibration,7787865298716605050,11875801551188515588,10162979183342649482,0.24301869999908376,,,batch-null-calibration-20260821-001
calibration,80,5,0.05391816015585695,0.42,null_statistics/batch-80-replication-5.npy,batch-null-calibration,5404041107123036109,8578286019808622804,1211347335108336790,0.25639220001176,,,batch-null-calibration-20260821-001
calibration,80,6,0.07632290187179597,0.065,null_statistics/batch-80-replication-6.npy,batch-null-calibration,12935504853673561017,14312995948209373377,4849835805903000349,0.26098360000469256,,,batch-null-calibration-20260821-001
calibration,80,7,0.06537437473951162,0.17,null_statistics/batch-80-replication-7.npy,batch-null-calibration,15180364673213124137,11883271981830577598,8714660915222632065,0.2555504000047222,,,batch-null-calibration-20260821-001
calibration,80,8,0.05953691985292984,0.31,null_statistics/batch-80-replication-8.npy,batch-null-calibration,11621714564655812100,7174620886539337270,11745995038064486722,0.3598730999947293,,,batch-null-calibration-20260821-001
calibration,80,9,0.05533009888599537,0.435,null_statistics/batch-80-replication-9.npy,batch-null-calibration,18040502402302494102,1938889548514241801,5573998646463437029,0.2531719999969937,,,batch-null-calibration-20260821-001
calibration,81,0,0.05120563602620142,0.62,null_statistics/batch-81-replication-0.npy,batch-null-calibration,6128529292965917705,9540022849119851170,13744073684210639786,0.25598899999749847,,,batch-null-calibration-20260821-001
calibration,81,1,0.05234329696370381,0.525,null_statistics/batch-81-replication-1.npy,batch-null-calibration,6223957542196314531,15825550287652334104,16768847218160446678,0.2727794999955222,,,batch-null-calibration-20260821-001
calibration,81,2,0.04901178592361217,0.65,null_statistics/batch-81-replication-2.npy,batch-null-calibration,5056750651791568285,15578351682340222331,45072653947616828,0.27147800000966527,,,batch-null-calibration-20260821-001
calibration,81,3,0.05968336014388633,0.285,null_statistics/batch-81-replication-3.npy,batch-null-calibration,11958263006833906044,15504250690063531150,5458388378271264993,0.27483850000135135,,,batch-null-calibration-20260821-001
calibration,81,4,0.06815909048702082,0.095,null_statistics/batch-81-replication-4.npy,batch-null-calibration,9030591631217757879,6692454120727890603,18370311360671321585,0.2793270999973174,,,batch-null-calibration-20260821-001
calibration,81,5,0.051922383472735416,0.57,null_statistics/batch-81-replication-5.npy,batch-null-calibration,2500900545106029017,2548074859613283903,14442992178100277147,0.2784130000072764,,,batch-null-calibration-20260821-001
calibration,81,6,0.04123889590078791,0.925,null_statistics/batch-81-replication-6.npy,batch-null-calibration,13472796742506152568,12292992369988364582,3812798687373294332,0.2761385000048904,,,batch-null-calibration-20260821-001
calibration,81,7,0.06010529852205291,0.25,null_statistics/batch-81-replication-7.npy,batch-null-calibration,14843666685638433124,11379884938519531772,3853739466075604070,0.25540840000030585,,,batch-null-calibration-20260821-001
calibration,81,8,0.05467409207229777,0.475,null_statistics/batch-81-replication-8.npy,batch-null-calibration,6435653869293816476,4315039156942985857,10956177052879369657,0.250057299999753,,,batch-null-calibration-20260821-001
calibration,81,9,0.05506331017511423,0.405,null_statistics/batch-81-replication-9.npy,batch-null-calibration,13124392616865167013,190500492456401625,7412223032762706904,0.2523535000073025,,,batch-null-calibration-20260821-001
calibration,82,0,0.06904968997007382,0.07,null_statistics/batch-82-replication-0.npy,batch-null-calibration,12194676456554921045,14417006513363956081,8849436530381191082,0.24905840000428725,,,batch-null-calibration-20260821-001
calibration,82,1,0.04497289423478884,0.83,null_statistics/batch-82-replication-1.npy,batch-null-calibration,8501727889617912660,12829739957500202227,17276427699720457991,0.2521286999981385,,,batch-null-calibration-20260821-001
calibration,82,2,0.047434968129913824,0.735,null_statistics/batch-82-replication-2.npy,batch-null-calibration,11900457449695608009,14114163312366045228,13357460873943063299,0.25475020000885706,,,batch-null-calibration-20260821-001
calibration,82,3,0.056468810914883455,0.37,null_statistics/batch-82-replication-3.npy,batch-null-calibration,13312408159546626276,10439924698302253432,14059783200602448121,0.24947660000179894,,,batch-null-calibration-20260821-001
calibration,82,4,0.06538908842624229,0.165,null_statistics/batch-82-replication-4.npy,batch-null-calibration,4557186173321069168,1479538910838517464,4730676536488009057,0.25001840000913944,,,batch-null-calibration-20260821-001
calibration,82,5,0.056564494441808146,0.32,null_statistics/batch-82-replication-5.npy,batch-null-calibration,13764365735605116234,10712518136733293728,8206080857234198088,0.25168919999850914,,,batch-null-calibration-20260821-001
calibration,82,6,0.047446703862145105,0.745,null_statistics/batch-82-replication-6.npy,batch-null-calibration,16828899129265258420,7420325331061704861,17124693232608442710,0.2557442999968771,,,batch-null-calibration-20260821-001
calibration,82,7,0.06312851347288805,0.17,null_statistics/batch-82-replication-7.npy,batch-null-calibration,2238453827737919290,11207029769374014837,5913781723315158970,0.249061199996504,,,batch-null-calibration-20260821-001
calibration,82,8,0.046219844991141325,0.805,null_statistics/batch-82-replication-8.npy,batch-null-calibration,16437995710933413948,13302774198006673918,6953990023962102389,0.25003429999924265,,,batch-null-calibration-20260821-001
calibration,82,9,0.044653849907761264,0.86,null_statistics/batch-82-replication-9.npy,batch-null-calibration,6913529933147556853,8386875208893170644,13663001241373876188,0.2540392999944743,,,batch-null-calibration-20260821-001
calibration,83,0,0.04725019966684762,0.735,null_statistics/batch-83-replication-0.npy,batch-null-calibration,1076270006502214779,9809776088259869875,4708302723036946014,0.25073889999475796,,,batch-null-calibration-20260821-001
calibration,83,1,0.056722607396860664,0.375,null_statistics/batch-83-replication-1.npy,batch-null-calibration,4603015703922020243,13035187779368334772,3402220916662212808,0.25280729999940377,,,batch-null-calibration-20260821-001
calibration,83,2,0.0459365720833699,0.82,null_statistics/batch-83-replication-2.npy,batch-null-calibration,17295960948966558280,11462952195213050386,16394409734589117521,0.2501551000023028,,,batch-null-calibration-20260821-001
calibration,83,3,0.05168924979698815,0.515,null_statistics/batch-83-replication-3.npy,batch-null-calibration,15603260272429031967,6403776427495992407,1806980465392720413,0.25228889999561943,,,batch-null-calibration-20260821-001
calibration,83,4,0.05030413882763374,0.59,null_statistics/batch-83-replication-4.npy,batch-null-calibration,6461704944707030590,14889896977270688026,934031351868135624,0.2576247999968473,,,batch-null-calibration-20260821-001
calibration,83,5,0.05341424542829619,0.49,null_statistics/batch-83-replication-5.npy,batch-null-calibration,8025020620410592028,3969116625860524800,16866919139567653615,0.2519451999978628,,,batch-null-calibration-20260821-001
calibration,83,6,0.07399481533200597,0.065,null_statistics/batch-83-replication-6.npy,batch-null-calibration,17083647093763473329,5757518696862021966,1650935139009971066,0.25133750001259614,,,batch-null-calibration-20260821-001
calibration,83,7,0.041254440388761034,0.96,null_statistics/batch-83-replication-7.npy,batch-null-calibration,6790055707050074011,8721804235116201843,5610732314757095583,0.24930589999712538,,,batch-null-calibration-20260821-001
calibration,83,8,0.061477252058869856,0.29,null_statistics/batch-83-replication-8.npy,batch-null-calibration,3021535417608407715,5023500272022500239,3635880470496262285,0.258258100002422,,,batch-null-calibration-20260821-001
calibration,83,9,0.046780718829091204,0.755,null_statistics/batch-83-replication-9.npy,batch-null-calibration,927860405400656340,3952671715293699952,6022281844271792378,0.27450990000215825,,,batch-null-calibration-20260821-001
calibration,84,0,0.05138313482429379,0.585,null_statistics/batch-84-replication-0.npy,batch-null-calibration,17041432864856206195,15482666195939806817,17000611503564307289,0.29145379998954013,,,batch-null-calibration-20260821-001
calibration,84,1,0.054504797757404105,0.515,null_statistics/batch-84-replication-1.npy,batch-null-calibration,11551959291775136601,6435551632139910246,1295759529989031082,0.2624299000017345,,,batch-null-calibration-20260821-001
calibration,84,2,0.05115868062382861,0.58,null_statistics/batch-84-replication-2.npy,batch-null-calibration,2428555390356751299,16840945630613618836,15785929658938589178,0.31660929998906795,,,batch-null-calibration-20260821-001
calibration,84,3,0.06410320122921077,0.19,null_statistics/batch-84-replication-3.npy,batch-null-calibration,7047115981250083648,6189009124399584065,12415152545805860805,0.2539206000074046,,,batch-null-calibration-20260821-001
calibration,84,4,0.04513209208870274,0.87,null_statistics/batch-84-replication-4.npy,batch-null-calibration,16772638199043120137,769652970767879921,12367341410839895338,0.2847020000044722,,,batch-null-calibration-20260821-001
calibration,84,5,0.06447343862877868,0.21,null_statistics/batch-84-replication-5.npy,batch-null-calibration,2028943491376244025,611450052088572309,18004262716369160012,0.2721767000039108,,,batch-null-calibration-20260821-001
calibration,84,6,0.06937714204030565,0.1,null_statistics/batch-84-replication-6.npy,batch-null-calibration,16017788851009354022,10470734161095979649,14614538137426383298,0.2628913999942597,,,batch-null-calibration-20260821-001
calibration,84,7,0.04263151451458128,0.9,null_statistics/batch-84-replication-7.npy,batch-null-calibration,7411683294814723192,12856444512330419494,16522959504804777291,0.2610681999940425,,,batch-null-calibration-20260821-001
calibration,84,8,0.04183100192152687,0.925,null_statistics/batch-84-replication-8.npy,batch-null-calibration,14433963342749303345,8771044182205425774,823466452500739360,0.2812563999905251,,,batch-null-calibration-20260821-001
calibration,84,9,0.05674301266362568,0.395,null_statistics/batch-84-replication-9.npy,batch-null-calibration,13035840377773611383,1109264048695558907,8894708804391827822,0.2566179999994347,,,batch-null-calibration-20260821-001
calibration,85,0,0.04656509344818446,0.745,null_statistics/batch-85-replication-0.npy,batch-null-calibration,16561077920096166631,3357027221694764115,158554884466081358,0.24780899999313988,,,batch-null-calibration-20260821-001
calibration,85,1,0.05186944542269711,0.575,null_statistics/batch-85-replication-1.npy,batch-null-calibration,3491176425735584496,4859619397736363576,15658767557916199035,0.24520289999782108,,,batch-null-calibration-20260821-001
calibration,85,2,0.04101913337104093,0.955,null_statistics/batch-85-replication-2.npy,batch-null-calibration,13630420370469315696,12770328408742167275,2114196504964380292,0.245156599994516,,,batch-null-calibration-20260821-001
calibration,85,3,0.04691535330852215,0.77,null_statistics/batch-85-replication-3.npy,batch-null-calibration,7803069587725300631,1724117727366536830,9191217704723432824,0.24441849999129772,,,batch-null-calibration-20260821-001
calibration,85,4,0.0730966377444456,0.065,null_statistics/batch-85-replication-4.npy,batch-null-calibration,14433693673902746871,11003705335687265570,15870780778184712904,0.28329870000015944,,,batch-null-calibration-20260821-001
calibration,85,5,0.03986428875260119,0.975,null_statistics/batch-85-replication-5.npy,batch-null-calibration,12056685269835007615,6398359243526349874,15087265278459770657,0.24871840000560042,,,batch-null-calibration-20260821-001
calibration,85,6,0.058556713937582994,0.26,null_statistics/batch-85-replication-6.npy,batch-null-calibration,3839601030511590357,17083171429599487910,8650524553457335489,0.26405769999837503,,,batch-null-calibration-20260821-001
calibration,85,7,0.06438700476666824,0.19,null_statistics/batch-85-replication-7.npy,batch-null-calibration,617363391379187077,4110922630423207967,209422059520830508,0.2659170999977505,,,batch-null-calibration-20260821-001
calibration,85,8,0.042070289496561844,0.93,null_statistics/batch-85-replication-8.npy,batch-null-calibration,665087012706491952,3691924654468159305,15018326102527732031,0.20842199999606237,,,batch-null-calibration-20260821-001
calibration,85,9,0.04935204581001608,0.635,null_statistics/batch-85-replication-9.npy,batch-null-calibration,16843213145800438556,5682393457793383220,2344404924543004426,0.265972299996065,,,batch-null-calibration-20260821-001
calibration,86,0,0.04952516016359757,0.66,null_statistics/batch-86-replication-0.npy,batch-null-calibration,12968227328851176282,1935716136336772940,7486435244266604304,0.26312529999995604,,,batch-null-calibration-20260821-001
calibration,86,1,0.052821912900099924,0.49,null_statistics/batch-86-replication-1.npy,batch-null-calibration,12265602560197222072,1286292109722028499,3912748464671952480,0.2559921000065515,,,batch-null-calibration-20260821-001
calibration,86,2,0.054163424554984935,0.49,null_statistics/batch-86-replication-2.npy,batch-null-calibration,10256501211504385343,11364890598141349518,13182303187994593038,0.22250190000340808,,,batch-null-calibration-20260821-001
calibration,86,3,0.06761608153229996,0.175,null_statistics/batch-86-replication-3.npy,batch-null-calibration,10615848977896203222,6909184057357745292,3132013637502190231,0.2548281000053976,,,batch-null-calibration-20260821-001
calibration,86,4,0.04673327428772537,0.77,null_statistics/batch-86-replication-4.npy,batch-null-calibration,8157102293105605828,4734446407943178498,10665324336958147774,0.2583611000009114,,,batch-null-calibration-20260821-001
calibration,86,5,0.05627588234545469,0.33,null_statistics/batch-86-replication-5.npy,batch-null-calibration,2537839905419432766,17960702106729618392,10526937697096983171,0.2363686000026064,,,batch-null-calibration-20260821-001
calibration,86,6,0.05631804386997116,0.405,null_statistics/batch-86-replication-6.npy,batch-null-calibration,1516724694009677357,16909503254159255291,7800023198495628122,0.26264980000269134,,,batch-null-calibration-20260821-001
calibration,86,7,0.05090952620545161,0.575,null_statistics/batch-86-replication-7.npy,batch-null-calibration,9362769132265565165,15233943071942611415,13158089356919004247,0.2559518000052776,,,batch-null-calibration-20260821-001
calibration,86,8,0.0426170417109095,0.925,null_statistics/batch-86-replication-8.npy,batch-null-calibration,1502688548637099981,5445100559647008452,13784640944887496968,0.2488912000117125,,,batch-null-calibration-20260821-001
calibration,86,9,0.05235892495099567,0.495,null_statistics/batch-86-replication-9.npy,batch-null-calibration,7141126671157284192,8995037920770717796,18320315279506923149,0.2631824999989476,,,batch-null-calibration-20260821-001
calibration,87,0,0.040719869843857316,0.96,null_statistics/batch-87-replication-0.npy,batch-null-calibration,9924521326477918869,16416275073835412903,4976646245039974163,0.25760000001173466,,,batch-null-calibration-20260821-001
calibration,87,1,0.05809950837649146,0.35,null_statistics/batch-87-replication-1.npy,batch-null-calibration,9886329122164519119,7606445647786384836,13574737667700719689,0.24979639999219216,,,batch-null-calibration-20260821-001
calibration,87,2,0.07127861439749042,0.105,null_statistics/batch-87-replication-2.npy,batch-null-calibration,56858782732302867,392108658037763240,9857863005724116702,0.2517685999919195,,,batch-null-calibration-20260821-001
calibration,87,3,0.07749533812428899,0.07,null_statistics/batch-87-replication-3.npy,batch-null-calibration,6489261777019629455,2801298122442464572,7747953803994598474,0.24981989999650978,,,batch-null-calibration-20260821-001
calibration,87,4,0.08263220162124305,0.045,null_statistics/batch-87-replication-4.npy,batch-null-calibration,6780437716092683647,1812310376811436212,8233473778037019018,0.24876790000416804,,,batch-null-calibration-20260821-001
calibration,87,5,0.051081105751435214,0.545,null_statistics/batch-87-replication-5.npy,batch-null-calibration,2562935223818590062,165503888843974099,4169081259233393552,0.2515999000024749,,,batch-null-calibration-20260821-001
calibration,87,6,0.04950224145115026,0.7,null_statistics/batch-87-replication-6.npy,batch-null-calibration,11450713270136795746,7573264178309214501,16894439184621179248,0.25442710000788793,,,batch-null-calibration-20260821-001
calibration,87,7,0.04307850736676384,0.895,null_statistics/batch-87-replication-7.npy,batch-null-calibration,6375928331652922993,15613066573946305414,2478288085191113552,0.2529159000114305,,,batch-null-calibration-20260821-001
calibration,87,8,0.0484194175071313,0.76,null_statistics/batch-87-replication-8.npy,batch-null-calibration,6540008696059254383,14670036323937194143,4894951986418887078,0.25292719999561086,,,batch-null-calibration-20260821-001
calibration,87,9,0.036198598691951966,0.995,null_statistics/batch-87-replication-9.npy,batch-null-calibration,17849866237114250392,9002440183535974889,4405392931020479974,0.25171929999487475,,,batch-null-calibration-20260821-001
calibration,88,0,0.0528472503624134,0.555,null_statistics/batch-88-replication-0.npy,batch-null-calibration,9899155284660558495,17236095004298677883,10520041788324397908,0.250264900008915,,,batch-null-calibration-20260821-001
calibration,88,1,0.06590803203855902,0.19,null_statistics/batch-88-replication-1.npy,batch-null-calibration,6978516455919435064,18265043931284714253,14062985977183851862,0.24831409999751486,,,batch-null-calibration-20260821-001
calibration,88,2,0.06742378378253029,0.1,null_statistics/batch-88-replication-2.npy,batch-null-calibration,16412815060076151526,9433245282630709033,13849546894762094940,0.25517029999173246,,,batch-null-calibration-20260821-001
calibration,88,3,0.05022045972113898,0.605,null_statistics/batch-88-replication-3.npy,batch-null-calibration,8383241766232750020,5498973169378937942,7753133213755879559,0.2660518000047887,,,batch-null-calibration-20260821-001
calibration,88,4,0.04787326064644417,0.685,null_statistics/batch-88-replication-4.npy,batch-null-calibration,4084053146441772992,13308097598131813261,15512002423042157710,0.254382600003737,,,batch-null-calibration-20260821-001
calibration,88,5,0.04354574612288747,0.87,null_statistics/batch-88-replication-5.npy,batch-null-calibration,808086644789563949,17486262550093802926,6572116339568405567,0.25386869999056216,,,batch-null-calibration-20260821-001
calibration,88,6,0.06690953744428148,0.15,null_statistics/batch-88-replication-6.npy,batch-null-calibration,18396684022027936339,9664917982321296970,864034490644569898,0.25104290001036134,,,batch-null-calibration-20260821-001
calibration,88,7,0.07309351733849266,0.08,null_statistics/batch-88-replication-7.npy,batch-null-calibration,2978746946889335892,6514480831043565501,5681939891156910526,0.252535399995395,,,batch-null-calibration-20260821-001
calibration,88,8,0.03996798207390536,0.97,null_statistics/batch-88-replication-8.npy,batch-null-calibration,14537522009804019359,738806252223432634,18218459967607873780,0.2533199000026798,,,batch-null-calibration-20260821-001
calibration,88,9,0.049633619912484606,0.66,null_statistics/batch-88-replication-9.npy,batch-null-calibration,16848541315159102846,13231441547635131923,16536485661763115645,0.254495200002566,,,batch-null-calibration-20260821-001
calibration,89,0,0.06382890762660291,0.2,null_statistics/batch-89-replication-0.npy,batch-null-calibration,5335044782786733851,5353617493466367312,18133687804115041115,0.25072159999399446,,,batch-null-calibration-20260821-001
calibration,89,1,0.04520138131706362,0.8,null_statistics/batch-89-replication-1.npy,batch-null-calibration,15940372504992503906,16001047934223271096,8117469796780883209,0.2564493000099901,,,batch-null-calibration-20260821-001
calibration,89,2,0.042201705638905684,0.92,null_statistics/batch-89-replication-2.npy,batch-null-calibration,13535506724114709065,11628135588631963434,5267746909981200979,0.25291789999755565,,,batch-null-calibration-20260821-001
calibration,89,3,0.0686776542232202,0.09,null_statistics/batch-89-replication-3.npy,batch-null-calibration,2382157686238460500,16453596842162295230,6911892476333703490,0.25686370000767056,,,batch-null-calibration-20260821-001
calibration,89,4,0.07613452050297068,0.03,null_statistics/batch-89-replication-4.npy,batch-null-calibration,16729480681720376828,15588508027252666010,1627433678849177727,0.256028999996488,,,batch-null-calibration-20260821-001
calibration,89,5,0.03624521593463842,0.985,null_statistics/batch-89-replication-5.npy,batch-null-calibration,1013983484981943810,7011904569421669614,17228875656301234083,0.25558189999719616,,,batch-null-calibration-20260821-001
calibration,89,6,0.058719348476805155,0.245,null_statistics/batch-89-replication-6.npy,batch-null-calibration,17922188931618485867,2166962097949464136,7827146016420567958,0.2559811999963131,,,batch-null-calibration-20260821-001
calibration,89,7,0.04815683722182283,0.73,null_statistics/batch-89-replication-7.npy,batch-null-calibration,12168851803539294787,10900213909831161177,4015274332148894969,0.2640876999939792,,,batch-null-calibration-20260821-001
calibration,89,8,0.04263171964916535,0.915,null_statistics/batch-89-replication-8.npy,batch-null-calibration,9185574003837439555,4676505444522527398,4693373961119315999,0.26658389999647625,,,batch-null-calibration-20260821-001
calibration,89,9,0.051203532323789,0.585,null_statistics/batch-89-replication-9.npy,batch-null-calibration,4697305450240497654,14307146193938383230,1901141490909740944,0.2611754999961704,,,batch-null-calibration-20260821-001
calibration,90,0,0.051230883156083915,0.585,null_statistics/batch-90-replication-0.npy,batch-null-calibration,6538236939375967106,13798871749667690659,18300507322480124005,0.2537037000001874,,,batch-null-calibration-20260821-001
calibration,90,1,0.038278804321418315,0.975,null_statistics/batch-90-replication-1.npy,batch-null-calibration,15712003111181870362,4492866793674684155,8382758493062814173,0.2524505000037607,,,batch-null-calibration-20260821-001
calibration,90,2,0.05304244440631588,0.535,null_statistics/batch-90-replication-2.npy,batch-null-calibration,2973413684787991983,13803935144203072806,13250662053681371251,0.25413960000150837,,,batch-null-calibration-20260821-001
calibration,90,3,0.05421601714843484,0.375,null_statistics/batch-90-replication-3.npy,batch-null-calibration,12929468130480170078,10312497132941019145,11903738871886638964,0.2630988000018988,,,batch-null-calibration-20260821-001
calibration,90,4,0.05155289936228999,0.635,null_statistics/batch-90-replication-4.npy,batch-null-calibration,1763240231134047494,16724337303998586855,14199461329290470688,0.25744359999953303,,,batch-null-calibration-20260821-001
calibration,90,5,0.06043168382482681,0.25,null_statistics/batch-90-replication-5.npy,batch-null-calibration,14004542511010617854,2200874724270924531,7854213022537039803,0.27018279999902006,,,batch-null-calibration-20260821-001
calibration,90,6,0.05262987514155017,0.53,null_statistics/batch-90-replication-6.npy,batch-null-calibration,10748169740034671155,11479060754139180384,4593826369797989892,0.251423399997293,,,batch-null-calibration-20260821-001
calibration,90,7,0.04376875776724654,0.845,null_statistics/batch-90-replication-7.npy,batch-null-calibration,9628371792319784592,17598972526107707232,13263325880906134003,0.25561110000126064,,,batch-null-calibration-20260821-001
calibration,90,8,0.08488775484291304,0.035,null_statistics/batch-90-replication-8.npy,batch-null-calibration,14538574229563370305,4644848733175570475,12861389780105203790,0.27355759999773,,,batch-null-calibration-20260821-001
calibration,90,9,0.04399833333853331,0.895,null_statistics/batch-90-replication-9.npy,batch-null-calibration,8716294269040111359,8236000046001450950,17263512111965717953,0.2747077999956673,,,batch-null-calibration-20260821-001
calibration,91,0,0.062107650110331744,0.23,null_statistics/batch-91-replication-0.npy,batch-null-calibration,15471023400589806738,9562079042344050851,17541042325306490495,0.2700741000007838,,,batch-null-calibration-20260821-001
calibration,91,1,0.04996282462079091,0.645,null_statistics/batch-91-replication-1.npy,batch-null-calibration,6340670281007039115,5730048506847959456,15965139271271710880,0.2699874000099953,,,batch-null-calibration-20260821-001
calibration,91,2,0.04474039614303273,0.805,null_statistics/batch-91-replication-2.npy,batch-null-calibration,914194263008157245,8624674550459222345,15160178337717763831,0.26879750000080094,,,batch-null-calibration-20260821-001
calibration,91,3,0.07018289259054139,0.1,null_statistics/batch-91-replication-3.npy,batch-null-calibration,15188939596644582076,8835354800686434010,18266998845029442106,0.25473619998956565,,,batch-null-calibration-20260821-001
calibration,91,4,0.07096307001036166,0.065,null_statistics/batch-91-replication-4.npy,batch-null-calibration,16774221289063382219,10453224684506492269,12436636156900869491,0.25929649999307003,,,batch-null-calibration-20260821-001
calibration,91,5,0.04592622708158683,0.795,null_statistics/batch-91-replication-5.npy,batch-null-calibration,11206932571082015441,15248514546935849397,2134873001809290339,0.25564060000760946,,,batch-null-calibration-20260821-001
calibration,91,6,0.05614579103714036,0.425,null_statistics/batch-91-replication-6.npy,batch-null-calibration,14186484070183408852,2916065608913241036,9772782303358551850,0.256137000003946,,,batch-null-calibration-20260821-001
calibration,91,7,0.0485525706015285,0.725,null_statistics/batch-91-replication-7.npy,batch-null-calibration,11960368590830730476,6568165758258111130,9597570915106252647,0.2608961000078125,,,batch-null-calibration-20260821-001
calibration,91,8,0.0458025419325799,0.795,null_statistics/batch-91-replication-8.npy,batch-null-calibration,4525085087233151856,4567767070867025637,3919508704287944306,0.2549978999886662,,,batch-null-calibration-20260821-001
calibration,91,9,0.05845057619187036,0.305,null_statistics/batch-91-replication-9.npy,batch-null-calibration,4050885602206029844,13489738161514496098,16746164248108632931,0.2555505000054836,,,batch-null-calibration-20260821-001
calibration,92,0,0.057713189574502666,0.315,null_statistics/batch-92-replication-0.npy,batch-null-calibration,3438389576823715054,9161536420057666725,7061467191610795649,0.2561880000139354,,,batch-null-calibration-20260821-001
calibration,92,1,0.048339462638047434,0.695,null_statistics/batch-92-replication-1.npy,batch-null-calibration,6962356126588064472,15647467383671627468,11726631606194848196,0.25652420001279097,,,batch-null-calibration-20260821-001
calibration,92,2,0.06305161793123638,0.185,null_statistics/batch-92-replication-2.npy,batch-null-calibration,15856241245246029013,17470968980391103920,17856093488160991366,0.2725627000036184,,,batch-null-calibration-20260821-001
calibration,92,3,0.04907146784430212,0.705,null_statistics/batch-92-replication-3.npy,batch-null-calibration,2647603152072610224,3776705896260881147,5093151458105661165,0.27559130000008736,,,batch-null-calibration-20260821-001
calibration,92,4,0.06874594570740031,0.12,null_statistics/batch-92-replication-4.npy,batch-null-calibration,12452242883774016364,541017083505157172,15211501471277548898,0.2569822999939788,,,batch-null-calibration-20260821-001
calibration,92,5,0.043430916304461116,0.865,null_statistics/batch-92-replication-5.npy,batch-null-calibration,5438018287155545281,1363386428778320772,13269655356085137506,0.25983520000590943,,,batch-null-calibration-20260821-001
calibration,92,6,0.06196102151137882,0.235,null_statistics/batch-92-replication-6.npy,batch-null-calibration,14096085892821007673,16193114381054663767,4749689879319823230,0.25460269999166485,,,batch-null-calibration-20260821-001
calibration,92,7,0.06365822174313206,0.225,null_statistics/batch-92-replication-7.npy,batch-null-calibration,1842592534765202055,11400616697410489994,6687856808445777241,0.25392529999953695,,,batch-null-calibration-20260821-001
calibration,92,8,0.054952400556276815,0.44,null_statistics/batch-92-replication-8.npy,batch-null-calibration,15142450186724009005,10164608818870411065,11839302215270350142,0.25506129999121185,,,batch-null-calibration-20260821-001
calibration,92,9,0.06392785369645075,0.165,null_statistics/batch-92-replication-9.npy,batch-null-calibration,5344284899278283064,830725621445189953,14968044643248614821,0.2516085000097519,,,batch-null-calibration-20260821-001
calibration,93,0,0.05753362312609719,0.335,null_statistics/batch-93-replication-0.npy,batch-null-calibration,291954586982626258,14964954610608472326,5230512447400711671,0.2560479999956442,,,batch-null-calibration-20260821-001
calibration,93,1,0.06353626402069742,0.155,null_statistics/batch-93-replication-1.npy,batch-null-calibration,13887621462449344086,1006246749020941270,10651629586759800820,0.25370979998842813,,,batch-null-calibration-20260821-001
calibration,93,2,0.06616074642799552,0.1,null_statistics/batch-93-replication-2.npy,batch-null-calibration,12558091438772561853,4847668923398268376,1640730369449345028,0.2553708000050392,,,batch-null-calibration-20260821-001
calibration,93,3,0.062020198680800734,0.22,null_statistics/batch-93-replication-3.npy,batch-null-calibration,15690253865712609707,15379148294126073673,17197030156729681640,0.2549909000081243,,,batch-null-calibration-20260821-001
calibration,93,4,0.054007578204755144,0.395,null_statistics/batch-93-replication-4.npy,batch-null-calibration,3743500236703450724,17289888514350389192,2108278933474565087,0.2521839999972144,,,batch-null-calibration-20260821-001
calibration,93,5,0.0715911879189838,0.08,null_statistics/batch-93-replication-5.npy,batch-null-calibration,17794019222609316195,14200027607906333668,10724227845886786445,0.25359300000127405,,,batch-null-calibration-20260821-001
calibration,93,6,0.04259692328741047,0.87,null_statistics/batch-93-replication-6.npy,batch-null-calibration,13187333810440113796,9676118926705719122,13238590024026837208,0.25337439999566413,,,batch-null-calibration-20260821-001
calibration,93,7,0.05860776761922118,0.26,null_statistics/batch-93-replication-7.npy,batch-null-calibration,11198374491273759110,10342435860559721754,2362365840292713137,0.2520315000001574,,,batch-null-calibration-20260821-001
calibration,93,8,0.08702823014133575,0.05,null_statistics/batch-93-replication-8.npy,batch-null-calibration,16317214068266131434,14021182025480119171,13416726870694081836,0.2792617999948561,,,batch-null-calibration-20260821-001
calibration,93,9,0.04188734525946798,0.95,null_statistics/batch-93-replication-9.npy,batch-null-calibration,3636320220452244043,13725820259254384756,14814383390356103130,0.26933629999984987,,,batch-null-calibration-20260821-001
calibration,94,0,0.04165209821254027,0.955,null_statistics/batch-94-replication-0.npy,batch-null-calibration,9634341383621413616,7277205568514856303,650343857581597335,0.27380969999649096,,,batch-null-calibration-20260821-001
calibration,94,1,0.08348643656456861,0.025,null_statistics/batch-94-replication-1.npy,batch-null-calibration,17245163394131751878,17625557824670620949,736178068485444133,0.26611829998728354,,,batch-null-calibration-20260821-001
calibration,94,2,0.06694088550279616,0.14,null_statistics/batch-94-replication-2.npy,batch-null-calibration,3802342398657069898,15654908265170727942,11830210582843621100,0.2591422999976203,,,batch-null-calibration-20260821-001
calibration,94,3,0.06267243489882487,0.26,null_statistics/batch-94-replication-3.npy,batch-null-calibration,5969458380119429586,15098034312814898989,12578263865767247745,0.2533213999995496,,,batch-null-calibration-20260821-001
calibration,94,4,0.06788920807209863,0.13,null_statistics/batch-94-replication-4.npy,batch-null-calibration,11810715201700396576,13766464788747667370,11979648160560978773,0.2561822999996366,,,batch-null-calibration-20260821-001
calibration,94,5,0.04638634102254007,0.87,null_statistics/batch-94-replication-5.npy,batch-null-calibration,5702836042931526588,16849416827159246827,1601602929301364448,0.25522379999165423,,,batch-null-calibration-20260821-001
calibration,94,6,0.038411331563406204,0.98,null_statistics/batch-94-replication-6.npy,batch-null-calibration,16744979235004560598,146077833681817753,9221702298622105861,0.2570181000046432,,,batch-null-calibration-20260821-001
calibration,94,7,0.06179775910723819,0.255,null_statistics/batch-94-replication-7.npy,batch-null-calibration,14629065201404782962,16475437772412042852,17540153686363792873,0.2652422000101069,,,batch-null-calibration-20260821-001
calibration,94,8,0.053880709059071906,0.49,null_statistics/batch-94-replication-8.npy,batch-null-calibration,10413655710068066453,10348810894464570691,9223391547438006874,0.25790240000060294,,,batch-null-calibration-20260821-001
calibration,94,9,0.048160838660311955,0.64,null_statistics/batch-94-replication-9.npy,batch-null-calibration,2913852231800871671,6953369978581269097,6820949066735812137,0.2580537000030745,,,batch-null-calibration-20260821-001
calibration,95,0,0.055192163123609785,0.425,null_statistics/batch-95-replication-0.npy,batch-null-calibration,11357996257492386483,8364357375399012174,5962554802081414657,0.2571443999913754,,,batch-null-calibration-20260821-001
calibration,95,1,0.05948876369321451,0.3,null_statistics/batch-95-replication-1.npy,batch-null-calibration,11622093781456264651,13980995330106680600,5874273837081858990,0.2563631999946665,,,batch-null-calibration-20260821-001
calibration,95,2,0.05549507977837115,0.44,null_statistics/batch-95-replication-2.npy,batch-null-calibration,14373666177336102192,16697805288036617953,214919985824525071,0.2537982999929227,,,batch-null-calibration-20260821-001
calibration,95,3,0.05778843198203582,0.34,null_statistics/batch-95-replication-3.npy,batch-null-calibration,4146036964092947505,8095099402730626101,9872934734977146054,0.2615388999984134,,,batch-null-calibration-20260821-001
calibration,95,4,0.08312374452927293,0.015,null_statistics/batch-95-replication-4.npy,batch-null-calibration,12731690400239493505,8884821567055710567,1877230156714123652,0.25588219999917783,,,batch-null-calibration-20260821-001
calibration,95,5,0.07697424717201132,0.05,null_statistics/batch-95-replication-5.npy,batch-null-calibration,3624907041080348146,8369726536082500767,6960567217794196816,0.25443830000585876,,,batch-null-calibration-20260821-001
calibration,95,6,0.04467921503926679,0.855,null_statistics/batch-95-replication-6.npy,batch-null-calibration,5754224301191877024,3924537112826885230,11341790928390049669,0.2555233000020962,,,batch-null-calibration-20260821-001
calibration,95,7,0.05142156275506325,0.53,null_statistics/batch-95-replication-7.npy,batch-null-calibration,13752971409761060368,18294984469047821221,13149931151700714142,0.2555911999952514,,,batch-null-calibration-20260821-001
calibration,95,8,0.05136551499371004,0.595,null_statistics/batch-95-replication-8.npy,batch-null-calibration,12951221489786154057,1206395999609233951,6784769539422189345,0.2567118000006303,,,batch-null-calibration-20260821-001
calibration,95,9,0.04719802627309463,0.7,null_statistics/batch-95-replication-9.npy,batch-null-calibration,17828420032862100618,12005955489831920136,10068874007527573662,0.25359549999120645,,,batch-null-calibration-20260821-001
calibration,96,0,0.04676335904580459,0.74,null_statistics/batch-96-replication-0.npy,batch-null-calibration,13628640438493642062,5162057353858919474,14508952423530625238,0.2695182999887038,,,batch-null-calibration-20260821-001
calibration,96,1,0.04603836839673149,0.83,null_statistics/batch-96-replication-1.npy,batch-null-calibration,15566096354632251614,10489734584183423895,9697240407749414177,0.27430429999367334,,,batch-null-calibration-20260821-001
calibration,96,2,0.05848388672445934,0.295,null_statistics/batch-96-replication-2.npy,batch-null-calibration,14336448853580860209,5834414654333458381,16974641553420313467,0.25862039999628905,,,batch-null-calibration-20260821-001
calibration,96,3,0.042888333760175174,0.9,null_statistics/batch-96-replication-3.npy,batch-null-calibration,7450240839263467809,9065892820028805402,12418051606225707615,0.28961839999828953,,,batch-null-calibration-20260821-001
calibration,96,4,0.060377568003534964,0.265,null_statistics/batch-96-replication-4.npy,batch-null-calibration,16005209051371764159,6933836855360250278,15335504047219752784,0.2570201000053203,,,batch-null-calibration-20260821-001
calibration,96,5,0.07080703594719548,0.07,null_statistics/batch-96-replication-5.npy,batch-null-calibration,1599566669048175478,2034725487602320852,8386389053641615830,0.25528579999809153,,,batch-null-calibration-20260821-001
calibration,96,6,0.04561497930098571,0.81,null_statistics/batch-96-replication-6.npy,batch-null-calibration,10076693248289301986,1694396785855916469,5677877285112951625,0.25301739999849815,,,batch-null-calibration-20260821-001
calibration,96,7,0.04314028091397601,0.895,null_statistics/batch-96-replication-7.npy,batch-null-calibration,12220030572733341456,7106189797216848772,5928570928906750780,0.25857730000279844,,,batch-null-calibration-20260821-001
calibration,96,8,0.047784005185140206,0.745,null_statistics/batch-96-replication-8.npy,batch-null-calibration,1827833875379606762,11491079032625551121,6561059784148363200,0.252778699999908,,,batch-null-calibration-20260821-001
calibration,96,9,0.08777055839142056,0.025,null_statistics/batch-96-replication-9.npy,batch-null-calibration,11671695789410311441,5377268845822414608,14949045094346015422,0.2609126000024844,,,batch-null-calibration-20260821-001
calibration,97,0,0.05228129594027133,0.495,null_statistics/batch-97-replication-0.npy,batch-null-calibration,9423006325502901420,2033389997867008965,6632644588522943216,0.2556191000039689,,,batch-null-calibration-20260821-001
calibration,97,1,0.06694994942270148,0.13,null_statistics/batch-97-replication-1.npy,batch-null-calibration,16731894964977637523,16260968964439592434,14249845255355131313,0.2564877999975579,,,batch-null-calibration-20260821-001
calibration,97,2,0.060540536001114975,0.245,null_statistics/batch-97-replication-2.npy,batch-null-calibration,14324855511935420830,17839854271892216333,12496619242581101192,0.2580359999992652,,,batch-null-calibration-20260821-001
calibration,97,3,0.04934595330834692,0.64,null_statistics/batch-97-replication-3.npy,batch-null-calibration,9535292251756034866,7210490317672619851,9765983214498021395,0.25633160000143107,,,batch-null-calibration-20260821-001
calibration,97,4,0.06156692775606992,0.265,null_statistics/batch-97-replication-4.npy,batch-null-calibration,15265675406306637319,14715861180288353112,18092894764915835890,0.25588159999460913,,,batch-null-calibration-20260821-001
calibration,97,5,0.03921496049109502,0.99,null_statistics/batch-97-replication-5.npy,batch-null-calibration,3431697618633070709,1557026506314597540,14440408462256904684,0.2659152999985963,,,batch-null-calibration-20260821-001
calibration,97,6,0.04589395132563736,0.86,null_statistics/batch-97-replication-6.npy,batch-null-calibration,4017029569130425388,10400012244565789288,6061203290717593526,0.28227419999893755,,,batch-null-calibration-20260821-001
calibration,97,7,0.056034480500926166,0.41,null_statistics/batch-97-replication-7.npy,batch-null-calibration,11495130201803079177,6687573983681332310,10931620027617383635,0.25778290000744164,,,batch-null-calibration-20260821-001
calibration,97,8,0.04713152123109008,0.77,null_statistics/batch-97-replication-8.npy,batch-null-calibration,8505082685157236201,13147940691667250644,18255040358454334776,0.2595441000012215,,,batch-null-calibration-20260821-001
calibration,97,9,0.05289177680013889,0.43,null_statistics/batch-97-replication-9.npy,batch-null-calibration,7132577440834572872,2485947423792531284,8097702414575576113,0.2546545000077458,,,batch-null-calibration-20260821-001
calibration,98,0,0.04483864669962105,0.875,null_statistics/batch-98-replication-0.npy,batch-null-calibration,931020022836999731,9659551231474194714,16958328322986856767,0.25752559999818914,,,batch-null-calibration-20260821-001
calibration,98,1,0.0471186630074279,0.75,null_statistics/batch-98-replication-1.npy,batch-null-calibration,10149470775620463246,17793243511533400689,11012719952117804470,0.2600026000000071,,,batch-null-calibration-20260821-001
calibration,98,2,0.05981343326387856,0.345,null_statistics/batch-98-replication-2.npy,batch-null-calibration,15951984646978941304,2967439455455526257,16839079550826071042,0.2554818000062369,,,batch-null-calibration-20260821-001
calibration,98,3,0.05556836550876995,0.42,null_statistics/batch-98-replication-3.npy,batch-null-calibration,13296636306981635624,14643935778544859024,712414570476606979,0.25284439999086317,,,batch-null-calibration-20260821-001
calibration,98,4,0.03952443844990195,0.94,null_statistics/batch-98-replication-4.npy,batch-null-calibration,6935873872077576005,5431117677054630665,10418982652596360822,0.2577854999981355,,,batch-null-calibration-20260821-001
calibration,98,5,0.06017295310732964,0.285,null_statistics/batch-98-replication-5.npy,batch-null-calibration,2749570147834163574,5785500436660848878,17542568597631915727,0.25569639999594074,,,batch-null-calibration-20260821-001
calibration,98,6,0.06572165984893821,0.19,null_statistics/batch-98-replication-6.npy,batch-null-calibration,7417926958096683213,2929737931335029469,16943602334112558101,0.25447539999731816,,,batch-null-calibration-20260821-001
calibration,98,7,0.054667882562753824,0.46,null_statistics/batch-98-replication-7.npy,batch-null-calibration,4373682264023573514,13895692524788125573,1636735096364784092,0.25835689999803435,,,batch-null-calibration-20260821-001
calibration,98,8,0.04866242724864028,0.68,null_statistics/batch-98-replication-8.npy,batch-null-calibration,18260979968963207515,1060305191943165484,9492275640495760248,0.25897140000597574,,,batch-null-calibration-20260821-001
calibration,98,9,0.0636676572909654,0.15,null_statistics/batch-98-replication-9.npy,batch-null-calibration,12022107455669151206,6025496794193058145,15289119574670429167,0.2550818000017898,,,batch-null-calibration-20260821-001
calibration,99,0,0.038305324647941494,0.98,null_statistics/batch-99-replication-0.npy,batch-null-calibration,11742793247791066024,12420707031563055590,1948259296249771378,0.2683874999929685,,,batch-null-calibration-20260821-001
calibration,99,1,0.05261506466069973,0.545,null_statistics/batch-99-replication-1.npy,batch-null-calibration,6943359322970604377,16181564874344000419,7279986633287926756,0.25073189999966417,,,batch-null-calibration-20260821-001
calibration,99,2,0.045188209733101295,0.895,null_statistics/batch-99-replication-2.npy,batch-null-calibration,950170375781955052,48920589475083107,16277827547760263466,0.2510603000118863,,,batch-null-calibration-20260821-001
calibration,99,3,0.04963512104981184,0.675,null_statistics/batch-99-replication-3.npy,batch-null-calibration,7521512970536788373,2043471664258554359,1411426928782538107,0.25276459999440704,,,batch-null-calibration-20260821-001
calibration,99,4,0.049019928513932304,0.72,null_statistics/batch-99-replication-4.npy,batch-null-calibration,7385205303292114413,16579258506269784437,3008728240339456295,0.2511958999966737,,,batch-null-calibration-20260821-001
calibration,99,5,0.05018885117555302,0.61,null_statistics/batch-99-replication-5.npy,batch-null-calibration,7853710111112334665,10643629719966138282,659379455956045259,0.25240159999520984,,,batch-null-calibration-20260821-001
calibration,99,6,0.045999579668072124,0.795,null_statistics/batch-99-replication-6.npy,batch-null-calibration,4095771821550983960,1179340230677105489,8752416435045674685,0.2569935999927111,,,batch-null-calibration-20260821-001
calibration,99,7,0.046400524747829304,0.745,null_statistics/batch-99-replication-7.npy,batch-null-calibration,13360427264973443984,2447542746860082736,17321118174001088825,0.2662867000035476,,,batch-null-calibration-20260821-001
calibration,99,8,0.042489471474581784,0.905,null_statistics/batch-99-replication-8.npy,batch-null-calibration,14108214833124364943,3275834709179424010,6693302290913635605,0.25492449999728706,,,batch-null-calibration-20260821-001
calibration,99,9,0.06304966308849685,0.18,null_statistics/batch-99-replication-9.npy,batch-null-calibration,760951794524089000,17372337328758226827,10971776868252226847,0.267667199994321,,,batch-null-calibration-20260821-001
