fixture_id,left,right,phase,batch,replication,observed_statistic,permutation_p_value,residual_samples_path,null_statistics_path,seed_namespace,fixture_seed,residual_seed,permutation_seed,elapsed_seconds,warnings,exception_text,run_id
F4-residual-link,X1,X3,f4-residual-link,0,0,0.4741256084451995,0.005,residual_samples/batch-0-replication-0.csv,null_statistics/batch-0-replication-0.npy,batch-f4-residual-link,15968058297288104165,4247139105654176855,5541494176382575273,0.4154624999500811,,,batch-f4-residual-link-20260822-001
F4-residual-link,X1,X3,f4-residual-link,0,1,0.42323038247027517,0.005,residual_samples/batch-0-replication-1.csv,null_statistics/batch-0-replication-1.npy,batch-f4-residual-link,8031196747745297029,15501944852274969600,17807126344684485665,0.38782300002640113,,,batch-f4-residual-link-20260822-001
F4-residual-link,X1,X3,f4-residual-link,0,2,0.45256438963184015,0.005,residual_samples/batch-0-replication-2.csv,null_statistics/batch-0-replication-2.npy,batch-f4-residual-link,9721401631814124746,8031100321519711973,15601123138411445706,0.3932970999740064,,,batch-f4-residual-link-20260822-001
F4-residual-link,X1,X3,f4-residual-link,0,3,0.48158971433649095,0.005,residual_samples/batch-0-replication-3.csv,null_statistics/batch-0-replication-3.npy,batch-f4-residual-link,6231039575806909806,4640933272195051714,5361134414287098927,0.3813501999829896,,,batch-f4-residual-link-20260822-001
F4-residual-link,X1,X3,f4-residual-link,0,4,0.4251310471119838,0.005,residual_samples/batch-0-replication-4.csv,null_statistics/batch-0-replication-4.npy,batch-f4-residual-link,3855123474388766712,13445842063815116699,3194461381940724341,0.393065599957481,,,batch-f4-residual-link-20260822-001
F4-residual-link,X1,X3,f4-residual-link,0,5,0.43670325070054117,0.005,residual_samples/batch-0-replication-5.csv,null_statistics/batch-0-replication-5.npy,batch-f4-residual-link,368561459665389137,14039152541545012988,16057162338604490058,0.3651763999951072,,,batch-f4-residual-link-20260822-001
F4-residual-link,X1,X3,f4-residual-link,0,6,0.4724115686159124,0.005,residual_samples/batch-0-replication-6.csv,null_statistics/batch-0-replication-6.npy,batch-f4-residual-link,3689302625470962322,10196887554923132417,17803725266857211163,0.36125820002052933,,,batch-f4-residual-link-20260822-001
F4-residual-link,X1,X3,f4-residual-link,0,7,0.44012376237982637,0.005,residual_samples/batch-0-replication-7.csv,null_statistics/batch-0-replication-7.npy,batch-f4-residual-link,4041348796846441677,15599213011289788801,2324058537863012612,0.3692725999862887,,,batch-f4-residual-link-20260822-001
F4-residual-link,X1,X3,f4-residual-link,0,8,0.47153792619616614,0.005,residual_samples/batch-0-replication-8.csv,null_statistics/batch-0-replication-8.npy,batch-f4-residual-link,4730666189562772786,11825796336629372806,3819234806310738274,0.34911000001011416,,,batch-f4-residual-link-20260822-001
F4-residual-link,X1,X3,f4-residual-link,0,9,0.41295519202614583,0.005,residual_samples/batch-0-replication-9.csv,null_statistics/batch-0-replication-9.npy,batch-f4-residual-link,8610775389782498378,18335836020817365306,17006909495217058224,0.3780376000213437,,,batch-f4-residual-link-20260822-001
F4-residual-link,X1,X3,f4-residual-link,1,0,0.4180637086356325,0.005,residual_samples/batch-1-replication-0.csv,null_statistics/batch-1-replication-0.npy,batch-f4-residual-link,10645347115543823249,9710887353267346466,8092997487506574160,0.35473919997457415,,,batch-f4-residual-link-20260822-001
F4-residual-link,X1,X3,f4-residual-link,1,1,0.44741231053157543,0.005,residual_samples/batch-1-replication-1.csv,null_statistics/batch-1-replication-1.npy,batch-f4-residual-link,13672010954512533009,5502076762099331373,1373843859422241193,0.3502178000053391,,,batch-f4-residual-link-20260822-001
F4-residual-link,X1,X3,f4-residual-link,1,2,0.48153141225057017,0.005,residual_samples/batch-1-replication-2.csv,null_statistics/batch-1-replication-2.npy,batch-f4-residual-link,12836574916862798084,15597118466745362544,15050145110703968165,0.3613623999990523,,,batch-f4-residual-link-20260822-001
F4-residual-link,X1,X3,f4-residual-link,1,3,0.43528751544540656,0.005,residual_samples/batch-1-replication-3.csv,null_statistics/batch-1-replication-3.npy,batch-f4-residual-link,13545381434843431121,12382891571428014931,12690312870536734994,0.3612672000308521,,,batch-f4-residual-link-20260822-001
F4-residual-link,X1,X3,f4-residual-link,1,4,0.4224069318190032,0.005,residual_samples/batch-1-replication-4.csv,null_statistics/batch-1-replication-4.npy,batch-f4-residual-link,14140275054293897819,1025462790307213252,8938911612341792215,0.373648900014814,,,batch-f4-residual-link-20260822-001
F4-residual-link,X1,X3,f4-residual-link,1,5,0.44415185000045243,0.005,residual_samples/batch-1-replication-5.csv,null_statistics/batch-1-replication-5.npy,batch-f4-residual-link,1039432652970830070,4276644130521652471,6944842934229654814,0.3723865000065416,,,batch-f4-residual-link-20260822-001
F4-residual-link,X1,X3,f4-residual-link,1,6,0.4418457735450361,0.005,residual_samples/batch-1-replication-6.csv,null_statistics/batch-1-replication-6.npy,batch-f4-residual-link,10856679916645275367,13109276490598946927,7394788019899026307,0.3751380000030622,,,batch-f4-residual-link-20260822-001
F4-residual-link,X1,X3,f4-residual-link,1,7,0.46202783925564805,0.005,residual_samples/batch-1-replication-7.csv,null_statistics/batch-1-replication-7.npy,batch-f4-residual-link,14851544261547556482,11179361069981361365,14687813493506410664,0.39700379996793345,,,batch-f4-residual-link-20260822-001
F4-residual-link,X1,X3,f4-residual-link,1,8,0.4636474559322177,0.005,residual_samples/batch-1-replication-8.csv,null_statistics/batch-1-replication-8.npy,batch-f4-residual-link,15055633352911011534,6391778821522148594,13457192753227969000,0.4136724999989383,,,batch-f4-residual-link-20260822-001
F4-residual-link,X1,X3,f4-residual-link,1,9,0.443363013301857,0.005,residual_samples/batch-1-replication-9.csv,null_statistics/batch-1-replication-9.npy,batch-f4-residual-link,6675830481586468045,16197701788147381906,13582455717318323534,0.35604600002989173,,,batch-f4-residual-link-20260822-001
F4-residual-link,X1,X3,f4-residual-link,2,0,0.4592062766316611,0.005,residual_samples/batch-2-replication-0.csv,null_statistics/batch-2-replication-0.npy,batch-f4-residual-link,17199496859622357017,5878007848882610421,6586403644616326107,0.37794619996566325,,,batch-f4-residual-link-20260822-001
F4-residual-link,X1,X3,f4-residual-link,2,1,0.4253136812384633,0.005,residual_samples/batch-2-replication-1.csv,null_statistics/batch-2-replication-1.npy,batch-f4-residual-link,2201028634971826065,9474967243748696124,16572788034262125526,0.3905660000164062,,,batch-f4-residual-link-20260822-001
F4-residual-link,X1,X3,f4-residual-link,2,2,0.4775284178258752,0.005,residual_samples/batch-2-replication-2.csv,null_statistics/batch-2-replication-2.npy,batch-f4-residual-link,7612053173164169248,5176731559184073312,14774113674786898923,0.3831823000218719,,,batch-f4-residual-link-20260822-001
F4-residual-link,X1,X3,f4-residual-link,2,3,0.4494949111855689,0.005,residual_samples/batch-2-replication-3.csv,null_statistics/batch-2-replication-3.npy,batch-f4-residual-link,1514572751249933659,7666403198847946954,9748494194479955948,0.3563525999779813,,,batch-f4-residual-link-20260822-001
F4-residual-link,X1,X3,f4-residual-link,2,4,0.4206752355386283,0.005,residual_samples/batch-2-replication-4.csv,null_statistics/batch-2-replication-4.npy,batch-f4-residual-link,11650345970148450415,11306329427318467870,3746125346705781855,0.37193570000818,,,batch-f4-residual-link-20260822-001
F4-residual-link,X1,X3,f4-residual-link,2,5,0.4578907929025419,0.005,residual_samples/batch-2-replication-5.csv,null_statistics/batch-2-replication-5.npy,batch-f4-residual-link,14536594890052623958,17522341702708535297,10928381177344952190,0.4997800000128336,,,batch-f4-residual-link-20260822-001
F4-residual-link,X1,X3,f4-residual-link,2,6,0.45897997210820507,0.005,residual_samples/batch-2-replication-6.csv,null_statistics/batch-2-replication-6.npy,batch-f4-residual-link,9730731934596600169,16317985871514465320,14835944423728787765,0.3819522999692708,,,batch-f4-residual-link-20260822-001
F4-residual-link,X1,X3,f4-residual-link,2,7,0.4769038094688173,0.005,residual_samples/batch-2-replication-7.csv,null_statistics/batch-2-replication-7.npy,batch-f4-residual-link,12749329602939029836,14189162883450357928,5893715186300791637,0.38258240005234256,,,batch-f4-residual-link-20260822-001
F4-residual-link,X1,X3,f4-residual-link,2,8,0.5204882767142428,0.005,residual_samples/batch-2-replication-8.csv,null_statistics/batch-2-replication-8.npy,batch-f4-residual-link,17133142259233434456,4468675953306842666,4621091432756502209,0.35636460001114756,,,batch-f4-residual-link-20260822-001
F4-residual-link,X1,X3,f4-residual-link,2,9,0.45342360213422034,0.005,residual_samples/batch-2-replication-9.csv,null_statistics/batch-2-replication-9.npy,batch-f4-residual-link,11611048723115364002,15785718983162032822,10576023425216003003,0.3678065999993123,,,batch-f4-residual-link-20260822-001
F4-residual-link,X1,X3,f4-residual-link,3,0,0.43042087538035084,0.005,residual_samples/batch-3-replication-0.csv,null_statistics/batch-3-replication-0.npy,batch-f4-residual-link,12938868470928962223,12583091791591657384,693799848100370457,0.3621786999865435,,,batch-f4-residual-link-20260822-001
F4-residual-link,X1,X3,f4-residual-link,3,1,0.45835492051581794,0.005,residual_samples/batch-3-replication-1.csv,null_statistics/batch-3-replication-1.npy,batch-f4-residual-link,18336167911787120936,16813495063676935351,8567314521375602784,0.35417449998203665,,,batch-f4-residual-link-20260822-001
F4-residual-link,X1,X3,f4-residual-link,3,2,0.47526472693522204,0.005,residual_samples/batch-3-replication-2.csv,null_statistics/batch-3-replication-2.npy,batch-f4-residual-link,17235816986192248242,13533019326588402190,249382808848951800,0.37406130001181737,,,batch-f4-residual-link-20260822-001
F4-residual-link,X1,X3,f4-residual-link,3,3,0.4434041435131704,0.005,residual_samples/batch-3-replication-3.csv,null_statistics/batch-3-replication-3.npy,batch-f4-residual-link,18064239979033553485,5618472359889834775,8772521722184480512,0.3585564000532031,,,batch-f4-residual-link-20260822-001
F4-residual-link,X1,X3,f4-residual-link,3,4,0.4713501154128242,0.005,residual_samples/batch-3-replication-4.csv,null_statistics/batch-3-replication-4.npy,batch-f4-residual-link,10489344645612096128,3846226992065310076,13515957737217264771,0.35611759999301285,,,batch-f4-residual-link-20260822-001
F4-residual-link,X1,X3,f4-residual-link,3,5,0.45020802409719335,0.005,residual_samples/batch-3-replication-5.csv,null_statistics/batch-3-replication-5.npy,batch-f4-residual-link,7129169668744389889,2292758233619283572,228631972603542493,0.3819070000317879,,,batch-f4-residual-link-20260822-001
F4-residual-link,X1,X3,f4-residual-link,3,6,0.5004835198895657,0.005,residual_samples/batch-3-replication-6.csv,null_statistics/batch-3-replication-6.npy,batch-f4-residual-link,10488863447430574736,8389030554859889780,1155471331362755332,0.38869510003132746,,,batch-f4-residual-link-20260822-001
F4-residual-link,X1,X3,f4-residual-link,3,7,0.520596834156792,0.005,residual_samples/batch-3-replication-7.csv,null_statistics/batch-3-replication-7.npy,batch-f4-residual-link,5686501646227982260,17519638361549142927,15344949226191183607,0.40447690000291914,,,batch-f4-residual-link-20260822-001
F4-residual-link,X1,X3,f4-residual-link,3,8,0.46820029643105454,0.005,residual_samples/batch-3-replication-8.csv,null_statistics/batch-3-replication-8.npy,batch-f4-residual-link,13728263976556885281,16846080690919806810,6110822219955281958,0.3790722999838181,,,batch-f4-residual-link-20260822-001
F4-residual-link,X1,X3,f4-residual-link,3,9,0.46234112366277796,0.005,residual_samples/batch-3-replication-9.csv,null_statistics/batch-3-replication-9.npy,batch-f4-residual-link,4805798348121363256,9242219017459087365,2424688146291444885,0.3712019000086002,,,batch-f4-residual-link-20260822-001
F4-residual-link,X1,X3,f4-residual-link,4,0,0.48297051151450093,0.005,residual_samples/batch-4-replication-0.csv,null_statistics/batch-4-replication-0.npy,batch-f4-residual-link,7343417413951050568,14492840678190895688,5029916783622314868,0.36951039999257773,,,batch-f4-residual-link-20260822-001
F4-residual-link,X1,X3,f4-residual-link,4,1,0.4453130832467726,0.005,residual_samples/batch-4-replication-1.csv,null_statistics/batch-4-replication-1.npy,batch-f4-residual-link,5578005432441882706,5544323995058845015,3617177692224710773,0.3603677999926731,,,batch-f4-residual-link-20260822-001
F4-residual-link,X1,X3,f4-residual-link,4,2,0.475674823563687,0.005,residual_samples/batch-4-replication-2.csv,null_statistics/batch-4-replication-2.npy,batch-f4-residual-link,17276261007429071144,556409314425612530,4322583126783448967,0.36251040000934154,,,batch-f4-residual-link-20260822-001
F4-residual-link,X1,X3,f4-residual-link,4,3,0.45207856092524284,0.005,residual_samples/batch-4-replication-3.csv,null_statistics/batch-4-replication-3.npy,batch-f4-residual-link,391853827423099227,9105096916111684332,7143135673939530518,0.3656699000275694,,,batch-f4-residual-link-20260822-001
F4-residual-link,X1,X3,f4-residual-link,4,4,0.4497522802088577,0.005,residual_samples/batch-4-replication-4.csv,null_statistics/batch-4-replication-4.npy,batch-f4-residual-link,13901690354379079139,8186910822399126912,14787676119587735928,0.355205699976068,,,batch-f4-residual-link-20260822-001
F4-residual-link,X1,X3,f4-residual-link,4,5,0.46222818780847824,0.005,residual_samples/batch-4-replication-5.csv,null_statistics/batch-4-replication-5.npy,batch-f4-residual-link,14926826151643879268,11393776386519737427,414185930703582536,0.3677232999471016,,,batch-f4-residual-link-20260822-001
F4-residual-link,X1,X3,f4-residual-link,4,6,0.4608518223293641,0.005,residual_samples/batch-4-replication-6.csv,null_statistics/batch-4-replication-6.npy,batch-f4-residual-link,13212424715913037870,1518696775358558514,17782182932379467744,0.36079439998138696,,,batch-f4-residual-link-20260822-001
F4-residual-link,X1,X3,f4-residual-link,4,7,0.48465446536086393,0.005,residual_samples/batch-4-replication-7.csv,null_statistics/batch-4-replication-7.npy,batch-f4-residual-link,7274921507548681304,6462299244137279390,14707984250207002987,0.35018040001159534,,,batch-f4-residual-link-20260822-001
F4-residual-link,X1,X3,f4-residual-link,4,8,0.45319186745829,0.005,residual_samples/batch-4-replication-8.csv,null_statistics/batch-4-replication-8.npy,batch-f4-residual-link,6246791238147804399,11174691662669481344,17820920666070395894,0.3615226999972947,,,batch-f4-residual-link-20260822-001
F4-residual-link,X1,X3,f4-residual-link,4,9,0.4595115028616857,0.005,residual_samples/batch-4-replication-9.csv,null_statistics/batch-4-replication-9.npy,batch-f4-residual-link,2207753610053453928,3822359787757308129,17576465355110056093,0.3648589000222273,,,batch-f4-residual-link-20260822-001
F4-residual-link,X1,X3,f4-residual-link,5,0,0.4241347323293373,0.005,residual_samples/batch-5-replication-0.csv,null_statistics/batch-5-replication-0.npy,batch-f4-residual-link,13272974550711617980,3765196194353451993,14485088214013502638,0.36293830000795424,,,batch-f4-residual-link-20260822-001
F4-residual-link,X1,X3,f4-residual-link,5,1,0.4457677674819091,0.005,residual_samples/batch-5-replication-1.csv,null_statistics/batch-5-replication-1.npy,batch-f4-residual-link,14188495454734666663,11141742207898968650,2242299435063323420,0.3595710000372492,,,batch-f4-residual-link-20260822-001
F4-residual-link,X1,X3,f4-residual-link,5,2,0.438537419689239,0.005,residual_samples/batch-5-replication-2.csv,null_statistics/batch-5-replication-2.npy,batch-f4-residual-link,15925295586337333761,15823987736292752320,11513159446669664216,0.34639949997654185,,,batch-f4-residual-link-20260822-001
F4-residual-link,X1,X3,f4-residual-link,5,3,0.4450159944290306,0.005,residual_samples/batch-5-replication-3.csv,null_statistics/batch-5-replication-3.npy,batch-f4-residual-link,6318177130215919808,6410167911159040564,9668811684647884641,0.3617828999995254,,,batch-f4-residual-link-20260822-001
F4-residual-link,X1,X3,f4-residual-link,5,4,0.44296246697055586,0.005,residual_samples/batch-5-replication-4.csv,null_statistics/batch-5-replication-4.npy,batch-f4-residual-link,15325437809158981893,15300248541914216702,92385970084945620,0.35094849998131394,,,batch-f4-residual-link-20260822-001
F4-residual-link,X1,X3,f4-residual-link,5,5,0.4611201844343952,0.005,residual_samples/batch-5-replication-5.csv,null_statistics/batch-5-replication-5.npy,batch-f4-residual-link,7994441484206435898,2905611343057141658,4009029081406209786,0.3567062999936752,,,batch-f4-residual-link-20260822-001
F4-residual-link,X1,X3,f4-residual-link,5,6,0.45014083265377225,0.005,residual_samples/batch-5-replication-6.csv,null_statistics/batch-5-replication-6.npy,batch-f4-residual-link,5310312477130620,14435478961780760814,15888294841388718638,0.3630387000157498,,,batch-f4-residual-link-20260822-001
F4-residual-link,X1,X3,f4-residual-link,5,7,0.43249723254286154,0.005,residual_samples/batch-5-replication-7.csv,null_statistics/batch-5-replication-7.npy,batch-f4-residual-link,7694274054500528680,10662232983019519555,15113111747744847539,0.34386299998732284,,,batch-f4-residual-link-20260822-001
F4-residual-link,X1,X3,f4-residual-link,5,8,0.45004669728330315,0.005,residual_samples/batch-5-replication-8.csv,null_statistics/batch-5-replication-8.npy,batch-f4-residual-link,8844772161260115719,3020204259487932270,7100763577047341574,0.3632309000240639,,,batch-f4-residual-link-20260822-001
F4-residual-link,X1,X3,f4-residual-link,5,9,0.4705052137828644,0.005,residual_samples/batch-5-replication-9.csv,null_statistics/batch-5-replication-9.npy,batch-f4-residual-link,5288604511458982494,14577865419870604239,1042576391486409351,0.3887432999908924,,,batch-f4-residual-link-20260822-001
F4-residual-link,X1,X3,f4-residual-link,6,0,0.4786582145525112,0.005,residual_samples/batch-6-replication-0.csv,null_statistics/batch-6-replication-0.npy,batch-f4-residual-link,12441787728160867131,9609931911886734286,1999358707985774287,0.36002170003484935,,,batch-f4-residual-link-20260822-001
F4-residual-link,X1,X3,f4-residual-link,6,1,0.4877854968428199,0.005,residual_samples/batch-6-replication-1.csv,null_statistics/batch-6-replication-1.npy,batch-f4-residual-link,16491781079499145509,11255235038053718153,17321912431362352188,0.3624489000067115,,,batch-f4-residual-link-20260822-001
F4-residual-link,X1,X3,f4-residual-link,6,2,0.4552588747269154,0.005,residual_samples/batch-6-replication-2.csv,null_statistics/batch-6-replication-2.npy,batch-f4-residual-link,11895842373018379135,12645334473003465071,9871482313795407005,0.3689289999892935,,,batch-f4-residual-link-20260822-001
F4-residual-link,X1,X3,f4-residual-link,6,3,0.4450812505046481,0.005,residual_samples/batch-6-replication-3.csv,null_statistics/batch-6-replication-3.npy,batch-f4-residual-link,14582105768023055596,8251847083921839860,17510241446841903664,0.3895113000180572,,,batch-f4-residual-link-20260822-001
F4-residual-link,X1,X3,f4-residual-link,6,4,0.4687767808484368,0.005,residual_samples/batch-6-replication-4.csv,null_statistics/batch-6-replication-4.npy,batch-f4-residual-link,13277930686503125376,4716216082378038148,13976600982192478191,0.3678989000036381,,,batch-f4-residual-link-20260822-001
F4-residual-link,X1,X3,f4-residual-link,6,5,0.4558806700145385,0.005,residual_samples/batch-6-replication-5.csv,null_statistics/batch-6-replication-5.npy,batch-f4-residual-link,3781922657559866166,15653803865957609793,14244792018205427827,0.37348270002985373,,,batch-f4-residual-link-20260822-001
F4-residual-link,X1,X3,f4-residual-link,6,6,0.4662092268438153,0.005,residual_samples/batch-6-replication-6.csv,null_statistics/batch-6-replication-6.npy,batch-f4-residual-link,603464008734074702,2811088507075883773,16905493835829503068,0.3619355999981053,,,batch-f4-residual-link-20260822-001
F4-residual-link,X1,X3,f4-residual-link,6,7,0.4413922911939142,0.005,residual_samples/batch-6-replication-7.csv,null_statistics/batch-6-replication-7.npy,batch-f4-residual-link,14267064330379331737,74802556213169185,11696346013397780515,0.357545500039123,,,batch-f4-residual-link-20260822-001
F4-residual-link,X1,X3,f4-residual-link,6,8,0.5269498263904792,0.005,residual_samples/batch-6-replication-8.csv,null_statistics/batch-6-replication-8.npy,batch-f4-residual-link,3042421448628540580,14854497041217708222,15081679002878831109,0.34039800002938136,,,batch-f4-residual-link-20260822-001
F4-residual-link,X1,X3,f4-residual-link,6,9,0.4577729023832491,0.005,residual_samples/batch-6-replication-9.csv,null_statistics/batch-6-replication-9.npy,batch-f4-residual-link,10180275509499455284,1874338687516818161,2009394755565797880,0.3441626999992877,,,batch-f4-residual-link-20260822-001
F4-residual-link,X1,X3,f4-residual-link,7,0,0.4178460692323243,0.005,residual_samples/batch-7-replication-0.csv,null_statistics/batch-7-replication-0.npy,batch-f4-residual-link,14801202520276316691,12315868992317792679,3223083194864639270,0.34339280001586303,,,batch-f4-residual-link-20260822-001
F4-residual-link,X1,X3,f4-residual-link,7,1,0.4376687189466796,0.005,residual_samples/batch-7-replication-1.csv,null_statistics/batch-7-replication-1.npy,batch-f4-residual-link,12836515960255742018,9518527654557644902,5401961075129635234,0.35089139995398,,,batch-f4-residual-link-20260822-001
F4-residual-link,X1,X3,f4-residual-link,7,2,0.44311749912223947,0.005,residual_samples/batch-7-replication-2.csv,null_statistics/batch-7-replication-2.npy,batch-f4-residual-link,5548305259768205769,1573508164824665605,16223009382675284108,0.35263410001061857,,,batch-f4-residual-link-20260822-001
F4-residual-link,X1,X3,f4-residual-link,7,3,0.4962131842485551,0.005,residual_samples/batch-7-replication-3.csv,null_statistics/batch-7-replication-3.npy,batch-f4-residual-link,2296002149229639327,10761624052752819099,7661093599425052075,0.3516828999854624,,,batch-f4-residual-link-20260822-001
F4-residual-link,X1,X3,f4-residual-link,7,4,0.47611044252011897,0.005,residual_samples/batch-7-replication-4.csv,null_statistics/batch-7-replication-4.npy,batch-f4-residual-link,6003677714539543255,15831165508982116793,5410945520151346232,0.3583024999825284,,,batch-f4-residual-link-20260822-001
F4-residual-link,X1,X3,f4-residual-link,7,5,0.4510716447022704,0.005,residual_samples/batch-7-replication-5.csv,null_statistics/batch-7-replication-5.npy,batch-f4-residual-link,6916997987633612974,12787870806747931374,10989845379442293048,0.34801539999898523,,,batch-f4-residual-link-20260822-001
F4-residual-link,X1,X3,f4-residual-link,7,6,0.4714656693041683,0.005,residual_samples/batch-7-replication-6.csv,null_statistics/batch-7-replication-6.npy,batch-f4-residual-link,16794399074537403441,2348449225941100872,17478537213403907946,0.34772809996502474,,,batch-f4-residual-link-20260822-001
F4-residual-link,X1,X3,f4-residual-link,7,7,0.464504281564306,0.005,residual_samples/batch-7-replication-7.csv,null_statistics/batch-7-replication-7.npy,batch-f4-residual-link,15276442742565785785,15787445651783089977,188964779922221696,0.3533785000327043,,,batch-f4-residual-link-20260822-001
F4-residual-link,X1,X3,f4-residual-link,7,8,0.4687454061552228,0.005,residual_samples/batch-7-replication-8.csv,null_statistics/batch-7-replication-8.npy,batch-f4-residual-link,1946313594818434214,7463460813071844508,14475047165264029765,0.35134110000217333,,,batch-f4-residual-link-20260822-001
F4-residual-link,X1,X3,f4-residual-link,7,9,0.4552370887030474,0.005,residual_samples/batch-7-replication-9.csv,null_statistics/batch-7-replication-9.npy,batch-f4-residual-link,6355483521804034168,3556613494236501934,5591853752802087511,0.34836429997812957,,,batch-f4-residual-link-20260822-001
F4-residual-link,X1,X3,f4-residual-link,8,0,0.44120799783200504,0.005,residual_samples/batch-8-replication-0.csv,null_statistics/batch-8-replication-0.npy,batch-f4-residual-link,17898399325914481917,6504805155836991302,9376583128621443094,0.35388150002108887,,,batch-f4-residual-link-20260822-001
F4-residual-link,X1,X3,f4-residual-link,8,1,0.5192308288908619,0.005,residual_samples/batch-8-replication-1.csv,null_statistics/batch-8-replication-1.npy,batch-f4-residual-link,3751758497040989599,8850470356844522407,12204637004123931186,0.37389129999792203,,,batch-f4-residual-link-20260822-001
F4-residual-link,X1,X3,f4-residual-link,8,2,0.44267253935714496,0.005,residual_samples/batch-8-replication-2.csv,null_statistics/batch-8-replication-2.npy,batch-f4-residual-link,15435148795137326070,5988777674189958641,18321760541750962127,0.395118199987337,,,batch-f4-residual-link-20260822-001
F4-residual-link,X1,X3,f4-residual-link,8,3,0.47107388599065847,0.005,residual_samples/batch-8-replication-3.csv,null_statistics/batch-8-replication-3.npy,batch-f4-residual-link,9497377714616946434,176370527700772808,5285667982864246377,0.3818444000207819,,,batch-f4-residual-link-20260822-001
F4-residual-link,X1,X3,f4-residual-link,8,4,0.438585850998714,0.005,residual_samples/batch-8-replication-4.csv,null_statistics/batch-8-replication-4.npy,batch-f4-residual-link,7682042098020073473,3498712702502316166,9074373615573238170,0.3457875999738462,,,batch-f4-residual-link-20260822-001
F4-residual-link,X1,X3,f4-residual-link,8,5,0.47998667142704804,0.005,residual_samples/batch-8-replication-5.csv,null_statistics/batch-8-replication-5.npy,batch-f4-residual-link,10141772765849476167,9680008073038731441,6443879558289295412,0.3587722000083886,,,batch-f4-residual-link-20260822-001
F4-residual-link,X1,X3,f4-residual-link,8,6,0.4776788643774539,0.005,residual_samples/batch-8-replication-6.csv,null_statistics/batch-8-replication-6.npy,batch-f4-residual-link,7493505083852745198,13299688507223250205,1449646915855123800,0.3613948000129312,,,batch-f4-residual-link-20260822-001
F4-residual-link,X1,X3,f4-residual-link,8,7,0.48946407944862724,0.005,residual_samples/batch-8-replication-7.csv,null_statistics/batch-8-replication-7.npy,batch-f4-residual-link,5894943556754237465,7730661154836158547,17836142979777179690,0.36005740001564845,,,batch-f4-residual-link-20260822-001
F4-residual-link,X1,X3,f4-residual-link,8,8,0.4386587195868143,0.005,residual_samples/batch-8-replication-8.csv,null_statistics/batch-8-replication-8.npy,batch-f4-residual-link,11594591606098290140,287493263627443149,17896338256238030300,0.36336560000199825,,,batch-f4-residual-link-20260822-001
F4-residual-link,X1,X3,f4-residual-link,8,9,0.4829571452384044,0.005,residual_samples/batch-8-replication-9.csv,null_statistics/batch-8-replication-9.npy,batch-f4-residual-link,4820739591599028061,3255646960904215190,10769682444992760521,0.35296639997977763,,,batch-f4-residual-link-20260822-001
F4-residual-link,X1,X3,f4-residual-link,9,0,0.4551513939415844,0.005,residual_samples/batch-9-replication-0.csv,null_statistics/batch-9-replication-0.npy,batch-f4-residual-link,5405449728028974047,12502458824755163756,15147143736372142140,0.3549414000008255,,,batch-f4-residual-link-20260822-001
F4-residual-link,X1,X3,f4-residual-link,9,1,0.4727049789752376,0.005,residual_samples/batch-9-replication-1.csv,null_statistics/batch-9-replication-1.npy,batch-f4-residual-link,16425036114004950845,9064577004891219488,14173722753908003810,0.3569965999922715,,,batch-f4-residual-link-20260822-001
F4-residual-link,X1,X3,f4-residual-link,9,2,0.44205918121090915,0.005,residual_samples/batch-9-replication-2.csv,null_statistics/batch-9-replication-2.npy,batch-f4-residual-link,14966765932469015788,4647447041006632451,983867643619459263,0.36143600003561005,,,batch-f4-residual-link-20260822-001
F4-residual-link,X1,X3,f4-residual-link,9,3,0.4959431794860944,0.005,residual_samples/batch-9-replication-3.csv,null_statistics/batch-9-replication-3.npy,batch-f4-residual-link,7316958256857662335,18143627115127189524,8840282578304644941,0.3580358999897726,,,batch-f4-residual-link-20260822-001
F4-residual-link,X1,X3,f4-residual-link,9,4,0.45180763298601906,0.005,residual_samples/batch-9-replication-4.csv,null_statistics/batch-9-replication-4.npy,batch-f4-residual-link,7037189796644297203,8162204016632759491,14481379515357576952,0.3554594000452198,,,batch-f4-residual-link-20260822-001
F4-residual-link,X1,X3,f4-residual-link,9,5,0.47367446843377753,0.005,residual_samples/batch-9-replication-5.csv,null_statistics/batch-9-replication-5.npy,batch-f4-residual-link,10454950844563368869,6925414732233487278,3119558866383501810,0.3536632999894209,,,batch-f4-residual-link-20260822-001
F4-residual-link,X1,X3,f4-residual-link,9,6,0.4575948789244424,0.005,residual_samples/batch-9-replication-6.csv,null_statistics/batch-9-replication-6.npy,batch-f4-residual-link,12065180579952321175,544315128300591188,7378801034705933275,0.35973040002863854,,,batch-f4-residual-link-20260822-001
F4-residual-link,X1,X3,f4-residual-link,9,7,0.4809193801862339,0.005,residual_samples/batch-9-replication-7.csv,null_statistics/batch-9-replication-7.npy,batch-f4-residual-link,13148438654421256998,9019261993576688378,16598572521913473679,0.35370189999230206,,,batch-f4-residual-link-20260822-001
F4-residual-link,X1,X3,f4-residual-link,9,8,0.43539324732788004,0.005,residual_samples/batch-9-replication-8.csv,null_statistics/batch-9-replication-8.npy,batch-f4-residual-link,3656123322310769092,1679816816165649867,17635254288765727276,0.35310230002505705,,,batch-f4-residual-link-20260822-001
F4-residual-link,X1,X3,f4-residual-link,9,9,0.46447748803776795,0.005,residual_samples/batch-9-replication-9.csv,null_statistics/batch-9-replication-9.npy,batch-f4-residual-link,3474037457403156908,18080015629002728176,9304773052987724106,0.35466779995476827,,,batch-f4-residual-link-20260822-001
F4-residual-link,X1,X3,f4-residual-link,10,0,0.476369831582699,0.005,residual_samples/batch-10-replication-0.csv,null_statistics/batch-10-replication-0.npy,batch-f4-residual-link,11407168430389601344,10439233029193261957,12992028980048964312,0.3711011999985203,,,batch-f4-residual-link-20260822-001
F4-residual-link,X1,X3,f4-residual-link,10,1,0.4694080195819823,0.005,residual_samples/batch-10-replication-1.csv,null_statistics/batch-10-replication-1.npy,batch-f4-residual-link,10090422167551450079,5052716516544391969,16761458564825549308,0.37809350003954023,,,batch-f4-residual-link-20260822-001
F4-residual-link,X1,X3,f4-residual-link,10,2,0.45820787415946357,0.005,residual_samples/batch-10-replication-2.csv,null_statistics/batch-10-replication-2.npy,batch-f4-residual-link,3082968582623769443,237670458091998067,10977003855621710623,0.41516269999556243,,,batch-f4-residual-link-20260822-001
F4-residual-link,X1,X3,f4-residual-link,10,3,0.5121029039244517,0.005,residual_samples/batch-10-replication-3.csv,null_statistics/batch-10-replication-3.npy,batch-f4-residual-link,15730997312437725362,439554454597468568,13543596276081063065,0.41934020002372563,,,batch-f4-residual-link-20260822-001
F4-residual-link,X1,X3,f4-residual-link,10,4,0.4737788937425698,0.005,residual_samples/batch-10-replication-4.csv,null_statistics/batch-10-replication-4.npy,batch-f4-residual-link,2766344505069911926,8054282220162505905,17765281477261048558,0.43392399995354936,,,batch-f4-residual-link-20260822-001
F4-residual-link,X1,X3,f4-residual-link,10,5,0.4296106003368098,0.005,residual_samples/batch-10-replication-5.csv,null_statistics/batch-10-replication-5.npy,batch-f4-residual-link,3905861823060127907,8991548358109797536,10595632853828725894,0.4229200999834575,,,batch-f4-residual-link-20260822-001
F4-residual-link,X1,X3,f4-residual-link,10,6,0.5060603584954422,0.005,residual_samples/batch-10-replication-6.csv,null_statistics/batch-10-replication-6.npy,batch-f4-residual-link,3798597447002566306,12270144726000246445,600724633825146078,0.4262672999757342,,,batch-f4-residual-link-20260822-001
F4-residual-link,X1,X3,f4-residual-link,10,7,0.40508318219358935,0.005,residual_samples/batch-10-replication-7.csv,null_statistics/batch-10-replication-7.npy,batch-f4-residual-link,12847989447880843831,11831192578423274101,8154180991448437259,0.4635258999769576,,,batch-f4-residual-link-20260822-001
F4-residual-link,X1,X3,f4-residual-link,10,8,0.4413438170434932,0.005,residual_samples/batch-10-replication-8.csv,null_statistics/batch-10-replication-8.npy,batch-f4-residual-link,1727959585586188449,17905341117864991314,1608218853884839883,0.4331874999916181,,,batch-f4-residual-link-20260822-001
F4-residual-link,X1,X3,f4-residual-link,10,9,0.4635496945592905,0.005,residual_samples/batch-10-replication-9.csv,null_statistics/batch-10-replication-9.npy,batch-f4-residual-link,10763152908050666231,15756367013447655282,16266101708082356388,0.3845092999981716,,,batch-f4-residual-link-20260822-001
F4-residual-link,X1,X3,f4-residual-link,11,0,0.4394031093541785,0.005,residual_samples/batch-11-replication-0.csv,null_statistics/batch-11-replication-0.npy,batch-f4-residual-link,1971610193185060714,13531453700184965306,6168938324798374738,0.4071103999740444,,,batch-f4-residual-link-20260822-001
F4-residual-link,X1,X3,f4-residual-link,11,1,0.46061922974457714,0.005,residual_samples/batch-11-replication-1.csv,null_statistics/batch-11-replication-1.npy,batch-f4-residual-link,11085556043284101391,6144841806154680154,16322651059709496114,0.4725322999875061,,,batch-f4-residual-link-20260822-001
F4-residual-link,X1,X3,f4-residual-link,11,2,0.5014820386942598,0.005,residual_samples/batch-11-replication-2.csv,null_statistics/batch-11-replication-2.npy,batch-f4-residual-link,17382742458436232610,11817590742282495771,16481003680311608415,0.42363259999547154,,,batch-f4-residual-link-20260822-001
F4-residual-link,X1,X3,f4-residual-link,11,3,0.45420410096891006,0.005,residual_samples/batch-11-replication-3.csv,null_statistics/batch-11-replication-3.npy,batch-f4-residual-link,10651004511110405751,4756358860169623705,11299494669967398656,0.43029200000455603,,,batch-f4-residual-link-20260822-001
F4-residual-link,X1,X3,f4-residual-link,11,4,0.43235695290899545,0.005,residual_samples/batch-11-replication-4.csv,null_statistics/batch-11-replication-4.npy,batch-f4-residual-link,9483001649337564061,17874016438397320007,10020898053476514202,0.4619283000356518,,,batch-f4-residual-link-20260822-001
F4-residual-link,X1,X3,f4-residual-link,11,5,0.44110283528048144,0.005,residual_samples/batch-11-replication-5.csv,null_statistics/batch-11-replication-5.npy,batch-f4-residual-link,6484874328392291837,16581677606048335160,10075030141214433870,0.4924699999974109,,,batch-f4-residual-link-20260822-001
F4-residual-link,X1,X3,f4-residual-link,11,6,0.48149080649067827,0.005,residual_samples/batch-11-replication-6.csv,null_statistics/batch-11-replication-6.npy,batch-f4-residual-link,9637592819551207822,15689270243712886480,16418332806712244303,0.45939740003086627,,,batch-f4-residual-link-20260822-001
F4-residual-link,X1,X3,f4-residual-link,11,7,0.4575247041179061,0.005,residual_samples/batch-11-replication-7.csv,null_statistics/batch-11-replication-7.npy,batch-f4-residual-link,9593244053122944344,13396651455247754344,3861667326014003235,0.41015769995283335,,,batch-f4-residual-link-20260822-001
F4-residual-link,X1,X3,f4-residual-link,11,8,0.4583405515274397,0.005,residual_samples/batch-11-replication-8.csv,null_statistics/batch-11-replication-8.npy,batch-f4-residual-link,912564067203434190,11700320935683506564,7095798072610121761,0.435285700019449,,,batch-f4-residual-link-20260822-001
F4-residual-link,X1,X3,f4-residual-link,11,9,0.4488421685792905,0.005,residual_samples/batch-11-replication-9.csv,null_statistics/batch-11-replication-9.npy,batch-f4-residual-link,16038045886371523396,2649043054934516352,13145246080569842495,0.4123441000119783,,,batch-f4-residual-link-20260822-001
F4-residual-link,X1,X3,f4-residual-link,12,0,0.42752972081243223,0.005,residual_samples/batch-12-replication-0.csv,null_statistics/batch-12-replication-0.npy,batch-f4-residual-link,17011966623282783832,9528769892637265636,14601333580471402350,0.42422590003116056,,,batch-f4-residual-link-20260822-001
F4-residual-link,X1,X3,f4-residual-link,12,1,0.409827550457266,0.005,residual_samples/batch-12-replication-1.csv,null_statistics/batch-12-replication-1.npy,batch-f4-residual-link,1820950615290140450,12022638063025551386,18052803085936994785,0.5426201000227593,,,batch-f4-residual-link-20260822-001
F4-residual-link,X1,X3,f4-residual-link,12,2,0.4155869105339469,0.005,residual_samples/batch-12-replication-2.csv,null_statistics/batch-12-replication-2.npy,batch-f4-residual-link,18288251175643653616,7596483639000897323,2880135014560074524,0.4267775000189431,,,batch-f4-residual-link-20260822-001
F4-residual-link,X1,X3,f4-residual-link,12,3,0.45505487430411906,0.005,residual_samples/batch-12-replication-3.csv,null_statistics/batch-12-replication-3.npy,batch-f4-residual-link,11248103827780895367,7126546907494179850,7588661084794945350,0.5016478999750689,,,batch-f4-residual-link-20260822-001
F4-residual-link,X1,X3,f4-residual-link,12,4,0.45231734825105463,0.005,residual_samples/batch-12-replication-4.csv,null_statistics/batch-12-replication-4.npy,batch-f4-residual-link,1186467885817574794,9027567976405712860,196611764427141089,0.4556451999815181,,,batch-f4-residual-link-20260822-001
F4-residual-link,X1,X3,f4-residual-link,12,5,0.48787038780690994,0.005,residual_samples/batch-12-replication-5.csv,null_statistics/batch-12-replication-5.npy,batch-f4-residual-link,1842391069958036716,13366735093034744504,6188907421754561664,0.40272839996032417,,,batch-f4-residual-link-20260822-001
F4-residual-link,X1,X3,f4-residual-link,12,6,0.4878582511247724,0.005,residual_samples/batch-12-replication-6.csv,null_statistics/batch-12-replication-6.npy,batch-f4-residual-link,16899955799080087034,16813298233864950242,10781117496220864059,0.4091210000333376,,,batch-f4-residual-link-20260822-001
F4-residual-link,X1,X3,f4-residual-link,12,7,0.4901428123268072,0.005,residual_samples/batch-12-replication-7.csv,null_statistics/batch-12-replication-7.npy,batch-f4-residual-link,12041759762904444888,17357728739144306425,9180376795237660882,0.45876080001471564,,,batch-f4-residual-link-20260822-001
F4-residual-link,X1,X3,f4-residual-link,12,8,0.4771627943709626,0.005,residual_samples/batch-12-replication-8.csv,null_statistics/batch-12-replication-8.npy,batch-f4-residual-link,7816617627236266255,17979218969954404366,941484933911950062,0.42606540000997484,,,batch-f4-residual-link-20260822-001
F4-residual-link,X1,X3,f4-residual-link,12,9,0.4609512087397646,0.005,residual_samples/batch-12-replication-9.csv,null_statistics/batch-12-replication-9.npy,batch-f4-residual-link,18189534617254135085,14640183654649106212,1234187375053082900,0.4232147000147961,,,batch-f4-residual-link-20260822-001
F4-residual-link,X1,X3,f4-residual-link,13,0,0.44347959042636864,0.005,residual_samples/batch-13-replication-0.csv,null_statistics/batch-13-replication-0.npy,batch-f4-residual-link,7842490889432980923,11355503690727729630,1918207080470721467,0.4499436999903992,,,batch-f4-residual-link-20260822-001
F4-residual-link,X1,X3,f4-residual-link,13,1,0.466259249623066,0.005,residual_samples/batch-13-replication-1.csv,null_statistics/batch-13-replication-1.npy,batch-f4-residual-link,12868985488059527221,5317126954411516262,3365684261004667160,0.42222300003049895,,,batch-f4-residual-link-20260822-001
F4-residual-link,X1,X3,f4-residual-link,13,2,0.44776271604853934,0.005,residual_samples/batch-13-replication-2.csv,null_statistics/batch-13-replication-2.npy,batch-f4-residual-link,4154226619787777703,8546668424314109766,11948612226977344060,0.4217232000082731,,,batch-f4-residual-link-20260822-001
F4-residual-link,X1,X3,f4-residual-link,13,3,0.4625337754558828,0.005,residual_samples/batch-13-replication-3.csv,null_statistics/batch-13-replication-3.npy,batch-f4-residual-link,2985904464364209247,14206926118584206712,8527446553568003836,0.3775300999986939,,,batch-f4-residual-link-20260822-001
F4-residual-link,X1,X3,f4-residual-link,13,4,0.4578635260786563,0.005,residual_samples/batch-13-replication-4.csv,null_statistics/batch-13-replication-4.npy,batch-f4-residual-link,12482966081111966577,5036356723005598323,14244250781611796567,0.416030700027477,,,batch-f4-residual-link-20260822-001
F4-residual-link,X1,X3,f4-residual-link,13,5,0.4733774271904137,0.005,residual_samples/batch-13-replication-5.csv,null_statistics/batch-13-replication-5.npy,batch-f4-residual-link,9284176139146877777,1167486859032219987,10826846827363524998,0.4352536000078544,,,batch-f4-residual-link-20260822-001
F4-residual-link,X1,X3,f4-residual-link,13,6,0.46322543074174266,0.005,residual_samples/batch-13-replication-6.csv,null_statistics/batch-13-replication-6.npy,batch-f4-residual-link,285270237913711489,6465847635387479730,12468642782460482033,0.4262441999744624,,,batch-f4-residual-link-20260822-001
F4-residual-link,X1,X3,f4-residual-link,13,7,0.46753059760549354,0.005,residual_samples/batch-13-replication-7.csv,null_statistics/batch-13-replication-7.npy,batch-f4-residual-link,15102084271568508887,15111704489323347827,16052701510364554498,0.504129400011152,,,batch-f4-residual-link-20260822-001
F4-residual-link,X1,X3,f4-residual-link,13,8,0.4216087054255623,0.005,residual_samples/batch-13-replication-8.csv,null_statistics/batch-13-replication-8.npy,batch-f4-residual-link,2798290103773477977,3638966320308212664,5929105243772816152,0.47638830001233146,,,batch-f4-residual-link-20260822-001
F4-residual-link,X1,X3,f4-residual-link,13,9,0.4429633485759332,0.005,residual_samples/batch-13-replication-9.csv,null_statistics/batch-13-replication-9.npy,batch-f4-residual-link,14930105950995538443,18393133249867317268,5776319061042361921,0.46214670001063496,,,batch-f4-residual-link-20260822-001
F4-residual-link,X1,X3,f4-residual-link,14,0,0.45865385150541294,0.005,residual_samples/batch-14-replication-0.csv,null_statistics/batch-14-replication-0.npy,batch-f4-residual-link,10406612233278872546,13559043877953596836,4409341629306404909,0.40808099997229874,,,batch-f4-residual-link-20260822-001
F4-residual-link,X1,X3,f4-residual-link,14,1,0.5030255432855691,0.005,residual_samples/batch-14-replication-1.csv,null_statistics/batch-14-replication-1.npy,batch-f4-residual-link,4987057829925241100,11710140662124222476,13017577669656665736,0.444331000035163,,,batch-f4-residual-link-20260822-001
F4-residual-link,X1,X3,f4-residual-link,14,2,0.4701554540512181,0.005,residual_samples/batch-14-replication-2.csv,null_statistics/batch-14-replication-2.npy,batch-f4-residual-link,17780983340089562612,16002218355872973383,4077430466572241298,0.4327241000137292,,,batch-f4-residual-link-20260822-001
F4-residual-link,X1,X3,f4-residual-link,14,3,0.44226032708442764,0.005,residual_samples/batch-14-replication-3.csv,null_statistics/batch-14-replication-3.npy,batch-f4-residual-link,6728425063668765142,17431488378814854667,4930502033607515650,0.43762749998131767,,,batch-f4-residual-link-20260822-001
F4-residual-link,X1,X3,f4-residual-link,14,4,0.48200477556721333,0.005,residual_samples/batch-14-replication-4.csv,null_statistics/batch-14-replication-4.npy,batch-f4-residual-link,4644108582147559502,12121930329723407449,5476729576956151165,0.567989100003615,,,batch-f4-residual-link-20260822-001
F4-residual-link,X1,X3,f4-residual-link,14,5,0.47187574717544944,0.005,residual_samples/batch-14-replication-5.csv,null_statistics/batch-14-replication-5.npy,batch-f4-residual-link,4655942976771390183,16592221494997037927,9244727652390365461,0.520009400031995,,,batch-f4-residual-link-20260822-001
F4-residual-link,X1,X3,f4-residual-link,14,6,0.44778636619095713,0.005,residual_samples/batch-14-replication-6.csv,null_statistics/batch-14-replication-6.npy,batch-f4-residual-link,2984631045732878354,14597307979979182005,15089521772570924090,0.5160882999771275,,,batch-f4-residual-link-20260822-001
F4-residual-link,X1,X3,f4-residual-link,14,7,0.48368210773787496,0.005,residual_samples/batch-14-replication-7.csv,null_statistics/batch-14-replication-7.npy,batch-f4-residual-link,18050173745592759720,16641359057834472409,11756269532650334296,0.4053569999523461,,,batch-f4-residual-link-20260822-001
F4-residual-link,X1,X3,f4-residual-link,14,8,0.47188300551058987,0.005,residual_samples/batch-14-replication-8.csv,null_statistics/batch-14-replication-8.npy,batch-f4-residual-link,16201309822283226953,13650909494467846119,17094863412010578404,0.4428044999949634,,,batch-f4-residual-link-20260822-001
F4-residual-link,X1,X3,f4-residual-link,14,9,0.4601035995783787,0.005,residual_samples/batch-14-replication-9.csv,null_statistics/batch-14-replication-9.npy,batch-f4-residual-link,4210978068039736010,7687251516674401868,4502903374894305362,0.42844260000856593,,,batch-f4-residual-link-20260822-001
F4-residual-link,X1,X3,f4-residual-link,15,0,0.41516373863966793,0.005,residual_samples/batch-15-replication-0.csv,null_statistics/batch-15-replication-0.npy,batch-f4-residual-link,18069316424211357420,8876475478352545569,7667367504224888743,0.4508790000109002,,,batch-f4-residual-link-20260822-001
F4-residual-link,X1,X3,f4-residual-link,15,1,0.44778702955154714,0.005,residual_samples/batch-15-replication-1.csv,null_statistics/batch-15-replication-1.npy,batch-f4-residual-link,17544438676660565568,4065823038807848786,3259662294517102828,0.4292520000017248,,,batch-f4-residual-link-20260822-001
F4-residual-link,X1,X3,f4-residual-link,15,2,0.406483348519097,0.005,residual_samples/batch-15-replication-2.csv,null_statistics/batch-15-replication-2.npy,batch-f4-residual-link,9616788877650268556,16597732573377298037,11605329742029266541,0.47234770003706217,,,batch-f4-residual-link-20260822-001
F4-residual-link,X1,X3,f4-residual-link,15,3,0.469590802944427,0.005,residual_samples/batch-15-replication-3.csv,null_statistics/batch-15-replication-3.npy,batch-f4-residual-link,3306514984860143963,16879601029199586633,11194882108784841538,0.42495190002955496,,,batch-f4-residual-link-20260822-001
F4-residual-link,X1,X3,f4-residual-link,15,4,0.4582635074281892,0.005,residual_samples/batch-15-replication-4.csv,null_statistics/batch-15-replication-4.npy,batch-f4-residual-link,1320551901623055729,6987226860832777952,16125790423081062935,0.4401676999987103,,,batch-f4-residual-link-20260822-001
F4-residual-link,X1,X3,f4-residual-link,15,5,0.46479340831859933,0.005,residual_samples/batch-15-replication-5.csv,null_statistics/batch-15-replication-5.npy,batch-f4-residual-link,2193426457649862756,17800084852075876450,8862060711161867945,0.44141899998066947,,,batch-f4-residual-link-20260822-001
F4-residual-link,X1,X3,f4-residual-link,15,6,0.48789334150968733,0.005,residual_samples/batch-15-replication-6.csv,null_statistics/batch-15-replication-6.npy,batch-f4-residual-link,6877032106234737038,10978399951894634688,17292768400535350291,0.4651723999995738,,,batch-f4-residual-link-20260822-001
F4-residual-link,X1,X3,f4-residual-link,15,7,0.46262600269511756,0.005,residual_samples/batch-15-replication-7.csv,null_statistics/batch-15-replication-7.npy,batch-f4-residual-link,360494996195129378,5889986027561271939,15439965297758875146,0.46854430000530556,,,batch-f4-residual-link-20260822-001
F4-residual-link,X1,X3,f4-residual-link,15,8,0.4643028889666779,0.005,residual_samples/batch-15-replication-8.csv,null_statistics/batch-15-replication-8.npy,batch-f4-residual-link,4527751708627525541,5925660632107645020,2577137242098588005,0.4209151999675669,,,batch-f4-residual-link-20260822-001
F4-residual-link,X1,X3,f4-residual-link,15,9,0.4482410224465048,0.005,residual_samples/batch-15-replication-9.csv,null_statistics/batch-15-replication-9.npy,batch-f4-residual-link,6631080149475501083,11154676225448969584,9519913468365951085,0.4493044000118971,,,batch-f4-residual-link-20260822-001
F4-residual-link,X1,X3,f4-residual-link,16,0,0.4615587239997134,0.005,residual_samples/batch-16-replication-0.csv,null_statistics/batch-16-replication-0.npy,batch-f4-residual-link,9632070350931202196,10294310512342752007,11501369248419854955,0.4189835999859497,,,batch-f4-residual-link-20260822-001
F4-residual-link,X1,X3,f4-residual-link,16,1,0.4507206811839909,0.005,residual_samples/batch-16-replication-1.csv,null_statistics/batch-16-replication-1.npy,batch-f4-residual-link,13117372207452174757,14451473935495744452,14097816313888117588,0.45275260001653805,,,batch-f4-residual-link-20260822-001
F4-residual-link,X1,X3,f4-residual-link,16,2,0.4635166798432258,0.005,residual_samples/batch-16-replication-2.csv,null_statistics/batch-16-replication-2.npy,batch-f4-residual-link,6004690171078299435,14342862070844181606,10882851978515832205,0.4206076999544166,,,batch-f4-residual-link-20260822-001
F4-residual-link,X1,X3,f4-residual-link,16,3,0.42922918740946464,0.005,residual_samples/batch-16-replication-3.csv,null_statistics/batch-16-replication-3.npy,batch-f4-residual-link,11782654813152524611,14855527425799064648,16602449894263183083,0.4262758999830112,,,batch-f4-residual-link-20260822-001
F4-residual-link,X1,X3,f4-residual-link,16,4,0.4499320382364526,0.005,residual_samples/batch-16-replication-4.csv,null_statistics/batch-16-replication-4.npy,batch-f4-residual-link,7492520584449550633,12287363341995775245,12823470983963606264,0.4533196000265889,,,batch-f4-residual-link-20260822-001
F4-residual-link,X1,X3,f4-residual-link,16,5,0.46336038844082544,0.005,residual_samples/batch-16-replication-5.csv,null_statistics/batch-16-replication-5.npy,batch-f4-residual-link,10700762709967949465,11191306199385410356,17460088707288031351,0.43585269997129217,,,batch-f4-residual-link-20260822-001
F4-residual-link,X1,X3,f4-residual-link,16,6,0.4502326617465278,0.005,residual_samples/batch-16-replication-6.csv,null_statistics/batch-16-replication-6.npy,batch-f4-residual-link,17841780197621318495,1907651560395640448,15529116916179367064,0.4644169000093825,,,batch-f4-residual-link-20260822-001
F4-residual-link,X1,X3,f4-residual-link,16,7,0.41353596872929904,0.005,residual_samples/batch-16-replication-7.csv,null_statistics/batch-16-replication-7.npy,batch-f4-residual-link,4219335054923105486,5468103781112035038,18378271615333705269,0.4400889000389725,,,batch-f4-residual-link-20260822-001
F4-residual-link,X1,X3,f4-residual-link,16,8,0.47100539257531665,0.005,residual_samples/batch-16-replication-8.csv,null_statistics/batch-16-replication-8.npy,batch-f4-residual-link,15410552389636138027,5899187171728888455,4902472603408796168,0.49536470003658906,,,batch-f4-residual-link-20260822-001
F4-residual-link,X1,X3,f4-residual-link,16,9,0.4350598238838366,0.005,residual_samples/batch-16-replication-9.csv,null_statistics/batch-16-replication-9.npy,batch-f4-residual-link,5385333721301987577,10090750951969672183,18161875342469178608,0.4837198000168428,,,batch-f4-residual-link-20260822-001
F4-residual-link,X1,X3,f4-residual-link,17,0,0.43102537400964225,0.005,residual_samples/batch-17-replication-0.csv,null_statistics/batch-17-replication-0.npy,batch-f4-residual-link,14175889336487464405,4654248743925385171,16366564560929469559,0.6104689000057988,,,batch-f4-residual-link-20260822-001
F4-residual-link,X1,X3,f4-residual-link,17,1,0.4132153453641826,0.005,residual_samples/batch-17-replication-1.csv,null_statistics/batch-17-replication-1.npy,batch-f4-residual-link,14094127272430168520,12156405021720758779,1966613033569040558,0.4748649999964982,,,batch-f4-residual-link-20260822-001
F4-residual-link,X1,X3,f4-residual-link,17,2,0.45801832046856505,0.005,residual_samples/batch-17-replication-2.csv,null_statistics/batch-17-replication-2.npy,batch-f4-residual-link,9970138383384286615,9589768407128513899,17536131018042857218,0.45452020002994686,,,batch-f4-residual-link-20260822-001
F4-residual-link,X1,X3,f4-residual-link,17,3,0.45693098885752026,0.005,residual_samples/batch-17-replication-3.csv,null_statistics/batch-17-replication-3.npy,batch-f4-residual-link,14813262651538016787,14041431568974600500,17896938955429672208,0.5187112999847159,,,batch-f4-residual-link-20260822-001
F4-residual-link,X1,X3,f4-residual-link,17,4,0.4719875957878996,0.005,residual_samples/batch-17-replication-4.csv,null_statistics/batch-17-replication-4.npy,batch-f4-residual-link,7960312100651005787,13271265881114440024,10907846804471253514,0.5248329999740236,,,batch-f4-residual-link-20260822-001
F4-residual-link,X1,X3,f4-residual-link,17,5,0.4401857060189437,0.005,residual_samples/batch-17-replication-5.csv,null_statistics/batch-17-replication-5.npy,batch-f4-residual-link,8117471306510092057,2921633834697190735,102020410425321751,0.5166653000051156,,,batch-f4-residual-link-20260822-001
F4-residual-link,X1,X3,f4-residual-link,17,6,0.487338805517755,0.005,residual_samples/batch-17-replication-6.csv,null_statistics/batch-17-replication-6.npy,batch-f4-residual-link,16856533114181194619,5481668582592661351,17052710728715697198,0.44368699996266514,,,batch-f4-residual-link-20260822-001
F4-residual-link,X1,X3,f4-residual-link,17,7,0.46635868814919357,0.005,residual_samples/batch-17-replication-7.csv,null_statistics/batch-17-replication-7.npy,batch-f4-residual-link,14168697575533552442,15887179213874253982,2984481936506720411,0.4340648999786936,,,batch-f4-residual-link-20260822-001
F4-residual-link,X1,X3,f4-residual-link,17,8,0.44200248724321367,0.005,residual_samples/batch-17-replication-8.csv,null_statistics/batch-17-replication-8.npy,batch-f4-residual-link,975330455731866487,4972973826834972424,5116900116284125658,0.4426988000050187,,,batch-f4-residual-link-20260822-001
F4-residual-link,X1,X3,f4-residual-link,17,9,0.46173613753165405,0.005,residual_samples/batch-17-replication-9.csv,null_statistics/batch-17-replication-9.npy,batch-f4-residual-link,10202578728818328868,9100838195143979284,17815818167742926462,0.43440900003770366,,,batch-f4-residual-link-20260822-001
F4-residual-link,X1,X3,f4-residual-link,18,0,0.4214306448314368,0.005,residual_samples/batch-18-replication-0.csv,null_statistics/batch-18-replication-0.npy,batch-f4-residual-link,10541269904258556585,3677034229877755388,9668115467459063207,0.4225198000203818,,,batch-f4-residual-link-20260822-001
F4-residual-link,X1,X3,f4-residual-link,18,1,0.4487728206162323,0.005,residual_samples/batch-18-replication-1.csv,null_statistics/batch-18-replication-1.npy,batch-f4-residual-link,12641869705573334191,9983252081123380721,5148719275876304349,0.43572189996484667,,,batch-f4-residual-link-20260822-001
F4-residual-link,X1,X3,f4-residual-link,18,2,0.4108848957344143,0.005,residual_samples/batch-18-replication-2.csv,null_statistics/batch-18-replication-2.npy,batch-f4-residual-link,1193384682252651500,10995763121023268234,5119923859841169538,0.3562997000408359,,,batch-f4-residual-link-20260822-001
F4-residual-link,X1,X3,f4-residual-link,18,3,0.42725902821196,0.005,residual_samples/batch-18-replication-3.csv,null_statistics/batch-18-replication-3.npy,batch-f4-residual-link,7167169026699832041,4779108877549271985,2047412119262352701,0.37025969999376684,,,batch-f4-residual-link-20260822-001
F4-residual-link,X1,X3,f4-residual-link,18,4,0.4625983247931811,0.005,residual_samples/batch-18-replication-4.csv,null_statistics/batch-18-replication-4.npy,batch-f4-residual-link,4046827758384741600,15329775250102634456,3896025507651464432,0.40299079997930676,,,batch-f4-residual-link-20260822-001
F4-residual-link,X1,X3,f4-residual-link,18,5,0.45093036919738116,0.005,residual_samples/batch-18-replication-5.csv,null_statistics/batch-18-replication-5.npy,batch-f4-residual-link,11850755641485845918,8015359633242899940,3650719295342014743,0.41895779996411875,,,batch-f4-residual-link-20260822-001
F4-residual-link,X1,X3,f4-residual-link,18,6,0.49033555152335057,0.005,residual_samples/batch-18-replication-6.csv,null_statistics/batch-18-replication-6.npy,batch-f4-residual-link,7535241708801458889,11728244512939285529,13460441984087493164,0.4459059000364505,,,batch-f4-residual-link-20260822-001
F4-residual-link,X1,X3,f4-residual-link,18,7,0.40687306502865084,0.005,residual_samples/batch-18-replication-7.csv,null_statistics/batch-18-replication-7.npy,batch-f4-residual-link,15012407433120142206,9593207709160944631,7718868014608758698,0.4295826000161469,,,batch-f4-residual-link-20260822-001
F4-residual-link,X1,X3,f4-residual-link,18,8,0.45884828983621134,0.005,residual_samples/batch-18-replication-8.csv,null_statistics/batch-18-replication-8.npy,batch-f4-residual-link,6156868730050338746,2442333236939027981,11838788094161014427,0.42102389998035505,,,batch-f4-residual-link-20260822-001
F4-residual-link,X1,X3,f4-residual-link,18,9,0.45132479907663237,0.005,residual_samples/batch-18-replication-9.csv,null_statistics/batch-18-replication-9.npy,batch-f4-residual-link,8560089466490336908,15431098679256290957,898003109575842025,0.38079890003427863,,,batch-f4-residual-link-20260822-001
F4-residual-link,X1,X3,f4-residual-link,19,0,0.4650399209905396,0.005,residual_samples/batch-19-replication-0.csv,null_statistics/batch-19-replication-0.npy,batch-f4-residual-link,3843499611389705091,6761239713840890193,6456324444842657237,0.4096014000242576,,,batch-f4-residual-link-20260822-001
F4-residual-link,X1,X3,f4-residual-link,19,1,0.45177419263177704,0.005,residual_samples/batch-19-replication-1.csv,null_statistics/batch-19-replication-1.npy,batch-f4-residual-link,7523898104510367206,8637193663027407034,6119923250158727281,0.5087513999897055,,,batch-f4-residual-link-20260822-001
F4-residual-link,X1,X3,f4-residual-link,19,2,0.42688453338908666,0.005,residual_samples/batch-19-replication-2.csv,null_statistics/batch-19-replication-2.npy,batch-f4-residual-link,11909066791420337474,18278937788602223001,12595857167742979764,0.41945069999201223,,,batch-f4-residual-link-20260822-001
F4-residual-link,X1,X3,f4-residual-link,19,3,0.44977687013226353,0.005,residual_samples/batch-19-replication-3.csv,null_statistics/batch-19-replication-3.npy,batch-f4-residual-link,4255530307637051944,15998365576298811255,14858368995663230986,0.43803070002468303,,,batch-f4-residual-link-20260822-001
F4-residual-link,X1,X3,f4-residual-link,19,4,0.4600652398944626,0.005,residual_samples/batch-19-replication-4.csv,null_statistics/batch-19-replication-4.npy,batch-f4-residual-link,10351102578969561939,7890008549900795680,3523182981404767424,0.4083247000235133,,,batch-f4-residual-link-20260822-001
F4-residual-link,X1,X3,f4-residual-link,19,5,0.4172210880747351,0.005,residual_samples/batch-19-replication-5.csv,null_statistics/batch-19-replication-5.npy,batch-f4-residual-link,17129779302991071562,13089283717517668674,9855390252385111248,0.4058888999861665,,,batch-f4-residual-link-20260822-001
F4-residual-link,X1,X3,f4-residual-link,19,6,0.4460689817684743,0.005,residual_samples/batch-19-replication-6.csv,null_statistics/batch-19-replication-6.npy,batch-f4-residual-link,8747250101588016063,17728674679735268673,9662080362660250197,0.43131309997988865,,,batch-f4-residual-link-20260822-001
F4-residual-link,X1,X3,f4-residual-link,19,7,0.45205801326567563,0.005,residual_samples/batch-19-replication-7.csv,null_statistics/batch-19-replication-7.npy,batch-f4-residual-link,14756344088995957805,17057430644648750521,401097968921361574,0.41637019999325275,,,batch-f4-residual-link-20260822-001
F4-residual-link,X1,X3,f4-residual-link,19,8,0.4637605457094743,0.005,residual_samples/batch-19-replication-8.csv,null_statistics/batch-19-replication-8.npy,batch-f4-residual-link,6898497609388086105,12652805717914608166,11882003809945125927,0.4443835000274703,,,batch-f4-residual-link-20260822-001
F4-residual-link,X1,X3,f4-residual-link,19,9,0.46512649251594723,0.005,residual_samples/batch-19-replication-9.csv,null_statistics/batch-19-replication-9.npy,batch-f4-residual-link,2915393389178323544,3985834564018422253,16564543703412394269,0.36012680002022535,,,batch-f4-residual-link-20260822-001
F4-residual-link,X1,X3,f4-residual-link,20,0,0.45766109317095893,0.005,residual_samples/batch-20-replication-0.csv,null_statistics/batch-20-replication-0.npy,batch-f4-residual-link,14869356177294047417,9860069232854498532,6403307262722860602,0.42693150002742186,,,batch-f4-residual-link-20260822-001
F4-residual-link,X1,X3,f4-residual-link,20,1,0.4620991900772228,0.005,residual_samples/batch-20-replication-1.csv,null_statistics/batch-20-replication-1.npy,batch-f4-residual-link,13300274225789721969,10594895740739102166,2421140363366936653,0.42309019999811426,,,batch-f4-residual-link-20260822-001
F4-residual-link,X1,X3,f4-residual-link,20,2,0.4593975070859039,0.005,residual_samples/batch-20-replication-2.csv,null_statistics/batch-20-replication-2.npy,batch-f4-residual-link,1678121331599201013,10396563637367455743,11768165178095730744,0.5737101000268012,,,batch-f4-residual-link-20260822-001
F4-residual-link,X1,X3,f4-residual-link,20,3,0.5210411531775806,0.005,residual_samples/batch-20-replication-3.csv,null_statistics/batch-20-replication-3.npy,batch-f4-residual-link,145841853073051458,16952680039560733874,7065951049246828435,0.4103655000217259,,,batch-f4-residual-link-20260822-001
F4-residual-link,X1,X3,f4-residual-link,20,4,0.4651261113683366,0.005,residual_samples/batch-20-replication-4.csv,null_statistics/batch-20-replication-4.npy,batch-f4-residual-link,18342729618020157466,962247559434127361,9049028338377162106,0.3650146999862045,,,batch-f4-residual-link-20260822-001
F4-residual-link,X1,X3,f4-residual-link,20,5,0.47278207073792317,0.005,residual_samples/batch-20-replication-5.csv,null_statistics/batch-20-replication-5.npy,batch-f4-residual-link,3097190809178927492,797081684648354879,12589171832300405386,0.41939759999513626,,,batch-f4-residual-link-20260822-001
F4-residual-link,X1,X3,f4-residual-link,20,6,0.427055357589251,0.005,residual_samples/batch-20-replication-6.csv,null_statistics/batch-20-replication-6.npy,batch-f4-residual-link,5281639212240908666,10228713318363987416,10062846916086444728,0.4117114000255242,,,batch-f4-residual-link-20260822-001
F4-residual-link,X1,X3,f4-residual-link,20,7,0.5033699798075694,0.005,residual_samples/batch-20-replication-7.csv,null_statistics/batch-20-replication-7.npy,batch-f4-residual-link,15881641518822684349,7293550928825727644,12273352825311106075,0.43103550001978874,,,batch-f4-residual-link-20260822-001
F4-residual-link,X1,X3,f4-residual-link,20,8,0.45641931473965774,0.005,residual_samples/batch-20-replication-8.csv,null_statistics/batch-20-replication-8.npy,batch-f4-residual-link,8724280495561404987,10796080899640888352,4313069289140706330,0.4170285000000149,,,batch-f4-residual-link-20260822-001
F4-residual-link,X1,X3,f4-residual-link,20,9,0.4333602022029081,0.005,residual_samples/batch-20-replication-9.csv,null_statistics/batch-20-replication-9.npy,batch-f4-residual-link,3380165016391641847,3818480530420941664,3418475898562652564,0.41116560000227764,,,batch-f4-residual-link-20260822-001
F4-residual-link,X1,X3,f4-residual-link,21,0,0.43390560988661053,0.005,residual_samples/batch-21-replication-0.csv,null_statistics/batch-21-replication-0.npy,batch-f4-residual-link,14386018697096950180,9876942793674157757,4593139811965035639,0.4381205000099726,,,batch-f4-residual-link-20260822-001
F4-residual-link,X1,X3,f4-residual-link,21,1,0.44530362535517226,0.005,residual_samples/batch-21-replication-1.csv,null_statistics/batch-21-replication-1.npy,batch-f4-residual-link,6908021589822561883,5591321722177844490,15242328024819503503,0.42273109999950975,,,batch-f4-residual-link-20260822-001
F4-residual-link,X1,X3,f4-residual-link,21,2,0.4576325804619167,0.005,residual_samples/batch-21-replication-2.csv,null_statistics/batch-21-replication-2.npy,batch-f4-residual-link,14515259848448544925,1590285215497312008,559379359309745894,0.4499612000072375,,,batch-f4-residual-link-20260822-001
F4-residual-link,X1,X3,f4-residual-link,21,3,0.4527398743354345,0.005,residual_samples/batch-21-replication-3.csv,null_statistics/batch-21-replication-3.npy,batch-f4-residual-link,12628041466444971656,9166959218391367802,842735266474060132,0.4154102000175044,,,batch-f4-residual-link-20260822-001
F4-residual-link,X1,X3,f4-residual-link,21,4,0.4693030019588166,0.005,residual_samples/batch-21-replication-4.csv,null_statistics/batch-21-replication-4.npy,batch-f4-residual-link,4989354892471018414,10686919786730658155,3953466490534048169,0.4271318999817595,,,batch-f4-residual-link-20260822-001
F4-residual-link,X1,X3,f4-residual-link,21,5,0.44275747320763414,0.005,residual_samples/batch-21-replication-5.csv,null_statistics/batch-21-replication-5.npy,batch-f4-residual-link,9552515741479471958,6560476318879497968,1374357604593259583,0.4435251000104472,,,batch-f4-residual-link-20260822-001
F4-residual-link,X1,X3,f4-residual-link,21,6,0.44610988481458913,0.005,residual_samples/batch-21-replication-6.csv,null_statistics/batch-21-replication-6.npy,batch-f4-residual-link,13145824644980560328,17150974866942996750,13874848615728245569,0.41115260001970455,,,batch-f4-residual-link-20260822-001
F4-residual-link,X1,X3,f4-residual-link,21,7,0.3984583066255075,0.005,residual_samples/batch-21-replication-7.csv,null_statistics/batch-21-replication-7.npy,batch-f4-residual-link,14024116469447241440,1930604712212961570,13673847175021324370,0.42850280000129715,,,batch-f4-residual-link-20260822-001
F4-residual-link,X1,X3,f4-residual-link,21,8,0.4431572217335857,0.005,residual_samples/batch-21-replication-8.csv,null_statistics/batch-21-replication-8.npy,batch-f4-residual-link,6976426248414390746,407506521524953303,8852772125726196102,0.40450820000842214,,,batch-f4-residual-link-20260822-001
F4-residual-link,X1,X3,f4-residual-link,21,9,0.5115364407611004,0.005,residual_samples/batch-21-replication-9.csv,null_statistics/batch-21-replication-9.npy,batch-f4-residual-link,1693497290714138379,1276162000105209938,7976827253485766468,0.4536779999616556,,,batch-f4-residual-link-20260822-001
F4-residual-link,X1,X3,f4-residual-link,22,0,0.41684322431877197,0.005,residual_samples/batch-22-replication-0.csv,null_statistics/batch-22-replication-0.npy,batch-f4-residual-link,16128016994678546795,12334201993665105831,17600262114198251971,0.4209717999910936,,,batch-f4-residual-link-20260822-001
F4-residual-link,X1,X3,f4-residual-link,22,1,0.4253186748076638,0.005,residual_samples/batch-22-replication-1.csv,null_statistics/batch-22-replication-1.npy,batch-f4-residual-link,14461047085367875922,7902470440549071145,1516780819883117692,0.42183680000016466,,,batch-f4-residual-link-20260822-001
F4-residual-link,X1,X3,f4-residual-link,22,2,0.43219836053818317,0.005,residual_samples/batch-22-replication-2.csv,null_statistics/batch-22-replication-2.npy,batch-f4-residual-link,6362384460858282126,7560287146128901911,1048966217452274998,0.44948319997638464,,,batch-f4-residual-link-20260822-001
F4-residual-link,X1,X3,f4-residual-link,22,3,0.45319506806630344,0.005,residual_samples/batch-22-replication-3.csv,null_statistics/batch-22-replication-3.npy,batch-f4-residual-link,14257567708138536298,6509359495802723200,1325783243396159228,0.41098099999362603,,,batch-f4-residual-link-20260822-001
F4-residual-link,X1,X3,f4-residual-link,22,4,0.42480786661090975,0.005,residual_samples/batch-22-replication-4.csv,null_statistics/batch-22-replication-4.npy,batch-f4-residual-link,5827201031909447553,8052552219579202724,10494366731674322273,0.4494351999601349,,,batch-f4-residual-link-20260822-001
F4-residual-link,X1,X3,f4-residual-link,22,5,0.4908258786975483,0.005,residual_samples/batch-22-replication-5.csv,null_statistics/batch-22-replication-5.npy,batch-f4-residual-link,15492820588177815381,1145701073949709675,17092605605402997566,0.425368600001093,,,batch-f4-residual-link-20260822-001
F4-residual-link,X1,X3,f4-residual-link,22,6,0.46356596467033184,0.005,residual_samples/batch-22-replication-6.csv,null_statistics/batch-22-replication-6.npy,batch-f4-residual-link,13446555012029360692,17142907895977148154,14332135761129694036,0.43956849997630343,,,batch-f4-residual-link-20260822-001
F4-residual-link,X1,X3,f4-residual-link,22,7,0.45821914696772725,0.005,residual_samples/batch-22-replication-7.csv,null_statistics/batch-22-replication-7.npy,batch-f4-residual-link,3753412891057979464,1505533025130024602,991832836606180166,0.4166279999772087,,,batch-f4-residual-link-20260822-001
F4-residual-link,X1,X3,f4-residual-link,22,8,0.4676506312213554,0.005,residual_samples/batch-22-replication-8.csv,null_statistics/batch-22-replication-8.npy,batch-f4-residual-link,17645771826389562980,6929112623013580773,6001732404528465055,0.41294410004047677,,,batch-f4-residual-link-20260822-001
F4-residual-link,X1,X3,f4-residual-link,22,9,0.42471595479392743,0.005,residual_samples/batch-22-replication-9.csv,null_statistics/batch-22-replication-9.npy,batch-f4-residual-link,14190384063630985062,14919090991605431608,6707981716524263646,0.4416775000281632,,,batch-f4-residual-link-20260822-001
F4-residual-link,X1,X3,f4-residual-link,23,0,0.4346608890680587,0.005,residual_samples/batch-23-replication-0.csv,null_statistics/batch-23-replication-0.npy,batch-f4-residual-link,9263658937667469712,7852882764657509725,11563763374311170792,0.3905815000180155,,,batch-f4-residual-link-20260822-001
F4-residual-link,X1,X3,f4-residual-link,23,1,0.4612532575905362,0.005,residual_samples/batch-23-replication-1.csv,null_statistics/batch-23-replication-1.npy,batch-f4-residual-link,9652168949032344372,386853743846480948,2652657514983465365,0.3920919999945909,,,batch-f4-residual-link-20260822-001
F4-residual-link,X1,X3,f4-residual-link,23,2,0.47214134799060226,0.005,residual_samples/batch-23-replication-2.csv,null_statistics/batch-23-replication-2.npy,batch-f4-residual-link,7747393860481934581,13631768881819591122,14041988852841288178,0.3686382999876514,,,batch-f4-residual-link-20260822-001
F4-residual-link,X1,X3,f4-residual-link,23,3,0.47117392690183285,0.005,residual_samples/batch-23-replication-3.csv,null_statistics/batch-23-replication-3.npy,batch-f4-residual-link,2284910752314396587,10135124140341315008,6126192145122481521,0.3857958000153303,,,batch-f4-residual-link-20260822-001
F4-residual-link,X1,X3,f4-residual-link,23,4,0.4735066991654586,0.005,residual_samples/batch-23-replication-4.csv,null_statistics/batch-23-replication-4.npy,batch-f4-residual-link,1426871893899686351,15731863442217867433,6713048588807855468,0.43848540005274117,,,batch-f4-residual-link-20260822-001
F4-residual-link,X1,X3,f4-residual-link,23,5,0.4787466859374019,0.005,residual_samples/batch-23-replication-5.csv,null_statistics/batch-23-replication-5.npy,batch-f4-residual-link,11091871722070081962,13813085187260417313,15576423006155434734,0.41743979998864233,,,batch-f4-residual-link-20260822-001
F4-residual-link,X1,X3,f4-residual-link,23,6,0.49953882475166117,0.005,residual_samples/batch-23-replication-6.csv,null_statistics/batch-23-replication-6.npy,batch-f4-residual-link,12990494691607248076,3555291090869141006,6354558464030001051,0.43192189995897934,,,batch-f4-residual-link-20260822-001
F4-residual-link,X1,X3,f4-residual-link,23,7,0.49195846722623215,0.005,residual_samples/batch-23-replication-7.csv,null_statistics/batch-23-replication-7.npy,batch-f4-residual-link,5214254154219949984,1570005801029526031,5490913508098628978,0.4201336999540217,,,batch-f4-residual-link-20260822-001
F4-residual-link,X1,X3,f4-residual-link,23,8,0.4772898465451358,0.005,residual_samples/batch-23-replication-8.csv,null_statistics/batch-23-replication-8.npy,batch-f4-residual-link,17877134171594106244,12017192820911715604,7774654107173727554,0.37314949999563396,,,batch-f4-residual-link-20260822-001
F4-residual-link,X1,X3,f4-residual-link,23,9,0.44482232752275774,0.005,residual_samples/batch-23-replication-9.csv,null_statistics/batch-23-replication-9.npy,batch-f4-residual-link,11067106680953013799,7481771757736594505,15606151927303441521,0.4598410000326112,,,batch-f4-residual-link-20260822-001
F4-residual-link,X1,X3,f4-residual-link,24,0,0.43089350487739353,0.005,residual_samples/batch-24-replication-0.csv,null_statistics/batch-24-replication-0.npy,batch-f4-residual-link,2406129270569900874,17876376314820293303,5868447040481507549,0.4119273999822326,,,batch-f4-residual-link-20260822-001
F4-residual-link,X1,X3,f4-residual-link,24,1,0.45341962197790603,0.005,residual_samples/batch-24-replication-1.csv,null_statistics/batch-24-replication-1.npy,batch-f4-residual-link,855174293026448589,11511030469412955435,13349147712908230648,0.4441289999522269,,,batch-f4-residual-link-20260822-001
F4-residual-link,X1,X3,f4-residual-link,24,2,0.43196165663827085,0.005,residual_samples/batch-24-replication-2.csv,null_statistics/batch-24-replication-2.npy,batch-f4-residual-link,11398242158526893471,10833761893625802185,15351223881210761561,0.4706769999465905,,,batch-f4-residual-link-20260822-001
F4-residual-link,X1,X3,f4-residual-link,24,3,0.4383984432214298,0.005,residual_samples/batch-24-replication-3.csv,null_statistics/batch-24-replication-3.npy,batch-f4-residual-link,167624698273265913,6329699872056096669,10519920741049103399,0.4728766999905929,,,batch-f4-residual-link-20260822-001
F4-residual-link,X1,X3,f4-residual-link,24,4,0.45689285730036633,0.005,residual_samples/batch-24-replication-4.csv,null_statistics/batch-24-replication-4.npy,batch-f4-residual-link,5328246972771688323,1375283017654599381,4752121889431256868,0.40658010001061484,,,batch-f4-residual-link-20260822-001
F4-residual-link,X1,X3,f4-residual-link,24,5,0.4447308400552436,0.005,residual_samples/batch-24-replication-5.csv,null_statistics/batch-24-replication-5.npy,batch-f4-residual-link,55208135664990256,5581311572607150275,16954368087660420206,0.4371833999757655,,,batch-f4-residual-link-20260822-001
F4-residual-link,X1,X3,f4-residual-link,24,6,0.4470990378081706,0.005,residual_samples/batch-24-replication-6.csv,null_statistics/batch-24-replication-6.npy,batch-f4-residual-link,1966603634914820997,159836007878820388,12656366693172152109,0.45616729999892414,,,batch-f4-residual-link-20260822-001
F4-residual-link,X1,X3,f4-residual-link,24,7,0.4857031338227585,0.005,residual_samples/batch-24-replication-7.csv,null_statistics/batch-24-replication-7.npy,batch-f4-residual-link,16298287983993536917,1746538031596627529,12578131207410854712,0.41222399997059256,,,batch-f4-residual-link-20260822-001
F4-residual-link,X1,X3,f4-residual-link,24,8,0.4464720565598376,0.005,residual_samples/batch-24-replication-8.csv,null_statistics/batch-24-replication-8.npy,batch-f4-residual-link,9919241627757399029,14134788160874143364,7813066610429446722,0.44664599996758625,,,batch-f4-residual-link-20260822-001
F4-residual-link,X1,X3,f4-residual-link,24,9,0.45930749715517083,0.005,residual_samples/batch-24-replication-9.csv,null_statistics/batch-24-replication-9.npy,batch-f4-residual-link,9472569917948710371,11227560222413928145,8558167767495691713,0.41950070002349094,,,batch-f4-residual-link-20260822-001
F4-residual-link,X1,X3,f4-residual-link,25,0,0.45972980623479637,0.005,residual_samples/batch-25-replication-0.csv,null_statistics/batch-25-replication-0.npy,batch-f4-residual-link,4357621300636576249,9393086299715050587,15833665385267046368,0.4231744999997318,,,batch-f4-residual-link-20260822-001
F4-residual-link,X1,X3,f4-residual-link,25,1,0.48938419498340613,0.005,residual_samples/batch-25-replication-1.csv,null_statistics/batch-25-replication-1.npy,batch-f4-residual-link,14762074153695145018,11217781055297289561,12596744059463260385,0.4413481999654323,,,batch-f4-residual-link-20260822-001
F4-residual-link,X1,X3,f4-residual-link,25,2,0.4422365502291364,0.005,residual_samples/batch-25-replication-2.csv,null_statistics/batch-25-replication-2.npy,batch-f4-residual-link,9106506330408179212,3583287082100772959,1861496386579084778,0.419884400034789,,,batch-f4-residual-link-20260822-001
F4-residual-link,X1,X3,f4-residual-link,25,3,0.4098513347371731,0.005,residual_samples/batch-25-replication-3.csv,null_statistics/batch-25-replication-3.npy,batch-f4-residual-link,8425865095137396931,5165404527691764771,13607605397517169115,0.3905145999742672,,,batch-f4-residual-link-20260822-001
F4-residual-link,X1,X3,f4-residual-link,25,4,0.4215766923380094,0.005,residual_samples/batch-25-replication-4.csv,null_statistics/batch-25-replication-4.npy,batch-f4-residual-link,7227710362389824425,6490713762535190968,8743014249154628078,0.40900819998933,,,batch-f4-residual-link-20260822-001
F4-residual-link,X1,X3,f4-residual-link,25,5,0.43206542777316903,0.005,residual_samples/batch-25-replication-5.csv,null_statistics/batch-25-replication-5.npy,batch-f4-residual-link,14255368930361706724,5638067373489665682,8327768137030843549,0.44981799996457994,,,batch-f4-residual-link-20260822-001
F4-residual-link,X1,X3,f4-residual-link,25,6,0.4277156884739158,0.005,residual_samples/batch-25-replication-6.csv,null_statistics/batch-25-replication-6.npy,batch-f4-residual-link,10779521589128480990,12615431001430884874,6996444904352341544,0.41523480002069846,,,batch-f4-residual-link-20260822-001
F4-residual-link,X1,X3,f4-residual-link,25,7,0.45438694920988354,0.005,residual_samples/batch-25-replication-7.csv,null_statistics/batch-25-replication-7.npy,batch-f4-residual-link,5861013676728300559,6425011410078928597,10218414458281943716,0.4621101000229828,,,batch-f4-residual-link-20260822-001
F4-residual-link,X1,X3,f4-residual-link,25,8,0.4725355000317984,0.005,residual_samples/batch-25-replication-8.csv,null_statistics/batch-25-replication-8.npy,batch-f4-residual-link,15760612313188109825,3791364725434121898,7666311965563158005,0.44415629998547956,,,batch-f4-residual-link-20260822-001
F4-residual-link,X1,X3,f4-residual-link,25,9,0.45894901884140527,0.005,residual_samples/batch-25-replication-9.csv,null_statistics/batch-25-replication-9.npy,batch-f4-residual-link,971412340131615296,10879553568066082584,2103551399881581525,0.3782033000024967,,,batch-f4-residual-link-20260822-001
F4-residual-link,X1,X3,f4-residual-link,26,0,0.44927664332324596,0.005,residual_samples/batch-26-replication-0.csv,null_statistics/batch-26-replication-0.npy,batch-f4-residual-link,9041507718249175721,3977156715532813828,10853270885855558071,0.3925509999971837,,,batch-f4-residual-link-20260822-001
F4-residual-link,X1,X3,f4-residual-link,26,1,0.4916192302184688,0.005,residual_samples/batch-26-replication-1.csv,null_statistics/batch-26-replication-1.npy,batch-f4-residual-link,16001516556780227326,5833868163139852535,508923119659993959,0.4020320000126958,,,batch-f4-residual-link-20260822-001
F4-residual-link,X1,X3,f4-residual-link,26,2,0.4235681477404634,0.005,residual_samples/batch-26-replication-2.csv,null_statistics/batch-26-replication-2.npy,batch-f4-residual-link,10094424599409493482,9473328782400769698,17022972498328691745,0.37464339996222407,,,batch-f4-residual-link-20260822-001
F4-residual-link,X1,X3,f4-residual-link,26,3,0.4563371788011479,0.005,residual_samples/batch-26-replication-3.csv,null_statistics/batch-26-replication-3.npy,batch-f4-residual-link,1930899681510606169,10252887597952989868,7540962628683019964,0.38106669997796416,,,batch-f4-residual-link-20260822-001
F4-residual-link,X1,X3,f4-residual-link,26,4,0.4425420905174465,0.005,residual_samples/batch-26-replication-4.csv,null_statistics/batch-26-replication-4.npy,batch-f4-residual-link,11402893056892401442,9682121681207810686,3702396105604306457,0.3672890000161715,,,batch-f4-residual-link-20260822-001
F4-residual-link,X1,X3,f4-residual-link,26,5,0.4601369378403378,0.005,residual_samples/batch-26-replication-5.csv,null_statistics/batch-26-replication-5.npy,batch-f4-residual-link,11273117003554094473,17731968541336501357,17023023018439874230,0.36289540003053844,,,batch-f4-residual-link-20260822-001
F4-residual-link,X1,X3,f4-residual-link,26,6,0.43264269013589407,0.005,residual_samples/batch-26-replication-6.csv,null_statistics/batch-26-replication-6.npy,batch-f4-residual-link,7402224509292358056,4828457315387076892,5968255232109282337,0.40602670004591346,,,batch-f4-residual-link-20260822-001
F4-residual-link,X1,X3,f4-residual-link,26,7,0.4586611353362542,0.005,residual_samples/batch-26-replication-7.csv,null_statistics/batch-26-replication-7.npy,batch-f4-residual-link,14022837530995948410,1726274165826924587,5800026678893487312,0.44040630001109093,,,batch-f4-residual-link-20260822-001
F4-residual-link,X1,X3,f4-residual-link,26,8,0.4699449961762976,0.005,residual_samples/batch-26-replication-8.csv,null_statistics/batch-26-replication-8.npy,batch-f4-residual-link,18167277858993873411,18117764449671863577,9185357422189484461,0.41411900002276525,,,batch-f4-residual-link-20260822-001
F4-residual-link,X1,X3,f4-residual-link,26,9,0.4606979181949535,0.005,residual_samples/batch-26-replication-9.csv,null_statistics/batch-26-replication-9.npy,batch-f4-residual-link,4500840231881450658,8588705285501204713,2221441255443128593,0.39855000004172325,,,batch-f4-residual-link-20260822-001
F4-residual-link,X1,X3,f4-residual-link,27,0,0.4973794686900279,0.005,residual_samples/batch-27-replication-0.csv,null_statistics/batch-27-replication-0.npy,batch-f4-residual-link,18219453688364302924,10343075853239452685,4025080627696423287,0.24455860001035035,,,batch-f4-residual-link-20260822-001
F4-residual-link,X1,X3,f4-residual-link,27,1,0.4843131319627571,0.005,residual_samples/batch-27-replication-1.csv,null_statistics/batch-27-replication-1.npy,batch-f4-residual-link,5394524045736176108,519972741816135618,14710703085924202180,0.24502739997114986,,,batch-f4-residual-link-20260822-001
F4-residual-link,X1,X3,f4-residual-link,27,2,0.46884015913749955,0.005,residual_samples/batch-27-replication-2.csv,null_statistics/batch-27-replication-2.npy,batch-f4-residual-link,9643677710879848875,2628388106672578751,18135659126208224895,0.20186410000314936,,,batch-f4-residual-link-20260822-001
F4-residual-link,X1,X3,f4-residual-link,27,3,0.46953609570111227,0.005,residual_samples/batch-27-replication-3.csv,null_statistics/batch-27-replication-3.npy,batch-f4-residual-link,13798889995505079240,7784504527158700241,15171990014129257049,0.2047387999482453,,,batch-f4-residual-link-20260822-001
F4-residual-link,X1,X3,f4-residual-link,27,4,0.449841076295586,0.005,residual_samples/batch-27-replication-4.csv,null_statistics/batch-27-replication-4.npy,batch-f4-residual-link,6623117534552202325,18033736406132792318,5032273430572101653,0.2044643999543041,,,batch-f4-residual-link-20260822-001
F4-residual-link,X1,X3,f4-residual-link,27,5,0.42560031985241886,0.005,residual_samples/batch-27-replication-5.csv,null_statistics/batch-27-replication-5.npy,batch-f4-residual-link,784017619841957563,346033278909005110,5547211638713455424,0.20157560001825914,,,batch-f4-residual-link-20260822-001
F4-residual-link,X1,X3,f4-residual-link,27,6,0.4481151222029043,0.005,residual_samples/batch-27-replication-6.csv,null_statistics/batch-27-replication-6.npy,batch-f4-residual-link,15028914403757365972,14250486677203825507,7995166377113639264,0.20308470004238188,,,batch-f4-residual-link-20260822-001
F4-residual-link,X1,X3,f4-residual-link,27,7,0.43665195641035026,0.005,residual_samples/batch-27-replication-7.csv,null_statistics/batch-27-replication-7.npy,batch-f4-residual-link,12735648385789275188,17891138289079432313,7643188710282991429,0.19624279998242855,,,batch-f4-residual-link-20260822-001
F4-residual-link,X1,X3,f4-residual-link,27,8,0.4627043075915127,0.005,residual_samples/batch-27-replication-8.csv,null_statistics/batch-27-replication-8.npy,batch-f4-residual-link,333808676589985415,13354831832181752083,15709610663792318166,0.1974767000065185,,,batch-f4-residual-link-20260822-001
F4-residual-link,X1,X3,f4-residual-link,27,9,0.4792312171406898,0.005,residual_samples/batch-27-replication-9.csv,null_statistics/batch-27-replication-9.npy,batch-f4-residual-link,11843828818219088853,17601862037974556910,13962466724862019353,0.19741929997690022,,,batch-f4-residual-link-20260822-001
F4-residual-link,X1,X3,f4-residual-link,28,0,0.451294388208875,0.005,residual_samples/batch-28-replication-0.csv,null_statistics/batch-28-replication-0.npy,batch-f4-residual-link,13704286646401005444,1275826625049683735,1513354631266033237,0.19698929996229708,,,batch-f4-residual-link-20260822-001
F4-residual-link,X1,X3,f4-residual-link,28,1,0.48217195957285525,0.005,residual_samples/batch-28-replication-1.csv,null_statistics/batch-28-replication-1.npy,batch-f4-residual-link,5590055402720517625,7700147506205332647,18261803745388385208,0.19920570001704618,,,batch-f4-residual-link-20260822-001
F4-residual-link,X1,X3,f4-residual-link,28,2,0.40389129316354205,0.005,residual_samples/batch-28-replication-2.csv,null_statistics/batch-28-replication-2.npy,batch-f4-residual-link,12417019512528406299,11222661155475422790,12381987819429229510,0.19661990000167862,,,batch-f4-residual-link-20260822-001
F4-residual-link,X1,X3,f4-residual-link,28,3,0.4724757899821761,0.005,residual_samples/batch-28-replication-3.csv,null_statistics/batch-28-replication-3.npy,batch-f4-residual-link,11994624960826682278,6313160913022878661,3306110923163175175,0.20326440001372248,,,batch-f4-residual-link-20260822-001
F4-residual-link,X1,X3,f4-residual-link,28,4,0.4166756226459522,0.005,residual_samples/batch-28-replication-4.csv,null_statistics/batch-28-replication-4.npy,batch-f4-residual-link,1714507049353461515,6619764953426885204,16975648794554128497,0.19884880003519356,,,batch-f4-residual-link-20260822-001
F4-residual-link,X1,X3,f4-residual-link,28,5,0.477371177671351,0.005,residual_samples/batch-28-replication-5.csv,null_statistics/batch-28-replication-5.npy,batch-f4-residual-link,6857748282348877346,2351416297769764545,3624996513297968132,0.1982041000155732,,,batch-f4-residual-link-20260822-001
F4-residual-link,X1,X3,f4-residual-link,28,6,0.4653398084697811,0.005,residual_samples/batch-28-replication-6.csv,null_statistics/batch-28-replication-6.npy,batch-f4-residual-link,1579640041528503457,729550645387967639,6180328347946790899,0.20017109997570515,,,batch-f4-residual-link-20260822-001
F4-residual-link,X1,X3,f4-residual-link,28,7,0.4867574047635613,0.005,residual_samples/batch-28-replication-7.csv,null_statistics/batch-28-replication-7.npy,batch-f4-residual-link,770651532016202577,2983032780855369624,3791084510893220296,0.20712430001003668,,,batch-f4-residual-link-20260822-001
F4-residual-link,X1,X3,f4-residual-link,28,8,0.437498777173667,0.005,residual_samples/batch-28-replication-8.csv,null_statistics/batch-28-replication-8.npy,batch-f4-residual-link,1601868452575283191,15297773471663093345,3384384592288265232,0.22274060000199825,,,batch-f4-residual-link-20260822-001
F4-residual-link,X1,X3,f4-residual-link,28,9,0.4739978811104733,0.005,residual_samples/batch-28-replication-9.csv,null_statistics/batch-28-replication-9.npy,batch-f4-residual-link,16833973877948437036,7442381642435519594,11301283811340944200,0.2170270000351593,,,batch-f4-residual-link-20260822-001
F4-residual-link,X1,X3,f4-residual-link,29,0,0.44580994160965187,0.005,residual_samples/batch-29-replication-0.csv,null_statistics/batch-29-replication-0.npy,batch-f4-residual-link,8500932878385846092,17042437099033852584,3071869166824252411,0.2240433999686502,,,batch-f4-residual-link-20260822-001
F4-residual-link,X1,X3,f4-residual-link,29,1,0.4468072695205777,0.005,residual_samples/batch-29-replication-1.csv,null_statistics/batch-29-replication-1.npy,batch-f4-residual-link,13632222078913490918,1328263445011659003,12064514790252402449,0.21242110000457615,,,batch-f4-residual-link-20260822-001
F4-residual-link,X1,X3,f4-residual-link,29,2,0.46666775125893856,0.005,residual_samples/batch-29-replication-2.csv,null_statistics/batch-29-replication-2.npy,batch-f4-residual-link,1310487746698171317,13212303087206596251,2054796004498326665,0.2082022000104189,,,batch-f4-residual-link-20260822-001
F4-residual-link,X1,X3,f4-residual-link,29,3,0.45875967789313093,0.005,residual_samples/batch-29-replication-3.csv,null_statistics/batch-29-replication-3.npy,batch-f4-residual-link,7222246532745233174,8853276441404381835,2381934397446214045,0.20084419997874647,,,batch-f4-residual-link-20260822-001
F4-residual-link,X1,X3,f4-residual-link,29,4,0.4267242810443844,0.005,residual_samples/batch-29-replication-4.csv,null_statistics/batch-29-replication-4.npy,batch-f4-residual-link,5570239379809140102,5751290800705183642,12882041786924040550,0.20228560001123697,,,batch-f4-residual-link-20260822-001
F4-residual-link,X1,X3,f4-residual-link,29,5,0.4795499479552372,0.005,residual_samples/batch-29-replication-5.csv,null_statistics/batch-29-replication-5.npy,batch-f4-residual-link,3613663173095411903,14290845094219076461,2805091412227352741,0.19988570001441985,,,batch-f4-residual-link-20260822-001
F4-residual-link,X1,X3,f4-residual-link,29,6,0.43337424575492356,0.005,residual_samples/batch-29-replication-6.csv,null_statistics/batch-29-replication-6.npy,batch-f4-residual-link,6502092444672480099,667818424596255189,2543599021270931137,0.2012500999844633,,,batch-f4-residual-link-20260822-001
F4-residual-link,X1,X3,f4-residual-link,29,7,0.4679374129606048,0.005,residual_samples/batch-29-replication-7.csv,null_statistics/batch-29-replication-7.npy,batch-f4-residual-link,1174135796003598002,13060990200105322099,6696851444743403989,0.20963699999265373,,,batch-f4-residual-link-20260822-001
F4-residual-link,X1,X3,f4-residual-link,29,8,0.45321387556332426,0.005,residual_samples/batch-29-replication-8.csv,null_statistics/batch-29-replication-8.npy,batch-f4-residual-link,10957598912688904701,10842694022200201012,199688468754948046,0.2148956999881193,,,batch-f4-residual-link-20260822-001
F4-residual-link,X1,X3,f4-residual-link,29,9,0.4726470301701804,0.005,residual_samples/batch-29-replication-9.csv,null_statistics/batch-29-replication-9.npy,batch-f4-residual-link,17659553420053416630,17083189930077271072,5944155614406059104,0.205780100019183,,,batch-f4-residual-link-20260822-001
F4-residual-link,X1,X3,f4-residual-link,30,0,0.46847437015563465,0.005,residual_samples/batch-30-replication-0.csv,null_statistics/batch-30-replication-0.npy,batch-f4-residual-link,2640984114866402620,10776033374861978069,13762624676776927182,0.20764530001906678,,,batch-f4-residual-link-20260822-001
F4-residual-link,X1,X3,f4-residual-link,30,1,0.484077949492381,0.005,residual_samples/batch-30-replication-1.csv,null_statistics/batch-30-replication-1.npy,batch-f4-residual-link,10472035280207007539,17755673483368223660,3012284909715314733,0.2070411000167951,,,batch-f4-residual-link-20260822-001
F4-residual-link,X1,X3,f4-residual-link,30,2,0.43556273363561454,0.005,residual_samples/batch-30-replication-2.csv,null_statistics/batch-30-replication-2.npy,batch-f4-residual-link,11867555371552837811,5186458858237761663,12827711483410886510,0.20435710001038387,,,batch-f4-residual-link-20260822-001
F4-residual-link,X1,X3,f4-residual-link,30,3,0.4625336975614247,0.005,residual_samples/batch-30-replication-3.csv,null_statistics/batch-30-replication-3.npy,batch-f4-residual-link,2608197289724135584,8335390418387075620,8560567269931198440,0.20527500001480803,,,batch-f4-residual-link-20260822-001
F4-residual-link,X1,X3,f4-residual-link,30,4,0.4399206887846274,0.005,residual_samples/batch-30-replication-4.csv,null_statistics/batch-30-replication-4.npy,batch-f4-residual-link,17625702207139977223,12190666939028310018,5338132028829791084,0.2000609000097029,,,batch-f4-residual-link-20260822-001
F4-residual-link,X1,X3,f4-residual-link,30,5,0.4626499536532885,0.005,residual_samples/batch-30-replication-5.csv,null_statistics/batch-30-replication-5.npy,batch-f4-residual-link,6628693520752635904,5055238156099844793,4663019588015065427,0.19947410002350807,,,batch-f4-residual-link-20260822-001
F4-residual-link,X1,X3,f4-residual-link,30,6,0.46122125551709015,0.005,residual_samples/batch-30-replication-6.csv,null_statistics/batch-30-replication-6.npy,batch-f4-residual-link,6457554566731891982,3630765725091968342,491623829124681539,0.2049049999914132,,,batch-f4-residual-link-20260822-001
F4-residual-link,X1,X3,f4-residual-link,30,7,0.4818290711341402,0.005,residual_samples/batch-30-replication-7.csv,null_statistics/batch-30-replication-7.npy,batch-f4-residual-link,12898178276077896104,10612640808210315031,2963504523377442810,0.20584349997807294,,,batch-f4-residual-link-20260822-001
F4-residual-link,X1,X3,f4-residual-link,30,8,0.4686095746716899,0.005,residual_samples/batch-30-replication-8.csv,null_statistics/batch-30-replication-8.npy,batch-f4-residual-link,5357371930072012021,15016523032859272237,2619060767994362552,0.20699830004014075,,,batch-f4-residual-link-20260822-001
F4-residual-link,X1,X3,f4-residual-link,30,9,0.467849881622783,0.005,residual_samples/batch-30-replication-9.csv,null_statistics/batch-30-replication-9.npy,batch-f4-residual-link,17248819687943433944,16806975950951299932,962068353870941965,0.20847030001459643,,,batch-f4-residual-link-20260822-001
F4-residual-link,X1,X3,f4-residual-link,31,0,0.4490735950461778,0.005,residual_samples/batch-31-replication-0.csv,null_statistics/batch-31-replication-0.npy,batch-f4-residual-link,12433960068295990243,16491828476211332401,10061008672664862422,0.20201870001619682,,,batch-f4-residual-link-20260822-001
F4-residual-link,X1,X3,f4-residual-link,31,1,0.4770139179682032,0.005,residual_samples/batch-31-replication-1.csv,null_statistics/batch-31-replication-1.npy,batch-f4-residual-link,7168382357079585210,8876250265807545146,6930766130831423584,0.1972667999798432,,,batch-f4-residual-link-20260822-001
F4-residual-link,X1,X3,f4-residual-link,31,2,0.4416222215708155,0.005,residual_samples/batch-31-replication-2.csv,null_statistics/batch-31-replication-2.npy,batch-f4-residual-link,8247700260355748856,13151502414162625411,6957406563832164940,0.19821239996235818,,,batch-f4-residual-link-20260822-001
F4-residual-link,X1,X3,f4-residual-link,31,3,0.45498752591971076,0.005,residual_samples/batch-31-replication-3.csv,null_statistics/batch-31-replication-3.npy,batch-f4-residual-link,18369268209709954605,3633958988605205847,17026006134619233253,0.19933479995233938,,,batch-f4-residual-link-20260822-001
F4-residual-link,X1,X3,f4-residual-link,31,4,0.4543447015008504,0.005,residual_samples/batch-31-replication-4.csv,null_statistics/batch-31-replication-4.npy,batch-f4-residual-link,4216593345516259354,16701407715247797388,5063516596204580474,0.19931669998914003,,,batch-f4-residual-link-20260822-001
F4-residual-link,X1,X3,f4-residual-link,31,5,0.4607648645495846,0.005,residual_samples/batch-31-replication-5.csv,null_statistics/batch-31-replication-5.npy,batch-f4-residual-link,8916971274435108328,1662092946212457838,5526475479890707407,0.20544819999486208,,,batch-f4-residual-link-20260822-001
F4-residual-link,X1,X3,f4-residual-link,31,6,0.40977695356519417,0.005,residual_samples/batch-31-replication-6.csv,null_statistics/batch-31-replication-6.npy,batch-f4-residual-link,1481017765868922397,13790025645885469822,8671150708743976054,0.2051295000128448,,,batch-f4-residual-link-20260822-001
F4-residual-link,X1,X3,f4-residual-link,31,7,0.41266512089518065,0.005,residual_samples/batch-31-replication-7.csv,null_statistics/batch-31-replication-7.npy,batch-f4-residual-link,12474939550397550720,277115254548994320,9668134101779344995,0.1975275999866426,,,batch-f4-residual-link-20260822-001
F4-residual-link,X1,X3,f4-residual-link,31,8,0.4478305358914232,0.005,residual_samples/batch-31-replication-8.csv,null_statistics/batch-31-replication-8.npy,batch-f4-residual-link,16982245435842635164,18100548595964864327,15369765156743180403,0.19802660000277683,,,batch-f4-residual-link-20260822-001
F4-residual-link,X1,X3,f4-residual-link,31,9,0.4412263749291925,0.005,residual_samples/batch-31-replication-9.csv,null_statistics/batch-31-replication-9.npy,batch-f4-residual-link,8518875343752527080,18193002587515264107,16735195350513959945,0.20092190004652366,,,batch-f4-residual-link-20260822-001
F4-residual-link,X1,X3,f4-residual-link,32,0,0.4316418298931876,0.005,residual_samples/batch-32-replication-0.csv,null_statistics/batch-32-replication-0.npy,batch-f4-residual-link,18151854974270274791,9600253477461684473,12237629253857984078,0.1957399999955669,,,batch-f4-residual-link-20260822-001
F4-residual-link,X1,X3,f4-residual-link,32,1,0.47403708169330605,0.005,residual_samples/batch-32-replication-1.csv,null_statistics/batch-32-replication-1.npy,batch-f4-residual-link,5445800255898016483,3865781249093988047,216369814210453463,0.20038379996549338,,,batch-f4-residual-link-20260822-001
F4-residual-link,X1,X3,f4-residual-link,32,2,0.4528736594995698,0.005,residual_samples/batch-32-replication-2.csv,null_statistics/batch-32-replication-2.npy,batch-f4-residual-link,11872211155855953974,17529974841129076957,16380704245021583818,0.20042329997522756,,,batch-f4-residual-link-20260822-001
F4-residual-link,X1,X3,f4-residual-link,32,3,0.42195663169192155,0.005,residual_samples/batch-32-replication-3.csv,null_statistics/batch-32-replication-3.npy,batch-f4-residual-link,11014756101553655421,11911539865057411881,4627884452921704415,0.1964993000146933,,,batch-f4-residual-link-20260822-001
F4-residual-link,X1,X3,f4-residual-link,32,4,0.46492217250150836,0.005,residual_samples/batch-32-replication-4.csv,null_statistics/batch-32-replication-4.npy,batch-f4-residual-link,12411713024186946297,10130843950157687629,6438141859943685135,0.19515909999608994,,,batch-f4-residual-link-20260822-001
F4-residual-link,X1,X3,f4-residual-link,32,5,0.45907646995576923,0.005,residual_samples/batch-32-replication-5.csv,null_statistics/batch-32-replication-5.npy,batch-f4-residual-link,2238272161506681605,3560723834567211432,6996053468692246503,0.19704990001628175,,,batch-f4-residual-link-20260822-001
F4-residual-link,X1,X3,f4-residual-link,32,6,0.4312958259858196,0.005,residual_samples/batch-32-replication-6.csv,null_statistics/batch-32-replication-6.npy,batch-f4-residual-link,15473313239009976831,646050107015714120,3652517883525621470,0.19681520003359765,,,batch-f4-residual-link-20260822-001
F4-residual-link,X1,X3,f4-residual-link,32,7,0.4528081948726225,0.005,residual_samples/batch-32-replication-7.csv,null_statistics/batch-32-replication-7.npy,batch-f4-residual-link,11559063381850763607,9595555592382754426,15286785824052053615,0.1937169000157155,,,batch-f4-residual-link-20260822-001
F4-residual-link,X1,X3,f4-residual-link,32,8,0.4209714917961287,0.005,residual_samples/batch-32-replication-8.csv,null_statistics/batch-32-replication-8.npy,batch-f4-residual-link,5226339843329267317,16135956178385116455,12324126528849651178,0.20383449998917058,,,batch-f4-residual-link-20260822-001
F4-residual-link,X1,X3,f4-residual-link,32,9,0.46076113390598283,0.005,residual_samples/batch-32-replication-9.csv,null_statistics/batch-32-replication-9.npy,batch-f4-residual-link,5481961696976609800,12671138388400386895,2849961198188976554,0.1997661999776028,,,batch-f4-residual-link-20260822-001
F4-residual-link,X1,X3,f4-residual-link,33,0,0.4343744801031536,0.005,residual_samples/batch-33-replication-0.csv,null_statistics/batch-33-replication-0.npy,batch-f4-residual-link,15663072818801894061,11789676184263055162,6319308420808797873,0.20303470001090318,,,batch-f4-residual-link-20260822-001
F4-residual-link,X1,X3,f4-residual-link,33,1,0.4503222890830355,0.005,residual_samples/batch-33-replication-1.csv,null_statistics/batch-33-replication-1.npy,batch-f4-residual-link,17368652659067460474,16426011874450339507,8419273685165206917,0.20255329995416105,,,batch-f4-residual-link-20260822-001
F4-residual-link,X1,X3,f4-residual-link,33,2,0.43032008253532494,0.005,residual_samples/batch-33-replication-2.csv,null_statistics/batch-33-replication-2.npy,batch-f4-residual-link,1665526007698123272,2866285817005126732,6702930111236608246,0.1994680999778211,,,batch-f4-residual-link-20260822-001
F4-residual-link,X1,X3,f4-residual-link,33,3,0.5008869205444264,0.005,residual_samples/batch-33-replication-3.csv,null_statistics/batch-33-replication-3.npy,batch-f4-residual-link,16590846419502225300,15350791715355667295,16398205797831049947,0.1986431999830529,,,batch-f4-residual-link-20260822-001
F4-residual-link,X1,X3,f4-residual-link,33,4,0.43255549976355534,0.005,residual_samples/batch-33-replication-4.csv,null_statistics/batch-33-replication-4.npy,batch-f4-residual-link,8493291951439433680,13172414750029107200,7279808371035664474,0.1970356999663636,,,batch-f4-residual-link-20260822-001
F4-residual-link,X1,X3,f4-residual-link,33,5,0.49115577090830587,0.005,residual_samples/batch-33-replication-5.csv,null_statistics/batch-33-replication-5.npy,batch-f4-residual-link,11430608067104769845,7372722785444625923,8153293437555997128,0.2000267999828793,,,batch-f4-residual-link-20260822-001
F4-residual-link,X1,X3,f4-residual-link,33,6,0.452401699322294,0.005,residual_samples/batch-33-replication-6.csv,null_statistics/batch-33-replication-6.npy,batch-f4-residual-link,13931853619765176282,803300166955662540,11554541208224121038,0.19777289999183267,,,batch-f4-residual-link-20260822-001
F4-residual-link,X1,X3,f4-residual-link,33,7,0.45820061483383323,0.005,residual_samples/batch-33-replication-7.csv,null_statistics/batch-33-replication-7.npy,batch-f4-residual-link,17502766271599591321,14351947629231032814,18179549254646311561,0.20155880000675097,,,batch-f4-residual-link-20260822-001
F4-residual-link,X1,X3,f4-residual-link,33,8,0.4610617436020251,0.005,residual_samples/batch-33-replication-8.csv,null_statistics/batch-33-replication-8.npy,batch-f4-residual-link,4063789605382941310,293868513505280912,13298593429100247930,0.20154439995530993,,,batch-f4-residual-link-20260822-001
F4-residual-link,X1,X3,f4-residual-link,33,9,0.4100568661730655,0.005,residual_samples/batch-33-replication-9.csv,null_statistics/batch-33-replication-9.npy,batch-f4-residual-link,4704629320029342434,5515026890877726826,965062562135630906,0.20513239997671917,,,batch-f4-residual-link-20260822-001
F4-residual-link,X1,X3,f4-residual-link,34,0,0.4347476511943298,0.005,residual_samples/batch-34-replication-0.csv,null_statistics/batch-34-replication-0.npy,batch-f4-residual-link,5339045109766993651,9373586949917825512,12548137880233520352,0.20452169998316094,,,batch-f4-residual-link-20260822-001
F4-residual-link,X1,X3,f4-residual-link,34,1,0.44542451468646266,0.005,residual_samples/batch-34-replication-1.csv,null_statistics/batch-34-replication-1.npy,batch-f4-residual-link,4126666553507540059,61205620129060227,67981786580281462,0.20646010001655668,,,batch-f4-residual-link-20260822-001
F4-residual-link,X1,X3,f4-residual-link,34,2,0.4040362540739312,0.005,residual_samples/batch-34-replication-2.csv,null_statistics/batch-34-replication-2.npy,batch-f4-residual-link,4244685399416855222,17340206695348576953,8471302442870973813,0.20425150002120063,,,batch-f4-residual-link-20260822-001
F4-residual-link,X1,X3,f4-residual-link,34,3,0.47040853707069963,0.005,residual_samples/batch-34-replication-3.csv,null_statistics/batch-34-replication-3.npy,batch-f4-residual-link,6551174677823263690,16312519551031742970,16397520579795719549,0.2161006000242196,,,batch-f4-residual-link-20260822-001
F4-residual-link,X1,X3,f4-residual-link,34,4,0.44279487265422507,0.005,residual_samples/batch-34-replication-4.csv,null_statistics/batch-34-replication-4.npy,batch-f4-residual-link,12682728897499877449,14549826966915364173,9145256544984937358,0.2401073999935761,,,batch-f4-residual-link-20260822-001
F4-residual-link,X1,X3,f4-residual-link,34,5,0.482322429563455,0.005,residual_samples/batch-34-replication-5.csv,null_statistics/batch-34-replication-5.npy,batch-f4-residual-link,13548625636992851515,12857607614218840597,2454091699910962645,0.210546099988278,,,batch-f4-residual-link-20260822-001
F4-residual-link,X1,X3,f4-residual-link,34,6,0.4617937499693224,0.005,residual_samples/batch-34-replication-6.csv,null_statistics/batch-34-replication-6.npy,batch-f4-residual-link,9993085297990198208,7065812400582670636,7998742749622115110,0.23150799999712035,,,batch-f4-residual-link-20260822-001
F4-residual-link,X1,X3,f4-residual-link,34,7,0.43657543658421816,0.005,residual_samples/batch-34-replication-7.csv,null_statistics/batch-34-replication-7.npy,batch-f4-residual-link,17585495586495303766,18300979732474252035,17047934693420755507,0.2005984999705106,,,batch-f4-residual-link-20260822-001
F4-residual-link,X1,X3,f4-residual-link,34,8,0.4707373064520273,0.005,residual_samples/batch-34-replication-8.csv,null_statistics/batch-34-replication-8.npy,batch-f4-residual-link,6237190129907466391,16571222383720006698,5979297762491325985,0.20882879995042458,,,batch-f4-residual-link-20260822-001
F4-residual-link,X1,X3,f4-residual-link,34,9,0.4664237874168319,0.005,residual_samples/batch-34-replication-9.csv,null_statistics/batch-34-replication-9.npy,batch-f4-residual-link,14689460930143591804,2463599422845850494,11129517272213964516,0.2097209000494331,,,batch-f4-residual-link-20260822-001
F4-residual-link,X1,X3,f4-residual-link,35,0,0.44521706865432514,0.005,residual_samples/batch-35-replication-0.csv,null_statistics/batch-35-replication-0.npy,batch-f4-residual-link,16764747833856314430,9851024772175189205,10570516010918644745,0.22320819995366037,,,batch-f4-residual-link-20260822-001
F4-residual-link,X1,X3,f4-residual-link,35,1,0.45502834161987377,0.005,residual_samples/batch-35-replication-1.csv,null_statistics/batch-35-replication-1.npy,batch-f4-residual-link,4177766440025802716,353562342994417252,1072027347116421695,0.20670830004382879,,,batch-f4-residual-link-20260822-001
F4-residual-link,X1,X3,f4-residual-link,35,2,0.42257589677978935,0.005,residual_samples/batch-35-replication-2.csv,null_statistics/batch-35-replication-2.npy,batch-f4-residual-link,6301593014382766779,10775440190022219749,1544467452319529741,0.20466690004104748,,,batch-f4-residual-link-20260822-001
F4-residual-link,X1,X3,f4-residual-link,35,3,0.48115115982414847,0.005,residual_samples/batch-35-replication-3.csv,null_statistics/batch-35-replication-3.npy,batch-f4-residual-link,3973600593572788794,11625381601813767352,7650328880252647235,0.2066859999904409,,,batch-f4-residual-link-20260822-001
F4-residual-link,X1,X3,f4-residual-link,35,4,0.47254106158263315,0.005,residual_samples/batch-35-replication-4.csv,null_statistics/batch-35-replication-4.npy,batch-f4-residual-link,11300339139260400812,16318154256049448545,3579248154124267450,0.20966210000915453,,,batch-f4-residual-link-20260822-001
F4-residual-link,X1,X3,f4-residual-link,35,5,0.4316407568820027,0.005,residual_samples/batch-35-replication-5.csv,null_statistics/batch-35-replication-5.npy,batch-f4-residual-link,6579568614114763199,36730521180333232,2632219102808987603,0.2014128000009805,,,batch-f4-residual-link-20260822-001
F4-residual-link,X1,X3,f4-residual-link,35,6,0.4594859786475584,0.005,residual_samples/batch-35-replication-6.csv,null_statistics/batch-35-replication-6.npy,batch-f4-residual-link,14820994939692267902,10172021081739059007,7128260373221019252,0.19728889997350052,,,batch-f4-residual-link-20260822-001
F4-residual-link,X1,X3,f4-residual-link,35,7,0.43850846275980165,0.005,residual_samples/batch-35-replication-7.csv,null_statistics/batch-35-replication-7.npy,batch-f4-residual-link,10744574730866884807,3119297859621361738,6226600316701831076,0.20360820001224056,,,batch-f4-residual-link-20260822-001
F4-residual-link,X1,X3,f4-residual-link,35,8,0.4530692086218749,0.005,residual_samples/batch-35-replication-8.csv,null_statistics/batch-35-replication-8.npy,batch-f4-residual-link,1810988376831048027,7086032190696488630,5095479746340082585,0.2040192999993451,,,batch-f4-residual-link-20260822-001
F4-residual-link,X1,X3,f4-residual-link,35,9,0.45593380309234605,0.005,residual_samples/batch-35-replication-9.csv,null_statistics/batch-35-replication-9.npy,batch-f4-residual-link,2062140351497600512,15723616259956081722,11746475892262265130,0.19668409996666014,,,batch-f4-residual-link-20260822-001
F4-residual-link,X1,X3,f4-residual-link,36,0,0.4272524087006983,0.005,residual_samples/batch-36-replication-0.csv,null_statistics/batch-36-replication-0.npy,batch-f4-residual-link,2623024739474432964,13326055280045354246,11999045611329795,0.19554430001880974,,,batch-f4-residual-link-20260822-001
F4-residual-link,X1,X3,f4-residual-link,36,1,0.43202476263833184,0.005,residual_samples/batch-36-replication-1.csv,null_statistics/batch-36-replication-1.npy,batch-f4-residual-link,4981434156284516277,18302341245867538979,16674728794626275693,0.20074680005200207,,,batch-f4-residual-link-20260822-001
F4-residual-link,X1,X3,f4-residual-link,36,2,0.4782824205764348,0.005,residual_samples/batch-36-replication-2.csv,null_statistics/batch-36-replication-2.npy,batch-f4-residual-link,7016345781940160435,15799239982946708070,747103952217747207,0.19948990002740175,,,batch-f4-residual-link-20260822-001
F4-residual-link,X1,X3,f4-residual-link,36,3,0.5042707783703825,0.005,residual_samples/batch-36-replication-3.csv,null_statistics/batch-36-replication-3.npy,batch-f4-residual-link,10659057903963953932,4291610683567084867,16077957271783624868,0.20065739995334297,,,batch-f4-residual-link-20260822-001
F4-residual-link,X1,X3,f4-residual-link,36,4,0.49618672338284403,0.005,residual_samples/batch-36-replication-4.csv,null_statistics/batch-36-replication-4.npy,batch-f4-residual-link,15217596049048629379,6176497421431132964,10058904653618156839,0.20340420003049076,,,batch-f4-residual-link-20260822-001
F4-residual-link,X1,X3,f4-residual-link,36,5,0.4622588221756899,0.005,residual_samples/batch-36-replication-5.csv,null_statistics/batch-36-replication-5.npy,batch-f4-residual-link,11811178069974147723,14002799138010305843,12023930986489721175,0.19561640004394576,,,batch-f4-residual-link-20260822-001
F4-residual-link,X1,X3,f4-residual-link,36,6,0.47389629820295553,0.005,residual_samples/batch-36-replication-6.csv,null_statistics/batch-36-replication-6.npy,batch-f4-residual-link,7205577290535240137,2670793141304962521,12014603703299740615,0.19535840000025928,,,batch-f4-residual-link-20260822-001
F4-residual-link,X1,X3,f4-residual-link,36,7,0.4559596679933553,0.005,residual_samples/batch-36-replication-7.csv,null_statistics/batch-36-replication-7.npy,batch-f4-residual-link,8044985696710941625,16967561385868839449,8193824318331729896,0.19851690001087263,,,batch-f4-residual-link-20260822-001
F4-residual-link,X1,X3,f4-residual-link,36,8,0.4448616522774409,0.005,residual_samples/batch-36-replication-8.csv,null_statistics/batch-36-replication-8.npy,batch-f4-residual-link,13797607516684111633,11968124964632381637,6621375206432440808,0.20006980001926422,,,batch-f4-residual-link-20260822-001
F4-residual-link,X1,X3,f4-residual-link,36,9,0.5002485925805893,0.005,residual_samples/batch-36-replication-9.csv,null_statistics/batch-36-replication-9.npy,batch-f4-residual-link,15389305347004724840,13275089774604406335,17588786724523857546,0.1980356999556534,,,batch-f4-residual-link-20260822-001
F4-residual-link,X1,X3,f4-residual-link,37,0,0.46465382208891165,0.005,residual_samples/batch-37-replication-0.csv,null_statistics/batch-37-replication-0.npy,batch-f4-residual-link,126441936449013594,13005930407915589930,10837724590300673592,0.19455890002427623,,,batch-f4-residual-link-20260822-001
F4-residual-link,X1,X3,f4-residual-link,37,1,0.4510001991015408,0.005,residual_samples/batch-37-replication-1.csv,null_statistics/batch-37-replication-1.npy,batch-f4-residual-link,14126258061620051529,1879359353345813405,10735353516222353673,0.1970430999645032,,,batch-f4-residual-link-20260822-001
F4-residual-link,X1,X3,f4-residual-link,37,2,0.4706216331029779,0.005,residual_samples/batch-37-replication-2.csv,null_statistics/batch-37-replication-2.npy,batch-f4-residual-link,8296801730287638646,8057089989720342808,3672097584582990113,0.19705719995545223,,,batch-f4-residual-link-20260822-001
F4-residual-link,X1,X3,f4-residual-link,37,3,0.4393001120464455,0.005,residual_samples/batch-37-replication-3.csv,null_statistics/batch-37-replication-3.npy,batch-f4-residual-link,13925316226351457260,2951732959511473473,12751488905619394702,0.20025630004238337,,,batch-f4-residual-link-20260822-001
F4-residual-link,X1,X3,f4-residual-link,37,4,0.4516212430882089,0.005,residual_samples/batch-37-replication-4.csv,null_statistics/batch-37-replication-4.npy,batch-f4-residual-link,17600718571983077340,9444233518494048034,11808717649377687775,0.19827160000568256,,,batch-f4-residual-link-20260822-001
F4-residual-link,X1,X3,f4-residual-link,37,5,0.4928334188479955,0.005,residual_samples/batch-37-replication-5.csv,null_statistics/batch-37-replication-5.npy,batch-f4-residual-link,13717949246808163756,11990365642404591157,8910530583405028671,0.1995187000138685,,,batch-f4-residual-link-20260822-001
F4-residual-link,X1,X3,f4-residual-link,37,6,0.4403371240380744,0.005,residual_samples/batch-37-replication-6.csv,null_statistics/batch-37-replication-6.npy,batch-f4-residual-link,9438483886895902202,2299490193352836722,11263676656187647037,0.20275600004242733,,,batch-f4-residual-link-20260822-001
F4-residual-link,X1,X3,f4-residual-link,37,7,0.4418016073966683,0.005,residual_samples/batch-37-replication-7.csv,null_statistics/batch-37-replication-7.npy,batch-f4-residual-link,1374363387352434018,2480119093060062986,7506132043067524020,0.21010300004854798,,,batch-f4-residual-link-20260822-001
F4-residual-link,X1,X3,f4-residual-link,37,8,0.43249533791531913,0.005,residual_samples/batch-37-replication-8.csv,null_statistics/batch-37-replication-8.npy,batch-f4-residual-link,3427477254800075050,1140281720298948939,5815669252620728629,0.20521679997909814,,,batch-f4-residual-link-20260822-001
F4-residual-link,X1,X3,f4-residual-link,37,9,0.44898596628868365,0.005,residual_samples/batch-37-replication-9.csv,null_statistics/batch-37-replication-9.npy,batch-f4-residual-link,6144327660328860758,12692716860834488320,7303159575599512674,0.2017702999874018,,,batch-f4-residual-link-20260822-001
F4-residual-link,X1,X3,f4-residual-link,38,0,0.44623846744227236,0.005,residual_samples/batch-38-replication-0.csv,null_statistics/batch-38-replication-0.npy,batch-f4-residual-link,12629811388590746264,9521719610353313910,7853304968153557653,0.19773429998895153,,,batch-f4-residual-link-20260822-001
F4-residual-link,X1,X3,f4-residual-link,38,1,0.4875670765927215,0.005,residual_samples/batch-38-replication-1.csv,null_statistics/batch-38-replication-1.npy,batch-f4-residual-link,17560877618532111421,3329768657918370440,11337736617105207355,0.21761019999394193,,,batch-f4-residual-link-20260822-001
F4-residual-link,X1,X3,f4-residual-link,38,2,0.4388436596654406,0.005,residual_samples/batch-38-replication-2.csv,null_statistics/batch-38-replication-2.npy,batch-f4-residual-link,15953069075967415071,8266204334414476437,12013568584865051616,0.20542400004342198,,,batch-f4-residual-link-20260822-001
F4-residual-link,X1,X3,f4-residual-link,38,3,0.45517695077424436,0.005,residual_samples/batch-38-replication-3.csv,null_statistics/batch-38-replication-3.npy,batch-f4-residual-link,11471967735336777550,11512488344921122407,4569250260545490671,0.20203859999310225,,,batch-f4-residual-link-20260822-001
F4-residual-link,X1,X3,f4-residual-link,38,4,0.476252770254477,0.005,residual_samples/batch-38-replication-4.csv,null_statistics/batch-38-replication-4.npy,batch-f4-residual-link,13918371472438520839,9110658816644022116,9003083913941500224,0.19424020004225895,,,batch-f4-residual-link-20260822-001
F4-residual-link,X1,X3,f4-residual-link,38,5,0.43919684450580837,0.005,residual_samples/batch-38-replication-5.csv,null_statistics/batch-38-replication-5.npy,batch-f4-residual-link,4056177601548532649,9999017453272361515,8376003648159031209,0.19925649999640882,,,batch-f4-residual-link-20260822-001
F4-residual-link,X1,X3,f4-residual-link,38,6,0.4682539299279954,0.005,residual_samples/batch-38-replication-6.csv,null_statistics/batch-38-replication-6.npy,batch-f4-residual-link,16591992964308020011,9676205455336854612,7883096303334864762,0.19940499996300787,,,batch-f4-residual-link-20260822-001
F4-residual-link,X1,X3,f4-residual-link,38,7,0.3995152594382967,0.005,residual_samples/batch-38-replication-7.csv,null_statistics/batch-38-replication-7.npy,batch-f4-residual-link,8123445955869850410,12971460465293598740,3222839948659907854,0.2036721999756992,,,batch-f4-residual-link-20260822-001
F4-residual-link,X1,X3,f4-residual-link,38,8,0.46560894808339337,0.005,residual_samples/batch-38-replication-8.csv,null_statistics/batch-38-replication-8.npy,batch-f4-residual-link,3957681289060919465,1633265461271318280,5812729726531946014,0.2029636999941431,,,batch-f4-residual-link-20260822-001
F4-residual-link,X1,X3,f4-residual-link,38,9,0.4173473241847617,0.005,residual_samples/batch-38-replication-9.csv,null_statistics/batch-38-replication-9.npy,batch-f4-residual-link,3707500985021465081,10965148296438205363,2909212945988555834,0.20479220000561327,,,batch-f4-residual-link-20260822-001
F4-residual-link,X1,X3,f4-residual-link,39,0,0.4568557610122927,0.005,residual_samples/batch-39-replication-0.csv,null_statistics/batch-39-replication-0.npy,batch-f4-residual-link,9278802555219521031,6822553076753997062,15516746553848846069,0.203317099949345,,,batch-f4-residual-link-20260822-001
F4-residual-link,X1,X3,f4-residual-link,39,1,0.4535673524462402,0.005,residual_samples/batch-39-replication-1.csv,null_statistics/batch-39-replication-1.npy,batch-f4-residual-link,12068855690954221346,17539633809341362358,15268957974556301942,0.2013256999780424,,,batch-f4-residual-link-20260822-001
F4-residual-link,X1,X3,f4-residual-link,39,2,0.4012106170140894,0.005,residual_samples/batch-39-replication-2.csv,null_statistics/batch-39-replication-2.npy,batch-f4-residual-link,1879390650179706461,14553219460947635154,10717934040012509608,0.20257319998927414,,,batch-f4-residual-link-20260822-001
F4-residual-link,X1,X3,f4-residual-link,39,3,0.46519278146124277,0.005,residual_samples/batch-39-replication-3.csv,null_statistics/batch-39-replication-3.npy,batch-f4-residual-link,3746001155113184348,7916388676879363572,7010153963203494081,0.20019970001885667,,,batch-f4-residual-link-20260822-001
F4-residual-link,X1,X3,f4-residual-link,39,4,0.4806203673621006,0.005,residual_samples/batch-39-replication-4.csv,null_statistics/batch-39-replication-4.npy,batch-f4-residual-link,9971250705899881461,11904752018037010007,15139108571290082130,0.20361919997958466,,,batch-f4-residual-link-20260822-001
F4-residual-link,X1,X3,f4-residual-link,39,5,0.44135478516236587,0.005,residual_samples/batch-39-replication-5.csv,null_statistics/batch-39-replication-5.npy,batch-f4-residual-link,12153610115534001936,8799831493257141658,9749457619287040730,0.20474049996118993,,,batch-f4-residual-link-20260822-001
F4-residual-link,X1,X3,f4-residual-link,39,6,0.43674946286270794,0.005,residual_samples/batch-39-replication-6.csv,null_statistics/batch-39-replication-6.npy,batch-f4-residual-link,9883071902904180829,15256981317207418458,5628744501493468161,0.20323959999950603,,,batch-f4-residual-link-20260822-001
F4-residual-link,X1,X3,f4-residual-link,39,7,0.4157675549697172,0.005,residual_samples/batch-39-replication-7.csv,null_statistics/batch-39-replication-7.npy,batch-f4-residual-link,10842076024840341126,8403099549197361779,4742773845681891382,0.20413520000874996,,,batch-f4-residual-link-20260822-001
F4-residual-link,X1,X3,f4-residual-link,39,8,0.47301918614683397,0.005,residual_samples/batch-39-replication-8.csv,null_statistics/batch-39-replication-8.npy,batch-f4-residual-link,9960302745389171655,11786419991432234451,15523934595451988461,0.20528900000499561,,,batch-f4-residual-link-20260822-001
F4-residual-link,X1,X3,f4-residual-link,39,9,0.496286020124138,0.005,residual_samples/batch-39-replication-9.csv,null_statistics/batch-39-replication-9.npy,batch-f4-residual-link,14715508545463535563,509170940674893803,2905902675982439468,0.20255619997624308,,,batch-f4-residual-link-20260822-001
F4-residual-link,X1,X3,f4-residual-link,40,0,0.45898383454340663,0.005,residual_samples/batch-40-replication-0.csv,null_statistics/batch-40-replication-0.npy,batch-f4-residual-link,17583117418007726,6907694212972251164,4861399842566886682,0.20094070001505315,,,batch-f4-residual-link-20260822-001
F4-residual-link,X1,X3,f4-residual-link,40,1,0.4634393190118862,0.005,residual_samples/batch-40-replication-1.csv,null_statistics/batch-40-replication-1.npy,batch-f4-residual-link,18246383460949034727,8423806269462176027,6182788033423896678,0.2129539999878034,,,batch-f4-residual-link-20260822-001
F4-residual-link,X1,X3,f4-residual-link,40,2,0.4773427101149121,0.005,residual_samples/batch-40-replication-2.csv,null_statistics/batch-40-replication-2.npy,batch-f4-residual-link,9800116714691412397,6001469891686036889,3500714570663625531,0.20577930001309142,,,batch-f4-residual-link-20260822-001
F4-residual-link,X1,X3,f4-residual-link,40,3,0.47968594443805995,0.005,residual_samples/batch-40-replication-3.csv,null_statistics/batch-40-replication-3.npy,batch-f4-residual-link,10491946496041222489,17503204428676406127,11964775354978055419,0.2015360000077635,,,batch-f4-residual-link-20260822-001
F4-residual-link,X1,X3,f4-residual-link,40,4,0.459346097887528,0.005,residual_samples/batch-40-replication-4.csv,null_statistics/batch-40-replication-4.npy,batch-f4-residual-link,16771653629331066801,15665719364148123266,2444047420084216282,0.19950999994762242,,,batch-f4-residual-link-20260822-001
F4-residual-link,X1,X3,f4-residual-link,40,5,0.4639334078842283,0.005,residual_samples/batch-40-replication-5.csv,null_statistics/batch-40-replication-5.npy,batch-f4-residual-link,499411462224651718,10495830318549272609,4731719921930625421,0.19962550001218915,,,batch-f4-residual-link-20260822-001
F4-residual-link,X1,X3,f4-residual-link,40,6,0.4689733367783113,0.005,residual_samples/batch-40-replication-6.csv,null_statistics/batch-40-replication-6.npy,batch-f4-residual-link,9300303802554296876,4747525347089817257,6663686787339478874,0.20508990000234917,,,batch-f4-residual-link-20260822-001
F4-residual-link,X1,X3,f4-residual-link,40,7,0.47435280720804807,0.005,residual_samples/batch-40-replication-7.csv,null_statistics/batch-40-replication-7.npy,batch-f4-residual-link,17334176653668018901,14090971185964466232,568281208709682416,0.20092560001648962,,,batch-f4-residual-link-20260822-001
F4-residual-link,X1,X3,f4-residual-link,40,8,0.4494228516239988,0.005,residual_samples/batch-40-replication-8.csv,null_statistics/batch-40-replication-8.npy,batch-f4-residual-link,11021679406523698352,3355942900567078119,18098376439507727077,0.19854840001789853,,,batch-f4-residual-link-20260822-001
F4-residual-link,X1,X3,f4-residual-link,40,9,0.4958952119303201,0.005,residual_samples/batch-40-replication-9.csv,null_statistics/batch-40-replication-9.npy,batch-f4-residual-link,17713240134376625625,7121933510422690152,14569337795819558002,0.20110419997945428,,,batch-f4-residual-link-20260822-001
F4-residual-link,X1,X3,f4-residual-link,41,0,0.42212960094468877,0.005,residual_samples/batch-41-replication-0.csv,null_statistics/batch-41-replication-0.npy,batch-f4-residual-link,11371911452412050351,6453859779703077831,14328779466372150049,0.19903550000162795,,,batch-f4-residual-link-20260822-001
F4-residual-link,X1,X3,f4-residual-link,41,1,0.42681405803002204,0.005,residual_samples/batch-41-replication-1.csv,null_statistics/batch-41-replication-1.npy,batch-f4-residual-link,15209674833895179242,16849979717607949003,14400365084509115919,0.1959838999900967,,,batch-f4-residual-link-20260822-001
F4-residual-link,X1,X3,f4-residual-link,41,2,0.4061140792759061,0.005,residual_samples/batch-41-replication-2.csv,null_statistics/batch-41-replication-2.npy,batch-f4-residual-link,17106274103653607939,11071010698283194403,2697300429166998556,0.19664480001665652,,,batch-f4-residual-link-20260822-001
F4-residual-link,X1,X3,f4-residual-link,41,3,0.4277785871968682,0.005,residual_samples/batch-41-replication-3.csv,null_statistics/batch-41-replication-3.npy,batch-f4-residual-link,18191475227245138015,9642763049514637988,9059772606370701703,0.19493439997313544,,,batch-f4-residual-link-20260822-001
F4-residual-link,X1,X3,f4-residual-link,41,4,0.4446568488732078,0.005,residual_samples/batch-41-replication-4.csv,null_statistics/batch-41-replication-4.npy,batch-f4-residual-link,15240599521336330028,4096181030003503385,6543840461342540224,0.19819720002124086,,,batch-f4-residual-link-20260822-001
F4-residual-link,X1,X3,f4-residual-link,41,5,0.4348750926172903,0.005,residual_samples/batch-41-replication-5.csv,null_statistics/batch-41-replication-5.npy,batch-f4-residual-link,17486849368769476410,2677274295333353070,16143707856583099161,0.19750599999679253,,,batch-f4-residual-link-20260822-001
F4-residual-link,X1,X3,f4-residual-link,41,6,0.4536151091124976,0.005,residual_samples/batch-41-replication-6.csv,null_statistics/batch-41-replication-6.npy,batch-f4-residual-link,17014145641267161055,8180434107319586786,13974802014474368723,0.19611760001862422,,,batch-f4-residual-link-20260822-001
F4-residual-link,X1,X3,f4-residual-link,41,7,0.45105458459268993,0.005,residual_samples/batch-41-replication-7.csv,null_statistics/batch-41-replication-7.npy,batch-f4-residual-link,4193956143067336915,9430819788496878568,9059937135353659109,0.19847539998590946,,,batch-f4-residual-link-20260822-001
F4-residual-link,X1,X3,f4-residual-link,41,8,0.4594949263996157,0.005,residual_samples/batch-41-replication-8.csv,null_statistics/batch-41-replication-8.npy,batch-f4-residual-link,4284022392865996774,18209851867970872789,10833091280241575778,0.19741799996700138,,,batch-f4-residual-link-20260822-001
F4-residual-link,X1,X3,f4-residual-link,41,9,0.4166355801255132,0.005,residual_samples/batch-41-replication-9.csv,null_statistics/batch-41-replication-9.npy,batch-f4-residual-link,5810855612952797879,8425358856118012016,14919290453857501434,0.19811890000710264,,,batch-f4-residual-link-20260822-001
F4-residual-link,X1,X3,f4-residual-link,42,0,0.47695117336221665,0.005,residual_samples/batch-42-replication-0.csv,null_statistics/batch-42-replication-0.npy,batch-f4-residual-link,10080155911201153776,2507623053734833295,17690978390545784037,0.21166380000067875,,,batch-f4-residual-link-20260822-001
F4-residual-link,X1,X3,f4-residual-link,42,1,0.44013946350805266,0.005,residual_samples/batch-42-replication-1.csv,null_statistics/batch-42-replication-1.npy,batch-f4-residual-link,2198556852571645258,10800614502934927357,12497833342031788435,0.20280089997686446,,,batch-f4-residual-link-20260822-001
F4-residual-link,X1,X3,f4-residual-link,42,2,0.4519162050135752,0.005,residual_samples/batch-42-replication-2.csv,null_statistics/batch-42-replication-2.npy,batch-f4-residual-link,16341402403090229397,16358377556276410818,638253373166357842,0.19868590001715347,,,batch-f4-residual-link-20260822-001
F4-residual-link,X1,X3,f4-residual-link,42,3,0.4773968305408188,0.005,residual_samples/batch-42-replication-3.csv,null_statistics/batch-42-replication-3.npy,batch-f4-residual-link,1640580685479864924,15554899346655177529,6313395300026530777,0.2471001999801956,,,batch-f4-residual-link-20260822-001
F4-residual-link,X1,X3,f4-residual-link,42,4,0.4544690844973586,0.005,residual_samples/batch-42-replication-4.csv,null_statistics/batch-42-replication-4.npy,batch-f4-residual-link,5801820050245380291,13460095591280807889,7780450641614197287,0.22971819998929277,,,batch-f4-residual-link-20260822-001
F4-residual-link,X1,X3,f4-residual-link,42,5,0.4658876904806008,0.005,residual_samples/batch-42-replication-5.csv,null_statistics/batch-42-replication-5.npy,batch-f4-residual-link,3039792428115124099,9272834731136597045,8876060423653960770,0.2133964000386186,,,batch-f4-residual-link-20260822-001
F4-residual-link,X1,X3,f4-residual-link,42,6,0.4645893433856122,0.005,residual_samples/batch-42-replication-6.csv,null_statistics/batch-42-replication-6.npy,batch-f4-residual-link,5056617543257265485,10163752698282329085,16618311504725169309,0.20437419996596873,,,batch-f4-residual-link-20260822-001
F4-residual-link,X1,X3,f4-residual-link,42,7,0.48004362996199085,0.005,residual_samples/batch-42-replication-7.csv,null_statistics/batch-42-replication-7.npy,batch-f4-residual-link,17754572222789846942,14818638243150297859,3456160278339229068,0.3230951000005007,,,batch-f4-residual-link-20260822-001
F4-residual-link,X1,X3,f4-residual-link,42,8,0.44084128676002515,0.005,residual_samples/batch-42-replication-8.csv,null_statistics/batch-42-replication-8.npy,batch-f4-residual-link,3436926806892222119,4741877349466918448,10757945295860162729,0.4077030000044033,,,batch-f4-residual-link-20260822-001
F4-residual-link,X1,X3,f4-residual-link,42,9,0.40797395541431325,0.005,residual_samples/batch-42-replication-9.csv,null_statistics/batch-42-replication-9.npy,batch-f4-residual-link,6404925946959056754,625588259957043961,9400590483988854410,0.39653859997633845,,,batch-f4-residual-link-20260822-001
F4-residual-link,X1,X3,f4-residual-link,43,0,0.4091530441635318,0.005,residual_samples/batch-43-replication-0.csv,null_statistics/batch-43-replication-0.npy,batch-f4-residual-link,11713577675610954050,7609350460396411395,10488622581385950180,0.36281720001716167,,,batch-f4-residual-link-20260822-001
F4-residual-link,X1,X3,f4-residual-link,43,1,0.43990248285346095,0.005,residual_samples/batch-43-replication-1.csv,null_statistics/batch-43-replication-1.npy,batch-f4-residual-link,16266928893583974392,14448466799550853486,3331878675816762604,0.330236799956765,,,batch-f4-residual-link-20260822-001
F4-residual-link,X1,X3,f4-residual-link,43,2,0.4343730049736741,0.005,residual_samples/batch-43-replication-2.csv,null_statistics/batch-43-replication-2.npy,batch-f4-residual-link,1283549570954238199,13962976893808166548,6875511959112860508,0.3329996000393294,,,batch-f4-residual-link-20260822-001
F4-residual-link,X1,X3,f4-residual-link,43,3,0.4479111829302193,0.005,residual_samples/batch-43-replication-3.csv,null_statistics/batch-43-replication-3.npy,batch-f4-residual-link,16965819412860036666,11491352790982995531,4358535299553044720,0.32999980001477525,,,batch-f4-residual-link-20260822-001
F4-residual-link,X1,X3,f4-residual-link,43,4,0.4591600591159723,0.005,residual_samples/batch-43-replication-4.csv,null_statistics/batch-43-replication-4.npy,batch-f4-residual-link,8254265659586168817,16118985039783744111,18244756690292766662,0.34300990001065657,,,batch-f4-residual-link-20260822-001
F4-residual-link,X1,X3,f4-residual-link,43,5,0.44643713681256864,0.005,residual_samples/batch-43-replication-5.csv,null_statistics/batch-43-replication-5.npy,batch-f4-residual-link,3403092707662940483,15986804060628261330,11187999623502716816,0.33703009999589995,,,batch-f4-residual-link-20260822-001
F4-residual-link,X1,X3,f4-residual-link,43,6,0.4377757764881866,0.005,residual_samples/batch-43-replication-6.csv,null_statistics/batch-43-replication-6.npy,batch-f4-residual-link,2857605603230739121,15102949901716292587,5607151963192096376,0.3444129000417888,,,batch-f4-residual-link-20260822-001
F4-residual-link,X1,X3,f4-residual-link,43,7,0.4562263103350068,0.005,residual_samples/batch-43-replication-7.csv,null_statistics/batch-43-replication-7.npy,batch-f4-residual-link,16113557347543656031,17726710868375469348,244789386643340990,0.30808990000514314,,,batch-f4-residual-link-20260822-001
F4-residual-link,X1,X3,f4-residual-link,43,8,0.46383105756968895,0.005,residual_samples/batch-43-replication-8.csv,null_statistics/batch-43-replication-8.npy,batch-f4-residual-link,1848034149235861867,11864521176383959958,5965455892575610717,0.3374301000148989,,,batch-f4-residual-link-20260822-001
F4-residual-link,X1,X3,f4-residual-link,43,9,0.4464267073543493,0.005,residual_samples/batch-43-replication-9.csv,null_statistics/batch-43-replication-9.npy,batch-f4-residual-link,7292069246890360776,5217471061024471675,10428944490281169284,0.33866529999068007,,,batch-f4-residual-link-20260822-001
F4-residual-link,X1,X3,f4-residual-link,44,0,0.4480912527356724,0.005,residual_samples/batch-44-replication-0.csv,null_statistics/batch-44-replication-0.npy,batch-f4-residual-link,7914337987634761168,11964465394984567736,2706984304168101643,0.34799819998443127,,,batch-f4-residual-link-20260822-001
F4-residual-link,X1,X3,f4-residual-link,44,1,0.46556366320643755,0.005,residual_samples/batch-44-replication-1.csv,null_statistics/batch-44-replication-1.npy,batch-f4-residual-link,12511933073299174748,11506738688325352868,4590565922966083984,0.34185520000755787,,,batch-f4-residual-link-20260822-001
F4-residual-link,X1,X3,f4-residual-link,44,2,0.44931472038312087,0.005,residual_samples/batch-44-replication-2.csv,null_statistics/batch-44-replication-2.npy,batch-f4-residual-link,8749692089819183853,3564357841984982038,17152964850901844050,0.36101900000358,,,batch-f4-residual-link-20260822-001
F4-residual-link,X1,X3,f4-residual-link,44,3,0.48136194003061844,0.005,residual_samples/batch-44-replication-3.csv,null_statistics/batch-44-replication-3.npy,batch-f4-residual-link,17219916177970250754,12965386076710305477,14988067201799083868,0.42560720001347363,,,batch-f4-residual-link-20260822-001
F4-residual-link,X1,X3,f4-residual-link,44,4,0.4571843684406856,0.005,residual_samples/batch-44-replication-4.csv,null_statistics/batch-44-replication-4.npy,batch-f4-residual-link,5059282034164484919,1951989258244408756,14044381577242887137,0.40760119998594746,,,batch-f4-residual-link-20260822-001
F4-residual-link,X1,X3,f4-residual-link,44,5,0.44812166357706745,0.005,residual_samples/batch-44-replication-5.csv,null_statistics/batch-44-replication-5.npy,batch-f4-residual-link,9244022901429396310,3563280976304771816,3123093593520662113,0.38616280001588166,,,batch-f4-residual-link-20260822-001
F4-residual-link,X1,X3,f4-residual-link,44,6,0.41871165527836784,0.005,residual_samples/batch-44-replication-6.csv,null_statistics/batch-44-replication-6.npy,batch-f4-residual-link,2398289930274746645,4853466760318174215,12257901300470371314,0.38214120001066476,,,batch-f4-residual-link-20260822-001
F4-residual-link,X1,X3,f4-residual-link,44,7,0.44808271863158633,0.005,residual_samples/batch-44-replication-7.csv,null_statistics/batch-44-replication-7.npy,batch-f4-residual-link,513712288474748401,1069658676463994495,12451043963567619243,0.3863565000356175,,,batch-f4-residual-link-20260822-001
F4-residual-link,X1,X3,f4-residual-link,44,8,0.45193938006092715,0.005,residual_samples/batch-44-replication-8.csv,null_statistics/batch-44-replication-8.npy,batch-f4-residual-link,10609317002082215622,2026791096780441263,16339011187029889078,0.3271975999814458,,,batch-f4-residual-link-20260822-001
F4-residual-link,X1,X3,f4-residual-link,44,9,0.42689213050946134,0.005,residual_samples/batch-44-replication-9.csv,null_statistics/batch-44-replication-9.npy,batch-f4-residual-link,645831540073507910,4156228009342427007,16956797842866025897,0.35414419998414814,,,batch-f4-residual-link-20260822-001
F4-residual-link,X1,X3,f4-residual-link,45,0,0.5057138409031683,0.005,residual_samples/batch-45-replication-0.csv,null_statistics/batch-45-replication-0.npy,batch-f4-residual-link,6171377305077910475,16925619754228027306,17376726903796461003,0.37390480004251003,,,batch-f4-residual-link-20260822-001
F4-residual-link,X1,X3,f4-residual-link,45,1,0.4693325165683299,0.005,residual_samples/batch-45-replication-1.csv,null_statistics/batch-45-replication-1.npy,batch-f4-residual-link,11866183056924542731,4374046669540228312,10680404708352789761,0.3601106000132859,,,batch-f4-residual-link-20260822-001
F4-residual-link,X1,X3,f4-residual-link,45,2,0.4532160142027202,0.005,residual_samples/batch-45-replication-2.csv,null_statistics/batch-45-replication-2.npy,batch-f4-residual-link,9945925944997584685,718214014260285578,8204560569838598735,0.3231676999712363,,,batch-f4-residual-link-20260822-001
F4-residual-link,X1,X3,f4-residual-link,45,3,0.40225791228698415,0.005,residual_samples/batch-45-replication-3.csv,null_statistics/batch-45-replication-3.npy,batch-f4-residual-link,19775588098959549,12869211755785857406,13334285202829917859,0.35299680003663525,,,batch-f4-residual-link-20260822-001
F4-residual-link,X1,X3,f4-residual-link,45,4,0.435630352698807,0.005,residual_samples/batch-45-replication-4.csv,null_statistics/batch-45-replication-4.npy,batch-f4-residual-link,15110507302560247323,15137877555396533001,7933986665107605596,0.43553189997328445,,,batch-f4-residual-link-20260822-001
F4-residual-link,X1,X3,f4-residual-link,45,5,0.4352465922017004,0.005,residual_samples/batch-45-replication-5.csv,null_statistics/batch-45-replication-5.npy,batch-f4-residual-link,3419211385698597975,17513662117463925178,18146736476515100419,0.3974012000253424,,,batch-f4-residual-link-20260822-001
F4-residual-link,X1,X3,f4-residual-link,45,6,0.4808947938238642,0.005,residual_samples/batch-45-replication-6.csv,null_statistics/batch-45-replication-6.npy,batch-f4-residual-link,13816839894084071612,7640418340879990587,992369605434879874,0.3575664000236429,,,batch-f4-residual-link-20260822-001
F4-residual-link,X1,X3,f4-residual-link,45,7,0.4760894707488612,0.005,residual_samples/batch-45-replication-7.csv,null_statistics/batch-45-replication-7.npy,batch-f4-residual-link,14345787855906171814,17662139215236339649,9568451801625880610,0.3362555999774486,,,batch-f4-residual-link-20260822-001
F4-residual-link,X1,X3,f4-residual-link,45,8,0.4527785085710124,0.005,residual_samples/batch-45-replication-8.csv,null_statistics/batch-45-replication-8.npy,batch-f4-residual-link,334999629728185983,16843948006186759445,533759385064202959,0.35938270000042394,,,batch-f4-residual-link-20260822-001
F4-residual-link,X1,X3,f4-residual-link,45,9,0.44643183260714137,0.005,residual_samples/batch-45-replication-9.csv,null_statistics/batch-45-replication-9.npy,batch-f4-residual-link,15592165059971596407,4721344462582875833,2590384560278793187,0.3253749000141397,,,batch-f4-residual-link-20260822-001
F4-residual-link,X1,X3,f4-residual-link,46,0,0.47473890859801937,0.005,residual_samples/batch-46-replication-0.csv,null_statistics/batch-46-replication-0.npy,batch-f4-residual-link,7315511602487692432,9306011707952151636,8629355882475305954,0.34169139998266473,,,batch-f4-residual-link-20260822-001
F4-residual-link,X1,X3,f4-residual-link,46,1,0.4403394987958729,0.005,residual_samples/batch-46-replication-1.csv,null_statistics/batch-46-replication-1.npy,batch-f4-residual-link,1786044212944501396,1297313422296402272,5025016617992661470,0.29355239996220917,,,batch-f4-residual-link-20260822-001
F4-residual-link,X1,X3,f4-residual-link,46,2,0.46919992771843816,0.005,residual_samples/batch-46-replication-2.csv,null_statistics/batch-46-replication-2.npy,batch-f4-residual-link,10522084846541900221,4334968431574849965,16269077823394572164,0.33782590000191703,,,batch-f4-residual-link-20260822-001
F4-residual-link,X1,X3,f4-residual-link,46,3,0.44917016679198074,0.005,residual_samples/batch-46-replication-3.csv,null_statistics/batch-46-replication-3.npy,batch-f4-residual-link,12880681680673375592,7421303254686176621,9697146382595363476,0.34704309998778626,,,batch-f4-residual-link-20260822-001
F4-residual-link,X1,X3,f4-residual-link,46,4,0.41954118696261616,0.005,residual_samples/batch-46-replication-4.csv,null_statistics/batch-46-replication-4.npy,batch-f4-residual-link,10770650740782412017,8056428653229734055,7313770093232690136,0.341395299998112,,,batch-f4-residual-link-20260822-001
F4-residual-link,X1,X3,f4-residual-link,46,5,0.44059260766194736,0.005,residual_samples/batch-46-replication-5.csv,null_statistics/batch-46-replication-5.npy,batch-f4-residual-link,1447198339063900593,14182148030225139358,2269835351755608594,0.3364856000407599,,,batch-f4-residual-link-20260822-001
F4-residual-link,X1,X3,f4-residual-link,46,6,0.4556729960507018,0.005,residual_samples/batch-46-replication-6.csv,null_statistics/batch-46-replication-6.npy,batch-f4-residual-link,10455013955901758953,4047251247675656683,2792373785883409071,0.34639510000124574,,,batch-f4-residual-link-20260822-001
F4-residual-link,X1,X3,f4-residual-link,46,7,0.4982259907733864,0.005,residual_samples/batch-46-replication-7.csv,null_statistics/batch-46-replication-7.npy,batch-f4-residual-link,18109486875156673259,3541942761894432641,12680819833895048338,0.3386387000209652,,,batch-f4-residual-link-20260822-001
F4-residual-link,X1,X3,f4-residual-link,46,8,0.45716991452903677,0.005,residual_samples/batch-46-replication-8.csv,null_statistics/batch-46-replication-8.npy,batch-f4-residual-link,5456448054115348939,2584488607193874018,4747766699842286571,0.3912609000108205,,,batch-f4-residual-link-20260822-001
F4-residual-link,X1,X3,f4-residual-link,46,9,0.4651755293149348,0.005,residual_samples/batch-46-replication-9.csv,null_statistics/batch-46-replication-9.npy,batch-f4-residual-link,7190385291987230087,4018250981419831665,643866597220814083,0.3711738000274636,,,batch-f4-residual-link-20260822-001
F4-residual-link,X1,X3,f4-residual-link,47,0,0.4417220481233094,0.005,residual_samples/batch-47-replication-0.csv,null_statistics/batch-47-replication-0.npy,batch-f4-residual-link,14824851659882653262,16974186954812461394,12580014556512689360,0.29504349996568635,,,batch-f4-residual-link-20260822-001
F4-residual-link,X1,X3,f4-residual-link,47,1,0.4638766225571417,0.005,residual_samples/batch-47-replication-1.csv,null_statistics/batch-47-replication-1.npy,batch-f4-residual-link,13720926674409332248,4109426336024922437,17668443267588498335,0.3452259000041522,,,batch-f4-residual-link-20260822-001
F4-residual-link,X1,X3,f4-residual-link,47,2,0.453967197662179,0.005,residual_samples/batch-47-replication-2.csv,null_statistics/batch-47-replication-2.npy,batch-f4-residual-link,8462985373437807088,4432438175555505033,18019114905707927338,0.34802869998384267,,,batch-f4-residual-link-20260822-001
F4-residual-link,X1,X3,f4-residual-link,47,3,0.464982786854029,0.005,residual_samples/batch-47-replication-3.csv,null_statistics/batch-47-replication-3.npy,batch-f4-residual-link,403574775867152019,18359306114637511176,15203846027521417735,0.33338610001374036,,,batch-f4-residual-link-20260822-001
F4-residual-link,X1,X3,f4-residual-link,47,4,0.4911543583604343,0.005,residual_samples/batch-47-replication-4.csv,null_statistics/batch-47-replication-4.npy,batch-f4-residual-link,4646262310894933047,13161750526605320458,14841937828831069410,0.33545320003759116,,,batch-f4-residual-link-20260822-001
F4-residual-link,X1,X3,f4-residual-link,47,5,0.43895489893487694,0.005,residual_samples/batch-47-replication-5.csv,null_statistics/batch-47-replication-5.npy,batch-f4-residual-link,16426369705277226769,4209232175241087845,124086877970286244,0.33459949999814853,,,batch-f4-residual-link-20260822-001
F4-residual-link,X1,X3,f4-residual-link,47,6,0.4568580250327958,0.005,residual_samples/batch-47-replication-6.csv,null_statistics/batch-47-replication-6.npy,batch-f4-residual-link,11748172583931303463,16162074996952576238,8476049476485189478,0.34195010003168136,,,batch-f4-residual-link-20260822-001
F4-residual-link,X1,X3,f4-residual-link,47,7,0.47020958439082,0.005,residual_samples/batch-47-replication-7.csv,null_statistics/batch-47-replication-7.npy,batch-f4-residual-link,17365390474587190442,15472816259289151041,13284956592167848630,0.33883939997758716,,,batch-f4-residual-link-20260822-001
F4-residual-link,X1,X3,f4-residual-link,47,8,0.4530780255229281,0.005,residual_samples/batch-47-replication-8.csv,null_statistics/batch-47-replication-8.npy,batch-f4-residual-link,2370720741991036095,12671063410526617975,6394401144828695912,0.3378225000342354,,,batch-f4-residual-link-20260822-001
F4-residual-link,X1,X3,f4-residual-link,47,9,0.4472487955356344,0.005,residual_samples/batch-47-replication-9.csv,null_statistics/batch-47-replication-9.npy,batch-f4-residual-link,10934984843549694426,10089085496544272422,7135715847020530203,0.3607999000232667,,,batch-f4-residual-link-20260822-001
F4-residual-link,X1,X3,f4-residual-link,48,0,0.43996337575180694,0.005,residual_samples/batch-48-replication-0.csv,null_statistics/batch-48-replication-0.npy,batch-f4-residual-link,2975118734679344125,3666014116822380364,9460636920283777523,0.3406198000302538,,,batch-f4-residual-link-20260822-001
F4-residual-link,X1,X3,f4-residual-link,48,1,0.43551035804939164,0.005,residual_samples/batch-48-replication-1.csv,null_statistics/batch-48-replication-1.npy,batch-f4-residual-link,3727924703749786142,10544286442217487623,8943474020009231483,0.34428849996766075,,,batch-f4-residual-link-20260822-001
F4-residual-link,X1,X3,f4-residual-link,48,2,0.45696578762091533,0.005,residual_samples/batch-48-replication-2.csv,null_statistics/batch-48-replication-2.npy,batch-f4-residual-link,2769942713039720443,17850986772230066071,10077002557713696883,0.34609679999994114,,,batch-f4-residual-link-20260822-001
F4-residual-link,X1,X3,f4-residual-link,48,3,0.43778201901588915,0.005,residual_samples/batch-48-replication-3.csv,null_statistics/batch-48-replication-3.npy,batch-f4-residual-link,690710722884452652,16951560220898126053,17948354994815162989,0.3168751999619417,,,batch-f4-residual-link-20260822-001
F4-residual-link,X1,X3,f4-residual-link,48,4,0.48248035753112334,0.005,residual_samples/batch-48-replication-4.csv,null_statistics/batch-48-replication-4.npy,batch-f4-residual-link,5610555829804862879,17866643584394751795,11799207021914689939,0.3121660999604501,,,batch-f4-residual-link-20260822-001
F4-residual-link,X1,X3,f4-residual-link,48,5,0.48714164129932386,0.005,residual_samples/batch-48-replication-5.csv,null_statistics/batch-48-replication-5.npy,batch-f4-residual-link,16082375929423634935,12350982371894563900,13026852497544578168,0.3952663000090979,,,batch-f4-residual-link-20260822-001
F4-residual-link,X1,X3,f4-residual-link,48,6,0.4728283686337018,0.005,residual_samples/batch-48-replication-6.csv,null_statistics/batch-48-replication-6.npy,batch-f4-residual-link,11943261923903287695,2703673381858024869,4856668913811112955,0.4402671999996528,,,batch-f4-residual-link-20260822-001
F4-residual-link,X1,X3,f4-residual-link,48,7,0.4338241539660698,0.005,residual_samples/batch-48-replication-7.csv,null_statistics/batch-48-replication-7.npy,batch-f4-residual-link,6434429096559061931,10669319820490626853,18110617965700521390,0.3982518999837339,,,batch-f4-residual-link-20260822-001
F4-residual-link,X1,X3,f4-residual-link,48,8,0.46181553651658735,0.005,residual_samples/batch-48-replication-8.csv,null_statistics/batch-48-replication-8.npy,batch-f4-residual-link,2893007357892066117,14126356717217760051,2821852228449964243,0.32468610000796616,,,batch-f4-residual-link-20260822-001
F4-residual-link,X1,X3,f4-residual-link,48,9,0.44636683930206456,0.005,residual_samples/batch-48-replication-9.csv,null_statistics/batch-48-replication-9.npy,batch-f4-residual-link,14006870516420038803,12493157607340455079,14242338405290027428,0.20884400000795722,,,batch-f4-residual-link-20260822-001
F4-residual-link,X1,X3,f4-residual-link,49,0,0.42635665350735624,0.005,residual_samples/batch-49-replication-0.csv,null_statistics/batch-49-replication-0.npy,batch-f4-residual-link,10594981746154906969,5827667431032972343,12289008929596153709,0.21319710003444925,,,batch-f4-residual-link-20260822-001
F4-residual-link,X1,X3,f4-residual-link,49,1,0.46492330515996094,0.005,residual_samples/batch-49-replication-1.csv,null_statistics/batch-49-replication-1.npy,batch-f4-residual-link,7319913705938624781,14138402108733385228,11886545585952957678,0.2072871999698691,,,batch-f4-residual-link-20260822-001
F4-residual-link,X1,X3,f4-residual-link,49,2,0.464167069696113,0.005,residual_samples/batch-49-replication-2.csv,null_statistics/batch-49-replication-2.npy,batch-f4-residual-link,3243471956963081733,11320702666356002463,17853029588027160954,0.20843100000638515,,,batch-f4-residual-link-20260822-001
F4-residual-link,X1,X3,f4-residual-link,49,3,0.4562752082951772,0.005,residual_samples/batch-49-replication-3.csv,null_statistics/batch-49-replication-3.npy,batch-f4-residual-link,1239845349541536511,14919209622024527647,10813100826742617685,0.208897500007879,,,batch-f4-residual-link-20260822-001
F4-residual-link,X1,X3,f4-residual-link,49,4,0.4412680450761088,0.005,residual_samples/batch-49-replication-4.csv,null_statistics/batch-49-replication-4.npy,batch-f4-residual-link,12422786546697163317,2179897997866323597,18309120963551387440,0.20433300000149757,,,batch-f4-residual-link-20260822-001
F4-residual-link,X1,X3,f4-residual-link,49,5,0.47743303722004415,0.005,residual_samples/batch-49-replication-5.csv,null_statistics/batch-49-replication-5.npy,batch-f4-residual-link,11824767522073505983,4843598359886799921,15452186596080283106,0.19983050000155345,,,batch-f4-residual-link-20260822-001
F4-residual-link,X1,X3,f4-residual-link,49,6,0.48626350688403797,0.005,residual_samples/batch-49-replication-6.csv,null_statistics/batch-49-replication-6.npy,batch-f4-residual-link,17057385549114962174,12215603625041311540,582765918628201869,0.19905880000442266,,,batch-f4-residual-link-20260822-001
F4-residual-link,X1,X3,f4-residual-link,49,7,0.4218271191279042,0.005,residual_samples/batch-49-replication-7.csv,null_statistics/batch-49-replication-7.npy,batch-f4-residual-link,12021812665156641874,10143183728235222639,6420481645062953391,0.21404719998827204,,,batch-f4-residual-link-20260822-001
F4-residual-link,X1,X3,f4-residual-link,49,8,0.4562170683391943,0.005,residual_samples/batch-49-replication-8.csv,null_statistics/batch-49-replication-8.npy,batch-f4-residual-link,15447697964448678679,13903403433237578738,7143727735673421839,0.4735631999792531,,,batch-f4-residual-link-20260822-001
F4-residual-link,X1,X3,f4-residual-link,49,9,0.46665701837650614,0.005,residual_samples/batch-49-replication-9.csv,null_statistics/batch-49-replication-9.npy,batch-f4-residual-link,7695584947019874594,5882500759280529504,4556328737613897139,0.415497999987565,,,batch-f4-residual-link-20260822-001
F4-residual-link,X1,X3,f4-residual-link,50,0,0.47846892690413556,0.005,residual_samples/batch-50-replication-0.csv,null_statistics/batch-50-replication-0.npy,batch-f4-residual-link,12611074859254663363,9615608682280980720,17014485466002966702,0.41805530001875013,,,batch-f4-residual-link-20260822-001
F4-residual-link,X1,X3,f4-residual-link,50,1,0.45847989581821647,0.005,residual_samples/batch-50-replication-1.csv,null_statistics/batch-50-replication-1.npy,batch-f4-residual-link,10989452043338639686,3223410570302099827,6082776106320639259,0.43234219995792955,,,batch-f4-residual-link-20260822-001
F4-residual-link,X1,X3,f4-residual-link,50,2,0.47207493132183,0.005,residual_samples/batch-50-replication-2.csv,null_statistics/batch-50-replication-2.npy,batch-f4-residual-link,2331839719340723146,4583206482490885604,3406429945829966577,0.35673090000636876,,,batch-f4-residual-link-20260822-001
F4-residual-link,X1,X3,f4-residual-link,50,3,0.4246692168362853,0.005,residual_samples/batch-50-replication-3.csv,null_statistics/batch-50-replication-3.npy,batch-f4-residual-link,525012492235838654,3732579728716374589,6869906825947030313,0.37241979996906593,,,batch-f4-residual-link-20260822-001
F4-residual-link,X1,X3,f4-residual-link,50,4,0.4580432152710478,0.005,residual_samples/batch-50-replication-4.csv,null_statistics/batch-50-replication-4.npy,batch-f4-residual-link,6746534137706826627,7147630894979071138,15966732282721837485,0.3595177999814041,,,batch-f4-residual-link-20260822-001
F4-residual-link,X1,X3,f4-residual-link,50,5,0.4674070607793925,0.005,residual_samples/batch-50-replication-5.csv,null_statistics/batch-50-replication-5.npy,batch-f4-residual-link,6035838579912662963,10786135763402154716,2842987867447286873,0.37214819999644533,,,batch-f4-residual-link-20260822-001
F4-residual-link,X1,X3,f4-residual-link,50,6,0.5091281083702217,0.005,residual_samples/batch-50-replication-6.csv,null_statistics/batch-50-replication-6.npy,batch-f4-residual-link,1664367464491246563,7511820328397371315,6997566897277057542,0.3478301999857649,,,batch-f4-residual-link-20260822-001
F4-residual-link,X1,X3,f4-residual-link,50,7,0.4243345038825352,0.005,residual_samples/batch-50-replication-7.csv,null_statistics/batch-50-replication-7.npy,batch-f4-residual-link,3450715918360485478,10740570849136442512,6702707032646243129,0.3688241000054404,,,batch-f4-residual-link-20260822-001
F4-residual-link,X1,X3,f4-residual-link,50,8,0.4830364080078036,0.005,residual_samples/batch-50-replication-8.csv,null_statistics/batch-50-replication-8.npy,batch-f4-residual-link,6545990575780423640,6489111431800813744,8586141379987022164,0.3802867999766022,,,batch-f4-residual-link-20260822-001
F4-residual-link,X1,X3,f4-residual-link,50,9,0.4634667802732951,0.005,residual_samples/batch-50-replication-9.csv,null_statistics/batch-50-replication-9.npy,batch-f4-residual-link,8396505071927483536,16966266297945979853,7866107156451427417,0.35602820001076907,,,batch-f4-residual-link-20260822-001
F4-residual-link,X1,X3,f4-residual-link,51,0,0.4209332008822198,0.005,residual_samples/batch-51-replication-0.csv,null_statistics/batch-51-replication-0.npy,batch-f4-residual-link,5165475889692074955,7857593768375846417,15055032896654514343,0.35857070004567504,,,batch-f4-residual-link-20260822-001
F4-residual-link,X1,X3,f4-residual-link,51,1,0.41362145430795627,0.005,residual_samples/batch-51-replication-1.csv,null_statistics/batch-51-replication-1.npy,batch-f4-residual-link,5210801849738678055,6781613273321105644,7042894120542957900,0.35387859999900684,,,batch-f4-residual-link-20260822-001
F4-residual-link,X1,X3,f4-residual-link,51,2,0.4186608606181353,0.005,residual_samples/batch-51-replication-2.csv,null_statistics/batch-51-replication-2.npy,batch-f4-residual-link,89649668121982821,9197201144466892681,122927414194650358,0.34397639997769147,,,batch-f4-residual-link-20260822-001
F4-residual-link,X1,X3,f4-residual-link,51,3,0.47352848349841953,0.005,residual_samples/batch-51-replication-3.csv,null_statistics/batch-51-replication-3.npy,batch-f4-residual-link,3569152104289341315,16475526900263427267,943084974640975953,0.43063950003124774,,,batch-f4-residual-link-20260822-001
F4-residual-link,X1,X3,f4-residual-link,51,4,0.47326955845287766,0.005,residual_samples/batch-51-replication-4.csv,null_statistics/batch-51-replication-4.npy,batch-f4-residual-link,383706004415724149,17458711472995479452,16154306894669046007,0.34566029999405146,,,batch-f4-residual-link-20260822-001
F4-residual-link,X1,X3,f4-residual-link,51,5,0.4713120997685066,0.005,residual_samples/batch-51-replication-5.csv,null_statistics/batch-51-replication-5.npy,batch-f4-residual-link,10549905147796085940,965490816053813378,3151432846049964858,0.4484119000262581,,,batch-f4-residual-link-20260822-001
F4-residual-link,X1,X3,f4-residual-link,51,6,0.46435514970905917,0.005,residual_samples/batch-51-replication-6.csv,null_statistics/batch-51-replication-6.npy,batch-f4-residual-link,1586331415187222136,16208118412470980651,4642906430135827399,0.3733774999855086,,,batch-f4-residual-link-20260822-001
F4-residual-link,X1,X3,f4-residual-link,51,7,0.4715472893076722,0.005,residual_samples/batch-51-replication-7.csv,null_statistics/batch-51-replication-7.npy,batch-f4-residual-link,10431040945837831335,10264944072175142766,16151978526332076513,0.37490619998425245,,,batch-f4-residual-link-20260822-001
F4-residual-link,X1,X3,f4-residual-link,51,8,0.42276086575826777,0.005,residual_samples/batch-51-replication-8.csv,null_statistics/batch-51-replication-8.npy,batch-f4-residual-link,10590026065755873798,8157932841172573642,18350600584001306296,0.35103669995442033,,,batch-f4-residual-link-20260822-001
F4-residual-link,X1,X3,f4-residual-link,51,9,0.509231215977639,0.005,residual_samples/batch-51-replication-9.csv,null_statistics/batch-51-replication-9.npy,batch-f4-residual-link,12173731037660726592,3685526994171085835,860852049873918596,0.3414109000004828,,,batch-f4-residual-link-20260822-001
F4-residual-link,X1,X3,f4-residual-link,52,0,0.47653470627793554,0.005,residual_samples/batch-52-replication-0.csv,null_statistics/batch-52-replication-0.npy,batch-f4-residual-link,17944034982445813188,1760745727905679983,102389694997560524,0.3938468000269495,,,batch-f4-residual-link-20260822-001
F4-residual-link,X1,X3,f4-residual-link,52,1,0.46634058338915674,0.005,residual_samples/batch-52-replication-1.csv,null_statistics/batch-52-replication-1.npy,batch-f4-residual-link,1990344607267155271,9856871610343688340,3719810211437750941,0.4262190000154078,,,batch-f4-residual-link-20260822-001
F4-residual-link,X1,X3,f4-residual-link,52,2,0.45261890272571487,0.005,residual_samples/batch-52-replication-2.csv,null_statistics/batch-52-replication-2.npy,batch-f4-residual-link,6874650285647825625,11657384145486168165,12059909932324524772,0.4135133000090718,,,batch-f4-residual-link-20260822-001
F4-residual-link,X1,X3,f4-residual-link,52,3,0.4527920748528079,0.005,residual_samples/batch-52-replication-3.csv,null_statistics/batch-52-replication-3.npy,batch-f4-residual-link,15507677228537897475,6410678032147185416,16794034487719776522,0.40792859997600317,,,batch-f4-residual-link-20260822-001
F4-residual-link,X1,X3,f4-residual-link,52,4,0.4734545475914572,0.005,residual_samples/batch-52-replication-4.csv,null_statistics/batch-52-replication-4.npy,batch-f4-residual-link,18243769256499556338,1496259134124129443,8743793366482190957,0.35181749996263534,,,batch-f4-residual-link-20260822-001
F4-residual-link,X1,X3,f4-residual-link,52,5,0.45764838702680405,0.005,residual_samples/batch-52-replication-5.csv,null_statistics/batch-52-replication-5.npy,batch-f4-residual-link,5241350501322348134,13897548678956317754,15093431768842057158,0.3381811000290327,,,batch-f4-residual-link-20260822-001
F4-residual-link,X1,X3,f4-residual-link,52,6,0.4064121914534185,0.005,residual_samples/batch-52-replication-6.csv,null_statistics/batch-52-replication-6.npy,batch-f4-residual-link,1731424418779330192,8866148280688858355,2992511492478249127,0.3435920999618247,,,batch-f4-residual-link-20260822-001
F4-residual-link,X1,X3,f4-residual-link,52,7,0.4502770319218175,0.005,residual_samples/batch-52-replication-7.csv,null_statistics/batch-52-replication-7.npy,batch-f4-residual-link,1581649471070875137,895723444861010507,12489871618045262886,0.33924530004151165,,,batch-f4-residual-link-20260822-001
F4-residual-link,X1,X3,f4-residual-link,52,8,0.4418298825158186,0.005,residual_samples/batch-52-replication-8.csv,null_statistics/batch-52-replication-8.npy,batch-f4-residual-link,14877478978032813142,2475079140061350521,8041003991443419969,0.40957519999938086,,,batch-f4-residual-link-20260822-001
F4-residual-link,X1,X3,f4-residual-link,52,9,0.4412335385934909,0.005,residual_samples/batch-52-replication-9.csv,null_statistics/batch-52-replication-9.npy,batch-f4-residual-link,5439603224093612047,14626185794336025700,15767579490746362655,0.3542087000096217,,,batch-f4-residual-link-20260822-001
F4-residual-link,X1,X3,f4-residual-link,53,0,0.42621531051499634,0.005,residual_samples/batch-53-replication-0.csv,null_statistics/batch-53-replication-0.npy,batch-f4-residual-link,3058533942953563518,1445545530944549141,7916810177013621896,0.314862200000789,,,batch-f4-residual-link-20260822-001
F4-residual-link,X1,X3,f4-residual-link,53,1,0.40535250536250605,0.005,residual_samples/batch-53-replication-1.csv,null_statistics/batch-53-replication-1.npy,batch-f4-residual-link,15099625512459220894,3207770969773621887,15737166149429441216,0.3880894999601878,,,batch-f4-residual-link-20260822-001
F4-residual-link,X1,X3,f4-residual-link,53,2,0.46446490639860477,0.005,residual_samples/batch-53-replication-2.csv,null_statistics/batch-53-replication-2.npy,batch-f4-residual-link,12426462880299197857,16079022091577850736,10832189073255951769,0.43277740001212806,,,batch-f4-residual-link-20260822-001
F4-residual-link,X1,X3,f4-residual-link,53,3,0.4729632537168924,0.005,residual_samples/batch-53-replication-3.csv,null_statistics/batch-53-replication-3.npy,batch-f4-residual-link,12693998363433213091,10423367600349665055,7870813824607333440,0.346241099992767,,,batch-f4-residual-link-20260822-001
F4-residual-link,X1,X3,f4-residual-link,53,4,0.4662510080033036,0.005,residual_samples/batch-53-replication-4.csv,null_statistics/batch-53-replication-4.npy,batch-f4-residual-link,2685194827440220657,900659684973250585,10011843950827398250,0.34931200003484264,,,batch-f4-residual-link-20260822-001
F4-residual-link,X1,X3,f4-residual-link,53,5,0.4349063513972203,0.005,residual_samples/batch-53-replication-5.csv,null_statistics/batch-53-replication-5.npy,batch-f4-residual-link,11449793558201740178,8117046867067486373,7372110783403972385,0.34744669997598976,,,batch-f4-residual-link-20260822-001
F4-residual-link,X1,X3,f4-residual-link,53,6,0.4897347389804896,0.005,residual_samples/batch-53-replication-6.csv,null_statistics/batch-53-replication-6.npy,batch-f4-residual-link,8139255764433257846,3980033443652115614,569331580530699403,0.3524283000151627,,,batch-f4-residual-link-20260822-001
F4-residual-link,X1,X3,f4-residual-link,53,7,0.4674367305481732,0.005,residual_samples/batch-53-replication-7.csv,null_statistics/batch-53-replication-7.npy,batch-f4-residual-link,15238505451831419550,8015497819644254525,14415798096648018556,0.3645554999820888,,,batch-f4-residual-link-20260822-001
F4-residual-link,X1,X3,f4-residual-link,53,8,0.4940276203903289,0.005,residual_samples/batch-53-replication-8.csv,null_statistics/batch-53-replication-8.npy,batch-f4-residual-link,3107640708124815719,671174443366959737,1332252363401700984,0.33964950003428385,,,batch-f4-residual-link-20260822-001
F4-residual-link,X1,X3,f4-residual-link,53,9,0.46340470766575614,0.005,residual_samples/batch-53-replication-9.csv,null_statistics/batch-53-replication-9.npy,batch-f4-residual-link,6473785737710250997,5897407348582932031,16243833845898491413,0.3822027000132948,,,batch-f4-residual-link-20260822-001
F4-residual-link,X1,X3,f4-residual-link,54,0,0.4393575052702687,0.005,residual_samples/batch-54-replication-0.csv,null_statistics/batch-54-replication-0.npy,batch-f4-residual-link,5768523838639915352,17170001663183775863,709672950654952435,0.3440518999705091,,,batch-f4-residual-link-20260822-001
F4-residual-link,X1,X3,f4-residual-link,54,1,0.4733959312143638,0.005,residual_samples/batch-54-replication-1.csv,null_statistics/batch-54-replication-1.npy,batch-f4-residual-link,7196667580184874870,4293179569997443123,6804377352874400507,0.337160800001584,,,batch-f4-residual-link-20260822-001
F4-residual-link,X1,X3,f4-residual-link,54,2,0.46216313347521465,0.005,residual_samples/batch-54-replication-2.csv,null_statistics/batch-54-replication-2.npy,batch-f4-residual-link,8358889310640872750,3990847881576288850,9583213186776084628,0.34543340001255274,,,batch-f4-residual-link-20260822-001
F4-residual-link,X1,X3,f4-residual-link,54,3,0.41303529187943805,0.005,residual_samples/batch-54-replication-3.csv,null_statistics/batch-54-replication-3.npy,batch-f4-residual-link,4940780541956814178,3758858016623285434,170902237894105784,0.3372361999936402,,,batch-f4-residual-link-20260822-001
F4-residual-link,X1,X3,f4-residual-link,54,4,0.44144936494327364,0.005,residual_samples/batch-54-replication-4.csv,null_statistics/batch-54-replication-4.npy,batch-f4-residual-link,8386897034096688856,11731946516815033586,16827881119971873077,0.3352481999900192,,,batch-f4-residual-link-20260822-001
F4-residual-link,X1,X3,f4-residual-link,54,5,0.4780694410438046,0.005,residual_samples/batch-54-replication-5.csv,null_statistics/batch-54-replication-5.npy,batch-f4-residual-link,16505477863647931552,6384897773912939242,18102224171606504890,0.3450719999964349,,,batch-f4-residual-link-20260822-001
F4-residual-link,X1,X3,f4-residual-link,54,6,0.48515120719287624,0.005,residual_samples/batch-54-replication-6.csv,null_statistics/batch-54-replication-6.npy,batch-f4-residual-link,3529587144153434870,12123790615633489341,13476754179848870153,0.33530269999755546,,,batch-f4-residual-link-20260822-001
F4-residual-link,X1,X3,f4-residual-link,54,7,0.47644337915742546,0.005,residual_samples/batch-54-replication-7.csv,null_statistics/batch-54-replication-7.npy,batch-f4-residual-link,10719786057028797017,16753292226130310675,12014561213110814344,0.34149630001047626,,,batch-f4-residual-link-20260822-001
F4-residual-link,X1,X3,f4-residual-link,54,8,0.4602126649456361,0.005,residual_samples/batch-54-replication-8.csv,null_statistics/batch-54-replication-8.npy,batch-f4-residual-link,7432525862091232234,2844301001187214841,1847178319180539602,0.348542699997779,,,batch-f4-residual-link-20260822-001
F4-residual-link,X1,X3,f4-residual-link,54,9,0.4396587788610065,0.005,residual_samples/batch-54-replication-9.csv,null_statistics/batch-54-replication-9.npy,batch-f4-residual-link,5105154013613748092,16200818557872474641,18013385905877276609,0.35539959999732673,,,batch-f4-residual-link-20260822-001
F4-residual-link,X1,X3,f4-residual-link,55,0,0.4557075721944861,0.005,residual_samples/batch-55-replication-0.csv,null_statistics/batch-55-replication-0.npy,batch-f4-residual-link,17400551074925512837,321461764557298053,11977008808490940689,0.3657987000187859,,,batch-f4-residual-link-20260822-001
F4-residual-link,X1,X3,f4-residual-link,55,1,0.46057617482323876,0.005,residual_samples/batch-55-replication-1.csv,null_statistics/batch-55-replication-1.npy,batch-f4-residual-link,7012133953837625087,17818675648364120987,11675055191750838069,0.3619734999956563,,,batch-f4-residual-link-20260822-001
F4-residual-link,X1,X3,f4-residual-link,55,2,0.4313505464822366,0.005,residual_samples/batch-55-replication-2.csv,null_statistics/batch-55-replication-2.npy,batch-f4-residual-link,4647586736423558213,1792133940117742797,2063251221819985615,0.29924249998293817,,,batch-f4-residual-link-20260822-001
F4-residual-link,X1,X3,f4-residual-link,55,3,0.46568235495839144,0.005,residual_samples/batch-55-replication-3.csv,null_statistics/batch-55-replication-3.npy,batch-f4-residual-link,11520133465184896334,4355030261174045639,14189620962392500605,0.3714254000224173,,,batch-f4-residual-link-20260822-001
F4-residual-link,X1,X3,f4-residual-link,55,4,0.4429093106146507,0.005,residual_samples/batch-55-replication-4.csv,null_statistics/batch-55-replication-4.npy,batch-f4-residual-link,4549444442583899142,1066546909886135687,3055899492376235275,0.3801443999982439,,,batch-f4-residual-link-20260822-001
F4-residual-link,X1,X3,f4-residual-link,55,5,0.40914694055738277,0.005,residual_samples/batch-55-replication-5.csv,null_statistics/batch-55-replication-5.npy,batch-f4-residual-link,6147815261817821414,12550638172560619604,13327220906523153218,0.3376387000316754,,,batch-f4-residual-link-20260822-001
F4-residual-link,X1,X3,f4-residual-link,55,6,0.4815990181230855,0.005,residual_samples/batch-55-replication-6.csv,null_statistics/batch-55-replication-6.npy,batch-f4-residual-link,12911444409485506374,16765885454170105104,7301187960477392129,0.34355089999735355,,,batch-f4-residual-link-20260822-001
F4-residual-link,X1,X3,f4-residual-link,55,7,0.4385026443336041,0.005,residual_samples/batch-55-replication-7.csv,null_statistics/batch-55-replication-7.npy,batch-f4-residual-link,12242564658796284994,10642496789507315514,13447436481013760530,0.374568100029137,,,batch-f4-residual-link-20260822-001
F4-residual-link,X1,X3,f4-residual-link,55,8,0.4017399482752972,0.005,residual_samples/batch-55-replication-8.csv,null_statistics/batch-55-replication-8.npy,batch-f4-residual-link,3369049650314425447,17164971774564447778,3813832112588376648,0.37965379998786375,,,batch-f4-residual-link-20260822-001
F4-residual-link,X1,X3,f4-residual-link,55,9,0.4556407420965258,0.005,residual_samples/batch-55-replication-9.csv,null_statistics/batch-55-replication-9.npy,batch-f4-residual-link,3809735135240169202,8159241836670127311,2913101193308056162,0.29832729999907315,,,batch-f4-residual-link-20260822-001
F4-residual-link,X1,X3,f4-residual-link,56,0,0.440117284408244,0.005,residual_samples/batch-56-replication-0.csv,null_statistics/batch-56-replication-0.npy,batch-f4-residual-link,7574039867253842190,861577986670493290,13219590413461286612,0.34400790004292503,,,batch-f4-residual-link-20260822-001
F4-residual-link,X1,X3,f4-residual-link,56,1,0.44755175581738627,0.005,residual_samples/batch-56-replication-1.csv,null_statistics/batch-56-replication-1.npy,batch-f4-residual-link,8312340465782908929,6041550611283651911,1649313456440999193,0.37125509994802997,,,batch-f4-residual-link-20260822-001
F4-residual-link,X1,X3,f4-residual-link,56,2,0.44380178554116717,0.005,residual_samples/batch-56-replication-2.csv,null_statistics/batch-56-replication-2.npy,batch-f4-residual-link,17710448901225347518,15344173279959690845,8803864169007793551,0.46550319995731115,,,batch-f4-residual-link-20260822-001
F4-residual-link,X1,X3,f4-residual-link,56,3,0.457353040554556,0.005,residual_samples/batch-56-replication-3.csv,null_statistics/batch-56-replication-3.npy,batch-f4-residual-link,1986207011210722993,14369030549404814084,10716657899164391712,0.3694996999693103,,,batch-f4-residual-link-20260822-001
F4-residual-link,X1,X3,f4-residual-link,56,4,0.4510542133798252,0.005,residual_samples/batch-56-replication-4.csv,null_statistics/batch-56-replication-4.npy,batch-f4-residual-link,14647140616021312542,12470943702641986701,13107004395640937776,0.32787740003550425,,,batch-f4-residual-link-20260822-001
F4-residual-link,X1,X3,f4-residual-link,56,5,0.44410944598354474,0.005,residual_samples/batch-56-replication-5.csv,null_statistics/batch-56-replication-5.npy,batch-f4-residual-link,11979135326757645603,5278729097772080647,6003136155089298367,0.35539630003040656,,,batch-f4-residual-link-20260822-001
F4-residual-link,X1,X3,f4-residual-link,56,6,0.4923812764835421,0.005,residual_samples/batch-56-replication-6.csv,null_statistics/batch-56-replication-6.npy,batch-f4-residual-link,14252936135321582310,9462808227069216001,1821850376206365618,0.34328730002744123,,,batch-f4-residual-link-20260822-001
F4-residual-link,X1,X3,f4-residual-link,56,7,0.42994068473198277,0.005,residual_samples/batch-56-replication-7.csv,null_statistics/batch-56-replication-7.npy,batch-f4-residual-link,14855286210691676404,11601095793305378019,5392371526143199899,0.3852428999962285,,,batch-f4-residual-link-20260822-001
F4-residual-link,X1,X3,f4-residual-link,56,8,0.5232550597170205,0.005,residual_samples/batch-56-replication-8.csv,null_statistics/batch-56-replication-8.npy,batch-f4-residual-link,1676208199970437773,6771325927864880567,3166233298883653255,0.36526460002642125,,,batch-f4-residual-link-20260822-001
F4-residual-link,X1,X3,f4-residual-link,56,9,0.4754682942648788,0.005,residual_samples/batch-56-replication-9.csv,null_statistics/batch-56-replication-9.npy,batch-f4-residual-link,6659847439074515145,17751975609673529974,13465537503410507283,0.34018859994830564,,,batch-f4-residual-link-20260822-001
F4-residual-link,X1,X3,f4-residual-link,57,0,0.4517401720949502,0.005,residual_samples/batch-57-replication-0.csv,null_statistics/batch-57-replication-0.npy,batch-f4-residual-link,4507864645924467367,6516364162578029309,163420046928265655,0.3397120999870822,,,batch-f4-residual-link-20260822-001
F4-residual-link,X1,X3,f4-residual-link,57,1,0.48764637629718316,0.005,residual_samples/batch-57-replication-1.csv,null_statistics/batch-57-replication-1.npy,batch-f4-residual-link,15037149826911531340,1706548947119863746,11003380166701342909,0.33926789998076856,,,batch-f4-residual-link-20260822-001
F4-residual-link,X1,X3,f4-residual-link,57,2,0.43276317353518845,0.005,residual_samples/batch-57-replication-2.csv,null_statistics/batch-57-replication-2.npy,batch-f4-residual-link,6482986903756399566,11094271837120616884,5823301793022922455,0.3459298000088893,,,batch-f4-residual-link-20260822-001
F4-residual-link,X1,X3,f4-residual-link,57,3,0.43618859405284277,0.005,residual_samples/batch-57-replication-3.csv,null_statistics/batch-57-replication-3.npy,batch-f4-residual-link,15021070608824923311,16405454928995380221,4550698516052273223,0.3551805999595672,,,batch-f4-residual-link-20260822-001
F4-residual-link,X1,X3,f4-residual-link,57,4,0.4256581056980617,0.005,residual_samples/batch-57-replication-4.csv,null_statistics/batch-57-replication-4.npy,batch-f4-residual-link,16326306254437383454,6666462295900994379,18152947326368381986,0.31381870002951473,,,batch-f4-residual-link-20260822-001
F4-residual-link,X1,X3,f4-residual-link,57,5,0.43102446807280353,0.005,residual_samples/batch-57-replication-5.csv,null_statistics/batch-57-replication-5.npy,batch-f4-residual-link,11798080500242695023,17317369723352568027,10184703992681529710,0.3404761999845505,,,batch-f4-residual-link-20260822-001
F4-residual-link,X1,X3,f4-residual-link,57,6,0.4407327442221213,0.005,residual_samples/batch-57-replication-6.csv,null_statistics/batch-57-replication-6.npy,batch-f4-residual-link,523725549638470318,9835547620459131224,8223331754556681461,0.34053549997042865,,,batch-f4-residual-link-20260822-001
F4-residual-link,X1,X3,f4-residual-link,57,7,0.3996936694086181,0.005,residual_samples/batch-57-replication-7.csv,null_statistics/batch-57-replication-7.npy,batch-f4-residual-link,668184656529207572,14147145426229757303,9058431315073655358,0.3502390999929048,,,batch-f4-residual-link-20260822-001
F4-residual-link,X1,X3,f4-residual-link,57,8,0.450371826874545,0.005,residual_samples/batch-57-replication-8.csv,null_statistics/batch-57-replication-8.npy,batch-f4-residual-link,1836245168770440651,12243220669541771110,8905558708382067343,0.37271660001715645,,,batch-f4-residual-link-20260822-001
F4-residual-link,X1,X3,f4-residual-link,57,9,0.46123067444305305,0.005,residual_samples/batch-57-replication-9.csv,null_statistics/batch-57-replication-9.npy,batch-f4-residual-link,13928817336259103973,6810121019449817476,96884859653766711,0.28704510000534356,,,batch-f4-residual-link-20260822-001
F4-residual-link,X1,X3,f4-residual-link,58,0,0.4157223790114908,0.005,residual_samples/batch-58-replication-0.csv,null_statistics/batch-58-replication-0.npy,batch-f4-residual-link,9635548996300823911,7652355331610287161,4149288748631646323,0.34828159998869523,,,batch-f4-residual-link-20260822-001
F4-residual-link,X1,X3,f4-residual-link,58,1,0.4466353592844726,0.005,residual_samples/batch-58-replication-1.csv,null_statistics/batch-58-replication-1.npy,batch-f4-residual-link,16311048942135561579,12183435515123544521,12317103491045460944,0.30915980000281706,,,batch-f4-residual-link-20260822-001
F4-residual-link,X1,X3,f4-residual-link,58,2,0.43275610497599926,0.005,residual_samples/batch-58-replication-2.csv,null_statistics/batch-58-replication-2.npy,batch-f4-residual-link,1059319368458405560,2521916059656558363,13728019828476173566,0.2984436999540776,,,batch-f4-residual-link-20260822-001
F4-residual-link,X1,X3,f4-residual-link,58,3,0.4114944717250581,0.005,residual_samples/batch-58-replication-3.csv,null_statistics/batch-58-replication-3.npy,batch-f4-residual-link,14342535626745335502,4238366420242687429,626392013443790517,0.31931929994607344,,,batch-f4-residual-link-20260822-001
F4-residual-link,X1,X3,f4-residual-link,58,4,0.4566751647791488,0.005,residual_samples/batch-58-replication-4.csv,null_statistics/batch-58-replication-4.npy,batch-f4-residual-link,2800052285201838551,7135833828047113491,11563814146918119520,0.35549780004657805,,,batch-f4-residual-link-20260822-001
F4-residual-link,X1,X3,f4-residual-link,58,5,0.4455723589847409,0.005,residual_samples/batch-58-replication-5.csv,null_statistics/batch-58-replication-5.npy,batch-f4-residual-link,7479539684969114937,17384267376962678085,4904806489803483825,0.39909029996488243,,,batch-f4-residual-link-20260822-001
F4-residual-link,X1,X3,f4-residual-link,58,6,0.4318921047682856,0.005,residual_samples/batch-58-replication-6.csv,null_statistics/batch-58-replication-6.npy,batch-f4-residual-link,11722582317145043700,3956825630353414396,17091796513146141924,0.42109229997731745,,,batch-f4-residual-link-20260822-001
F4-residual-link,X1,X3,f4-residual-link,58,7,0.4673331536167179,0.005,residual_samples/batch-58-replication-7.csv,null_statistics/batch-58-replication-7.npy,batch-f4-residual-link,10094178298195825014,738261794605104934,17185954512749533637,0.34193860000232235,,,batch-f4-residual-link-20260822-001
F4-residual-link,X1,X3,f4-residual-link,58,8,0.44788430409238583,0.005,residual_samples/batch-58-replication-8.csv,null_statistics/batch-58-replication-8.npy,batch-f4-residual-link,3090522657937109083,14730233884160710587,16115388776390552725,0.352658599964343,,,batch-f4-residual-link-20260822-001
F4-residual-link,X1,X3,f4-residual-link,58,9,0.49622832604500255,0.005,residual_samples/batch-58-replication-9.csv,null_statistics/batch-58-replication-9.npy,batch-f4-residual-link,15863021221796933818,1108951807241081706,665979147589583922,0.3378965999581851,,,batch-f4-residual-link-20260822-001
F4-residual-link,X1,X3,f4-residual-link,59,0,0.45102808239605585,0.005,residual_samples/batch-59-replication-0.csv,null_statistics/batch-59-replication-0.npy,batch-f4-residual-link,4630414155019175497,2986848426760013135,16530364743888181378,0.34564839996164665,,,batch-f4-residual-link-20260822-001
F4-residual-link,X1,X3,f4-residual-link,59,1,0.48265348625062415,0.005,residual_samples/batch-59-replication-1.csv,null_statistics/batch-59-replication-1.npy,batch-f4-residual-link,8052572494846603821,7598240430737575170,2992533260639381671,0.36541299999225885,,,batch-f4-residual-link-20260822-001
F4-residual-link,X1,X3,f4-residual-link,59,2,0.45337867441772084,0.005,residual_samples/batch-59-replication-2.csv,null_statistics/batch-59-replication-2.npy,batch-f4-residual-link,8202490767475508474,8411258762818486514,5683619975019619332,0.3328763999743387,,,batch-f4-residual-link-20260822-001
F4-residual-link,X1,X3,f4-residual-link,59,3,0.4042768356099292,0.005,residual_samples/batch-59-replication-3.csv,null_statistics/batch-59-replication-3.npy,batch-f4-residual-link,13414744499767384567,13623098713422439739,7789477463271058793,0.3383112999727018,,,batch-f4-residual-link-20260822-001
F4-residual-link,X1,X3,f4-residual-link,59,4,0.4937303378111117,0.005,residual_samples/batch-59-replication-4.csv,null_statistics/batch-59-replication-4.npy,batch-f4-residual-link,4061181315487469953,10947307448080981568,10580606920130610233,0.35264930000994354,,,batch-f4-residual-link-20260822-001
F4-residual-link,X1,X3,f4-residual-link,59,5,0.5051905552722123,0.005,residual_samples/batch-59-replication-5.csv,null_statistics/batch-59-replication-5.npy,batch-f4-residual-link,10338395479254738456,7953924425528532288,16408979505689573856,0.3274917000089772,,,batch-f4-residual-link-20260822-001
F4-residual-link,X1,X3,f4-residual-link,59,6,0.4796303290731435,0.005,residual_samples/batch-59-replication-6.csv,null_statistics/batch-59-replication-6.npy,batch-f4-residual-link,1474783644193493267,17186203636693166911,6498590305234996416,0.34610439999960363,,,batch-f4-residual-link-20260822-001
F4-residual-link,X1,X3,f4-residual-link,59,7,0.5008643604717529,0.005,residual_samples/batch-59-replication-7.csv,null_statistics/batch-59-replication-7.npy,batch-f4-residual-link,15650973863854554834,5009914063661598960,16282310031761168716,0.33672860002843663,,,batch-f4-residual-link-20260822-001
F4-residual-link,X1,X3,f4-residual-link,59,8,0.4404514697463943,0.005,residual_samples/batch-59-replication-8.csv,null_statistics/batch-59-replication-8.npy,batch-f4-residual-link,2875036394264244975,13256166689805010539,13772988460442868049,0.3417790000094101,,,batch-f4-residual-link-20260822-001
F4-residual-link,X1,X3,f4-residual-link,59,9,0.45552621132983645,0.005,residual_samples/batch-59-replication-9.csv,null_statistics/batch-59-replication-9.npy,batch-f4-residual-link,16711771977024090384,17633011800353660385,9869288028853666406,0.33907629997702315,,,batch-f4-residual-link-20260822-001
F4-residual-link,X1,X3,f4-residual-link,60,0,0.42122668795142765,0.005,residual_samples/batch-60-replication-0.csv,null_statistics/batch-60-replication-0.npy,batch-f4-residual-link,8210214770067895195,14857494805048546570,15388666422264494390,0.3492909000487998,,,batch-f4-residual-link-20260822-001
F4-residual-link,X1,X3,f4-residual-link,60,1,0.44149653963011354,0.005,residual_samples/batch-60-replication-1.csv,null_statistics/batch-60-replication-1.npy,batch-f4-residual-link,8625173760401320245,12507404965971902134,684987941309771037,0.3516294999863021,,,batch-f4-residual-link-20260822-001
F4-residual-link,X1,X3,f4-residual-link,60,2,0.4481107198759431,0.005,residual_samples/batch-60-replication-2.csv,null_statistics/batch-60-replication-2.npy,batch-f4-residual-link,14903023166904856134,8319267292112095841,11538154226215982856,0.33795229997485876,,,batch-f4-residual-link-20260822-001
F4-residual-link,X1,X3,f4-residual-link,60,3,0.44273477909877496,0.005,residual_samples/batch-60-replication-3.csv,null_statistics/batch-60-replication-3.npy,batch-f4-residual-link,7643550791092782509,5578060928915070394,18114445896189436285,0.33541450003394857,,,batch-f4-residual-link-20260822-001
F4-residual-link,X1,X3,f4-residual-link,60,4,0.45395269875075656,0.005,residual_samples/batch-60-replication-4.csv,null_statistics/batch-60-replication-4.npy,batch-f4-residual-link,13892931847430296642,17793194120557346881,3254510754289911018,0.33711149997543544,,,batch-f4-residual-link-20260822-001
F4-residual-link,X1,X3,f4-residual-link,60,5,0.3837186283240565,0.005,residual_samples/batch-60-replication-5.csv,null_statistics/batch-60-replication-5.npy,batch-f4-residual-link,16145119919410066430,7527631149804657921,549037638899958255,0.3365526999696158,,,batch-f4-residual-link-20260822-001
F4-residual-link,X1,X3,f4-residual-link,60,6,0.4555131824767707,0.005,residual_samples/batch-60-replication-6.csv,null_statistics/batch-60-replication-6.npy,batch-f4-residual-link,16456130244624898385,15735833186227732607,2128882448135715961,0.3403628999949433,,,batch-f4-residual-link-20260822-001
F4-residual-link,X1,X3,f4-residual-link,60,7,0.45714154865915185,0.005,residual_samples/batch-60-replication-7.csv,null_statistics/batch-60-replication-7.npy,batch-f4-residual-link,11301007568582033784,14696198501125856999,2783659384824447194,0.32991869997931644,,,batch-f4-residual-link-20260822-001
F4-residual-link,X1,X3,f4-residual-link,60,8,0.43416075280943367,0.005,residual_samples/batch-60-replication-8.csv,null_statistics/batch-60-replication-8.npy,batch-f4-residual-link,16421111108297589401,612067024502651521,16152843510065923597,0.3399142000125721,,,batch-f4-residual-link-20260822-001
F4-residual-link,X1,X3,f4-residual-link,60,9,0.46419564115863865,0.005,residual_samples/batch-60-replication-9.csv,null_statistics/batch-60-replication-9.npy,batch-f4-residual-link,15688227069627863794,17155578685682355396,8403081578174520327,0.33598740003071725,,,batch-f4-residual-link-20260822-001
F4-residual-link,X1,X3,f4-residual-link,61,0,0.44540935084732675,0.005,residual_samples/batch-61-replication-0.csv,null_statistics/batch-61-replication-0.npy,batch-f4-residual-link,6067526960361333229,9150715575237396878,9178051783207500442,0.3373616000171751,,,batch-f4-residual-link-20260822-001
F4-residual-link,X1,X3,f4-residual-link,61,1,0.4554496204030298,0.005,residual_samples/batch-61-replication-1.csv,null_statistics/batch-61-replication-1.npy,batch-f4-residual-link,1763025994793383776,1514470582565156994,13942153886561900357,0.3382981000468135,,,batch-f4-residual-link-20260822-001
F4-residual-link,X1,X3,f4-residual-link,61,2,0.484619091107866,0.005,residual_samples/batch-61-replication-2.csv,null_statistics/batch-61-replication-2.npy,batch-f4-residual-link,15320978479770867176,12891474721246762278,5716226414981616740,0.3400910999625921,,,batch-f4-residual-link-20260822-001
F4-residual-link,X1,X3,f4-residual-link,61,3,0.47805496463250874,0.005,residual_samples/batch-61-replication-3.csv,null_statistics/batch-61-replication-3.npy,batch-f4-residual-link,9545386189791105918,15887879347194487209,17228860803516008986,0.3405213999794796,,,batch-f4-residual-link-20260822-001
F4-residual-link,X1,X3,f4-residual-link,61,4,0.46235983360238075,0.005,residual_samples/batch-61-replication-4.csv,null_statistics/batch-61-replication-4.npy,batch-f4-residual-link,9077882158488604894,11624130787281458049,6660453487101339488,0.3436307999654673,,,batch-f4-residual-link-20260822-001
F4-residual-link,X1,X3,f4-residual-link,61,5,0.4182627949246447,0.005,residual_samples/batch-61-replication-5.csv,null_statistics/batch-61-replication-5.npy,batch-f4-residual-link,8079821489855255923,5674518440191713470,11580126171847541130,0.33717340003931895,,,batch-f4-residual-link-20260822-001
F4-residual-link,X1,X3,f4-residual-link,61,6,0.42283334273460693,0.005,residual_samples/batch-61-replication-6.csv,null_statistics/batch-61-replication-6.npy,batch-f4-residual-link,4757050593486384597,15014716917949468637,1767606028335607328,0.3365745999617502,,,batch-f4-residual-link-20260822-001
F4-residual-link,X1,X3,f4-residual-link,61,7,0.4669565677793022,0.005,residual_samples/batch-61-replication-7.csv,null_statistics/batch-61-replication-7.npy,batch-f4-residual-link,7566066195230924773,5411363384348715532,18053608226071501405,0.32420950004598126,,,batch-f4-residual-link-20260822-001
F4-residual-link,X1,X3,f4-residual-link,61,8,0.44665194380992546,0.005,residual_samples/batch-61-replication-8.csv,null_statistics/batch-61-replication-8.npy,batch-f4-residual-link,2375539610279237385,6691604111051242514,1312355110776861544,0.33522660000016913,,,batch-f4-residual-link-20260822-001
F4-residual-link,X1,X3,f4-residual-link,61,9,0.4826872847403608,0.005,residual_samples/batch-61-replication-9.csv,null_statistics/batch-61-replication-9.npy,batch-f4-residual-link,15012330136494882868,12181553639180557508,3551330034400403816,0.3431004000012763,,,batch-f4-residual-link-20260822-001
F4-residual-link,X1,X3,f4-residual-link,62,0,0.5017098773591591,0.005,residual_samples/batch-62-replication-0.csv,null_statistics/batch-62-replication-0.npy,batch-f4-residual-link,18378615686036122560,5395498279968672349,7718653475031286747,0.3892679999698885,,,batch-f4-residual-link-20260822-001
F4-residual-link,X1,X3,f4-residual-link,62,1,0.5163433643255771,0.005,residual_samples/batch-62-replication-1.csv,null_statistics/batch-62-replication-1.npy,batch-f4-residual-link,5874409743470412840,8841013165585713575,1300891193635040574,0.3785356000298634,,,batch-f4-residual-link-20260822-001
F4-residual-link,X1,X3,f4-residual-link,62,2,0.47964139344281403,0.005,residual_samples/batch-62-replication-2.csv,null_statistics/batch-62-replication-2.npy,batch-f4-residual-link,16924600273275415570,5569587379578564105,16169887187182853675,0.3089491999708116,,,batch-f4-residual-link-20260822-001
F4-residual-link,X1,X3,f4-residual-link,62,3,0.4136661064195009,0.005,residual_samples/batch-62-replication-3.csv,null_statistics/batch-62-replication-3.npy,batch-f4-residual-link,15273675204234039927,13974863229682007074,9051685497980385995,0.33458750002318993,,,batch-f4-residual-link-20260822-001
F4-residual-link,X1,X3,f4-residual-link,62,4,0.4333978370346114,0.005,residual_samples/batch-62-replication-4.csv,null_statistics/batch-62-replication-4.npy,batch-f4-residual-link,14647051561962713932,12484442547750022606,2757317652258968300,0.3514805999584496,,,batch-f4-residual-link-20260822-001
F4-residual-link,X1,X3,f4-residual-link,62,5,0.4353965600997237,0.005,residual_samples/batch-62-replication-5.csv,null_statistics/batch-62-replication-5.npy,batch-f4-residual-link,5907550466348806995,929918751823272337,1341925988688200977,0.3388033999945037,,,batch-f4-residual-link-20260822-001
F4-residual-link,X1,X3,f4-residual-link,62,6,0.46182001232382697,0.005,residual_samples/batch-62-replication-6.csv,null_statistics/batch-62-replication-6.npy,batch-f4-residual-link,16522458386690441213,4393050190387143497,6884048563888742512,0.34179089998360723,,,batch-f4-residual-link-20260822-001
F4-residual-link,X1,X3,f4-residual-link,62,7,0.43736053859997714,0.005,residual_samples/batch-62-replication-7.csv,null_statistics/batch-62-replication-7.npy,batch-f4-residual-link,6947098824886329171,11416322431330523780,783322812276633561,0.3355973999714479,,,batch-f4-residual-link-20260822-001
F4-residual-link,X1,X3,f4-residual-link,62,8,0.46326037103554274,0.005,residual_samples/batch-62-replication-8.csv,null_statistics/batch-62-replication-8.npy,batch-f4-residual-link,15361335921952292813,12831477765839348003,6425080909283516120,0.33720119995996356,,,batch-f4-residual-link-20260822-001
F4-residual-link,X1,X3,f4-residual-link,62,9,0.4545472054038143,0.005,residual_samples/batch-62-replication-9.csv,null_statistics/batch-62-replication-9.npy,batch-f4-residual-link,4450444152229692901,10519224300622114892,9816876383308164377,0.3384251999668777,,,batch-f4-residual-link-20260822-001
F4-residual-link,X1,X3,f4-residual-link,63,0,0.4684938445930088,0.005,residual_samples/batch-63-replication-0.csv,null_statistics/batch-63-replication-0.npy,batch-f4-residual-link,4399751901773805109,13949722453722816272,11553620689339305435,0.338492100010626,,,batch-f4-residual-link-20260822-001
F4-residual-link,X1,X3,f4-residual-link,63,1,0.4783823216291577,0.005,residual_samples/batch-63-replication-1.csv,null_statistics/batch-63-replication-1.npy,batch-f4-residual-link,14150977028199221318,17740661469216366702,16486468809834248853,0.3366780999931507,,,batch-f4-residual-link-20260822-001
F4-residual-link,X1,X3,f4-residual-link,63,2,0.4541041005493918,0.005,residual_samples/batch-63-replication-2.csv,null_statistics/batch-63-replication-2.npy,batch-f4-residual-link,16312568850160495478,4964628970708953518,213448129487443146,0.34245799999916926,,,batch-f4-residual-link-20260822-001
F4-residual-link,X1,X3,f4-residual-link,63,3,0.4623303400631409,0.005,residual_samples/batch-63-replication-3.csv,null_statistics/batch-63-replication-3.npy,batch-f4-residual-link,11499947910876787145,9697892202728632690,5110730849830578475,0.3398864999762736,,,batch-f4-residual-link-20260822-001
F4-residual-link,X1,X3,f4-residual-link,63,4,0.44367688872441585,0.005,residual_samples/batch-63-replication-4.csv,null_statistics/batch-63-replication-4.npy,batch-f4-residual-link,13452586279992414914,17425798274199906605,11529598330644200420,0.34057959995698184,,,batch-f4-residual-link-20260822-001
F4-residual-link,X1,X3,f4-residual-link,63,5,0.47009968623797993,0.005,residual_samples/batch-63-replication-5.csv,null_statistics/batch-63-replication-5.npy,batch-f4-residual-link,15830760670732356231,2236393702280516291,15493027252124905697,0.3393453000462614,,,batch-f4-residual-link-20260822-001
F4-residual-link,X1,X3,f4-residual-link,63,6,0.46671026111016195,0.005,residual_samples/batch-63-replication-6.csv,null_statistics/batch-63-replication-6.npy,batch-f4-residual-link,839647384791818443,9745446144581931899,15222425594641451415,0.3389741000137292,,,batch-f4-residual-link-20260822-001
F4-residual-link,X1,X3,f4-residual-link,63,7,0.4921684952956442,0.005,residual_samples/batch-63-replication-7.csv,null_statistics/batch-63-replication-7.npy,batch-f4-residual-link,17095385356978191062,10769740775326655353,2662017352076167614,0.33103750000009313,,,batch-f4-residual-link-20260822-001
F4-residual-link,X1,X3,f4-residual-link,63,8,0.47428398695711205,0.005,residual_samples/batch-63-replication-8.csv,null_statistics/batch-63-replication-8.npy,batch-f4-residual-link,2698841410465952628,12464530888792467121,2494369563865082580,0.34373119997326285,,,batch-f4-residual-link-20260822-001
F4-residual-link,X1,X3,f4-residual-link,63,9,0.4333233228608911,0.005,residual_samples/batch-63-replication-9.csv,null_statistics/batch-63-replication-9.npy,batch-f4-residual-link,9629463638650726809,9289416122611001891,13541777991191707320,0.34199009998701513,,,batch-f4-residual-link-20260822-001
F4-residual-link,X1,X3,f4-residual-link,64,0,0.44747317407812,0.005,residual_samples/batch-64-replication-0.csv,null_statistics/batch-64-replication-0.npy,batch-f4-residual-link,10868635625829368568,5656732752883892131,10019037468181272072,0.3378946000011638,,,batch-f4-residual-link-20260822-001
F4-residual-link,X1,X3,f4-residual-link,64,1,0.45072854289184805,0.005,residual_samples/batch-64-replication-1.csv,null_statistics/batch-64-replication-1.npy,batch-f4-residual-link,4360098487594287482,10469036990010047328,3879111670120440790,0.3436854000319727,,,batch-f4-residual-link-20260822-001
F4-residual-link,X1,X3,f4-residual-link,64,2,0.4923386674716588,0.005,residual_samples/batch-64-replication-2.csv,null_statistics/batch-64-replication-2.npy,batch-f4-residual-link,3278981236223295013,17238711611054922657,12534082110240115602,0.33645340002840385,,,batch-f4-residual-link-20260822-001
F4-residual-link,X1,X3,f4-residual-link,64,3,0.45297546752441664,0.005,residual_samples/batch-64-replication-3.csv,null_statistics/batch-64-replication-3.npy,batch-f4-residual-link,15031034938098291158,6527648392786806728,16935507921985469455,0.341223000024911,,,batch-f4-residual-link-20260822-001
F4-residual-link,X1,X3,f4-residual-link,64,4,0.4815998534742669,0.005,residual_samples/batch-64-replication-4.csv,null_statistics/batch-64-replication-4.npy,batch-f4-residual-link,9690017640494608385,13944238457639919028,6902813986881265996,0.3443674999871291,,,batch-f4-residual-link-20260822-001
F4-residual-link,X1,X3,f4-residual-link,64,5,0.4237487008731488,0.005,residual_samples/batch-64-replication-5.csv,null_statistics/batch-64-replication-5.npy,batch-f4-residual-link,3707291471478101877,5125134973865305146,7799622851657990003,0.33667490002699196,,,batch-f4-residual-link-20260822-001
F4-residual-link,X1,X3,f4-residual-link,64,6,0.4089310691121312,0.005,residual_samples/batch-64-replication-6.csv,null_statistics/batch-64-replication-6.npy,batch-f4-residual-link,805222357462793978,12157427751238551281,14551076703587735694,0.3363653999986127,,,batch-f4-residual-link-20260822-001
F4-residual-link,X1,X3,f4-residual-link,64,7,0.46736049285062564,0.005,residual_samples/batch-64-replication-7.csv,null_statistics/batch-64-replication-7.npy,batch-f4-residual-link,3006279822449410911,16185951561934759826,12123437925944918233,0.33634759997949004,,,batch-f4-residual-link-20260822-001
F4-residual-link,X1,X3,f4-residual-link,64,8,0.4342802568769619,0.005,residual_samples/batch-64-replication-8.csv,null_statistics/batch-64-replication-8.npy,batch-f4-residual-link,1948315929740097011,417565173221001721,5048895360343767796,0.33311519998824224,,,batch-f4-residual-link-20260822-001
F4-residual-link,X1,X3,f4-residual-link,64,9,0.4388976316630823,0.005,residual_samples/batch-64-replication-9.csv,null_statistics/batch-64-replication-9.npy,batch-f4-residual-link,1646408201877586790,11706043836950529741,6347790121834951299,0.3388081000302918,,,batch-f4-residual-link-20260822-001
F4-residual-link,X1,X3,f4-residual-link,65,0,0.46566750002030255,0.005,residual_samples/batch-65-replication-0.csv,null_statistics/batch-65-replication-0.npy,batch-f4-residual-link,2535682821742424566,13531221419279298187,3938171434085529368,0.3382768000010401,,,batch-f4-residual-link-20260822-001
F4-residual-link,X1,X3,f4-residual-link,65,1,0.4800556088757097,0.005,residual_samples/batch-65-replication-1.csv,null_statistics/batch-65-replication-1.npy,batch-f4-residual-link,7685438991037613655,4369860944983154761,3691590586310574608,0.335261799977161,,,batch-f4-residual-link-20260822-001
F4-residual-link,X1,X3,f4-residual-link,65,2,0.45713290048731614,0.005,residual_samples/batch-65-replication-2.csv,null_statistics/batch-65-replication-2.npy,batch-f4-residual-link,9828848856697619186,140951662286213071,4051670395628752631,0.338239100005012,,,batch-f4-residual-link-20260822-001
F4-residual-link,X1,X3,f4-residual-link,65,3,0.41205010733025604,0.005,residual_samples/batch-65-replication-3.csv,null_statistics/batch-65-replication-3.npy,batch-f4-residual-link,4443860058060439634,7117003242601520620,1063052239416612691,0.33860409999033436,,,batch-f4-residual-link-20260822-001
F4-residual-link,X1,X3,f4-residual-link,65,4,0.4323504702454394,0.005,residual_samples/batch-65-replication-4.csv,null_statistics/batch-65-replication-4.npy,batch-f4-residual-link,12937301102974304724,4821095840243466484,5823967515969542947,0.33977219997905195,,,batch-f4-residual-link-20260822-001
F4-residual-link,X1,X3,f4-residual-link,65,5,0.4123840730568677,0.005,residual_samples/batch-65-replication-5.csv,null_statistics/batch-65-replication-5.npy,batch-f4-residual-link,6624838913552813799,13788201075275273108,1042054469689754486,0.3374140000087209,,,batch-f4-residual-link-20260822-001
F4-residual-link,X1,X3,f4-residual-link,65,6,0.4299355527427903,0.005,residual_samples/batch-65-replication-6.csv,null_statistics/batch-65-replication-6.npy,batch-f4-residual-link,1672326289474272272,10082051353719746258,8227086898556815633,0.33715590002248064,,,batch-f4-residual-link-20260822-001
F4-residual-link,X1,X3,f4-residual-link,65,7,0.45845061895002653,0.005,residual_samples/batch-65-replication-7.csv,null_statistics/batch-65-replication-7.npy,batch-f4-residual-link,10660292393042507497,5072079528799776984,16050018508879087768,0.33989599999040365,,,batch-f4-residual-link-20260822-001
F4-residual-link,X1,X3,f4-residual-link,65,8,0.4887286977486089,0.005,residual_samples/batch-65-replication-8.csv,null_statistics/batch-65-replication-8.npy,batch-f4-residual-link,1484483370409714112,11396665627508839373,5876260970731281651,0.3378808000124991,,,batch-f4-residual-link-20260822-001
F4-residual-link,X1,X3,f4-residual-link,65,9,0.4664713582721752,0.005,residual_samples/batch-65-replication-9.csv,null_statistics/batch-65-replication-9.npy,batch-f4-residual-link,8229848303364741043,3074618750434077099,3659457341539857999,0.3436750000109896,,,batch-f4-residual-link-20260822-001
F4-residual-link,X1,X3,f4-residual-link,66,0,0.46125274154563245,0.005,residual_samples/batch-66-replication-0.csv,null_statistics/batch-66-replication-0.npy,batch-f4-residual-link,8540977367753375709,8200073021846304016,2984872917512429216,0.33689169998979196,,,batch-f4-residual-link-20260822-001
F4-residual-link,X1,X3,f4-residual-link,66,1,0.4279445949201204,0.005,residual_samples/batch-66-replication-1.csv,null_statistics/batch-66-replication-1.npy,batch-f4-residual-link,1700277915171595788,8982201649425475022,7884498494802370256,0.3366941999993287,,,batch-f4-residual-link-20260822-001
F4-residual-link,X1,X3,f4-residual-link,66,2,0.457910107583417,0.005,residual_samples/batch-66-replication-2.csv,null_statistics/batch-66-replication-2.npy,batch-f4-residual-link,754186091690736185,1761547775142871025,12793063309590594614,0.3354148999787867,,,batch-f4-residual-link-20260822-001
F4-residual-link,X1,X3,f4-residual-link,66,3,0.4633713018435055,0.005,residual_samples/batch-66-replication-3.csv,null_statistics/batch-66-replication-3.npy,batch-f4-residual-link,9468129326292631852,16604127285515827680,6979947099066140269,0.31174879998434335,,,batch-f4-residual-link-20260822-001
F4-residual-link,X1,X3,f4-residual-link,66,4,0.4631744114323528,0.005,residual_samples/batch-66-replication-4.csv,null_statistics/batch-66-replication-4.npy,batch-f4-residual-link,14921358897156459800,5058285603184571196,859795755939760862,0.3387262999895029,,,batch-f4-residual-link-20260822-001
F4-residual-link,X1,X3,f4-residual-link,66,5,0.4122754076252546,0.005,residual_samples/batch-66-replication-5.csv,null_statistics/batch-66-replication-5.npy,batch-f4-residual-link,13575765987092881174,9407516980708121372,5711012258217924798,0.3115171999670565,,,batch-f4-residual-link-20260822-001
F4-residual-link,X1,X3,f4-residual-link,66,6,0.47046809560399055,0.005,residual_samples/batch-66-replication-6.csv,null_statistics/batch-66-replication-6.npy,batch-f4-residual-link,16691541265233952667,17610388670202080870,3891796443786377701,0.33524109999416396,,,batch-f4-residual-link-20260822-001
F4-residual-link,X1,X3,f4-residual-link,66,7,0.45196759719031554,0.005,residual_samples/batch-66-replication-7.csv,null_statistics/batch-66-replication-7.npy,batch-f4-residual-link,4275888513803748379,1180705232059983105,15562817641690493228,0.34262119996128604,,,batch-f4-residual-link-20260822-001
F4-residual-link,X1,X3,f4-residual-link,66,8,0.4651146464531908,0.005,residual_samples/batch-66-replication-8.csv,null_statistics/batch-66-replication-8.npy,batch-f4-residual-link,5177440712753760117,6349640100773521804,18084289073007114709,0.3365093999891542,,,batch-f4-residual-link-20260822-001
F4-residual-link,X1,X3,f4-residual-link,66,9,0.45669814419600185,0.005,residual_samples/batch-66-replication-9.csv,null_statistics/batch-66-replication-9.npy,batch-f4-residual-link,16636867503175448907,1700233918425325276,13626609568197239334,0.33864420000463724,,,batch-f4-residual-link-20260822-001
F4-residual-link,X1,X3,f4-residual-link,67,0,0.4154377634628315,0.005,residual_samples/batch-67-replication-0.csv,null_statistics/batch-67-replication-0.npy,batch-f4-residual-link,3242176167085898222,10177271943908408001,17615250020408115598,0.35035200003767386,,,batch-f4-residual-link-20260822-001
F4-residual-link,X1,X3,f4-residual-link,67,1,0.44231968315688347,0.005,residual_samples/batch-67-replication-1.csv,null_statistics/batch-67-replication-1.npy,batch-f4-residual-link,4420566327900024414,262974840286656365,1552225011533388599,0.33955400000559166,,,batch-f4-residual-link-20260822-001
F4-residual-link,X1,X3,f4-residual-link,67,2,0.41883870054872185,0.005,residual_samples/batch-67-replication-2.csv,null_statistics/batch-67-replication-2.npy,batch-f4-residual-link,7791333802365850390,9849674521726808841,6954666843302509506,0.3385400000261143,,,batch-f4-residual-link-20260822-001
F4-residual-link,X1,X3,f4-residual-link,67,3,0.436803956323903,0.005,residual_samples/batch-67-replication-3.csv,null_statistics/batch-67-replication-3.npy,batch-f4-residual-link,10149757366507554,5615008676627556853,1181540728481595514,0.3432184000266716,,,batch-f4-residual-link-20260822-001
F4-residual-link,X1,X3,f4-residual-link,67,4,0.42892532022127394,0.005,residual_samples/batch-67-replication-4.csv,null_statistics/batch-67-replication-4.npy,batch-f4-residual-link,14940046508611812970,4507995341215252168,4222754624826793930,0.33823280001524836,,,batch-f4-residual-link-20260822-001
F4-residual-link,X1,X3,f4-residual-link,67,5,0.45859313683729414,0.005,residual_samples/batch-67-replication-5.csv,null_statistics/batch-67-replication-5.npy,batch-f4-residual-link,12550563034230639181,17381765049083991863,18068210800812120734,0.33625440002651885,,,batch-f4-residual-link-20260822-001
F4-residual-link,X1,X3,f4-residual-link,67,6,0.48374943602445475,0.005,residual_samples/batch-67-replication-6.csv,null_statistics/batch-67-replication-6.npy,batch-f4-residual-link,9860873219840689236,3900599351994522177,5292509672293108774,0.36523910000687465,,,batch-f4-residual-link-20260822-001
F4-residual-link,X1,X3,f4-residual-link,67,7,0.4627052603367677,0.005,residual_samples/batch-67-replication-7.csv,null_statistics/batch-67-replication-7.npy,batch-f4-residual-link,1092272007251508246,6787801621118246442,15032955025318073060,0.3509263999876566,,,batch-f4-residual-link-20260822-001
F4-residual-link,X1,X3,f4-residual-link,67,8,0.4562723606301096,0.005,residual_samples/batch-67-replication-8.csv,null_statistics/batch-67-replication-8.npy,batch-f4-residual-link,7135705651875763428,12033597382171226794,5497615789644521306,0.3592769000097178,,,batch-f4-residual-link-20260822-001
F4-residual-link,X1,X3,f4-residual-link,67,9,0.44702370046577994,0.005,residual_samples/batch-67-replication-9.csv,null_statistics/batch-67-replication-9.npy,batch-f4-residual-link,1761338986394923800,1341444845463707178,13539746195438872245,0.34738540003309026,,,batch-f4-residual-link-20260822-001
F4-residual-link,X1,X3,f4-residual-link,68,0,0.40719236165512535,0.005,residual_samples/batch-68-replication-0.csv,null_statistics/batch-68-replication-0.npy,batch-f4-residual-link,13662255824128710096,11254245560992010416,14926226159468024705,0.4579892000183463,,,batch-f4-residual-link-20260822-001
F4-residual-link,X1,X3,f4-residual-link,68,1,0.45613193934836854,0.005,residual_samples/batch-68-replication-1.csv,null_statistics/batch-68-replication-1.npy,batch-f4-residual-link,4129755008646100155,7650774029763973803,5786564265409984646,0.3376953999977559,,,batch-f4-residual-link-20260822-001
F4-residual-link,X1,X3,f4-residual-link,68,2,0.4818057633059817,0.005,residual_samples/batch-68-replication-2.csv,null_statistics/batch-68-replication-2.npy,batch-f4-residual-link,5407077459267939875,1893534126631447137,5092554403628278637,0.33936280000489205,,,batch-f4-residual-link-20260822-001
F4-residual-link,X1,X3,f4-residual-link,68,3,0.5071155294037089,0.005,residual_samples/batch-68-replication-3.csv,null_statistics/batch-68-replication-3.npy,batch-f4-residual-link,16453059676968083510,17886752165452924349,16319423986581140521,0.34966750000603497,,,batch-f4-residual-link-20260822-001
F4-residual-link,X1,X3,f4-residual-link,68,4,0.4716967434938364,0.005,residual_samples/batch-68-replication-4.csv,null_statistics/batch-68-replication-4.npy,batch-f4-residual-link,9619492293114263542,17597605732016304837,7208286222886063472,0.35164670000085607,,,batch-f4-residual-link-20260822-001
F4-residual-link,X1,X3,f4-residual-link,68,5,0.49091839296761663,0.005,residual_samples/batch-68-replication-5.csv,null_statistics/batch-68-replication-5.npy,batch-f4-residual-link,7330312495503306131,12062648203109053121,11930052119528064296,0.3385386999580078,,,batch-f4-residual-link-20260822-001
F4-residual-link,X1,X3,f4-residual-link,68,6,0.4398875865530171,0.005,residual_samples/batch-68-replication-6.csv,null_statistics/batch-68-replication-6.npy,batch-f4-residual-link,12964579969740521553,7606500730284117625,2440383745644934892,0.34318239998538047,,,batch-f4-residual-link-20260822-001
F4-residual-link,X1,X3,f4-residual-link,68,7,0.4529352869219758,0.005,residual_samples/batch-68-replication-7.csv,null_statistics/batch-68-replication-7.npy,batch-f4-residual-link,11338765903832918186,15314506763129686043,8023224693483415567,0.3449875999940559,,,batch-f4-residual-link-20260822-001
F4-residual-link,X1,X3,f4-residual-link,68,8,0.44159023349984716,0.005,residual_samples/batch-68-replication-8.csv,null_statistics/batch-68-replication-8.npy,batch-f4-residual-link,1299256238679814064,5496438214172937484,5120337311206842945,0.335371799999848,,,batch-f4-residual-link-20260822-001
F4-residual-link,X1,X3,f4-residual-link,68,9,0.4813612924180955,0.005,residual_samples/batch-68-replication-9.csv,null_statistics/batch-68-replication-9.npy,batch-f4-residual-link,12874749307188997676,17223773644189904038,8329273167933730052,0.34788499999558553,,,batch-f4-residual-link-20260822-001
F4-residual-link,X1,X3,f4-residual-link,69,0,0.4682984230843072,0.005,residual_samples/batch-69-replication-0.csv,null_statistics/batch-69-replication-0.npy,batch-f4-residual-link,16766629317067260140,7649448736853626988,7110196545710249296,0.3245564000098966,,,batch-f4-residual-link-20260822-001
F4-residual-link,X1,X3,f4-residual-link,69,1,0.43721994663065783,0.005,residual_samples/batch-69-replication-1.csv,null_statistics/batch-69-replication-1.npy,batch-f4-residual-link,9782707570321099698,17006570176595842999,13708822526483090300,0.34560820000479,,,batch-f4-residual-link-20260822-001
F4-residual-link,X1,X3,f4-residual-link,69,2,0.4237073717495196,0.005,residual_samples/batch-69-replication-2.csv,null_statistics/batch-69-replication-2.npy,batch-f4-residual-link,3748735890018011185,4792621595065984644,13557443412796819293,0.3136056999792345,,,batch-f4-residual-link-20260822-001
F4-residual-link,X1,X3,f4-residual-link,69,3,0.43713130909436065,0.005,residual_samples/batch-69-replication-3.csv,null_statistics/batch-69-replication-3.npy,batch-f4-residual-link,12668720127746965349,7979087678510637410,1535206082383683613,0.3413157000322826,,,batch-f4-residual-link-20260822-001
F4-residual-link,X1,X3,f4-residual-link,69,4,0.46556721436544335,0.005,residual_samples/batch-69-replication-4.csv,null_statistics/batch-69-replication-4.npy,batch-f4-residual-link,858222423467112236,2945416605191013515,5487285962436893365,0.3468801999697462,,,batch-f4-residual-link-20260822-001
F4-residual-link,X1,X3,f4-residual-link,69,5,0.42173776228380055,0.005,residual_samples/batch-69-replication-5.csv,null_statistics/batch-69-replication-5.npy,batch-f4-residual-link,7914336214425171836,10569875682625878591,12619672742118126071,0.34279279998736456,,,batch-f4-residual-link-20260822-001
F4-residual-link,X1,X3,f4-residual-link,69,6,0.44448610327513594,0.005,residual_samples/batch-69-replication-6.csv,null_statistics/batch-69-replication-6.npy,batch-f4-residual-link,11674754038688420293,394819252428035974,5581615144765826724,0.34988370002247393,,,batch-f4-residual-link-20260822-001
F4-residual-link,X1,X3,f4-residual-link,69,7,0.42574855405364603,0.005,residual_samples/batch-69-replication-7.csv,null_statistics/batch-69-replication-7.npy,batch-f4-residual-link,5816605679207575386,9995211900633055384,12025674989295947533,0.3431083000032231,,,batch-f4-residual-link-20260822-001
F4-residual-link,X1,X3,f4-residual-link,69,8,0.4759500519986618,0.005,residual_samples/batch-69-replication-8.csv,null_statistics/batch-69-replication-8.npy,batch-f4-residual-link,13937740159233246156,15400601062186278674,7507011512840318418,0.34392660000594333,,,batch-f4-residual-link-20260822-001
F4-residual-link,X1,X3,f4-residual-link,69,9,0.4500287859346165,0.005,residual_samples/batch-69-replication-9.csv,null_statistics/batch-69-replication-9.npy,batch-f4-residual-link,16293439992820967787,688275496344467866,4682004527968906875,0.32569149998016655,,,batch-f4-residual-link-20260822-001
F4-residual-link,X1,X3,f4-residual-link,70,0,0.45045553057643806,0.005,residual_samples/batch-70-replication-0.csv,null_statistics/batch-70-replication-0.npy,batch-f4-residual-link,4364917136507824627,18003390673412756807,18100662763888384583,0.34590479999314994,,,batch-f4-residual-link-20260822-001
F4-residual-link,X1,X3,f4-residual-link,70,1,0.46448750539551137,0.005,residual_samples/batch-70-replication-1.csv,null_statistics/batch-70-replication-1.npy,batch-f4-residual-link,5753171951002155692,10321631419323321581,8215249229977189852,0.33381069998722523,,,batch-f4-residual-link-20260822-001
F4-residual-link,X1,X3,f4-residual-link,70,2,0.4953023214791097,0.005,residual_samples/batch-70-replication-2.csv,null_statistics/batch-70-replication-2.npy,batch-f4-residual-link,15618920383015501994,8726318079600072087,6141042314021515811,0.3356117000221275,,,batch-f4-residual-link-20260822-001
F4-residual-link,X1,X3,f4-residual-link,70,3,0.43851577193821684,0.005,residual_samples/batch-70-replication-3.csv,null_statistics/batch-70-replication-3.npy,batch-f4-residual-link,1994675328649762166,11941970052240117760,2520522317655528050,0.3391486000036821,,,batch-f4-residual-link-20260822-001
F4-residual-link,X1,X3,f4-residual-link,70,4,0.45457923968874,0.005,residual_samples/batch-70-replication-4.csv,null_statistics/batch-70-replication-4.npy,batch-f4-residual-link,13853311962275335597,4904696297529658959,7310474878771276153,0.34409129997948185,,,batch-f4-residual-link-20260822-001
F4-residual-link,X1,X3,f4-residual-link,70,5,0.42050284739617877,0.005,residual_samples/batch-70-replication-5.csv,null_statistics/batch-70-replication-5.npy,batch-f4-residual-link,15502354749213745421,1857558952322732721,14784981506920553477,0.34279359999345616,,,batch-f4-residual-link-20260822-001
F4-residual-link,X1,X3,f4-residual-link,70,6,0.5080818888831312,0.005,residual_samples/batch-70-replication-6.csv,null_statistics/batch-70-replication-6.npy,batch-f4-residual-link,10828063758156404461,9177270183538818917,8309829152629198413,0.35412680002627894,,,batch-f4-residual-link-20260822-001
F4-residual-link,X1,X3,f4-residual-link,70,7,0.48010759847339335,0.005,residual_samples/batch-70-replication-7.csv,null_statistics/batch-70-replication-7.npy,batch-f4-residual-link,5587740687503327236,9710563440089882084,2439171339908625339,0.3786740000359714,,,batch-f4-residual-link-20260822-001
F4-residual-link,X1,X3,f4-residual-link,70,8,0.42645419808129414,0.005,residual_samples/batch-70-replication-8.csv,null_statistics/batch-70-replication-8.npy,batch-f4-residual-link,12774157461386814899,11095616577369619445,17807543913716436196,0.38693669997155666,,,batch-f4-residual-link-20260822-001
F4-residual-link,X1,X3,f4-residual-link,70,9,0.46615014236748775,0.005,residual_samples/batch-70-replication-9.csv,null_statistics/batch-70-replication-9.npy,batch-f4-residual-link,6787118501652823626,11332382271821573685,12562286249920311069,0.3578053000383079,,,batch-f4-residual-link-20260822-001
F4-residual-link,X1,X3,f4-residual-link,71,0,0.4095870288954193,0.005,residual_samples/batch-71-replication-0.csv,null_statistics/batch-71-replication-0.npy,batch-f4-residual-link,10814095658522340045,17167645112676128055,11944958616800819281,0.33831950003514066,,,batch-f4-residual-link-20260822-001
F4-residual-link,X1,X3,f4-residual-link,71,1,0.46316579907053823,0.005,residual_samples/batch-71-replication-1.csv,null_statistics/batch-71-replication-1.npy,batch-f4-residual-link,4379811185664715390,10816402412270403266,6490752934455239155,0.33726410003146157,,,batch-f4-residual-link-20260822-001
F4-residual-link,X1,X3,f4-residual-link,71,2,0.41996500928715524,0.005,residual_samples/batch-71-replication-2.csv,null_statistics/batch-71-replication-2.npy,batch-f4-residual-link,4713980740227312961,17564880787787621656,17209077744132819172,0.33586300001479685,,,batch-f4-residual-link-20260822-001
F4-residual-link,X1,X3,f4-residual-link,71,3,0.4517829291050171,0.005,residual_samples/batch-71-replication-3.csv,null_statistics/batch-71-replication-3.npy,batch-f4-residual-link,5822261496434659308,14734580083741364272,3177783247812583488,0.34658730000955984,,,batch-f4-residual-link-20260822-001
F4-residual-link,X1,X3,f4-residual-link,71,4,0.43519579996474167,0.005,residual_samples/batch-71-replication-4.csv,null_statistics/batch-71-replication-4.npy,batch-f4-residual-link,5147461813154423575,10308528242543094914,12450087236803569524,0.3447601999505423,,,batch-f4-residual-link-20260822-001
F4-residual-link,X1,X3,f4-residual-link,71,5,0.43384439375058664,0.005,residual_samples/batch-71-replication-5.csv,null_statistics/batch-71-replication-5.npy,batch-f4-residual-link,8144804520840454883,17239642300573445237,16357789586472688740,0.34870660002343357,,,batch-f4-residual-link-20260822-001
F4-residual-link,X1,X3,f4-residual-link,71,6,0.47260020469155456,0.005,residual_samples/batch-71-replication-6.csv,null_statistics/batch-71-replication-6.npy,batch-f4-residual-link,6957768895668874733,1890312451451617606,6705668085232944861,0.3411123999976553,,,batch-f4-residual-link-20260822-001
F4-residual-link,X1,X3,f4-residual-link,71,7,0.4571151356396512,0.005,residual_samples/batch-71-replication-7.csv,null_statistics/batch-71-replication-7.npy,batch-f4-residual-link,3083324386881182444,9273471005217121097,13232562728711445783,0.2983119999989867,,,batch-f4-residual-link-20260822-001
F4-residual-link,X1,X3,f4-residual-link,71,8,0.3969917552656396,0.005,residual_samples/batch-71-replication-8.csv,null_statistics/batch-71-replication-8.npy,batch-f4-residual-link,13402236088336342947,18184154142888363661,6602418601515200484,0.34106369997607544,,,batch-f4-residual-link-20260822-001
F4-residual-link,X1,X3,f4-residual-link,71,9,0.4497157015516399,0.005,residual_samples/batch-71-replication-9.csv,null_statistics/batch-71-replication-9.npy,batch-f4-residual-link,9029147145564798892,12174351717819962087,8988527830977278488,0.3405335000134073,,,batch-f4-residual-link-20260822-001
F4-residual-link,X1,X3,f4-residual-link,72,0,0.4357583706043681,0.005,residual_samples/batch-72-replication-0.csv,null_statistics/batch-72-replication-0.npy,batch-f4-residual-link,17822363689228856993,253590265784496678,15092901806573056200,0.33887129998765886,,,batch-f4-residual-link-20260822-001
F4-residual-link,X1,X3,f4-residual-link,72,1,0.4541474329104059,0.005,residual_samples/batch-72-replication-1.csv,null_statistics/batch-72-replication-1.npy,batch-f4-residual-link,1685345383915457910,7952243476441655977,9135129351631761062,0.3398808999918401,,,batch-f4-residual-link-20260822-001
F4-residual-link,X1,X3,f4-residual-link,72,2,0.4317584536249159,0.005,residual_samples/batch-72-replication-2.csv,null_statistics/batch-72-replication-2.npy,batch-f4-residual-link,14904615177555397038,3162354238466705991,5913780674012875377,0.34896390000358224,,,batch-f4-residual-link-20260822-001
F4-residual-link,X1,X3,f4-residual-link,72,3,0.45103510396607427,0.005,residual_samples/batch-72-replication-3.csv,null_statistics/batch-72-replication-3.npy,batch-f4-residual-link,4259243395495164175,1056794579216403814,17168509190685963153,0.34217590000480413,,,batch-f4-residual-link-20260822-001
F4-residual-link,X1,X3,f4-residual-link,72,4,0.4442589188770996,0.005,residual_samples/batch-72-replication-4.csv,null_statistics/batch-72-replication-4.npy,batch-f4-residual-link,1413235425540822434,5422729101713305769,4012481346443128046,0.3440694999881089,,,batch-f4-residual-link-20260822-001
F4-residual-link,X1,X3,f4-residual-link,72,5,0.4349464360850933,0.005,residual_samples/batch-72-replication-5.csv,null_statistics/batch-72-replication-5.npy,batch-f4-residual-link,3301557511450474771,17722358854927656022,8008169740035555444,0.3441358999698423,,,batch-f4-residual-link-20260822-001
F4-residual-link,X1,X3,f4-residual-link,72,6,0.47522327784931034,0.005,residual_samples/batch-72-replication-6.csv,null_statistics/batch-72-replication-6.npy,batch-f4-residual-link,15143606977667195082,1483973578780766441,18180056447818693542,0.33978530002059415,,,batch-f4-residual-link-20260822-001
F4-residual-link,X1,X3,f4-residual-link,72,7,0.4318189362085461,0.005,residual_samples/batch-72-replication-7.csv,null_statistics/batch-72-replication-7.npy,batch-f4-residual-link,18169442724458428998,13137938647911809458,14847749660018489767,0.34139989997493103,,,batch-f4-residual-link-20260822-001
F4-residual-link,X1,X3,f4-residual-link,72,8,0.483878736928551,0.005,residual_samples/batch-72-replication-8.csv,null_statistics/batch-72-replication-8.npy,batch-f4-residual-link,6585583415844514346,15019934227068484275,425844466690360298,0.35324209998361766,,,batch-f4-residual-link-20260822-001
F4-residual-link,X1,X3,f4-residual-link,72,9,0.49641468434320285,0.005,residual_samples/batch-72-replication-9.csv,null_statistics/batch-72-replication-9.npy,batch-f4-residual-link,8583924759228442564,5397017999600295522,5958970044765564203,0.33623230003286153,,,batch-f4-residual-link-20260822-001
F4-residual-link,X1,X3,f4-residual-link,73,0,0.4308352788928815,0.005,residual_samples/batch-73-replication-0.csv,null_statistics/batch-73-replication-0.npy,batch-f4-residual-link,1234467984711933635,6701035530116959598,1942398070530803988,0.3488509000162594,,,batch-f4-residual-link-20260822-001
F4-residual-link,X1,X3,f4-residual-link,73,1,0.4604543463488124,0.005,residual_samples/batch-73-replication-1.csv,null_statistics/batch-73-replication-1.npy,batch-f4-residual-link,15603558171388977577,11770719690025796909,9359518779134715962,0.34752469998784363,,,batch-f4-residual-link-20260822-001
F4-residual-link,X1,X3,f4-residual-link,73,2,0.456845524332916,0.005,residual_samples/batch-73-replication-2.csv,null_statistics/batch-73-replication-2.npy,batch-f4-residual-link,2185449338116379487,10010128602465454887,3271995287614701460,0.33936260000336915,,,batch-f4-residual-link-20260822-001
F4-residual-link,X1,X3,f4-residual-link,73,3,0.45444010207544644,0.005,residual_samples/batch-73-replication-3.csv,null_statistics/batch-73-replication-3.npy,batch-f4-residual-link,10891903832176466106,11586296963965049083,6338140018774997005,0.3524858999880962,,,batch-f4-residual-link-20260822-001
F4-residual-link,X1,X3,f4-residual-link,73,4,0.46092306277615214,0.005,residual_samples/batch-73-replication-4.csv,null_statistics/batch-73-replication-4.npy,batch-f4-residual-link,16813505619492652333,16024294703362191444,14551077111249933110,0.3443390000029467,,,batch-f4-residual-link-20260822-001
F4-residual-link,X1,X3,f4-residual-link,73,5,0.4669903785772786,0.005,residual_samples/batch-73-replication-5.csv,null_statistics/batch-73-replication-5.npy,batch-f4-residual-link,14506222748756057028,10745024343965299396,9610934312316886372,0.33735889999661595,,,batch-f4-residual-link-20260822-001
F4-residual-link,X1,X3,f4-residual-link,73,6,0.4145483260372331,0.005,residual_samples/batch-73-replication-6.csv,null_statistics/batch-73-replication-6.npy,batch-f4-residual-link,5070257034086270869,12968665113125624229,595288894127607186,0.3371144999982789,,,batch-f4-residual-link-20260822-001
F4-residual-link,X1,X3,f4-residual-link,73,7,0.4858285188432456,0.005,residual_samples/batch-73-replication-7.csv,null_statistics/batch-73-replication-7.npy,batch-f4-residual-link,3115148949031463466,8998999643823858350,1901900013379050539,0.3771510000224225,,,batch-f4-residual-link-20260822-001
F4-residual-link,X1,X3,f4-residual-link,73,8,0.4568219261729399,0.005,residual_samples/batch-73-replication-8.csv,null_statistics/batch-73-replication-8.npy,batch-f4-residual-link,3294592847406222622,8514942364411861624,3778206763325814241,0.339452899992466,,,batch-f4-residual-link-20260822-001
F4-residual-link,X1,X3,f4-residual-link,73,9,0.455000430199258,0.005,residual_samples/batch-73-replication-9.csv,null_statistics/batch-73-replication-9.npy,batch-f4-residual-link,2322525789077730924,16329472009309017676,16232962935363649525,0.3486403999850154,,,batch-f4-residual-link-20260822-001
F4-residual-link,X1,X3,f4-residual-link,74,0,0.4613954885460576,0.005,residual_samples/batch-74-replication-0.csv,null_statistics/batch-74-replication-0.npy,batch-f4-residual-link,14725815795473551224,2650070501249797911,2567116105686022728,0.364497400005348,,,batch-f4-residual-link-20260822-001
F4-residual-link,X1,X3,f4-residual-link,74,1,0.43390275398349265,0.005,residual_samples/batch-74-replication-1.csv,null_statistics/batch-74-replication-1.npy,batch-f4-residual-link,79278424492818382,9864554597752484678,4582231288662530745,0.33971430000383407,,,batch-f4-residual-link-20260822-001
F4-residual-link,X1,X3,f4-residual-link,74,2,0.4652694647846415,0.005,residual_samples/batch-74-replication-2.csv,null_statistics/batch-74-replication-2.npy,batch-f4-residual-link,4872114394354852174,9230790377336455913,887450733585647505,0.33582650002790615,,,batch-f4-residual-link-20260822-001
F4-residual-link,X1,X3,f4-residual-link,74,3,0.4164825693677239,0.005,residual_samples/batch-74-replication-3.csv,null_statistics/batch-74-replication-3.npy,batch-f4-residual-link,586627933594045278,4856360825147429009,9822580927368661676,0.3425027999910526,,,batch-f4-residual-link-20260822-001
F4-residual-link,X1,X3,f4-residual-link,74,4,0.4735982043751155,0.005,residual_samples/batch-74-replication-4.csv,null_statistics/batch-74-replication-4.npy,batch-f4-residual-link,17234503582430170885,15155622553987157391,7559252377825178214,0.347831999999471,,,batch-f4-residual-link-20260822-001
F4-residual-link,X1,X3,f4-residual-link,74,5,0.47680799193115553,0.005,residual_samples/batch-74-replication-5.csv,null_statistics/batch-74-replication-5.npy,batch-f4-residual-link,95210322197579440,17986598720007549560,2739658481859402395,0.33000060002086684,,,batch-f4-residual-link-20260822-001
F4-residual-link,X1,X3,f4-residual-link,74,6,0.44593592479739186,0.005,residual_samples/batch-74-replication-6.csv,null_statistics/batch-74-replication-6.npy,batch-f4-residual-link,5059708589874096126,2260938563756511164,14692167606698875965,0.3442380999913439,,,batch-f4-residual-link-20260822-001
F4-residual-link,X1,X3,f4-residual-link,74,7,0.3923053130815477,0.005,residual_samples/batch-74-replication-7.csv,null_statistics/batch-74-replication-7.npy,batch-f4-residual-link,6908310952387563512,8104116397361385232,8969844784346638599,0.34897240001009777,,,batch-f4-residual-link-20260822-001
F4-residual-link,X1,X3,f4-residual-link,74,8,0.4700214114066964,0.005,residual_samples/batch-74-replication-8.csv,null_statistics/batch-74-replication-8.npy,batch-f4-residual-link,7109870806409855146,13589513978429326761,10818492184736724348,0.3456466000061482,,,batch-f4-residual-link-20260822-001
F4-residual-link,X1,X3,f4-residual-link,74,9,0.4711899631824684,0.005,residual_samples/batch-74-replication-9.csv,null_statistics/batch-74-replication-9.npy,batch-f4-residual-link,13519402288931264721,4781377529607983194,13952324754590177781,0.33869260002393275,,,batch-f4-residual-link-20260822-001
F4-residual-link,X1,X3,f4-residual-link,75,0,0.4538595881398326,0.005,residual_samples/batch-75-replication-0.csv,null_statistics/batch-75-replication-0.npy,batch-f4-residual-link,3914729914959527200,10641593086951939397,6204795330713216723,0.33959490002598614,,,batch-f4-residual-link-20260822-001
F4-residual-link,X1,X3,f4-residual-link,75,1,0.4032274156653612,0.005,residual_samples/batch-75-replication-1.csv,null_statistics/batch-75-replication-1.npy,batch-f4-residual-link,16001295292374034452,8191680271959533832,15762401112854754743,0.33538010000484064,,,batch-f4-residual-link-20260822-001
F4-residual-link,X1,X3,f4-residual-link,75,2,0.4736003599648119,0.005,residual_samples/batch-75-replication-2.csv,null_statistics/batch-75-replication-2.npy,batch-f4-residual-link,8529372846127393292,13801831636763912221,7395809975019632547,0.3357918999972753,,,batch-f4-residual-link-20260822-001
F4-residual-link,X1,X3,f4-residual-link,75,3,0.4714685597268557,0.005,residual_samples/batch-75-replication-3.csv,null_statistics/batch-75-replication-3.npy,batch-f4-residual-link,14355205561433013198,12739927472633712449,16840240477197545157,0.35194500000216067,,,batch-f4-residual-link-20260822-001
F4-residual-link,X1,X3,f4-residual-link,75,4,0.4824721711314119,0.005,residual_samples/batch-75-replication-4.csv,null_statistics/batch-75-replication-4.npy,batch-f4-residual-link,14780788089299650506,4329128702480767601,11045210026452374250,0.3399985999567434,,,batch-f4-residual-link-20260822-001
F4-residual-link,X1,X3,f4-residual-link,75,5,0.45998774161133765,0.005,residual_samples/batch-75-replication-5.csv,null_statistics/batch-75-replication-5.npy,batch-f4-residual-link,3429584481095769953,14316182748162553055,5156773084486483399,0.3343215999775566,,,batch-f4-residual-link-20260822-001
F4-residual-link,X1,X3,f4-residual-link,75,6,0.4467900622159809,0.005,residual_samples/batch-75-replication-6.csv,null_statistics/batch-75-replication-6.npy,batch-f4-residual-link,8848369869934991663,8306782377394558418,477524055676110407,0.3377368999645114,,,batch-f4-residual-link-20260822-001
F4-residual-link,X1,X3,f4-residual-link,75,7,0.445879278977751,0.005,residual_samples/batch-75-replication-7.csv,null_statistics/batch-75-replication-7.npy,batch-f4-residual-link,6127582173233271528,11194286286605383506,13179690695078222385,0.335966799990274,,,batch-f4-residual-link-20260822-001
F4-residual-link,X1,X3,f4-residual-link,75,8,0.48287457877789725,0.005,residual_samples/batch-75-replication-8.csv,null_statistics/batch-75-replication-8.npy,batch-f4-residual-link,3024046002108528953,1307338936101969433,3627077819219449096,0.35952400002861395,,,batch-f4-residual-link-20260822-001
F4-residual-link,X1,X3,f4-residual-link,75,9,0.45355892660487873,0.005,residual_samples/batch-75-replication-9.csv,null_statistics/batch-75-replication-9.npy,batch-f4-residual-link,7027529977405997409,8428989932848058230,17386664588287183199,0.36105689994292334,,,batch-f4-residual-link-20260822-001
F4-residual-link,X1,X3,f4-residual-link,76,0,0.4756654577732019,0.005,residual_samples/batch-76-replication-0.csv,null_statistics/batch-76-replication-0.npy,batch-f4-residual-link,666282162905115539,3144378832580424261,11534982505239729194,0.4619673000415787,,,batch-f4-residual-link-20260822-001
F4-residual-link,X1,X3,f4-residual-link,76,1,0.4642490266527392,0.005,residual_samples/batch-76-replication-1.csv,null_statistics/batch-76-replication-1.npy,batch-f4-residual-link,10059037388757199017,6879386406451448746,12327853688266026966,0.41944809997221455,,,batch-f4-residual-link-20260822-001
F4-residual-link,X1,X3,f4-residual-link,76,2,0.4413269892672825,0.005,residual_samples/batch-76-replication-2.csv,null_statistics/batch-76-replication-2.npy,batch-f4-residual-link,5220278028719591502,9263776154248961182,5206915464802527573,0.36250380001729354,,,batch-f4-residual-link-20260822-001
F4-residual-link,X1,X3,f4-residual-link,76,3,0.44129381600067014,0.005,residual_samples/batch-76-replication-3.csv,null_statistics/batch-76-replication-3.npy,batch-f4-residual-link,17564691538501848003,12545508272819699511,1550663405175405717,0.3563453999813646,,,batch-f4-residual-link-20260822-001
F4-residual-link,X1,X3,f4-residual-link,76,4,0.44556468192643844,0.005,residual_samples/batch-76-replication-4.csv,null_statistics/batch-76-replication-4.npy,batch-f4-residual-link,10334079247932477561,9730584470559905308,11377323382287444931,0.3882875999552198,,,batch-f4-residual-link-20260822-001
F4-residual-link,X1,X3,f4-residual-link,76,5,0.4885448896665325,0.005,residual_samples/batch-76-replication-5.csv,null_statistics/batch-76-replication-5.npy,batch-f4-residual-link,5121030044993503681,17065056465804532182,11849190579118756310,0.35640769999008626,,,batch-f4-residual-link-20260822-001
F4-residual-link,X1,X3,f4-residual-link,76,6,0.4517835143101895,0.005,residual_samples/batch-76-replication-6.csv,null_statistics/batch-76-replication-6.npy,batch-f4-residual-link,13878410970768812119,15369335744779212834,585802616461539388,0.35977889999048784,,,batch-f4-residual-link-20260822-001
F4-residual-link,X1,X3,f4-residual-link,76,7,0.3935809440352237,0.005,residual_samples/batch-76-replication-7.csv,null_statistics/batch-76-replication-7.npy,batch-f4-residual-link,10710541085702167936,15525570889256269816,11676231712160316604,0.4148457999690436,,,batch-f4-residual-link-20260822-001
F4-residual-link,X1,X3,f4-residual-link,76,8,0.44410730339364685,0.005,residual_samples/batch-76-replication-8.csv,null_statistics/batch-76-replication-8.npy,batch-f4-residual-link,2516030277170972348,16769095087916295031,4998908554762062799,0.3883751999819651,,,batch-f4-residual-link-20260822-001
F4-residual-link,X1,X3,f4-residual-link,76,9,0.3965934609805892,0.005,residual_samples/batch-76-replication-9.csv,null_statistics/batch-76-replication-9.npy,batch-f4-residual-link,2866081371517773602,10468699467833774796,2977767158283219808,0.3557520000031218,,,batch-f4-residual-link-20260822-001
F4-residual-link,X1,X3,f4-residual-link,77,0,0.5003163205654243,0.005,residual_samples/batch-77-replication-0.csv,null_statistics/batch-77-replication-0.npy,batch-f4-residual-link,9377100254178293911,16362223883010091314,10914157302764708561,0.36306359997252,,,batch-f4-residual-link-20260822-001
F4-residual-link,X1,X3,f4-residual-link,77,1,0.4489061891335708,0.005,residual_samples/batch-77-replication-1.csv,null_statistics/batch-77-replication-1.npy,batch-f4-residual-link,7138241026394458284,16741660479268192447,10192446503084629026,0.35623939998913556,,,batch-f4-residual-link-20260822-001
F4-residual-link,X1,X3,f4-residual-link,77,2,0.44328918827990765,0.005,residual_samples/batch-77-replication-2.csv,null_statistics/batch-77-replication-2.npy,batch-f4-residual-link,17143572462224755737,8069743793441384565,352445323028286298,0.35994180000852793,,,batch-f4-residual-link-20260822-001
F4-residual-link,X1,X3,f4-residual-link,77,3,0.4543507321750592,0.005,residual_samples/batch-77-replication-3.csv,null_statistics/batch-77-replication-3.npy,batch-f4-residual-link,6019621157069686255,6758755653589560723,3029327703617336620,0.424809499992989,,,batch-f4-residual-link-20260822-001
F4-residual-link,X1,X3,f4-residual-link,77,4,0.4264554914482276,0.005,residual_samples/batch-77-replication-4.csv,null_statistics/batch-77-replication-4.npy,batch-f4-residual-link,18124619266533687879,4645011417700704964,8036866347169568086,0.3335132999927737,,,batch-f4-residual-link-20260822-001
F4-residual-link,X1,X3,f4-residual-link,77,5,0.47007639633464554,0.005,residual_samples/batch-77-replication-5.csv,null_statistics/batch-77-replication-5.npy,batch-f4-residual-link,15605519137200062184,72129525273966368,5017157154724806943,0.4238875999581069,,,batch-f4-residual-link-20260822-001
F4-residual-link,X1,X3,f4-residual-link,77,6,0.45820508550454636,0.005,residual_samples/batch-77-replication-6.csv,null_statistics/batch-77-replication-6.npy,batch-f4-residual-link,9101742331019296568,15791234871723922065,18137541082311514639,0.3658226999687031,,,batch-f4-residual-link-20260822-001
F4-residual-link,X1,X3,f4-residual-link,77,7,0.4387558369537946,0.005,residual_samples/batch-77-replication-7.csv,null_statistics/batch-77-replication-7.npy,batch-f4-residual-link,11416689840094522967,9658896607960717185,10975590212143518477,0.33059100003447384,,,batch-f4-residual-link-20260822-001
F4-residual-link,X1,X3,f4-residual-link,77,8,0.4860019572886353,0.005,residual_samples/batch-77-replication-8.csv,null_statistics/batch-77-replication-8.npy,batch-f4-residual-link,8625983899635744687,17962492450646423104,13904848736335154964,0.4010528000071645,,,batch-f4-residual-link-20260822-001
F4-residual-link,X1,X3,f4-residual-link,77,9,0.44969317792576763,0.005,residual_samples/batch-77-replication-9.csv,null_statistics/batch-77-replication-9.npy,batch-f4-residual-link,12616018145196254528,16084490511318449738,17596979240422592133,0.40668020001612604,,,batch-f4-residual-link-20260822-001
F4-residual-link,X1,X3,f4-residual-link,78,0,0.44983673028881105,0.005,residual_samples/batch-78-replication-0.csv,null_statistics/batch-78-replication-0.npy,batch-f4-residual-link,590182123200811789,9701927910448452981,6699010750783540151,0.41706150001846254,,,batch-f4-residual-link-20260822-001
F4-residual-link,X1,X3,f4-residual-link,78,1,0.3996220205783322,0.005,residual_samples/batch-78-replication-1.csv,null_statistics/batch-78-replication-1.npy,batch-f4-residual-link,15428384905555919583,13479225547063370537,6992947291040987042,0.38706889998866245,,,batch-f4-residual-link-20260822-001
F4-residual-link,X1,X3,f4-residual-link,78,2,0.47348155581959717,0.005,residual_samples/batch-78-replication-2.csv,null_statistics/batch-78-replication-2.npy,batch-f4-residual-link,8246534784148832307,7821382173207985158,9103179638558678785,0.34712089999811724,,,batch-f4-residual-link-20260822-001
F4-residual-link,X1,X3,f4-residual-link,78,3,0.4381646707451826,0.005,residual_samples/batch-78-replication-3.csv,null_statistics/batch-78-replication-3.npy,batch-f4-residual-link,3500060664483327467,2612003220574537176,13329351968216289210,0.34058289998210967,,,batch-f4-residual-link-20260822-001
F4-residual-link,X1,X3,f4-residual-link,78,4,0.45932725785034484,0.005,residual_samples/batch-78-replication-4.csv,null_statistics/batch-78-replication-4.npy,batch-f4-residual-link,7475409609725276514,6992145577403221230,8435721810008484967,0.43653300002915785,,,batch-f4-residual-link-20260822-001
F4-residual-link,X1,X3,f4-residual-link,78,5,0.4229683585044464,0.005,residual_samples/batch-78-replication-5.csv,null_statistics/batch-78-replication-5.npy,batch-f4-residual-link,9573929062688944950,14836628004592124541,5195131426310736332,0.39200089999940246,,,batch-f4-residual-link-20260822-001
F4-residual-link,X1,X3,f4-residual-link,78,6,0.4896659248056852,0.005,residual_samples/batch-78-replication-6.csv,null_statistics/batch-78-replication-6.npy,batch-f4-residual-link,6305180829669719468,14581913285702234203,3728813089131057891,0.39184459997341037,,,batch-f4-residual-link-20260822-001
F4-residual-link,X1,X3,f4-residual-link,78,7,0.4272835535131655,0.005,residual_samples/batch-78-replication-7.csv,null_statistics/batch-78-replication-7.npy,batch-f4-residual-link,1432468150337018544,449537962212765222,15355704472468728586,0.36366720002843067,,,batch-f4-residual-link-20260822-001
F4-residual-link,X1,X3,f4-residual-link,78,8,0.49016227446564276,0.005,residual_samples/batch-78-replication-8.csv,null_statistics/batch-78-replication-8.npy,batch-f4-residual-link,4384209958593688830,13499568068675097012,9088825497474668044,0.35124539997195825,,,batch-f4-residual-link-20260822-001
F4-residual-link,X1,X3,f4-residual-link,78,9,0.46549638967995643,0.005,residual_samples/batch-78-replication-9.csv,null_statistics/batch-78-replication-9.npy,batch-f4-residual-link,12207145013932717440,850431795188214196,4084203607675642573,0.33969160000560805,,,batch-f4-residual-link-20260822-001
F4-residual-link,X1,X3,f4-residual-link,79,0,0.4542950985687974,0.005,residual_samples/batch-79-replication-0.csv,null_statistics/batch-79-replication-0.npy,batch-f4-residual-link,13266759811357238878,4072184097254903298,4836639212636614508,0.34139969997340813,,,batch-f4-residual-link-20260822-001
F4-residual-link,X1,X3,f4-residual-link,79,1,0.4748596108132354,0.005,residual_samples/batch-79-replication-1.csv,null_statistics/batch-79-replication-1.npy,batch-f4-residual-link,16867494975836437691,7557470286952784455,12013373005400743634,0.3439477999927476,,,batch-f4-residual-link-20260822-001
F4-residual-link,X1,X3,f4-residual-link,79,2,0.4355808307093926,0.005,residual_samples/batch-79-replication-2.csv,null_statistics/batch-79-replication-2.npy,batch-f4-residual-link,16435834295509104591,13023235826644653312,4429826964717523642,0.37636120000388473,,,batch-f4-residual-link-20260822-001
F4-residual-link,X1,X3,f4-residual-link,79,3,0.4583789266447883,0.005,residual_samples/batch-79-replication-3.csv,null_statistics/batch-79-replication-3.npy,batch-f4-residual-link,1921017458780033617,8949828469496384087,4394729912759607511,0.41876990004675463,,,batch-f4-residual-link-20260822-001
F4-residual-link,X1,X3,f4-residual-link,79,4,0.5079800208238732,0.005,residual_samples/batch-79-replication-4.csv,null_statistics/batch-79-replication-4.npy,batch-f4-residual-link,11565267226222699394,12301448287720009515,4051623535293349708,0.38141009997343644,,,batch-f4-residual-link-20260822-001
F4-residual-link,X1,X3,f4-residual-link,79,5,0.4466683582289202,0.005,residual_samples/batch-79-replication-5.csv,null_statistics/batch-79-replication-5.npy,batch-f4-residual-link,12690859175963235613,14227831134581592254,16540767917771728943,0.37621600000420585,,,batch-f4-residual-link-20260822-001
F4-residual-link,X1,X3,f4-residual-link,79,6,0.4602244727570017,0.005,residual_samples/batch-79-replication-6.csv,null_statistics/batch-79-replication-6.npy,batch-f4-residual-link,16740505006587219743,12422675606031335239,13223888255315503293,0.3610224000294693,,,batch-f4-residual-link-20260822-001
F4-residual-link,X1,X3,f4-residual-link,79,7,0.4348497323836312,0.005,residual_samples/batch-79-replication-7.csv,null_statistics/batch-79-replication-7.npy,batch-f4-residual-link,4338289746954393582,13571774530634773485,12378565161801529379,0.34034180000890046,,,batch-f4-residual-link-20260822-001
F4-residual-link,X1,X3,f4-residual-link,79,8,0.4615626131482569,0.005,residual_samples/batch-79-replication-8.csv,null_statistics/batch-79-replication-8.npy,batch-f4-residual-link,2185954936310280749,13480072639341753116,11593244481598831744,0.3397044999874197,,,batch-f4-residual-link-20260822-001
F4-residual-link,X1,X3,f4-residual-link,79,9,0.4592664285428102,0.005,residual_samples/batch-79-replication-9.csv,null_statistics/batch-79-replication-9.npy,batch-f4-residual-link,16751613163976108334,6235242990948398493,5946942532351804238,0.334758699988015,,,batch-f4-residual-link-20260822-001
F4-residual-link,X1,X3,f4-residual-link,80,0,0.4873099138910421,0.005,residual_samples/batch-80-replication-0.csv,null_statistics/batch-80-replication-0.npy,batch-f4-residual-link,6876772355154223714,2358159423432838998,566280479714078866,0.3399595000082627,,,batch-f4-residual-link-20260822-001
F4-residual-link,X1,X3,f4-residual-link,80,1,0.44534520947336115,0.005,residual_samples/batch-80-replication-1.csv,null_statistics/batch-80-replication-1.npy,batch-f4-residual-link,4003257836557316075,377804248260785527,12136520649747500973,0.3445851000142284,,,batch-f4-residual-link-20260822-001
F4-residual-link,X1,X3,f4-residual-link,80,2,0.46289386387507797,0.005,residual_samples/batch-80-replication-2.csv,null_statistics/batch-80-replication-2.npy,batch-f4-residual-link,2500046862209512586,10179600562003357760,10268660985535892352,0.3419556000153534,,,batch-f4-residual-link-20260822-001
F4-residual-link,X1,X3,f4-residual-link,80,3,0.4681747448995439,0.005,residual_samples/batch-80-replication-3.csv,null_statistics/batch-80-replication-3.npy,batch-f4-residual-link,6385207432404372470,10265426414880299702,3883423861829824739,0.33599320001667365,,,batch-f4-residual-link-20260822-001
F4-residual-link,X1,X3,f4-residual-link,80,4,0.48086642668755286,0.005,residual_samples/batch-80-replication-4.csv,null_statistics/batch-80-replication-4.npy,batch-f4-residual-link,16785296363875384192,9945704042164017724,13165588241842095770,0.3368128000292927,,,batch-f4-residual-link-20260822-001
F4-residual-link,X1,X3,f4-residual-link,80,5,0.4634939721381814,0.005,residual_samples/batch-80-replication-5.csv,null_statistics/batch-80-replication-5.npy,batch-f4-residual-link,120660940933229010,11777139408321788927,16569157199708221856,0.34357689996249974,,,batch-f4-residual-link-20260822-001
F4-residual-link,X1,X3,f4-residual-link,80,6,0.4546080672081615,0.005,residual_samples/batch-80-replication-6.csv,null_statistics/batch-80-replication-6.npy,batch-f4-residual-link,11597850278876242809,9037757707806184389,12903975368845789734,0.3372830000007525,,,batch-f4-residual-link-20260822-001
F4-residual-link,X1,X3,f4-residual-link,80,7,0.4282365212323843,0.005,residual_samples/batch-80-replication-7.csv,null_statistics/batch-80-replication-7.npy,batch-f4-residual-link,13857387728163173866,11867376652299054910,16411017017131789681,0.33658900001319125,,,batch-f4-residual-link-20260822-001
F4-residual-link,X1,X3,f4-residual-link,80,8,0.4590760620880793,0.005,residual_samples/batch-80-replication-8.csv,null_statistics/batch-80-replication-8.npy,batch-f4-residual-link,4859979021645759184,3601068917924577295,7287270255982139382,0.3428455999819562,,,batch-f4-residual-link-20260822-001
F4-residual-link,X1,X3,f4-residual-link,80,9,0.4988283111224427,0.005,residual_samples/batch-80-replication-9.csv,null_statistics/batch-80-replication-9.npy,batch-f4-residual-link,3144573170827494476,10406987827182553668,15080048076921549149,0.33814010000787675,,,batch-f4-residual-link-20260822-001
F4-residual-link,X1,X3,f4-residual-link,81,0,0.44640348549538766,0.005,residual_samples/batch-81-replication-0.csv,null_statistics/batch-81-replication-0.npy,batch-f4-residual-link,15887352948568894129,16540468320018429492,8512302725623377411,0.3377524000243284,,,batch-f4-residual-link-20260822-001
F4-residual-link,X1,X3,f4-residual-link,81,1,0.4731607933466774,0.005,residual_samples/batch-81-replication-1.csv,null_statistics/batch-81-replication-1.npy,batch-f4-residual-link,4559410526551641728,7003871648005235385,8784664062288149739,0.3462046000058763,,,batch-f4-residual-link-20260822-001
F4-residual-link,X1,X3,f4-residual-link,81,2,0.4925977461489357,0.005,residual_samples/batch-81-replication-2.csv,null_statistics/batch-81-replication-2.npy,batch-f4-residual-link,2253823638202448515,17753595147983660545,8914574104868937608,0.3355411000084132,,,batch-f4-residual-link-20260822-001
F4-residual-link,X1,X3,f4-residual-link,81,3,0.4684151016823756,0.005,residual_samples/batch-81-replication-3.csv,null_statistics/batch-81-replication-3.npy,batch-f4-residual-link,5131079575749129839,10331594723609010532,6884988562475213536,0.32048709999071434,,,batch-f4-residual-link-20260822-001
F4-residual-link,X1,X3,f4-residual-link,81,4,0.45474504791276565,0.005,residual_samples/batch-81-replication-4.csv,null_statistics/batch-81-replication-4.npy,batch-f4-residual-link,5302211695396244099,17686057543137028679,15131291834738874256,0.4328483999706805,,,batch-f4-residual-link-20260822-001
F4-residual-link,X1,X3,f4-residual-link,81,5,0.4302922165127981,0.005,residual_samples/batch-81-replication-5.csv,null_statistics/batch-81-replication-5.npy,batch-f4-residual-link,13087154400718442815,9013070248295014972,2900770594845934481,0.37110170000232756,,,batch-f4-residual-link-20260822-001
F4-residual-link,X1,X3,f4-residual-link,81,6,0.46362072966979423,0.005,residual_samples/batch-81-replication-6.csv,null_statistics/batch-81-replication-6.npy,batch-f4-residual-link,7085790093423020266,165468691043965373,13660953301450816537,0.35303850000491366,,,batch-f4-residual-link-20260822-001
F4-residual-link,X1,X3,f4-residual-link,81,7,0.448352793991298,0.005,residual_samples/batch-81-replication-7.csv,null_statistics/batch-81-replication-7.npy,batch-f4-residual-link,6509296412070692482,1084919275655108583,7529455150442637538,0.3480596999870613,,,batch-f4-residual-link-20260822-001
F4-residual-link,X1,X3,f4-residual-link,81,8,0.47052612551524414,0.005,residual_samples/batch-81-replication-8.csv,null_statistics/batch-81-replication-8.npy,batch-f4-residual-link,12854996059434948934,11673583360530356729,6394861925843285722,0.36406549997627735,,,batch-f4-residual-link-20260822-001
F4-residual-link,X1,X3,f4-residual-link,81,9,0.40861108807224344,0.005,residual_samples/batch-81-replication-9.csv,null_statistics/batch-81-replication-9.npy,batch-f4-residual-link,9368423592919131691,5586387551121673233,11663846958020802644,0.4056470000068657,,,batch-f4-residual-link-20260822-001
F4-residual-link,X1,X3,f4-residual-link,82,0,0.43726148875703497,0.005,residual_samples/batch-82-replication-0.csv,null_statistics/batch-82-replication-0.npy,batch-f4-residual-link,16404156186604359052,17271024489661028689,9462640334818523770,0.3511246999842115,,,batch-f4-residual-link-20260822-001
F4-residual-link,X1,X3,f4-residual-link,82,1,0.3849252225627777,0.005,residual_samples/batch-82-replication-1.csv,null_statistics/batch-82-replication-1.npy,batch-f4-residual-link,5699059407763685480,17788840236540799282,13145968348353581031,0.34284420002950355,,,batch-f4-residual-link-20260822-001
F4-residual-link,X1,X3,f4-residual-link,82,2,0.457517443371249,0.005,residual_samples/batch-82-replication-2.csv,null_statistics/batch-82-replication-2.npy,batch-f4-residual-link,8560586161332809760,7304931829532623636,9105022510397283207,0.33920370001578704,,,batch-f4-residual-link-20260822-001
F4-residual-link,X1,X3,f4-residual-link,82,3,0.48682876786192125,0.005,residual_samples/batch-82-replication-3.csv,null_statistics/batch-82-replication-3.npy,batch-f4-residual-link,12784828895889979242,954640898154791634,6625693744447784305,0.33821909996913746,,,batch-f4-residual-link-20260822-001
F4-residual-link,X1,X3,f4-residual-link,82,4,0.44494492460882945,0.005,residual_samples/batch-82-replication-4.csv,null_statistics/batch-82-replication-4.npy,batch-f4-residual-link,17432434373674517722,10777599529932795427,12265290278677495679,0.33819539996329695,,,batch-f4-residual-link-20260822-001
F4-residual-link,X1,X3,f4-residual-link,82,5,0.43535825312871057,0.005,residual_samples/batch-82-replication-5.csv,null_statistics/batch-82-replication-5.npy,batch-f4-residual-link,12740056555256797558,5056022618552040165,12585409497024051272,0.33417970000300556,,,batch-f4-residual-link-20260822-001
F4-residual-link,X1,X3,f4-residual-link,82,6,0.4405445408471054,0.005,residual_samples/batch-82-replication-6.csv,null_statistics/batch-82-replication-6.npy,batch-f4-residual-link,3094790968260224440,14282661552329613570,18084995739797812388,0.3460236999671906,,,batch-f4-residual-link-20260822-001
F4-residual-link,X1,X3,f4-residual-link,82,7,0.4832315156936755,0.005,residual_samples/batch-82-replication-7.csv,null_statistics/batch-82-replication-7.npy,batch-f4-residual-link,5045650259906839548,9921162594917090935,2025519917203372315,0.3628444999922067,,,batch-f4-residual-link-20260822-001
F4-residual-link,X1,X3,f4-residual-link,82,8,0.4239295560991623,0.005,residual_samples/batch-82-replication-8.csv,null_statistics/batch-82-replication-8.npy,batch-f4-residual-link,13477450587399518698,6885832168389409128,546401207305215824,0.33576379995793104,,,batch-f4-residual-link-20260822-001
F4-residual-link,X1,X3,f4-residual-link,82,9,0.46584206944416373,0.005,residual_samples/batch-82-replication-9.csv,null_statistics/batch-82-replication-9.npy,batch-f4-residual-link,5933993322584222505,6741037939831053071,7414803378768761458,0.3554259999655187,,,batch-f4-residual-link-20260822-001
F4-residual-link,X1,X3,f4-residual-link,83,0,0.4458759609295371,0.005,residual_samples/batch-83-replication-0.csv,null_statistics/batch-83-replication-0.npy,batch-f4-residual-link,2766912890442577077,15685453586788269417,1096157891122337041,0.3555464000091888,,,batch-f4-residual-link-20260822-001
F4-residual-link,X1,X3,f4-residual-link,83,1,0.4538161700440292,0.005,residual_samples/batch-83-replication-1.csv,null_statistics/batch-83-replication-1.npy,batch-f4-residual-link,7737342599297414441,7330106850939634211,10764031180010855962,0.3095257000532001,,,batch-f4-residual-link-20260822-001
F4-residual-link,X1,X3,f4-residual-link,83,2,0.4457949113578109,0.005,residual_samples/batch-83-replication-2.csv,null_statistics/batch-83-replication-2.npy,batch-f4-residual-link,17651733412552891688,18008236963564643623,6484343604298582305,0.37590119999367744,,,batch-f4-residual-link-20260822-001
F4-residual-link,X1,X3,f4-residual-link,83,3,0.4663959109830364,0.005,residual_samples/batch-83-replication-3.csv,null_statistics/batch-83-replication-3.npy,batch-f4-residual-link,10953628814737854622,3813229418906431959,16354608970837330591,0.35904710000613704,,,batch-f4-residual-link-20260822-001
F4-residual-link,X1,X3,f4-residual-link,83,4,0.47227067566071684,0.005,residual_samples/batch-83-replication-4.csv,null_statistics/batch-83-replication-4.npy,batch-f4-residual-link,4492522715478443504,9359065338558428101,15079388353216289308,0.42725159996189177,,,batch-f4-residual-link-20260822-001
F4-residual-link,X1,X3,f4-residual-link,83,5,0.4488285770828772,0.005,residual_samples/batch-83-replication-5.csv,null_statistics/batch-83-replication-5.npy,batch-f4-residual-link,12993919890311224677,6145050179794181073,12187282923551451598,0.33643949998077005,,,batch-f4-residual-link-20260822-001
F4-residual-link,X1,X3,f4-residual-link,83,6,0.43654478533286556,0.005,residual_samples/batch-83-replication-6.csv,null_statistics/batch-83-replication-6.npy,batch-f4-residual-link,10749759498349189862,9098698329163125258,3982412167760062970,0.33629810001002625,,,batch-f4-residual-link-20260822-001
F4-residual-link,X1,X3,f4-residual-link,83,7,0.43441383436497377,0.005,residual_samples/batch-83-replication-7.csv,null_statistics/batch-83-replication-7.npy,batch-f4-residual-link,1437677354870118685,3131662710338612524,16875523285889472507,0.3422328000306152,,,batch-f4-residual-link-20260822-001
F4-residual-link,X1,X3,f4-residual-link,83,8,0.44415465547993854,0.005,residual_samples/batch-83-replication-8.csv,null_statistics/batch-83-replication-8.npy,batch-f4-residual-link,4631436140874540713,5402801000927669360,8273618851519627217,0.33835989999352023,,,batch-f4-residual-link-20260822-001
F4-residual-link,X1,X3,f4-residual-link,83,9,0.4608088705161693,0.005,residual_samples/batch-83-replication-9.csv,null_statistics/batch-83-replication-9.npy,batch-f4-residual-link,12631544072653874579,12092404359726585561,14683120326461335995,0.33748760004527867,,,batch-f4-residual-link-20260822-001
F4-residual-link,X1,X3,f4-residual-link,84,0,0.4644166788014189,0.005,residual_samples/batch-84-replication-0.csv,null_statistics/batch-84-replication-0.npy,batch-f4-residual-link,6020939017103426096,3379105266381744114,11245871972293830415,0.33838890003971756,,,batch-f4-residual-link-20260822-001
F4-residual-link,X1,X3,f4-residual-link,84,1,0.4727664388856455,0.005,residual_samples/batch-84-replication-1.csv,null_statistics/batch-84-replication-1.npy,batch-f4-residual-link,1427006394601235651,491333844106234426,4093724268667825691,0.3417176000075415,,,batch-f4-residual-link-20260822-001
F4-residual-link,X1,X3,f4-residual-link,84,2,0.43422912882597553,0.005,residual_samples/batch-84-replication-2.csv,null_statistics/batch-84-replication-2.npy,batch-f4-residual-link,10785208247411070296,2266115048969514612,2570711280607223334,0.3484323999728076,,,batch-f4-residual-link-20260822-001
F4-residual-link,X1,X3,f4-residual-link,84,3,0.4808853103297751,0.005,residual_samples/batch-84-replication-3.csv,null_statistics/batch-84-replication-3.npy,batch-f4-residual-link,2821868516039062085,8608903830542431312,8001062342831057151,0.342242700047791,,,batch-f4-residual-link-20260822-001
F4-residual-link,X1,X3,f4-residual-link,84,4,0.46752762418881416,0.005,residual_samples/batch-84-replication-4.csv,null_statistics/batch-84-replication-4.npy,batch-f4-residual-link,10368997557800455144,6462181330289331063,16342607637962162993,0.3426618999801576,,,batch-f4-residual-link-20260822-001
F4-residual-link,X1,X3,f4-residual-link,84,5,0.43646708725701994,0.005,residual_samples/batch-84-replication-5.csv,null_statistics/batch-84-replication-5.npy,batch-f4-residual-link,2282893420672184054,7878899990408699252,11037033007703418083,0.34130269999150187,,,batch-f4-residual-link-20260822-001
F4-residual-link,X1,X3,f4-residual-link,84,6,0.44154923247415967,0.005,residual_samples/batch-84-replication-6.csv,null_statistics/batch-84-replication-6.npy,batch-f4-residual-link,12367123200357541983,11508452234288572380,5442878327913348948,0.3401941999909468,,,batch-f4-residual-link-20260822-001
F4-residual-link,X1,X3,f4-residual-link,84,7,0.435083252939324,0.005,residual_samples/batch-84-replication-7.csv,null_statistics/batch-84-replication-7.npy,batch-f4-residual-link,2359017435898296240,2063029072347330210,3738025195648960548,0.3352578000049107,,,batch-f4-residual-link-20260822-001
F4-residual-link,X1,X3,f4-residual-link,84,8,0.4962559674676966,0.005,residual_samples/batch-84-replication-8.csv,null_statistics/batch-84-replication-8.npy,batch-f4-residual-link,5158342655604342532,17260598927051938321,1499393151344074795,0.3423875999869779,,,batch-f4-residual-link-20260822-001
F4-residual-link,X1,X3,f4-residual-link,84,9,0.4538689463959544,0.005,residual_samples/batch-84-replication-9.csv,null_statistics/batch-84-replication-9.npy,batch-f4-residual-link,5997633693292728648,1281456725507151985,11892037274559876887,0.345129800029099,,,batch-f4-residual-link-20260822-001
F4-residual-link,X1,X3,f4-residual-link,85,0,0.4517315448857854,0.005,residual_samples/batch-85-replication-0.csv,null_statistics/batch-85-replication-0.npy,batch-f4-residual-link,6877672509924973142,11896580748602022631,10089415728226730915,0.3404648000141606,,,batch-f4-residual-link-20260822-001
F4-residual-link,X1,X3,f4-residual-link,85,1,0.4384786058690365,0.005,residual_samples/batch-85-replication-1.csv,null_statistics/batch-85-replication-1.npy,batch-f4-residual-link,11022890841826418991,2791397952463123177,4370223246226959861,0.3388311000308022,,,batch-f4-residual-link-20260822-001
F4-residual-link,X1,X3,f4-residual-link,85,2,0.4459492940770068,0.005,residual_samples/batch-85-replication-2.csv,null_statistics/batch-85-replication-2.npy,batch-f4-residual-link,4431251368447947626,4830021862857230896,13657681809294164069,0.361298399977386,,,batch-f4-residual-link-20260822-001
F4-residual-link,X1,X3,f4-residual-link,85,3,0.4734965569377837,0.005,residual_samples/batch-85-replication-3.csv,null_statistics/batch-85-replication-3.npy,batch-f4-residual-link,7908141662118017357,4415216743463139652,5945870709631304366,0.4492232000338845,,,batch-f4-residual-link-20260822-001
F4-residual-link,X1,X3,f4-residual-link,85,4,0.4805092844863259,0.005,residual_samples/batch-85-replication-4.csv,null_statistics/batch-85-replication-4.npy,batch-f4-residual-link,4464510673554391953,24040585596687682,3181808200159025426,0.34099609998520464,,,batch-f4-residual-link-20260822-001
F4-residual-link,X1,X3,f4-residual-link,85,5,0.49345396170721095,0.005,residual_samples/batch-85-replication-5.csv,null_statistics/batch-85-replication-5.npy,batch-f4-residual-link,4775362803428827434,12168669804868770803,14388484404815885856,0.345440500008408,,,batch-f4-residual-link-20260822-001
F4-residual-link,X1,X3,f4-residual-link,85,6,0.5177863698988106,0.005,residual_samples/batch-85-replication-6.csv,null_statistics/batch-85-replication-6.npy,batch-f4-residual-link,1097859028240812915,17210332990501003640,1636631941142679618,0.3393036999623291,,,batch-f4-residual-link-20260822-001
F4-residual-link,X1,X3,f4-residual-link,85,7,0.4065038258165849,0.005,residual_samples/batch-85-replication-7.csv,null_statistics/batch-85-replication-7.npy,batch-f4-residual-link,11315007467357092476,17501173969523214241,2434115632850309072,0.34578139998484403,,,batch-f4-residual-link-20260822-001
F4-residual-link,X1,X3,f4-residual-link,85,8,0.458891529725441,0.005,residual_samples/batch-85-replication-8.csv,null_statistics/batch-85-replication-8.npy,batch-f4-residual-link,9331134801887133244,4590922725665987409,2915070402957862847,0.34225349995540455,,,batch-f4-residual-link-20260822-001
F4-residual-link,X1,X3,f4-residual-link,85,9,0.4639073226811069,0.005,residual_samples/batch-85-replication-9.csv,null_statistics/batch-85-replication-9.npy,batch-f4-residual-link,5502270857516833583,7420470864867683353,7696174831092595168,0.3580440999940038,,,batch-f4-residual-link-20260822-001
F4-residual-link,X1,X3,f4-residual-link,86,0,0.47437540665012945,0.005,residual_samples/batch-86-replication-0.csv,null_statistics/batch-86-replication-0.npy,batch-f4-residual-link,16718676228441938809,3675803243644804503,17614326521119148585,0.3518442999920808,,,batch-f4-residual-link-20260822-001
F4-residual-link,X1,X3,f4-residual-link,86,1,0.4681959928171081,0.005,residual_samples/batch-86-replication-1.csv,null_statistics/batch-86-replication-1.npy,batch-f4-residual-link,12301143712259985406,8864618387512860268,9762534287465800286,0.3600868999492377,,,batch-f4-residual-link-20260822-001
F4-residual-link,X1,X3,f4-residual-link,86,2,0.47689566007964745,0.005,residual_samples/batch-86-replication-2.csv,null_statistics/batch-86-replication-2.npy,batch-f4-residual-link,4822426684545039747,10988241099222282372,18282597955077752896,0.4095039999810979,,,batch-f4-residual-link-20260822-001
F4-residual-link,X1,X3,f4-residual-link,86,3,0.4385895870154884,0.005,residual_samples/batch-86-replication-3.csv,null_statistics/batch-86-replication-3.npy,batch-f4-residual-link,5267873298501148387,13672212385485992769,12532812427997647321,0.3713306999998167,,,batch-f4-residual-link-20260822-001
F4-residual-link,X1,X3,f4-residual-link,86,4,0.4718754702857735,0.005,residual_samples/batch-86-replication-4.csv,null_statistics/batch-86-replication-4.npy,batch-f4-residual-link,5331017094194605134,13687087551287485769,1731502039789683700,0.36880150000797585,,,batch-f4-residual-link-20260822-001
F4-residual-link,X1,X3,f4-residual-link,86,5,0.45105195834926687,0.005,residual_samples/batch-86-replication-5.csv,null_statistics/batch-86-replication-5.npy,batch-f4-residual-link,15770434558562676222,2354612676563706547,708247293844463012,0.391756400000304,,,batch-f4-residual-link-20260822-001
F4-residual-link,X1,X3,f4-residual-link,86,6,0.44774385396182115,0.005,residual_samples/batch-86-replication-6.csv,null_statistics/batch-86-replication-6.npy,batch-f4-residual-link,12303905474860033231,7890818453072393695,10256769869499834400,0.3124695000005886,,,batch-f4-residual-link-20260822-001
F4-residual-link,X1,X3,f4-residual-link,86,7,0.45390160611066893,0.005,residual_samples/batch-86-replication-7.csv,null_statistics/batch-86-replication-7.npy,batch-f4-residual-link,906894835519493581,14372585637657967951,16475170989427057632,0.36340309999650344,,,batch-f4-residual-link-20260822-001
F4-residual-link,X1,X3,f4-residual-link,86,8,0.5195587636464902,0.005,residual_samples/batch-86-replication-8.csv,null_statistics/batch-86-replication-8.npy,batch-f4-residual-link,2158620229804980139,7000520798719626970,55436739414123854,0.3516243000049144,,,batch-f4-residual-link-20260822-001
F4-residual-link,X1,X3,f4-residual-link,86,9,0.4436592179997991,0.005,residual_samples/batch-86-replication-9.csv,null_statistics/batch-86-replication-9.npy,batch-f4-residual-link,14646881748272315574,8267409974103275612,2414614396755763326,0.3400219999602996,,,batch-f4-residual-link-20260822-001
F4-residual-link,X1,X3,f4-residual-link,87,0,0.4316333951825092,0.005,residual_samples/batch-87-replication-0.csv,null_statistics/batch-87-replication-0.npy,batch-f4-residual-link,12712119233116906491,10610957386005489746,7537279506665691126,0.3433604000019841,,,batch-f4-residual-link-20260822-001
F4-residual-link,X1,X3,f4-residual-link,87,1,0.47453214367436175,0.005,residual_samples/batch-87-replication-1.csv,null_statistics/batch-87-replication-1.npy,batch-f4-residual-link,12184423116311603484,2085959130627544828,12126631156215198175,0.3307139999815263,,,batch-f4-residual-link-20260822-001
F4-residual-link,X1,X3,f4-residual-link,87,2,0.4446551163741386,0.005,residual_samples/batch-87-replication-2.csv,null_statistics/batch-87-replication-2.npy,batch-f4-residual-link,17771654188925570089,980146318784997958,1323361180032685292,0.35116720001678914,,,batch-f4-residual-link-20260822-001
F4-residual-link,X1,X3,f4-residual-link,87,3,0.5297118845016741,0.005,residual_samples/batch-87-replication-3.csv,null_statistics/batch-87-replication-3.npy,batch-f4-residual-link,4533910142875068564,4361013150246899919,4004562830170200110,0.44246429996564984,,,batch-f4-residual-link-20260822-001
F4-residual-link,X1,X3,f4-residual-link,87,4,0.4256635891340083,0.005,residual_samples/batch-87-replication-4.csv,null_statistics/batch-87-replication-4.npy,batch-f4-residual-link,4127597399582163569,11791091628753110420,17422604205178657920,0.33806150004966184,,,batch-f4-residual-link-20260822-001
F4-residual-link,X1,X3,f4-residual-link,87,5,0.489669869110383,0.005,residual_samples/batch-87-replication-5.csv,null_statistics/batch-87-replication-5.npy,batch-f4-residual-link,13905562695492436790,8098681490891802726,16821105883527282178,0.3581688999547623,,,batch-f4-residual-link-20260822-001
F4-residual-link,X1,X3,f4-residual-link,87,6,0.4889279575143806,0.005,residual_samples/batch-87-replication-6.csv,null_statistics/batch-87-replication-6.npy,batch-f4-residual-link,5823618298392838549,11608905572187751103,15788226276630108906,0.49979329999769107,,,batch-f4-residual-link-20260822-001
F4-residual-link,X1,X3,f4-residual-link,87,7,0.47360850415002564,0.005,residual_samples/batch-87-replication-7.csv,null_statistics/batch-87-replication-7.npy,batch-f4-residual-link,4235650402273993910,10422897251861194654,889123430249815964,0.3743886000011116,,,batch-f4-residual-link-20260822-001
F4-residual-link,X1,X3,f4-residual-link,87,8,0.4602934840159916,0.005,residual_samples/batch-87-replication-8.csv,null_statistics/batch-87-replication-8.npy,batch-f4-residual-link,4793399196434466072,16274572817535950965,3193612624337854816,0.3575956000131555,,,batch-f4-residual-link-20260822-001
F4-residual-link,X1,X3,f4-residual-link,87,9,0.3973957517664087,0.005,residual_samples/batch-87-replication-9.csv,null_statistics/batch-87-replication-9.npy,batch-f4-residual-link,14736268633841448885,14703367729846635576,5859905992527464616,0.362369500042405,,,batch-f4-residual-link-20260822-001
F4-residual-link,X1,X3,f4-residual-link,88,0,0.4733882038107135,0.005,residual_samples/batch-88-replication-0.csv,null_statistics/batch-88-replication-0.npy,batch-f4-residual-link,15598480432438878596,6438836624883805345,11146881717109974434,0.39558049995684996,,,batch-f4-residual-link-20260822-001
F4-residual-link,X1,X3,f4-residual-link,88,1,0.4339695102491069,0.005,residual_samples/batch-88-replication-1.csv,null_statistics/batch-88-replication-1.npy,batch-f4-residual-link,9653405879843119329,11062424215259528212,16988944424856387251,0.3818605000269599,,,batch-f4-residual-link-20260822-001
F4-residual-link,X1,X3,f4-residual-link,88,2,0.4517657560123036,0.005,residual_samples/batch-88-replication-2.csv,null_statistics/batch-88-replication-2.npy,batch-f4-residual-link,6742008734898450220,5442414396874454031,7634062579158893608,0.3702192999771796,,,batch-f4-residual-link-20260822-001
F4-residual-link,X1,X3,f4-residual-link,88,3,0.4909916989139178,0.005,residual_samples/batch-88-replication-3.csv,null_statistics/batch-88-replication-3.npy,batch-f4-residual-link,6346104506893279882,2989400113946885910,17766467800361598346,0.35131790000014007,,,batch-f4-residual-link-20260822-001
F4-residual-link,X1,X3,f4-residual-link,88,4,0.44426921453630996,0.005,residual_samples/batch-88-replication-4.csv,null_statistics/batch-88-replication-4.npy,batch-f4-residual-link,11622047806274586408,13760879993257033375,17820786774650553638,0.34093760000541806,,,batch-f4-residual-link-20260822-001
F4-residual-link,X1,X3,f4-residual-link,88,5,0.4838442081468613,0.005,residual_samples/batch-88-replication-5.csv,null_statistics/batch-88-replication-5.npy,batch-f4-residual-link,5094334239248101963,9824196592496869435,7071045500249902320,0.3413359000114724,,,batch-f4-residual-link-20260822-001
F4-residual-link,X1,X3,f4-residual-link,88,6,0.4389086605007248,0.005,residual_samples/batch-88-replication-6.csv,null_statistics/batch-88-replication-6.npy,batch-f4-residual-link,8827117519338415693,6858859031631187803,15752705144073744287,0.34706609998829663,,,batch-f4-residual-link-20260822-001
F4-residual-link,X1,X3,f4-residual-link,88,7,0.42588034359123716,0.005,residual_samples/batch-88-replication-7.csv,null_statistics/batch-88-replication-7.npy,batch-f4-residual-link,7283191511970048347,9945300213351131421,1244540246942308146,0.34663779998663813,,,batch-f4-residual-link-20260822-001
F4-residual-link,X1,X3,f4-residual-link,88,8,0.46359403687113504,0.005,residual_samples/batch-88-replication-8.csv,null_statistics/batch-88-replication-8.npy,batch-f4-residual-link,12294132070250821585,7789011239343890984,12311905939468395095,0.3444659999804571,,,batch-f4-residual-link-20260822-001
F4-residual-link,X1,X3,f4-residual-link,88,9,0.4395582373187067,0.005,residual_samples/batch-88-replication-9.csv,null_statistics/batch-88-replication-9.npy,batch-f4-residual-link,10744551051992946412,14284906108190031419,11529885609245913680,0.35291610000422224,,,batch-f4-residual-link-20260822-001
F4-residual-link,X1,X3,f4-residual-link,89,0,0.4472447185464649,0.005,residual_samples/batch-89-replication-0.csv,null_statistics/batch-89-replication-0.npy,batch-f4-residual-link,8740600591627616382,259006413496365674,11100071266276681631,0.37592750001931563,,,batch-f4-residual-link-20260822-001
F4-residual-link,X1,X3,f4-residual-link,89,1,0.43114379664124625,0.005,residual_samples/batch-89-replication-1.csv,null_statistics/batch-89-replication-1.npy,batch-f4-residual-link,6569236073312330315,3141048399842269269,5540086063789416853,0.3477566000074148,,,batch-f4-residual-link-20260822-001
F4-residual-link,X1,X3,f4-residual-link,89,2,0.45187107366334583,0.005,residual_samples/batch-89-replication-2.csv,null_statistics/batch-89-replication-2.npy,batch-f4-residual-link,5374371877017709215,13594447973112915294,5183435442982185238,0.3413064000196755,,,batch-f4-residual-link-20260822-001
F4-residual-link,X1,X3,f4-residual-link,89,3,0.4661651988980249,0.005,residual_samples/batch-89-replication-3.csv,null_statistics/batch-89-replication-3.npy,batch-f4-residual-link,9386999313294235067,8798395079070103379,11626458620486351182,0.42382839997299016,,,batch-f4-residual-link-20260822-001
F4-residual-link,X1,X3,f4-residual-link,89,4,0.38139628853364316,0.005,residual_samples/batch-89-replication-4.csv,null_statistics/batch-89-replication-4.npy,batch-f4-residual-link,17341138911114389985,16925859876456499565,15070671564902311378,0.425674700003583,,,batch-f4-residual-link-20260822-001
F4-residual-link,X1,X3,f4-residual-link,89,5,0.4774239100035183,0.005,residual_samples/batch-89-replication-5.csv,null_statistics/batch-89-replication-5.npy,batch-f4-residual-link,15830698239416540150,1188479237784494986,13050860969651528746,0.4177219000412151,,,batch-f4-residual-link-20260822-001
F4-residual-link,X1,X3,f4-residual-link,89,6,0.4461777776452338,0.005,residual_samples/batch-89-replication-6.csv,null_statistics/batch-89-replication-6.npy,batch-f4-residual-link,15565285721451843232,5992198207113317743,10029914212616773899,0.4392437000060454,,,batch-f4-residual-link-20260822-001
F4-residual-link,X1,X3,f4-residual-link,89,7,0.4791632253926639,0.005,residual_samples/batch-89-replication-7.csv,null_statistics/batch-89-replication-7.npy,batch-f4-residual-link,11924246317781789501,5366240765274965418,13953764089763281036,0.3964642999926582,,,batch-f4-residual-link-20260822-001
F4-residual-link,X1,X3,f4-residual-link,89,8,0.41088584119075006,0.005,residual_samples/batch-89-replication-8.csv,null_statistics/batch-89-replication-8.npy,batch-f4-residual-link,536084465023348417,4873449001906481450,6275130523823328034,0.3747929999954067,,,batch-f4-residual-link-20260822-001
F4-residual-link,X1,X3,f4-residual-link,89,9,0.4375973604804974,0.005,residual_samples/batch-89-replication-9.csv,null_statistics/batch-89-replication-9.npy,batch-f4-residual-link,15997172826827396687,3158236035385490819,17706263259884877508,0.3570973000023514,,,batch-f4-residual-link-20260822-001
F4-residual-link,X1,X3,f4-residual-link,90,0,0.4729544851066998,0.005,residual_samples/batch-90-replication-0.csv,null_statistics/batch-90-replication-0.npy,batch-f4-residual-link,7600410814972444875,15686327103018457051,6319063862731768567,0.3497759999590926,,,batch-f4-residual-link-20260822-001
F4-residual-link,X1,X3,f4-residual-link,90,1,0.4424666255992863,0.005,residual_samples/batch-90-replication-1.csv,null_statistics/batch-90-replication-1.npy,batch-f4-residual-link,13091379678015236626,11974509316809122102,5106411465812514052,0.43026420002570376,,,batch-f4-residual-link-20260822-001
F4-residual-link,X1,X3,f4-residual-link,90,2,0.49101054480920703,0.005,residual_samples/batch-90-replication-2.csv,null_statistics/batch-90-replication-2.npy,batch-f4-residual-link,16356113214437706337,9408447979265024078,7389114591270623530,0.3807808999554254,,,batch-f4-residual-link-20260822-001
F4-residual-link,X1,X3,f4-residual-link,90,3,0.4578899481890789,0.005,residual_samples/batch-90-replication-3.csv,null_statistics/batch-90-replication-3.npy,batch-f4-residual-link,9272125250624600698,8652311379500958037,3534175031926682450,0.40615399996750057,,,batch-f4-residual-link-20260822-001
F4-residual-link,X1,X3,f4-residual-link,90,4,0.4565853928450296,0.005,residual_samples/batch-90-replication-4.csv,null_statistics/batch-90-replication-4.npy,batch-f4-residual-link,7123535834406381386,1689626282346458983,7778864725631148791,0.3497289000079036,,,batch-f4-residual-link-20260822-001
F4-residual-link,X1,X3,f4-residual-link,90,5,0.45664177455349253,0.005,residual_samples/batch-90-replication-5.csv,null_statistics/batch-90-replication-5.npy,batch-f4-residual-link,9965481196693186468,2829967014031133561,3256717324568556429,0.3464077999815345,,,batch-f4-residual-link-20260822-001
F4-residual-link,X1,X3,f4-residual-link,90,6,0.4294183133014524,0.005,residual_samples/batch-90-replication-6.csv,null_statistics/batch-90-replication-6.npy,batch-f4-residual-link,16689513224183338836,6716517752499966118,6819147350705625943,0.33854510000674054,,,batch-f4-residual-link-20260822-001
F4-residual-link,X1,X3,f4-residual-link,90,7,0.4700781851951746,0.005,residual_samples/batch-90-replication-7.csv,null_statistics/batch-90-replication-7.npy,batch-f4-residual-link,9291027922686709945,13315971838326621572,1604589315383834284,0.3440024000010453,,,batch-f4-residual-link-20260822-001
F4-residual-link,X1,X3,f4-residual-link,90,8,0.4894588432964887,0.005,residual_samples/batch-90-replication-8.csv,null_statistics/batch-90-replication-8.npy,batch-f4-residual-link,12825876615854993238,7560227899579655594,13080504847998928837,0.3391719000064768,,,batch-f4-residual-link-20260822-001
F4-residual-link,X1,X3,f4-residual-link,90,9,0.47587526852538986,0.005,residual_samples/batch-90-replication-9.csv,null_statistics/batch-90-replication-9.npy,batch-f4-residual-link,2885337754525560762,13450603403375492838,17582063210744277125,0.33992390002822503,,,batch-f4-residual-link-20260822-001
F4-residual-link,X1,X3,f4-residual-link,91,0,0.41065491776697993,0.005,residual_samples/batch-91-replication-0.csv,null_statistics/batch-91-replication-0.npy,batch-f4-residual-link,2988930623506279687,7726715354415639966,9217972990125541688,0.4634053999907337,,,batch-f4-residual-link-20260822-001
F4-residual-link,X1,X3,f4-residual-link,91,1,0.4279498403270402,0.005,residual_samples/batch-91-replication-1.csv,null_statistics/batch-91-replication-1.npy,batch-f4-residual-link,10799712255542752756,17431189152262690122,7607119112037359278,0.405205599963665,,,batch-f4-residual-link-20260822-001
F4-residual-link,X1,X3,f4-residual-link,91,2,0.4861364559612215,0.005,residual_samples/batch-91-replication-2.csv,null_statistics/batch-91-replication-2.npy,batch-f4-residual-link,11898786660692455596,2927485073499988684,780863007445679626,0.3381888999720104,,,batch-f4-residual-link-20260822-001
F4-residual-link,X1,X3,f4-residual-link,91,3,0.4847915073693243,0.005,residual_samples/batch-91-replication-3.csv,null_statistics/batch-91-replication-3.npy,batch-f4-residual-link,3004913346591083327,3777968811086774136,12305143566367241580,0.3469238000106998,,,batch-f4-residual-link-20260822-001
F4-residual-link,X1,X3,f4-residual-link,91,4,0.43740535584686,0.005,residual_samples/batch-91-replication-4.csv,null_statistics/batch-91-replication-4.npy,batch-f4-residual-link,14277231267849662297,11923057622355050727,11325701078202606454,0.343320100044366,,,batch-f4-residual-link-20260822-001
F4-residual-link,X1,X3,f4-residual-link,91,5,0.4597381448242871,0.005,residual_samples/batch-91-replication-5.csv,null_statistics/batch-91-replication-5.npy,batch-f4-residual-link,845085402154786242,2283476326473112950,68916611017221316,0.4231774000218138,,,batch-f4-residual-link-20260822-001
F4-residual-link,X1,X3,f4-residual-link,91,6,0.4404880803278913,0.005,residual_samples/batch-91-replication-6.csv,null_statistics/batch-91-replication-6.npy,batch-f4-residual-link,8584936539445317276,5660187161193372767,8943940240650309052,0.39435970003250986,,,batch-f4-residual-link-20260822-001
F4-residual-link,X1,X3,f4-residual-link,91,7,0.4770390466954954,0.005,residual_samples/batch-91-replication-7.csv,null_statistics/batch-91-replication-7.npy,batch-f4-residual-link,7496202582570475158,8981465707426965530,5800923450991888852,0.3809692999930121,,,batch-f4-residual-link-20260822-001
F4-residual-link,X1,X3,f4-residual-link,91,8,0.4695872673203557,0.005,residual_samples/batch-91-replication-8.csv,null_statistics/batch-91-replication-8.npy,batch-f4-residual-link,13492658929127703995,10191825578283648340,7082221187788783627,0.3519969999906607,,,batch-f4-residual-link-20260822-001
F4-residual-link,X1,X3,f4-residual-link,91,9,0.44017878279877165,0.005,residual_samples/batch-91-replication-9.csv,null_statistics/batch-91-replication-9.npy,batch-f4-residual-link,9882534231036898318,9104734240318024877,15459991988597076012,0.3974704000283964,,,batch-f4-residual-link-20260822-001
F4-residual-link,X1,X3,f4-residual-link,92,0,0.4837513002301133,0.005,residual_samples/batch-92-replication-0.csv,null_statistics/batch-92-replication-0.npy,batch-f4-residual-link,16921757562022746601,13605324827469260633,416299795662572090,0.35717239999212325,,,batch-f4-residual-link-20260822-001
F4-residual-link,X1,X3,f4-residual-link,92,1,0.5028643255304467,0.005,residual_samples/batch-92-replication-1.csv,null_statistics/batch-92-replication-1.npy,batch-f4-residual-link,1830131326113746994,14330110915566814012,13224134922145679998,0.33656389999669045,,,batch-f4-residual-link-20260822-001
F4-residual-link,X1,X3,f4-residual-link,92,2,0.5149223938497669,0.005,residual_samples/batch-92-replication-2.csv,null_statistics/batch-92-replication-2.npy,batch-f4-residual-link,913471553963012785,15681683362419703194,16950295256329584405,0.3365648000035435,,,batch-f4-residual-link-20260822-001
F4-residual-link,X1,X3,f4-residual-link,92,3,0.48981366522824976,0.005,residual_samples/batch-92-replication-3.csv,null_statistics/batch-92-replication-3.npy,batch-f4-residual-link,12386214653200790965,4864457047446439267,1412704995175287452,0.33969280001474544,,,batch-f4-residual-link-20260822-001
F4-residual-link,X1,X3,f4-residual-link,92,4,0.4244980476882682,0.005,residual_samples/batch-92-replication-4.csv,null_statistics/batch-92-replication-4.npy,batch-f4-residual-link,1167238540461893885,8753144088562386349,16600682645323916111,0.33711760002188385,,,batch-f4-residual-link-20260822-001
F4-residual-link,X1,X3,f4-residual-link,92,5,0.44417623413344737,0.005,residual_samples/batch-92-replication-5.csv,null_statistics/batch-92-replication-5.npy,batch-f4-residual-link,9021784099893035146,1352819755913243868,8360224639315345214,0.36130069999489933,,,batch-f4-residual-link-20260822-001
F4-residual-link,X1,X3,f4-residual-link,92,6,0.45576200338269796,0.005,residual_samples/batch-92-replication-6.csv,null_statistics/batch-92-replication-6.npy,batch-f4-residual-link,18156971716669275008,5041414932705815369,3757638820191689623,0.4453266999917105,,,batch-f4-residual-link-20260822-001
F4-residual-link,X1,X3,f4-residual-link,92,7,0.4761092319170443,0.005,residual_samples/batch-92-replication-7.csv,null_statistics/batch-92-replication-7.npy,batch-f4-residual-link,17156359448559730981,14277112030271479973,18140543978036212033,0.39184240001486614,,,batch-f4-residual-link-20260822-001
F4-residual-link,X1,X3,f4-residual-link,92,8,0.4853403668858824,0.005,residual_samples/batch-92-replication-8.csv,null_statistics/batch-92-replication-8.npy,batch-f4-residual-link,15118598802101646568,10559771511754890248,5952916784269187502,0.39261640002951026,,,batch-f4-residual-link-20260822-001
F4-residual-link,X1,X3,f4-residual-link,92,9,0.4851557726554083,0.005,residual_samples/batch-92-replication-9.csv,null_statistics/batch-92-replication-9.npy,batch-f4-residual-link,17721518060390180491,12690966062964373332,15019726482262956016,0.3548622000380419,,,batch-f4-residual-link-20260822-001
F4-residual-link,X1,X3,f4-residual-link,93,0,0.4650640184718148,0.005,residual_samples/batch-93-replication-0.csv,null_statistics/batch-93-replication-0.npy,batch-f4-residual-link,18439625792631709015,6728174011556336532,4145314303222332491,0.3615681999945082,,,batch-f4-residual-link-20260822-001
F4-residual-link,X1,X3,f4-residual-link,93,1,0.43675755256599186,0.005,residual_samples/batch-93-replication-1.csv,null_statistics/batch-93-replication-1.npy,batch-f4-residual-link,18191670973076064359,5827338953233052324,43172587372957266,0.3379836999811232,,,batch-f4-residual-link-20260822-001
F4-residual-link,X1,X3,f4-residual-link,93,2,0.4525058716107607,0.005,residual_samples/batch-93-replication-2.csv,null_statistics/batch-93-replication-2.npy,batch-f4-residual-link,1033508068377452916,12813442339902485151,14669279066970686605,0.33885599998757243,,,batch-f4-residual-link-20260822-001
F4-residual-link,X1,X3,f4-residual-link,93,3,0.3931652610931189,0.005,residual_samples/batch-93-replication-3.csv,null_statistics/batch-93-replication-3.npy,batch-f4-residual-link,11959873656559033333,7286759077274399109,9438829701549360640,0.3353791999979876,,,batch-f4-residual-link-20260822-001
F4-residual-link,X1,X3,f4-residual-link,93,4,0.49106200102824216,0.005,residual_samples/batch-93-replication-4.csv,null_statistics/batch-93-replication-4.npy,batch-f4-residual-link,12877490616224546814,6351625130269747333,9435191010317274730,0.3426537000341341,,,batch-f4-residual-link-20260822-001
F4-residual-link,X1,X3,f4-residual-link,93,5,0.4703771667172088,0.005,residual_samples/batch-93-replication-5.csv,null_statistics/batch-93-replication-5.npy,batch-f4-residual-link,9184256764504881530,4910935621185914312,12460017419365739199,0.345602500019595,,,batch-f4-residual-link-20260822-001
F4-residual-link,X1,X3,f4-residual-link,93,6,0.485853605725848,0.005,residual_samples/batch-93-replication-6.csv,null_statistics/batch-93-replication-6.npy,batch-f4-residual-link,3102114450838562759,5327379559357102216,17693033340682781875,0.345609100011643,,,batch-f4-residual-link-20260822-001
F4-residual-link,X1,X3,f4-residual-link,93,7,0.4387743286439569,0.005,residual_samples/batch-93-replication-7.csv,null_statistics/batch-93-replication-7.npy,batch-f4-residual-link,8855760838311938022,17273511454645432554,8521858344531769249,0.33886870002606884,,,batch-f4-residual-link-20260822-001
F4-residual-link,X1,X3,f4-residual-link,93,8,0.42474552789563813,0.005,residual_samples/batch-93-replication-8.csv,null_statistics/batch-93-replication-8.npy,batch-f4-residual-link,17787107981595029608,13943111064383197217,441514372988214147,0.335749699966982,,,batch-f4-residual-link-20260822-001
F4-residual-link,X1,X3,f4-residual-link,93,9,0.48769648454737535,0.005,residual_samples/batch-93-replication-9.csv,null_statistics/batch-93-replication-9.npy,batch-f4-residual-link,14330508593489874371,3647758911493190429,10682608463347317687,0.343919700011611,,,batch-f4-residual-link-20260822-001
F4-residual-link,X1,X3,f4-residual-link,94,0,0.46289624754909975,0.005,residual_samples/batch-94-replication-0.csv,null_statistics/batch-94-replication-0.npy,batch-f4-residual-link,9332377047857274106,11934560125198924605,5034531387538752394,0.34407769999234006,,,batch-f4-residual-link-20260822-001
F4-residual-link,X1,X3,f4-residual-link,94,1,0.44438708934711585,0.005,residual_samples/batch-94-replication-1.csv,null_statistics/batch-94-replication-1.npy,batch-f4-residual-link,9881993236020916691,17414038275069404445,6109376831645103602,0.3345520000439137,,,batch-f4-residual-link-20260822-001
F4-residual-link,X1,X3,f4-residual-link,94,2,0.4311170063158728,0.005,residual_samples/batch-94-replication-2.csv,null_statistics/batch-94-replication-2.npy,batch-f4-residual-link,2929059602821354522,7459915940608760508,1020128606745245385,0.33462480001617223,,,batch-f4-residual-link-20260822-001
F4-residual-link,X1,X3,f4-residual-link,94,3,0.463960185712785,0.005,residual_samples/batch-94-replication-3.csv,null_statistics/batch-94-replication-3.npy,batch-f4-residual-link,18351229343097293499,14534277015792813155,2073430521291885934,0.31406370003242046,,,batch-f4-residual-link-20260822-001
F4-residual-link,X1,X3,f4-residual-link,94,4,0.451006402042708,0.005,residual_samples/batch-94-replication-4.csv,null_statistics/batch-94-replication-4.npy,batch-f4-residual-link,8291154683045701858,15392684490741190601,10118293425394948118,0.33915080002043396,,,batch-f4-residual-link-20260822-001
F4-residual-link,X1,X3,f4-residual-link,94,5,0.45666270267756665,0.005,residual_samples/batch-94-replication-5.csv,null_statistics/batch-94-replication-5.npy,batch-f4-residual-link,3226299962813761030,12659663973314565938,4886082828515884574,0.34245699999155477,,,batch-f4-residual-link-20260822-001
F4-residual-link,X1,X3,f4-residual-link,94,6,0.46749163985202075,0.005,residual_samples/batch-94-replication-6.csv,null_statistics/batch-94-replication-6.npy,batch-f4-residual-link,9137794181442448428,1322141550291267721,17183138249203897421,0.3338297999580391,,,batch-f4-residual-link-20260822-001
F4-residual-link,X1,X3,f4-residual-link,94,7,0.4307221216933787,0.005,residual_samples/batch-94-replication-7.csv,null_statistics/batch-94-replication-7.npy,batch-f4-residual-link,17661454213016219979,2556325295731791955,15977428420568851159,0.3379687999840826,,,batch-f4-residual-link-20260822-001
F4-residual-link,X1,X3,f4-residual-link,94,8,0.4440101900230072,0.005,residual_samples/batch-94-replication-8.csv,null_statistics/batch-94-replication-8.npy,batch-f4-residual-link,8581686083121837183,6977010160072442556,13576505029579674359,0.4156663999892771,,,batch-f4-residual-link-20260822-001
F4-residual-link,X1,X3,f4-residual-link,94,9,0.41126252378644496,0.005,residual_samples/batch-94-replication-9.csv,null_statistics/batch-94-replication-9.npy,batch-f4-residual-link,7206102245706451694,13748165667908741795,17018567062409472645,0.3737358000362292,,,batch-f4-residual-link-20260822-001
F4-residual-link,X1,X3,f4-residual-link,95,0,0.4770875703138098,0.005,residual_samples/batch-95-replication-0.csv,null_statistics/batch-95-replication-0.npy,batch-f4-residual-link,5490997147410418078,5714514320089337746,2551764261089162217,0.35718559997621924,,,batch-f4-residual-link-20260822-001
F4-residual-link,X1,X3,f4-residual-link,95,1,0.458816237634382,0.005,residual_samples/batch-95-replication-1.csv,null_statistics/batch-95-replication-1.npy,batch-f4-residual-link,3171711382285451567,3789444813427928753,4005712557759229319,0.33984419994521886,,,batch-f4-residual-link-20260822-001
F4-residual-link,X1,X3,f4-residual-link,95,2,0.4366974387263967,0.005,residual_samples/batch-95-replication-2.csv,null_statistics/batch-95-replication-2.npy,batch-f4-residual-link,837219379765232980,18284905336576906387,14056273766913209733,0.339276900049299,,,batch-f4-residual-link-20260822-001
F4-residual-link,X1,X3,f4-residual-link,95,3,0.4724588082511587,0.005,residual_samples/batch-95-replication-3.csv,null_statistics/batch-95-replication-3.npy,batch-f4-residual-link,7673304735905749116,4807723921404660276,15828289034596904957,0.3389335999963805,,,batch-f4-residual-link-20260822-001
F4-residual-link,X1,X3,f4-residual-link,95,4,0.49663872560390204,0.005,residual_samples/batch-95-replication-4.csv,null_statistics/batch-95-replication-4.npy,batch-f4-residual-link,9206601363422266650,5333866994921397060,7555501162166547040,0.3737659000325948,,,batch-f4-residual-link-20260822-001
F4-residual-link,X1,X3,f4-residual-link,95,5,0.47495905038072866,0.005,residual_samples/batch-95-replication-5.csv,null_statistics/batch-95-replication-5.npy,batch-f4-residual-link,12112173847466514060,5486774407754705277,10070566217411309668,0.41353960003471,,,batch-f4-residual-link-20260822-001
F4-residual-link,X1,X3,f4-residual-link,95,6,0.44468409388256025,0.005,residual_samples/batch-95-replication-6.csv,null_statistics/batch-95-replication-6.npy,batch-f4-residual-link,13138281012999407761,1330821961019765361,5297760088937689552,0.33818739996058866,,,batch-f4-residual-link-20260822-001
F4-residual-link,X1,X3,f4-residual-link,95,7,0.47968915573614074,0.005,residual_samples/batch-95-replication-7.csv,null_statistics/batch-95-replication-7.npy,batch-f4-residual-link,8404547178666413241,7790148249766091291,9195861545677448045,0.3749826999846846,,,batch-f4-residual-link-20260822-001
F4-residual-link,X1,X3,f4-residual-link,95,8,0.4185161226926014,0.005,residual_samples/batch-95-replication-8.csv,null_statistics/batch-95-replication-8.npy,batch-f4-residual-link,14313282509837376472,2458085989057392043,14809214198441468988,0.3370736999786459,,,batch-f4-residual-link-20260822-001
F4-residual-link,X1,X3,f4-residual-link,95,9,0.47434981751305066,0.005,residual_samples/batch-95-replication-9.csv,null_statistics/batch-95-replication-9.npy,batch-f4-residual-link,8187923553245477836,15676477291330931397,7801792017777486409,0.3361857999698259,,,batch-f4-residual-link-20260822-001
F4-residual-link,X1,X3,f4-residual-link,96,0,0.438803961544035,0.005,residual_samples/batch-96-replication-0.csv,null_statistics/batch-96-replication-0.npy,batch-f4-residual-link,4645355162373646291,13274188076744446540,5103622104192148104,0.28551950003020465,,,batch-f4-residual-link-20260822-001
F4-residual-link,X1,X3,f4-residual-link,96,1,0.4713102048706767,0.005,residual_samples/batch-96-replication-1.csv,null_statistics/batch-96-replication-1.npy,batch-f4-residual-link,18101832042961101519,13903077796673346838,11147791992403178046,0.3359755999990739,,,batch-f4-residual-link-20260822-001
F4-residual-link,X1,X3,f4-residual-link,96,2,0.3946584898421451,0.005,residual_samples/batch-96-replication-2.csv,null_statistics/batch-96-replication-2.npy,batch-f4-residual-link,18022064551551152710,17934713386993081165,2385441581359156427,0.3381004999973811,,,batch-f4-residual-link-20260822-001
F4-residual-link,X1,X3,f4-residual-link,96,3,0.46963263146843887,0.005,residual_samples/batch-96-replication-3.csv,null_statistics/batch-96-replication-3.npy,batch-f4-residual-link,16762886107600770845,11290023255650362497,17948877379812821560,0.3364619000349194,,,batch-f4-residual-link-20260822-001
F4-residual-link,X1,X3,f4-residual-link,96,4,0.4730506623544029,0.005,residual_samples/batch-96-replication-4.csv,null_statistics/batch-96-replication-4.npy,batch-f4-residual-link,9711467439774850002,15967620198169297234,10878265987580691020,0.3397116000414826,,,batch-f4-residual-link-20260822-001
F4-residual-link,X1,X3,f4-residual-link,96,5,0.45692005538380276,0.005,residual_samples/batch-96-replication-5.csv,null_statistics/batch-96-replication-5.npy,batch-f4-residual-link,17033792328080189407,11899714935913897265,2625144982880716331,0.3537044000113383,,,batch-f4-residual-link-20260822-001
F4-residual-link,X1,X3,f4-residual-link,96,6,0.4483892071982801,0.005,residual_samples/batch-96-replication-6.csv,null_statistics/batch-96-replication-6.npy,batch-f4-residual-link,18264755689357328142,8272652116131759177,1197655693819238267,0.3329912000335753,,,batch-f4-residual-link-20260822-001
F4-residual-link,X1,X3,f4-residual-link,96,7,0.47934982517745256,0.005,residual_samples/batch-96-replication-7.csv,null_statistics/batch-96-replication-7.npy,batch-f4-residual-link,11296915525652520600,15081947738681359071,724412640419073423,0.3338845999678597,,,batch-f4-residual-link-20260822-001
F4-residual-link,X1,X3,f4-residual-link,96,8,0.46231700183178526,0.005,residual_samples/batch-96-replication-8.csv,null_statistics/batch-96-replication-8.npy,batch-f4-residual-link,2333927794126030713,7206566665360329786,6474967647155994438,0.33622219995595515,,,batch-f4-residual-link-20260822-001
F4-residual-link,X1,X3,f4-residual-link,96,9,0.46222145223449723,0.005,residual_samples/batch-96-replication-9.csv,null_statistics/batch-96-replication-9.npy,batch-f4-residual-link,3807055744915750308,4538589064859372792,7798813099577460787,0.3360774000175297,,,batch-f4-residual-link-20260822-001
F4-residual-link,X1,X3,f4-residual-link,97,0,0.4716754845647655,0.005,residual_samples/batch-97-replication-0.csv,null_statistics/batch-97-replication-0.npy,batch-f4-residual-link,12532959524432561472,14671339197534412027,11740190504572759441,0.3377468000398949,,,batch-f4-residual-link-20260822-001
F4-residual-link,X1,X3,f4-residual-link,97,1,0.49483756195118406,0.005,residual_samples/batch-97-replication-1.csv,null_statistics/batch-97-replication-1.npy,batch-f4-residual-link,8192730389762919682,4284278619172278128,1054433062473214969,0.34131950000301003,,,batch-f4-residual-link-20260822-001
F4-residual-link,X1,X3,f4-residual-link,97,2,0.45210624954609696,0.005,residual_samples/batch-97-replication-2.csv,null_statistics/batch-97-replication-2.npy,batch-f4-residual-link,2253177642383212027,12797699735586822441,9747877160491703955,0.34585330000845715,,,batch-f4-residual-link-20260822-001
F4-residual-link,X1,X3,f4-residual-link,97,3,0.43428924235836275,0.005,residual_samples/batch-97-replication-3.csv,null_statistics/batch-97-replication-3.npy,batch-f4-residual-link,16907598869494680721,1267045386863024862,11864989321094051559,0.33775389997754246,,,batch-f4-residual-link-20260822-001
F4-residual-link,X1,X3,f4-residual-link,97,4,0.48109893983170243,0.005,residual_samples/batch-97-replication-4.csv,null_statistics/batch-97-replication-4.npy,batch-f4-residual-link,4652389243484430690,16672545421027272075,847444630235994568,0.3629044000408612,,,batch-f4-residual-link-20260822-001
F4-residual-link,X1,X3,f4-residual-link,97,5,0.4691209041948656,0.005,residual_samples/batch-97-replication-5.csv,null_statistics/batch-97-replication-5.npy,batch-f4-residual-link,638806676294477625,7356273096797114296,4753394141965163317,0.3511276999488473,,,batch-f4-residual-link-20260822-001
F4-residual-link,X1,X3,f4-residual-link,97,6,0.4202494028150819,0.005,residual_samples/batch-97-replication-6.csv,null_statistics/batch-97-replication-6.npy,batch-f4-residual-link,4822664302544960929,2302478568693977935,7852890931398581733,0.37060229998314753,,,batch-f4-residual-link-20260822-001
F4-residual-link,X1,X3,f4-residual-link,97,7,0.4468403136332068,0.005,residual_samples/batch-97-replication-7.csv,null_statistics/batch-97-replication-7.npy,batch-f4-residual-link,14759671144449395686,1721213832608830353,12466400413292894297,0.3726776000112295,,,batch-f4-residual-link-20260822-001
F4-residual-link,X1,X3,f4-residual-link,97,8,0.4616839201207324,0.005,residual_samples/batch-97-replication-8.csv,null_statistics/batch-97-replication-8.npy,batch-f4-residual-link,12538846757209102846,6027218378168828805,6305856412890984144,0.3756487999926321,,,batch-f4-residual-link-20260822-001
F4-residual-link,X1,X3,f4-residual-link,97,9,0.45312343884119943,0.005,residual_samples/batch-97-replication-9.csv,null_statistics/batch-97-replication-9.npy,batch-f4-residual-link,3560083390214167102,12635528219432897558,17411576851083123941,0.3764843000099063,,,batch-f4-residual-link-20260822-001
F4-residual-link,X1,X3,f4-residual-link,98,0,0.5013868795791337,0.005,residual_samples/batch-98-replication-0.csv,null_statistics/batch-98-replication-0.npy,batch-f4-residual-link,10900525398453738897,7347354303630320771,18309176593257204820,0.3103656000457704,,,batch-f4-residual-link-20260822-001
F4-residual-link,X1,X3,f4-residual-link,98,1,0.4234859349419501,0.005,residual_samples/batch-98-replication-1.csv,null_statistics/batch-98-replication-1.npy,batch-f4-residual-link,6677427246439447805,3883434350855737853,1598355298747138159,0.3374409000389278,,,batch-f4-residual-link-20260822-001
F4-residual-link,X1,X3,f4-residual-link,98,2,0.48228703929217964,0.005,residual_samples/batch-98-replication-2.csv,null_statistics/batch-98-replication-2.npy,batch-f4-residual-link,6447190745650782167,3361737022612520845,2298171983119120799,0.33648390002781525,,,batch-f4-residual-link-20260822-001
F4-residual-link,X1,X3,f4-residual-link,98,3,0.4792202414941705,0.005,residual_samples/batch-98-replication-3.csv,null_statistics/batch-98-replication-3.npy,batch-f4-residual-link,6479514679345006793,10629492375074264151,10169768622429592091,0.3618008000194095,,,batch-f4-residual-link-20260822-001
F4-residual-link,X1,X3,f4-residual-link,98,4,0.46036532425424187,0.005,residual_samples/batch-98-replication-4.csv,null_statistics/batch-98-replication-4.npy,batch-f4-residual-link,7825343258463206850,15008167394173064594,61637468475394042,0.3468001000001095,,,batch-f4-residual-link-20260822-001
F4-residual-link,X1,X3,f4-residual-link,98,5,0.4638115905575078,0.005,residual_samples/batch-98-replication-5.csv,null_statistics/batch-98-replication-5.npy,batch-f4-residual-link,11198977423232510177,12953196661764696398,15920884729487018354,0.3350751999532804,,,batch-f4-residual-link-20260822-001
F4-residual-link,X1,X3,f4-residual-link,98,6,0.4531332619207047,0.005,residual_samples/batch-98-replication-6.csv,null_statistics/batch-98-replication-6.npy,batch-f4-residual-link,15597354835338391490,3404939945961266743,16242589631016602557,0.3349414999829605,,,batch-f4-residual-link-20260822-001
F4-residual-link,X1,X3,f4-residual-link,98,7,0.4658013281410149,0.005,residual_samples/batch-98-replication-7.csv,null_statistics/batch-98-replication-7.npy,batch-f4-residual-link,10521776029137601351,13815178169881430894,14033020354950371757,0.33818819996668026,,,batch-f4-residual-link-20260822-001
F4-residual-link,X1,X3,f4-residual-link,98,8,0.48348749401354996,0.005,residual_samples/batch-98-replication-8.csv,null_statistics/batch-98-replication-8.npy,batch-f4-residual-link,2107529582467473300,1426398956078990944,11802332300827084335,0.3638496000203304,,,batch-f4-residual-link-20260822-001
F4-residual-link,X1,X3,f4-residual-link,98,9,0.4332008328844777,0.005,residual_samples/batch-98-replication-9.csv,null_statistics/batch-98-replication-9.npy,batch-f4-residual-link,2445119872200193136,3554014379069089518,4868932591718600661,0.3444827999919653,,,batch-f4-residual-link-20260822-001
F4-residual-link,X1,X3,f4-residual-link,99,0,0.44840423983193534,0.005,residual_samples/batch-99-replication-0.csv,null_statistics/batch-99-replication-0.npy,batch-f4-residual-link,17040628437911622289,6672740561386705624,3732407866779250275,0.3432528000557795,,,batch-f4-residual-link-20260822-001
F4-residual-link,X1,X3,f4-residual-link,99,1,0.47063080270380964,0.005,residual_samples/batch-99-replication-1.csv,null_statistics/batch-99-replication-1.npy,batch-f4-residual-link,14625082839189039685,2390492592933478170,9401213996863040263,0.3417259000125341,,,batch-f4-residual-link-20260822-001
F4-residual-link,X1,X3,f4-residual-link,99,2,0.46773117597847774,0.005,residual_samples/batch-99-replication-2.csv,null_statistics/batch-99-replication-2.npy,batch-f4-residual-link,11965448499478619502,15648121843350311955,14591082189643448820,0.33841889997711405,,,batch-f4-residual-link-20260822-001
F4-residual-link,X1,X3,f4-residual-link,99,3,0.44775266912939987,0.005,residual_samples/batch-99-replication-3.csv,null_statistics/batch-99-replication-3.npy,batch-f4-residual-link,17748345949783715149,1875591387093916366,14337334103093879407,0.3386331000365317,,,batch-f4-residual-link-20260822-001
F4-residual-link,X1,X3,f4-residual-link,99,4,0.4156640401847829,0.005,residual_samples/batch-99-replication-4.csv,null_statistics/batch-99-replication-4.npy,batch-f4-residual-link,9916901332690837273,17907463360268179754,7268724559868116705,0.3448895000037737,,,batch-f4-residual-link-20260822-001
F4-residual-link,X1,X3,f4-residual-link,99,5,0.4733370833201023,0.005,residual_samples/batch-99-replication-5.csv,null_statistics/batch-99-replication-5.npy,batch-f4-residual-link,11106962904182294459,13204150014361824322,13843206036607719265,0.3419522999902256,,,batch-f4-residual-link-20260822-001
F4-residual-link,X1,X3,f4-residual-link,99,6,0.4873018623666308,0.005,residual_samples/batch-99-replication-6.csv,null_statistics/batch-99-replication-6.npy,batch-f4-residual-link,5678571465572255575,7752920237767261230,17190871689323192063,0.3487328999908641,,,batch-f4-residual-link-20260822-001
F4-residual-link,X1,X3,f4-residual-link,99,7,0.4483290979316218,0.005,residual_samples/batch-99-replication-7.csv,null_statistics/batch-99-replication-7.npy,batch-f4-residual-link,11597436528320942777,9465439630762037663,3906074443924431412,0.3401869999943301,,,batch-f4-residual-link-20260822-001
F4-residual-link,X1,X3,f4-residual-link,99,8,0.398940791605164,0.005,residual_samples/batch-99-replication-8.csv,null_statistics/batch-99-replication-8.npy,batch-f4-residual-link,9151749082604852181,10296144131367813889,10877195134810822008,0.3458684000070207,,,batch-f4-residual-link-20260822-001
F4-residual-link,X1,X3,f4-residual-link,99,9,0.4670314410076832,0.005,residual_samples/batch-99-replication-9.csv,null_statistics/batch-99-replication-9.npy,batch-f4-residual-link,11411765271681089443,12479206781161089612,5430389501369559461,0.34655879996716976,,,batch-f4-residual-link-20260822-001
