fixture_id,left,right,phase,batch,replication,observed_statistic,permutation_p_value,residual_samples_path,null_statistics_path,seed_namespace,fixture_seed,residual_seed,permutation_seed,elapsed_seconds,warnings,exception_text,run_id
F3,X1,X2,f3-nonlinear-direct-edge-detection,0,0,0.34221861143545523,0.005,residual_samples/batch-0-replication-0.csv,null_statistics/batch-0-replication-0.npy,batch-f3-nonlinear-direct-edge-detection,8196170525069318702,16640983384641137199,10570246673250807744,0.24509540002327412,,,batch-f3-nonlinear-direct-edge-detection-20260825-001
F3,X1,X2,f3-nonlinear-direct-edge-detection,0,1,0.3000654249618463,0.005,residual_samples/batch-0-replication-1.csv,null_statistics/batch-0-replication-1.npy,batch-f3-nonlinear-direct-edge-detection,14011947493435452592,15734473149661538046,11968030712810770562,0.22109419998014346,,,batch-f3-nonlinear-direct-edge-detection-20260825-001
F3,X1,X2,f3-nonlinear-direct-edge-detection,0,2,0.31277179215783524,0.005,residual_samples/batch-0-replication-2.csv,null_statistics/batch-0-replication-2.npy,batch-f3-nonlinear-direct-edge-detection,511489876281961390,14540321631267500520,13120136971219355584,0.22635900002205744,,,batch-f3-nonlinear-direct-edge-detection-20260825-001
F3,X1,X2,f3-nonlinear-direct-edge-detection,0,3,0.32552225356159625,0.005,residual_samples/batch-0-replication-3.csv,null_statistics/batch-0-replication-3.npy,batch-f3-nonlinear-direct-edge-detection,13628347450948206673,8467420333381818041,15516084976191528884,0.22206229995936155,,,batch-f3-nonlinear-direct-edge-detection-20260825-001
F3,X1,X2,f3-nonlinear-direct-edge-detection,0,4,0.33879254763744976,0.005,residual_samples/batch-0-replication-4.csv,null_statistics/batch-0-replication-4.npy,batch-f3-nonlinear-direct-edge-detection,5741601608074194372,853115179200814575,1437070266355265868,0.21530339994933456,,,batch-f3-nonlinear-direct-edge-detection-20260825-001
F3,X1,X2,f3-nonlinear-direct-edge-detection,0,5,0.28424677141198995,0.005,residual_samples/batch-0-replication-5.csv,null_statistics/batch-0-replication-5.npy,batch-f3-nonlinear-direct-edge-detection,17875720631151103872,12338622672844254666,2145445075799610120,0.21571489999769256,,,batch-f3-nonlinear-direct-edge-detection-20260825-001
F3,X1,X2,f3-nonlinear-direct-edge-detection,0,6,0.3381584591165995,0.005,residual_samples/batch-0-replication-6.csv,null_statistics/batch-0-replication-6.npy,batch-f3-nonlinear-direct-edge-detection,11723333493791594282,3189171975615228007,7065496106094582756,0.2212252999888733,,,batch-f3-nonlinear-direct-edge-detection-20260825-001
F3,X1,X2,f3-nonlinear-direct-edge-detection,0,7,0.3235531665164557,0.005,residual_samples/batch-0-replication-7.csv,null_statistics/batch-0-replication-7.npy,batch-f3-nonlinear-direct-edge-detection,790928350064943800,6625796987022253428,3635521543835091797,0.21258969994960353,,,batch-f3-nonlinear-direct-edge-detection-20260825-001
F3,X1,X2,f3-nonlinear-direct-edge-detection,0,8,0.32041090241297665,0.005,residual_samples/batch-0-replication-8.csv,null_statistics/batch-0-replication-8.npy,batch-f3-nonlinear-direct-edge-detection,16261857872592177249,11984329954898686036,679208092935025474,0.2214786999975331,,,batch-f3-nonlinear-direct-edge-detection-20260825-001
F3,X1,X2,f3-nonlinear-direct-edge-detection,0,9,0.32266958235480364,0.005,residual_samples/batch-0-replication-9.csv,null_statistics/batch-0-replication-9.npy,batch-f3-nonlinear-direct-edge-detection,11281108222938933508,2033072569781222491,15584122342320151207,0.21995529998093843,,,batch-f3-nonlinear-direct-edge-detection-20260825-001
F3,X1,X2,f3-nonlinear-direct-edge-detection,1,0,0.31569397097618246,0.005,residual_samples/batch-1-replication-0.csv,null_statistics/batch-1-replication-0.npy,batch-f3-nonlinear-direct-edge-detection,17008917994729050650,6930639896847867565,11794966234297797481,0.2145433000405319,,,batch-f3-nonlinear-direct-edge-detection-20260825-001
F3,X1,X2,f3-nonlinear-direct-edge-detection,1,1,0.3249072807142538,0.005,residual_samples/batch-1-replication-1.csv,null_statistics/batch-1-replication-1.npy,batch-f3-nonlinear-direct-edge-detection,15063141822303051719,12179061728726995610,4506912836789097019,0.20868599996902049,,,batch-f3-nonlinear-direct-edge-detection-20260825-001
F3,X1,X2,f3-nonlinear-direct-edge-detection,1,2,0.30822505134556794,0.005,residual_samples/batch-1-replication-2.csv,null_statistics/batch-1-replication-2.npy,batch-f3-nonlinear-direct-edge-detection,4253451569687553603,15031146214313347891,2590379134680690070,0.21757600002456456,,,batch-f3-nonlinear-direct-edge-detection-20260825-001
F3,X1,X2,f3-nonlinear-direct-edge-detection,1,3,0.316423538243127,0.005,residual_samples/batch-1-replication-3.csv,null_statistics/batch-1-replication-3.npy,batch-f3-nonlinear-direct-edge-detection,15223934881488251946,298319616686341522,6434286228361703566,0.21857769996859133,,,batch-f3-nonlinear-direct-edge-detection-20260825-001
F3,X1,X2,f3-nonlinear-direct-edge-detection,1,4,0.3190658139032636,0.005,residual_samples/batch-1-replication-4.csv,null_statistics/batch-1-replication-4.npy,batch-f3-nonlinear-direct-edge-detection,10433106783972504982,10980018604895488805,11031980762481369748,0.21777069999370724,,,batch-f3-nonlinear-direct-edge-detection-20260825-001
F3,X1,X2,f3-nonlinear-direct-edge-detection,1,5,0.29286167382519845,0.005,residual_samples/batch-1-replication-5.csv,null_statistics/batch-1-replication-5.npy,batch-f3-nonlinear-direct-edge-detection,942552291821782176,9624245196845534999,17130948056222610126,0.21233790001133457,,,batch-f3-nonlinear-direct-edge-detection-20260825-001
F3,X1,X2,f3-nonlinear-direct-edge-detection,1,6,0.3378796788689676,0.005,residual_samples/batch-1-replication-6.csv,null_statistics/batch-1-replication-6.npy,batch-f3-nonlinear-direct-edge-detection,16308334629915838564,5959545085807263727,15936164256142463561,0.21344799996586516,,,batch-f3-nonlinear-direct-edge-detection-20260825-001
F3,X1,X2,f3-nonlinear-direct-edge-detection,1,7,0.31446185165240914,0.005,residual_samples/batch-1-replication-7.csv,null_statistics/batch-1-replication-7.npy,batch-f3-nonlinear-direct-edge-detection,13323130677829768347,11463387997507194089,18426619881245046386,0.2148534000152722,,,batch-f3-nonlinear-direct-edge-detection-20260825-001
F3,X1,X2,f3-nonlinear-direct-edge-detection,1,8,0.3226919772752932,0.005,residual_samples/batch-1-replication-8.csv,null_statistics/batch-1-replication-8.npy,batch-f3-nonlinear-direct-edge-detection,8802252236097486350,17407267774885134525,1222960858162377293,0.22137379995547235,,,batch-f3-nonlinear-direct-edge-detection-20260825-001
F3,X1,X2,f3-nonlinear-direct-edge-detection,1,9,0.32094423573478914,0.005,residual_samples/batch-1-replication-9.csv,null_statistics/batch-1-replication-9.npy,batch-f3-nonlinear-direct-edge-detection,3144045208570739896,11247241736677043401,6299447119803210270,0.21336840000003576,,,batch-f3-nonlinear-direct-edge-detection-20260825-001
F3,X1,X2,f3-nonlinear-direct-edge-detection,2,0,0.32870736850953614,0.005,residual_samples/batch-2-replication-0.csv,null_statistics/batch-2-replication-0.npy,batch-f3-nonlinear-direct-edge-detection,8674784135263917951,17715825707806105028,15071119856689225910,0.21689330000663176,,,batch-f3-nonlinear-direct-edge-detection-20260825-001
F3,X1,X2,f3-nonlinear-direct-edge-detection,2,1,0.2936858290813656,0.005,residual_samples/batch-2-replication-1.csv,null_statistics/batch-2-replication-1.npy,batch-f3-nonlinear-direct-edge-detection,6970556715568317990,15909968563291141694,15603298998482656080,0.22002000000793487,,,batch-f3-nonlinear-direct-edge-detection-20260825-001
F3,X1,X2,f3-nonlinear-direct-edge-detection,2,2,0.30853473175526536,0.005,residual_samples/batch-2-replication-2.csv,null_statistics/batch-2-replication-2.npy,batch-f3-nonlinear-direct-edge-detection,9919108092003092737,11510856547276579487,4583725191320758211,0.21386439999332651,,,batch-f3-nonlinear-direct-edge-detection-20260825-001
F3,X1,X2,f3-nonlinear-direct-edge-detection,2,3,0.3161289434755283,0.005,residual_samples/batch-2-replication-3.csv,null_statistics/batch-2-replication-3.npy,batch-f3-nonlinear-direct-edge-detection,7054505464769354686,2752845914616507628,14692172662506027583,0.21437930001411587,,,batch-f3-nonlinear-direct-edge-detection-20260825-001
F3,X1,X2,f3-nonlinear-direct-edge-detection,2,4,0.31867854643989785,0.005,residual_samples/batch-2-replication-4.csv,null_statistics/batch-2-replication-4.npy,batch-f3-nonlinear-direct-edge-detection,8156636805571525956,14117008748400740142,3285185245294701690,0.21801539999432862,,,batch-f3-nonlinear-direct-edge-detection-20260825-001
F3,X1,X2,f3-nonlinear-direct-edge-detection,2,5,0.3064411456190165,0.005,residual_samples/batch-2-replication-5.csv,null_statistics/batch-2-replication-5.npy,batch-f3-nonlinear-direct-edge-detection,5141200303391084669,12552282454037294937,1225062214020897657,0.2192337999586016,,,batch-f3-nonlinear-direct-edge-detection-20260825-001
F3,X1,X2,f3-nonlinear-direct-edge-detection,2,6,0.291433964526749,0.005,residual_samples/batch-2-replication-6.csv,null_statistics/batch-2-replication-6.npy,batch-f3-nonlinear-direct-edge-detection,14188857409485523148,4660166311133823529,6255897633214008213,0.22354659996926785,,,batch-f3-nonlinear-direct-edge-detection-20260825-001
F3,X1,X2,f3-nonlinear-direct-edge-detection,2,7,0.3307833469966246,0.005,residual_samples/batch-2-replication-7.csv,null_statistics/batch-2-replication-7.npy,batch-f3-nonlinear-direct-edge-detection,14276771728677956659,17216812248050343884,203009745893529254,0.22110599995357916,,,batch-f3-nonlinear-direct-edge-detection-20260825-001
F3,X1,X2,f3-nonlinear-direct-edge-detection,2,8,0.2737503334499771,0.005,residual_samples/batch-2-replication-8.csv,null_statistics/batch-2-replication-8.npy,batch-f3-nonlinear-direct-edge-detection,15337578501649364662,1283057804819297349,499252316297131427,0.21662899997318164,,,batch-f3-nonlinear-direct-edge-detection-20260825-001
F3,X1,X2,f3-nonlinear-direct-edge-detection,2,9,0.3149672937711487,0.005,residual_samples/batch-2-replication-9.csv,null_statistics/batch-2-replication-9.npy,batch-f3-nonlinear-direct-edge-detection,460277275449315854,5401883977234158737,13253821148829973456,0.21270460000960156,,,batch-f3-nonlinear-direct-edge-detection-20260825-001
F3,X1,X2,f3-nonlinear-direct-edge-detection,3,0,0.31428275879474726,0.005,residual_samples/batch-3-replication-0.csv,null_statistics/batch-3-replication-0.npy,batch-f3-nonlinear-direct-edge-detection,1698418888814670459,14364924152622458227,13757357149161628276,0.2041816000128165,,,batch-f3-nonlinear-direct-edge-detection-20260825-001
F3,X1,X2,f3-nonlinear-direct-edge-detection,3,1,0.3271411300054879,0.005,residual_samples/batch-3-replication-1.csv,null_statistics/batch-3-replication-1.npy,batch-f3-nonlinear-direct-edge-detection,2131393960741562240,7320219034738717201,16695693186242554059,0.2143740999745205,,,batch-f3-nonlinear-direct-edge-detection-20260825-001
F3,X1,X2,f3-nonlinear-direct-edge-detection,3,2,0.2972644225053174,0.005,residual_samples/batch-3-replication-2.csv,null_statistics/batch-3-replication-2.npy,batch-f3-nonlinear-direct-edge-detection,861273964981946041,16181305509065051479,2039421742870414408,0.22001270001055673,,,batch-f3-nonlinear-direct-edge-detection-20260825-001
F3,X1,X2,f3-nonlinear-direct-edge-detection,3,3,0.3040359835832878,0.005,residual_samples/batch-3-replication-3.csv,null_statistics/batch-3-replication-3.npy,batch-f3-nonlinear-direct-edge-detection,18321599738154098774,11895716790331071518,10070098396633110102,0.2243667999864556,,,batch-f3-nonlinear-direct-edge-detection-20260825-001
F3,X1,X2,f3-nonlinear-direct-edge-detection,3,4,0.3393095349337793,0.005,residual_samples/batch-3-replication-4.csv,null_statistics/batch-3-replication-4.npy,batch-f3-nonlinear-direct-edge-detection,10136922387292449715,15536519330774298494,8561773870489977701,0.21293859998695552,,,batch-f3-nonlinear-direct-edge-detection-20260825-001
F3,X1,X2,f3-nonlinear-direct-edge-detection,3,5,0.33663642483768663,0.005,residual_samples/batch-3-replication-5.csv,null_statistics/batch-3-replication-5.npy,batch-f3-nonlinear-direct-edge-detection,2068320257701253062,7239788660506350445,2622407449283907666,0.21629230002872646,,,batch-f3-nonlinear-direct-edge-detection-20260825-001
F3,X1,X2,f3-nonlinear-direct-edge-detection,3,6,0.2948279049170893,0.005,residual_samples/batch-3-replication-6.csv,null_statistics/batch-3-replication-6.npy,batch-f3-nonlinear-direct-edge-detection,17709126172297522197,2286440016977310725,3100829526311145540,0.21435760002350435,,,batch-f3-nonlinear-direct-edge-detection-20260825-001
F3,X1,X2,f3-nonlinear-direct-edge-detection,3,7,0.291226109561461,0.005,residual_samples/batch-3-replication-7.csv,null_statistics/batch-3-replication-7.npy,batch-f3-nonlinear-direct-edge-detection,9617660321849599276,13846819630430712127,12922671196628812200,0.21969110000645742,,,batch-f3-nonlinear-direct-edge-detection-20260825-001
F3,X1,X2,f3-nonlinear-direct-edge-detection,3,8,0.321302578627259,0.005,residual_samples/batch-3-replication-8.csv,null_statistics/batch-3-replication-8.npy,batch-f3-nonlinear-direct-edge-detection,4148183337394446431,12777379683979353275,1131952005140593162,0.2151309999753721,,,batch-f3-nonlinear-direct-edge-detection-20260825-001
F3,X1,X2,f3-nonlinear-direct-edge-detection,3,9,0.2891885628284772,0.005,residual_samples/batch-3-replication-9.csv,null_statistics/batch-3-replication-9.npy,batch-f3-nonlinear-direct-edge-detection,1993018927639347152,9236617681739948787,7267658018553093819,0.22400310001103207,,,batch-f3-nonlinear-direct-edge-detection-20260825-001
F3,X1,X2,f3-nonlinear-direct-edge-detection,4,0,0.3061338122525703,0.005,residual_samples/batch-4-replication-0.csv,null_statistics/batch-4-replication-0.npy,batch-f3-nonlinear-direct-edge-detection,8570616078267274044,2672607664193988656,15936926801285707670,0.22157729999162257,,,batch-f3-nonlinear-direct-edge-detection-20260825-001
F3,X1,X2,f3-nonlinear-direct-edge-detection,4,1,0.33868981966712697,0.005,residual_samples/batch-4-replication-1.csv,null_statistics/batch-4-replication-1.npy,batch-f3-nonlinear-direct-edge-detection,4628379424248914059,11011221075054350870,18029433766948574272,0.22500989999389276,,,batch-f3-nonlinear-direct-edge-detection-20260825-001
F3,X1,X2,f3-nonlinear-direct-edge-detection,4,2,0.28998353822332096,0.005,residual_samples/batch-4-replication-2.csv,null_statistics/batch-4-replication-2.npy,batch-f3-nonlinear-direct-edge-detection,14744050288627014359,8024381385417777659,15950812779147412750,0.21968069998547435,,,batch-f3-nonlinear-direct-edge-detection-20260825-001
F3,X1,X2,f3-nonlinear-direct-edge-detection,4,3,0.30252704072762887,0.005,residual_samples/batch-4-replication-3.csv,null_statistics/batch-4-replication-3.npy,batch-f3-nonlinear-direct-edge-detection,13720773986074279959,40724731850496287,15407037070146594289,0.21428449999075383,,,batch-f3-nonlinear-direct-edge-detection-20260825-001
F3,X1,X2,f3-nonlinear-direct-edge-detection,4,4,0.28867797292825637,0.005,residual_samples/batch-4-replication-4.csv,null_statistics/batch-4-replication-4.npy,batch-f3-nonlinear-direct-edge-detection,15318448436012662791,6903284599758972871,8988228519245872189,0.2083176000160165,,,batch-f3-nonlinear-direct-edge-detection-20260825-001
F3,X1,X2,f3-nonlinear-direct-edge-detection,4,5,0.31868447164035024,0.005,residual_samples/batch-4-replication-5.csv,null_statistics/batch-4-replication-5.npy,batch-f3-nonlinear-direct-edge-detection,9524969427679084916,1001867617492443310,9451781095618120192,0.2252794000087306,,,batch-f3-nonlinear-direct-edge-detection-20260825-001
F3,X1,X2,f3-nonlinear-direct-edge-detection,4,6,0.3271074601151642,0.005,residual_samples/batch-4-replication-6.csv,null_statistics/batch-4-replication-6.npy,batch-f3-nonlinear-direct-edge-detection,14342261473880019247,17762694978844164181,1888611359627753148,0.21722739998949692,,,batch-f3-nonlinear-direct-edge-detection-20260825-001
F3,X1,X2,f3-nonlinear-direct-edge-detection,4,7,0.31671241982119974,0.005,residual_samples/batch-4-replication-7.csv,null_statistics/batch-4-replication-7.npy,batch-f3-nonlinear-direct-edge-detection,12142328953796409417,6681583634528329960,14184998286332912938,0.2194129999843426,,,batch-f3-nonlinear-direct-edge-detection-20260825-001
F3,X1,X2,f3-nonlinear-direct-edge-detection,4,8,0.31818630344437326,0.005,residual_samples/batch-4-replication-8.csv,null_statistics/batch-4-replication-8.npy,batch-f3-nonlinear-direct-edge-detection,15391682342560153606,15950598016619739967,6970466152001569235,0.21341369999572635,,,batch-f3-nonlinear-direct-edge-detection-20260825-001
F3,X1,X2,f3-nonlinear-direct-edge-detection,4,9,0.3240841759517555,0.005,residual_samples/batch-4-replication-9.csv,null_statistics/batch-4-replication-9.npy,batch-f3-nonlinear-direct-edge-detection,5262592639604841346,9081895703089030155,2316350423613506359,0.22077680000802502,,,batch-f3-nonlinear-direct-edge-detection-20260825-001
F3,X1,X2,f3-nonlinear-direct-edge-detection,5,0,0.31580103129443404,0.005,residual_samples/batch-5-replication-0.csv,null_statistics/batch-5-replication-0.npy,batch-f3-nonlinear-direct-edge-detection,4813906836957993395,8376356554708181507,15277784167382415504,0.2238194999517873,,,batch-f3-nonlinear-direct-edge-detection-20260825-001
F3,X1,X2,f3-nonlinear-direct-edge-detection,5,1,0.3258808695508235,0.005,residual_samples/batch-5-replication-1.csv,null_statistics/batch-5-replication-1.npy,batch-f3-nonlinear-direct-edge-detection,16201296387431216087,9574249690437196876,5987254254824646712,0.21443519997410476,,,batch-f3-nonlinear-direct-edge-detection-20260825-001
F3,X1,X2,f3-nonlinear-direct-edge-detection,5,2,0.34043868803541866,0.005,residual_samples/batch-5-replication-2.csv,null_statistics/batch-5-replication-2.npy,batch-f3-nonlinear-direct-edge-detection,15446832071196749863,11924013156596809337,782771506696585789,0.21118020004360005,,,batch-f3-nonlinear-direct-edge-detection-20260825-001
F3,X1,X2,f3-nonlinear-direct-edge-detection,5,3,0.31295492255626406,0.005,residual_samples/batch-5-replication-3.csv,null_statistics/batch-5-replication-3.npy,batch-f3-nonlinear-direct-edge-detection,16480661785107253316,17536043617169523825,17425962155506537139,0.21080900001106784,,,batch-f3-nonlinear-direct-edge-detection-20260825-001
F3,X1,X2,f3-nonlinear-direct-edge-detection,5,4,0.31305717307120534,0.005,residual_samples/batch-5-replication-4.csv,null_statistics/batch-5-replication-4.npy,batch-f3-nonlinear-direct-edge-detection,10391855544459539045,2417805705311406067,2375342132281828333,0.2032306999899447,,,batch-f3-nonlinear-direct-edge-detection-20260825-001
F3,X1,X2,f3-nonlinear-direct-edge-detection,5,5,0.32522130468056654,0.005,residual_samples/batch-5-replication-5.csv,null_statistics/batch-5-replication-5.npy,batch-f3-nonlinear-direct-edge-detection,7139538745019600814,18131746379834008886,9645356726501649235,0.2188869999954477,,,batch-f3-nonlinear-direct-edge-detection-20260825-001
F3,X1,X2,f3-nonlinear-direct-edge-detection,5,6,0.3272239049686914,0.005,residual_samples/batch-5-replication-6.csv,null_statistics/batch-5-replication-6.npy,batch-f3-nonlinear-direct-edge-detection,14021051413852187959,7645910543832638928,8088627754830770617,0.220878999971319,,,batch-f3-nonlinear-direct-edge-detection-20260825-001
F3,X1,X2,f3-nonlinear-direct-edge-detection,5,7,0.33810798283163174,0.005,residual_samples/batch-5-replication-7.csv,null_statistics/batch-5-replication-7.npy,batch-f3-nonlinear-direct-edge-detection,7827252331902843447,9290530878234959564,10355471967552192388,0.21739460004027933,,,batch-f3-nonlinear-direct-edge-detection-20260825-001
F3,X1,X2,f3-nonlinear-direct-edge-detection,5,8,0.2910108543991395,0.005,residual_samples/batch-5-replication-8.csv,null_statistics/batch-5-replication-8.npy,batch-f3-nonlinear-direct-edge-detection,18382253224663472092,13334334965072339905,9151489288557142214,0.22357189998729154,,,batch-f3-nonlinear-direct-edge-detection-20260825-001
F3,X1,X2,f3-nonlinear-direct-edge-detection,5,9,0.3307211518083017,0.005,residual_samples/batch-5-replication-9.csv,null_statistics/batch-5-replication-9.npy,batch-f3-nonlinear-direct-edge-detection,12706329892666187454,5119995716635924701,16690228761851353534,0.2149578999960795,,,batch-f3-nonlinear-direct-edge-detection-20260825-001
F3,X1,X2,f3-nonlinear-direct-edge-detection,6,0,0.32536102476431583,0.005,residual_samples/batch-6-replication-0.csv,null_statistics/batch-6-replication-0.npy,batch-f3-nonlinear-direct-edge-detection,14652394085908943858,5596334077470467229,13391518811133134930,0.2133625999558717,,,batch-f3-nonlinear-direct-edge-detection-20260825-001
F3,X1,X2,f3-nonlinear-direct-edge-detection,6,1,0.3512025438973411,0.005,residual_samples/batch-6-replication-1.csv,null_statistics/batch-6-replication-1.npy,batch-f3-nonlinear-direct-edge-detection,8749972032739234541,6911869058042760232,4156335185779049345,0.34972220001509413,,,batch-f3-nonlinear-direct-edge-detection-20260825-001
F3,X1,X2,f3-nonlinear-direct-edge-detection,6,2,0.3169682858993116,0.005,residual_samples/batch-6-replication-2.csv,null_statistics/batch-6-replication-2.npy,batch-f3-nonlinear-direct-edge-detection,8901319556212252002,15764607195964739691,12904952353644922763,0.4266254000249319,,,batch-f3-nonlinear-direct-edge-detection-20260825-001
F3,X1,X2,f3-nonlinear-direct-edge-detection,6,3,0.31840775239551156,0.005,residual_samples/batch-6-replication-3.csv,null_statistics/batch-6-replication-3.npy,batch-f3-nonlinear-direct-edge-detection,8662045126473108982,4520609191113774676,9086102999137403024,0.3603659000364132,,,batch-f3-nonlinear-direct-edge-detection-20260825-001
F3,X1,X2,f3-nonlinear-direct-edge-detection,6,4,0.315970067525636,0.005,residual_samples/batch-6-replication-4.csv,null_statistics/batch-6-replication-4.npy,batch-f3-nonlinear-direct-edge-detection,10760995317858054901,12050807685530694125,1905464171018643807,0.34303500002715737,,,batch-f3-nonlinear-direct-edge-detection-20260825-001
F3,X1,X2,f3-nonlinear-direct-edge-detection,6,5,0.30924429775994305,0.005,residual_samples/batch-6-replication-5.csv,null_statistics/batch-6-replication-5.npy,batch-f3-nonlinear-direct-edge-detection,7915155685559835886,16189052826969050259,7938396721197330676,0.361481299973093,,,batch-f3-nonlinear-direct-edge-detection-20260825-001
F3,X1,X2,f3-nonlinear-direct-edge-detection,6,6,0.3210965479868497,0.005,residual_samples/batch-6-replication-6.csv,null_statistics/batch-6-replication-6.npy,batch-f3-nonlinear-direct-edge-detection,16373545580156917126,14974751600627886988,13154002143214021486,0.35413980000885203,,,batch-f3-nonlinear-direct-edge-detection-20260825-001
F3,X1,X2,f3-nonlinear-direct-edge-detection,6,7,0.30630012404690954,0.005,residual_samples/batch-6-replication-7.csv,null_statistics/batch-6-replication-7.npy,batch-f3-nonlinear-direct-edge-detection,5694860315181115123,875962674984084328,1342246553223288771,0.3570377999567427,,,batch-f3-nonlinear-direct-edge-detection-20260825-001
F3,X1,X2,f3-nonlinear-direct-edge-detection,6,8,0.3512368588400673,0.005,residual_samples/batch-6-replication-8.csv,null_statistics/batch-6-replication-8.npy,batch-f3-nonlinear-direct-edge-detection,5282765829439749148,172733565561201843,1067148234145618061,0.39835700002731755,,,batch-f3-nonlinear-direct-edge-detection-20260825-001
F3,X1,X2,f3-nonlinear-direct-edge-detection,6,9,0.33343306796924,0.005,residual_samples/batch-6-replication-9.csv,null_statistics/batch-6-replication-9.npy,batch-f3-nonlinear-direct-edge-detection,12167772052079260832,4475967308804097913,8631365001714692304,0.4081175000173971,,,batch-f3-nonlinear-direct-edge-detection-20260825-001
F3,X1,X2,f3-nonlinear-direct-edge-detection,7,0,0.3084794369779339,0.005,residual_samples/batch-7-replication-0.csv,null_statistics/batch-7-replication-0.npy,batch-f3-nonlinear-direct-edge-detection,5262641369302274689,12515614231716137577,10069667831081336033,0.35479339997982606,,,batch-f3-nonlinear-direct-edge-detection-20260825-001
F3,X1,X2,f3-nonlinear-direct-edge-detection,7,1,0.33557996885136626,0.005,residual_samples/batch-7-replication-1.csv,null_statistics/batch-7-replication-1.npy,batch-f3-nonlinear-direct-edge-detection,10259218295373442480,309954098468627288,13000371507301936295,0.41451669996604323,,,batch-f3-nonlinear-direct-edge-detection-20260825-001
F3,X1,X2,f3-nonlinear-direct-edge-detection,7,2,0.30546231561785053,0.005,residual_samples/batch-7-replication-2.csv,null_statistics/batch-7-replication-2.npy,batch-f3-nonlinear-direct-edge-detection,1985677532933871673,4199902254085131183,11814164882933387653,0.3550010999897495,,,batch-f3-nonlinear-direct-edge-detection-20260825-001
F3,X1,X2,f3-nonlinear-direct-edge-detection,7,3,0.28948016933612675,0.005,residual_samples/batch-7-replication-3.csv,null_statistics/batch-7-replication-3.npy,batch-f3-nonlinear-direct-edge-detection,8492535020658232370,8118529973128085145,14367994121757940472,0.44548029999714345,,,batch-f3-nonlinear-direct-edge-detection-20260825-001
F3,X1,X2,f3-nonlinear-direct-edge-detection,7,4,0.29526114275225745,0.005,residual_samples/batch-7-replication-4.csv,null_statistics/batch-7-replication-4.npy,batch-f3-nonlinear-direct-edge-detection,10700195959905937446,12788832053154521162,15273279123382842434,0.40953589999116957,,,batch-f3-nonlinear-direct-edge-detection-20260825-001
F3,X1,X2,f3-nonlinear-direct-edge-detection,7,5,0.3193380992368683,0.005,residual_samples/batch-7-replication-5.csv,null_statistics/batch-7-replication-5.npy,batch-f3-nonlinear-direct-edge-detection,8028385926246189867,3295714098354290919,7872326722230641029,0.36140270001487806,,,batch-f3-nonlinear-direct-edge-detection-20260825-001
F3,X1,X2,f3-nonlinear-direct-edge-detection,7,6,0.32662857329189426,0.005,residual_samples/batch-7-replication-6.csv,null_statistics/batch-7-replication-6.npy,batch-f3-nonlinear-direct-edge-detection,4371274337431913485,7912148648246411677,17328036983893242450,0.4433835999807343,,,batch-f3-nonlinear-direct-edge-detection-20260825-001
F3,X1,X2,f3-nonlinear-direct-edge-detection,7,7,0.3110649266897592,0.005,residual_samples/batch-7-replication-7.csv,null_statistics/batch-7-replication-7.npy,batch-f3-nonlinear-direct-edge-detection,1639999173965074051,5826245444894862884,3366511768725870667,0.382863599981647,,,batch-f3-nonlinear-direct-edge-detection-20260825-001
F3,X1,X2,f3-nonlinear-direct-edge-detection,7,8,0.3330423133965059,0.005,residual_samples/batch-7-replication-8.csv,null_statistics/batch-7-replication-8.npy,batch-f3-nonlinear-direct-edge-detection,12620802730464620137,15569902847177662148,4713179950081952802,0.37622999999439344,,,batch-f3-nonlinear-direct-edge-detection-20260825-001
F3,X1,X2,f3-nonlinear-direct-edge-detection,7,9,0.33347343919605676,0.005,residual_samples/batch-7-replication-9.csv,null_statistics/batch-7-replication-9.npy,batch-f3-nonlinear-direct-edge-detection,11369325064148469375,7614449219872316964,12696331399913694451,0.35155479999957606,,,batch-f3-nonlinear-direct-edge-detection-20260825-001
F3,X1,X2,f3-nonlinear-direct-edge-detection,8,0,0.30194059720218264,0.005,residual_samples/batch-8-replication-0.csv,null_statistics/batch-8-replication-0.npy,batch-f3-nonlinear-direct-edge-detection,1142920235308611250,1390836457040901524,8254913857283480220,0.3566813000361435,,,batch-f3-nonlinear-direct-edge-detection-20260825-001
F3,X1,X2,f3-nonlinear-direct-edge-detection,8,1,0.3016432263353188,0.005,residual_samples/batch-8-replication-1.csv,null_statistics/batch-8-replication-1.npy,batch-f3-nonlinear-direct-edge-detection,16466577616297560338,17768221717661479308,6240240515281156925,0.3516304999939166,,,batch-f3-nonlinear-direct-edge-detection-20260825-001
F3,X1,X2,f3-nonlinear-direct-edge-detection,8,2,0.34650824740125136,0.005,residual_samples/batch-8-replication-2.csv,null_statistics/batch-8-replication-2.npy,batch-f3-nonlinear-direct-edge-detection,12304627739373254493,5774615850032445367,12191060538027235894,0.3537177999969572,,,batch-f3-nonlinear-direct-edge-detection-20260825-001
F3,X1,X2,f3-nonlinear-direct-edge-detection,8,3,0.3289950849613726,0.005,residual_samples/batch-8-replication-3.csv,null_statistics/batch-8-replication-3.npy,batch-f3-nonlinear-direct-edge-detection,10327952426707376761,14762020986426297462,656024286859525831,0.3034482999937609,,,batch-f3-nonlinear-direct-edge-detection-20260825-001
F3,X1,X2,f3-nonlinear-direct-edge-detection,8,4,0.319858313444564,0.005,residual_samples/batch-8-replication-4.csv,null_statistics/batch-8-replication-4.npy,batch-f3-nonlinear-direct-edge-detection,4145148809215101095,14416044528949970991,1141533361336217514,0.3529389000032097,,,batch-f3-nonlinear-direct-edge-detection-20260825-001
F3,X1,X2,f3-nonlinear-direct-edge-detection,8,5,0.3200457436176466,0.005,residual_samples/batch-8-replication-5.csv,null_statistics/batch-8-replication-5.npy,batch-f3-nonlinear-direct-edge-detection,5763908799366651676,18176148655886010895,3046055315404949009,0.35062129999278113,,,batch-f3-nonlinear-direct-edge-detection-20260825-001
F3,X1,X2,f3-nonlinear-direct-edge-detection,8,6,0.35135900805555176,0.005,residual_samples/batch-8-replication-6.csv,null_statistics/batch-8-replication-6.npy,batch-f3-nonlinear-direct-edge-detection,9265816856022700846,7008317808813442159,4154346047370110505,0.350611999980174,,,batch-f3-nonlinear-direct-edge-detection-20260825-001
F3,X1,X2,f3-nonlinear-direct-edge-detection,8,7,0.30389845525566095,0.005,residual_samples/batch-8-replication-7.csv,null_statistics/batch-8-replication-7.npy,batch-f3-nonlinear-direct-edge-detection,199873703900890252,4724374236343231241,6020332099382605635,0.35207109997281805,,,batch-f3-nonlinear-direct-edge-detection-20260825-001
F3,X1,X2,f3-nonlinear-direct-edge-detection,8,8,0.32012052179961736,0.005,residual_samples/batch-8-replication-8.csv,null_statistics/batch-8-replication-8.npy,batch-f3-nonlinear-direct-edge-detection,4597334140436507744,86454867849530322,7401974625541569629,0.3522430000011809,,,batch-f3-nonlinear-direct-edge-detection-20260825-001
F3,X1,X2,f3-nonlinear-direct-edge-detection,8,9,0.30149764628785025,0.005,residual_samples/batch-8-replication-9.csv,null_statistics/batch-8-replication-9.npy,batch-f3-nonlinear-direct-edge-detection,4051519146571758102,1234276061773489546,14110932077050186033,0.3552810000255704,,,batch-f3-nonlinear-direct-edge-detection-20260825-001
F3,X1,X2,f3-nonlinear-direct-edge-detection,9,0,0.30633267359872,0.005,residual_samples/batch-9-replication-0.csv,null_statistics/batch-9-replication-0.npy,batch-f3-nonlinear-direct-edge-detection,15956896941549994323,5429049153213276125,4108403345261739237,0.3499819000135176,,,batch-f3-nonlinear-direct-edge-detection-20260825-001
F3,X1,X2,f3-nonlinear-direct-edge-detection,9,1,0.3218240966596488,0.005,residual_samples/batch-9-replication-1.csv,null_statistics/batch-9-replication-1.npy,batch-f3-nonlinear-direct-edge-detection,16001619924934554606,6403175165528700600,9265557203960713301,0.3516107999603264,,,batch-f3-nonlinear-direct-edge-detection-20260825-001
F3,X1,X2,f3-nonlinear-direct-edge-detection,9,2,0.32951791008577747,0.005,residual_samples/batch-9-replication-2.csv,null_statistics/batch-9-replication-2.npy,batch-f3-nonlinear-direct-edge-detection,14583535840621139658,79821824874480448,12864886189626744537,0.3510518000111915,,,batch-f3-nonlinear-direct-edge-detection-20260825-001
F3,X1,X2,f3-nonlinear-direct-edge-detection,9,3,0.2969696128809452,0.005,residual_samples/batch-9-replication-3.csv,null_statistics/batch-9-replication-3.npy,batch-f3-nonlinear-direct-edge-detection,5723646435785107940,10120476407726052563,4178823719191944263,0.35177159996237606,,,batch-f3-nonlinear-direct-edge-detection-20260825-001
F3,X1,X2,f3-nonlinear-direct-edge-detection,9,4,0.32526803945975385,0.005,residual_samples/batch-9-replication-4.csv,null_statistics/batch-9-replication-4.npy,batch-f3-nonlinear-direct-edge-detection,9678592600301604747,10453397495894893658,954546181921875833,0.3462717999937013,,,batch-f3-nonlinear-direct-edge-detection-20260825-001
F3,X1,X2,f3-nonlinear-direct-edge-detection,9,5,0.3044146314879634,0.005,residual_samples/batch-9-replication-5.csv,null_statistics/batch-9-replication-5.npy,batch-f3-nonlinear-direct-edge-detection,5290811027043334669,12378385997564563652,6999910941812126703,0.3537135999649763,,,batch-f3-nonlinear-direct-edge-detection-20260825-001
F3,X1,X2,f3-nonlinear-direct-edge-detection,9,6,0.31301916870809166,0.005,residual_samples/batch-9-replication-6.csv,null_statistics/batch-9-replication-6.npy,batch-f3-nonlinear-direct-edge-detection,13648385381808079659,8151706266221471676,17961066318639470103,0.3465802000137046,,,batch-f3-nonlinear-direct-edge-detection-20260825-001
F3,X1,X2,f3-nonlinear-direct-edge-detection,9,7,0.3170700020536719,0.005,residual_samples/batch-9-replication-7.csv,null_statistics/batch-9-replication-7.npy,batch-f3-nonlinear-direct-edge-detection,14759932778219451433,9154918350513208322,2867190136372875604,0.3456019999575801,,,batch-f3-nonlinear-direct-edge-detection-20260825-001
F3,X1,X2,f3-nonlinear-direct-edge-detection,9,8,0.30851344536562514,0.005,residual_samples/batch-9-replication-8.csv,null_statistics/batch-9-replication-8.npy,batch-f3-nonlinear-direct-edge-detection,3986965709131890907,9062069033725115866,6007621808609039837,0.3674319999990985,,,batch-f3-nonlinear-direct-edge-detection-20260825-001
F3,X1,X2,f3-nonlinear-direct-edge-detection,9,9,0.3047414671713444,0.005,residual_samples/batch-9-replication-9.csv,null_statistics/batch-9-replication-9.npy,batch-f3-nonlinear-direct-edge-detection,15773617624623848661,11050989637293828631,16092617347242074669,0.3468224999960512,,,batch-f3-nonlinear-direct-edge-detection-20260825-001
F3,X1,X2,f3-nonlinear-direct-edge-detection,10,0,0.32778051809150177,0.005,residual_samples/batch-10-replication-0.csv,null_statistics/batch-10-replication-0.npy,batch-f3-nonlinear-direct-edge-detection,8271794964433901861,3163325596627079380,11372901711541425113,0.3505232000024989,,,batch-f3-nonlinear-direct-edge-detection-20260825-001
F3,X1,X2,f3-nonlinear-direct-edge-detection,10,1,0.3133118584027139,0.005,residual_samples/batch-10-replication-1.csv,null_statistics/batch-10-replication-1.npy,batch-f3-nonlinear-direct-edge-detection,15507678176755657710,15804777039697618792,14057496886267245037,0.3479514000355266,,,batch-f3-nonlinear-direct-edge-detection-20260825-001
F3,X1,X2,f3-nonlinear-direct-edge-detection,10,2,0.2965081895272816,0.005,residual_samples/batch-10-replication-2.csv,null_statistics/batch-10-replication-2.npy,batch-f3-nonlinear-direct-edge-detection,17190695418820387002,12306354070427444335,17999710281566698019,0.3492590999812819,,,batch-f3-nonlinear-direct-edge-detection-20260825-001
F3,X1,X2,f3-nonlinear-direct-edge-detection,10,3,0.3263832965875119,0.005,residual_samples/batch-10-replication-3.csv,null_statistics/batch-10-replication-3.npy,batch-f3-nonlinear-direct-edge-detection,2396625480545967215,10672506085051985748,9490153664729327220,0.35466930002439767,,,batch-f3-nonlinear-direct-edge-detection-20260825-001
F3,X1,X2,f3-nonlinear-direct-edge-detection,10,4,0.2965237217729531,0.005,residual_samples/batch-10-replication-4.csv,null_statistics/batch-10-replication-4.npy,batch-f3-nonlinear-direct-edge-detection,12588793387829623674,1215295367951174366,17504402901344037696,0.3672678000293672,,,batch-f3-nonlinear-direct-edge-detection-20260825-001
F3,X1,X2,f3-nonlinear-direct-edge-detection,10,5,0.3023762089122154,0.005,residual_samples/batch-10-replication-5.csv,null_statistics/batch-10-replication-5.npy,batch-f3-nonlinear-direct-edge-detection,13042907347336253579,686456931545900752,5428730452066732329,0.38902519998373464,,,batch-f3-nonlinear-direct-edge-detection-20260825-001
F3,X1,X2,f3-nonlinear-direct-edge-detection,10,6,0.30802126486745074,0.005,residual_samples/batch-10-replication-6.csv,null_statistics/batch-10-replication-6.npy,batch-f3-nonlinear-direct-edge-detection,7346890491880240433,8362928059888505754,13586477454878220919,0.3605581000447273,,,batch-f3-nonlinear-direct-edge-detection-20260825-001
F3,X1,X2,f3-nonlinear-direct-edge-detection,10,7,0.32366470348851806,0.005,residual_samples/batch-10-replication-7.csv,null_statistics/batch-10-replication-7.npy,batch-f3-nonlinear-direct-edge-detection,18084241614695142141,7623940982113728671,10417848011949521787,0.3647153000347316,,,batch-f3-nonlinear-direct-edge-detection-20260825-001
F3,X1,X2,f3-nonlinear-direct-edge-detection,10,8,0.31102104158123334,0.005,residual_samples/batch-10-replication-8.csv,null_statistics/batch-10-replication-8.npy,batch-f3-nonlinear-direct-edge-detection,12289077752332412507,6386938171488192858,7823768270154922299,0.35094289999688044,,,batch-f3-nonlinear-direct-edge-detection-20260825-001
F3,X1,X2,f3-nonlinear-direct-edge-detection,10,9,0.3334593352266766,0.005,residual_samples/batch-10-replication-9.csv,null_statistics/batch-10-replication-9.npy,batch-f3-nonlinear-direct-edge-detection,9991682721025922950,4612109797119546044,2937206671540714832,0.34976180002558976,,,batch-f3-nonlinear-direct-edge-detection-20260825-001
F3,X1,X2,f3-nonlinear-direct-edge-detection,11,0,0.3139065736432781,0.005,residual_samples/batch-11-replication-0.csv,null_statistics/batch-11-replication-0.npy,batch-f3-nonlinear-direct-edge-detection,10883713708300673485,8623342635617946246,17892396816729173577,0.35047930001746863,,,batch-f3-nonlinear-direct-edge-detection-20260825-001
F3,X1,X2,f3-nonlinear-direct-edge-detection,11,1,0.3350413523104865,0.005,residual_samples/batch-11-replication-1.csv,null_statistics/batch-11-replication-1.npy,batch-f3-nonlinear-direct-edge-detection,15745603599222790095,8436064849749702375,3958414280737693106,0.35103009996237233,,,batch-f3-nonlinear-direct-edge-detection-20260825-001
F3,X1,X2,f3-nonlinear-direct-edge-detection,11,2,0.30981342668523415,0.005,residual_samples/batch-11-replication-2.csv,null_statistics/batch-11-replication-2.npy,batch-f3-nonlinear-direct-edge-detection,11807229908651562273,1241779584338057124,3655151671210148110,0.3489797999500297,,,batch-f3-nonlinear-direct-edge-detection-20260825-001
F3,X1,X2,f3-nonlinear-direct-edge-detection,11,3,0.3107674902940727,0.005,residual_samples/batch-11-replication-3.csv,null_statistics/batch-11-replication-3.npy,batch-f3-nonlinear-direct-edge-detection,6353012588353046285,7226111609056379893,5300270641963024958,0.3507134999963455,,,batch-f3-nonlinear-direct-edge-detection-20260825-001
F3,X1,X2,f3-nonlinear-direct-edge-detection,11,4,0.34129626522461304,0.005,residual_samples/batch-11-replication-4.csv,null_statistics/batch-11-replication-4.npy,batch-f3-nonlinear-direct-edge-detection,13895523903831611552,1784749561672167780,17708260324565304225,0.35054509999463335,,,batch-f3-nonlinear-direct-edge-detection-20260825-001
F3,X1,X2,f3-nonlinear-direct-edge-detection,11,5,0.3274962644328438,0.005,residual_samples/batch-11-replication-5.csv,null_statistics/batch-11-replication-5.npy,batch-f3-nonlinear-direct-edge-detection,13840991402427823241,935164847700861671,15275535894386370427,0.34798349998891354,,,batch-f3-nonlinear-direct-edge-detection-20260825-001
F3,X1,X2,f3-nonlinear-direct-edge-detection,11,6,0.29912973254634934,0.005,residual_samples/batch-11-replication-6.csv,null_statistics/batch-11-replication-6.npy,batch-f3-nonlinear-direct-edge-detection,11017538818988102760,9910220362476075690,12147681180088701761,0.34820760000729933,,,batch-f3-nonlinear-direct-edge-detection-20260825-001
F3,X1,X2,f3-nonlinear-direct-edge-detection,11,7,0.2974522120491154,0.005,residual_samples/batch-11-replication-7.csv,null_statistics/batch-11-replication-7.npy,batch-f3-nonlinear-direct-edge-detection,15239429331205985624,10353569999643454835,8700373639808385804,0.3514087999938056,,,batch-f3-nonlinear-direct-edge-detection-20260825-001
F3,X1,X2,f3-nonlinear-direct-edge-detection,11,8,0.26353354568463744,0.005,residual_samples/batch-11-replication-8.csv,null_statistics/batch-11-replication-8.npy,batch-f3-nonlinear-direct-edge-detection,16379399674689286444,7142141145380891515,15573381244181299448,0.34658850001869723,,,batch-f3-nonlinear-direct-edge-detection-20260825-001
F3,X1,X2,f3-nonlinear-direct-edge-detection,11,9,0.32423294339128184,0.005,residual_samples/batch-11-replication-9.csv,null_statistics/batch-11-replication-9.npy,batch-f3-nonlinear-direct-edge-detection,202009215947966071,15754400699097920719,6346533481607210764,0.3467953000217676,,,batch-f3-nonlinear-direct-edge-detection-20260825-001
F3,X1,X2,f3-nonlinear-direct-edge-detection,12,0,0.2832427145939116,0.005,residual_samples/batch-12-replication-0.csv,null_statistics/batch-12-replication-0.npy,batch-f3-nonlinear-direct-edge-detection,6799877554206410441,4605162727385473438,1691399192500312987,0.35021409997716546,,,batch-f3-nonlinear-direct-edge-detection-20260825-001
F3,X1,X2,f3-nonlinear-direct-edge-detection,12,1,0.31882354538528707,0.005,residual_samples/batch-12-replication-1.csv,null_statistics/batch-12-replication-1.npy,batch-f3-nonlinear-direct-edge-detection,16605197118427110489,16771756391654980239,7216253776261946716,0.34739960002480075,,,batch-f3-nonlinear-direct-edge-detection-20260825-001
F3,X1,X2,f3-nonlinear-direct-edge-detection,12,2,0.30103283488434607,0.005,residual_samples/batch-12-replication-2.csv,null_statistics/batch-12-replication-2.npy,batch-f3-nonlinear-direct-edge-detection,14893047020627529884,11418753142304269622,10055276611254675553,0.318087599996943,,,batch-f3-nonlinear-direct-edge-detection-20260825-001
F3,X1,X2,f3-nonlinear-direct-edge-detection,12,3,0.29408129405901895,0.005,residual_samples/batch-12-replication-3.csv,null_statistics/batch-12-replication-3.npy,batch-f3-nonlinear-direct-edge-detection,8433036659590685912,12332131106635534940,16036532781089462988,0.3515672999783419,,,batch-f3-nonlinear-direct-edge-detection-20260825-001
F3,X1,X2,f3-nonlinear-direct-edge-detection,12,4,0.3159745065113705,0.005,residual_samples/batch-12-replication-4.csv,null_statistics/batch-12-replication-4.npy,batch-f3-nonlinear-direct-edge-detection,3886716325124220693,4921145775926182238,18165544067522908010,0.34479939995799214,,,batch-f3-nonlinear-direct-edge-detection-20260825-001
F3,X1,X2,f3-nonlinear-direct-edge-detection,12,5,0.3106330877290368,0.005,residual_samples/batch-12-replication-5.csv,null_statistics/batch-12-replication-5.npy,batch-f3-nonlinear-direct-edge-detection,6173386364112219927,14310836280055315588,12881283164921618888,0.3533842000178993,,,batch-f3-nonlinear-direct-edge-detection-20260825-001
F3,X1,X2,f3-nonlinear-direct-edge-detection,12,6,0.322249497064935,0.005,residual_samples/batch-12-replication-6.csv,null_statistics/batch-12-replication-6.npy,batch-f3-nonlinear-direct-edge-detection,13720339087830902668,12700491726186610572,9746119474802408213,0.3598154000355862,,,batch-f3-nonlinear-direct-edge-detection-20260825-001
F3,X1,X2,f3-nonlinear-direct-edge-detection,12,7,0.30124838383730657,0.005,residual_samples/batch-12-replication-7.csv,null_statistics/batch-12-replication-7.npy,batch-f3-nonlinear-direct-edge-detection,17689719529105888384,3623670002571126197,4223264792805477380,0.3478373000398278,,,batch-f3-nonlinear-direct-edge-detection-20260825-001
F3,X1,X2,f3-nonlinear-direct-edge-detection,12,8,0.30576435940476865,0.005,residual_samples/batch-12-replication-8.csv,null_statistics/batch-12-replication-8.npy,batch-f3-nonlinear-direct-edge-detection,6553625228279514350,10031278853426607908,13302741132053347843,0.36186890001408756,,,batch-f3-nonlinear-direct-edge-detection-20260825-001
F3,X1,X2,f3-nonlinear-direct-edge-detection,12,9,0.3350661964600019,0.005,residual_samples/batch-12-replication-9.csv,null_statistics/batch-12-replication-9.npy,batch-f3-nonlinear-direct-edge-detection,9818604888801189284,14471276903483530650,16048815723676031466,0.3507975999964401,,,batch-f3-nonlinear-direct-edge-detection-20260825-001
F3,X1,X2,f3-nonlinear-direct-edge-detection,13,0,0.31504088401602026,0.005,residual_samples/batch-13-replication-0.csv,null_statistics/batch-13-replication-0.npy,batch-f3-nonlinear-direct-edge-detection,13989622684081898900,13057801725108745599,5292179406841116169,0.3515025000087917,,,batch-f3-nonlinear-direct-edge-detection-20260825-001
F3,X1,X2,f3-nonlinear-direct-edge-detection,13,1,0.2982478000887937,0.005,residual_samples/batch-13-replication-1.csv,null_statistics/batch-13-replication-1.npy,batch-f3-nonlinear-direct-edge-detection,12126455733101744441,3283098621279153811,10940268600168934946,0.3516658000298776,,,batch-f3-nonlinear-direct-edge-detection-20260825-001
F3,X1,X2,f3-nonlinear-direct-edge-detection,13,2,0.3284216268196343,0.005,residual_samples/batch-13-replication-2.csv,null_statistics/batch-13-replication-2.npy,batch-f3-nonlinear-direct-edge-detection,8275736529640496701,7445905701987573836,2218924871835848742,0.3655905000050552,,,batch-f3-nonlinear-direct-edge-detection-20260825-001
F3,X1,X2,f3-nonlinear-direct-edge-detection,13,3,0.30169457283126416,0.005,residual_samples/batch-13-replication-3.csv,null_statistics/batch-13-replication-3.npy,batch-f3-nonlinear-direct-edge-detection,16920953267428195698,1807933933050446237,13471493002750937275,0.47205680003389716,,,batch-f3-nonlinear-direct-edge-detection-20260825-001
F3,X1,X2,f3-nonlinear-direct-edge-detection,13,4,0.343780930893344,0.005,residual_samples/batch-13-replication-4.csv,null_statistics/batch-13-replication-4.npy,batch-f3-nonlinear-direct-edge-detection,14063032463634956894,12673729865894693915,10266635923062481281,0.36619500000961125,,,batch-f3-nonlinear-direct-edge-detection-20260825-001
F3,X1,X2,f3-nonlinear-direct-edge-detection,13,5,0.30099725911956293,0.005,residual_samples/batch-13-replication-5.csv,null_statistics/batch-13-replication-5.npy,batch-f3-nonlinear-direct-edge-detection,14978968215197406313,6412593944847330714,11943723972007391131,0.37911199999507517,,,batch-f3-nonlinear-direct-edge-detection-20260825-001
F3,X1,X2,f3-nonlinear-direct-edge-detection,13,6,0.34406233355552757,0.005,residual_samples/batch-13-replication-6.csv,null_statistics/batch-13-replication-6.npy,batch-f3-nonlinear-direct-edge-detection,13623156714229669236,15504216052907395669,9410018224154017397,0.35363550001056865,,,batch-f3-nonlinear-direct-edge-detection-20260825-001
F3,X1,X2,f3-nonlinear-direct-edge-detection,13,7,0.3156456907090935,0.005,residual_samples/batch-13-replication-7.csv,null_statistics/batch-13-replication-7.npy,batch-f3-nonlinear-direct-edge-detection,9975315291142813492,5001571237654040443,1336153187370325004,0.35484840004937723,,,batch-f3-nonlinear-direct-edge-detection-20260825-001
F3,X1,X2,f3-nonlinear-direct-edge-detection,13,8,0.31267745023257437,0.005,residual_samples/batch-13-replication-8.csv,null_statistics/batch-13-replication-8.npy,batch-f3-nonlinear-direct-edge-detection,3075836560795789440,9298527056062720269,419112712022614975,0.3520761999534443,,,batch-f3-nonlinear-direct-edge-detection-20260825-001
F3,X1,X2,f3-nonlinear-direct-edge-detection,13,9,0.29527263950173793,0.005,residual_samples/batch-13-replication-9.csv,null_statistics/batch-13-replication-9.npy,batch-f3-nonlinear-direct-edge-detection,15712656608260710974,3812386885560586113,1215414134161635185,0.3521489000413567,,,batch-f3-nonlinear-direct-edge-detection-20260825-001
F3,X1,X2,f3-nonlinear-direct-edge-detection,14,0,0.3273653974058271,0.005,residual_samples/batch-14-replication-0.csv,null_statistics/batch-14-replication-0.npy,batch-f3-nonlinear-direct-edge-detection,17295206414527758525,14666422193842479793,15684067928242263392,0.39296760002616793,,,batch-f3-nonlinear-direct-edge-detection-20260825-001
F3,X1,X2,f3-nonlinear-direct-edge-detection,14,1,0.3030883323740805,0.005,residual_samples/batch-14-replication-1.csv,null_statistics/batch-14-replication-1.npy,batch-f3-nonlinear-direct-edge-detection,13754858252147575383,15741593981230476363,14223340045709494346,0.3693082999670878,,,batch-f3-nonlinear-direct-edge-detection-20260825-001
F3,X1,X2,f3-nonlinear-direct-edge-detection,14,2,0.3327194017712023,0.005,residual_samples/batch-14-replication-2.csv,null_statistics/batch-14-replication-2.npy,batch-f3-nonlinear-direct-edge-detection,5497678598165419966,12977698647487357023,17627772945425911218,0.35916210000868887,,,batch-f3-nonlinear-direct-edge-detection-20260825-001
F3,X1,X2,f3-nonlinear-direct-edge-detection,14,3,0.34146563517005274,0.005,residual_samples/batch-14-replication-3.csv,null_statistics/batch-14-replication-3.npy,batch-f3-nonlinear-direct-edge-detection,3735930346836827107,2885853583023831274,14986220183569420989,0.3627229999983683,,,batch-f3-nonlinear-direct-edge-detection-20260825-001
F3,X1,X2,f3-nonlinear-direct-edge-detection,14,4,0.3405990882839744,0.005,residual_samples/batch-14-replication-4.csv,null_statistics/batch-14-replication-4.npy,batch-f3-nonlinear-direct-edge-detection,8145392224547397178,941768078040413777,17683881429925900071,0.36565260001225397,,,batch-f3-nonlinear-direct-edge-detection-20260825-001
F3,X1,X2,f3-nonlinear-direct-edge-detection,14,5,0.31680588481221833,0.005,residual_samples/batch-14-replication-5.csv,null_statistics/batch-14-replication-5.npy,batch-f3-nonlinear-direct-edge-detection,8376341933044216631,15677228445043740080,1260727822609408646,0.41376130003482103,,,batch-f3-nonlinear-direct-edge-detection-20260825-001
F3,X1,X2,f3-nonlinear-direct-edge-detection,14,6,0.34023255732958896,0.005,residual_samples/batch-14-replication-6.csv,null_statistics/batch-14-replication-6.npy,batch-f3-nonlinear-direct-edge-detection,5459679036855547740,4929092814018270805,6986586936385512803,0.3557591999997385,,,batch-f3-nonlinear-direct-edge-detection-20260825-001
F3,X1,X2,f3-nonlinear-direct-edge-detection,14,7,0.3083292112439978,0.005,residual_samples/batch-14-replication-7.csv,null_statistics/batch-14-replication-7.npy,batch-f3-nonlinear-direct-edge-detection,18419234517982907067,10271193424311261631,618671612367388533,0.3519236000138335,,,batch-f3-nonlinear-direct-edge-detection-20260825-001
F3,X1,X2,f3-nonlinear-direct-edge-detection,14,8,0.33147330704330347,0.005,residual_samples/batch-14-replication-8.csv,null_statistics/batch-14-replication-8.npy,batch-f3-nonlinear-direct-edge-detection,10794069552288966522,960231991012552611,13490059494514279138,0.35021030000643805,,,batch-f3-nonlinear-direct-edge-detection-20260825-001
F3,X1,X2,f3-nonlinear-direct-edge-detection,14,9,0.3063326913363953,0.005,residual_samples/batch-14-replication-9.csv,null_statistics/batch-14-replication-9.npy,batch-f3-nonlinear-direct-edge-detection,17752847716763119392,10668823960255977697,15694280470334844558,0.34797329996945336,,,batch-f3-nonlinear-direct-edge-detection-20260825-001
F3,X1,X2,f3-nonlinear-direct-edge-detection,15,0,0.29336622595367573,0.005,residual_samples/batch-15-replication-0.csv,null_statistics/batch-15-replication-0.npy,batch-f3-nonlinear-direct-edge-detection,1072773217104903401,15903361716130071119,9112645599970362778,0.3625556000042707,,,batch-f3-nonlinear-direct-edge-detection-20260825-001
F3,X1,X2,f3-nonlinear-direct-edge-detection,15,1,0.3319979925273003,0.005,residual_samples/batch-15-replication-1.csv,null_statistics/batch-15-replication-1.npy,batch-f3-nonlinear-direct-edge-detection,1283034001486830010,17199081311915203817,7979209823094854879,0.3707647999981418,,,batch-f3-nonlinear-direct-edge-detection-20260825-001
F3,X1,X2,f3-nonlinear-direct-edge-detection,15,2,0.3112329660027737,0.005,residual_samples/batch-15-replication-2.csv,null_statistics/batch-15-replication-2.npy,batch-f3-nonlinear-direct-edge-detection,10958209736893817719,1111197386358613902,7827947613677945628,0.3569384999573231,,,batch-f3-nonlinear-direct-edge-detection-20260825-001
F3,X1,X2,f3-nonlinear-direct-edge-detection,15,3,0.304292735207587,0.005,residual_samples/batch-15-replication-3.csv,null_statistics/batch-15-replication-3.npy,batch-f3-nonlinear-direct-edge-detection,9929557551236237732,14273500780958790950,12473063228034404660,0.3521865999791771,,,batch-f3-nonlinear-direct-edge-detection-20260825-001
F3,X1,X2,f3-nonlinear-direct-edge-detection,15,4,0.3374069412741084,0.005,residual_samples/batch-15-replication-4.csv,null_statistics/batch-15-replication-4.npy,batch-f3-nonlinear-direct-edge-detection,6353721801558200551,2206497885628003181,16049790209958707931,0.3413327999878675,,,batch-f3-nonlinear-direct-edge-detection-20260825-001
F3,X1,X2,f3-nonlinear-direct-edge-detection,15,5,0.3085471673576439,0.005,residual_samples/batch-15-replication-5.csv,null_statistics/batch-15-replication-5.npy,batch-f3-nonlinear-direct-edge-detection,3452601333448389303,12534133208087633105,975699669159445933,0.34854810003889725,,,batch-f3-nonlinear-direct-edge-detection-20260825-001
F3,X1,X2,f3-nonlinear-direct-edge-detection,15,6,0.32207435862234746,0.005,residual_samples/batch-15-replication-6.csv,null_statistics/batch-15-replication-6.npy,batch-f3-nonlinear-direct-edge-detection,966114126790543709,8348156427612068526,15100409437815511678,0.43599109997740015,,,batch-f3-nonlinear-direct-edge-detection-20260825-001
F3,X1,X2,f3-nonlinear-direct-edge-detection,15,7,0.3091426685845146,0.005,residual_samples/batch-15-replication-7.csv,null_statistics/batch-15-replication-7.npy,batch-f3-nonlinear-direct-edge-detection,10596013092625020242,3461647887464619036,3262289295543423274,0.34898940002312884,,,batch-f3-nonlinear-direct-edge-detection-20260825-001
F3,X1,X2,f3-nonlinear-direct-edge-detection,15,8,0.32737127081342166,0.005,residual_samples/batch-15-replication-8.csv,null_statistics/batch-15-replication-8.npy,batch-f3-nonlinear-direct-edge-detection,2740826568041247752,11957626601064327765,6523278689286830799,0.3549370000255294,,,batch-f3-nonlinear-direct-edge-detection-20260825-001
F3,X1,X2,f3-nonlinear-direct-edge-detection,15,9,0.3076575761253123,0.005,residual_samples/batch-15-replication-9.csv,null_statistics/batch-15-replication-9.npy,batch-f3-nonlinear-direct-edge-detection,15354007714792072269,10728975086770143198,8767342316286204880,0.3472279999987222,,,batch-f3-nonlinear-direct-edge-detection-20260825-001
F3,X1,X2,f3-nonlinear-direct-edge-detection,16,0,0.31950434092186675,0.005,residual_samples/batch-16-replication-0.csv,null_statistics/batch-16-replication-0.npy,batch-f3-nonlinear-direct-edge-detection,7278718409228314450,4360230421695073260,8921748237620727307,0.34953199996380135,,,batch-f3-nonlinear-direct-edge-detection-20260825-001
F3,X1,X2,f3-nonlinear-direct-edge-detection,16,1,0.31456119899267665,0.005,residual_samples/batch-16-replication-1.csv,null_statistics/batch-16-replication-1.npy,batch-f3-nonlinear-direct-edge-detection,17974281934211131649,13015848946790347426,10199172202075826196,0.35020669997902587,,,batch-f3-nonlinear-direct-edge-detection-20260825-001
F3,X1,X2,f3-nonlinear-direct-edge-detection,16,2,0.2773585529372679,0.005,residual_samples/batch-16-replication-2.csv,null_statistics/batch-16-replication-2.npy,batch-f3-nonlinear-direct-edge-detection,7896906942091353875,7501285599820975827,17240396555894391044,0.35133840003982186,,,batch-f3-nonlinear-direct-edge-detection-20260825-001
F3,X1,X2,f3-nonlinear-direct-edge-detection,16,3,0.31135790476831454,0.005,residual_samples/batch-16-replication-3.csv,null_statistics/batch-16-replication-3.npy,batch-f3-nonlinear-direct-edge-detection,2724967931431960661,1536787798648789666,7113965371805521640,0.3481418000301346,,,batch-f3-nonlinear-direct-edge-detection-20260825-001
F3,X1,X2,f3-nonlinear-direct-edge-detection,16,4,0.31020242790595753,0.005,residual_samples/batch-16-replication-4.csv,null_statistics/batch-16-replication-4.npy,batch-f3-nonlinear-direct-edge-detection,9372700276455844303,8445697093906126142,3199747475241263053,0.350906900013797,,,batch-f3-nonlinear-direct-edge-detection-20260825-001
F3,X1,X2,f3-nonlinear-direct-edge-detection,16,5,0.28568036393617935,0.005,residual_samples/batch-16-replication-5.csv,null_statistics/batch-16-replication-5.npy,batch-f3-nonlinear-direct-edge-detection,6662616223654607677,10240987983422929717,6283386231393367542,0.35037120000924915,,,batch-f3-nonlinear-direct-edge-detection-20260825-001
F3,X1,X2,f3-nonlinear-direct-edge-detection,16,6,0.2954298744387658,0.005,residual_samples/batch-16-replication-6.csv,null_statistics/batch-16-replication-6.npy,batch-f3-nonlinear-direct-edge-detection,15826981828017258143,2952102158748168588,2042287599040271452,0.34839459997601807,,,batch-f3-nonlinear-direct-edge-detection-20260825-001
F3,X1,X2,f3-nonlinear-direct-edge-detection,16,7,0.3028034972679344,0.005,residual_samples/batch-16-replication-7.csv,null_statistics/batch-16-replication-7.npy,batch-f3-nonlinear-direct-edge-detection,10319467773971586873,13562237822253181702,17332475070827466173,0.3514968999661505,,,batch-f3-nonlinear-direct-edge-detection-20260825-001
F3,X1,X2,f3-nonlinear-direct-edge-detection,16,8,0.31934666788843585,0.005,residual_samples/batch-16-replication-8.csv,null_statistics/batch-16-replication-8.npy,batch-f3-nonlinear-direct-edge-detection,16422801044950198885,8458842194970874132,4107682963501006067,0.35040510003454983,,,batch-f3-nonlinear-direct-edge-detection-20260825-001
F3,X1,X2,f3-nonlinear-direct-edge-detection,16,9,0.2868464268214316,0.005,residual_samples/batch-16-replication-9.csv,null_statistics/batch-16-replication-9.npy,batch-f3-nonlinear-direct-edge-detection,10799367804374401706,10267647626798734264,11638674026223922433,0.35965149995172396,,,batch-f3-nonlinear-direct-edge-detection-20260825-001
F3,X1,X2,f3-nonlinear-direct-edge-detection,17,0,0.3204335234166952,0.005,residual_samples/batch-17-replication-0.csv,null_statistics/batch-17-replication-0.npy,batch-f3-nonlinear-direct-edge-detection,16299813305604976729,14677213243606488329,3184394093766031930,0.3519522999995388,,,batch-f3-nonlinear-direct-edge-detection-20260825-001
F3,X1,X2,f3-nonlinear-direct-edge-detection,17,1,0.3208770660035023,0.005,residual_samples/batch-17-replication-1.csv,null_statistics/batch-17-replication-1.npy,batch-f3-nonlinear-direct-edge-detection,15220555873756384371,15487971404479484003,6190808645290173915,0.3490497000166215,,,batch-f3-nonlinear-direct-edge-detection-20260825-001
F3,X1,X2,f3-nonlinear-direct-edge-detection,17,2,0.290261405422898,0.005,residual_samples/batch-17-replication-2.csv,null_statistics/batch-17-replication-2.npy,batch-f3-nonlinear-direct-edge-detection,6816445868964181382,2786730209280337752,17634610706694223994,0.3571168999769725,,,batch-f3-nonlinear-direct-edge-detection-20260825-001
F3,X1,X2,f3-nonlinear-direct-edge-detection,17,3,0.27639429676505145,0.005,residual_samples/batch-17-replication-3.csv,null_statistics/batch-17-replication-3.npy,batch-f3-nonlinear-direct-edge-detection,9080377717537695448,11266674078038251847,1803722043460187672,0.35357909998856485,,,batch-f3-nonlinear-direct-edge-detection-20260825-001
F3,X1,X2,f3-nonlinear-direct-edge-detection,17,4,0.3029200526890859,0.005,residual_samples/batch-17-replication-4.csv,null_statistics/batch-17-replication-4.npy,batch-f3-nonlinear-direct-edge-detection,17120091709803914001,16738107229843456169,5217647038427408254,0.34917679999489337,,,batch-f3-nonlinear-direct-edge-detection-20260825-001
F3,X1,X2,f3-nonlinear-direct-edge-detection,17,5,0.30978191169074765,0.005,residual_samples/batch-17-replication-5.csv,null_statistics/batch-17-replication-5.npy,batch-f3-nonlinear-direct-edge-detection,10116329430740284374,7419427660505433885,16857401672805832014,0.34956640005111694,,,batch-f3-nonlinear-direct-edge-detection-20260825-001
F3,X1,X2,f3-nonlinear-direct-edge-detection,17,6,0.3196354968298089,0.005,residual_samples/batch-17-replication-6.csv,null_statistics/batch-17-replication-6.npy,batch-f3-nonlinear-direct-edge-detection,10478450691810885110,9356348669230934383,8547617347446936082,0.35118639998836443,,,batch-f3-nonlinear-direct-edge-detection-20260825-001
F3,X1,X2,f3-nonlinear-direct-edge-detection,17,7,0.31220383537668206,0.005,residual_samples/batch-17-replication-7.csv,null_statistics/batch-17-replication-7.npy,batch-f3-nonlinear-direct-edge-detection,14180968055974506596,1211596606042593217,7516499817325638820,0.3454771999968216,,,batch-f3-nonlinear-direct-edge-detection-20260825-001
F3,X1,X2,f3-nonlinear-direct-edge-detection,17,8,0.3000477190381345,0.005,residual_samples/batch-17-replication-8.csv,null_statistics/batch-17-replication-8.npy,batch-f3-nonlinear-direct-edge-detection,11987402900300147159,4016119785549885356,2650713713921487688,0.34863880003103986,,,batch-f3-nonlinear-direct-edge-detection-20260825-001
F3,X1,X2,f3-nonlinear-direct-edge-detection,17,9,0.30691346275742143,0.005,residual_samples/batch-17-replication-9.csv,null_statistics/batch-17-replication-9.npy,batch-f3-nonlinear-direct-edge-detection,16324878364877163761,12842284533694518293,17394609851027575569,0.3495055000530556,,,batch-f3-nonlinear-direct-edge-detection-20260825-001
F3,X1,X2,f3-nonlinear-direct-edge-detection,18,0,0.30839205125511726,0.005,residual_samples/batch-18-replication-0.csv,null_statistics/batch-18-replication-0.npy,batch-f3-nonlinear-direct-edge-detection,210796411121113013,1215977987863149923,6241774208948879091,0.34932670003036037,,,batch-f3-nonlinear-direct-edge-detection-20260825-001
F3,X1,X2,f3-nonlinear-direct-edge-detection,18,1,0.30973248686444177,0.005,residual_samples/batch-18-replication-1.csv,null_statistics/batch-18-replication-1.npy,batch-f3-nonlinear-direct-edge-detection,13969576704806072319,1625013937222986433,17220530802966215192,0.35622509999666363,,,batch-f3-nonlinear-direct-edge-detection-20260825-001
F3,X1,X2,f3-nonlinear-direct-edge-detection,18,2,0.31675235100467286,0.005,residual_samples/batch-18-replication-2.csv,null_statistics/batch-18-replication-2.npy,batch-f3-nonlinear-direct-edge-detection,13094234762224703901,5862871661764848355,13630376698406907287,0.3565404999535531,,,batch-f3-nonlinear-direct-edge-detection-20260825-001
F3,X1,X2,f3-nonlinear-direct-edge-detection,18,3,0.29111663405370225,0.005,residual_samples/batch-18-replication-3.csv,null_statistics/batch-18-replication-3.npy,batch-f3-nonlinear-direct-edge-detection,15059864698900218640,6542212281006389234,16348629438744827922,0.3489525999757461,,,batch-f3-nonlinear-direct-edge-detection-20260825-001
F3,X1,X2,f3-nonlinear-direct-edge-detection,18,4,0.34530726406329226,0.005,residual_samples/batch-18-replication-4.csv,null_statistics/batch-18-replication-4.npy,batch-f3-nonlinear-direct-edge-detection,4753183752883319527,8016033052448899803,16748838088581261422,0.35060730000259355,,,batch-f3-nonlinear-direct-edge-detection-20260825-001
F3,X1,X2,f3-nonlinear-direct-edge-detection,18,5,0.3386602843645118,0.005,residual_samples/batch-18-replication-5.csv,null_statistics/batch-18-replication-5.npy,batch-f3-nonlinear-direct-edge-detection,18014403347199183867,8644576321332814820,558124137758907732,0.35805350000737235,,,batch-f3-nonlinear-direct-edge-detection-20260825-001
F3,X1,X2,f3-nonlinear-direct-edge-detection,18,6,0.3129817357312083,0.005,residual_samples/batch-18-replication-6.csv,null_statistics/batch-18-replication-6.npy,batch-f3-nonlinear-direct-edge-detection,2866224726941257402,3065560772485708137,17259557362931203367,0.3474407999892719,,,batch-f3-nonlinear-direct-edge-detection-20260825-001
F3,X1,X2,f3-nonlinear-direct-edge-detection,18,7,0.3246890272094625,0.005,residual_samples/batch-18-replication-7.csv,null_statistics/batch-18-replication-7.npy,batch-f3-nonlinear-direct-edge-detection,6621643317734338944,3033394523970312955,4889458560932645645,0.3277004000265151,,,batch-f3-nonlinear-direct-edge-detection-20260825-001
F3,X1,X2,f3-nonlinear-direct-edge-detection,18,8,0.28013472068783685,0.005,residual_samples/batch-18-replication-8.csv,null_statistics/batch-18-replication-8.npy,batch-f3-nonlinear-direct-edge-detection,16166019429967663424,13102299724082881494,16497349198047126302,0.354490400000941,,,batch-f3-nonlinear-direct-edge-detection-20260825-001
F3,X1,X2,f3-nonlinear-direct-edge-detection,18,9,0.3109181414256802,0.005,residual_samples/batch-18-replication-9.csv,null_statistics/batch-18-replication-9.npy,batch-f3-nonlinear-direct-edge-detection,11483640818800135362,5811065655734932896,8493620115987093197,0.351432700001169,,,batch-f3-nonlinear-direct-edge-detection-20260825-001
F3,X1,X2,f3-nonlinear-direct-edge-detection,19,0,0.3206639348097109,0.005,residual_samples/batch-19-replication-0.csv,null_statistics/batch-19-replication-0.npy,batch-f3-nonlinear-direct-edge-detection,12929209267557452180,8362994605571829097,905811720758037551,0.35967279999749735,,,batch-f3-nonlinear-direct-edge-detection-20260825-001
F3,X1,X2,f3-nonlinear-direct-edge-detection,19,1,0.29288072220815103,0.005,residual_samples/batch-19-replication-1.csv,null_statistics/batch-19-replication-1.npy,batch-f3-nonlinear-direct-edge-detection,11845147564395743662,7318529929045865007,618724486362710094,0.3471235999604687,,,batch-f3-nonlinear-direct-edge-detection-20260825-001
F3,X1,X2,f3-nonlinear-direct-edge-detection,19,2,0.3104630325214206,0.005,residual_samples/batch-19-replication-2.csv,null_statistics/batch-19-replication-2.npy,batch-f3-nonlinear-direct-edge-detection,3804617937608266610,5004725840968921150,12966538937119314784,0.34973690001061186,,,batch-f3-nonlinear-direct-edge-detection-20260825-001
F3,X1,X2,f3-nonlinear-direct-edge-detection,19,3,0.3015586812757988,0.005,residual_samples/batch-19-replication-3.csv,null_statistics/batch-19-replication-3.npy,batch-f3-nonlinear-direct-edge-detection,2397344950788791330,9629806630924289862,6247301574067903159,0.3509876999887638,,,batch-f3-nonlinear-direct-edge-detection-20260825-001
F3,X1,X2,f3-nonlinear-direct-edge-detection,19,4,0.33236835361207884,0.005,residual_samples/batch-19-replication-4.csv,null_statistics/batch-19-replication-4.npy,batch-f3-nonlinear-direct-edge-detection,11960388744409528461,5224237790016764448,17352692724893766219,0.3461692999699153,,,batch-f3-nonlinear-direct-edge-detection-20260825-001
F3,X1,X2,f3-nonlinear-direct-edge-detection,19,5,0.3159386856234137,0.005,residual_samples/batch-19-replication-5.csv,null_statistics/batch-19-replication-5.npy,batch-f3-nonlinear-direct-edge-detection,17318667884356372569,1524658659494130199,6673144430060778564,0.34859020001022145,,,batch-f3-nonlinear-direct-edge-detection-20260825-001
F3,X1,X2,f3-nonlinear-direct-edge-detection,19,6,0.2913164118816206,0.005,residual_samples/batch-19-replication-6.csv,null_statistics/batch-19-replication-6.npy,batch-f3-nonlinear-direct-edge-detection,1398155240523570479,12624575438954803242,10221694269735663925,0.35508649999974295,,,batch-f3-nonlinear-direct-edge-detection-20260825-001
F3,X1,X2,f3-nonlinear-direct-edge-detection,19,7,0.31381893562930646,0.005,residual_samples/batch-19-replication-7.csv,null_statistics/batch-19-replication-7.npy,batch-f3-nonlinear-direct-edge-detection,11844049046772859899,11939438376231500574,18158071560753912594,0.34910190000664443,,,batch-f3-nonlinear-direct-edge-detection-20260825-001
F3,X1,X2,f3-nonlinear-direct-edge-detection,19,8,0.3278342321304355,0.005,residual_samples/batch-19-replication-8.csv,null_statistics/batch-19-replication-8.npy,batch-f3-nonlinear-direct-edge-detection,1238968805818878900,2267993509808834335,10192887141445422766,0.35735740000382066,,,batch-f3-nonlinear-direct-edge-detection-20260825-001
F3,X1,X2,f3-nonlinear-direct-edge-detection,19,9,0.28313237770540367,0.005,residual_samples/batch-19-replication-9.csv,null_statistics/batch-19-replication-9.npy,batch-f3-nonlinear-direct-edge-detection,9338515024493880472,11798796091836962410,13857092783746333484,0.3532100999727845,,,batch-f3-nonlinear-direct-edge-detection-20260825-001
F3,X1,X2,f3-nonlinear-direct-edge-detection,20,0,0.2930963175122858,0.005,residual_samples/batch-20-replication-0.csv,null_statistics/batch-20-replication-0.npy,batch-f3-nonlinear-direct-edge-detection,12014360641032684028,12939209742553079426,5912085990628498644,0.3590695000020787,,,batch-f3-nonlinear-direct-edge-detection-20260825-001
F3,X1,X2,f3-nonlinear-direct-edge-detection,20,1,0.30047663080196924,0.005,residual_samples/batch-20-replication-1.csv,null_statistics/batch-20-replication-1.npy,batch-f3-nonlinear-direct-edge-detection,4748568543620462891,9191132556103886248,12736751451385602237,0.3442458000499755,,,batch-f3-nonlinear-direct-edge-detection-20260825-001
F3,X1,X2,f3-nonlinear-direct-edge-detection,20,2,0.3031115268550698,0.005,residual_samples/batch-20-replication-2.csv,null_statistics/batch-20-replication-2.npy,batch-f3-nonlinear-direct-edge-detection,15786434387777996718,2519437675701709867,3787628254738953878,0.35204859997611493,,,batch-f3-nonlinear-direct-edge-detection-20260825-001
F3,X1,X2,f3-nonlinear-direct-edge-detection,20,3,0.28394972549149206,0.005,residual_samples/batch-20-replication-3.csv,null_statistics/batch-20-replication-3.npy,batch-f3-nonlinear-direct-edge-detection,7960607106734686509,2801881095745924778,16998733317188796222,0.3483649000409059,,,batch-f3-nonlinear-direct-edge-detection-20260825-001
F3,X1,X2,f3-nonlinear-direct-edge-detection,20,4,0.3160739264670184,0.005,residual_samples/batch-20-replication-4.csv,null_statistics/batch-20-replication-4.npy,batch-f3-nonlinear-direct-edge-detection,11073965049285131649,8456356933040548301,1277470118668930899,0.35899520001839846,,,batch-f3-nonlinear-direct-edge-detection-20260825-001
F3,X1,X2,f3-nonlinear-direct-edge-detection,20,5,0.30196699145859657,0.005,residual_samples/batch-20-replication-5.csv,null_statistics/batch-20-replication-5.npy,batch-f3-nonlinear-direct-edge-detection,9782292325274411574,802834260389518514,9978735679382938206,0.3527058000327088,,,batch-f3-nonlinear-direct-edge-detection-20260825-001
F3,X1,X2,f3-nonlinear-direct-edge-detection,20,6,0.2995416626616269,0.005,residual_samples/batch-20-replication-6.csv,null_statistics/batch-20-replication-6.npy,batch-f3-nonlinear-direct-edge-detection,15011340266850899798,3709645463724698679,4823177807442455958,0.35662420000880957,,,batch-f3-nonlinear-direct-edge-detection-20260825-001
F3,X1,X2,f3-nonlinear-direct-edge-detection,20,7,0.3047051765508828,0.005,residual_samples/batch-20-replication-7.csv,null_statistics/batch-20-replication-7.npy,batch-f3-nonlinear-direct-edge-detection,7976468958172589865,118900027586816345,7332432478555802993,0.35130420001223683,,,batch-f3-nonlinear-direct-edge-detection-20260825-001
F3,X1,X2,f3-nonlinear-direct-edge-detection,20,8,0.30983095237828173,0.005,residual_samples/batch-20-replication-8.csv,null_statistics/batch-20-replication-8.npy,batch-f3-nonlinear-direct-edge-detection,961011048113616348,3032089491172703034,9637156829215745140,0.348464899987448,,,batch-f3-nonlinear-direct-edge-detection-20260825-001
F3,X1,X2,f3-nonlinear-direct-edge-detection,20,9,0.29207807769562777,0.005,residual_samples/batch-20-replication-9.csv,null_statistics/batch-20-replication-9.npy,batch-f3-nonlinear-direct-edge-detection,16103872433670079212,10793303695908766028,7438019956776937283,0.3486974999541417,,,batch-f3-nonlinear-direct-edge-detection-20260825-001
F3,X1,X2,f3-nonlinear-direct-edge-detection,21,0,0.31645853771560967,0.005,residual_samples/batch-21-replication-0.csv,null_statistics/batch-21-replication-0.npy,batch-f3-nonlinear-direct-edge-detection,13649787607047586716,13687856278767415542,3897019368322508423,0.368558700021822,,,batch-f3-nonlinear-direct-edge-detection-20260825-001
F3,X1,X2,f3-nonlinear-direct-edge-detection,21,1,0.3174415387204779,0.005,residual_samples/batch-21-replication-1.csv,null_statistics/batch-21-replication-1.npy,batch-f3-nonlinear-direct-edge-detection,17745742887213726326,798043870781906015,7765074671806551276,0.3470902999979444,,,batch-f3-nonlinear-direct-edge-detection-20260825-001
F3,X1,X2,f3-nonlinear-direct-edge-detection,21,2,0.31994383031941487,0.005,residual_samples/batch-21-replication-2.csv,null_statistics/batch-21-replication-2.npy,batch-f3-nonlinear-direct-edge-detection,10752258361063859368,7133005428238535003,1438605927868367006,0.3497409999836236,,,batch-f3-nonlinear-direct-edge-detection-20260825-001
F3,X1,X2,f3-nonlinear-direct-edge-detection,21,3,0.3191406170253407,0.005,residual_samples/batch-21-replication-3.csv,null_statistics/batch-21-replication-3.npy,batch-f3-nonlinear-direct-edge-detection,16669062256892378677,5887034226328275238,2276415697772769905,0.35252380004385486,,,batch-f3-nonlinear-direct-edge-detection-20260825-001
F3,X1,X2,f3-nonlinear-direct-edge-detection,21,4,0.31449436389813773,0.005,residual_samples/batch-21-replication-4.csv,null_statistics/batch-21-replication-4.npy,batch-f3-nonlinear-direct-edge-detection,14822619932711925618,1395020721892734401,9509005709202968196,0.38052399997832254,,,batch-f3-nonlinear-direct-edge-detection-20260825-001
F3,X1,X2,f3-nonlinear-direct-edge-detection,21,5,0.3234919017947936,0.005,residual_samples/batch-21-replication-5.csv,null_statistics/batch-21-replication-5.npy,batch-f3-nonlinear-direct-edge-detection,18002959308374521052,17547266380076480056,12133809401414359895,0.47438779997173697,,,batch-f3-nonlinear-direct-edge-detection-20260825-001
F3,X1,X2,f3-nonlinear-direct-edge-detection,21,6,0.2976934488479272,0.005,residual_samples/batch-21-replication-6.csv,null_statistics/batch-21-replication-6.npy,batch-f3-nonlinear-direct-edge-detection,5016446514690926411,481668563703043216,1115297408707828930,0.35163619997911155,,,batch-f3-nonlinear-direct-edge-detection-20260825-001
F3,X1,X2,f3-nonlinear-direct-edge-detection,21,7,0.2925008344518351,0.005,residual_samples/batch-21-replication-7.csv,null_statistics/batch-21-replication-7.npy,batch-f3-nonlinear-direct-edge-detection,2881624690908100886,16020966308095434538,3672534424976954407,0.34982540004421026,,,batch-f3-nonlinear-direct-edge-detection-20260825-001
F3,X1,X2,f3-nonlinear-direct-edge-detection,21,8,0.3095829232733944,0.005,residual_samples/batch-21-replication-8.csv,null_statistics/batch-21-replication-8.npy,batch-f3-nonlinear-direct-edge-detection,13184408990085900519,350008590361933744,3147076822275566981,0.35154380003223196,,,batch-f3-nonlinear-direct-edge-detection-20260825-001
F3,X1,X2,f3-nonlinear-direct-edge-detection,21,9,0.30643855975902207,0.005,residual_samples/batch-21-replication-9.csv,null_statistics/batch-21-replication-9.npy,batch-f3-nonlinear-direct-edge-detection,14905168735912732519,9977942177026128585,8558205665707872541,0.34831540001323447,,,batch-f3-nonlinear-direct-edge-detection-20260825-001
F3,X1,X2,f3-nonlinear-direct-edge-detection,22,0,0.31716205127149577,0.005,residual_samples/batch-22-replication-0.csv,null_statistics/batch-22-replication-0.npy,batch-f3-nonlinear-direct-edge-detection,13956012586259529977,13182612702826043624,17246383799219401742,0.35014350002165884,,,batch-f3-nonlinear-direct-edge-detection-20260825-001
F3,X1,X2,f3-nonlinear-direct-edge-detection,22,1,0.3442847881209609,0.005,residual_samples/batch-22-replication-1.csv,null_statistics/batch-22-replication-1.npy,batch-f3-nonlinear-direct-edge-detection,12733733840796460604,10777171224418711426,10202425722119613858,0.36237360001541674,,,batch-f3-nonlinear-direct-edge-detection-20260825-001
F3,X1,X2,f3-nonlinear-direct-edge-detection,22,2,0.3057363114538019,0.005,residual_samples/batch-22-replication-2.csv,null_statistics/batch-22-replication-2.npy,batch-f3-nonlinear-direct-edge-detection,9889149650062893125,5470210188767412471,648912794387476285,0.3506399000179954,,,batch-f3-nonlinear-direct-edge-detection-20260825-001
F3,X1,X2,f3-nonlinear-direct-edge-detection,22,3,0.33429583253058626,0.005,residual_samples/batch-22-replication-3.csv,null_statistics/batch-22-replication-3.npy,batch-f3-nonlinear-direct-edge-detection,2103036013998164389,6758441026162571032,2177194913675421784,0.3620424999971874,,,batch-f3-nonlinear-direct-edge-detection-20260825-001
F3,X1,X2,f3-nonlinear-direct-edge-detection,22,4,0.3312389243218293,0.005,residual_samples/batch-22-replication-4.csv,null_statistics/batch-22-replication-4.npy,batch-f3-nonlinear-direct-edge-detection,11697553303635800719,1553631478962257148,4854403164510717657,0.35828839999157935,,,batch-f3-nonlinear-direct-edge-detection-20260825-001
F3,X1,X2,f3-nonlinear-direct-edge-detection,22,5,0.30997059452316345,0.005,residual_samples/batch-22-replication-5.csv,null_statistics/batch-22-replication-5.npy,batch-f3-nonlinear-direct-edge-detection,2830088574439329982,2198036787442991896,1422036514442559111,0.3615988999954425,,,batch-f3-nonlinear-direct-edge-detection-20260825-001
F3,X1,X2,f3-nonlinear-direct-edge-detection,22,6,0.3020395443744159,0.005,residual_samples/batch-22-replication-6.csv,null_statistics/batch-22-replication-6.npy,batch-f3-nonlinear-direct-edge-detection,12315847210634504121,13791682493663366756,10246477385768676644,0.35735740000382066,,,batch-f3-nonlinear-direct-edge-detection-20260825-001
F3,X1,X2,f3-nonlinear-direct-edge-detection,22,7,0.3274012883680355,0.005,residual_samples/batch-22-replication-7.csv,null_statistics/batch-22-replication-7.npy,batch-f3-nonlinear-direct-edge-detection,17809967589270835444,8473421035388204425,18113016181083770642,0.3562935999943875,,,batch-f3-nonlinear-direct-edge-detection-20260825-001
F3,X1,X2,f3-nonlinear-direct-edge-detection,22,8,0.3320394036606847,0.005,residual_samples/batch-22-replication-8.csv,null_statistics/batch-22-replication-8.npy,batch-f3-nonlinear-direct-edge-detection,13200326901317953407,5736014199883704959,8522381365602736416,0.34904180001467466,,,batch-f3-nonlinear-direct-edge-detection-20260825-001
F3,X1,X2,f3-nonlinear-direct-edge-detection,22,9,0.29411810660851956,0.005,residual_samples/batch-22-replication-9.csv,null_statistics/batch-22-replication-9.npy,batch-f3-nonlinear-direct-edge-detection,4667429348563885689,1329751063296170912,17034789291345078638,0.35179469996364787,,,batch-f3-nonlinear-direct-edge-detection-20260825-001
F3,X1,X2,f3-nonlinear-direct-edge-detection,23,0,0.32526440748104035,0.005,residual_samples/batch-23-replication-0.csv,null_statistics/batch-23-replication-0.npy,batch-f3-nonlinear-direct-edge-detection,2164568017993403732,8316261477735604491,8028796438469890721,0.35084110003663227,,,batch-f3-nonlinear-direct-edge-detection-20260825-001
F3,X1,X2,f3-nonlinear-direct-edge-detection,23,1,0.30677017158001607,0.005,residual_samples/batch-23-replication-1.csv,null_statistics/batch-23-replication-1.npy,batch-f3-nonlinear-direct-edge-detection,7289017782583009736,16873787814859817445,977759457558571565,0.45034989999840036,,,batch-f3-nonlinear-direct-edge-detection-20260825-001
F3,X1,X2,f3-nonlinear-direct-edge-detection,23,2,0.3214984126546826,0.005,residual_samples/batch-23-replication-2.csv,null_statistics/batch-23-replication-2.npy,batch-f3-nonlinear-direct-edge-detection,13098614948486932091,2760550267572776929,7638758892956444477,0.42420089995721355,,,batch-f3-nonlinear-direct-edge-detection-20260825-001
F3,X1,X2,f3-nonlinear-direct-edge-detection,23,3,0.2984033774346039,0.005,residual_samples/batch-23-replication-3.csv,null_statistics/batch-23-replication-3.npy,batch-f3-nonlinear-direct-edge-detection,279521203524973729,16266263049626234395,10521443785102792546,0.36523310001939535,,,batch-f3-nonlinear-direct-edge-detection-20260825-001
F3,X1,X2,f3-nonlinear-direct-edge-detection,23,4,0.29841749775507354,0.005,residual_samples/batch-23-replication-4.csv,null_statistics/batch-23-replication-4.npy,batch-f3-nonlinear-direct-edge-detection,6698221099740283880,17706730987344610123,6816323077834370931,0.3416140000335872,,,batch-f3-nonlinear-direct-edge-detection-20260825-001
F3,X1,X2,f3-nonlinear-direct-edge-detection,23,5,0.34821635943916335,0.005,residual_samples/batch-23-replication-5.csv,null_statistics/batch-23-replication-5.npy,batch-f3-nonlinear-direct-edge-detection,1993701541017238719,6079966960319880652,1289538260630372394,0.35256400000071153,,,batch-f3-nonlinear-direct-edge-detection-20260825-001
F3,X1,X2,f3-nonlinear-direct-edge-detection,23,6,0.3025883486586583,0.005,residual_samples/batch-23-replication-6.csv,null_statistics/batch-23-replication-6.npy,batch-f3-nonlinear-direct-edge-detection,6164655729451995763,2047347938658091330,10678666904145313414,0.3489107000059448,,,batch-f3-nonlinear-direct-edge-detection-20260825-001
F3,X1,X2,f3-nonlinear-direct-edge-detection,23,7,0.3095699764354265,0.005,residual_samples/batch-23-replication-7.csv,null_statistics/batch-23-replication-7.npy,batch-f3-nonlinear-direct-edge-detection,3968176986301427500,5655077523617628493,6373086821971412623,0.35442950000287965,,,batch-f3-nonlinear-direct-edge-detection-20260825-001
F3,X1,X2,f3-nonlinear-direct-edge-detection,23,8,0.3282097515746955,0.005,residual_samples/batch-23-replication-8.csv,null_statistics/batch-23-replication-8.npy,batch-f3-nonlinear-direct-edge-detection,9783961067838236368,14125415058169126737,10615609349291380602,0.37683090002974495,,,batch-f3-nonlinear-direct-edge-detection-20260825-001
F3,X1,X2,f3-nonlinear-direct-edge-detection,23,9,0.3050008582247128,0.005,residual_samples/batch-23-replication-9.csv,null_statistics/batch-23-replication-9.npy,batch-f3-nonlinear-direct-edge-detection,8536406102818578020,10323910877193879775,16934235234891312297,0.4569059999776073,,,batch-f3-nonlinear-direct-edge-detection-20260825-001
F3,X1,X2,f3-nonlinear-direct-edge-detection,24,0,0.3181793397826515,0.005,residual_samples/batch-24-replication-0.csv,null_statistics/batch-24-replication-0.npy,batch-f3-nonlinear-direct-edge-detection,9023518983767933638,4158340251686896716,5023082574517965208,0.3704946000361815,,,batch-f3-nonlinear-direct-edge-detection-20260825-001
F3,X1,X2,f3-nonlinear-direct-edge-detection,24,1,0.2957437634634189,0.005,residual_samples/batch-24-replication-1.csv,null_statistics/batch-24-replication-1.npy,batch-f3-nonlinear-direct-edge-detection,1477007354798510223,2500678746628654374,9267666315915410875,0.4346602999721654,,,batch-f3-nonlinear-direct-edge-detection-20260825-001
F3,X1,X2,f3-nonlinear-direct-edge-detection,24,2,0.299467241953195,0.005,residual_samples/batch-24-replication-2.csv,null_statistics/batch-24-replication-2.npy,batch-f3-nonlinear-direct-edge-detection,13805884622930382950,11889615792472188960,7847983635359689121,0.40360670001246035,,,batch-f3-nonlinear-direct-edge-detection-20260825-001
F3,X1,X2,f3-nonlinear-direct-edge-detection,24,3,0.32054364065404695,0.005,residual_samples/batch-24-replication-3.csv,null_statistics/batch-24-replication-3.npy,batch-f3-nonlinear-direct-edge-detection,5337319686386403061,3464049414171812885,14823167906206159058,0.3687641000142321,,,batch-f3-nonlinear-direct-edge-detection-20260825-001
F3,X1,X2,f3-nonlinear-direct-edge-detection,24,4,0.3192110005262283,0.005,residual_samples/batch-24-replication-4.csv,null_statistics/batch-24-replication-4.npy,batch-f3-nonlinear-direct-edge-detection,14635868672174876522,10566712772281047624,4260955553607567656,0.3646446999628097,,,batch-f3-nonlinear-direct-edge-detection-20260825-001
F3,X1,X2,f3-nonlinear-direct-edge-detection,24,5,0.27918647472402214,0.005,residual_samples/batch-24-replication-5.csv,null_statistics/batch-24-replication-5.npy,batch-f3-nonlinear-direct-edge-detection,17428847954677306949,18375559158916135682,2626107402893615745,0.3831961000105366,,,batch-f3-nonlinear-direct-edge-detection-20260825-001
F3,X1,X2,f3-nonlinear-direct-edge-detection,24,6,0.3379621459018335,0.005,residual_samples/batch-24-replication-6.csv,null_statistics/batch-24-replication-6.npy,batch-f3-nonlinear-direct-edge-detection,13429481985028454196,5314047654597722039,7317842676210070560,0.3961837000097148,,,batch-f3-nonlinear-direct-edge-detection-20260825-001
F3,X1,X2,f3-nonlinear-direct-edge-detection,24,7,0.31322390704122144,0.005,residual_samples/batch-24-replication-7.csv,null_statistics/batch-24-replication-7.npy,batch-f3-nonlinear-direct-edge-detection,2071094139476032977,383833096773150413,7209620536449707403,0.4153564000152983,,,batch-f3-nonlinear-direct-edge-detection-20260825-001
F3,X1,X2,f3-nonlinear-direct-edge-detection,24,8,0.3052674326273483,0.005,residual_samples/batch-24-replication-8.csv,null_statistics/batch-24-replication-8.npy,batch-f3-nonlinear-direct-edge-detection,6230036085357836518,17073241119169923225,3691479189114789977,0.3827599000069313,,,batch-f3-nonlinear-direct-edge-detection-20260825-001
F3,X1,X2,f3-nonlinear-direct-edge-detection,24,9,0.31286437355961333,0.005,residual_samples/batch-24-replication-9.csv,null_statistics/batch-24-replication-9.npy,batch-f3-nonlinear-direct-edge-detection,16313770005025245535,8247075183422232271,17341320822268164569,0.36452050000661984,,,batch-f3-nonlinear-direct-edge-detection-20260825-001
F3,X1,X2,f3-nonlinear-direct-edge-detection,25,0,0.30606874940879264,0.005,residual_samples/batch-25-replication-0.csv,null_statistics/batch-25-replication-0.npy,batch-f3-nonlinear-direct-edge-detection,5459998338660783750,9570232601999307080,10683999440341439317,0.3548795999959111,,,batch-f3-nonlinear-direct-edge-detection-20260825-001
F3,X1,X2,f3-nonlinear-direct-edge-detection,25,1,0.2993643607145568,0.005,residual_samples/batch-25-replication-1.csv,null_statistics/batch-25-replication-1.npy,batch-f3-nonlinear-direct-edge-detection,323222214345079507,14170223909900290760,13454053809150732484,0.3437885000021197,,,batch-f3-nonlinear-direct-edge-detection-20260825-001
F3,X1,X2,f3-nonlinear-direct-edge-detection,25,2,0.31142247370439313,0.005,residual_samples/batch-25-replication-2.csv,null_statistics/batch-25-replication-2.npy,batch-f3-nonlinear-direct-edge-detection,5410431759352097357,4339977394952801384,13019580315464540749,0.3492846000008285,,,batch-f3-nonlinear-direct-edge-detection-20260825-001
F3,X1,X2,f3-nonlinear-direct-edge-detection,25,3,0.30654222265950143,0.005,residual_samples/batch-25-replication-3.csv,null_statistics/batch-25-replication-3.npy,batch-f3-nonlinear-direct-edge-detection,5749867626797527310,5260678077320204419,4484131094209638741,0.3553591000381857,,,batch-f3-nonlinear-direct-edge-detection-20260825-001
F3,X1,X2,f3-nonlinear-direct-edge-detection,25,4,0.3053485570164403,0.005,residual_samples/batch-25-replication-4.csv,null_statistics/batch-25-replication-4.npy,batch-f3-nonlinear-direct-edge-detection,10958058960941561624,2346541805561643649,11939514295790972530,0.33369759999914095,,,batch-f3-nonlinear-direct-edge-detection-20260825-001
F3,X1,X2,f3-nonlinear-direct-edge-detection,25,5,0.31423544287135124,0.005,residual_samples/batch-25-replication-5.csv,null_statistics/batch-25-replication-5.npy,batch-f3-nonlinear-direct-edge-detection,3605477590320656055,6313735727581876636,14596045833945472734,0.4201199000235647,,,batch-f3-nonlinear-direct-edge-detection-20260825-001
F3,X1,X2,f3-nonlinear-direct-edge-detection,25,6,0.3012606235825914,0.005,residual_samples/batch-25-replication-6.csv,null_statistics/batch-25-replication-6.npy,batch-f3-nonlinear-direct-edge-detection,1203349471196374140,16164558797778080886,4234164642099076573,0.3770669000223279,,,batch-f3-nonlinear-direct-edge-detection-20260825-001
F3,X1,X2,f3-nonlinear-direct-edge-detection,25,7,0.3140451037778228,0.005,residual_samples/batch-25-replication-7.csv,null_statistics/batch-25-replication-7.npy,batch-f3-nonlinear-direct-edge-detection,12893365436432375574,18291559449513997823,1220643897585074712,0.3471239999635145,,,batch-f3-nonlinear-direct-edge-detection-20260825-001
F3,X1,X2,f3-nonlinear-direct-edge-detection,25,8,0.3139715494889571,0.005,residual_samples/batch-25-replication-8.csv,null_statistics/batch-25-replication-8.npy,batch-f3-nonlinear-direct-edge-detection,13768517767529896388,14078650559341731223,13863656570398647839,0.34280610003042966,,,batch-f3-nonlinear-direct-edge-detection-20260825-001
F3,X1,X2,f3-nonlinear-direct-edge-detection,25,9,0.3122440547282746,0.005,residual_samples/batch-25-replication-9.csv,null_statistics/batch-25-replication-9.npy,batch-f3-nonlinear-direct-edge-detection,17031891779929196376,2688716673586178533,1795944628960579900,0.3483406999730505,,,batch-f3-nonlinear-direct-edge-detection-20260825-001
F3,X1,X2,f3-nonlinear-direct-edge-detection,26,0,0.31940876858263195,0.005,residual_samples/batch-26-replication-0.csv,null_statistics/batch-26-replication-0.npy,batch-f3-nonlinear-direct-edge-detection,439606746565254939,14603950979585557347,15360710995923507102,0.3496136000030674,,,batch-f3-nonlinear-direct-edge-detection-20260825-001
F3,X1,X2,f3-nonlinear-direct-edge-detection,26,1,0.2860423825183386,0.005,residual_samples/batch-26-replication-1.csv,null_statistics/batch-26-replication-1.npy,batch-f3-nonlinear-direct-edge-detection,10603736477282077154,17966584014839152925,5422722353921858253,0.35253229999216273,,,batch-f3-nonlinear-direct-edge-detection-20260825-001
F3,X1,X2,f3-nonlinear-direct-edge-detection,26,2,0.3084353536342251,0.005,residual_samples/batch-26-replication-2.csv,null_statistics/batch-26-replication-2.npy,batch-f3-nonlinear-direct-edge-detection,12193259749601668429,13270919626271594944,17736087274158894178,0.36116949998540804,,,batch-f3-nonlinear-direct-edge-detection-20260825-001
F3,X1,X2,f3-nonlinear-direct-edge-detection,26,3,0.32764365166364806,0.005,residual_samples/batch-26-replication-3.csv,null_statistics/batch-26-replication-3.npy,batch-f3-nonlinear-direct-edge-detection,15156644935353927562,9127667705015303438,10342561435325657821,0.35812239994993433,,,batch-f3-nonlinear-direct-edge-detection-20260825-001
F3,X1,X2,f3-nonlinear-direct-edge-detection,26,4,0.3052832441162652,0.005,residual_samples/batch-26-replication-4.csv,null_statistics/batch-26-replication-4.npy,batch-f3-nonlinear-direct-edge-detection,3224526330100604791,14524018337753346300,15932056940341523881,0.35384489997522905,,,batch-f3-nonlinear-direct-edge-detection-20260825-001
F3,X1,X2,f3-nonlinear-direct-edge-detection,26,5,0.3212754408931851,0.005,residual_samples/batch-26-replication-5.csv,null_statistics/batch-26-replication-5.npy,batch-f3-nonlinear-direct-edge-detection,13183998208779133328,10425269970066020638,2372776150480917088,0.3545155000174418,,,batch-f3-nonlinear-direct-edge-detection-20260825-001
F3,X1,X2,f3-nonlinear-direct-edge-detection,26,6,0.2782539640825025,0.005,residual_samples/batch-26-replication-6.csv,null_statistics/batch-26-replication-6.npy,batch-f3-nonlinear-direct-edge-detection,4626127299536845366,2783187446721277255,3322169300119755461,0.35747250000713393,,,batch-f3-nonlinear-direct-edge-detection-20260825-001
F3,X1,X2,f3-nonlinear-direct-edge-detection,26,7,0.323241300402337,0.005,residual_samples/batch-26-replication-7.csv,null_statistics/batch-26-replication-7.npy,batch-f3-nonlinear-direct-edge-detection,3615718977795612320,6048558431715953159,11150071589692424440,0.3496232000179589,,,batch-f3-nonlinear-direct-edge-detection-20260825-001
F3,X1,X2,f3-nonlinear-direct-edge-detection,26,8,0.29462627774038264,0.005,residual_samples/batch-26-replication-8.csv,null_statistics/batch-26-replication-8.npy,batch-f3-nonlinear-direct-edge-detection,1215663331203115523,8414360416250274782,15465317533090077134,0.3485239000292495,,,batch-f3-nonlinear-direct-edge-detection-20260825-001
F3,X1,X2,f3-nonlinear-direct-edge-detection,26,9,0.30783167861949984,0.005,residual_samples/batch-26-replication-9.csv,null_statistics/batch-26-replication-9.npy,batch-f3-nonlinear-direct-edge-detection,5186026420241534976,654942246050797375,15658337367303522870,0.35092870000516996,,,batch-f3-nonlinear-direct-edge-detection-20260825-001
F3,X1,X2,f3-nonlinear-direct-edge-detection,27,0,0.2992708128769486,0.005,residual_samples/batch-27-replication-0.csv,null_statistics/batch-27-replication-0.npy,batch-f3-nonlinear-direct-edge-detection,18405050806960150416,5759040795682420426,8145372849887117566,0.35239469999214634,,,batch-f3-nonlinear-direct-edge-detection-20260825-001
F3,X1,X2,f3-nonlinear-direct-edge-detection,27,1,0.3280837901104428,0.005,residual_samples/batch-27-replication-1.csv,null_statistics/batch-27-replication-1.npy,batch-f3-nonlinear-direct-edge-detection,9417616776055019588,3327043983460674867,7052065621787825174,0.34851809998508543,,,batch-f3-nonlinear-direct-edge-detection-20260825-001
F3,X1,X2,f3-nonlinear-direct-edge-detection,27,2,0.30875941358312353,0.005,residual_samples/batch-27-replication-2.csv,null_statistics/batch-27-replication-2.npy,batch-f3-nonlinear-direct-edge-detection,3640430348275810914,5313934956069754936,6358648197455136638,0.3373369000037201,,,batch-f3-nonlinear-direct-edge-detection-20260825-001
F3,X1,X2,f3-nonlinear-direct-edge-detection,27,3,0.3247106927313136,0.005,residual_samples/batch-27-replication-3.csv,null_statistics/batch-27-replication-3.npy,batch-f3-nonlinear-direct-edge-detection,1705666612976953408,7116783014295542806,4717501670064182326,0.35778369999025017,,,batch-f3-nonlinear-direct-edge-detection-20260825-001
F3,X1,X2,f3-nonlinear-direct-edge-detection,27,4,0.3155361980702962,0.005,residual_samples/batch-27-replication-4.csv,null_statistics/batch-27-replication-4.npy,batch-f3-nonlinear-direct-edge-detection,8831681946740337048,8548687837851895555,13039998722886820965,0.3715636000270024,,,batch-f3-nonlinear-direct-edge-detection-20260825-001
F3,X1,X2,f3-nonlinear-direct-edge-detection,27,5,0.34855412865854357,0.005,residual_samples/batch-27-replication-5.csv,null_statistics/batch-27-replication-5.npy,batch-f3-nonlinear-direct-edge-detection,3993065698508856266,1982570258084867216,550268507132256982,0.3842900000163354,,,batch-f3-nonlinear-direct-edge-detection-20260825-001
F3,X1,X2,f3-nonlinear-direct-edge-detection,27,6,0.3042357162381198,0.005,residual_samples/batch-27-replication-6.csv,null_statistics/batch-27-replication-6.npy,batch-f3-nonlinear-direct-edge-detection,6562392720489743272,3096807147015557737,15589813551331931779,0.3784886000212282,,,batch-f3-nonlinear-direct-edge-detection-20260825-001
F3,X1,X2,f3-nonlinear-direct-edge-detection,27,7,0.3071402923990104,0.005,residual_samples/batch-27-replication-7.csv,null_statistics/batch-27-replication-7.npy,batch-f3-nonlinear-direct-edge-detection,7058190840019173196,9853113502847123570,4140453478563623542,0.34707580000394955,,,batch-f3-nonlinear-direct-edge-detection-20260825-001
F3,X1,X2,f3-nonlinear-direct-edge-detection,27,8,0.3119987790143917,0.005,residual_samples/batch-27-replication-8.csv,null_statistics/batch-27-replication-8.npy,batch-f3-nonlinear-direct-edge-detection,9949829179664578649,16195810125995870149,15948618576377501917,0.35608409997075796,,,batch-f3-nonlinear-direct-edge-detection-20260825-001
F3,X1,X2,f3-nonlinear-direct-edge-detection,27,9,0.272295443072032,0.005,residual_samples/batch-27-replication-9.csv,null_statistics/batch-27-replication-9.npy,batch-f3-nonlinear-direct-edge-detection,447429096840713319,483170568084789399,16575000296289953983,0.3460857000318356,,,batch-f3-nonlinear-direct-edge-detection-20260825-001
F3,X1,X2,f3-nonlinear-direct-edge-detection,28,0,0.32555191004649164,0.005,residual_samples/batch-28-replication-0.csv,null_statistics/batch-28-replication-0.npy,batch-f3-nonlinear-direct-edge-detection,680179648763974905,17288222644001372243,12440684329480827014,0.3440493000089191,,,batch-f3-nonlinear-direct-edge-detection-20260825-001
F3,X1,X2,f3-nonlinear-direct-edge-detection,28,1,0.3036872041400657,0.005,residual_samples/batch-28-replication-1.csv,null_statistics/batch-28-replication-1.npy,batch-f3-nonlinear-direct-edge-detection,7231308103983277619,7345291879897763284,15887029252631900046,0.3535709999850951,,,batch-f3-nonlinear-direct-edge-detection-20260825-001
F3,X1,X2,f3-nonlinear-direct-edge-detection,28,2,0.3248815264600741,0.005,residual_samples/batch-28-replication-2.csv,null_statistics/batch-28-replication-2.npy,batch-f3-nonlinear-direct-edge-detection,11328766033765101759,3183625303988365472,2724448005352605948,0.34969409997574985,,,batch-f3-nonlinear-direct-edge-detection-20260825-001
F3,X1,X2,f3-nonlinear-direct-edge-detection,28,3,0.31323829089265953,0.005,residual_samples/batch-28-replication-3.csv,null_statistics/batch-28-replication-3.npy,batch-f3-nonlinear-direct-edge-detection,5400009131760936126,15513984559987801993,5052406091242123202,0.3502623999956995,,,batch-f3-nonlinear-direct-edge-detection-20260825-001
F3,X1,X2,f3-nonlinear-direct-edge-detection,28,4,0.3174005476599311,0.005,residual_samples/batch-28-replication-4.csv,null_statistics/batch-28-replication-4.npy,batch-f3-nonlinear-direct-edge-detection,11202213498755836760,1350479621955084290,8026288763864957990,0.3473528000176884,,,batch-f3-nonlinear-direct-edge-detection-20260825-001
F3,X1,X2,f3-nonlinear-direct-edge-detection,28,5,0.3025966485503984,0.005,residual_samples/batch-28-replication-5.csv,null_statistics/batch-28-replication-5.npy,batch-f3-nonlinear-direct-edge-detection,14059750486978298542,7507935695729755847,6171124104723078417,0.3462065000203438,,,batch-f3-nonlinear-direct-edge-detection-20260825-001
F3,X1,X2,f3-nonlinear-direct-edge-detection,28,6,0.3076921017171045,0.005,residual_samples/batch-28-replication-6.csv,null_statistics/batch-28-replication-6.npy,batch-f3-nonlinear-direct-edge-detection,4647695062344812504,6380740587200792675,4080948585430988889,0.3515956999617629,,,batch-f3-nonlinear-direct-edge-detection-20260825-001
F3,X1,X2,f3-nonlinear-direct-edge-detection,28,7,0.3141794700399928,0.005,residual_samples/batch-28-replication-7.csv,null_statistics/batch-28-replication-7.npy,batch-f3-nonlinear-direct-edge-detection,8109239950113167199,16628589827266238980,10467945481983226292,0.3533273999928497,,,batch-f3-nonlinear-direct-edge-detection-20260825-001
F3,X1,X2,f3-nonlinear-direct-edge-detection,28,8,0.3309314539135585,0.005,residual_samples/batch-28-replication-8.csv,null_statistics/batch-28-replication-8.npy,batch-f3-nonlinear-direct-edge-detection,212627254517201143,10738700432647734143,10895498615644225789,0.3503356999717653,,,batch-f3-nonlinear-direct-edge-detection-20260825-001
F3,X1,X2,f3-nonlinear-direct-edge-detection,28,9,0.31784788143760084,0.005,residual_samples/batch-28-replication-9.csv,null_statistics/batch-28-replication-9.npy,batch-f3-nonlinear-direct-edge-detection,6375415984207511887,17857433242003123640,8353336572485712737,0.34842029999708757,,,batch-f3-nonlinear-direct-edge-detection-20260825-001
F3,X1,X2,f3-nonlinear-direct-edge-detection,29,0,0.28032950000672946,0.005,residual_samples/batch-29-replication-0.csv,null_statistics/batch-29-replication-0.npy,batch-f3-nonlinear-direct-edge-detection,3919567153735452247,1252317924604080704,5893305253967904587,0.34836629999335855,,,batch-f3-nonlinear-direct-edge-detection-20260825-001
F3,X1,X2,f3-nonlinear-direct-edge-detection,29,1,0.3202170308730535,0.005,residual_samples/batch-29-replication-1.csv,null_statistics/batch-29-replication-1.npy,batch-f3-nonlinear-direct-edge-detection,4776578622192222695,460868138266510271,1255299326862842057,0.34930369997164235,,,batch-f3-nonlinear-direct-edge-detection-20260825-001
F3,X1,X2,f3-nonlinear-direct-edge-detection,29,2,0.3268535921217691,0.005,residual_samples/batch-29-replication-2.csv,null_statistics/batch-29-replication-2.npy,batch-f3-nonlinear-direct-edge-detection,10463625047149915098,5161023819721041817,16736377625801038220,0.3528428999707103,,,batch-f3-nonlinear-direct-edge-detection-20260825-001
F3,X1,X2,f3-nonlinear-direct-edge-detection,29,3,0.3205069974901647,0.005,residual_samples/batch-29-replication-3.csv,null_statistics/batch-29-replication-3.npy,batch-f3-nonlinear-direct-edge-detection,6760172566224633662,8167504632362522881,7631476346026551412,0.3538730999571271,,,batch-f3-nonlinear-direct-edge-detection-20260825-001
F3,X1,X2,f3-nonlinear-direct-edge-detection,29,4,0.2973331028899217,0.005,residual_samples/batch-29-replication-4.csv,null_statistics/batch-29-replication-4.npy,batch-f3-nonlinear-direct-edge-detection,7170937602969524586,4298101918819023882,10951083162776659914,0.3524950999999419,,,batch-f3-nonlinear-direct-edge-detection-20260825-001
F3,X1,X2,f3-nonlinear-direct-edge-detection,29,5,0.31198932537359747,0.005,residual_samples/batch-29-replication-5.csv,null_statistics/batch-29-replication-5.npy,batch-f3-nonlinear-direct-edge-detection,2274917362482083452,15481228531222499742,14422913839510043591,0.3586331999977119,,,batch-f3-nonlinear-direct-edge-detection-20260825-001
F3,X1,X2,f3-nonlinear-direct-edge-detection,29,6,0.31131616946772417,0.005,residual_samples/batch-29-replication-6.csv,null_statistics/batch-29-replication-6.npy,batch-f3-nonlinear-direct-edge-detection,101685377287539186,16930575548823418059,14240742129498974501,0.3491282000322826,,,batch-f3-nonlinear-direct-edge-detection-20260825-001
F3,X1,X2,f3-nonlinear-direct-edge-detection,29,7,0.31488092821265085,0.005,residual_samples/batch-29-replication-7.csv,null_statistics/batch-29-replication-7.npy,batch-f3-nonlinear-direct-edge-detection,1691056811506626774,14881521675247333753,4132320673124914879,0.3689771000063047,,,batch-f3-nonlinear-direct-edge-detection-20260825-001
F3,X1,X2,f3-nonlinear-direct-edge-detection,29,8,0.3312949835402688,0.005,residual_samples/batch-29-replication-8.csv,null_statistics/batch-29-replication-8.npy,batch-f3-nonlinear-direct-edge-detection,1402871842434527110,2028196644372962553,13437380259421082740,0.3445054999901913,,,batch-f3-nonlinear-direct-edge-detection-20260825-001
F3,X1,X2,f3-nonlinear-direct-edge-detection,29,9,0.3190675273516278,0.005,residual_samples/batch-29-replication-9.csv,null_statistics/batch-29-replication-9.npy,batch-f3-nonlinear-direct-edge-detection,13481196890911054799,11340682881646773515,15398230922361406458,0.3461114000529051,,,batch-f3-nonlinear-direct-edge-detection-20260825-001
F3,X1,X2,f3-nonlinear-direct-edge-detection,30,0,0.316275280122504,0.005,residual_samples/batch-30-replication-0.csv,null_statistics/batch-30-replication-0.npy,batch-f3-nonlinear-direct-edge-detection,2950664206021846325,13373267737184207535,10313410715655598924,0.3516759999911301,,,batch-f3-nonlinear-direct-edge-detection-20260825-001
F3,X1,X2,f3-nonlinear-direct-edge-detection,30,1,0.3155631604390369,0.005,residual_samples/batch-30-replication-1.csv,null_statistics/batch-30-replication-1.npy,batch-f3-nonlinear-direct-edge-detection,14732587638750558303,17462828338093374713,6474974020376131138,0.3507563999737613,,,batch-f3-nonlinear-direct-edge-detection-20260825-001
F3,X1,X2,f3-nonlinear-direct-edge-detection,30,2,0.310033541467694,0.005,residual_samples/batch-30-replication-2.csv,null_statistics/batch-30-replication-2.npy,batch-f3-nonlinear-direct-edge-detection,5249928547316631537,11116846506220367219,11845147003225082129,0.3467690999968909,,,batch-f3-nonlinear-direct-edge-detection-20260825-001
F3,X1,X2,f3-nonlinear-direct-edge-detection,30,3,0.30152744763261874,0.005,residual_samples/batch-30-replication-3.csv,null_statistics/batch-30-replication-3.npy,batch-f3-nonlinear-direct-edge-detection,2178350706493630242,7149331652790657021,9261482334144639705,0.34964859997853637,,,batch-f3-nonlinear-direct-edge-detection-20260825-001
F3,X1,X2,f3-nonlinear-direct-edge-detection,30,4,0.2968214638879087,0.005,residual_samples/batch-30-replication-4.csv,null_statistics/batch-30-replication-4.npy,batch-f3-nonlinear-direct-edge-detection,13338003495275294781,5813857653961905115,9963667315491327382,0.3628156000049785,,,batch-f3-nonlinear-direct-edge-detection-20260825-001
F3,X1,X2,f3-nonlinear-direct-edge-detection,30,5,0.2878816457752702,0.005,residual_samples/batch-30-replication-5.csv,null_statistics/batch-30-replication-5.npy,batch-f3-nonlinear-direct-edge-detection,18422770920503882570,14057572489728979457,10561717357635242482,0.34559129999252036,,,batch-f3-nonlinear-direct-edge-detection-20260825-001
F3,X1,X2,f3-nonlinear-direct-edge-detection,30,6,0.3125143752017026,0.005,residual_samples/batch-30-replication-6.csv,null_statistics/batch-30-replication-6.npy,batch-f3-nonlinear-direct-edge-detection,4499503433572800026,6518480049123616495,938856447875126537,0.3522938000387512,,,batch-f3-nonlinear-direct-edge-detection-20260825-001
F3,X1,X2,f3-nonlinear-direct-edge-detection,30,7,0.3264079783397226,0.005,residual_samples/batch-30-replication-7.csv,null_statistics/batch-30-replication-7.npy,batch-f3-nonlinear-direct-edge-detection,17516912225478550892,2058789958332316746,3673691323269260290,0.35270639997906983,,,batch-f3-nonlinear-direct-edge-detection-20260825-001
F3,X1,X2,f3-nonlinear-direct-edge-detection,30,8,0.3204608567811021,0.005,residual_samples/batch-30-replication-8.csv,null_statistics/batch-30-replication-8.npy,batch-f3-nonlinear-direct-edge-detection,7059213261484756764,7246366821445918043,10241123666393962573,0.3303895000135526,,,batch-f3-nonlinear-direct-edge-detection-20260825-001
F3,X1,X2,f3-nonlinear-direct-edge-detection,30,9,0.3024352393516176,0.005,residual_samples/batch-30-replication-9.csv,null_statistics/batch-30-replication-9.npy,batch-f3-nonlinear-direct-edge-detection,15016206321740925680,13697155950244635104,14561200342660687115,0.3518496000324376,,,batch-f3-nonlinear-direct-edge-detection-20260825-001
F3,X1,X2,f3-nonlinear-direct-edge-detection,31,0,0.33174405975988,0.005,residual_samples/batch-31-replication-0.csv,null_statistics/batch-31-replication-0.npy,batch-f3-nonlinear-direct-edge-detection,13280478345784654354,8577174529710613635,11834474292930751728,0.35349690000293776,,,batch-f3-nonlinear-direct-edge-detection-20260825-001
F3,X1,X2,f3-nonlinear-direct-edge-detection,31,1,0.306852588786619,0.005,residual_samples/batch-31-replication-1.csv,null_statistics/batch-31-replication-1.npy,batch-f3-nonlinear-direct-edge-detection,2964011745316274637,2993489567140560647,17854906208573225665,0.34354530001292005,,,batch-f3-nonlinear-direct-edge-detection-20260825-001
F3,X1,X2,f3-nonlinear-direct-edge-detection,31,2,0.3246911747470616,0.005,residual_samples/batch-31-replication-2.csv,null_statistics/batch-31-replication-2.npy,batch-f3-nonlinear-direct-edge-detection,11817972252613516732,9506951766532034895,18361386610458465808,0.34838689997559413,,,batch-f3-nonlinear-direct-edge-detection-20260825-001
F3,X1,X2,f3-nonlinear-direct-edge-detection,31,3,0.30992568005974674,0.005,residual_samples/batch-31-replication-3.csv,null_statistics/batch-31-replication-3.npy,batch-f3-nonlinear-direct-edge-detection,10781979674887464647,17797330339383820,5387085371317855935,0.3506776000140235,,,batch-f3-nonlinear-direct-edge-detection-20260825-001
F3,X1,X2,f3-nonlinear-direct-edge-detection,31,4,0.3158142307699426,0.005,residual_samples/batch-31-replication-4.csv,null_statistics/batch-31-replication-4.npy,batch-f3-nonlinear-direct-edge-detection,8643524513931957028,7908006740597179574,13841874213959452210,0.34644530003424734,,,batch-f3-nonlinear-direct-edge-detection-20260825-001
F3,X1,X2,f3-nonlinear-direct-edge-detection,31,5,0.3035509859996483,0.005,residual_samples/batch-31-replication-5.csv,null_statistics/batch-31-replication-5.npy,batch-f3-nonlinear-direct-edge-detection,5159544671208092589,10090186272187554594,2473187292585910814,0.3474904999602586,,,batch-f3-nonlinear-direct-edge-detection-20260825-001
F3,X1,X2,f3-nonlinear-direct-edge-detection,31,6,0.32845290299344165,0.005,residual_samples/batch-31-replication-6.csv,null_statistics/batch-31-replication-6.npy,batch-f3-nonlinear-direct-edge-detection,7508062923129453969,2675239040954245761,18357187199012516850,0.34983260004082695,,,batch-f3-nonlinear-direct-edge-detection-20260825-001
F3,X1,X2,f3-nonlinear-direct-edge-detection,31,7,0.2946824400447905,0.005,residual_samples/batch-31-replication-7.csv,null_statistics/batch-31-replication-7.npy,batch-f3-nonlinear-direct-edge-detection,8471422582051514536,18387089965334093962,10416689815055037553,0.3457580999820493,,,batch-f3-nonlinear-direct-edge-detection-20260825-001
F3,X1,X2,f3-nonlinear-direct-edge-detection,31,8,0.3150279985630501,0.005,residual_samples/batch-31-replication-8.csv,null_statistics/batch-31-replication-8.npy,batch-f3-nonlinear-direct-edge-detection,6624780656094355850,8924435279649026079,11442904801472034389,0.3471068000071682,,,batch-f3-nonlinear-direct-edge-detection-20260825-001
F3,X1,X2,f3-nonlinear-direct-edge-detection,31,9,0.3128391393417784,0.005,residual_samples/batch-31-replication-9.csv,null_statistics/batch-31-replication-9.npy,batch-f3-nonlinear-direct-edge-detection,2294536792447778729,5716115108347323727,7365259422920617662,0.375445400015451,,,batch-f3-nonlinear-direct-edge-detection-20260825-001
F3,X1,X2,f3-nonlinear-direct-edge-detection,32,0,0.30211224592422947,0.005,residual_samples/batch-32-replication-0.csv,null_statistics/batch-32-replication-0.npy,batch-f3-nonlinear-direct-edge-detection,6582835739678023217,11092356828519918546,11388146404966437330,0.347393199976068,,,batch-f3-nonlinear-direct-edge-detection-20260825-001
F3,X1,X2,f3-nonlinear-direct-edge-detection,32,1,0.3268641601672621,0.005,residual_samples/batch-32-replication-1.csv,null_statistics/batch-32-replication-1.npy,batch-f3-nonlinear-direct-edge-detection,2180833425157990519,15934874145527437866,15660797334960242729,0.34651370003120974,,,batch-f3-nonlinear-direct-edge-detection-20260825-001
F3,X1,X2,f3-nonlinear-direct-edge-detection,32,2,0.261807500923062,0.005,residual_samples/batch-32-replication-2.csv,null_statistics/batch-32-replication-2.npy,batch-f3-nonlinear-direct-edge-detection,13617627435802239497,1401957003208167281,5565551990167827871,0.35019099997589365,,,batch-f3-nonlinear-direct-edge-detection-20260825-001
F3,X1,X2,f3-nonlinear-direct-edge-detection,32,3,0.3272406237421683,0.005,residual_samples/batch-32-replication-3.csv,null_statistics/batch-32-replication-3.npy,batch-f3-nonlinear-direct-edge-detection,1088120742493304376,14966130983053955482,13628104470122666816,0.34794459998374805,,,batch-f3-nonlinear-direct-edge-detection-20260825-001
F3,X1,X2,f3-nonlinear-direct-edge-detection,32,4,0.32238316632862885,0.005,residual_samples/batch-32-replication-4.csv,null_statistics/batch-32-replication-4.npy,batch-f3-nonlinear-direct-edge-detection,8934774127434775859,13129495165939722597,16994807585551575892,0.3508536000153981,,,batch-f3-nonlinear-direct-edge-detection-20260825-001
F3,X1,X2,f3-nonlinear-direct-edge-detection,32,5,0.30181456890380703,0.005,residual_samples/batch-32-replication-5.csv,null_statistics/batch-32-replication-5.npy,batch-f3-nonlinear-direct-edge-detection,11768892737777930522,5085398423498012098,18260258850595618023,0.3471514999982901,,,batch-f3-nonlinear-direct-edge-detection-20260825-001
F3,X1,X2,f3-nonlinear-direct-edge-detection,32,6,0.3214517013089992,0.005,residual_samples/batch-32-replication-6.csv,null_statistics/batch-32-replication-6.npy,batch-f3-nonlinear-direct-edge-detection,4658668832303303483,11009021851290636021,13336936307111939376,0.3484565999824554,,,batch-f3-nonlinear-direct-edge-detection-20260825-001
F3,X1,X2,f3-nonlinear-direct-edge-detection,32,7,0.30878696919665116,0.005,residual_samples/batch-32-replication-7.csv,null_statistics/batch-32-replication-7.npy,batch-f3-nonlinear-direct-edge-detection,7883755623294174193,11999205818243167073,10025785930394738726,0.3476719000027515,,,batch-f3-nonlinear-direct-edge-detection-20260825-001
F3,X1,X2,f3-nonlinear-direct-edge-detection,32,8,0.28584005963661296,0.005,residual_samples/batch-32-replication-8.csv,null_statistics/batch-32-replication-8.npy,batch-f3-nonlinear-direct-edge-detection,9959551073985362152,4697600394875644329,11892166391449158693,0.34920259995851666,,,batch-f3-nonlinear-direct-edge-detection-20260825-001
F3,X1,X2,f3-nonlinear-direct-edge-detection,32,9,0.3359356648375928,0.005,residual_samples/batch-32-replication-9.csv,null_statistics/batch-32-replication-9.npy,batch-f3-nonlinear-direct-edge-detection,15633958389284637527,7617560159273425142,5886586023013944856,0.34214179997798055,,,batch-f3-nonlinear-direct-edge-detection-20260825-001
F3,X1,X2,f3-nonlinear-direct-edge-detection,33,0,0.3196091952572042,0.005,residual_samples/batch-33-replication-0.csv,null_statistics/batch-33-replication-0.npy,batch-f3-nonlinear-direct-edge-detection,5960788161712231384,14465543122708990985,14724830141667559155,0.3437151999678463,,,batch-f3-nonlinear-direct-edge-detection-20260825-001
F3,X1,X2,f3-nonlinear-direct-edge-detection,33,1,0.3304227257988046,0.005,residual_samples/batch-33-replication-1.csv,null_statistics/batch-33-replication-1.npy,batch-f3-nonlinear-direct-edge-detection,10570413770275248944,10155431301993618895,4454551845258326191,0.3451630999916233,,,batch-f3-nonlinear-direct-edge-detection-20260825-001
F3,X1,X2,f3-nonlinear-direct-edge-detection,33,2,0.315812349460335,0.005,residual_samples/batch-33-replication-2.csv,null_statistics/batch-33-replication-2.npy,batch-f3-nonlinear-direct-edge-detection,14191287416828581765,8750569819244237697,11457494263542062456,0.3431935000116937,,,batch-f3-nonlinear-direct-edge-detection-20260825-001
F3,X1,X2,f3-nonlinear-direct-edge-detection,33,3,0.31308341090557407,0.005,residual_samples/batch-33-replication-3.csv,null_statistics/batch-33-replication-3.npy,batch-f3-nonlinear-direct-edge-detection,16642359525338927525,6882589906785813596,15713377834060052672,0.34496920002857223,,,batch-f3-nonlinear-direct-edge-detection-20260825-001
F3,X1,X2,f3-nonlinear-direct-edge-detection,33,4,0.32435931207507035,0.005,residual_samples/batch-33-replication-4.csv,null_statistics/batch-33-replication-4.npy,batch-f3-nonlinear-direct-edge-detection,8692063680593694781,10411436176611661419,18376347408497576184,0.34572900005150586,,,batch-f3-nonlinear-direct-edge-detection-20260825-001
F3,X1,X2,f3-nonlinear-direct-edge-detection,33,5,0.31051734093074285,0.005,residual_samples/batch-33-replication-5.csv,null_statistics/batch-33-replication-5.npy,batch-f3-nonlinear-direct-edge-detection,7559274037329002544,6544003667934041519,10155186635010864689,0.34420650004176423,,,batch-f3-nonlinear-direct-edge-detection-20260825-001
F3,X1,X2,f3-nonlinear-direct-edge-detection,33,6,0.3021699869175258,0.005,residual_samples/batch-33-replication-6.csv,null_statistics/batch-33-replication-6.npy,batch-f3-nonlinear-direct-edge-detection,12144969791179474585,15968176785544417216,14401633430920908544,0.3447294000070542,,,batch-f3-nonlinear-direct-edge-detection-20260825-001
F3,X1,X2,f3-nonlinear-direct-edge-detection,33,7,0.32801320531488215,0.005,residual_samples/batch-33-replication-7.csv,null_statistics/batch-33-replication-7.npy,batch-f3-nonlinear-direct-edge-detection,15936084004123444139,13657027286520937893,7823063681694630409,0.3428104000049643,,,batch-f3-nonlinear-direct-edge-detection-20260825-001
F3,X1,X2,f3-nonlinear-direct-edge-detection,33,8,0.33084469279936624,0.005,residual_samples/batch-33-replication-8.csv,null_statistics/batch-33-replication-8.npy,batch-f3-nonlinear-direct-edge-detection,11765787499970811341,14324098826635701081,7553187128056030890,0.3477775999926962,,,batch-f3-nonlinear-direct-edge-detection-20260825-001
F3,X1,X2,f3-nonlinear-direct-edge-detection,33,9,0.303874128949018,0.005,residual_samples/batch-33-replication-9.csv,null_statistics/batch-33-replication-9.npy,batch-f3-nonlinear-direct-edge-detection,5234003342137373287,6946710456132299037,12826508686963733102,0.3458167999633588,,,batch-f3-nonlinear-direct-edge-detection-20260825-001
F3,X1,X2,f3-nonlinear-direct-edge-detection,34,0,0.3185862125104908,0.005,residual_samples/batch-34-replication-0.csv,null_statistics/batch-34-replication-0.npy,batch-f3-nonlinear-direct-edge-detection,3870654153044863103,7217455077015100661,11070560916804556066,0.3583451000158675,,,batch-f3-nonlinear-direct-edge-detection-20260825-001
F3,X1,X2,f3-nonlinear-direct-edge-detection,34,1,0.2949312474840841,0.005,residual_samples/batch-34-replication-1.csv,null_statistics/batch-34-replication-1.npy,batch-f3-nonlinear-direct-edge-detection,9088669706826978674,11962385709162610791,3473759452186090136,0.3438095999881625,,,batch-f3-nonlinear-direct-edge-detection-20260825-001
F3,X1,X2,f3-nonlinear-direct-edge-detection,34,2,0.3135291156671373,0.005,residual_samples/batch-34-replication-2.csv,null_statistics/batch-34-replication-2.npy,batch-f3-nonlinear-direct-edge-detection,4648653059810890232,9965250090759468388,9647646107806782719,0.34449109999695793,,,batch-f3-nonlinear-direct-edge-detection-20260825-001
F3,X1,X2,f3-nonlinear-direct-edge-detection,34,3,0.31606828554260086,0.005,residual_samples/batch-34-replication-3.csv,null_statistics/batch-34-replication-3.npy,batch-f3-nonlinear-direct-edge-detection,6301645440759305189,8712514152282737788,17871415035655106635,0.34443840000312775,,,batch-f3-nonlinear-direct-edge-detection-20260825-001
F3,X1,X2,f3-nonlinear-direct-edge-detection,34,4,0.2873482969913201,0.005,residual_samples/batch-34-replication-4.csv,null_statistics/batch-34-replication-4.npy,batch-f3-nonlinear-direct-edge-detection,2171078356782043742,2123134362828058714,16920835854564954884,0.34516160003840923,,,batch-f3-nonlinear-direct-edge-detection-20260825-001
F3,X1,X2,f3-nonlinear-direct-edge-detection,34,5,0.2938698327317668,0.005,residual_samples/batch-34-replication-5.csv,null_statistics/batch-34-replication-5.npy,batch-f3-nonlinear-direct-edge-detection,16168883796614579425,6046512128928689605,15388824336350122804,0.33373730001039803,,,batch-f3-nonlinear-direct-edge-detection-20260825-001
F3,X1,X2,f3-nonlinear-direct-edge-detection,34,6,0.3241574475919389,0.005,residual_samples/batch-34-replication-6.csv,null_statistics/batch-34-replication-6.npy,batch-f3-nonlinear-direct-edge-detection,11328137646641450557,6425583027449423349,4074470699506578107,0.35413340001832694,,,batch-f3-nonlinear-direct-edge-detection-20260825-001
F3,X1,X2,f3-nonlinear-direct-edge-detection,34,7,0.3146755992708483,0.005,residual_samples/batch-34-replication-7.csv,null_statistics/batch-34-replication-7.npy,batch-f3-nonlinear-direct-edge-detection,9469299711968541757,16758936288138242583,15744547863374266414,0.3689099000184797,,,batch-f3-nonlinear-direct-edge-detection-20260825-001
F3,X1,X2,f3-nonlinear-direct-edge-detection,34,8,0.2937406234444454,0.005,residual_samples/batch-34-replication-8.csv,null_statistics/batch-34-replication-8.npy,batch-f3-nonlinear-direct-edge-detection,2222413021067046339,8497109284161940661,6339048578820866122,0.3513194000115618,,,batch-f3-nonlinear-direct-edge-detection-20260825-001
F3,X1,X2,f3-nonlinear-direct-edge-detection,34,9,0.3112469062478403,0.005,residual_samples/batch-34-replication-9.csv,null_statistics/batch-34-replication-9.npy,batch-f3-nonlinear-direct-edge-detection,12459918920855561441,10315410033628761031,12986774478584043232,0.3477118000155315,,,batch-f3-nonlinear-direct-edge-detection-20260825-001
F3,X1,X2,f3-nonlinear-direct-edge-detection,35,0,0.34493845579517374,0.005,residual_samples/batch-35-replication-0.csv,null_statistics/batch-35-replication-0.npy,batch-f3-nonlinear-direct-edge-detection,8543362697471336478,2222678688536937821,13029409099617062741,0.37453289999393746,,,batch-f3-nonlinear-direct-edge-detection-20260825-001
F3,X1,X2,f3-nonlinear-direct-edge-detection,35,1,0.33710600554346065,0.005,residual_samples/batch-35-replication-1.csv,null_statistics/batch-35-replication-1.npy,batch-f3-nonlinear-direct-edge-detection,7900879377424557520,2207632300862997878,1277676416314663089,0.3813114000367932,,,batch-f3-nonlinear-direct-edge-detection-20260825-001
F3,X1,X2,f3-nonlinear-direct-edge-detection,35,2,0.32193938748267864,0.005,residual_samples/batch-35-replication-2.csv,null_statistics/batch-35-replication-2.npy,batch-f3-nonlinear-direct-edge-detection,10471462447175564064,15299898279973713533,18412119001248670014,0.34167499997420236,,,batch-f3-nonlinear-direct-edge-detection-20260825-001
F3,X1,X2,f3-nonlinear-direct-edge-detection,35,3,0.32744665720438415,0.005,residual_samples/batch-35-replication-3.csv,null_statistics/batch-35-replication-3.npy,batch-f3-nonlinear-direct-edge-detection,5827114927652493607,860120237220554371,4243935214627205053,0.3481061999918893,,,batch-f3-nonlinear-direct-edge-detection-20260825-001
F3,X1,X2,f3-nonlinear-direct-edge-detection,35,4,0.3186265245820081,0.005,residual_samples/batch-35-replication-4.csv,null_statistics/batch-35-replication-4.npy,batch-f3-nonlinear-direct-edge-detection,185398141644035953,13598788221448962935,9191337639994517342,0.34484219999285415,,,batch-f3-nonlinear-direct-edge-detection-20260825-001
F3,X1,X2,f3-nonlinear-direct-edge-detection,35,5,0.3406384556243721,0.005,residual_samples/batch-35-replication-5.csv,null_statistics/batch-35-replication-5.npy,batch-f3-nonlinear-direct-edge-detection,1481896025380044104,17375561814432173722,11847884832995877736,0.34162339998874813,,,batch-f3-nonlinear-direct-edge-detection-20260825-001
F3,X1,X2,f3-nonlinear-direct-edge-detection,35,6,0.321421278527324,0.005,residual_samples/batch-35-replication-6.csv,null_statistics/batch-35-replication-6.npy,batch-f3-nonlinear-direct-edge-detection,8621142694311906023,13149981753129115659,6509243337183431024,0.3462312999763526,,,batch-f3-nonlinear-direct-edge-detection-20260825-001
F3,X1,X2,f3-nonlinear-direct-edge-detection,35,7,0.3198179490023685,0.005,residual_samples/batch-35-replication-7.csv,null_statistics/batch-35-replication-7.npy,batch-f3-nonlinear-direct-edge-detection,16544404529346811288,13156719666999007405,337416642248441754,0.3426028999965638,,,batch-f3-nonlinear-direct-edge-detection-20260825-001
F3,X1,X2,f3-nonlinear-direct-edge-detection,35,8,0.32150639471248393,0.005,residual_samples/batch-35-replication-8.csv,null_statistics/batch-35-replication-8.npy,batch-f3-nonlinear-direct-edge-detection,3880417646434459154,12215815725147074845,12233915947413409620,0.3454352000262588,,,batch-f3-nonlinear-direct-edge-detection-20260825-001
F3,X1,X2,f3-nonlinear-direct-edge-detection,35,9,0.3047487556872123,0.005,residual_samples/batch-35-replication-9.csv,null_statistics/batch-35-replication-9.npy,batch-f3-nonlinear-direct-edge-detection,17694871886251253723,8280844169588526375,1777634587773500797,0.3461230000248179,,,batch-f3-nonlinear-direct-edge-detection-20260825-001
F3,X1,X2,f3-nonlinear-direct-edge-detection,36,0,0.3347856188569836,0.005,residual_samples/batch-36-replication-0.csv,null_statistics/batch-36-replication-0.npy,batch-f3-nonlinear-direct-edge-detection,6418231168569612684,7876701092202256900,14647509047501468652,0.3452316999901086,,,batch-f3-nonlinear-direct-edge-detection-20260825-001
F3,X1,X2,f3-nonlinear-direct-edge-detection,36,1,0.3105152695384767,0.005,residual_samples/batch-36-replication-1.csv,null_statistics/batch-36-replication-1.npy,batch-f3-nonlinear-direct-edge-detection,14577878612341605047,14079160330977927377,7768511020242470921,0.3439862999948673,,,batch-f3-nonlinear-direct-edge-detection-20260825-001
F3,X1,X2,f3-nonlinear-direct-edge-detection,36,2,0.32085067590740207,0.005,residual_samples/batch-36-replication-2.csv,null_statistics/batch-36-replication-2.npy,batch-f3-nonlinear-direct-edge-detection,15390493354135511423,4729354465044031702,1099790026691813103,0.34586500003933907,,,batch-f3-nonlinear-direct-edge-detection-20260825-001
F3,X1,X2,f3-nonlinear-direct-edge-detection,36,3,0.32854881522448615,0.005,residual_samples/batch-36-replication-3.csv,null_statistics/batch-36-replication-3.npy,batch-f3-nonlinear-direct-edge-detection,8102648447782426467,9428019429845318164,11250046619421183154,0.3438905000220984,,,batch-f3-nonlinear-direct-edge-detection-20260825-001
F3,X1,X2,f3-nonlinear-direct-edge-detection,36,4,0.3179469683845338,0.005,residual_samples/batch-36-replication-4.csv,null_statistics/batch-36-replication-4.npy,batch-f3-nonlinear-direct-edge-detection,10071349918290501120,356885309405253647,10092708597980835842,0.2918661000439897,,,batch-f3-nonlinear-direct-edge-detection-20260825-001
F3,X1,X2,f3-nonlinear-direct-edge-detection,36,5,0.3065358679719342,0.005,residual_samples/batch-36-replication-5.csv,null_statistics/batch-36-replication-5.npy,batch-f3-nonlinear-direct-edge-detection,7530110748591845993,13888963576857764232,18109561853913804129,0.35339360003126785,,,batch-f3-nonlinear-direct-edge-detection-20260825-001
F3,X1,X2,f3-nonlinear-direct-edge-detection,36,6,0.3191559401684253,0.005,residual_samples/batch-36-replication-6.csv,null_statistics/batch-36-replication-6.npy,batch-f3-nonlinear-direct-edge-detection,1609121885058260528,1196759432384294070,8085099391286614807,0.3486333999899216,,,batch-f3-nonlinear-direct-edge-detection-20260825-001
F3,X1,X2,f3-nonlinear-direct-edge-detection,36,7,0.3015119060492265,0.005,residual_samples/batch-36-replication-7.csv,null_statistics/batch-36-replication-7.npy,batch-f3-nonlinear-direct-edge-detection,11222424795120767470,17350368261386787311,6449665083510160190,0.3478019000031054,,,batch-f3-nonlinear-direct-edge-detection-20260825-001
F3,X1,X2,f3-nonlinear-direct-edge-detection,36,8,0.3422733849806834,0.005,residual_samples/batch-36-replication-8.csv,null_statistics/batch-36-replication-8.npy,batch-f3-nonlinear-direct-edge-detection,101416918450351761,3896132482020599696,1281681550151479966,0.34586589998798445,,,batch-f3-nonlinear-direct-edge-detection-20260825-001
F3,X1,X2,f3-nonlinear-direct-edge-detection,36,9,0.3263901964603706,0.005,residual_samples/batch-36-replication-9.csv,null_statistics/batch-36-replication-9.npy,batch-f3-nonlinear-direct-edge-detection,14151248593047859706,9540633973483021966,1492049360924714370,0.3462487999931909,,,batch-f3-nonlinear-direct-edge-detection-20260825-001
F3,X1,X2,f3-nonlinear-direct-edge-detection,37,0,0.2931963852240673,0.005,residual_samples/batch-37-replication-0.csv,null_statistics/batch-37-replication-0.npy,batch-f3-nonlinear-direct-edge-detection,6100302195553086689,12687277599933735246,8866043676486551801,0.3468464000034146,,,batch-f3-nonlinear-direct-edge-detection-20260825-001
F3,X1,X2,f3-nonlinear-direct-edge-detection,37,1,0.33505908130733,0.005,residual_samples/batch-37-replication-1.csv,null_statistics/batch-37-replication-1.npy,batch-f3-nonlinear-direct-edge-detection,9159066254331823496,6711354910835036168,747428174821473736,0.34154300001682714,,,batch-f3-nonlinear-direct-edge-detection-20260825-001
F3,X1,X2,f3-nonlinear-direct-edge-detection,37,2,0.3371536726374261,0.005,residual_samples/batch-37-replication-2.csv,null_statistics/batch-37-replication-2.npy,batch-f3-nonlinear-direct-edge-detection,14970534931239787710,13129981779314996471,17950221291099077120,0.3470639000297524,,,batch-f3-nonlinear-direct-edge-detection-20260825-001
F3,X1,X2,f3-nonlinear-direct-edge-detection,37,3,0.3200878394784041,0.005,residual_samples/batch-37-replication-3.csv,null_statistics/batch-37-replication-3.npy,batch-f3-nonlinear-direct-edge-detection,11781638935853186982,5557466814425476321,11072811499937122095,0.34648069995455444,,,batch-f3-nonlinear-direct-edge-detection-20260825-001
F3,X1,X2,f3-nonlinear-direct-edge-detection,37,4,0.3352202746089985,0.005,residual_samples/batch-37-replication-4.csv,null_statistics/batch-37-replication-4.npy,batch-f3-nonlinear-direct-edge-detection,5230635551141282889,12209440089393959343,13830952440325754191,0.3494247999624349,,,batch-f3-nonlinear-direct-edge-detection-20260825-001
F3,X1,X2,f3-nonlinear-direct-edge-detection,37,5,0.3109999291620455,0.005,residual_samples/batch-37-replication-5.csv,null_statistics/batch-37-replication-5.npy,batch-f3-nonlinear-direct-edge-detection,15510048693283493230,2794287587462745030,10994036369464502520,0.36464869999326766,,,batch-f3-nonlinear-direct-edge-detection-20260825-001
F3,X1,X2,f3-nonlinear-direct-edge-detection,37,6,0.2765088925272627,0.005,residual_samples/batch-37-replication-6.csv,null_statistics/batch-37-replication-6.npy,batch-f3-nonlinear-direct-edge-detection,5988985450141052022,9465413456589263026,12228845021515223509,0.34512089996133,,,batch-f3-nonlinear-direct-edge-detection-20260825-001
F3,X1,X2,f3-nonlinear-direct-edge-detection,37,7,0.3270364712939342,0.005,residual_samples/batch-37-replication-7.csv,null_statistics/batch-37-replication-7.npy,batch-f3-nonlinear-direct-edge-detection,7645753516188282008,7535403556479280372,7925812540813043028,0.3673391999909654,,,batch-f3-nonlinear-direct-edge-detection-20260825-001
F3,X1,X2,f3-nonlinear-direct-edge-detection,37,8,0.29366435389132783,0.005,residual_samples/batch-37-replication-8.csv,null_statistics/batch-37-replication-8.npy,batch-f3-nonlinear-direct-edge-detection,2796524137934947290,10582964053186428636,13398236436251541032,0.3455210999818519,,,batch-f3-nonlinear-direct-edge-detection-20260825-001
F3,X1,X2,f3-nonlinear-direct-edge-detection,37,9,0.3033998921321319,0.005,residual_samples/batch-37-replication-9.csv,null_statistics/batch-37-replication-9.npy,batch-f3-nonlinear-direct-edge-detection,4424573593500924317,13844202795285268393,7802944194351997526,0.3634699999820441,,,batch-f3-nonlinear-direct-edge-detection-20260825-001
F3,X1,X2,f3-nonlinear-direct-edge-detection,38,0,0.33564161928759617,0.005,residual_samples/batch-38-replication-0.csv,null_statistics/batch-38-replication-0.npy,batch-f3-nonlinear-direct-edge-detection,9612370605212622077,5778220806118546890,14899416262334892530,0.3933002999983728,,,batch-f3-nonlinear-direct-edge-detection-20260825-001
F3,X1,X2,f3-nonlinear-direct-edge-detection,38,1,0.3217190964831394,0.005,residual_samples/batch-38-replication-1.csv,null_statistics/batch-38-replication-1.npy,batch-f3-nonlinear-direct-edge-detection,405577242821940933,14275023645917819306,3858847222217110762,0.34643219999270514,,,batch-f3-nonlinear-direct-edge-detection-20260825-001
F3,X1,X2,f3-nonlinear-direct-edge-detection,38,2,0.3268060576589112,0.005,residual_samples/batch-38-replication-2.csv,null_statistics/batch-38-replication-2.npy,batch-f3-nonlinear-direct-edge-detection,11370068290044087839,6283121824857778471,133645318746143456,0.3481099999626167,,,batch-f3-nonlinear-direct-edge-detection-20260825-001
F3,X1,X2,f3-nonlinear-direct-edge-detection,38,3,0.31123716851237204,0.005,residual_samples/batch-38-replication-3.csv,null_statistics/batch-38-replication-3.npy,batch-f3-nonlinear-direct-edge-detection,2504083878310794466,12746830313425047203,14248518005490498051,0.3479171999497339,,,batch-f3-nonlinear-direct-edge-detection-20260825-001
F3,X1,X2,f3-nonlinear-direct-edge-detection,38,4,0.34479691441570876,0.005,residual_samples/batch-38-replication-4.csv,null_statistics/batch-38-replication-4.npy,batch-f3-nonlinear-direct-edge-detection,1449638208629148438,3812125121615758594,4820860249747591059,0.3270271000219509,,,batch-f3-nonlinear-direct-edge-detection-20260825-001
F3,X1,X2,f3-nonlinear-direct-edge-detection,38,5,0.2942043815018301,0.005,residual_samples/batch-38-replication-5.csv,null_statistics/batch-38-replication-5.npy,batch-f3-nonlinear-direct-edge-detection,1264044331133089560,15222376310459833031,2610751245425632531,0.34708440001122653,,,batch-f3-nonlinear-direct-edge-detection-20260825-001
F3,X1,X2,f3-nonlinear-direct-edge-detection,38,6,0.28711062012355065,0.005,residual_samples/batch-38-replication-6.csv,null_statistics/batch-38-replication-6.npy,batch-f3-nonlinear-direct-edge-detection,3272974299673889068,11077632130742125176,12745199984800249874,0.3497344000497833,,,batch-f3-nonlinear-direct-edge-detection-20260825-001
F3,X1,X2,f3-nonlinear-direct-edge-detection,38,7,0.31456417515370133,0.005,residual_samples/batch-38-replication-7.csv,null_statistics/batch-38-replication-7.npy,batch-f3-nonlinear-direct-edge-detection,10087377819799134400,157823094827440401,5694663018745911690,0.3469909999985248,,,batch-f3-nonlinear-direct-edge-detection-20260825-001
F3,X1,X2,f3-nonlinear-direct-edge-detection,38,8,0.2903926170013008,0.005,residual_samples/batch-38-replication-8.csv,null_statistics/batch-38-replication-8.npy,batch-f3-nonlinear-direct-edge-detection,10444224511751891634,18014487863216687159,6070485374148510943,0.3442905999836512,,,batch-f3-nonlinear-direct-edge-detection-20260825-001
F3,X1,X2,f3-nonlinear-direct-edge-detection,38,9,0.30941015237956754,0.005,residual_samples/batch-38-replication-9.csv,null_statistics/batch-38-replication-9.npy,batch-f3-nonlinear-direct-edge-detection,17008558159589366439,15195195144321467176,4613478250215694949,0.3451688999775797,,,batch-f3-nonlinear-direct-edge-detection-20260825-001
F3,X1,X2,f3-nonlinear-direct-edge-detection,39,0,0.3036030431472777,0.005,residual_samples/batch-39-replication-0.csv,null_statistics/batch-39-replication-0.npy,batch-f3-nonlinear-direct-edge-detection,6448563528946139565,13770089084116479199,17664844758552604989,0.3448829000117257,,,batch-f3-nonlinear-direct-edge-detection-20260825-001
F3,X1,X2,f3-nonlinear-direct-edge-detection,39,1,0.311104886070381,0.005,residual_samples/batch-39-replication-1.csv,null_statistics/batch-39-replication-1.npy,batch-f3-nonlinear-direct-edge-detection,9963841274940081210,6261395192762140084,67267878734726408,0.3443021000130102,,,batch-f3-nonlinear-direct-edge-detection-20260825-001
F3,X1,X2,f3-nonlinear-direct-edge-detection,39,2,0.30208409156916216,0.005,residual_samples/batch-39-replication-2.csv,null_statistics/batch-39-replication-2.npy,batch-f3-nonlinear-direct-edge-detection,7955849406428873867,5350422529110555119,11599643787005185074,0.3420003000064753,,,batch-f3-nonlinear-direct-edge-detection-20260825-001
F3,X1,X2,f3-nonlinear-direct-edge-detection,39,3,0.33990940255602003,0.005,residual_samples/batch-39-replication-3.csv,null_statistics/batch-39-replication-3.npy,batch-f3-nonlinear-direct-edge-detection,5641419119265536586,6851571670356426772,6672717570992214350,0.3425612999708392,,,batch-f3-nonlinear-direct-edge-detection-20260825-001
F3,X1,X2,f3-nonlinear-direct-edge-detection,39,4,0.294981702053925,0.005,residual_samples/batch-39-replication-4.csv,null_statistics/batch-39-replication-4.npy,batch-f3-nonlinear-direct-edge-detection,15558384243862135683,5584905586162313323,7818880858824401526,0.34305780002614483,,,batch-f3-nonlinear-direct-edge-detection-20260825-001
F3,X1,X2,f3-nonlinear-direct-edge-detection,39,5,0.3275430262586527,0.005,residual_samples/batch-39-replication-5.csv,null_statistics/batch-39-replication-5.npy,batch-f3-nonlinear-direct-edge-detection,12846421263255979973,13225129684571343816,13023095051343377687,0.3458402999676764,,,batch-f3-nonlinear-direct-edge-detection-20260825-001
F3,X1,X2,f3-nonlinear-direct-edge-detection,39,6,0.30687631315535363,0.005,residual_samples/batch-39-replication-6.csv,null_statistics/batch-39-replication-6.npy,batch-f3-nonlinear-direct-edge-detection,13281116818699416990,17971251713164024175,12151346301860411209,0.3433221000013873,,,batch-f3-nonlinear-direct-edge-detection-20260825-001
F3,X1,X2,f3-nonlinear-direct-edge-detection,39,7,0.2903575354044986,0.005,residual_samples/batch-39-replication-7.csv,null_statistics/batch-39-replication-7.npy,batch-f3-nonlinear-direct-edge-detection,2896866186964214285,407416329378849405,18167543970301628772,0.34504879999440163,,,batch-f3-nonlinear-direct-edge-detection-20260825-001
F3,X1,X2,f3-nonlinear-direct-edge-detection,39,8,0.3378154381008106,0.005,residual_samples/batch-39-replication-8.csv,null_statistics/batch-39-replication-8.npy,batch-f3-nonlinear-direct-edge-detection,8240836704612601997,8944838190458232965,6134874499564515986,0.34640340000623837,,,batch-f3-nonlinear-direct-edge-detection-20260825-001
F3,X1,X2,f3-nonlinear-direct-edge-detection,39,9,0.3160151604358274,0.005,residual_samples/batch-39-replication-9.csv,null_statistics/batch-39-replication-9.npy,batch-f3-nonlinear-direct-edge-detection,8986893444476764657,9350380112405284731,8329254451906548360,0.34737559995846823,,,batch-f3-nonlinear-direct-edge-detection-20260825-001
F3,X1,X2,f3-nonlinear-direct-edge-detection,40,0,0.30316662434233604,0.005,residual_samples/batch-40-replication-0.csv,null_statistics/batch-40-replication-0.npy,batch-f3-nonlinear-direct-edge-detection,5334413515627187488,18047070190216399295,16689994814440501862,0.35441490000812337,,,batch-f3-nonlinear-direct-edge-detection-20260825-001
F3,X1,X2,f3-nonlinear-direct-edge-detection,40,1,0.3288595850315989,0.005,residual_samples/batch-40-replication-1.csv,null_statistics/batch-40-replication-1.npy,batch-f3-nonlinear-direct-edge-detection,12884105220192160948,13120762078267602156,17671747274594602051,0.35567469999659806,,,batch-f3-nonlinear-direct-edge-detection-20260825-001
F3,X1,X2,f3-nonlinear-direct-edge-detection,40,2,0.2768524277285845,0.005,residual_samples/batch-40-replication-2.csv,null_statistics/batch-40-replication-2.npy,batch-f3-nonlinear-direct-edge-detection,6878751643146982227,15348011930264103142,6582415724081254356,0.3452446999726817,,,batch-f3-nonlinear-direct-edge-detection-20260825-001
F3,X1,X2,f3-nonlinear-direct-edge-detection,40,3,0.3198102364443421,0.005,residual_samples/batch-40-replication-3.csv,null_statistics/batch-40-replication-3.npy,batch-f3-nonlinear-direct-edge-detection,2244429504141589286,28566216549269129,18059277307225803102,0.34514769999077544,,,batch-f3-nonlinear-direct-edge-detection-20260825-001
F3,X1,X2,f3-nonlinear-direct-edge-detection,40,4,0.3217848024398248,0.005,residual_samples/batch-40-replication-4.csv,null_statistics/batch-40-replication-4.npy,batch-f3-nonlinear-direct-edge-detection,13229359654643776906,12666469227118892689,12354845536325851183,0.3445300000021234,,,batch-f3-nonlinear-direct-edge-detection-20260825-001
F3,X1,X2,f3-nonlinear-direct-edge-detection,40,5,0.32391771889606646,0.005,residual_samples/batch-40-replication-5.csv,null_statistics/batch-40-replication-5.npy,batch-f3-nonlinear-direct-edge-detection,12733986853695074667,14918774186887685406,11282531627616732090,0.34860119997756556,,,batch-f3-nonlinear-direct-edge-detection-20260825-001
F3,X1,X2,f3-nonlinear-direct-edge-detection,40,6,0.3139164315011,0.005,residual_samples/batch-40-replication-6.csv,null_statistics/batch-40-replication-6.npy,batch-f3-nonlinear-direct-edge-detection,13367383991484321097,2709099893713889164,8664692485581624198,0.3474063000176102,,,batch-f3-nonlinear-direct-edge-detection-20260825-001
F3,X1,X2,f3-nonlinear-direct-edge-detection,40,7,0.2979062749176163,0.005,residual_samples/batch-40-replication-7.csv,null_statistics/batch-40-replication-7.npy,batch-f3-nonlinear-direct-edge-detection,13732105278440498093,17100263354162754186,2771260857870038394,0.3505538000026718,,,batch-f3-nonlinear-direct-edge-detection-20260825-001
F3,X1,X2,f3-nonlinear-direct-edge-detection,40,8,0.26952127801246417,0.005,residual_samples/batch-40-replication-8.csv,null_statistics/batch-40-replication-8.npy,batch-f3-nonlinear-direct-edge-detection,8236209615744138771,6622038477303369880,9929450574887578443,0.34719429997494444,,,batch-f3-nonlinear-direct-edge-detection-20260825-001
F3,X1,X2,f3-nonlinear-direct-edge-detection,40,9,0.31508091724442083,0.005,residual_samples/batch-40-replication-9.csv,null_statistics/batch-40-replication-9.npy,batch-f3-nonlinear-direct-edge-detection,14991604856129477551,7149703003336010103,12916891707717649301,0.34711329999845475,,,batch-f3-nonlinear-direct-edge-detection-20260825-001
F3,X1,X2,f3-nonlinear-direct-edge-detection,41,0,0.31211941295153783,0.005,residual_samples/batch-41-replication-0.csv,null_statistics/batch-41-replication-0.npy,batch-f3-nonlinear-direct-edge-detection,17681903567817325950,16434246289109737264,9911695249993798396,0.34671159996651113,,,batch-f3-nonlinear-direct-edge-detection-20260825-001
F3,X1,X2,f3-nonlinear-direct-edge-detection,41,1,0.3016744433966822,0.005,residual_samples/batch-41-replication-1.csv,null_statistics/batch-41-replication-1.npy,batch-f3-nonlinear-direct-edge-detection,5485903469736004632,16106278295576665819,8375598351553771441,0.3447609999566339,,,batch-f3-nonlinear-direct-edge-detection-20260825-001
F3,X1,X2,f3-nonlinear-direct-edge-detection,41,2,0.3396501515955099,0.005,residual_samples/batch-41-replication-2.csv,null_statistics/batch-41-replication-2.npy,batch-f3-nonlinear-direct-edge-detection,9873596240246025193,15236502111459345173,11205495440309685116,0.34841239999514073,,,batch-f3-nonlinear-direct-edge-detection-20260825-001
F3,X1,X2,f3-nonlinear-direct-edge-detection,41,3,0.3150489376657686,0.005,residual_samples/batch-41-replication-3.csv,null_statistics/batch-41-replication-3.npy,batch-f3-nonlinear-direct-edge-detection,5741980871656300341,13162024710362728409,14426870148762951829,0.34497839998221025,,,batch-f3-nonlinear-direct-edge-detection-20260825-001
F3,X1,X2,f3-nonlinear-direct-edge-detection,41,4,0.29518563689676064,0.005,residual_samples/batch-41-replication-4.csv,null_statistics/batch-41-replication-4.npy,batch-f3-nonlinear-direct-edge-detection,12492035150516775065,3643406195931189189,13892106437534876715,0.3474477000418119,,,batch-f3-nonlinear-direct-edge-detection-20260825-001
F3,X1,X2,f3-nonlinear-direct-edge-detection,41,5,0.29167092180065646,0.005,residual_samples/batch-41-replication-5.csv,null_statistics/batch-41-replication-5.npy,batch-f3-nonlinear-direct-edge-detection,5951301142464317841,215228808228609468,3638667838614534126,0.3447112999856472,,,batch-f3-nonlinear-direct-edge-detection-20260825-001
F3,X1,X2,f3-nonlinear-direct-edge-detection,41,6,0.3111128106825902,0.005,residual_samples/batch-41-replication-6.csv,null_statistics/batch-41-replication-6.npy,batch-f3-nonlinear-direct-edge-detection,15702565974018289618,8526808665859582864,16038903471342872816,0.3461111999931745,,,batch-f3-nonlinear-direct-edge-detection-20260825-001
F3,X1,X2,f3-nonlinear-direct-edge-detection,41,7,0.29703008713315693,0.005,residual_samples/batch-41-replication-7.csv,null_statistics/batch-41-replication-7.npy,batch-f3-nonlinear-direct-edge-detection,4637544178164735802,4555975225002430480,16496738129195544279,0.33603649999713525,,,batch-f3-nonlinear-direct-edge-detection-20260825-001
F3,X1,X2,f3-nonlinear-direct-edge-detection,41,8,0.3105168417791146,0.005,residual_samples/batch-41-replication-8.csv,null_statistics/batch-41-replication-8.npy,batch-f3-nonlinear-direct-edge-detection,4253285979530508845,16116218425662568852,18337153156791415477,0.34585650003282353,,,batch-f3-nonlinear-direct-edge-detection-20260825-001
F3,X1,X2,f3-nonlinear-direct-edge-detection,41,9,0.3089719436856489,0.005,residual_samples/batch-41-replication-9.csv,null_statistics/batch-41-replication-9.npy,batch-f3-nonlinear-direct-edge-detection,3189373394432733668,9762305195662431285,5795330739745823667,0.3507487999740988,,,batch-f3-nonlinear-direct-edge-detection-20260825-001
F3,X1,X2,f3-nonlinear-direct-edge-detection,42,0,0.29503355741183,0.005,residual_samples/batch-42-replication-0.csv,null_statistics/batch-42-replication-0.npy,batch-f3-nonlinear-direct-edge-detection,4001086010912064751,6261033683273914266,12377506534251991774,0.34667200001422316,,,batch-f3-nonlinear-direct-edge-detection-20260825-001
F3,X1,X2,f3-nonlinear-direct-edge-detection,42,1,0.2770095647549631,0.005,residual_samples/batch-42-replication-1.csv,null_statistics/batch-42-replication-1.npy,batch-f3-nonlinear-direct-edge-detection,1920727078561159631,10951456078808014275,8592716559854577367,0.3499463999760337,,,batch-f3-nonlinear-direct-edge-detection-20260825-001
F3,X1,X2,f3-nonlinear-direct-edge-detection,42,2,0.3182796081031266,0.005,residual_samples/batch-42-replication-2.csv,null_statistics/batch-42-replication-2.npy,batch-f3-nonlinear-direct-edge-detection,244081812253492875,14034242754451834302,12668865265025220442,0.34828190004918724,,,batch-f3-nonlinear-direct-edge-detection-20260825-001
F3,X1,X2,f3-nonlinear-direct-edge-detection,42,3,0.31949101150758824,0.005,residual_samples/batch-42-replication-3.csv,null_statistics/batch-42-replication-3.npy,batch-f3-nonlinear-direct-edge-detection,739494300359625760,9128574430652414379,9766638877484882625,0.34948869998333976,,,batch-f3-nonlinear-direct-edge-detection-20260825-001
F3,X1,X2,f3-nonlinear-direct-edge-detection,42,4,0.3263413960603859,0.005,residual_samples/batch-42-replication-4.csv,null_statistics/batch-42-replication-4.npy,batch-f3-nonlinear-direct-edge-detection,4161368609260754869,1313773111980052829,9144904322647844197,0.35259550000773743,,,batch-f3-nonlinear-direct-edge-detection-20260825-001
F3,X1,X2,f3-nonlinear-direct-edge-detection,42,5,0.3142355605580432,0.005,residual_samples/batch-42-replication-5.csv,null_statistics/batch-42-replication-5.npy,batch-f3-nonlinear-direct-edge-detection,5078170577954407538,6464859764051087945,9030820280073823669,0.2958206000039354,,,batch-f3-nonlinear-direct-edge-detection-20260825-001
F3,X1,X2,f3-nonlinear-direct-edge-detection,42,6,0.30220519116833927,0.005,residual_samples/batch-42-replication-6.csv,null_statistics/batch-42-replication-6.npy,batch-f3-nonlinear-direct-edge-detection,18422151286834418511,6469655347752617879,7814076234267471982,0.34546129999216646,,,batch-f3-nonlinear-direct-edge-detection-20260825-001
F3,X1,X2,f3-nonlinear-direct-edge-detection,42,7,0.3083308427170475,0.005,residual_samples/batch-42-replication-7.csv,null_statistics/batch-42-replication-7.npy,batch-f3-nonlinear-direct-edge-detection,14628825694182196486,12128204762867917271,13256841474698322347,0.3422854999662377,,,batch-f3-nonlinear-direct-edge-detection-20260825-001
F3,X1,X2,f3-nonlinear-direct-edge-detection,42,8,0.30850612947637124,0.005,residual_samples/batch-42-replication-8.csv,null_statistics/batch-42-replication-8.npy,batch-f3-nonlinear-direct-edge-detection,1299062516196981977,7916334958238194442,2182514288534329557,0.3485876999911852,,,batch-f3-nonlinear-direct-edge-detection-20260825-001
F3,X1,X2,f3-nonlinear-direct-edge-detection,42,9,0.31288621066999,0.005,residual_samples/batch-42-replication-9.csv,null_statistics/batch-42-replication-9.npy,batch-f3-nonlinear-direct-edge-detection,3704749229430097123,3899560791012724606,16954974094998637280,0.34603499999502674,,,batch-f3-nonlinear-direct-edge-detection-20260825-001
F3,X1,X2,f3-nonlinear-direct-edge-detection,43,0,0.2991487098656441,0.005,residual_samples/batch-43-replication-0.csv,null_statistics/batch-43-replication-0.npy,batch-f3-nonlinear-direct-edge-detection,1151605986427681740,2991038762478644093,4416021979914230496,0.34540190000552684,,,batch-f3-nonlinear-direct-edge-detection-20260825-001
F3,X1,X2,f3-nonlinear-direct-edge-detection,43,1,0.3046749119955749,0.005,residual_samples/batch-43-replication-1.csv,null_statistics/batch-43-replication-1.npy,batch-f3-nonlinear-direct-edge-detection,18204571458125870756,15145625591877267216,1768293975501257114,0.34386190003715456,,,batch-f3-nonlinear-direct-edge-detection-20260825-001
F3,X1,X2,f3-nonlinear-direct-edge-detection,43,2,0.3266212124612195,0.005,residual_samples/batch-43-replication-2.csv,null_statistics/batch-43-replication-2.npy,batch-f3-nonlinear-direct-edge-detection,17250927727958587006,12005843141707365819,9620276357833667757,0.34599770000204444,,,batch-f3-nonlinear-direct-edge-detection-20260825-001
F3,X1,X2,f3-nonlinear-direct-edge-detection,43,3,0.2893205576366966,0.005,residual_samples/batch-43-replication-3.csv,null_statistics/batch-43-replication-3.npy,batch-f3-nonlinear-direct-edge-detection,8217015141018054666,2175091412432968307,8753693405312453182,0.35473619995173067,,,batch-f3-nonlinear-direct-edge-detection-20260825-001
F3,X1,X2,f3-nonlinear-direct-edge-detection,43,4,0.3265828661297839,0.005,residual_samples/batch-43-replication-4.csv,null_statistics/batch-43-replication-4.npy,batch-f3-nonlinear-direct-edge-detection,14798168872342470728,10753666867620081890,367160728872449491,0.38729400001466274,,,batch-f3-nonlinear-direct-edge-detection-20260825-001
F3,X1,X2,f3-nonlinear-direct-edge-detection,43,5,0.3263399224794194,0.005,residual_samples/batch-43-replication-5.csv,null_statistics/batch-43-replication-5.npy,batch-f3-nonlinear-direct-edge-detection,2843393542806109832,3851334269742167066,12383882090465860416,0.2904273999738507,,,batch-f3-nonlinear-direct-edge-detection-20260825-001
F3,X1,X2,f3-nonlinear-direct-edge-detection,43,6,0.29551144800034135,0.005,residual_samples/batch-43-replication-6.csv,null_statistics/batch-43-replication-6.npy,batch-f3-nonlinear-direct-edge-detection,265260433839896885,281994471722263923,7436515546634803472,0.34774679999100044,,,batch-f3-nonlinear-direct-edge-detection-20260825-001
F3,X1,X2,f3-nonlinear-direct-edge-detection,43,7,0.3031630043431759,0.005,residual_samples/batch-43-replication-7.csv,null_statistics/batch-43-replication-7.npy,batch-f3-nonlinear-direct-edge-detection,4164982624661183263,6438146775920992603,6397560530908835097,0.3519483000272885,,,batch-f3-nonlinear-direct-edge-detection-20260825-001
F3,X1,X2,f3-nonlinear-direct-edge-detection,43,8,0.3084152884384835,0.005,residual_samples/batch-43-replication-8.csv,null_statistics/batch-43-replication-8.npy,batch-f3-nonlinear-direct-edge-detection,13435423623182839500,17721786124150139164,1369690612991887756,0.35568969999440014,,,batch-f3-nonlinear-direct-edge-detection-20260825-001
F3,X1,X2,f3-nonlinear-direct-edge-detection,43,9,0.27550415495561836,0.005,residual_samples/batch-43-replication-9.csv,null_statistics/batch-43-replication-9.npy,batch-f3-nonlinear-direct-edge-detection,5647416347198909115,10821105686845051625,1560321515070859639,0.3539050000254065,,,batch-f3-nonlinear-direct-edge-detection-20260825-001
F3,X1,X2,f3-nonlinear-direct-edge-detection,44,0,0.3095008087091384,0.005,residual_samples/batch-44-replication-0.csv,null_statistics/batch-44-replication-0.npy,batch-f3-nonlinear-direct-edge-detection,421637710399650240,13867040409271978092,11732481775269447006,0.3509124999982305,,,batch-f3-nonlinear-direct-edge-detection-20260825-001
F3,X1,X2,f3-nonlinear-direct-edge-detection,44,1,0.30338751547053633,0.005,residual_samples/batch-44-replication-1.csv,null_statistics/batch-44-replication-1.npy,batch-f3-nonlinear-direct-edge-detection,3494880920195944562,2198130958322774222,15256823001267318813,0.35216979996766895,,,batch-f3-nonlinear-direct-edge-detection-20260825-001
F3,X1,X2,f3-nonlinear-direct-edge-detection,44,2,0.30276630227521667,0.005,residual_samples/batch-44-replication-2.csv,null_statistics/batch-44-replication-2.npy,batch-f3-nonlinear-direct-edge-detection,12233853624765519734,1326600417973229967,14181782440573827830,0.3533291000057943,,,batch-f3-nonlinear-direct-edge-detection-20260825-001
F3,X1,X2,f3-nonlinear-direct-edge-detection,44,3,0.32090096595324247,0.005,residual_samples/batch-44-replication-3.csv,null_statistics/batch-44-replication-3.npy,batch-f3-nonlinear-direct-edge-detection,17976274876642939200,9099288298078578967,9428779717017183387,0.3491031000157818,,,batch-f3-nonlinear-direct-edge-detection-20260825-001
F3,X1,X2,f3-nonlinear-direct-edge-detection,44,4,0.313007722950003,0.005,residual_samples/batch-44-replication-4.csv,null_statistics/batch-44-replication-4.npy,batch-f3-nonlinear-direct-edge-detection,9826083411381881779,14453957720443778298,14783218103162999945,0.3547592999530025,,,batch-f3-nonlinear-direct-edge-detection-20260825-001
F3,X1,X2,f3-nonlinear-direct-edge-detection,44,5,0.3135146191129365,0.005,residual_samples/batch-44-replication-5.csv,null_statistics/batch-44-replication-5.npy,batch-f3-nonlinear-direct-edge-detection,15916274349333321121,16784150203313677594,18001243528735093697,0.35330429999157786,,,batch-f3-nonlinear-direct-edge-detection-20260825-001
F3,X1,X2,f3-nonlinear-direct-edge-detection,44,6,0.31322834096145646,0.005,residual_samples/batch-44-replication-6.csv,null_statistics/batch-44-replication-6.npy,batch-f3-nonlinear-direct-edge-detection,13731598516791809858,14664174798132199919,1240951988889778469,0.3582501000491902,,,batch-f3-nonlinear-direct-edge-detection-20260825-001
F3,X1,X2,f3-nonlinear-direct-edge-detection,44,7,0.28160067742045475,0.005,residual_samples/batch-44-replication-7.csv,null_statistics/batch-44-replication-7.npy,batch-f3-nonlinear-direct-edge-detection,5207761413679202076,14001771309017334209,3383459603046789655,0.3603681999957189,,,batch-f3-nonlinear-direct-edge-detection-20260825-001
F3,X1,X2,f3-nonlinear-direct-edge-detection,44,8,0.3051424933803886,0.005,residual_samples/batch-44-replication-8.csv,null_statistics/batch-44-replication-8.npy,batch-f3-nonlinear-direct-edge-detection,12782217181747906565,9981643574263238772,2990789490697246423,0.38443450001068413,,,batch-f3-nonlinear-direct-edge-detection-20260825-001
F3,X1,X2,f3-nonlinear-direct-edge-detection,44,9,0.2968650000188478,0.005,residual_samples/batch-44-replication-9.csv,null_statistics/batch-44-replication-9.npy,batch-f3-nonlinear-direct-edge-detection,13192545409838771085,14899036268243516856,12423528154107214442,0.3609283999539912,,,batch-f3-nonlinear-direct-edge-detection-20260825-001
F3,X1,X2,f3-nonlinear-direct-edge-detection,45,0,0.29407632468298367,0.005,residual_samples/batch-45-replication-0.csv,null_statistics/batch-45-replication-0.npy,batch-f3-nonlinear-direct-edge-detection,6962418179083840575,6372512094642114239,1575588261584059143,0.37006289995042607,,,batch-f3-nonlinear-direct-edge-detection-20260825-001
F3,X1,X2,f3-nonlinear-direct-edge-detection,45,1,0.30134061216723546,0.005,residual_samples/batch-45-replication-1.csv,null_statistics/batch-45-replication-1.npy,batch-f3-nonlinear-direct-edge-detection,923471764122045178,337770042379953286,7535926254806458517,0.36428870004601777,,,batch-f3-nonlinear-direct-edge-detection-20260825-001
F3,X1,X2,f3-nonlinear-direct-edge-detection,45,2,0.32448969647609505,0.005,residual_samples/batch-45-replication-2.csv,null_statistics/batch-45-replication-2.npy,batch-f3-nonlinear-direct-edge-detection,3240544947014516521,8024473375035856229,10474104730168727178,0.34262810001382604,,,batch-f3-nonlinear-direct-edge-detection-20260825-001
F3,X1,X2,f3-nonlinear-direct-edge-detection,45,3,0.31315772577055306,0.005,residual_samples/batch-45-replication-3.csv,null_statistics/batch-45-replication-3.npy,batch-f3-nonlinear-direct-edge-detection,16305724290577616321,14534559398026156400,11997577374855336242,0.3516700000036508,,,batch-f3-nonlinear-direct-edge-detection-20260825-001
F3,X1,X2,f3-nonlinear-direct-edge-detection,45,4,0.30947108183542243,0.005,residual_samples/batch-45-replication-4.csv,null_statistics/batch-45-replication-4.npy,batch-f3-nonlinear-direct-edge-detection,7454564175810077085,4061645267641677004,9945770576453627417,0.3483698000200093,,,batch-f3-nonlinear-direct-edge-detection-20260825-001
F3,X1,X2,f3-nonlinear-direct-edge-detection,45,5,0.2887747676845894,0.005,residual_samples/batch-45-replication-5.csv,null_statistics/batch-45-replication-5.npy,batch-f3-nonlinear-direct-edge-detection,14166877179343140241,14080547999058156101,12729289141571022090,0.3515653000213206,,,batch-f3-nonlinear-direct-edge-detection-20260825-001
F3,X1,X2,f3-nonlinear-direct-edge-detection,45,6,0.3049762811171249,0.005,residual_samples/batch-45-replication-6.csv,null_statistics/batch-45-replication-6.npy,batch-f3-nonlinear-direct-edge-detection,17341757772675994825,2783628663748399635,2510027743745377974,0.35242720000678673,,,batch-f3-nonlinear-direct-edge-detection-20260825-001
F3,X1,X2,f3-nonlinear-direct-edge-detection,45,7,0.30997384929216615,0.005,residual_samples/batch-45-replication-7.csv,null_statistics/batch-45-replication-7.npy,batch-f3-nonlinear-direct-edge-detection,14351651145256407088,16282438623507727651,9953778958941433852,0.3455289999837987,,,batch-f3-nonlinear-direct-edge-detection-20260825-001
F3,X1,X2,f3-nonlinear-direct-edge-detection,45,8,0.31120605527034095,0.005,residual_samples/batch-45-replication-8.csv,null_statistics/batch-45-replication-8.npy,batch-f3-nonlinear-direct-edge-detection,14236990097735150085,6387064493469708975,11741881091471610856,0.3488552999915555,,,batch-f3-nonlinear-direct-edge-detection-20260825-001
F3,X1,X2,f3-nonlinear-direct-edge-detection,45,9,0.32327900338570587,0.005,residual_samples/batch-45-replication-9.csv,null_statistics/batch-45-replication-9.npy,batch-f3-nonlinear-direct-edge-detection,7923756645853641323,14600893775936306182,18440180717894261816,0.35399029997643083,,,batch-f3-nonlinear-direct-edge-detection-20260825-001
F3,X1,X2,f3-nonlinear-direct-edge-detection,46,0,0.324537993819431,0.005,residual_samples/batch-46-replication-0.csv,null_statistics/batch-46-replication-0.npy,batch-f3-nonlinear-direct-edge-detection,18358082921805991910,6723328153216121605,3416303250098983750,0.3513918000389822,,,batch-f3-nonlinear-direct-edge-detection-20260825-001
F3,X1,X2,f3-nonlinear-direct-edge-detection,46,1,0.33359675948372985,0.005,residual_samples/batch-46-replication-1.csv,null_statistics/batch-46-replication-1.npy,batch-f3-nonlinear-direct-edge-detection,11603125062074844598,11957802556156593798,1713708354179515767,0.35189280001213774,,,batch-f3-nonlinear-direct-edge-detection-20260825-001
F3,X1,X2,f3-nonlinear-direct-edge-detection,46,2,0.32600765394766473,0.005,residual_samples/batch-46-replication-2.csv,null_statistics/batch-46-replication-2.npy,batch-f3-nonlinear-direct-edge-detection,1984721315255049893,14740717946229674189,13961161494981813271,0.3557825000025332,,,batch-f3-nonlinear-direct-edge-detection-20260825-001
F3,X1,X2,f3-nonlinear-direct-edge-detection,46,3,0.2981650691948813,0.005,residual_samples/batch-46-replication-3.csv,null_statistics/batch-46-replication-3.npy,batch-f3-nonlinear-direct-edge-detection,7953047180394207933,9474939077544962263,13717960704950153860,0.2932835000101477,,,batch-f3-nonlinear-direct-edge-detection-20260825-001
F3,X1,X2,f3-nonlinear-direct-edge-detection,46,4,0.31097485890598825,0.005,residual_samples/batch-46-replication-4.csv,null_statistics/batch-46-replication-4.npy,batch-f3-nonlinear-direct-edge-detection,12580577186218079443,9122364283118114117,17327886754579506012,0.351103900000453,,,batch-f3-nonlinear-direct-edge-detection-20260825-001
F3,X1,X2,f3-nonlinear-direct-edge-detection,46,5,0.3408780207983571,0.005,residual_samples/batch-46-replication-5.csv,null_statistics/batch-46-replication-5.npy,batch-f3-nonlinear-direct-edge-detection,7804970142084816457,9000010084778237369,18027370020406238935,0.3648574000108056,,,batch-f3-nonlinear-direct-edge-detection-20260825-001
F3,X1,X2,f3-nonlinear-direct-edge-detection,46,6,0.29150633326292286,0.005,residual_samples/batch-46-replication-6.csv,null_statistics/batch-46-replication-6.npy,batch-f3-nonlinear-direct-edge-detection,5115634036013837132,10524285215952707385,1225555424895305367,0.35436090000439435,,,batch-f3-nonlinear-direct-edge-detection-20260825-001
F3,X1,X2,f3-nonlinear-direct-edge-detection,46,7,0.30846735978682516,0.005,residual_samples/batch-46-replication-7.csv,null_statistics/batch-46-replication-7.npy,batch-f3-nonlinear-direct-edge-detection,18333080108949048773,9497133976478883019,852984556995488546,0.35004940000362694,,,batch-f3-nonlinear-direct-edge-detection-20260825-001
F3,X1,X2,f3-nonlinear-direct-edge-detection,46,8,0.30376143197584965,0.005,residual_samples/batch-46-replication-8.csv,null_statistics/batch-46-replication-8.npy,batch-f3-nonlinear-direct-edge-detection,16883631340514796543,2030929897393754516,10955976395110046561,0.3493294999934733,,,batch-f3-nonlinear-direct-edge-detection-20260825-001
F3,X1,X2,f3-nonlinear-direct-edge-detection,46,9,0.3069062264821884,0.005,residual_samples/batch-46-replication-9.csv,null_statistics/batch-46-replication-9.npy,batch-f3-nonlinear-direct-edge-detection,2379024564416333842,4295776943031639096,15649480668478400881,0.32618999999249354,,,batch-f3-nonlinear-direct-edge-detection-20260825-001
F3,X1,X2,f3-nonlinear-direct-edge-detection,47,0,0.3058258179107451,0.005,residual_samples/batch-47-replication-0.csv,null_statistics/batch-47-replication-0.npy,batch-f3-nonlinear-direct-edge-detection,8059373652787813579,15628271392345370465,853102834261840531,0.3561632999917492,,,batch-f3-nonlinear-direct-edge-detection-20260825-001
F3,X1,X2,f3-nonlinear-direct-edge-detection,47,1,0.29539689400989083,0.005,residual_samples/batch-47-replication-1.csv,null_statistics/batch-47-replication-1.npy,batch-f3-nonlinear-direct-edge-detection,2512884616724976063,3614837933163935214,8586940012681218820,0.35062169999582693,,,batch-f3-nonlinear-direct-edge-detection-20260825-001
F3,X1,X2,f3-nonlinear-direct-edge-detection,47,2,0.3120683432489114,0.005,residual_samples/batch-47-replication-2.csv,null_statistics/batch-47-replication-2.npy,batch-f3-nonlinear-direct-edge-detection,1146951180341735772,12839201478967187108,9313641976880729872,0.34508540004026145,,,batch-f3-nonlinear-direct-edge-detection-20260825-001
F3,X1,X2,f3-nonlinear-direct-edge-detection,47,3,0.3028896536942906,0.005,residual_samples/batch-47-replication-3.csv,null_statistics/batch-47-replication-3.npy,batch-f3-nonlinear-direct-edge-detection,14355858239563655881,15273995489324451617,12927921537041884120,0.3490682999836281,,,batch-f3-nonlinear-direct-edge-detection-20260825-001
F3,X1,X2,f3-nonlinear-direct-edge-detection,47,4,0.30728391136818956,0.005,residual_samples/batch-47-replication-4.csv,null_statistics/batch-47-replication-4.npy,batch-f3-nonlinear-direct-edge-detection,6421317876527140923,18391107360045753110,902887719078397992,0.3491007999982685,,,batch-f3-nonlinear-direct-edge-detection-20260825-001
F3,X1,X2,f3-nonlinear-direct-edge-detection,47,5,0.30625594958160723,0.005,residual_samples/batch-47-replication-5.csv,null_statistics/batch-47-replication-5.npy,batch-f3-nonlinear-direct-edge-detection,12385732166268047917,6397689610318732860,3853705497162904334,0.3478280000272207,,,batch-f3-nonlinear-direct-edge-detection-20260825-001
F3,X1,X2,f3-nonlinear-direct-edge-detection,47,6,0.29856274869319394,0.005,residual_samples/batch-47-replication-6.csv,null_statistics/batch-47-replication-6.npy,batch-f3-nonlinear-direct-edge-detection,9645820038614561579,13496081342343030392,7616632341574449033,0.347950600029435,,,batch-f3-nonlinear-direct-edge-detection-20260825-001
F3,X1,X2,f3-nonlinear-direct-edge-detection,47,7,0.3105687303866209,0.005,residual_samples/batch-47-replication-7.csv,null_statistics/batch-47-replication-7.npy,batch-f3-nonlinear-direct-edge-detection,14963007854604621243,5215260206439541301,13845705103536549457,0.34517459996277466,,,batch-f3-nonlinear-direct-edge-detection-20260825-001
F3,X1,X2,f3-nonlinear-direct-edge-detection,47,8,0.30657710851299863,0.005,residual_samples/batch-47-replication-8.csv,null_statistics/batch-47-replication-8.npy,batch-f3-nonlinear-direct-edge-detection,8459860628015790699,10119822452345863102,4196834447628343301,0.3428931999951601,,,batch-f3-nonlinear-direct-edge-detection-20260825-001
F3,X1,X2,f3-nonlinear-direct-edge-detection,47,9,0.30656215088251193,0.005,residual_samples/batch-47-replication-9.csv,null_statistics/batch-47-replication-9.npy,batch-f3-nonlinear-direct-edge-detection,9586742040873032906,3042301442083878646,8839650037218712630,0.3388818000094034,,,batch-f3-nonlinear-direct-edge-detection-20260825-001
F3,X1,X2,f3-nonlinear-direct-edge-detection,48,0,0.3170764644986417,0.005,residual_samples/batch-48-replication-0.csv,null_statistics/batch-48-replication-0.npy,batch-f3-nonlinear-direct-edge-detection,3428847968223579612,16724910929747309120,12592127728732324145,0.34691920003388077,,,batch-f3-nonlinear-direct-edge-detection-20260825-001
F3,X1,X2,f3-nonlinear-direct-edge-detection,48,1,0.32572373442498065,0.005,residual_samples/batch-48-replication-1.csv,null_statistics/batch-48-replication-1.npy,batch-f3-nonlinear-direct-edge-detection,18151939186588335653,5664919466089075225,3390383274358127906,0.3475865999935195,,,batch-f3-nonlinear-direct-edge-detection-20260825-001
F3,X1,X2,f3-nonlinear-direct-edge-detection,48,2,0.3076855867327883,0.005,residual_samples/batch-48-replication-2.csv,null_statistics/batch-48-replication-2.npy,batch-f3-nonlinear-direct-edge-detection,415223562303837697,10514626074291094388,6328314167441278205,0.33563729998422787,,,batch-f3-nonlinear-direct-edge-detection-20260825-001
F3,X1,X2,f3-nonlinear-direct-edge-detection,48,3,0.28678908779317125,0.005,residual_samples/batch-48-replication-3.csv,null_statistics/batch-48-replication-3.npy,batch-f3-nonlinear-direct-edge-detection,12622601716915383460,13214701082625656047,4174545780938349250,0.3438497000024654,,,batch-f3-nonlinear-direct-edge-detection-20260825-001
F3,X1,X2,f3-nonlinear-direct-edge-detection,48,4,0.293557321030633,0.005,residual_samples/batch-48-replication-4.csv,null_statistics/batch-48-replication-4.npy,batch-f3-nonlinear-direct-edge-detection,6077992616331865475,17955433963849405360,10083801412497349372,0.34438330004923046,,,batch-f3-nonlinear-direct-edge-detection-20260825-001
F3,X1,X2,f3-nonlinear-direct-edge-detection,48,5,0.31182694845630826,0.005,residual_samples/batch-48-replication-5.csv,null_statistics/batch-48-replication-5.npy,batch-f3-nonlinear-direct-edge-detection,5988159927595755004,1260561554238818937,9896345948462223236,0.3483432000502944,,,batch-f3-nonlinear-direct-edge-detection-20260825-001
F3,X1,X2,f3-nonlinear-direct-edge-detection,48,6,0.2947984529003604,0.005,residual_samples/batch-48-replication-6.csv,null_statistics/batch-48-replication-6.npy,batch-f3-nonlinear-direct-edge-detection,6012343503452854928,13473015582583188540,7000245108925173471,0.346160700020846,,,batch-f3-nonlinear-direct-edge-detection-20260825-001
F3,X1,X2,f3-nonlinear-direct-edge-detection,48,7,0.31999411160891444,0.005,residual_samples/batch-48-replication-7.csv,null_statistics/batch-48-replication-7.npy,batch-f3-nonlinear-direct-edge-detection,2691976715290454109,16483235648330807609,9203646850507254347,0.33262840000679716,,,batch-f3-nonlinear-direct-edge-detection-20260825-001
F3,X1,X2,f3-nonlinear-direct-edge-detection,48,8,0.31765210635904984,0.005,residual_samples/batch-48-replication-8.csv,null_statistics/batch-48-replication-8.npy,batch-f3-nonlinear-direct-edge-detection,7920983906167510317,15076019248081702173,7794912193472850659,0.3529048999771476,,,batch-f3-nonlinear-direct-edge-detection-20260825-001
F3,X1,X2,f3-nonlinear-direct-edge-detection,48,9,0.3052105084916875,0.005,residual_samples/batch-48-replication-9.csv,null_statistics/batch-48-replication-9.npy,batch-f3-nonlinear-direct-edge-detection,6907595644213210402,4024278284900962263,10574508326350700937,0.3462782999849878,,,batch-f3-nonlinear-direct-edge-detection-20260825-001
F3,X1,X2,f3-nonlinear-direct-edge-detection,49,0,0.31017181815514416,0.005,residual_samples/batch-49-replication-0.csv,null_statistics/batch-49-replication-0.npy,batch-f3-nonlinear-direct-edge-detection,10369035912050838546,1764201243899500963,2568720568306092720,0.3478212000336498,,,batch-f3-nonlinear-direct-edge-detection-20260825-001
F3,X1,X2,f3-nonlinear-direct-edge-detection,49,1,0.32834424557287295,0.005,residual_samples/batch-49-replication-1.csv,null_statistics/batch-49-replication-1.npy,batch-f3-nonlinear-direct-edge-detection,9935140138404494758,10743591854897565149,517268944858148144,0.34951449994696304,,,batch-f3-nonlinear-direct-edge-detection-20260825-001
F3,X1,X2,f3-nonlinear-direct-edge-detection,49,2,0.2969061637951917,0.005,residual_samples/batch-49-replication-2.csv,null_statistics/batch-49-replication-2.npy,batch-f3-nonlinear-direct-edge-detection,13058324331121791369,17489242047919366350,2041102627235490051,0.3602545000030659,,,batch-f3-nonlinear-direct-edge-detection-20260825-001
F3,X1,X2,f3-nonlinear-direct-edge-detection,49,3,0.35312989430059377,0.005,residual_samples/batch-49-replication-3.csv,null_statistics/batch-49-replication-3.npy,batch-f3-nonlinear-direct-edge-detection,13096866868788818126,2574075369512259387,8417200411993239139,0.32064739998895675,,,batch-f3-nonlinear-direct-edge-detection-20260825-001
F3,X1,X2,f3-nonlinear-direct-edge-detection,49,4,0.3169409400384624,0.005,residual_samples/batch-49-replication-4.csv,null_statistics/batch-49-replication-4.npy,batch-f3-nonlinear-direct-edge-detection,71717024700740097,11332701894275723057,11139349489072582440,0.3436232000240125,,,batch-f3-nonlinear-direct-edge-detection-20260825-001
F3,X1,X2,f3-nonlinear-direct-edge-detection,49,5,0.3155595406373293,0.005,residual_samples/batch-49-replication-5.csv,null_statistics/batch-49-replication-5.npy,batch-f3-nonlinear-direct-edge-detection,9773557323170606814,11703988860213799027,11062674806310667130,0.3468272999743931,,,batch-f3-nonlinear-direct-edge-detection-20260825-001
F3,X1,X2,f3-nonlinear-direct-edge-detection,49,6,0.328356726284771,0.005,residual_samples/batch-49-replication-6.csv,null_statistics/batch-49-replication-6.npy,batch-f3-nonlinear-direct-edge-detection,5821993174859088379,14778712069997522850,18174287773716738899,0.30042869999306276,,,batch-f3-nonlinear-direct-edge-detection-20260825-001
F3,X1,X2,f3-nonlinear-direct-edge-detection,49,7,0.3309690310792348,0.005,residual_samples/batch-49-replication-7.csv,null_statistics/batch-49-replication-7.npy,batch-f3-nonlinear-direct-edge-detection,11830578479454688598,12229264048119576733,7580202890398012939,0.3452314999885857,,,batch-f3-nonlinear-direct-edge-detection-20260825-001
F3,X1,X2,f3-nonlinear-direct-edge-detection,49,8,0.3039859094499282,0.005,residual_samples/batch-49-replication-8.csv,null_statistics/batch-49-replication-8.npy,batch-f3-nonlinear-direct-edge-detection,10932516646569992733,2287673841374726558,4366262887201157681,0.3424914000206627,,,batch-f3-nonlinear-direct-edge-detection-20260825-001
F3,X1,X2,f3-nonlinear-direct-edge-detection,49,9,0.326324328378565,0.005,residual_samples/batch-49-replication-9.csv,null_statistics/batch-49-replication-9.npy,batch-f3-nonlinear-direct-edge-detection,17006412668334914644,12464597363490884578,7319160969274698871,0.34652530000312254,,,batch-f3-nonlinear-direct-edge-detection-20260825-001
F3,X1,X2,f3-nonlinear-direct-edge-detection,50,0,0.2944910613767599,0.005,residual_samples/batch-50-replication-0.csv,null_statistics/batch-50-replication-0.npy,batch-f3-nonlinear-direct-edge-detection,11758356209286654778,6295763899824795128,17705592128006587158,0.35176359995966777,,,batch-f3-nonlinear-direct-edge-detection-20260825-001
F3,X1,X2,f3-nonlinear-direct-edge-detection,50,1,0.31775009553299466,0.005,residual_samples/batch-50-replication-1.csv,null_statistics/batch-50-replication-1.npy,batch-f3-nonlinear-direct-edge-detection,9623354838936928443,4659861058268718590,14934478259501479834,0.3458127000485547,,,batch-f3-nonlinear-direct-edge-detection-20260825-001
F3,X1,X2,f3-nonlinear-direct-edge-detection,50,2,0.31674836352120284,0.005,residual_samples/batch-50-replication-2.csv,null_statistics/batch-50-replication-2.npy,batch-f3-nonlinear-direct-edge-detection,767451594514850723,6615624119040841141,9395218314484770256,0.34646109997993335,,,batch-f3-nonlinear-direct-edge-detection-20260825-001
F3,X1,X2,f3-nonlinear-direct-edge-detection,50,3,0.3231716496086361,0.005,residual_samples/batch-50-replication-3.csv,null_statistics/batch-50-replication-3.npy,batch-f3-nonlinear-direct-edge-detection,15582754640365108149,1588856478609092907,15398968731539438864,0.3491436000331305,,,batch-f3-nonlinear-direct-edge-detection-20260825-001
F3,X1,X2,f3-nonlinear-direct-edge-detection,50,4,0.3071450377302804,0.005,residual_samples/batch-50-replication-4.csv,null_statistics/batch-50-replication-4.npy,batch-f3-nonlinear-direct-edge-detection,624601368131213733,14933745040787735250,6591497502691505330,0.34465890005230904,,,batch-f3-nonlinear-direct-edge-detection-20260825-001
F3,X1,X2,f3-nonlinear-direct-edge-detection,50,5,0.30398169946642706,0.005,residual_samples/batch-50-replication-5.csv,null_statistics/batch-50-replication-5.npy,batch-f3-nonlinear-direct-edge-detection,15880921018192422844,9842210528659001832,5644551879980631063,0.3457367999944836,,,batch-f3-nonlinear-direct-edge-detection-20260825-001
F3,X1,X2,f3-nonlinear-direct-edge-detection,50,6,0.30473950880373685,0.005,residual_samples/batch-50-replication-6.csv,null_statistics/batch-50-replication-6.npy,batch-f3-nonlinear-direct-edge-detection,5678768861407624620,7987577086382534433,15062392165030859174,0.34735979995457456,,,batch-f3-nonlinear-direct-edge-detection-20260825-001
F3,X1,X2,f3-nonlinear-direct-edge-detection,50,7,0.3073557830789704,0.005,residual_samples/batch-50-replication-7.csv,null_statistics/batch-50-replication-7.npy,batch-f3-nonlinear-direct-edge-detection,3704936626635530868,10294621501456484166,3326301672403762737,0.34492030000546947,,,batch-f3-nonlinear-direct-edge-detection-20260825-001
F3,X1,X2,f3-nonlinear-direct-edge-detection,50,8,0.32236850794859145,0.005,residual_samples/batch-50-replication-8.csv,null_statistics/batch-50-replication-8.npy,batch-f3-nonlinear-direct-edge-detection,1499754159539708553,15193091771360050174,2803629783956048608,0.3421249999664724,,,batch-f3-nonlinear-direct-edge-detection-20260825-001
F3,X1,X2,f3-nonlinear-direct-edge-detection,50,9,0.31222190603987593,0.005,residual_samples/batch-50-replication-9.csv,null_statistics/batch-50-replication-9.npy,batch-f3-nonlinear-direct-edge-detection,16894417255838140649,11746276066715727759,13958946000735866888,0.3437097000423819,,,batch-f3-nonlinear-direct-edge-detection-20260825-001
F3,X1,X2,f3-nonlinear-direct-edge-detection,51,0,0.2866272338114897,0.005,residual_samples/batch-51-replication-0.csv,null_statistics/batch-51-replication-0.npy,batch-f3-nonlinear-direct-edge-detection,9554942322139735332,16957064498127424089,120029333137044513,0.34357359999557957,,,batch-f3-nonlinear-direct-edge-detection-20260825-001
F3,X1,X2,f3-nonlinear-direct-edge-detection,51,1,0.3199988830629148,0.005,residual_samples/batch-51-replication-1.csv,null_statistics/batch-51-replication-1.npy,batch-f3-nonlinear-direct-edge-detection,8767497895668630417,7045219027492826580,14515038732836503605,0.3472773000248708,,,batch-f3-nonlinear-direct-edge-detection-20260825-001
F3,X1,X2,f3-nonlinear-direct-edge-detection,51,2,0.29410957279209776,0.005,residual_samples/batch-51-replication-2.csv,null_statistics/batch-51-replication-2.npy,batch-f3-nonlinear-direct-edge-detection,15453012497313126162,9757186928444983339,5452879573736200718,0.34766049997415394,,,batch-f3-nonlinear-direct-edge-detection-20260825-001
F3,X1,X2,f3-nonlinear-direct-edge-detection,51,3,0.3470764678645801,0.005,residual_samples/batch-51-replication-3.csv,null_statistics/batch-51-replication-3.npy,batch-f3-nonlinear-direct-edge-detection,8276856627905550765,17535106948316821146,8410978587156553814,0.3432215999928303,,,batch-f3-nonlinear-direct-edge-detection-20260825-001
F3,X1,X2,f3-nonlinear-direct-edge-detection,51,4,0.2988612914943257,0.005,residual_samples/batch-51-replication-4.csv,null_statistics/batch-51-replication-4.npy,batch-f3-nonlinear-direct-edge-detection,4671309381011683983,14083277286148667703,2977346152621679449,0.3482571000349708,,,batch-f3-nonlinear-direct-edge-detection-20260825-001
F3,X1,X2,f3-nonlinear-direct-edge-detection,51,5,0.3069606962850335,0.005,residual_samples/batch-51-replication-5.csv,null_statistics/batch-51-replication-5.npy,batch-f3-nonlinear-direct-edge-detection,1522013502132960803,17035035181722840103,182546016206516825,0.34553349995985627,,,batch-f3-nonlinear-direct-edge-detection-20260825-001
F3,X1,X2,f3-nonlinear-direct-edge-detection,51,6,0.29175881062507897,0.005,residual_samples/batch-51-replication-6.csv,null_statistics/batch-51-replication-6.npy,batch-f3-nonlinear-direct-edge-detection,15795212784291092759,8646019386677025714,12329447115133375634,0.3635284999618307,,,batch-f3-nonlinear-direct-edge-detection-20260825-001
F3,X1,X2,f3-nonlinear-direct-edge-detection,51,7,0.31885609381929864,0.005,residual_samples/batch-51-replication-7.csv,null_statistics/batch-51-replication-7.npy,batch-f3-nonlinear-direct-edge-detection,15250433018295910254,13702170020504649630,7951033919160239109,0.34739040001295507,,,batch-f3-nonlinear-direct-edge-detection-20260825-001
F3,X1,X2,f3-nonlinear-direct-edge-detection,51,8,0.3058595095876074,0.005,residual_samples/batch-51-replication-8.csv,null_statistics/batch-51-replication-8.npy,batch-f3-nonlinear-direct-edge-detection,8118817360806761498,4241987791008292142,4497102690544554398,0.3406210000393912,,,batch-f3-nonlinear-direct-edge-detection-20260825-001
F3,X1,X2,f3-nonlinear-direct-edge-detection,51,9,0.3085997496433604,0.005,residual_samples/batch-51-replication-9.csv,null_statistics/batch-51-replication-9.npy,batch-f3-nonlinear-direct-edge-detection,17454780034850504693,3721829481777142382,9831877173290569219,0.34971199999563396,,,batch-f3-nonlinear-direct-edge-detection-20260825-001
F3,X1,X2,f3-nonlinear-direct-edge-detection,52,0,0.3112186595846143,0.005,residual_samples/batch-52-replication-0.csv,null_statistics/batch-52-replication-0.npy,batch-f3-nonlinear-direct-edge-detection,5171377458480697461,7915367427228557135,7213772386672564252,0.347775999980513,,,batch-f3-nonlinear-direct-edge-detection-20260825-001
F3,X1,X2,f3-nonlinear-direct-edge-detection,52,1,0.3174664533712815,0.005,residual_samples/batch-52-replication-1.csv,null_statistics/batch-52-replication-1.npy,batch-f3-nonlinear-direct-edge-detection,1939945670825136528,3039682286149017278,15940750008806949635,0.3448185999877751,,,batch-f3-nonlinear-direct-edge-detection-20260825-001
F3,X1,X2,f3-nonlinear-direct-edge-detection,52,2,0.31097388214073696,0.005,residual_samples/batch-52-replication-2.csv,null_statistics/batch-52-replication-2.npy,batch-f3-nonlinear-direct-edge-detection,5855899034106616427,11087396442092768270,17163077330044423542,0.3473270999966189,,,batch-f3-nonlinear-direct-edge-detection-20260825-001
F3,X1,X2,f3-nonlinear-direct-edge-detection,52,3,0.3038040652385355,0.005,residual_samples/batch-52-replication-3.csv,null_statistics/batch-52-replication-3.npy,batch-f3-nonlinear-direct-edge-detection,9107847787057007253,703880761023809122,17478960574855770181,0.35762640001485124,,,batch-f3-nonlinear-direct-edge-detection-20260825-001
F3,X1,X2,f3-nonlinear-direct-edge-detection,52,4,0.3210950252223377,0.005,residual_samples/batch-52-replication-4.csv,null_statistics/batch-52-replication-4.npy,batch-f3-nonlinear-direct-edge-detection,9027048271716312892,6627315905549276810,12191225753286820930,0.3488260000012815,,,batch-f3-nonlinear-direct-edge-detection-20260825-001
F3,X1,X2,f3-nonlinear-direct-edge-detection,52,5,0.3125363815601997,0.005,residual_samples/batch-52-replication-5.csv,null_statistics/batch-52-replication-5.npy,batch-f3-nonlinear-direct-edge-detection,4946078858540787614,6275372835379341550,2526625258477153190,0.34471819997997954,,,batch-f3-nonlinear-direct-edge-detection-20260825-001
F3,X1,X2,f3-nonlinear-direct-edge-detection,52,6,0.325845724538747,0.005,residual_samples/batch-52-replication-6.csv,null_statistics/batch-52-replication-6.npy,batch-f3-nonlinear-direct-edge-detection,13637145949854984037,14585497602513616847,3721474502745765523,0.3487673999625258,,,batch-f3-nonlinear-direct-edge-detection-20260825-001
F3,X1,X2,f3-nonlinear-direct-edge-detection,52,7,0.3138279912409139,0.005,residual_samples/batch-52-replication-7.csv,null_statistics/batch-52-replication-7.npy,batch-f3-nonlinear-direct-edge-detection,7708818853403634857,1630782996459107739,2243148250928049618,0.34447630000067875,,,batch-f3-nonlinear-direct-edge-detection-20260825-001
F3,X1,X2,f3-nonlinear-direct-edge-detection,52,8,0.3257303179558031,0.005,residual_samples/batch-52-replication-8.csv,null_statistics/batch-52-replication-8.npy,batch-f3-nonlinear-direct-edge-detection,7245916802271253652,10163862007538454332,14155476181823731951,0.34278140001697466,,,batch-f3-nonlinear-direct-edge-detection-20260825-001
F3,X1,X2,f3-nonlinear-direct-edge-detection,52,9,0.3202653627282242,0.005,residual_samples/batch-52-replication-9.csv,null_statistics/batch-52-replication-9.npy,batch-f3-nonlinear-direct-edge-detection,4847957225560710605,4859850621932518268,11453011184334532866,0.35405660001561046,,,batch-f3-nonlinear-direct-edge-detection-20260825-001
F3,X1,X2,f3-nonlinear-direct-edge-detection,53,0,0.31452747957029076,0.005,residual_samples/batch-53-replication-0.csv,null_statistics/batch-53-replication-0.npy,batch-f3-nonlinear-direct-edge-detection,9749399105961766499,1184419413286349899,3764365661306185985,0.3446516999974847,,,batch-f3-nonlinear-direct-edge-detection-20260825-001
F3,X1,X2,f3-nonlinear-direct-edge-detection,53,1,0.31434461489849147,0.005,residual_samples/batch-53-replication-1.csv,null_statistics/batch-53-replication-1.npy,batch-f3-nonlinear-direct-edge-detection,15267998282141658745,1375068912742115011,11432582940537752475,0.3461764000239782,,,batch-f3-nonlinear-direct-edge-detection-20260825-001
F3,X1,X2,f3-nonlinear-direct-edge-detection,53,2,0.3363570826690064,0.005,residual_samples/batch-53-replication-2.csv,null_statistics/batch-53-replication-2.npy,batch-f3-nonlinear-direct-edge-detection,12977353072822977104,11200161407221663253,13636779865429988882,0.36812120000831783,,,batch-f3-nonlinear-direct-edge-detection-20260825-001
F3,X1,X2,f3-nonlinear-direct-edge-detection,53,3,0.30821674748967415,0.005,residual_samples/batch-53-replication-3.csv,null_statistics/batch-53-replication-3.npy,batch-f3-nonlinear-direct-edge-detection,1765250979750718272,6478497932906972184,13773285690812076895,0.3453252000035718,,,batch-f3-nonlinear-direct-edge-detection-20260825-001
F3,X1,X2,f3-nonlinear-direct-edge-detection,53,4,0.3068454520634371,0.005,residual_samples/batch-53-replication-4.csv,null_statistics/batch-53-replication-4.npy,batch-f3-nonlinear-direct-edge-detection,8669123219102876377,3414439682707595400,18396217449724212306,0.3466091000009328,,,batch-f3-nonlinear-direct-edge-detection-20260825-001
F3,X1,X2,f3-nonlinear-direct-edge-detection,53,5,0.3335646502058793,0.005,residual_samples/batch-53-replication-5.csv,null_statistics/batch-53-replication-5.npy,batch-f3-nonlinear-direct-edge-detection,16943463609511172924,6348011118574958058,18234620136718839444,0.34597830002894625,,,batch-f3-nonlinear-direct-edge-detection-20260825-001
F3,X1,X2,f3-nonlinear-direct-edge-detection,53,6,0.3111454597256593,0.005,residual_samples/batch-53-replication-6.csv,null_statistics/batch-53-replication-6.npy,batch-f3-nonlinear-direct-edge-detection,5074707681231481124,8748009060206446662,12532282885564753395,0.3454296000418253,,,batch-f3-nonlinear-direct-edge-detection-20260825-001
F3,X1,X2,f3-nonlinear-direct-edge-detection,53,7,0.31854182055609154,0.005,residual_samples/batch-53-replication-7.csv,null_statistics/batch-53-replication-7.npy,batch-f3-nonlinear-direct-edge-detection,18119271375786360242,138176095619413219,18363618715256582156,0.34765129996230826,,,batch-f3-nonlinear-direct-edge-detection-20260825-001
F3,X1,X2,f3-nonlinear-direct-edge-detection,53,8,0.30836191841777966,0.005,residual_samples/batch-53-replication-8.csv,null_statistics/batch-53-replication-8.npy,batch-f3-nonlinear-direct-edge-detection,17187147085280870424,8394867961775911875,10444823042781245599,0.3455557000124827,,,batch-f3-nonlinear-direct-edge-detection-20260825-001
F3,X1,X2,f3-nonlinear-direct-edge-detection,53,9,0.3153517455512337,0.005,residual_samples/batch-53-replication-9.csv,null_statistics/batch-53-replication-9.npy,batch-f3-nonlinear-direct-edge-detection,18040537152359702098,7591126007644898388,5017731866102416071,0.344083399977535,,,batch-f3-nonlinear-direct-edge-detection-20260825-001
F3,X1,X2,f3-nonlinear-direct-edge-detection,54,0,0.30940080777949397,0.005,residual_samples/batch-54-replication-0.csv,null_statistics/batch-54-replication-0.npy,batch-f3-nonlinear-direct-edge-detection,6548426587701613906,13787946611335035370,7342455794479842961,0.3494928000145592,,,batch-f3-nonlinear-direct-edge-detection-20260825-001
F3,X1,X2,f3-nonlinear-direct-edge-detection,54,1,0.3402124095435822,0.005,residual_samples/batch-54-replication-1.csv,null_statistics/batch-54-replication-1.npy,batch-f3-nonlinear-direct-edge-detection,10947146266271608495,3549807308882813782,7402884268766033945,0.3435394000262022,,,batch-f3-nonlinear-direct-edge-detection-20260825-001
F3,X1,X2,f3-nonlinear-direct-edge-detection,54,2,0.3256851705911295,0.005,residual_samples/batch-54-replication-2.csv,null_statistics/batch-54-replication-2.npy,batch-f3-nonlinear-direct-edge-detection,11418937173508461257,8885266623698192116,6399649913713872396,0.34939099999610335,,,batch-f3-nonlinear-direct-edge-detection-20260825-001
F3,X1,X2,f3-nonlinear-direct-edge-detection,54,3,0.3133681299410503,0.005,residual_samples/batch-54-replication-3.csv,null_statistics/batch-54-replication-3.npy,batch-f3-nonlinear-direct-edge-detection,14638939102621751548,15424668228852893410,7199050042377287061,0.3471721999812871,,,batch-f3-nonlinear-direct-edge-detection-20260825-001
F3,X1,X2,f3-nonlinear-direct-edge-detection,54,4,0.29277372607649954,0.005,residual_samples/batch-54-replication-4.csv,null_statistics/batch-54-replication-4.npy,batch-f3-nonlinear-direct-edge-detection,8243082115674755055,10310666784753708798,7671769551838698676,0.3483185999793932,,,batch-f3-nonlinear-direct-edge-detection-20260825-001
F3,X1,X2,f3-nonlinear-direct-edge-detection,54,5,0.3153295089219786,0.005,residual_samples/batch-54-replication-5.csv,null_statistics/batch-54-replication-5.npy,batch-f3-nonlinear-direct-edge-detection,633087419817035429,3657141377359049089,12119405616424698194,0.3485198999987915,,,batch-f3-nonlinear-direct-edge-detection-20260825-001
F3,X1,X2,f3-nonlinear-direct-edge-detection,54,6,0.32245378276029574,0.005,residual_samples/batch-54-replication-6.csv,null_statistics/batch-54-replication-6.npy,batch-f3-nonlinear-direct-edge-detection,18161645709527332116,1039700627857085193,11140952155331776890,0.3446420999825932,,,batch-f3-nonlinear-direct-edge-detection-20260825-001
F3,X1,X2,f3-nonlinear-direct-edge-detection,54,7,0.32298345604127626,0.005,residual_samples/batch-54-replication-7.csv,null_statistics/batch-54-replication-7.npy,batch-f3-nonlinear-direct-edge-detection,5607070630163334832,15121446777300300775,17616073808636134827,0.3456394999520853,,,batch-f3-nonlinear-direct-edge-detection-20260825-001
F3,X1,X2,f3-nonlinear-direct-edge-detection,54,8,0.324019534877455,0.005,residual_samples/batch-54-replication-8.csv,null_statistics/batch-54-replication-8.npy,batch-f3-nonlinear-direct-edge-detection,15682681319463275421,3084212074157194555,1549866448780214354,0.3454955000197515,,,batch-f3-nonlinear-direct-edge-detection-20260825-001
F3,X1,X2,f3-nonlinear-direct-edge-detection,54,9,0.2955331615664712,0.005,residual_samples/batch-54-replication-9.csv,null_statistics/batch-54-replication-9.npy,batch-f3-nonlinear-direct-edge-detection,14366221299555816417,14771695119259611575,5184358053607380727,0.34751969994977117,,,batch-f3-nonlinear-direct-edge-detection-20260825-001
F3,X1,X2,f3-nonlinear-direct-edge-detection,55,0,0.29896705245107585,0.005,residual_samples/batch-55-replication-0.csv,null_statistics/batch-55-replication-0.npy,batch-f3-nonlinear-direct-edge-detection,10386053580377095064,2345714226640602763,3620611612507235736,0.3442547000013292,,,batch-f3-nonlinear-direct-edge-detection-20260825-001
F3,X1,X2,f3-nonlinear-direct-edge-detection,55,1,0.32370665955077926,0.005,residual_samples/batch-55-replication-1.csv,null_statistics/batch-55-replication-1.npy,batch-f3-nonlinear-direct-edge-detection,8911932036532156598,2311425862033638167,4352698299992895357,0.3105517000076361,,,batch-f3-nonlinear-direct-edge-detection-20260825-001
F3,X1,X2,f3-nonlinear-direct-edge-detection,55,2,0.3184331225688568,0.005,residual_samples/batch-55-replication-2.csv,null_statistics/batch-55-replication-2.npy,batch-f3-nonlinear-direct-edge-detection,17496140564013064241,10677408771156842721,8656301810558899362,0.3628902999917045,,,batch-f3-nonlinear-direct-edge-detection-20260825-001
F3,X1,X2,f3-nonlinear-direct-edge-detection,55,3,0.3187718305563302,0.005,residual_samples/batch-55-replication-3.csv,null_statistics/batch-55-replication-3.npy,batch-f3-nonlinear-direct-edge-detection,9418669668663165202,9389902739128988359,5163242044559581013,0.33986110001569614,,,batch-f3-nonlinear-direct-edge-detection-20260825-001
F3,X1,X2,f3-nonlinear-direct-edge-detection,55,4,0.3453285904129423,0.005,residual_samples/batch-55-replication-4.csv,null_statistics/batch-55-replication-4.npy,batch-f3-nonlinear-direct-edge-detection,16179029025343360710,14805543054808557613,11558517001472162568,0.3449469999759458,,,batch-f3-nonlinear-direct-edge-detection-20260825-001
F3,X1,X2,f3-nonlinear-direct-edge-detection,55,5,0.2933352441884932,0.005,residual_samples/batch-55-replication-5.csv,null_statistics/batch-55-replication-5.npy,batch-f3-nonlinear-direct-edge-detection,10015137512805607968,7478744865261096938,12801236860811052653,0.3001582000288181,,,batch-f3-nonlinear-direct-edge-detection-20260825-001
F3,X1,X2,f3-nonlinear-direct-edge-detection,55,6,0.33110148052466726,0.005,residual_samples/batch-55-replication-6.csv,null_statistics/batch-55-replication-6.npy,batch-f3-nonlinear-direct-edge-detection,14948312298844466634,17755807632546107890,10648888371838767914,0.3433081000111997,,,batch-f3-nonlinear-direct-edge-detection-20260825-001
F3,X1,X2,f3-nonlinear-direct-edge-detection,55,7,0.32148740120510666,0.005,residual_samples/batch-55-replication-7.csv,null_statistics/batch-55-replication-7.npy,batch-f3-nonlinear-direct-edge-detection,17502507660240524113,15632460772291762375,8226801689356660989,0.3469224000000395,,,batch-f3-nonlinear-direct-edge-detection-20260825-001
F3,X1,X2,f3-nonlinear-direct-edge-detection,55,8,0.29909044337284063,0.005,residual_samples/batch-55-replication-8.csv,null_statistics/batch-55-replication-8.npy,batch-f3-nonlinear-direct-edge-detection,12659274946041615990,8899516497338647462,474898707326764614,0.34524059999966994,,,batch-f3-nonlinear-direct-edge-detection-20260825-001
F3,X1,X2,f3-nonlinear-direct-edge-detection,55,9,0.2958578238780349,0.005,residual_samples/batch-55-replication-9.csv,null_statistics/batch-55-replication-9.npy,batch-f3-nonlinear-direct-edge-detection,16201454555884209327,3037497806699850642,16892945419396761360,0.34386790002463385,,,batch-f3-nonlinear-direct-edge-detection-20260825-001
F3,X1,X2,f3-nonlinear-direct-edge-detection,56,0,0.3283146134110163,0.005,residual_samples/batch-56-replication-0.csv,null_statistics/batch-56-replication-0.npy,batch-f3-nonlinear-direct-edge-detection,6179505187292358529,8949993996817526952,17359075819678533557,0.33518809999804944,,,batch-f3-nonlinear-direct-edge-detection-20260825-001
F3,X1,X2,f3-nonlinear-direct-edge-detection,56,1,0.3064606661721535,0.005,residual_samples/batch-56-replication-1.csv,null_statistics/batch-56-replication-1.npy,batch-f3-nonlinear-direct-edge-detection,13812488255688994609,15256535129354130428,6832895750097681330,0.34799569996539503,,,batch-f3-nonlinear-direct-edge-detection-20260825-001
F3,X1,X2,f3-nonlinear-direct-edge-detection,56,2,0.31733266419893036,0.005,residual_samples/batch-56-replication-2.csv,null_statistics/batch-56-replication-2.npy,batch-f3-nonlinear-direct-edge-detection,358263281461860632,15666313953895607817,3629215821453838544,0.34435410000151023,,,batch-f3-nonlinear-direct-edge-detection-20260825-001
F3,X1,X2,f3-nonlinear-direct-edge-detection,56,3,0.2942070806277525,0.005,residual_samples/batch-56-replication-3.csv,null_statistics/batch-56-replication-3.npy,batch-f3-nonlinear-direct-edge-detection,1558165933545769446,6198736279087611073,7511675314340357122,0.3493188999709673,,,batch-f3-nonlinear-direct-edge-detection-20260825-001
F3,X1,X2,f3-nonlinear-direct-edge-detection,56,4,0.28534974069040026,0.005,residual_samples/batch-56-replication-4.csv,null_statistics/batch-56-replication-4.npy,batch-f3-nonlinear-direct-edge-detection,9200265547844853717,7940346205997909674,6360321233726999630,0.34853620000649244,,,batch-f3-nonlinear-direct-edge-detection-20260825-001
F3,X1,X2,f3-nonlinear-direct-edge-detection,56,5,0.31919274712800916,0.005,residual_samples/batch-56-replication-5.csv,null_statistics/batch-56-replication-5.npy,batch-f3-nonlinear-direct-edge-detection,7663929942712036486,18043665823758568910,11631059268018627469,0.3456970000406727,,,batch-f3-nonlinear-direct-edge-detection-20260825-001
F3,X1,X2,f3-nonlinear-direct-edge-detection,56,6,0.29915868943732155,0.005,residual_samples/batch-56-replication-6.csv,null_statistics/batch-56-replication-6.npy,batch-f3-nonlinear-direct-edge-detection,11673213011738378714,16880677676190469660,14710066161341426678,0.3452903000288643,,,batch-f3-nonlinear-direct-edge-detection-20260825-001
F3,X1,X2,f3-nonlinear-direct-edge-detection,56,7,0.2975167305336578,0.005,residual_samples/batch-56-replication-7.csv,null_statistics/batch-56-replication-7.npy,batch-f3-nonlinear-direct-edge-detection,15495993134926756342,5146423911108146329,9342465295909477903,0.3439483999973163,,,batch-f3-nonlinear-direct-edge-detection-20260825-001
F3,X1,X2,f3-nonlinear-direct-edge-detection,56,8,0.3161663842013745,0.005,residual_samples/batch-56-replication-8.csv,null_statistics/batch-56-replication-8.npy,batch-f3-nonlinear-direct-edge-detection,1208523996783588369,8773784724363466768,5458067030962781878,0.3454767999937758,,,batch-f3-nonlinear-direct-edge-detection-20260825-001
F3,X1,X2,f3-nonlinear-direct-edge-detection,56,9,0.3091866515884831,0.005,residual_samples/batch-56-replication-9.csv,null_statistics/batch-56-replication-9.npy,batch-f3-nonlinear-direct-edge-detection,12350023040963595932,12725452199406254990,15381285691130771463,0.345482999982778,,,batch-f3-nonlinear-direct-edge-detection-20260825-001
F3,X1,X2,f3-nonlinear-direct-edge-detection,57,0,0.32032626503839173,0.005,residual_samples/batch-57-replication-0.csv,null_statistics/batch-57-replication-0.npy,batch-f3-nonlinear-direct-edge-detection,3141521245114364708,15228289181079718186,15574850249208577974,0.3117500999942422,,,batch-f3-nonlinear-direct-edge-detection-20260825-001
F3,X1,X2,f3-nonlinear-direct-edge-detection,57,1,0.34609030393905355,0.005,residual_samples/batch-57-replication-1.csv,null_statistics/batch-57-replication-1.npy,batch-f3-nonlinear-direct-edge-detection,463947717722643727,4476357156123786905,5112421609148935819,0.34581640001852065,,,batch-f3-nonlinear-direct-edge-detection-20260825-001
F3,X1,X2,f3-nonlinear-direct-edge-detection,57,2,0.3381266025452608,0.005,residual_samples/batch-57-replication-2.csv,null_statistics/batch-57-replication-2.npy,batch-f3-nonlinear-direct-edge-detection,16348345720079599943,5315158873373310918,14052118179069981017,0.34750470001017675,,,batch-f3-nonlinear-direct-edge-detection-20260825-001
F3,X1,X2,f3-nonlinear-direct-edge-detection,57,3,0.3261963865663779,0.005,residual_samples/batch-57-replication-3.csv,null_statistics/batch-57-replication-3.npy,batch-f3-nonlinear-direct-edge-detection,18394060893984154950,14579377089844885159,1945429607697321480,0.34535749995848164,,,batch-f3-nonlinear-direct-edge-detection-20260825-001
F3,X1,X2,f3-nonlinear-direct-edge-detection,57,4,0.31626997195328765,0.005,residual_samples/batch-57-replication-4.csv,null_statistics/batch-57-replication-4.npy,batch-f3-nonlinear-direct-edge-detection,3118665966310794807,12461471196089799876,2773858905735558451,0.32686929998453707,,,batch-f3-nonlinear-direct-edge-detection-20260825-001
F3,X1,X2,f3-nonlinear-direct-edge-detection,57,5,0.31735720261378725,0.005,residual_samples/batch-57-replication-5.csv,null_statistics/batch-57-replication-5.npy,batch-f3-nonlinear-direct-edge-detection,6140044396988224437,9063523394281468886,1659881067129003704,0.3468054999830201,,,batch-f3-nonlinear-direct-edge-detection-20260825-001
F3,X1,X2,f3-nonlinear-direct-edge-detection,57,6,0.3358162863148966,0.005,residual_samples/batch-57-replication-6.csv,null_statistics/batch-57-replication-6.npy,batch-f3-nonlinear-direct-edge-detection,3616850339215864507,13154723947433619700,17689754101181115129,0.34700180002255365,,,batch-f3-nonlinear-direct-edge-detection-20260825-001
F3,X1,X2,f3-nonlinear-direct-edge-detection,57,7,0.28742009437707916,0.005,residual_samples/batch-57-replication-7.csv,null_statistics/batch-57-replication-7.npy,batch-f3-nonlinear-direct-edge-detection,17399828348782584099,16023327168192990766,18419255103846979004,0.34344480000436306,,,batch-f3-nonlinear-direct-edge-detection-20260825-001
F3,X1,X2,f3-nonlinear-direct-edge-detection,57,8,0.31680190907028316,0.005,residual_samples/batch-57-replication-8.csv,null_statistics/batch-57-replication-8.npy,batch-f3-nonlinear-direct-edge-detection,15657605438445028666,7353962629708799779,9247979607882706019,0.34552309999708086,,,batch-f3-nonlinear-direct-edge-detection-20260825-001
F3,X1,X2,f3-nonlinear-direct-edge-detection,57,9,0.31053339385907636,0.005,residual_samples/batch-57-replication-9.csv,null_statistics/batch-57-replication-9.npy,batch-f3-nonlinear-direct-edge-detection,5347962743574276803,4407168340107752697,6653375185486985426,0.3447015999699943,,,batch-f3-nonlinear-direct-edge-detection-20260825-001
F3,X1,X2,f3-nonlinear-direct-edge-detection,58,0,0.3419461191039441,0.005,residual_samples/batch-58-replication-0.csv,null_statistics/batch-58-replication-0.npy,batch-f3-nonlinear-direct-edge-detection,2666587104812798398,6321280076660843584,9549001299611312847,0.34758469997905195,,,batch-f3-nonlinear-direct-edge-detection-20260825-001
F3,X1,X2,f3-nonlinear-direct-edge-detection,58,1,0.3344785802120796,0.005,residual_samples/batch-58-replication-1.csv,null_statistics/batch-58-replication-1.npy,batch-f3-nonlinear-direct-edge-detection,1425620330429786094,12641263582291731986,12464907694428606398,0.34554980002576485,,,batch-f3-nonlinear-direct-edge-detection-20260825-001
F3,X1,X2,f3-nonlinear-direct-edge-detection,58,2,0.31858533718889925,0.005,residual_samples/batch-58-replication-2.csv,null_statistics/batch-58-replication-2.npy,batch-f3-nonlinear-direct-edge-detection,13644427155581067164,6986775326100870789,1642332449641147155,0.3471457000123337,,,batch-f3-nonlinear-direct-edge-detection-20260825-001
F3,X1,X2,f3-nonlinear-direct-edge-detection,58,3,0.29416446223825266,0.005,residual_samples/batch-58-replication-3.csv,null_statistics/batch-58-replication-3.npy,batch-f3-nonlinear-direct-edge-detection,9209397231652728884,16551667114421279807,17974650806240729842,0.3452755000325851,,,batch-f3-nonlinear-direct-edge-detection-20260825-001
F3,X1,X2,f3-nonlinear-direct-edge-detection,58,4,0.3135000553353251,0.005,residual_samples/batch-58-replication-4.csv,null_statistics/batch-58-replication-4.npy,batch-f3-nonlinear-direct-edge-detection,5322013200783687073,8064834143325556357,16761102964615598478,0.37474940001266077,,,batch-f3-nonlinear-direct-edge-detection-20260825-001
F3,X1,X2,f3-nonlinear-direct-edge-detection,58,5,0.31693840970610854,0.005,residual_samples/batch-58-replication-5.csv,null_statistics/batch-58-replication-5.npy,batch-f3-nonlinear-direct-edge-detection,15393345002078885070,1085490981112038672,15209235905749006001,0.34436220000497997,,,batch-f3-nonlinear-direct-edge-detection-20260825-001
F3,X1,X2,f3-nonlinear-direct-edge-detection,58,6,0.31605358263926653,0.005,residual_samples/batch-58-replication-6.csv,null_statistics/batch-58-replication-6.npy,batch-f3-nonlinear-direct-edge-detection,17615609448402806597,5495352198441047915,8376077771746196424,0.343244899995625,,,batch-f3-nonlinear-direct-edge-detection-20260825-001
F3,X1,X2,f3-nonlinear-direct-edge-detection,58,7,0.2997990465632223,0.005,residual_samples/batch-58-replication-7.csv,null_statistics/batch-58-replication-7.npy,batch-f3-nonlinear-direct-edge-detection,2839469248000534621,7890868715470703930,8618713009478919047,0.34642319998238236,,,batch-f3-nonlinear-direct-edge-detection-20260825-001
F3,X1,X2,f3-nonlinear-direct-edge-detection,58,8,0.32224875069273917,0.005,residual_samples/batch-58-replication-8.csv,null_statistics/batch-58-replication-8.npy,batch-f3-nonlinear-direct-edge-detection,14498539635664286505,11098632232757566022,15504448346788043055,0.3435087000252679,,,batch-f3-nonlinear-direct-edge-detection-20260825-001
F3,X1,X2,f3-nonlinear-direct-edge-detection,58,9,0.30278763327047176,0.005,residual_samples/batch-58-replication-9.csv,null_statistics/batch-58-replication-9.npy,batch-f3-nonlinear-direct-edge-detection,18215058477220526215,8206957778825403238,10639728772458899178,0.3437240000348538,,,batch-f3-nonlinear-direct-edge-detection-20260825-001
F3,X1,X2,f3-nonlinear-direct-edge-detection,59,0,0.3035616666744283,0.005,residual_samples/batch-59-replication-0.csv,null_statistics/batch-59-replication-0.npy,batch-f3-nonlinear-direct-edge-detection,16421131811335418536,4874194282138499593,9540136043041449854,0.3476140000275336,,,batch-f3-nonlinear-direct-edge-detection-20260825-001
F3,X1,X2,f3-nonlinear-direct-edge-detection,59,1,0.2880849022877344,0.005,residual_samples/batch-59-replication-1.csv,null_statistics/batch-59-replication-1.npy,batch-f3-nonlinear-direct-edge-detection,8771039762097849808,1428806769489708926,5909006638574435088,0.3474802999990061,,,batch-f3-nonlinear-direct-edge-detection-20260825-001
F3,X1,X2,f3-nonlinear-direct-edge-detection,59,2,0.3245527356259897,0.005,residual_samples/batch-59-replication-2.csv,null_statistics/batch-59-replication-2.npy,batch-f3-nonlinear-direct-edge-detection,16981946903076618851,13338525943163925225,14351623540734986186,0.3431023000157438,,,batch-f3-nonlinear-direct-edge-detection-20260825-001
F3,X1,X2,f3-nonlinear-direct-edge-detection,59,3,0.2998881047260352,0.005,residual_samples/batch-59-replication-3.csv,null_statistics/batch-59-replication-3.npy,batch-f3-nonlinear-direct-edge-detection,3269808466033302982,2865815498671406500,12344439007179312904,0.34703319997061044,,,batch-f3-nonlinear-direct-edge-detection-20260825-001
F3,X1,X2,f3-nonlinear-direct-edge-detection,59,4,0.3044077610462792,0.005,residual_samples/batch-59-replication-4.csv,null_statistics/batch-59-replication-4.npy,batch-f3-nonlinear-direct-edge-detection,14670906972255846583,3225095323389786372,5356156420130792350,0.34674559999257326,,,batch-f3-nonlinear-direct-edge-detection-20260825-001
F3,X1,X2,f3-nonlinear-direct-edge-detection,59,5,0.3253449058633677,0.005,residual_samples/batch-59-replication-5.csv,null_statistics/batch-59-replication-5.npy,batch-f3-nonlinear-direct-edge-detection,17191088801511468664,7070189784784158360,6191009094228191621,0.33834110002499074,,,batch-f3-nonlinear-direct-edge-detection-20260825-001
F3,X1,X2,f3-nonlinear-direct-edge-detection,59,6,0.3291078835600408,0.005,residual_samples/batch-59-replication-6.csv,null_statistics/batch-59-replication-6.npy,batch-f3-nonlinear-direct-edge-detection,14977343620997332875,12234234116731236014,18336125899731053348,0.3463155999779701,,,batch-f3-nonlinear-direct-edge-detection-20260825-001
F3,X1,X2,f3-nonlinear-direct-edge-detection,59,7,0.3218000333946209,0.005,residual_samples/batch-59-replication-7.csv,null_statistics/batch-59-replication-7.npy,batch-f3-nonlinear-direct-edge-detection,6575122993798316130,8803000181525376723,2077079426691590002,0.343573699996341,,,batch-f3-nonlinear-direct-edge-detection-20260825-001
F3,X1,X2,f3-nonlinear-direct-edge-detection,59,8,0.3327716330680632,0.005,residual_samples/batch-59-replication-8.csv,null_statistics/batch-59-replication-8.npy,batch-f3-nonlinear-direct-edge-detection,10122800018050964329,5348182005163067897,16964155676777679864,0.3477085000486113,,,batch-f3-nonlinear-direct-edge-detection-20260825-001
F3,X1,X2,f3-nonlinear-direct-edge-detection,59,9,0.3113738441173257,0.005,residual_samples/batch-59-replication-9.csv,null_statistics/batch-59-replication-9.npy,batch-f3-nonlinear-direct-edge-detection,14970264502273548390,3731960124131748222,2466479147523951676,0.3426976000191644,,,batch-f3-nonlinear-direct-edge-detection-20260825-001
F3,X1,X2,f3-nonlinear-direct-edge-detection,60,0,0.30599784643561445,0.005,residual_samples/batch-60-replication-0.csv,null_statistics/batch-60-replication-0.npy,batch-f3-nonlinear-direct-edge-detection,14125602826861841996,12269329217747925926,17253816149784958440,0.3446088000200689,,,batch-f3-nonlinear-direct-edge-detection-20260825-001
F3,X1,X2,f3-nonlinear-direct-edge-detection,60,1,0.30958856348445146,0.005,residual_samples/batch-60-replication-1.csv,null_statistics/batch-60-replication-1.npy,batch-f3-nonlinear-direct-edge-detection,11296466924950225406,18315998374821116066,16825364012054567909,0.3456259000231512,,,batch-f3-nonlinear-direct-edge-detection-20260825-001
F3,X1,X2,f3-nonlinear-direct-edge-detection,60,2,0.31097802932658214,0.005,residual_samples/batch-60-replication-2.csv,null_statistics/batch-60-replication-2.npy,batch-f3-nonlinear-direct-edge-detection,12059979454117959299,4862385732810027359,12387440346302275679,0.34346990002086386,,,batch-f3-nonlinear-direct-edge-detection-20260825-001
F3,X1,X2,f3-nonlinear-direct-edge-detection,60,3,0.3316777384649345,0.005,residual_samples/batch-60-replication-3.csv,null_statistics/batch-60-replication-3.npy,batch-f3-nonlinear-direct-edge-detection,12397000550615194701,8873656112314625262,10281451557826569853,0.34682420000899583,,,batch-f3-nonlinear-direct-edge-detection-20260825-001
F3,X1,X2,f3-nonlinear-direct-edge-detection,60,4,0.28658424272318117,0.005,residual_samples/batch-60-replication-4.csv,null_statistics/batch-60-replication-4.npy,batch-f3-nonlinear-direct-edge-detection,9273254687375023896,18381042462076635462,2162216286134053898,0.29790939996019006,,,batch-f3-nonlinear-direct-edge-detection-20260825-001
F3,X1,X2,f3-nonlinear-direct-edge-detection,60,5,0.3192168161547385,0.005,residual_samples/batch-60-replication-5.csv,null_statistics/batch-60-replication-5.npy,batch-f3-nonlinear-direct-edge-detection,15001351925472338986,13900974021707959999,3518540952436511311,0.33388300001388416,,,batch-f3-nonlinear-direct-edge-detection-20260825-001
F3,X1,X2,f3-nonlinear-direct-edge-detection,60,6,0.33188577523669044,0.005,residual_samples/batch-60-replication-6.csv,null_statistics/batch-60-replication-6.npy,batch-f3-nonlinear-direct-edge-detection,1181505333031645003,13723044929058815064,2341828944157910547,0.3466372999828309,,,batch-f3-nonlinear-direct-edge-detection-20260825-001
F3,X1,X2,f3-nonlinear-direct-edge-detection,60,7,0.3126276770760488,0.005,residual_samples/batch-60-replication-7.csv,null_statistics/batch-60-replication-7.npy,batch-f3-nonlinear-direct-edge-detection,764209065465342078,1954071965920147435,439003516019771488,0.34482889994978905,,,batch-f3-nonlinear-direct-edge-detection-20260825-001
F3,X1,X2,f3-nonlinear-direct-edge-detection,60,8,0.31254431729277665,0.005,residual_samples/batch-60-replication-8.csv,null_statistics/batch-60-replication-8.npy,batch-f3-nonlinear-direct-edge-detection,3954361719438316708,7626201190159557758,7104382401427619667,0.35165870003402233,,,batch-f3-nonlinear-direct-edge-detection-20260825-001
F3,X1,X2,f3-nonlinear-direct-edge-detection,60,9,0.3291205617958593,0.005,residual_samples/batch-60-replication-9.csv,null_statistics/batch-60-replication-9.npy,batch-f3-nonlinear-direct-edge-detection,10562308071331114001,15372594247095654461,16872613901753923914,0.34569420001935214,,,batch-f3-nonlinear-direct-edge-detection-20260825-001
F3,X1,X2,f3-nonlinear-direct-edge-detection,61,0,0.2777197246666012,0.005,residual_samples/batch-61-replication-0.csv,null_statistics/batch-61-replication-0.npy,batch-f3-nonlinear-direct-edge-detection,178623540097130591,13660143475658250320,7722249415841716264,0.3435120999929495,,,batch-f3-nonlinear-direct-edge-detection-20260825-001
F3,X1,X2,f3-nonlinear-direct-edge-detection,61,1,0.3205632268607034,0.005,residual_samples/batch-61-replication-1.csv,null_statistics/batch-61-replication-1.npy,batch-f3-nonlinear-direct-edge-detection,581014366444477715,6113371276778519189,15242113722306838937,0.3198133999831043,,,batch-f3-nonlinear-direct-edge-detection-20260825-001
F3,X1,X2,f3-nonlinear-direct-edge-detection,61,2,0.28291410766965136,0.005,residual_samples/batch-61-replication-2.csv,null_statistics/batch-61-replication-2.npy,batch-f3-nonlinear-direct-edge-detection,15304923631374665798,12514386470230861481,10429340416273642401,0.34755770000629127,,,batch-f3-nonlinear-direct-edge-detection-20260825-001
F3,X1,X2,f3-nonlinear-direct-edge-detection,61,3,0.3283996357833056,0.005,residual_samples/batch-61-replication-3.csv,null_statistics/batch-61-replication-3.npy,batch-f3-nonlinear-direct-edge-detection,3847516630686604397,14624556237479192340,4170855818147762699,0.3487855000421405,,,batch-f3-nonlinear-direct-edge-detection-20260825-001
F3,X1,X2,f3-nonlinear-direct-edge-detection,61,4,0.306727906716041,0.005,residual_samples/batch-61-replication-4.csv,null_statistics/batch-61-replication-4.npy,batch-f3-nonlinear-direct-edge-detection,3323027556659921268,17622417299917878387,8215919241898934737,0.34786919999169186,,,batch-f3-nonlinear-direct-edge-detection-20260825-001
F3,X1,X2,f3-nonlinear-direct-edge-detection,61,5,0.33218708552816506,0.005,residual_samples/batch-61-replication-5.csv,null_statistics/batch-61-replication-5.npy,batch-f3-nonlinear-direct-edge-detection,2288359234409210415,12433846479566757176,6498192747337559541,0.34869190002791584,,,batch-f3-nonlinear-direct-edge-detection-20260825-001
F3,X1,X2,f3-nonlinear-direct-edge-detection,61,6,0.298593028502028,0.005,residual_samples/batch-61-replication-6.csv,null_statistics/batch-61-replication-6.npy,batch-f3-nonlinear-direct-edge-detection,6054360502897789553,1747029724009260636,12234347567611901576,0.3537861999939196,,,batch-f3-nonlinear-direct-edge-detection-20260825-001
F3,X1,X2,f3-nonlinear-direct-edge-detection,61,7,0.30717885265790823,0.005,residual_samples/batch-61-replication-7.csv,null_statistics/batch-61-replication-7.npy,batch-f3-nonlinear-direct-edge-detection,4537459426966510260,4266192654857830814,1106756434140151326,0.3450891000102274,,,batch-f3-nonlinear-direct-edge-detection-20260825-001
F3,X1,X2,f3-nonlinear-direct-edge-detection,61,8,0.29860387527462073,0.005,residual_samples/batch-61-replication-8.csv,null_statistics/batch-61-replication-8.npy,batch-f3-nonlinear-direct-edge-detection,8898038718622027650,9092003115089205097,10144828826793145527,0.34829330001957715,,,batch-f3-nonlinear-direct-edge-detection-20260825-001
F3,X1,X2,f3-nonlinear-direct-edge-detection,61,9,0.28604187853985835,0.005,residual_samples/batch-61-replication-9.csv,null_statistics/batch-61-replication-9.npy,batch-f3-nonlinear-direct-edge-detection,13846650582677535637,3915438382882010673,14690437474823585589,0.3448033999884501,,,batch-f3-nonlinear-direct-edge-detection-20260825-001
F3,X1,X2,f3-nonlinear-direct-edge-detection,62,0,0.3284004327990048,0.005,residual_samples/batch-62-replication-0.csv,null_statistics/batch-62-replication-0.npy,batch-f3-nonlinear-direct-edge-detection,793126385120322346,3383530604996903804,924241132272938541,0.34674300003098324,,,batch-f3-nonlinear-direct-edge-detection-20260825-001
F3,X1,X2,f3-nonlinear-direct-edge-detection,62,1,0.3339480634221215,0.005,residual_samples/batch-62-replication-1.csv,null_statistics/batch-62-replication-1.npy,batch-f3-nonlinear-direct-edge-detection,1407666857669508773,10951598314869818272,7018719573013502226,0.2979898000485264,,,batch-f3-nonlinear-direct-edge-detection-20260825-001
F3,X1,X2,f3-nonlinear-direct-edge-detection,62,2,0.3047983753951718,0.005,residual_samples/batch-62-replication-2.csv,null_statistics/batch-62-replication-2.npy,batch-f3-nonlinear-direct-edge-detection,2255701999103711239,15247411565631226622,13672744809978605881,0.3488937999936752,,,batch-f3-nonlinear-direct-edge-detection-20260825-001
F3,X1,X2,f3-nonlinear-direct-edge-detection,62,3,0.30706658657831176,0.005,residual_samples/batch-62-replication-3.csv,null_statistics/batch-62-replication-3.npy,batch-f3-nonlinear-direct-edge-detection,2752639785809257002,12638367381423073592,3500890044923931056,0.34661680000135675,,,batch-f3-nonlinear-direct-edge-detection-20260825-001
F3,X1,X2,f3-nonlinear-direct-edge-detection,62,4,0.3012375570458109,0.005,residual_samples/batch-62-replication-4.csv,null_statistics/batch-62-replication-4.npy,batch-f3-nonlinear-direct-edge-detection,9466379470822340542,9295949459653382404,1043094273316111015,0.34558690001722425,,,batch-f3-nonlinear-direct-edge-detection-20260825-001
F3,X1,X2,f3-nonlinear-direct-edge-detection,62,5,0.3127957044253128,0.005,residual_samples/batch-62-replication-5.csv,null_statistics/batch-62-replication-5.npy,batch-f3-nonlinear-direct-edge-detection,5358062442629443175,15095594114076319297,4845705434742291384,0.34629870002390817,,,batch-f3-nonlinear-direct-edge-detection-20260825-001
F3,X1,X2,f3-nonlinear-direct-edge-detection,62,6,0.3209885852288828,0.005,residual_samples/batch-62-replication-6.csv,null_statistics/batch-62-replication-6.npy,batch-f3-nonlinear-direct-edge-detection,14315717237138560960,11363827825766735609,5857057910724734858,0.34421670000301674,,,batch-f3-nonlinear-direct-edge-detection-20260825-001
F3,X1,X2,f3-nonlinear-direct-edge-detection,62,7,0.3011537624679611,0.005,residual_samples/batch-62-replication-7.csv,null_statistics/batch-62-replication-7.npy,batch-f3-nonlinear-direct-edge-detection,9280764011785566481,11974183889291795774,9735053620242802542,0.35324590001255274,,,batch-f3-nonlinear-direct-edge-detection-20260825-001
F3,X1,X2,f3-nonlinear-direct-edge-detection,62,8,0.29577588369680013,0.005,residual_samples/batch-62-replication-8.csv,null_statistics/batch-62-replication-8.npy,batch-f3-nonlinear-direct-edge-detection,10641350413604000463,1212926668181993349,3301800496490330093,0.344930800027214,,,batch-f3-nonlinear-direct-edge-detection-20260825-001
F3,X1,X2,f3-nonlinear-direct-edge-detection,62,9,0.3530857280245166,0.005,residual_samples/batch-62-replication-9.csv,null_statistics/batch-62-replication-9.npy,batch-f3-nonlinear-direct-edge-detection,3565868502442244703,15136526553204854597,5354788474845327104,0.34622900001704693,,,batch-f3-nonlinear-direct-edge-detection-20260825-001
F3,X1,X2,f3-nonlinear-direct-edge-detection,63,0,0.30311765132870155,0.005,residual_samples/batch-63-replication-0.csv,null_statistics/batch-63-replication-0.npy,batch-f3-nonlinear-direct-edge-detection,2134913178180415038,14789518192031263105,14659465218272024449,0.34260079998057336,,,batch-f3-nonlinear-direct-edge-detection-20260825-001
F3,X1,X2,f3-nonlinear-direct-edge-detection,63,1,0.32544805026592816,0.005,residual_samples/batch-63-replication-1.csv,null_statistics/batch-63-replication-1.npy,batch-f3-nonlinear-direct-edge-detection,12299418963685957909,9828277371044122592,14306906778401227056,0.3455381999956444,,,batch-f3-nonlinear-direct-edge-detection-20260825-001
F3,X1,X2,f3-nonlinear-direct-edge-detection,63,2,0.3031568773031226,0.005,residual_samples/batch-63-replication-2.csv,null_statistics/batch-63-replication-2.npy,batch-f3-nonlinear-direct-edge-detection,9644400952659656903,7665639823843025726,8653972103014515347,0.34576359996572137,,,batch-f3-nonlinear-direct-edge-detection-20260825-001
F3,X1,X2,f3-nonlinear-direct-edge-detection,63,3,0.31752663555670346,0.005,residual_samples/batch-63-replication-3.csv,null_statistics/batch-63-replication-3.npy,batch-f3-nonlinear-direct-edge-detection,13956946515679892104,16024003420405669847,15908545541562637635,0.34550260001560673,,,batch-f3-nonlinear-direct-edge-detection-20260825-001
F3,X1,X2,f3-nonlinear-direct-edge-detection,63,4,0.31408087899816245,0.005,residual_samples/batch-63-replication-4.csv,null_statistics/batch-63-replication-4.npy,batch-f3-nonlinear-direct-edge-detection,13181772718184372420,13673005511127111194,8918025056250232154,0.34560669999336824,,,batch-f3-nonlinear-direct-edge-detection-20260825-001
F3,X1,X2,f3-nonlinear-direct-edge-detection,63,5,0.309573512218478,0.005,residual_samples/batch-63-replication-5.csv,null_statistics/batch-63-replication-5.npy,batch-f3-nonlinear-direct-edge-detection,4655888183770250971,11830852298720901792,7016072167371619748,0.34425339999143034,,,batch-f3-nonlinear-direct-edge-detection-20260825-001
F3,X1,X2,f3-nonlinear-direct-edge-detection,63,6,0.30951323018401244,0.005,residual_samples/batch-63-replication-6.csv,null_statistics/batch-63-replication-6.npy,batch-f3-nonlinear-direct-edge-detection,7195331557913202562,7842909309682173545,14628684427161464350,0.34616190002998337,,,batch-f3-nonlinear-direct-edge-detection-20260825-001
F3,X1,X2,f3-nonlinear-direct-edge-detection,63,7,0.2968409352656217,0.005,residual_samples/batch-63-replication-7.csv,null_statistics/batch-63-replication-7.npy,batch-f3-nonlinear-direct-edge-detection,5760092812300947883,4941276299771702266,5578163581562688920,0.3471714000334032,,,batch-f3-nonlinear-direct-edge-detection-20260825-001
F3,X1,X2,f3-nonlinear-direct-edge-detection,63,8,0.298605872430586,0.005,residual_samples/batch-63-replication-8.csv,null_statistics/batch-63-replication-8.npy,batch-f3-nonlinear-direct-edge-detection,16237684616481914468,12662872748075886505,449696235917966730,0.3438521000207402,,,batch-f3-nonlinear-direct-edge-detection-20260825-001
F3,X1,X2,f3-nonlinear-direct-edge-detection,63,9,0.3174864574187732,0.005,residual_samples/batch-63-replication-9.csv,null_statistics/batch-63-replication-9.npy,batch-f3-nonlinear-direct-edge-detection,17334663094003668084,17075114052408853995,17043664165145172484,0.34597259998554364,,,batch-f3-nonlinear-direct-edge-detection-20260825-001
F3,X1,X2,f3-nonlinear-direct-edge-detection,64,0,0.3000683699531582,0.005,residual_samples/batch-64-replication-0.csv,null_statistics/batch-64-replication-0.npy,batch-f3-nonlinear-direct-edge-detection,11528773020345165642,16984576260042098952,15041660469677883754,0.34498950000852346,,,batch-f3-nonlinear-direct-edge-detection-20260825-001
F3,X1,X2,f3-nonlinear-direct-edge-detection,64,1,0.31969435498460447,0.005,residual_samples/batch-64-replication-1.csv,null_statistics/batch-64-replication-1.npy,batch-f3-nonlinear-direct-edge-detection,16107622826666961299,3656909676224219829,10596871773457357705,0.3472528000129387,,,batch-f3-nonlinear-direct-edge-detection-20260825-001
F3,X1,X2,f3-nonlinear-direct-edge-detection,64,2,0.30318913476424,0.005,residual_samples/batch-64-replication-2.csv,null_statistics/batch-64-replication-2.npy,batch-f3-nonlinear-direct-edge-detection,16253216425626595861,11058819414869656494,16433968246903319248,0.3464829999720678,,,batch-f3-nonlinear-direct-edge-detection-20260825-001
F3,X1,X2,f3-nonlinear-direct-edge-detection,64,3,0.32640457761184516,0.005,residual_samples/batch-64-replication-3.csv,null_statistics/batch-64-replication-3.npy,batch-f3-nonlinear-direct-edge-detection,10223057270891252259,1989874469367180055,7347038656216658180,0.3472318999702111,,,batch-f3-nonlinear-direct-edge-detection-20260825-001
F3,X1,X2,f3-nonlinear-direct-edge-detection,64,4,0.2933370055337091,0.005,residual_samples/batch-64-replication-4.csv,null_statistics/batch-64-replication-4.npy,batch-f3-nonlinear-direct-edge-detection,9235223353523048765,11916547288276157172,4701220506395971323,0.34595280000939965,,,batch-f3-nonlinear-direct-edge-detection-20260825-001
F3,X1,X2,f3-nonlinear-direct-edge-detection,64,5,0.33492619466605184,0.005,residual_samples/batch-64-replication-5.csv,null_statistics/batch-64-replication-5.npy,batch-f3-nonlinear-direct-edge-detection,11330051555822931836,5193488366173480995,5284621128632888145,0.3493252999614924,,,batch-f3-nonlinear-direct-edge-detection-20260825-001
F3,X1,X2,f3-nonlinear-direct-edge-detection,64,6,0.29889884062042266,0.005,residual_samples/batch-64-replication-6.csv,null_statistics/batch-64-replication-6.npy,batch-f3-nonlinear-direct-edge-detection,1894416860662271929,3744163445217200751,15653854517165644212,0.34549799998058006,,,batch-f3-nonlinear-direct-edge-detection-20260825-001
F3,X1,X2,f3-nonlinear-direct-edge-detection,64,7,0.31948547507417446,0.005,residual_samples/batch-64-replication-7.csv,null_statistics/batch-64-replication-7.npy,batch-f3-nonlinear-direct-edge-detection,10517796499673517531,580551745106059869,17867704160625496735,0.3453880999586545,,,batch-f3-nonlinear-direct-edge-detection-20260825-001
F3,X1,X2,f3-nonlinear-direct-edge-detection,64,8,0.30198587433978835,0.005,residual_samples/batch-64-replication-8.csv,null_statistics/batch-64-replication-8.npy,batch-f3-nonlinear-direct-edge-detection,12338120954391896300,5513540478312183946,12294121262703824717,0.3462594000156969,,,batch-f3-nonlinear-direct-edge-detection-20260825-001
F3,X1,X2,f3-nonlinear-direct-edge-detection,64,9,0.32260191703679764,0.005,residual_samples/batch-64-replication-9.csv,null_statistics/batch-64-replication-9.npy,batch-f3-nonlinear-direct-edge-detection,5575616764551364085,17864235890086135999,12868030018974687646,0.34885020001092926,,,batch-f3-nonlinear-direct-edge-detection-20260825-001
F3,X1,X2,f3-nonlinear-direct-edge-detection,65,0,0.32420939183792036,0.005,residual_samples/batch-65-replication-0.csv,null_statistics/batch-65-replication-0.npy,batch-f3-nonlinear-direct-edge-detection,13629217331216852373,4368721866234459377,6789129024462436479,0.34532750002108514,,,batch-f3-nonlinear-direct-edge-detection-20260825-001
F3,X1,X2,f3-nonlinear-direct-edge-detection,65,1,0.28745209317371406,0.005,residual_samples/batch-65-replication-1.csv,null_statistics/batch-65-replication-1.npy,batch-f3-nonlinear-direct-edge-detection,6069342830065183381,7780403573803918669,17801616895927136896,0.34651930001564324,,,batch-f3-nonlinear-direct-edge-detection-20260825-001
F3,X1,X2,f3-nonlinear-direct-edge-detection,65,2,0.3386189505082357,0.005,residual_samples/batch-65-replication-2.csv,null_statistics/batch-65-replication-2.npy,batch-f3-nonlinear-direct-edge-detection,10477873730723936960,17893774940036451773,18344872652360098828,0.348603299993556,,,batch-f3-nonlinear-direct-edge-detection-20260825-001
F3,X1,X2,f3-nonlinear-direct-edge-detection,65,3,0.32071108214409133,0.005,residual_samples/batch-65-replication-3.csv,null_statistics/batch-65-replication-3.npy,batch-f3-nonlinear-direct-edge-detection,15657417340535746068,5146330392512139831,9106186973483061001,0.3464706999948248,,,batch-f3-nonlinear-direct-edge-detection-20260825-001
F3,X1,X2,f3-nonlinear-direct-edge-detection,65,4,0.2995543432885626,0.005,residual_samples/batch-65-replication-4.csv,null_statistics/batch-65-replication-4.npy,batch-f3-nonlinear-direct-edge-detection,16966402646567674335,3324275872647395095,1379530170141178544,0.3475713999941945,,,batch-f3-nonlinear-direct-edge-detection-20260825-001
F3,X1,X2,f3-nonlinear-direct-edge-detection,65,5,0.314288584603025,0.005,residual_samples/batch-65-replication-5.csv,null_statistics/batch-65-replication-5.npy,batch-f3-nonlinear-direct-edge-detection,10633199377721713881,6049221510843640227,9437060996058476470,0.35271409997949377,,,batch-f3-nonlinear-direct-edge-detection-20260825-001
F3,X1,X2,f3-nonlinear-direct-edge-detection,65,6,0.32296189101791634,0.005,residual_samples/batch-65-replication-6.csv,null_statistics/batch-65-replication-6.npy,batch-f3-nonlinear-direct-edge-detection,1328183978510284555,11352956777212938123,1835314853932436752,0.34273340000072494,,,batch-f3-nonlinear-direct-edge-detection-20260825-001
F3,X1,X2,f3-nonlinear-direct-edge-detection,65,7,0.3102947790171488,0.005,residual_samples/batch-65-replication-7.csv,null_statistics/batch-65-replication-7.npy,batch-f3-nonlinear-direct-edge-detection,18199766096532490867,4912611633443537249,10740910169291313295,0.34763670002575964,,,batch-f3-nonlinear-direct-edge-detection-20260825-001
F3,X1,X2,f3-nonlinear-direct-edge-detection,65,8,0.3442128946285816,0.005,residual_samples/batch-65-replication-8.csv,null_statistics/batch-65-replication-8.npy,batch-f3-nonlinear-direct-edge-detection,10333872267548909250,1559527682141106462,18333793001888778320,0.3469086000113748,,,batch-f3-nonlinear-direct-edge-detection-20260825-001
F3,X1,X2,f3-nonlinear-direct-edge-detection,65,9,0.29844395109776034,0.005,residual_samples/batch-65-replication-9.csv,null_statistics/batch-65-replication-9.npy,batch-f3-nonlinear-direct-edge-detection,6833716250998158740,8177172093268007519,5003120003449970243,0.344933399988804,,,batch-f3-nonlinear-direct-edge-detection-20260825-001
F3,X1,X2,f3-nonlinear-direct-edge-detection,66,0,0.328330182484062,0.005,residual_samples/batch-66-replication-0.csv,null_statistics/batch-66-replication-0.npy,batch-f3-nonlinear-direct-edge-detection,61301311188810294,3220697264800000103,8809067859316701702,0.3420828999951482,,,batch-f3-nonlinear-direct-edge-detection-20260825-001
F3,X1,X2,f3-nonlinear-direct-edge-detection,66,1,0.3204744370196,0.005,residual_samples/batch-66-replication-1.csv,null_statistics/batch-66-replication-1.npy,batch-f3-nonlinear-direct-edge-detection,8196103456523077240,13385638571596331940,5421613201304713890,0.3636458000401035,,,batch-f3-nonlinear-direct-edge-detection-20260825-001
F3,X1,X2,f3-nonlinear-direct-edge-detection,66,2,0.33912749433051337,0.005,residual_samples/batch-66-replication-2.csv,null_statistics/batch-66-replication-2.npy,batch-f3-nonlinear-direct-edge-detection,5729221429475123532,15871064061809680878,8714834516217594757,0.35827029997017235,,,batch-f3-nonlinear-direct-edge-detection-20260825-001
F3,X1,X2,f3-nonlinear-direct-edge-detection,66,3,0.30237701059381933,0.005,residual_samples/batch-66-replication-3.csv,null_statistics/batch-66-replication-3.npy,batch-f3-nonlinear-direct-edge-detection,8458084730806483894,14907631784726426558,10657108358224114571,0.3365123000112362,,,batch-f3-nonlinear-direct-edge-detection-20260825-001
F3,X1,X2,f3-nonlinear-direct-edge-detection,66,4,0.31975027873579864,0.005,residual_samples/batch-66-replication-4.csv,null_statistics/batch-66-replication-4.npy,batch-f3-nonlinear-direct-edge-detection,8332264552009904465,14314903674384024796,12675997416315892309,0.3548122000065632,,,batch-f3-nonlinear-direct-edge-detection-20260825-001
F3,X1,X2,f3-nonlinear-direct-edge-detection,66,5,0.28643928703191535,0.005,residual_samples/batch-66-replication-5.csv,null_statistics/batch-66-replication-5.npy,batch-f3-nonlinear-direct-edge-detection,9949803706478371630,73199877482565117,9262546754756563985,0.3509517000056803,,,batch-f3-nonlinear-direct-edge-detection-20260825-001
F3,X1,X2,f3-nonlinear-direct-edge-detection,66,6,0.3274210539205071,0.005,residual_samples/batch-66-replication-6.csv,null_statistics/batch-66-replication-6.npy,batch-f3-nonlinear-direct-edge-detection,1048880511969333339,2966951972950482384,5712378333346300435,0.3640148999984376,,,batch-f3-nonlinear-direct-edge-detection-20260825-001
F3,X1,X2,f3-nonlinear-direct-edge-detection,66,7,0.32187257107114453,0.005,residual_samples/batch-66-replication-7.csv,null_statistics/batch-66-replication-7.npy,batch-f3-nonlinear-direct-edge-detection,10967919010900011421,1432034124820421005,7456237090498543325,0.3630645999801345,,,batch-f3-nonlinear-direct-edge-detection-20260825-001
F3,X1,X2,f3-nonlinear-direct-edge-detection,66,8,0.330018880039976,0.005,residual_samples/batch-66-replication-8.csv,null_statistics/batch-66-replication-8.npy,batch-f3-nonlinear-direct-edge-detection,5478412046404255156,4393466288043992579,5557415895073271983,0.3394988000509329,,,batch-f3-nonlinear-direct-edge-detection-20260825-001
F3,X1,X2,f3-nonlinear-direct-edge-detection,66,9,0.32124619516675934,0.005,residual_samples/batch-66-replication-9.csv,null_statistics/batch-66-replication-9.npy,batch-f3-nonlinear-direct-edge-detection,6875459534003897818,18076332925626421850,15638918330351262916,0.34500329999718815,,,batch-f3-nonlinear-direct-edge-detection-20260825-001
F3,X1,X2,f3-nonlinear-direct-edge-detection,67,0,0.3111897118719149,0.005,residual_samples/batch-67-replication-0.csv,null_statistics/batch-67-replication-0.npy,batch-f3-nonlinear-direct-edge-detection,14385277083347185595,10761077252810524917,5119921709226313719,0.34690250002313405,,,batch-f3-nonlinear-direct-edge-detection-20260825-001
F3,X1,X2,f3-nonlinear-direct-edge-detection,67,1,0.2920057470098132,0.005,residual_samples/batch-67-replication-1.csv,null_statistics/batch-67-replication-1.npy,batch-f3-nonlinear-direct-edge-detection,12616074538976836588,3103854322105289443,5678322248278263001,0.3671654000063427,,,batch-f3-nonlinear-direct-edge-detection-20260825-001
F3,X1,X2,f3-nonlinear-direct-edge-detection,67,2,0.33225043735301973,0.005,residual_samples/batch-67-replication-2.csv,null_statistics/batch-67-replication-2.npy,batch-f3-nonlinear-direct-edge-detection,15422556756407234251,17328444715175771012,12250342963838724121,0.3562025999999605,,,batch-f3-nonlinear-direct-edge-detection-20260825-001
F3,X1,X2,f3-nonlinear-direct-edge-detection,67,3,0.3273339758616793,0.005,residual_samples/batch-67-replication-3.csv,null_statistics/batch-67-replication-3.npy,batch-f3-nonlinear-direct-edge-detection,10003266222855258702,4824337419678437979,3700904302277523041,0.34271449997322634,,,batch-f3-nonlinear-direct-edge-detection-20260825-001
F3,X1,X2,f3-nonlinear-direct-edge-detection,67,4,0.31613006119681675,0.005,residual_samples/batch-67-replication-4.csv,null_statistics/batch-67-replication-4.npy,batch-f3-nonlinear-direct-edge-detection,8331710108816103241,14548427774860240123,2868034467159809102,0.29375850001815706,,,batch-f3-nonlinear-direct-edge-detection-20260825-001
F3,X1,X2,f3-nonlinear-direct-edge-detection,67,5,0.2998632483236366,0.005,residual_samples/batch-67-replication-5.csv,null_statistics/batch-67-replication-5.npy,batch-f3-nonlinear-direct-edge-detection,18339586668041997721,3877548716754149791,4956167368894095348,0.34463900001719594,,,batch-f3-nonlinear-direct-edge-detection-20260825-001
F3,X1,X2,f3-nonlinear-direct-edge-detection,67,6,0.3119283375587606,0.005,residual_samples/batch-67-replication-6.csv,null_statistics/batch-67-replication-6.npy,batch-f3-nonlinear-direct-edge-detection,11189950971575204267,4941268312630405287,1395177390933498656,0.3440006999881007,,,batch-f3-nonlinear-direct-edge-detection-20260825-001
F3,X1,X2,f3-nonlinear-direct-edge-detection,67,7,0.2937448133684904,0.005,residual_samples/batch-67-replication-7.csv,null_statistics/batch-67-replication-7.npy,batch-f3-nonlinear-direct-edge-detection,1200691394783333323,14781507119522366101,12224755397652253163,0.34488440002314746,,,batch-f3-nonlinear-direct-edge-detection-20260825-001
F3,X1,X2,f3-nonlinear-direct-edge-detection,67,8,0.3089265458971156,0.005,residual_samples/batch-67-replication-8.csv,null_statistics/batch-67-replication-8.npy,batch-f3-nonlinear-direct-edge-detection,5851639983069870938,5165693598992539099,17826453034846920109,0.34616830002050847,,,batch-f3-nonlinear-direct-edge-detection-20260825-001
F3,X1,X2,f3-nonlinear-direct-edge-detection,67,9,0.30712752752111344,0.005,residual_samples/batch-67-replication-9.csv,null_statistics/batch-67-replication-9.npy,batch-f3-nonlinear-direct-edge-detection,13885843948798366393,5821523033010869589,16684917245846058754,0.3495067000039853,,,batch-f3-nonlinear-direct-edge-detection-20260825-001
F3,X1,X2,f3-nonlinear-direct-edge-detection,68,0,0.32035715843490203,0.005,residual_samples/batch-68-replication-0.csv,null_statistics/batch-68-replication-0.npy,batch-f3-nonlinear-direct-edge-detection,5512771524092963462,10057785482285208844,11440631567815041496,0.345595599967055,,,batch-f3-nonlinear-direct-edge-detection-20260825-001
F3,X1,X2,f3-nonlinear-direct-edge-detection,68,1,0.3216957512574742,0.005,residual_samples/batch-68-replication-1.csv,null_statistics/batch-68-replication-1.npy,batch-f3-nonlinear-direct-edge-detection,325781964110619533,6271894946528999500,15266102883615452197,0.35031220002565533,,,batch-f3-nonlinear-direct-edge-detection-20260825-001
F3,X1,X2,f3-nonlinear-direct-edge-detection,68,2,0.33562790760736183,0.005,residual_samples/batch-68-replication-2.csv,null_statistics/batch-68-replication-2.npy,batch-f3-nonlinear-direct-edge-detection,1094105844358322451,489230290911750287,16030087849902537583,0.3532487000338733,,,batch-f3-nonlinear-direct-edge-detection-20260825-001
F3,X1,X2,f3-nonlinear-direct-edge-detection,68,3,0.3350561032150458,0.005,residual_samples/batch-68-replication-3.csv,null_statistics/batch-68-replication-3.npy,batch-f3-nonlinear-direct-edge-detection,13298959465539407477,14307860126594340921,9714401845622569703,0.35234320000745356,,,batch-f3-nonlinear-direct-edge-detection-20260825-001
F3,X1,X2,f3-nonlinear-direct-edge-detection,68,4,0.3146186400697563,0.005,residual_samples/batch-68-replication-4.csv,null_statistics/batch-68-replication-4.npy,batch-f3-nonlinear-direct-edge-detection,13175478492770237636,14275764050006904856,11751426581665176152,0.34908970003016293,,,batch-f3-nonlinear-direct-edge-detection-20260825-001
F3,X1,X2,f3-nonlinear-direct-edge-detection,68,5,0.3032731813905082,0.005,residual_samples/batch-68-replication-5.csv,null_statistics/batch-68-replication-5.npy,batch-f3-nonlinear-direct-edge-detection,5250819173576530325,5604909999823599136,5579748264778902676,0.35415110003668815,,,batch-f3-nonlinear-direct-edge-detection-20260825-001
F3,X1,X2,f3-nonlinear-direct-edge-detection,68,6,0.3080416358268654,0.005,residual_samples/batch-68-replication-6.csv,null_statistics/batch-68-replication-6.npy,batch-f3-nonlinear-direct-edge-detection,2752523956771242945,4519026454316526343,15745613062623980965,0.37018749996786937,,,batch-f3-nonlinear-direct-edge-detection-20260825-001
F3,X1,X2,f3-nonlinear-direct-edge-detection,68,7,0.3162514954565542,0.005,residual_samples/batch-68-replication-7.csv,null_statistics/batch-68-replication-7.npy,batch-f3-nonlinear-direct-edge-detection,18374119112976351805,777115380240221117,5919023449116583937,0.35760709998430684,,,batch-f3-nonlinear-direct-edge-detection-20260825-001
F3,X1,X2,f3-nonlinear-direct-edge-detection,68,8,0.30973210637487325,0.005,residual_samples/batch-68-replication-8.csv,null_statistics/batch-68-replication-8.npy,batch-f3-nonlinear-direct-edge-detection,13193643945470114322,3068394886934894585,2802122987691970060,0.3564600000390783,,,batch-f3-nonlinear-direct-edge-detection-20260825-001
F3,X1,X2,f3-nonlinear-direct-edge-detection,68,9,0.3168914655464178,0.005,residual_samples/batch-68-replication-9.csv,null_statistics/batch-68-replication-9.npy,batch-f3-nonlinear-direct-edge-detection,1171838509506563295,15341010729708994171,15208353608292610146,0.3499900000169873,,,batch-f3-nonlinear-direct-edge-detection-20260825-001
F3,X1,X2,f3-nonlinear-direct-edge-detection,69,0,0.31734561215150425,0.005,residual_samples/batch-69-replication-0.csv,null_statistics/batch-69-replication-0.npy,batch-f3-nonlinear-direct-edge-detection,4837094973528098310,9641913845816083907,8499707442842372114,0.35049300000537187,,,batch-f3-nonlinear-direct-edge-detection-20260825-001
F3,X1,X2,f3-nonlinear-direct-edge-detection,69,1,0.3274626619035004,0.005,residual_samples/batch-69-replication-1.csv,null_statistics/batch-69-replication-1.npy,batch-f3-nonlinear-direct-edge-detection,17253989883037868282,5425092491892024131,18181066500610771569,0.354816299979575,,,batch-f3-nonlinear-direct-edge-detection-20260825-001
F3,X1,X2,f3-nonlinear-direct-edge-detection,69,2,0.29932557837667584,0.005,residual_samples/batch-69-replication-2.csv,null_statistics/batch-69-replication-2.npy,batch-f3-nonlinear-direct-edge-detection,4191092893086589345,15723797292925084882,17564010126373190110,0.3591813999810256,,,batch-f3-nonlinear-direct-edge-detection-20260825-001
F3,X1,X2,f3-nonlinear-direct-edge-detection,69,3,0.32250727387852635,0.005,residual_samples/batch-69-replication-3.csv,null_statistics/batch-69-replication-3.npy,batch-f3-nonlinear-direct-edge-detection,3964343181202822130,14971943674623076387,13900997499043811069,0.35088420001557097,,,batch-f3-nonlinear-direct-edge-detection-20260825-001
F3,X1,X2,f3-nonlinear-direct-edge-detection,69,4,0.3206624749603304,0.005,residual_samples/batch-69-replication-4.csv,null_statistics/batch-69-replication-4.npy,batch-f3-nonlinear-direct-edge-detection,14511394762693378313,17624897558473654482,7801356535555242099,0.35674349998589605,,,batch-f3-nonlinear-direct-edge-detection-20260825-001
F3,X1,X2,f3-nonlinear-direct-edge-detection,69,5,0.29634577445137755,0.005,residual_samples/batch-69-replication-5.csv,null_statistics/batch-69-replication-5.npy,batch-f3-nonlinear-direct-edge-detection,5225592592968428406,17722703209792985908,7908361732557148504,0.37642539996886626,,,batch-f3-nonlinear-direct-edge-detection-20260825-001
F3,X1,X2,f3-nonlinear-direct-edge-detection,69,6,0.3182544971630582,0.005,residual_samples/batch-69-replication-6.csv,null_statistics/batch-69-replication-6.npy,batch-f3-nonlinear-direct-edge-detection,3346303743276256029,14757539328479058863,2576718293206169658,0.3598098999937065,,,batch-f3-nonlinear-direct-edge-detection-20260825-001
F3,X1,X2,f3-nonlinear-direct-edge-detection,69,7,0.3180638283722517,0.005,residual_samples/batch-69-replication-7.csv,null_statistics/batch-69-replication-7.npy,batch-f3-nonlinear-direct-edge-detection,15721831915532320886,2701561336672197259,4231600018806275896,0.35380879999138415,,,batch-f3-nonlinear-direct-edge-detection-20260825-001
F3,X1,X2,f3-nonlinear-direct-edge-detection,69,8,0.3392811271488823,0.005,residual_samples/batch-69-replication-8.csv,null_statistics/batch-69-replication-8.npy,batch-f3-nonlinear-direct-edge-detection,981083054473907249,8463207938830604212,2457651177123720646,0.3670413000509143,,,batch-f3-nonlinear-direct-edge-detection-20260825-001
F3,X1,X2,f3-nonlinear-direct-edge-detection,69,9,0.3235938094381323,0.005,residual_samples/batch-69-replication-9.csv,null_statistics/batch-69-replication-9.npy,batch-f3-nonlinear-direct-edge-detection,17366430447677952118,4880856458787957662,5414416319048282401,0.3707562999916263,,,batch-f3-nonlinear-direct-edge-detection-20260825-001
F3,X1,X2,f3-nonlinear-direct-edge-detection,70,0,0.30018581330336425,0.005,residual_samples/batch-70-replication-0.csv,null_statistics/batch-70-replication-0.npy,batch-f3-nonlinear-direct-edge-detection,13790274255001425897,3800545870256987530,13445887217695765092,0.36952649999875575,,,batch-f3-nonlinear-direct-edge-detection-20260825-001
F3,X1,X2,f3-nonlinear-direct-edge-detection,70,1,0.3109801851687715,0.005,residual_samples/batch-70-replication-1.csv,null_statistics/batch-70-replication-1.npy,batch-f3-nonlinear-direct-edge-detection,17559342450051958396,8745466596727072809,17308572366408515540,0.3639561000163667,,,batch-f3-nonlinear-direct-edge-detection-20260825-001
F3,X1,X2,f3-nonlinear-direct-edge-detection,70,2,0.32741356630392693,0.005,residual_samples/batch-70-replication-2.csv,null_statistics/batch-70-replication-2.npy,batch-f3-nonlinear-direct-edge-detection,14962411942328184709,149520615225497069,1534740522601869614,0.35658950003562495,,,batch-f3-nonlinear-direct-edge-detection-20260825-001
F3,X1,X2,f3-nonlinear-direct-edge-detection,70,3,0.3099875330546307,0.005,residual_samples/batch-70-replication-3.csv,null_statistics/batch-70-replication-3.npy,batch-f3-nonlinear-direct-edge-detection,4328291052541627718,12223829614254713661,5516273011470103506,0.3529664999805391,,,batch-f3-nonlinear-direct-edge-detection-20260825-001
F3,X1,X2,f3-nonlinear-direct-edge-detection,70,4,0.31568481268322157,0.005,residual_samples/batch-70-replication-4.csv,null_statistics/batch-70-replication-4.npy,batch-f3-nonlinear-direct-edge-detection,4910246573566023134,8306870418904973037,16050711258422913347,0.3523096999851987,,,batch-f3-nonlinear-direct-edge-detection-20260825-001
F3,X1,X2,f3-nonlinear-direct-edge-detection,70,5,0.3245676681897683,0.005,residual_samples/batch-70-replication-5.csv,null_statistics/batch-70-replication-5.npy,batch-f3-nonlinear-direct-edge-detection,6274081780487780900,17383350563666196406,2860542558537178839,0.348301799967885,,,batch-f3-nonlinear-direct-edge-detection-20260825-001
F3,X1,X2,f3-nonlinear-direct-edge-detection,70,6,0.29882607328862104,0.005,residual_samples/batch-70-replication-6.csv,null_statistics/batch-70-replication-6.npy,batch-f3-nonlinear-direct-edge-detection,6787027022477275533,17447312100558340877,7130222883621783552,0.34663079999154434,,,batch-f3-nonlinear-direct-edge-detection-20260825-001
F3,X1,X2,f3-nonlinear-direct-edge-detection,70,7,0.31991878180115546,0.005,residual_samples/batch-70-replication-7.csv,null_statistics/batch-70-replication-7.npy,batch-f3-nonlinear-direct-edge-detection,3316917030100280026,16589122621469632762,15470141759952116999,0.3444381000008434,,,batch-f3-nonlinear-direct-edge-detection-20260825-001
F3,X1,X2,f3-nonlinear-direct-edge-detection,70,8,0.30799582553663657,0.005,residual_samples/batch-70-replication-8.csv,null_statistics/batch-70-replication-8.npy,batch-f3-nonlinear-direct-edge-detection,6493510143138401656,5342293068776857061,17498457437137092659,0.3461478999815881,,,batch-f3-nonlinear-direct-edge-detection-20260825-001
F3,X1,X2,f3-nonlinear-direct-edge-detection,70,9,0.3154761753571003,0.005,residual_samples/batch-70-replication-9.csv,null_statistics/batch-70-replication-9.npy,batch-f3-nonlinear-direct-edge-detection,13934104502241256192,13520981103508661277,11351281864419657214,0.34775039996020496,,,batch-f3-nonlinear-direct-edge-detection-20260825-001
F3,X1,X2,f3-nonlinear-direct-edge-detection,71,0,0.31967482499842087,0.005,residual_samples/batch-71-replication-0.csv,null_statistics/batch-71-replication-0.npy,batch-f3-nonlinear-direct-edge-detection,11593549210015473120,3730860307339736238,14782168904411991427,0.3516529999906197,,,batch-f3-nonlinear-direct-edge-detection-20260825-001
F3,X1,X2,f3-nonlinear-direct-edge-detection,71,1,0.3091763431780922,0.005,residual_samples/batch-71-replication-1.csv,null_statistics/batch-71-replication-1.npy,batch-f3-nonlinear-direct-edge-detection,2220824107924922022,6971337321407552656,124092854300936818,0.35085959994466975,,,batch-f3-nonlinear-direct-edge-detection-20260825-001
F3,X1,X2,f3-nonlinear-direct-edge-detection,71,2,0.31596066275562534,0.005,residual_samples/batch-71-replication-2.csv,null_statistics/batch-71-replication-2.npy,batch-f3-nonlinear-direct-edge-detection,14571432813207939726,6080111767205834026,17277938849899432262,0.34885619999840856,,,batch-f3-nonlinear-direct-edge-detection-20260825-001
F3,X1,X2,f3-nonlinear-direct-edge-detection,71,3,0.30721132679403296,0.005,residual_samples/batch-71-replication-3.csv,null_statistics/batch-71-replication-3.npy,batch-f3-nonlinear-direct-edge-detection,6561916983256819961,9968037480456634791,17609436822044775625,0.34834999998565763,,,batch-f3-nonlinear-direct-edge-detection-20260825-001
F3,X1,X2,f3-nonlinear-direct-edge-detection,71,4,0.29044616166499665,0.005,residual_samples/batch-71-replication-4.csv,null_statistics/batch-71-replication-4.npy,batch-f3-nonlinear-direct-edge-detection,1378300969986884932,11016596366095834568,5638543624923345293,0.33453609998105094,,,batch-f3-nonlinear-direct-edge-detection-20260825-001
F3,X1,X2,f3-nonlinear-direct-edge-detection,71,5,0.3312168066600357,0.005,residual_samples/batch-71-replication-5.csv,null_statistics/batch-71-replication-5.npy,batch-f3-nonlinear-direct-edge-detection,7799666729941331671,8416237285542163447,2338558162273559683,0.3479271999676712,,,batch-f3-nonlinear-direct-edge-detection-20260825-001
F3,X1,X2,f3-nonlinear-direct-edge-detection,71,6,0.3323249989554109,0.005,residual_samples/batch-71-replication-6.csv,null_statistics/batch-71-replication-6.npy,batch-f3-nonlinear-direct-edge-detection,17343456111947207655,17917492313110364460,4428662797206573049,0.3517728999722749,,,batch-f3-nonlinear-direct-edge-detection-20260825-001
F3,X1,X2,f3-nonlinear-direct-edge-detection,71,7,0.32663566688096846,0.005,residual_samples/batch-71-replication-7.csv,null_statistics/batch-71-replication-7.npy,batch-f3-nonlinear-direct-edge-detection,15218687348710402230,8346909992588505240,11950229263616934912,0.34861599997384474,,,batch-f3-nonlinear-direct-edge-detection-20260825-001
F3,X1,X2,f3-nonlinear-direct-edge-detection,71,8,0.31619387727489223,0.005,residual_samples/batch-71-replication-8.csv,null_statistics/batch-71-replication-8.npy,batch-f3-nonlinear-direct-edge-detection,17099887367079862631,13293217412695664365,5824821048389313691,0.35943859996041283,,,batch-f3-nonlinear-direct-edge-detection-20260825-001
F3,X1,X2,f3-nonlinear-direct-edge-detection,71,9,0.302853933742936,0.005,residual_samples/batch-71-replication-9.csv,null_statistics/batch-71-replication-9.npy,batch-f3-nonlinear-direct-edge-detection,10625747445081032493,18417392508480419401,534864563290548097,0.34970629995223135,,,batch-f3-nonlinear-direct-edge-detection-20260825-001
F3,X1,X2,f3-nonlinear-direct-edge-detection,72,0,0.32920648518957607,0.005,residual_samples/batch-72-replication-0.csv,null_statistics/batch-72-replication-0.npy,batch-f3-nonlinear-direct-edge-detection,11120823255728062160,2014809576936781124,10681438429584714608,0.34791920002317056,,,batch-f3-nonlinear-direct-edge-detection-20260825-001
F3,X1,X2,f3-nonlinear-direct-edge-detection,72,1,0.3014807774948925,0.005,residual_samples/batch-72-replication-1.csv,null_statistics/batch-72-replication-1.npy,batch-f3-nonlinear-direct-edge-detection,13052915279628937289,7715394232339579501,14559253462652437224,0.37571330001810566,,,batch-f3-nonlinear-direct-edge-detection-20260825-001
F3,X1,X2,f3-nonlinear-direct-edge-detection,72,2,0.348867351276036,0.005,residual_samples/batch-72-replication-2.csv,null_statistics/batch-72-replication-2.npy,batch-f3-nonlinear-direct-edge-detection,11311060089592644605,5035896506597916179,17660355190898805064,0.3518366999924183,,,batch-f3-nonlinear-direct-edge-detection-20260825-001
F3,X1,X2,f3-nonlinear-direct-edge-detection,72,3,0.28212421846684105,0.005,residual_samples/batch-72-replication-3.csv,null_statistics/batch-72-replication-3.npy,batch-f3-nonlinear-direct-edge-detection,17983732320818529288,15109356595817930096,3365139464498140223,0.3503678999841213,,,batch-f3-nonlinear-direct-edge-detection-20260825-001
F3,X1,X2,f3-nonlinear-direct-edge-detection,72,4,0.3034634502824052,0.005,residual_samples/batch-72-replication-4.csv,null_statistics/batch-72-replication-4.npy,batch-f3-nonlinear-direct-edge-detection,3975636684879661111,5447808095799084216,4343677407478189176,0.3478101000073366,,,batch-f3-nonlinear-direct-edge-detection-20260825-001
F3,X1,X2,f3-nonlinear-direct-edge-detection,72,5,0.29095294842637526,0.005,residual_samples/batch-72-replication-5.csv,null_statistics/batch-72-replication-5.npy,batch-f3-nonlinear-direct-edge-detection,6047252902248741544,3825800542504370608,7805946504758760877,0.3370118000311777,,,batch-f3-nonlinear-direct-edge-detection-20260825-001
F3,X1,X2,f3-nonlinear-direct-edge-detection,72,6,0.3182449696766869,0.005,residual_samples/batch-72-replication-6.csv,null_statistics/batch-72-replication-6.npy,batch-f3-nonlinear-direct-edge-detection,4043475085067623186,4332437237470907025,4827834585257331221,0.36296820000279695,,,batch-f3-nonlinear-direct-edge-detection-20260825-001
F3,X1,X2,f3-nonlinear-direct-edge-detection,72,7,0.3017490421588476,0.005,residual_samples/batch-72-replication-7.csv,null_statistics/batch-72-replication-7.npy,batch-f3-nonlinear-direct-edge-detection,16220104926285087452,17190585503939025214,10527139849126064907,0.35046149999834597,,,batch-f3-nonlinear-direct-edge-detection-20260825-001
F3,X1,X2,f3-nonlinear-direct-edge-detection,72,8,0.29770642711857986,0.005,residual_samples/batch-72-replication-8.csv,null_statistics/batch-72-replication-8.npy,batch-f3-nonlinear-direct-edge-detection,7500161004070862111,17258777090574758224,15557212231775652442,0.3546999999671243,,,batch-f3-nonlinear-direct-edge-detection-20260825-001
F3,X1,X2,f3-nonlinear-direct-edge-detection,72,9,0.3160874441121199,0.005,residual_samples/batch-72-replication-9.csv,null_statistics/batch-72-replication-9.npy,batch-f3-nonlinear-direct-edge-detection,10450111707636785612,5777161234767327671,12471001427223500864,0.3537190000060946,,,batch-f3-nonlinear-direct-edge-detection-20260825-001
F3,X1,X2,f3-nonlinear-direct-edge-detection,73,0,0.304930803993739,0.005,residual_samples/batch-73-replication-0.csv,null_statistics/batch-73-replication-0.npy,batch-f3-nonlinear-direct-edge-detection,5845728687910628928,13079464490360464213,10872190428163226737,0.35170219995779917,,,batch-f3-nonlinear-direct-edge-detection-20260825-001
F3,X1,X2,f3-nonlinear-direct-edge-detection,73,1,0.28935960984788267,0.005,residual_samples/batch-73-replication-1.csv,null_statistics/batch-73-replication-1.npy,batch-f3-nonlinear-direct-edge-detection,17849849066686759319,13327211420329229193,10075270465495489719,0.3521744000026956,,,batch-f3-nonlinear-direct-edge-detection-20260825-001
F3,X1,X2,f3-nonlinear-direct-edge-detection,73,2,0.3122202951414358,0.005,residual_samples/batch-73-replication-2.csv,null_statistics/batch-73-replication-2.npy,batch-f3-nonlinear-direct-edge-detection,16302156063013063667,7005325960265575887,1550756877391731731,0.35241460002725944,,,batch-f3-nonlinear-direct-edge-detection-20260825-001
F3,X1,X2,f3-nonlinear-direct-edge-detection,73,3,0.31132112953254976,0.005,residual_samples/batch-73-replication-3.csv,null_statistics/batch-73-replication-3.npy,batch-f3-nonlinear-direct-edge-detection,2270442097539670939,16929900605746698905,10831966899614566993,0.3484726999886334,,,batch-f3-nonlinear-direct-edge-detection-20260825-001
F3,X1,X2,f3-nonlinear-direct-edge-detection,73,4,0.3202094478957972,0.005,residual_samples/batch-73-replication-4.csv,null_statistics/batch-73-replication-4.npy,batch-f3-nonlinear-direct-edge-detection,9518956911377016813,13618721853078764773,5250035756210625967,0.30618080002022907,,,batch-f3-nonlinear-direct-edge-detection-20260825-001
F3,X1,X2,f3-nonlinear-direct-edge-detection,73,5,0.3038473485137053,0.005,residual_samples/batch-73-replication-5.csv,null_statistics/batch-73-replication-5.npy,batch-f3-nonlinear-direct-edge-detection,12439682117780089904,7114376000968304021,11347360587411929353,0.34621099999640137,,,batch-f3-nonlinear-direct-edge-detection-20260825-001
F3,X1,X2,f3-nonlinear-direct-edge-detection,73,6,0.34210325538933833,0.005,residual_samples/batch-73-replication-6.csv,null_statistics/batch-73-replication-6.npy,batch-f3-nonlinear-direct-edge-detection,15430271008707289607,17041889562115857114,759130475327227557,0.3478920999914408,,,batch-f3-nonlinear-direct-edge-detection-20260825-001
F3,X1,X2,f3-nonlinear-direct-edge-detection,73,7,0.3236327660945834,0.005,residual_samples/batch-73-replication-7.csv,null_statistics/batch-73-replication-7.npy,batch-f3-nonlinear-direct-edge-detection,4706331994267107533,18231331353989109560,8287203204146165989,0.3515541000524536,,,batch-f3-nonlinear-direct-edge-detection-20260825-001
F3,X1,X2,f3-nonlinear-direct-edge-detection,73,8,0.3134014201652277,0.005,residual_samples/batch-73-replication-8.csv,null_statistics/batch-73-replication-8.npy,batch-f3-nonlinear-direct-edge-detection,1052380489813078889,9301518385518952093,373336908179971108,0.34786899999016896,,,batch-f3-nonlinear-direct-edge-detection-20260825-001
F3,X1,X2,f3-nonlinear-direct-edge-detection,73,9,0.3028186405830216,0.005,residual_samples/batch-73-replication-9.csv,null_statistics/batch-73-replication-9.npy,batch-f3-nonlinear-direct-edge-detection,15886305065806459241,8827228558222059556,13203455289396018060,0.34596579999197274,,,batch-f3-nonlinear-direct-edge-detection-20260825-001
F3,X1,X2,f3-nonlinear-direct-edge-detection,74,0,0.313703390509589,0.005,residual_samples/batch-74-replication-0.csv,null_statistics/batch-74-replication-0.npy,batch-f3-nonlinear-direct-edge-detection,9224118049701283446,12575705753729450182,17429799875412657684,0.3724464999977499,,,batch-f3-nonlinear-direct-edge-detection-20260825-001
F3,X1,X2,f3-nonlinear-direct-edge-detection,74,1,0.2938196191119428,0.005,residual_samples/batch-74-replication-1.csv,null_statistics/batch-74-replication-1.npy,batch-f3-nonlinear-direct-edge-detection,11522827423983906413,7843824174799434109,6538490587052487796,0.4276975999819115,,,batch-f3-nonlinear-direct-edge-detection-20260825-001
F3,X1,X2,f3-nonlinear-direct-edge-detection,74,2,0.3073514645180832,0.005,residual_samples/batch-74-replication-2.csv,null_statistics/batch-74-replication-2.npy,batch-f3-nonlinear-direct-edge-detection,10428045265550858352,6492728845483397843,8534951300713633608,0.34722039999905974,,,batch-f3-nonlinear-direct-edge-detection-20260825-001
F3,X1,X2,f3-nonlinear-direct-edge-detection,74,3,0.3250113346281545,0.005,residual_samples/batch-74-replication-3.csv,null_statistics/batch-74-replication-3.npy,batch-f3-nonlinear-direct-edge-detection,17725143029423932577,15682832743200069573,2086685723291514001,0.34559889999218285,,,batch-f3-nonlinear-direct-edge-detection-20260825-001
F3,X1,X2,f3-nonlinear-direct-edge-detection,74,4,0.28989139497958677,0.005,residual_samples/batch-74-replication-4.csv,null_statistics/batch-74-replication-4.npy,batch-f3-nonlinear-direct-edge-detection,11048332865410679661,13082627323291986381,13556615768074130353,0.3453169999993406,,,batch-f3-nonlinear-direct-edge-detection-20260825-001
F3,X1,X2,f3-nonlinear-direct-edge-detection,74,5,0.2827784282580556,0.005,residual_samples/batch-74-replication-5.csv,null_statistics/batch-74-replication-5.npy,batch-f3-nonlinear-direct-edge-detection,15227070407076066530,5946825396684819951,13312352559631458707,0.34736650000559166,,,batch-f3-nonlinear-direct-edge-detection-20260825-001
F3,X1,X2,f3-nonlinear-direct-edge-detection,74,6,0.34551139922285906,0.005,residual_samples/batch-74-replication-6.csv,null_statistics/batch-74-replication-6.npy,batch-f3-nonlinear-direct-edge-detection,5431047052745666235,16830193734388645329,14898439844906662437,0.34586130001116544,,,batch-f3-nonlinear-direct-edge-detection-20260825-001
F3,X1,X2,f3-nonlinear-direct-edge-detection,74,7,0.3013270132809364,0.005,residual_samples/batch-74-replication-7.csv,null_statistics/batch-74-replication-7.npy,batch-f3-nonlinear-direct-edge-detection,11202893088981772546,5555256496823977101,4427648778995902766,0.34862290002638474,,,batch-f3-nonlinear-direct-edge-detection-20260825-001
F3,X1,X2,f3-nonlinear-direct-edge-detection,74,8,0.3027143790729943,0.005,residual_samples/batch-74-replication-8.csv,null_statistics/batch-74-replication-8.npy,batch-f3-nonlinear-direct-edge-detection,5570960590605567897,8544090383783741826,4137171270231170130,0.34500969998771325,,,batch-f3-nonlinear-direct-edge-detection-20260825-001
F3,X1,X2,f3-nonlinear-direct-edge-detection,74,9,0.3327020539828116,0.005,residual_samples/batch-74-replication-9.csv,null_statistics/batch-74-replication-9.npy,batch-f3-nonlinear-direct-edge-detection,5236669887536864877,17213664509949483419,3165214570287841568,0.3552446999819949,,,batch-f3-nonlinear-direct-edge-detection-20260825-001
F3,X1,X2,f3-nonlinear-direct-edge-detection,75,0,0.28392558011408214,0.005,residual_samples/batch-75-replication-0.csv,null_statistics/batch-75-replication-0.npy,batch-f3-nonlinear-direct-edge-detection,16262801270810928972,8802143506742330234,10205990277339064263,0.35112050001043826,,,batch-f3-nonlinear-direct-edge-detection-20260825-001
F3,X1,X2,f3-nonlinear-direct-edge-detection,75,1,0.32558788842584796,0.005,residual_samples/batch-75-replication-1.csv,null_statistics/batch-75-replication-1.npy,batch-f3-nonlinear-direct-edge-detection,6154328827300556425,10241848523344107133,15916573132451114662,0.34948849998181686,,,batch-f3-nonlinear-direct-edge-detection-20260825-001
F3,X1,X2,f3-nonlinear-direct-edge-detection,75,2,0.31027279818707215,0.005,residual_samples/batch-75-replication-2.csv,null_statistics/batch-75-replication-2.npy,batch-f3-nonlinear-direct-edge-detection,6380848953481245554,1578546944058812215,11101285629503959366,0.3516189999645576,,,batch-f3-nonlinear-direct-edge-detection-20260825-001
F3,X1,X2,f3-nonlinear-direct-edge-detection,75,3,0.3078300181786668,0.005,residual_samples/batch-75-replication-3.csv,null_statistics/batch-75-replication-3.npy,batch-f3-nonlinear-direct-edge-detection,3554189184998344704,1965065845679788370,11208998150685407902,0.32059570000274107,,,batch-f3-nonlinear-direct-edge-detection-20260825-001
F3,X1,X2,f3-nonlinear-direct-edge-detection,75,4,0.347637029158143,0.005,residual_samples/batch-75-replication-4.csv,null_statistics/batch-75-replication-4.npy,batch-f3-nonlinear-direct-edge-detection,2480966256474081852,1979403578988074408,12593016538441946465,0.3470073000062257,,,batch-f3-nonlinear-direct-edge-detection-20260825-001
F3,X1,X2,f3-nonlinear-direct-edge-detection,75,5,0.32205134632490634,0.005,residual_samples/batch-75-replication-5.csv,null_statistics/batch-75-replication-5.npy,batch-f3-nonlinear-direct-edge-detection,428803906154633507,10501237922961402794,6647521763982718108,0.3507278999895789,,,batch-f3-nonlinear-direct-edge-detection-20260825-001
F3,X1,X2,f3-nonlinear-direct-edge-detection,75,6,0.31070005094347264,0.005,residual_samples/batch-75-replication-6.csv,null_statistics/batch-75-replication-6.npy,batch-f3-nonlinear-direct-edge-detection,3062520026166214282,7830285177982582717,1139383526340371823,0.35423910000827163,,,batch-f3-nonlinear-direct-edge-detection-20260825-001
F3,X1,X2,f3-nonlinear-direct-edge-detection,75,7,0.3231205756640693,0.005,residual_samples/batch-75-replication-7.csv,null_statistics/batch-75-replication-7.npy,batch-f3-nonlinear-direct-edge-detection,8374752847066669689,10154505174290740121,10203866900880101634,0.3500578999519348,,,batch-f3-nonlinear-direct-edge-detection-20260825-001
F3,X1,X2,f3-nonlinear-direct-edge-detection,75,8,0.28259872236198713,0.005,residual_samples/batch-75-replication-8.csv,null_statistics/batch-75-replication-8.npy,batch-f3-nonlinear-direct-edge-detection,4706095305495792539,4344497843780031857,4624547753192537953,0.34951999998884276,,,batch-f3-nonlinear-direct-edge-detection-20260825-001
F3,X1,X2,f3-nonlinear-direct-edge-detection,75,9,0.3206142315954566,0.005,residual_samples/batch-75-replication-9.csv,null_statistics/batch-75-replication-9.npy,batch-f3-nonlinear-direct-edge-detection,12287048113478765760,10044336839255012188,13331475535817553890,0.3550666000228375,,,batch-f3-nonlinear-direct-edge-detection-20260825-001
F3,X1,X2,f3-nonlinear-direct-edge-detection,76,0,0.2854346180792126,0.005,residual_samples/batch-76-replication-0.csv,null_statistics/batch-76-replication-0.npy,batch-f3-nonlinear-direct-edge-detection,4478919283287679137,13138611173350456801,17283336106632565821,0.34874869999475777,,,batch-f3-nonlinear-direct-edge-detection-20260825-001
F3,X1,X2,f3-nonlinear-direct-edge-detection,76,1,0.30932827865898316,0.005,residual_samples/batch-76-replication-1.csv,null_statistics/batch-76-replication-1.npy,batch-f3-nonlinear-direct-edge-detection,15168395502621257683,15014306458877171862,349549755037786128,0.34668539999984205,,,batch-f3-nonlinear-direct-edge-detection-20260825-001
F3,X1,X2,f3-nonlinear-direct-edge-detection,76,2,0.31437375305889165,0.005,residual_samples/batch-76-replication-2.csv,null_statistics/batch-76-replication-2.npy,batch-f3-nonlinear-direct-edge-detection,3379443552774292128,4181835669451841927,17432990362690649731,0.3474747000145726,,,batch-f3-nonlinear-direct-edge-detection-20260825-001
F3,X1,X2,f3-nonlinear-direct-edge-detection,76,3,0.30220354711246783,0.005,residual_samples/batch-76-replication-3.csv,null_statistics/batch-76-replication-3.npy,batch-f3-nonlinear-direct-edge-detection,1789825696608104748,12099696300327962676,4409994896842576622,0.3476926000439562,,,batch-f3-nonlinear-direct-edge-detection-20260825-001
F3,X1,X2,f3-nonlinear-direct-edge-detection,76,4,0.3050930645619244,0.005,residual_samples/batch-76-replication-4.csv,null_statistics/batch-76-replication-4.npy,batch-f3-nonlinear-direct-edge-detection,9178072669339613815,13926244286639546065,11360394793849431621,0.36093770002480596,,,batch-f3-nonlinear-direct-edge-detection-20260825-001
F3,X1,X2,f3-nonlinear-direct-edge-detection,76,5,0.33233907318139866,0.005,residual_samples/batch-76-replication-5.csv,null_statistics/batch-76-replication-5.npy,batch-f3-nonlinear-direct-edge-detection,13283975947816952705,16426815742798440606,15086933321247704054,0.3455777000053786,,,batch-f3-nonlinear-direct-edge-detection-20260825-001
F3,X1,X2,f3-nonlinear-direct-edge-detection,76,6,0.28815590026739435,0.005,residual_samples/batch-76-replication-6.csv,null_statistics/batch-76-replication-6.npy,batch-f3-nonlinear-direct-edge-detection,8505648292955379288,1751635828318816167,17335894461828180860,0.34914479998406023,,,batch-f3-nonlinear-direct-edge-detection-20260825-001
F3,X1,X2,f3-nonlinear-direct-edge-detection,76,7,0.30385888789559695,0.005,residual_samples/batch-76-replication-7.csv,null_statistics/batch-76-replication-7.npy,batch-f3-nonlinear-direct-edge-detection,4431038389839692450,3121760453116534569,967232731290991903,0.35378340003080666,,,batch-f3-nonlinear-direct-edge-detection-20260825-001
F3,X1,X2,f3-nonlinear-direct-edge-detection,76,8,0.34269026376818845,0.005,residual_samples/batch-76-replication-8.csv,null_statistics/batch-76-replication-8.npy,batch-f3-nonlinear-direct-edge-detection,896598194930619149,4905429821152565341,15460795137753501415,0.3503890000283718,,,batch-f3-nonlinear-direct-edge-detection-20260825-001
F3,X1,X2,f3-nonlinear-direct-edge-detection,76,9,0.3000011310523424,0.005,residual_samples/batch-76-replication-9.csv,null_statistics/batch-76-replication-9.npy,batch-f3-nonlinear-direct-edge-detection,15774823012835350997,10486766287183506698,8183761775931840085,0.34792980004567653,,,batch-f3-nonlinear-direct-edge-detection-20260825-001
F3,X1,X2,f3-nonlinear-direct-edge-detection,77,0,0.28955702612401424,0.005,residual_samples/batch-77-replication-0.csv,null_statistics/batch-77-replication-0.npy,batch-f3-nonlinear-direct-edge-detection,10434297812737343395,11428086911299847133,493279910562803615,0.34801919996971264,,,batch-f3-nonlinear-direct-edge-detection-20260825-001
F3,X1,X2,f3-nonlinear-direct-edge-detection,77,1,0.2911340942410077,0.005,residual_samples/batch-77-replication-1.csv,null_statistics/batch-77-replication-1.npy,batch-f3-nonlinear-direct-edge-detection,8631249910727632818,3428005895890943223,6519755019540894071,0.35058939998270944,,,batch-f3-nonlinear-direct-edge-detection-20260825-001
F3,X1,X2,f3-nonlinear-direct-edge-detection,77,2,0.309543732718548,0.005,residual_samples/batch-77-replication-2.csv,null_statistics/batch-77-replication-2.npy,batch-f3-nonlinear-direct-edge-detection,10210672745534968113,8645291235783126216,16905324689361484288,0.3447332000359893,,,batch-f3-nonlinear-direct-edge-detection-20260825-001
F3,X1,X2,f3-nonlinear-direct-edge-detection,77,3,0.32171209084934344,0.005,residual_samples/batch-77-replication-3.csv,null_statistics/batch-77-replication-3.npy,batch-f3-nonlinear-direct-edge-detection,2744099382663636360,10008279546271553259,12390932454601431935,0.3501142000313848,,,batch-f3-nonlinear-direct-edge-detection-20260825-001
F3,X1,X2,f3-nonlinear-direct-edge-detection,77,4,0.3260583873362378,0.005,residual_samples/batch-77-replication-4.csv,null_statistics/batch-77-replication-4.npy,batch-f3-nonlinear-direct-edge-detection,14705246123665899140,248873911220707250,2542041608370574447,0.35049939999589697,,,batch-f3-nonlinear-direct-edge-detection-20260825-001
F3,X1,X2,f3-nonlinear-direct-edge-detection,77,5,0.3160126931347023,0.005,residual_samples/batch-77-replication-5.csv,null_statistics/batch-77-replication-5.npy,batch-f3-nonlinear-direct-edge-detection,11247298183466510693,10730524258201044305,11651371732025002818,0.3531174000236206,,,batch-f3-nonlinear-direct-edge-detection-20260825-001
F3,X1,X2,f3-nonlinear-direct-edge-detection,77,6,0.30786427223293505,0.005,residual_samples/batch-77-replication-6.csv,null_statistics/batch-77-replication-6.npy,batch-f3-nonlinear-direct-edge-detection,16017638212777554643,13393476467329996737,9914835802575051759,0.35573609999846667,,,batch-f3-nonlinear-direct-edge-detection-20260825-001
F3,X1,X2,f3-nonlinear-direct-edge-detection,77,7,0.2907411484227181,0.005,residual_samples/batch-77-replication-7.csv,null_statistics/batch-77-replication-7.npy,batch-f3-nonlinear-direct-edge-detection,7936545310406034980,1797481613985177731,5840976680941542942,0.3201703999657184,,,batch-f3-nonlinear-direct-edge-detection-20260825-001
F3,X1,X2,f3-nonlinear-direct-edge-detection,77,8,0.30120974307546383,0.005,residual_samples/batch-77-replication-8.csv,null_statistics/batch-77-replication-8.npy,batch-f3-nonlinear-direct-edge-detection,15074620108656463982,17531145864477660312,14584168032960234227,0.3463012000429444,,,batch-f3-nonlinear-direct-edge-detection-20260825-001
F3,X1,X2,f3-nonlinear-direct-edge-detection,77,9,0.2985826187392712,0.005,residual_samples/batch-77-replication-9.csv,null_statistics/batch-77-replication-9.npy,batch-f3-nonlinear-direct-edge-detection,5823341834255721046,1703664678635526906,3507000074996381888,0.3507336000329815,,,batch-f3-nonlinear-direct-edge-detection-20260825-001
F3,X1,X2,f3-nonlinear-direct-edge-detection,78,0,0.3008389904218326,0.005,residual_samples/batch-78-replication-0.csv,null_statistics/batch-78-replication-0.npy,batch-f3-nonlinear-direct-edge-detection,11071685594877174301,10736556596096148515,13410581453367343080,0.3449051000061445,,,batch-f3-nonlinear-direct-edge-detection-20260825-001
F3,X1,X2,f3-nonlinear-direct-edge-detection,78,1,0.2997241042463764,0.005,residual_samples/batch-78-replication-1.csv,null_statistics/batch-78-replication-1.npy,batch-f3-nonlinear-direct-edge-detection,14525705650232139489,5879841231386082548,16145633541426165452,0.3041553999646567,,,batch-f3-nonlinear-direct-edge-detection-20260825-001
F3,X1,X2,f3-nonlinear-direct-edge-detection,78,2,0.29555335148540385,0.005,residual_samples/batch-78-replication-2.csv,null_statistics/batch-78-replication-2.npy,batch-f3-nonlinear-direct-edge-detection,12399441827758805523,15360826816461958992,17302042030698739420,0.3439168999902904,,,batch-f3-nonlinear-direct-edge-detection-20260825-001
F3,X1,X2,f3-nonlinear-direct-edge-detection,78,3,0.29787805047567945,0.005,residual_samples/batch-78-replication-3.csv,null_statistics/batch-78-replication-3.npy,batch-f3-nonlinear-direct-edge-detection,6671975904398958203,4984448102701765913,4803753839141340407,0.2967667000484653,,,batch-f3-nonlinear-direct-edge-detection-20260825-001
F3,X1,X2,f3-nonlinear-direct-edge-detection,78,4,0.2830141025542293,0.005,residual_samples/batch-78-replication-4.csv,null_statistics/batch-78-replication-4.npy,batch-f3-nonlinear-direct-edge-detection,9096736569213047953,5450753318897790719,6060622149942659942,0.3449644999927841,,,batch-f3-nonlinear-direct-edge-detection-20260825-001
F3,X1,X2,f3-nonlinear-direct-edge-detection,78,5,0.31053408019551454,0.005,residual_samples/batch-78-replication-5.csv,null_statistics/batch-78-replication-5.npy,batch-f3-nonlinear-direct-edge-detection,11235773470972703454,896660673532265047,4945266905941911031,0.35242599999764934,,,batch-f3-nonlinear-direct-edge-detection-20260825-001
F3,X1,X2,f3-nonlinear-direct-edge-detection,78,6,0.30972336958582064,0.005,residual_samples/batch-78-replication-6.csv,null_statistics/batch-78-replication-6.npy,batch-f3-nonlinear-direct-edge-detection,13892626092482782937,5308401123480361253,15120543437541924713,0.3437199000036344,,,batch-f3-nonlinear-direct-edge-detection-20260825-001
F3,X1,X2,f3-nonlinear-direct-edge-detection,78,7,0.30738423694020456,0.005,residual_samples/batch-78-replication-7.csv,null_statistics/batch-78-replication-7.npy,batch-f3-nonlinear-direct-edge-detection,15102281782971592448,407719282757920830,4277215793746206126,0.3468072999967262,,,batch-f3-nonlinear-direct-edge-detection-20260825-001
F3,X1,X2,f3-nonlinear-direct-edge-detection,78,8,0.29440798343663904,0.005,residual_samples/batch-78-replication-8.csv,null_statistics/batch-78-replication-8.npy,batch-f3-nonlinear-direct-edge-detection,5916206724439290764,16975242767214278754,1378983340367485541,0.35128520004218444,,,batch-f3-nonlinear-direct-edge-detection-20260825-001
F3,X1,X2,f3-nonlinear-direct-edge-detection,78,9,0.2837974466082671,0.005,residual_samples/batch-78-replication-9.csv,null_statistics/batch-78-replication-9.npy,batch-f3-nonlinear-direct-edge-detection,2498433103206692389,11547720373615588751,1910162803162813327,0.3488096000510268,,,batch-f3-nonlinear-direct-edge-detection-20260825-001
F3,X1,X2,f3-nonlinear-direct-edge-detection,79,0,0.3125314703310035,0.005,residual_samples/batch-79-replication-0.csv,null_statistics/batch-79-replication-0.npy,batch-f3-nonlinear-direct-edge-detection,5247472602151121734,17375719321524730001,3943668354981461680,0.3492907999898307,,,batch-f3-nonlinear-direct-edge-detection-20260825-001
F3,X1,X2,f3-nonlinear-direct-edge-detection,79,1,0.327980146144728,0.005,residual_samples/batch-79-replication-1.csv,null_statistics/batch-79-replication-1.npy,batch-f3-nonlinear-direct-edge-detection,15670677216970904515,8096164529495295571,9419051507694892996,0.34807100001489744,,,batch-f3-nonlinear-direct-edge-detection-20260825-001
F3,X1,X2,f3-nonlinear-direct-edge-detection,79,2,0.29453076328268696,0.005,residual_samples/batch-79-replication-2.csv,null_statistics/batch-79-replication-2.npy,batch-f3-nonlinear-direct-edge-detection,7612397840173152413,9844211707809689250,9522104943732697740,0.3443303999956697,,,batch-f3-nonlinear-direct-edge-detection-20260825-001
F3,X1,X2,f3-nonlinear-direct-edge-detection,79,3,0.3157633882914412,0.005,residual_samples/batch-79-replication-3.csv,null_statistics/batch-79-replication-3.npy,batch-f3-nonlinear-direct-edge-detection,12384033764189676947,14350024335226775507,7533344622863536753,0.34879339998587966,,,batch-f3-nonlinear-direct-edge-detection-20260825-001
F3,X1,X2,f3-nonlinear-direct-edge-detection,79,4,0.28382676018977915,0.005,residual_samples/batch-79-replication-4.csv,null_statistics/batch-79-replication-4.npy,batch-f3-nonlinear-direct-edge-detection,1781553287310049752,9656132686119440686,2946537509542850748,0.34743070002878085,,,batch-f3-nonlinear-direct-edge-detection-20260825-001
F3,X1,X2,f3-nonlinear-direct-edge-detection,79,5,0.3104686492595482,0.005,residual_samples/batch-79-replication-5.csv,null_statistics/batch-79-replication-5.npy,batch-f3-nonlinear-direct-edge-detection,1940269119247982489,212085412157575064,8661670931266350035,0.34085969999432564,,,batch-f3-nonlinear-direct-edge-detection-20260825-001
F3,X1,X2,f3-nonlinear-direct-edge-detection,79,6,0.32708795457981316,0.005,residual_samples/batch-79-replication-6.csv,null_statistics/batch-79-replication-6.npy,batch-f3-nonlinear-direct-edge-detection,17792069983818533850,2857623948096877459,14714118406890492220,0.36916699999710545,,,batch-f3-nonlinear-direct-edge-detection-20260825-001
F3,X1,X2,f3-nonlinear-direct-edge-detection,79,7,0.31967132596392966,0.005,residual_samples/batch-79-replication-7.csv,null_statistics/batch-79-replication-7.npy,batch-f3-nonlinear-direct-edge-detection,538670102887013480,661697792756012545,2268925674090492017,0.3774363999837078,,,batch-f3-nonlinear-direct-edge-detection-20260825-001
F3,X1,X2,f3-nonlinear-direct-edge-detection,79,8,0.3250726454653034,0.005,residual_samples/batch-79-replication-8.csv,null_statistics/batch-79-replication-8.npy,batch-f3-nonlinear-direct-edge-detection,4555186281378508801,13196803735954645772,16370791376709271716,0.3956412000115961,,,batch-f3-nonlinear-direct-edge-detection-20260825-001
F3,X1,X2,f3-nonlinear-direct-edge-detection,79,9,0.3025207836561445,0.005,residual_samples/batch-79-replication-9.csv,null_statistics/batch-79-replication-9.npy,batch-f3-nonlinear-direct-edge-detection,11623351583958592227,10270688426213314267,12176196632379754636,0.3633020999841392,,,batch-f3-nonlinear-direct-edge-detection-20260825-001
F3,X1,X2,f3-nonlinear-direct-edge-detection,80,0,0.2990679789320412,0.005,residual_samples/batch-80-replication-0.csv,null_statistics/batch-80-replication-0.npy,batch-f3-nonlinear-direct-edge-detection,12292186620810706183,15753385517095314888,2407372934284205518,0.37339279998559505,,,batch-f3-nonlinear-direct-edge-detection-20260825-001
F3,X1,X2,f3-nonlinear-direct-edge-detection,80,1,0.3018790421291445,0.005,residual_samples/batch-80-replication-1.csv,null_statistics/batch-80-replication-1.npy,batch-f3-nonlinear-direct-edge-detection,13846390526145153066,2156574147893426509,10418421542261260017,0.3484591000014916,,,batch-f3-nonlinear-direct-edge-detection-20260825-001
F3,X1,X2,f3-nonlinear-direct-edge-detection,80,2,0.31521948481635165,0.005,residual_samples/batch-80-replication-2.csv,null_statistics/batch-80-replication-2.npy,batch-f3-nonlinear-direct-edge-detection,14250255265923675160,18363747131274284562,13076790903385681126,0.35040910000680014,,,batch-f3-nonlinear-direct-edge-detection-20260825-001
F3,X1,X2,f3-nonlinear-direct-edge-detection,80,3,0.285126055528991,0.005,residual_samples/batch-80-replication-3.csv,null_statistics/batch-80-replication-3.npy,batch-f3-nonlinear-direct-edge-detection,17822746837280624507,1849293480810786179,9530914004037282720,0.334946199960541,,,batch-f3-nonlinear-direct-edge-detection-20260825-001
F3,X1,X2,f3-nonlinear-direct-edge-detection,80,4,0.3034102441986797,0.005,residual_samples/batch-80-replication-4.csv,null_statistics/batch-80-replication-4.npy,batch-f3-nonlinear-direct-edge-detection,11339587476835614796,3504524198761014136,8171501009592813159,0.34536040003877133,,,batch-f3-nonlinear-direct-edge-detection-20260825-001
F3,X1,X2,f3-nonlinear-direct-edge-detection,80,5,0.32627601399881273,0.005,residual_samples/batch-80-replication-5.csv,null_statistics/batch-80-replication-5.npy,batch-f3-nonlinear-direct-edge-detection,12142812504273818476,12382812707834586074,12286605023360988705,0.3510075999656692,,,batch-f3-nonlinear-direct-edge-detection-20260825-001
F3,X1,X2,f3-nonlinear-direct-edge-detection,80,6,0.30299190996062086,0.005,residual_samples/batch-80-replication-6.csv,null_statistics/batch-80-replication-6.npy,batch-f3-nonlinear-direct-edge-detection,11357362662469409372,6824409662876312414,2833576433341452470,0.3515019999467768,,,batch-f3-nonlinear-direct-edge-detection-20260825-001
F3,X1,X2,f3-nonlinear-direct-edge-detection,80,7,0.3036944405743399,0.005,residual_samples/batch-80-replication-7.csv,null_statistics/batch-80-replication-7.npy,batch-f3-nonlinear-direct-edge-detection,18442451918579512138,1903194303835058101,9494520289503721784,0.34462400001939386,,,batch-f3-nonlinear-direct-edge-detection-20260825-001
F3,X1,X2,f3-nonlinear-direct-edge-detection,80,8,0.3061577374545879,0.005,residual_samples/batch-80-replication-8.csv,null_statistics/batch-80-replication-8.npy,batch-f3-nonlinear-direct-edge-detection,8534126729965914895,7193514486294660887,11954265375258425566,0.34683990001212806,,,batch-f3-nonlinear-direct-edge-detection-20260825-001
F3,X1,X2,f3-nonlinear-direct-edge-detection,80,9,0.34093441704373123,0.005,residual_samples/batch-80-replication-9.csv,null_statistics/batch-80-replication-9.npy,batch-f3-nonlinear-direct-edge-detection,12416601931110511134,15509542274841454045,11906355709685371827,0.34704969997983426,,,batch-f3-nonlinear-direct-edge-detection-20260825-001
F3,X1,X2,f3-nonlinear-direct-edge-detection,81,0,0.2968960392892561,0.005,residual_samples/batch-81-replication-0.csv,null_statistics/batch-81-replication-0.npy,batch-f3-nonlinear-direct-edge-detection,6050097062550351068,9064158070658644730,5144844035317983945,0.3535907000186853,,,batch-f3-nonlinear-direct-edge-detection-20260825-001
F3,X1,X2,f3-nonlinear-direct-edge-detection,81,1,0.302918645540384,0.005,residual_samples/batch-81-replication-1.csv,null_statistics/batch-81-replication-1.npy,batch-f3-nonlinear-direct-edge-detection,4091621430784987830,523974460870553572,12378116521235369805,0.3153557000332512,,,batch-f3-nonlinear-direct-edge-detection-20260825-001
F3,X1,X2,f3-nonlinear-direct-edge-detection,81,2,0.3154895277758785,0.005,residual_samples/batch-81-replication-2.csv,null_statistics/batch-81-replication-2.npy,batch-f3-nonlinear-direct-edge-detection,6903694977332527688,537674652651299947,10769332195437083569,0.3793555000447668,,,batch-f3-nonlinear-direct-edge-detection-20260825-001
F3,X1,X2,f3-nonlinear-direct-edge-detection,81,3,0.33159486530700943,0.005,residual_samples/batch-81-replication-3.csv,null_statistics/batch-81-replication-3.npy,batch-f3-nonlinear-direct-edge-detection,6077988846446431440,17115901591957033139,8418381297619824845,0.35177770000882447,,,batch-f3-nonlinear-direct-edge-detection-20260825-001
F3,X1,X2,f3-nonlinear-direct-edge-detection,81,4,0.315329028271636,0.005,residual_samples/batch-81-replication-4.csv,null_statistics/batch-81-replication-4.npy,batch-f3-nonlinear-direct-edge-detection,3025305575629992050,4090230150760175887,9525016513577701003,0.35026179999113083,,,batch-f3-nonlinear-direct-edge-detection-20260825-001
F3,X1,X2,f3-nonlinear-direct-edge-detection,81,5,0.3276373391219017,0.005,residual_samples/batch-81-replication-5.csv,null_statistics/batch-81-replication-5.npy,batch-f3-nonlinear-direct-edge-detection,2101432691188012712,17762939107809124060,17869501101777156608,0.3097082000458613,,,batch-f3-nonlinear-direct-edge-detection-20260825-001
F3,X1,X2,f3-nonlinear-direct-edge-detection,81,6,0.27749480187527154,0.005,residual_samples/batch-81-replication-6.csv,null_statistics/batch-81-replication-6.npy,batch-f3-nonlinear-direct-edge-detection,15922419919244597112,6172630444570102284,9420838198033352220,0.34094569995068014,,,batch-f3-nonlinear-direct-edge-detection-20260825-001
F3,X1,X2,f3-nonlinear-direct-edge-detection,81,7,0.32194060644268335,0.005,residual_samples/batch-81-replication-7.csv,null_statistics/batch-81-replication-7.npy,batch-f3-nonlinear-direct-edge-detection,12814116611567159787,1551082100054397096,418563910149719884,0.34909329999936745,,,batch-f3-nonlinear-direct-edge-detection-20260825-001
F3,X1,X2,f3-nonlinear-direct-edge-detection,81,8,0.31191810239674994,0.005,residual_samples/batch-81-replication-8.csv,null_statistics/batch-81-replication-8.npy,batch-f3-nonlinear-direct-edge-detection,473013695627226701,5663364437124379230,4598684197251084428,0.35202059999573976,,,batch-f3-nonlinear-direct-edge-detection-20260825-001
F3,X1,X2,f3-nonlinear-direct-edge-detection,81,9,0.33426882935630975,0.005,residual_samples/batch-81-replication-9.csv,null_statistics/batch-81-replication-9.npy,batch-f3-nonlinear-direct-edge-detection,18084966509242424504,5699388429259823122,2403718247104982659,0.35070879996055737,,,batch-f3-nonlinear-direct-edge-detection-20260825-001
F3,X1,X2,f3-nonlinear-direct-edge-detection,82,0,0.31966177291135656,0.005,residual_samples/batch-82-replication-0.csv,null_statistics/batch-82-replication-0.npy,batch-f3-nonlinear-direct-edge-detection,14291682276258294905,3372839334428014492,12395376130874617834,0.34209689998533577,,,batch-f3-nonlinear-direct-edge-detection-20260825-001
F3,X1,X2,f3-nonlinear-direct-edge-detection,82,1,0.30136403314953003,0.005,residual_samples/batch-82-replication-1.csv,null_statistics/batch-82-replication-1.npy,batch-f3-nonlinear-direct-edge-detection,1080481678682397434,4727388293255203669,6166090650873906184,0.35206010000547394,,,batch-f3-nonlinear-direct-edge-detection-20260825-001
F3,X1,X2,f3-nonlinear-direct-edge-detection,82,2,0.27953599720507416,0.005,residual_samples/batch-82-replication-2.csv,null_statistics/batch-82-replication-2.npy,batch-f3-nonlinear-direct-edge-detection,14754495374584873721,5087585808652933083,6776929477612971970,0.3668805999914184,,,batch-f3-nonlinear-direct-edge-detection-20260825-001
F3,X1,X2,f3-nonlinear-direct-edge-detection,82,3,0.3094894862644337,0.005,residual_samples/batch-82-replication-3.csv,null_statistics/batch-82-replication-3.npy,batch-f3-nonlinear-direct-edge-detection,5346585844321261850,14076237029676385288,7609694360158558359,0.3122876000124961,,,batch-f3-nonlinear-direct-edge-detection-20260825-001
F3,X1,X2,f3-nonlinear-direct-edge-detection,82,4,0.32397819776089004,0.005,residual_samples/batch-82-replication-4.csv,null_statistics/batch-82-replication-4.npy,batch-f3-nonlinear-direct-edge-detection,3519708024825998464,11882738681448830302,3989637585352872464,0.3541959999711253,,,batch-f3-nonlinear-direct-edge-detection-20260825-001
F3,X1,X2,f3-nonlinear-direct-edge-detection,82,5,0.3080763196095692,0.005,residual_samples/batch-82-replication-5.csv,null_statistics/batch-82-replication-5.npy,batch-f3-nonlinear-direct-edge-detection,3248281162597148185,13037190266785741545,7933500702156604811,0.34057350002694875,,,batch-f3-nonlinear-direct-edge-detection-20260825-001
F3,X1,X2,f3-nonlinear-direct-edge-detection,82,6,0.3147642324773756,0.005,residual_samples/batch-82-replication-6.csv,null_statistics/batch-82-replication-6.npy,batch-f3-nonlinear-direct-edge-detection,14763693386149513347,306261289993748407,9738521534081509220,0.3448919999646023,,,batch-f3-nonlinear-direct-edge-detection-20260825-001
F3,X1,X2,f3-nonlinear-direct-edge-detection,82,7,0.3125432773132635,0.005,residual_samples/batch-82-replication-7.csv,null_statistics/batch-82-replication-7.npy,batch-f3-nonlinear-direct-edge-detection,1240279597036354682,13050953775108331554,18008716944131247954,0.35746649996144697,,,batch-f3-nonlinear-direct-edge-detection-20260825-001
F3,X1,X2,f3-nonlinear-direct-edge-detection,82,8,0.3366530108636298,0.005,residual_samples/batch-82-replication-8.csv,null_statistics/batch-82-replication-8.npy,batch-f3-nonlinear-direct-edge-detection,14382679882469680619,12585500656377876108,4989725662126534237,0.3491988999885507,,,batch-f3-nonlinear-direct-edge-detection-20260825-001
F3,X1,X2,f3-nonlinear-direct-edge-detection,82,9,0.32433211255980915,0.005,residual_samples/batch-82-replication-9.csv,null_statistics/batch-82-replication-9.npy,batch-f3-nonlinear-direct-edge-detection,14515934863661013486,17318778366808462999,16868845731080184996,0.34952039999188855,,,batch-f3-nonlinear-direct-edge-detection-20260825-001
F3,X1,X2,f3-nonlinear-direct-edge-detection,83,0,0.2768048036518181,0.005,residual_samples/batch-83-replication-0.csv,null_statistics/batch-83-replication-0.npy,batch-f3-nonlinear-direct-edge-detection,8707960974707772533,3462386537783214050,3986242799429382534,0.35065839998424053,,,batch-f3-nonlinear-direct-edge-detection-20260825-001
F3,X1,X2,f3-nonlinear-direct-edge-detection,83,1,0.32050615243987934,0.005,residual_samples/batch-83-replication-1.csv,null_statistics/batch-83-replication-1.npy,batch-f3-nonlinear-direct-edge-detection,13887471294599247444,7307385720498971236,17809959774514439233,0.3519623000174761,,,batch-f3-nonlinear-direct-edge-detection-20260825-001
F3,X1,X2,f3-nonlinear-direct-edge-detection,83,2,0.3242198048837447,0.005,residual_samples/batch-83-replication-2.csv,null_statistics/batch-83-replication-2.npy,batch-f3-nonlinear-direct-edge-detection,17892758807272306661,7058774253463046060,8791995597185088450,0.33929420000640675,,,batch-f3-nonlinear-direct-edge-detection-20260825-001
F3,X1,X2,f3-nonlinear-direct-edge-detection,83,3,0.3213092394395379,0.005,residual_samples/batch-83-replication-3.csv,null_statistics/batch-83-replication-3.npy,batch-f3-nonlinear-direct-edge-detection,8924695118822002787,3446635988210940898,17055611479930678068,0.3435693999635987,,,batch-f3-nonlinear-direct-edge-detection-20260825-001
F3,X1,X2,f3-nonlinear-direct-edge-detection,83,4,0.3313385107538183,0.005,residual_samples/batch-83-replication-4.csv,null_statistics/batch-83-replication-4.npy,batch-f3-nonlinear-direct-edge-detection,4320105388257232674,1678505378723732653,17085666268979119510,0.34494390001054853,,,batch-f3-nonlinear-direct-edge-detection-20260825-001
F3,X1,X2,f3-nonlinear-direct-edge-detection,83,5,0.28343208274854015,0.005,residual_samples/batch-83-replication-5.csv,null_statistics/batch-83-replication-5.npy,batch-f3-nonlinear-direct-edge-detection,4045046970973556265,12325550266022138563,12323436089562098186,0.3497946999850683,,,batch-f3-nonlinear-direct-edge-detection-20260825-001
F3,X1,X2,f3-nonlinear-direct-edge-detection,83,6,0.3177058150316943,0.005,residual_samples/batch-83-replication-6.csv,null_statistics/batch-83-replication-6.npy,batch-f3-nonlinear-direct-edge-detection,9716897365388662901,5405830337894803977,4521863839410048083,0.34995340002933517,,,batch-f3-nonlinear-direct-edge-detection-20260825-001
F3,X1,X2,f3-nonlinear-direct-edge-detection,83,7,0.3264616188895507,0.005,residual_samples/batch-83-replication-7.csv,null_statistics/batch-83-replication-7.npy,batch-f3-nonlinear-direct-edge-detection,8616068227727757041,3011199044984393615,216549046747064030,0.35005359997740015,,,batch-f3-nonlinear-direct-edge-detection-20260825-001
F3,X1,X2,f3-nonlinear-direct-edge-detection,83,8,0.29598649125983173,0.005,residual_samples/batch-83-replication-8.csv,null_statistics/batch-83-replication-8.npy,batch-f3-nonlinear-direct-edge-detection,9579372968785899582,10702533261459005274,8394795379791018985,0.3448588000028394,,,batch-f3-nonlinear-direct-edge-detection-20260825-001
F3,X1,X2,f3-nonlinear-direct-edge-detection,83,9,0.29899890845419125,0.005,residual_samples/batch-83-replication-9.csv,null_statistics/batch-83-replication-9.npy,batch-f3-nonlinear-direct-edge-detection,12405938786808373815,1187783037560989614,16511024539037194085,0.3410246000275947,,,batch-f3-nonlinear-direct-edge-detection-20260825-001
F3,X1,X2,f3-nonlinear-direct-edge-detection,84,0,0.30381334481121386,0.005,residual_samples/batch-84-replication-0.csv,null_statistics/batch-84-replication-0.npy,batch-f3-nonlinear-direct-edge-detection,15025506546003697407,5456315368555341474,7452656975127269000,0.3489286999683827,,,batch-f3-nonlinear-direct-edge-detection-20260825-001
F3,X1,X2,f3-nonlinear-direct-edge-detection,84,1,0.31554770958291944,0.005,residual_samples/batch-84-replication-1.csv,null_statistics/batch-84-replication-1.npy,batch-f3-nonlinear-direct-edge-detection,14025035875118812451,14800420324980791069,3003113437293061944,0.34938580001471564,,,batch-f3-nonlinear-direct-edge-detection-20260825-001
F3,X1,X2,f3-nonlinear-direct-edge-detection,84,2,0.3230870738219316,0.005,residual_samples/batch-84-replication-2.csv,null_statistics/batch-84-replication-2.npy,batch-f3-nonlinear-direct-edge-detection,1094500881118275710,6797726915059893428,10917775146856075054,0.3460095999762416,,,batch-f3-nonlinear-direct-edge-detection-20260825-001
F3,X1,X2,f3-nonlinear-direct-edge-detection,84,3,0.30976382507436695,0.005,residual_samples/batch-84-replication-3.csv,null_statistics/batch-84-replication-3.npy,batch-f3-nonlinear-direct-edge-detection,7222931634682362249,12604291358706406732,18237509058543315635,0.34751250001136214,,,batch-f3-nonlinear-direct-edge-detection-20260825-001
F3,X1,X2,f3-nonlinear-direct-edge-detection,84,4,0.2890067668833102,0.005,residual_samples/batch-84-replication-4.csv,null_statistics/batch-84-replication-4.npy,batch-f3-nonlinear-direct-edge-detection,1505240610098532914,7206454226527334941,15073182443174331771,0.34709499997552484,,,batch-f3-nonlinear-direct-edge-detection-20260825-001
F3,X1,X2,f3-nonlinear-direct-edge-detection,84,5,0.3277242001767822,0.005,residual_samples/batch-84-replication-5.csv,null_statistics/batch-84-replication-5.npy,batch-f3-nonlinear-direct-edge-detection,7263685752132707059,15635102258306723555,7557399538194535231,0.2974466999876313,,,batch-f3-nonlinear-direct-edge-detection-20260825-001
F3,X1,X2,f3-nonlinear-direct-edge-detection,84,6,0.32383038272920417,0.005,residual_samples/batch-84-replication-6.csv,null_statistics/batch-84-replication-6.npy,batch-f3-nonlinear-direct-edge-detection,270403431056144503,3445946199173456869,10773851008537641716,0.3491150999907404,,,batch-f3-nonlinear-direct-edge-detection-20260825-001
F3,X1,X2,f3-nonlinear-direct-edge-detection,84,7,0.3191535441624033,0.005,residual_samples/batch-84-replication-7.csv,null_statistics/batch-84-replication-7.npy,batch-f3-nonlinear-direct-edge-detection,6949851147151808745,12214751152013058190,11323255616808011209,0.3473975000088103,,,batch-f3-nonlinear-direct-edge-detection-20260825-001
F3,X1,X2,f3-nonlinear-direct-edge-detection,84,8,0.3002454210238673,0.005,residual_samples/batch-84-replication-8.csv,null_statistics/batch-84-replication-8.npy,batch-f3-nonlinear-direct-edge-detection,2644255687164312040,14032516709874831459,2337051873634167078,0.3383210000465624,,,batch-f3-nonlinear-direct-edge-detection-20260825-001
F3,X1,X2,f3-nonlinear-direct-edge-detection,84,9,0.33120316965726665,0.005,residual_samples/batch-84-replication-9.csv,null_statistics/batch-84-replication-9.npy,batch-f3-nonlinear-direct-edge-detection,9181167009491104143,15511777398923280359,16135754374443591396,0.34260099998209625,,,batch-f3-nonlinear-direct-edge-detection-20260825-001
F3,X1,X2,f3-nonlinear-direct-edge-detection,85,0,0.316229184479035,0.005,residual_samples/batch-85-replication-0.csv,null_statistics/batch-85-replication-0.npy,batch-f3-nonlinear-direct-edge-detection,5415900146206341263,10909094969309570309,15724943611172867978,0.3444412999670021,,,batch-f3-nonlinear-direct-edge-detection-20260825-001
F3,X1,X2,f3-nonlinear-direct-edge-detection,85,1,0.3241004891211532,0.005,residual_samples/batch-85-replication-1.csv,null_statistics/batch-85-replication-1.npy,batch-f3-nonlinear-direct-edge-detection,12140983812547219098,7605818866366978711,164623046340991671,0.34857720002764836,,,batch-f3-nonlinear-direct-edge-detection-20260825-001
F3,X1,X2,f3-nonlinear-direct-edge-detection,85,2,0.3182991330457599,0.005,residual_samples/batch-85-replication-2.csv,null_statistics/batch-85-replication-2.npy,batch-f3-nonlinear-direct-edge-detection,5392826325965402952,4554675806528573647,11874696828377819598,0.34267039998667315,,,batch-f3-nonlinear-direct-edge-detection-20260825-001
F3,X1,X2,f3-nonlinear-direct-edge-detection,85,3,0.32386094754101724,0.005,residual_samples/batch-85-replication-3.csv,null_statistics/batch-85-replication-3.npy,batch-f3-nonlinear-direct-edge-detection,8797819703040815323,16508384127995787239,5640567170063541062,0.3461553000379354,,,batch-f3-nonlinear-direct-edge-detection-20260825-001
F3,X1,X2,f3-nonlinear-direct-edge-detection,85,4,0.31486398548036204,0.005,residual_samples/batch-85-replication-4.csv,null_statistics/batch-85-replication-4.npy,batch-f3-nonlinear-direct-edge-detection,18068124471645358755,12948374011468846740,7089766507176716889,0.3465652000159025,,,batch-f3-nonlinear-direct-edge-detection-20260825-001
F3,X1,X2,f3-nonlinear-direct-edge-detection,85,5,0.33227389305924065,0.005,residual_samples/batch-85-replication-5.csv,null_statistics/batch-85-replication-5.npy,batch-f3-nonlinear-direct-edge-detection,4785831356711486430,16500195238178922942,7845733849080205185,0.34525259997462854,,,batch-f3-nonlinear-direct-edge-detection-20260825-001
F3,X1,X2,f3-nonlinear-direct-edge-detection,85,6,0.3027381908154085,0.005,residual_samples/batch-85-replication-6.csv,null_statistics/batch-85-replication-6.npy,batch-f3-nonlinear-direct-edge-detection,2476108584270516926,3785060593828806412,18214641564566100670,0.3480050999787636,,,batch-f3-nonlinear-direct-edge-detection-20260825-001
F3,X1,X2,f3-nonlinear-direct-edge-detection,85,7,0.30145430467093537,0.005,residual_samples/batch-85-replication-7.csv,null_statistics/batch-85-replication-7.npy,batch-f3-nonlinear-direct-edge-detection,14240786147598146397,6862435037482601929,9289907036256492287,0.3467030999599956,,,batch-f3-nonlinear-direct-edge-detection-20260825-001
F3,X1,X2,f3-nonlinear-direct-edge-detection,85,8,0.30034698882760896,0.005,residual_samples/batch-85-replication-8.csv,null_statistics/batch-85-replication-8.npy,batch-f3-nonlinear-direct-edge-detection,1488593278752872099,1392504690648941153,3704228003416646495,0.3451059000217356,,,batch-f3-nonlinear-direct-edge-detection-20260825-001
F3,X1,X2,f3-nonlinear-direct-edge-detection,85,9,0.3149376222708035,0.005,residual_samples/batch-85-replication-9.csv,null_statistics/batch-85-replication-9.npy,batch-f3-nonlinear-direct-edge-detection,15807974768886087989,11849237412074811358,183628302432738421,0.34744430001592264,,,batch-f3-nonlinear-direct-edge-detection-20260825-001
F3,X1,X2,f3-nonlinear-direct-edge-detection,86,0,0.2934759842177639,0.005,residual_samples/batch-86-replication-0.csv,null_statistics/batch-86-replication-0.npy,batch-f3-nonlinear-direct-edge-detection,8424857415680642030,12301560543625516923,12909957231018572725,0.34753819997422397,,,batch-f3-nonlinear-direct-edge-detection-20260825-001
F3,X1,X2,f3-nonlinear-direct-edge-detection,86,1,0.292631492825346,0.005,residual_samples/batch-86-replication-1.csv,null_statistics/batch-86-replication-1.npy,batch-f3-nonlinear-direct-edge-detection,14257838724141566542,18003278366433040399,7853341428401445175,0.34519090002868325,,,batch-f3-nonlinear-direct-edge-detection-20260825-001
F3,X1,X2,f3-nonlinear-direct-edge-detection,86,2,0.32365541169606826,0.005,residual_samples/batch-86-replication-2.csv,null_statistics/batch-86-replication-2.npy,batch-f3-nonlinear-direct-edge-detection,9264946304150198854,7788876244776235894,7256781412049605407,0.3461959999985993,,,batch-f3-nonlinear-direct-edge-detection-20260825-001
F3,X1,X2,f3-nonlinear-direct-edge-detection,86,3,0.31993475026282336,0.005,residual_samples/batch-86-replication-3.csv,null_statistics/batch-86-replication-3.npy,batch-f3-nonlinear-direct-edge-detection,1075242086183209651,11504182758239756608,8974438771640701245,0.33269320003455505,,,batch-f3-nonlinear-direct-edge-detection-20260825-001
F3,X1,X2,f3-nonlinear-direct-edge-detection,86,4,0.2839481089996112,0.005,residual_samples/batch-86-replication-4.csv,null_statistics/batch-86-replication-4.npy,batch-f3-nonlinear-direct-edge-detection,2439692005396277891,6260243456584586543,10748445067288814648,0.3439871000009589,,,batch-f3-nonlinear-direct-edge-detection-20260825-001
F3,X1,X2,f3-nonlinear-direct-edge-detection,86,5,0.27618461747112144,0.005,residual_samples/batch-86-replication-5.csv,null_statistics/batch-86-replication-5.npy,batch-f3-nonlinear-direct-edge-detection,9682976270217242606,630504238073145503,3581962037902366799,0.3507590999943204,,,batch-f3-nonlinear-direct-edge-detection-20260825-001
F3,X1,X2,f3-nonlinear-direct-edge-detection,86,6,0.3113115157040407,0.005,residual_samples/batch-86-replication-6.csv,null_statistics/batch-86-replication-6.npy,batch-f3-nonlinear-direct-edge-detection,17465589494807529137,14945846052713932333,13053271941834547934,0.3475893999566324,,,batch-f3-nonlinear-direct-edge-detection-20260825-001
F3,X1,X2,f3-nonlinear-direct-edge-detection,86,7,0.33128795393207716,0.005,residual_samples/batch-86-replication-7.csv,null_statistics/batch-86-replication-7.npy,batch-f3-nonlinear-direct-edge-detection,15088354686853816908,3471890968455446369,2066425859371463589,0.3528121000272222,,,batch-f3-nonlinear-direct-edge-detection-20260825-001
F3,X1,X2,f3-nonlinear-direct-edge-detection,86,8,0.30134366860545553,0.005,residual_samples/batch-86-replication-8.csv,null_statistics/batch-86-replication-8.npy,batch-f3-nonlinear-direct-edge-detection,16789521290211855722,4187327622217409187,6175498837099943655,0.35820680001052096,,,batch-f3-nonlinear-direct-edge-detection-20260825-001
F3,X1,X2,f3-nonlinear-direct-edge-detection,86,9,0.34655746070299226,0.005,residual_samples/batch-86-replication-9.csv,null_statistics/batch-86-replication-9.npy,batch-f3-nonlinear-direct-edge-detection,11008265893030663492,4435466395591711697,606115465889600161,0.3471498999861069,,,batch-f3-nonlinear-direct-edge-detection-20260825-001
F3,X1,X2,f3-nonlinear-direct-edge-detection,87,0,0.3172594442082155,0.005,residual_samples/batch-87-replication-0.csv,null_statistics/batch-87-replication-0.npy,batch-f3-nonlinear-direct-edge-detection,10570591394245356420,7099787172121688144,10226385690671730941,0.3441342999576591,,,batch-f3-nonlinear-direct-edge-detection-20260825-001
F3,X1,X2,f3-nonlinear-direct-edge-detection,87,1,0.3108343293293072,0.005,residual_samples/batch-87-replication-1.csv,null_statistics/batch-87-replication-1.npy,batch-f3-nonlinear-direct-edge-detection,8404629299911629015,743884368921493506,5230764912461103204,0.3638523999834433,,,batch-f3-nonlinear-direct-edge-detection-20260825-001
F3,X1,X2,f3-nonlinear-direct-edge-detection,87,2,0.30022497992063646,0.005,residual_samples/batch-87-replication-2.csv,null_statistics/batch-87-replication-2.npy,batch-f3-nonlinear-direct-edge-detection,15888930636251497343,16754193131786481453,8400345493709505293,0.3513358000200242,,,batch-f3-nonlinear-direct-edge-detection-20260825-001
F3,X1,X2,f3-nonlinear-direct-edge-detection,87,3,0.29473048372011673,0.005,residual_samples/batch-87-replication-3.csv,null_statistics/batch-87-replication-3.npy,batch-f3-nonlinear-direct-edge-detection,9665944568469043442,16771530013011149648,6856836214769326121,0.34590990003198385,,,batch-f3-nonlinear-direct-edge-detection-20260825-001
F3,X1,X2,f3-nonlinear-direct-edge-detection,87,4,0.30971629769933484,0.005,residual_samples/batch-87-replication-4.csv,null_statistics/batch-87-replication-4.npy,batch-f3-nonlinear-direct-edge-detection,6886372937178195175,16938409034144186166,8637204143049058509,0.3547048000036739,,,batch-f3-nonlinear-direct-edge-detection-20260825-001
F3,X1,X2,f3-nonlinear-direct-edge-detection,87,5,0.29522020164539403,0.005,residual_samples/batch-87-replication-5.csv,null_statistics/batch-87-replication-5.npy,batch-f3-nonlinear-direct-edge-detection,7367960666741271844,12224340670663215635,3002757051248943010,0.350269999995362,,,batch-f3-nonlinear-direct-edge-detection-20260825-001
F3,X1,X2,f3-nonlinear-direct-edge-detection,87,6,0.34373235547722847,0.005,residual_samples/batch-87-replication-6.csv,null_statistics/batch-87-replication-6.npy,batch-f3-nonlinear-direct-edge-detection,15938010933218669001,10015659160392571994,5339244347943443830,0.3486383999697864,,,batch-f3-nonlinear-direct-edge-detection-20260825-001
F3,X1,X2,f3-nonlinear-direct-edge-detection,87,7,0.3212187725449685,0.005,residual_samples/batch-87-replication-7.csv,null_statistics/batch-87-replication-7.npy,batch-f3-nonlinear-direct-edge-detection,2197656409446558817,8769351530676473744,1463036302039915682,0.3548154000309296,,,batch-f3-nonlinear-direct-edge-detection-20260825-001
F3,X1,X2,f3-nonlinear-direct-edge-detection,87,8,0.30214229941697157,0.005,residual_samples/batch-87-replication-8.csv,null_statistics/batch-87-replication-8.npy,batch-f3-nonlinear-direct-edge-detection,3656921098510307385,744694558416103779,4337678225006992430,0.3499354999512434,,,batch-f3-nonlinear-direct-edge-detection-20260825-001
F3,X1,X2,f3-nonlinear-direct-edge-detection,87,9,0.306637343874524,0.005,residual_samples/batch-87-replication-9.csv,null_statistics/batch-87-replication-9.npy,batch-f3-nonlinear-direct-edge-detection,12508102205163974360,9147121136375286100,955858337056149667,0.34741340001346543,,,batch-f3-nonlinear-direct-edge-detection-20260825-001
F3,X1,X2,f3-nonlinear-direct-edge-detection,88,0,0.2957200079712471,0.005,residual_samples/batch-88-replication-0.csv,null_statistics/batch-88-replication-0.npy,batch-f3-nonlinear-direct-edge-detection,4103611906452091236,11274157796046607072,14102089881300436284,0.35667210002429783,,,batch-f3-nonlinear-direct-edge-detection-20260825-001
F3,X1,X2,f3-nonlinear-direct-edge-detection,88,1,0.3042102807118413,0.005,residual_samples/batch-88-replication-1.csv,null_statistics/batch-88-replication-1.npy,batch-f3-nonlinear-direct-edge-detection,8974958253251348005,10947037659727408488,1392233640463075485,0.30528999998932704,,,batch-f3-nonlinear-direct-edge-detection-20260825-001
F3,X1,X2,f3-nonlinear-direct-edge-detection,88,2,0.3063811587474376,0.005,residual_samples/batch-88-replication-2.csv,null_statistics/batch-88-replication-2.npy,batch-f3-nonlinear-direct-edge-detection,9504438702288947697,17581690747461731278,8940918923066719547,0.34616159996949136,,,batch-f3-nonlinear-direct-edge-detection-20260825-001
F3,X1,X2,f3-nonlinear-direct-edge-detection,88,3,0.2780123864204518,0.005,residual_samples/batch-88-replication-3.csv,null_statistics/batch-88-replication-3.npy,batch-f3-nonlinear-direct-edge-detection,1573851932187230899,4793440589547634452,15893681175791724351,0.35205089999362826,,,batch-f3-nonlinear-direct-edge-detection-20260825-001
F3,X1,X2,f3-nonlinear-direct-edge-detection,88,4,0.28167794073000774,0.005,residual_samples/batch-88-replication-4.csv,null_statistics/batch-88-replication-4.npy,batch-f3-nonlinear-direct-edge-detection,2794383406747026011,11284457992173483842,7919813522522494478,0.3462500000023283,,,batch-f3-nonlinear-direct-edge-detection-20260825-001
F3,X1,X2,f3-nonlinear-direct-edge-detection,88,5,0.33467211772258637,0.005,residual_samples/batch-88-replication-5.csv,null_statistics/batch-88-replication-5.npy,batch-f3-nonlinear-direct-edge-detection,81011280536325176,18383306385792538405,6048351113273223693,0.35335260001011193,,,batch-f3-nonlinear-direct-edge-detection-20260825-001
F3,X1,X2,f3-nonlinear-direct-edge-detection,88,6,0.29989004247054624,0.005,residual_samples/batch-88-replication-6.csv,null_statistics/batch-88-replication-6.npy,batch-f3-nonlinear-direct-edge-detection,8431770358836073787,208743122369682167,15180877267609175207,0.34609619999537244,,,batch-f3-nonlinear-direct-edge-detection-20260825-001
F3,X1,X2,f3-nonlinear-direct-edge-detection,88,7,0.2924979341332645,0.005,residual_samples/batch-88-replication-7.csv,null_statistics/batch-88-replication-7.npy,batch-f3-nonlinear-direct-edge-detection,15897048595378936991,123058778353908762,7756438476499606769,0.3478872000123374,,,batch-f3-nonlinear-direct-edge-detection-20260825-001
F3,X1,X2,f3-nonlinear-direct-edge-detection,88,8,0.3417179403231842,0.005,residual_samples/batch-88-replication-8.csv,null_statistics/batch-88-replication-8.npy,batch-f3-nonlinear-direct-edge-detection,12209734163445421969,7525788384343275962,12858851048988371793,0.34808099997462705,,,batch-f3-nonlinear-direct-edge-detection-20260825-001
F3,X1,X2,f3-nonlinear-direct-edge-detection,88,9,0.2951596061670994,0.005,residual_samples/batch-88-replication-9.csv,null_statistics/batch-88-replication-9.npy,batch-f3-nonlinear-direct-edge-detection,7112328967158871611,6009802799900992330,9875650468901112693,0.30955740000354126,,,batch-f3-nonlinear-direct-edge-detection-20260825-001
F3,X1,X2,f3-nonlinear-direct-edge-detection,89,0,0.34153182737276866,0.005,residual_samples/batch-89-replication-0.csv,null_statistics/batch-89-replication-0.npy,batch-f3-nonlinear-direct-edge-detection,10835006290754856085,17997616321896597063,11965997031093283536,0.34330740000586957,,,batch-f3-nonlinear-direct-edge-detection-20260825-001
F3,X1,X2,f3-nonlinear-direct-edge-detection,89,1,0.30993795159326964,0.005,residual_samples/batch-89-replication-1.csv,null_statistics/batch-89-replication-1.npy,batch-f3-nonlinear-direct-edge-detection,325611493855651800,300097381581645784,7042526114075342257,0.3425308999721892,,,batch-f3-nonlinear-direct-edge-detection-20260825-001
F3,X1,X2,f3-nonlinear-direct-edge-detection,89,2,0.3202227215805358,0.005,residual_samples/batch-89-replication-2.csv,null_statistics/batch-89-replication-2.npy,batch-f3-nonlinear-direct-edge-detection,2473263314236501774,8253470939931139666,8762179571258100731,0.3434862000285648,,,batch-f3-nonlinear-direct-edge-detection-20260825-001
F3,X1,X2,f3-nonlinear-direct-edge-detection,89,3,0.29385201085329515,0.005,residual_samples/batch-89-replication-3.csv,null_statistics/batch-89-replication-3.npy,batch-f3-nonlinear-direct-edge-detection,16387625303884595456,13685321049401313569,12720629403246671430,0.34500030003255233,,,batch-f3-nonlinear-direct-edge-detection-20260825-001
F3,X1,X2,f3-nonlinear-direct-edge-detection,89,4,0.28180770588554027,0.005,residual_samples/batch-89-replication-4.csv,null_statistics/batch-89-replication-4.npy,batch-f3-nonlinear-direct-edge-detection,9937038744912820631,3912917606334970661,3778254529428977334,0.3434982000035234,,,batch-f3-nonlinear-direct-edge-detection-20260825-001
F3,X1,X2,f3-nonlinear-direct-edge-detection,89,5,0.30583909057125686,0.005,residual_samples/batch-89-replication-5.csv,null_statistics/batch-89-replication-5.npy,batch-f3-nonlinear-direct-edge-detection,15047258706628627086,12495783899771439691,10282633611367984732,0.34513969998806715,,,batch-f3-nonlinear-direct-edge-detection-20260825-001
F3,X1,X2,f3-nonlinear-direct-edge-detection,89,6,0.2874293356568174,0.005,residual_samples/batch-89-replication-6.csv,null_statistics/batch-89-replication-6.npy,batch-f3-nonlinear-direct-edge-detection,11786566522134418307,15840237316932265123,997171264034466526,0.34682799997972324,,,batch-f3-nonlinear-direct-edge-detection-20260825-001
F3,X1,X2,f3-nonlinear-direct-edge-detection,89,7,0.28793299837331215,0.005,residual_samples/batch-89-replication-7.csv,null_statistics/batch-89-replication-7.npy,batch-f3-nonlinear-direct-edge-detection,5346082708418324145,16859821261657762471,8856219280167405697,0.3420194999780506,,,batch-f3-nonlinear-direct-edge-detection-20260825-001
F3,X1,X2,f3-nonlinear-direct-edge-detection,89,8,0.32436336834942064,0.005,residual_samples/batch-89-replication-8.csv,null_statistics/batch-89-replication-8.npy,batch-f3-nonlinear-direct-edge-detection,10084581959199724958,9958164056172124631,16015933439517461180,0.3471367000020109,,,batch-f3-nonlinear-direct-edge-detection-20260825-001
F3,X1,X2,f3-nonlinear-direct-edge-detection,89,9,0.3295172002293225,0.005,residual_samples/batch-89-replication-9.csv,null_statistics/batch-89-replication-9.npy,batch-f3-nonlinear-direct-edge-detection,7258389903900576765,1093242615246733167,3834072750482511509,0.3643401999725029,,,batch-f3-nonlinear-direct-edge-detection-20260825-001
F3,X1,X2,f3-nonlinear-direct-edge-detection,90,0,0.30895480226952865,0.005,residual_samples/batch-90-replication-0.csv,null_statistics/batch-90-replication-0.npy,batch-f3-nonlinear-direct-edge-detection,13313234566282106098,11437036686110422836,14449690556721503903,0.3597386999754235,,,batch-f3-nonlinear-direct-edge-detection-20260825-001
F3,X1,X2,f3-nonlinear-direct-edge-detection,90,1,0.28425021882538803,0.005,residual_samples/batch-90-replication-1.csv,null_statistics/batch-90-replication-1.npy,batch-f3-nonlinear-direct-edge-detection,8848510656130196137,8667006029085045703,13613329083698230300,0.35027549997903407,,,batch-f3-nonlinear-direct-edge-detection-20260825-001
F3,X1,X2,f3-nonlinear-direct-edge-detection,90,2,0.3115957476010538,0.005,residual_samples/batch-90-replication-2.csv,null_statistics/batch-90-replication-2.npy,batch-f3-nonlinear-direct-edge-detection,621215931034855426,5886577163448722237,3093362402960175659,0.32323139999061823,,,batch-f3-nonlinear-direct-edge-detection-20260825-001
F3,X1,X2,f3-nonlinear-direct-edge-detection,90,3,0.30186092761983835,0.005,residual_samples/batch-90-replication-3.csv,null_statistics/batch-90-replication-3.npy,batch-f3-nonlinear-direct-edge-detection,8753589701936307255,18050813373952374474,2827759223359559822,0.3464374000323005,,,batch-f3-nonlinear-direct-edge-detection-20260825-001
F3,X1,X2,f3-nonlinear-direct-edge-detection,90,4,0.3329171508642209,0.005,residual_samples/batch-90-replication-4.csv,null_statistics/batch-90-replication-4.npy,batch-f3-nonlinear-direct-edge-detection,1259853155227171372,13960212101304263901,13632659536058003614,0.32193069998174906,,,batch-f3-nonlinear-direct-edge-detection-20260825-001
F3,X1,X2,f3-nonlinear-direct-edge-detection,90,5,0.30527605163773713,0.005,residual_samples/batch-90-replication-5.csv,null_statistics/batch-90-replication-5.npy,batch-f3-nonlinear-direct-edge-detection,6904719215899965109,16776042327500578116,6388461974668861463,0.348601600038819,,,batch-f3-nonlinear-direct-edge-detection-20260825-001
F3,X1,X2,f3-nonlinear-direct-edge-detection,90,6,0.2924605132409164,0.005,residual_samples/batch-90-replication-6.csv,null_statistics/batch-90-replication-6.npy,batch-f3-nonlinear-direct-edge-detection,10489518468905325088,14739105231477685374,5709033085031873133,0.34498059999896213,,,batch-f3-nonlinear-direct-edge-detection-20260825-001
F3,X1,X2,f3-nonlinear-direct-edge-detection,90,7,0.29490797419990245,0.005,residual_samples/batch-90-replication-7.csv,null_statistics/batch-90-replication-7.npy,batch-f3-nonlinear-direct-edge-detection,11955750984001088514,2208365596368967224,1481566223003924809,0.3446373000042513,,,batch-f3-nonlinear-direct-edge-detection-20260825-001
F3,X1,X2,f3-nonlinear-direct-edge-detection,90,8,0.30113588594860163,0.005,residual_samples/batch-90-replication-8.csv,null_statistics/batch-90-replication-8.npy,batch-f3-nonlinear-direct-edge-detection,4600050534806157609,15706391638390070470,1696245146132502564,0.3479767999961041,,,batch-f3-nonlinear-direct-edge-detection-20260825-001
F3,X1,X2,f3-nonlinear-direct-edge-detection,90,9,0.3200722902805391,0.005,residual_samples/batch-90-replication-9.csv,null_statistics/batch-90-replication-9.npy,batch-f3-nonlinear-direct-edge-detection,8913664686548647690,737840875199293029,15706287595732105335,0.32995909999590367,,,batch-f3-nonlinear-direct-edge-detection-20260825-001
F3,X1,X2,f3-nonlinear-direct-edge-detection,91,0,0.32242035982690087,0.005,residual_samples/batch-91-replication-0.csv,null_statistics/batch-91-replication-0.npy,batch-f3-nonlinear-direct-edge-detection,16221386857048254110,502024736892546944,4181303478634377888,0.345362699998077,,,batch-f3-nonlinear-direct-edge-detection-20260825-001
F3,X1,X2,f3-nonlinear-direct-edge-detection,91,1,0.3418230790914818,0.005,residual_samples/batch-91-replication-1.csv,null_statistics/batch-91-replication-1.npy,batch-f3-nonlinear-direct-edge-detection,6172662029674304449,17592769566736943609,6636825300332518263,0.3459865999757312,,,batch-f3-nonlinear-direct-edge-detection-20260825-001
F3,X1,X2,f3-nonlinear-direct-edge-detection,91,2,0.3092116566223035,0.005,residual_samples/batch-91-replication-2.csv,null_statistics/batch-91-replication-2.npy,batch-f3-nonlinear-direct-edge-detection,13599845012307936444,1487709047497321197,10911987572572711620,0.30132620001677424,,,batch-f3-nonlinear-direct-edge-detection-20260825-001
F3,X1,X2,f3-nonlinear-direct-edge-detection,91,3,0.32932532876602405,0.005,residual_samples/batch-91-replication-3.csv,null_statistics/batch-91-replication-3.npy,batch-f3-nonlinear-direct-edge-detection,6927991364195201270,2552139171632031265,9313747017955645446,0.34642759995767847,,,batch-f3-nonlinear-direct-edge-detection-20260825-001
F3,X1,X2,f3-nonlinear-direct-edge-detection,91,4,0.344594789317637,0.005,residual_samples/batch-91-replication-4.csv,null_statistics/batch-91-replication-4.npy,batch-f3-nonlinear-direct-edge-detection,11509864260541492040,2945717803837275689,16806410102330777131,0.3457329000229947,,,batch-f3-nonlinear-direct-edge-detection-20260825-001
F3,X1,X2,f3-nonlinear-direct-edge-detection,91,5,0.2748012348484897,0.005,residual_samples/batch-91-replication-5.csv,null_statistics/batch-91-replication-5.npy,batch-f3-nonlinear-direct-edge-detection,12780727857691531545,3333971580194751363,1203393550052087447,0.34578690002672374,,,batch-f3-nonlinear-direct-edge-detection-20260825-001
F3,X1,X2,f3-nonlinear-direct-edge-detection,91,6,0.28747772607322275,0.005,residual_samples/batch-91-replication-6.csv,null_statistics/batch-91-replication-6.npy,batch-f3-nonlinear-direct-edge-detection,9421768650398930883,17887238925920793998,12752494687527457284,0.34458630002336577,,,batch-f3-nonlinear-direct-edge-detection-20260825-001
F3,X1,X2,f3-nonlinear-direct-edge-detection,91,7,0.3083490506329939,0.005,residual_samples/batch-91-replication-7.csv,null_statistics/batch-91-replication-7.npy,batch-f3-nonlinear-direct-edge-detection,20853303242417866,17469198657185518067,8958010273938146834,0.34839260001899675,,,batch-f3-nonlinear-direct-edge-detection-20260825-001
F3,X1,X2,f3-nonlinear-direct-edge-detection,91,8,0.296212003103624,0.005,residual_samples/batch-91-replication-8.csv,null_statistics/batch-91-replication-8.npy,batch-f3-nonlinear-direct-edge-detection,2061981832898891971,17775107060285837667,2139338096531277149,0.35230019997106865,,,batch-f3-nonlinear-direct-edge-detection-20260825-001
F3,X1,X2,f3-nonlinear-direct-edge-detection,91,9,0.3051476897698749,0.005,residual_samples/batch-91-replication-9.csv,null_statistics/batch-91-replication-9.npy,batch-f3-nonlinear-direct-edge-detection,15601970924346516987,3419581872437064280,13944435949797287747,0.34262850001687184,,,batch-f3-nonlinear-direct-edge-detection-20260825-001
F3,X1,X2,f3-nonlinear-direct-edge-detection,92,0,0.2841494823267192,0.005,residual_samples/batch-92-replication-0.csv,null_statistics/batch-92-replication-0.npy,batch-f3-nonlinear-direct-edge-detection,953388040489386481,4595477611910826355,11806502996078327822,0.3639981999876909,,,batch-f3-nonlinear-direct-edge-detection-20260825-001
F3,X1,X2,f3-nonlinear-direct-edge-detection,92,1,0.3255893188902959,0.005,residual_samples/batch-92-replication-1.csv,null_statistics/batch-92-replication-1.npy,batch-f3-nonlinear-direct-edge-detection,4825983484040782389,13574231196868752829,16338954358724923022,0.3485649000504054,,,batch-f3-nonlinear-direct-edge-detection-20260825-001
F3,X1,X2,f3-nonlinear-direct-edge-detection,92,2,0.3140329632368501,0.005,residual_samples/batch-92-replication-2.csv,null_statistics/batch-92-replication-2.npy,batch-f3-nonlinear-direct-edge-detection,15598972550012628283,4713296247927824005,13932350339960298587,0.34444140002597123,,,batch-f3-nonlinear-direct-edge-detection-20260825-001
F3,X1,X2,f3-nonlinear-direct-edge-detection,92,3,0.2780233589367279,0.005,residual_samples/batch-92-replication-3.csv,null_statistics/batch-92-replication-3.npy,batch-f3-nonlinear-direct-edge-detection,13072016402506898212,6391177018645808710,15306610659026983098,0.3475650999462232,,,batch-f3-nonlinear-direct-edge-detection-20260825-001
F3,X1,X2,f3-nonlinear-direct-edge-detection,92,4,0.31361371863567983,0.005,residual_samples/batch-92-replication-4.csv,null_statistics/batch-92-replication-4.npy,batch-f3-nonlinear-direct-edge-detection,4907777988853358215,14987917810307975874,1843903054521004029,0.34527310001431033,,,batch-f3-nonlinear-direct-edge-detection-20260825-001
F3,X1,X2,f3-nonlinear-direct-edge-detection,92,5,0.30864531441028,0.005,residual_samples/batch-92-replication-5.csv,null_statistics/batch-92-replication-5.npy,batch-f3-nonlinear-direct-edge-detection,17082132827352242725,13444084883196513401,12963491431049072906,0.345808100013528,,,batch-f3-nonlinear-direct-edge-detection-20260825-001
F3,X1,X2,f3-nonlinear-direct-edge-detection,92,6,0.3274570755075593,0.005,residual_samples/batch-92-replication-6.csv,null_statistics/batch-92-replication-6.npy,batch-f3-nonlinear-direct-edge-detection,5554101505532819984,1605695060950496710,3559702436353916792,0.36565049999626353,,,batch-f3-nonlinear-direct-edge-detection-20260825-001
F3,X1,X2,f3-nonlinear-direct-edge-detection,92,7,0.32708085778150264,0.005,residual_samples/batch-92-replication-7.csv,null_statistics/batch-92-replication-7.npy,batch-f3-nonlinear-direct-edge-detection,8967925639737243443,2491863106151606485,606330135463283901,0.2983226000214927,,,batch-f3-nonlinear-direct-edge-detection-20260825-001
F3,X1,X2,f3-nonlinear-direct-edge-detection,92,8,0.3372320163035246,0.005,residual_samples/batch-92-replication-8.csv,null_statistics/batch-92-replication-8.npy,batch-f3-nonlinear-direct-edge-detection,16398033191686558301,10006169737114256855,10670820651351015235,0.34303190000355244,,,batch-f3-nonlinear-direct-edge-detection-20260825-001
F3,X1,X2,f3-nonlinear-direct-edge-detection,92,9,0.3046460276633727,0.005,residual_samples/batch-92-replication-9.csv,null_statistics/batch-92-replication-9.npy,batch-f3-nonlinear-direct-edge-detection,15653645354776300256,14139440026669858415,5069484840976416170,0.34046869998564944,,,batch-f3-nonlinear-direct-edge-detection-20260825-001
F3,X1,X2,f3-nonlinear-direct-edge-detection,93,0,0.3136738852518718,0.005,residual_samples/batch-93-replication-0.csv,null_statistics/batch-93-replication-0.npy,batch-f3-nonlinear-direct-edge-detection,17440951822959311568,4235678418536994332,14254666854876783868,0.3434040000429377,,,batch-f3-nonlinear-direct-edge-detection-20260825-001
F3,X1,X2,f3-nonlinear-direct-edge-detection,93,1,0.30115666866143803,0.005,residual_samples/batch-93-replication-1.csv,null_statistics/batch-93-replication-1.npy,batch-f3-nonlinear-direct-edge-detection,16300728237276788948,299848587119452926,5268861536608458584,0.34355150000192225,,,batch-f3-nonlinear-direct-edge-detection-20260825-001
F3,X1,X2,f3-nonlinear-direct-edge-detection,93,2,0.3011208497521666,0.005,residual_samples/batch-93-replication-2.csv,null_statistics/batch-93-replication-2.npy,batch-f3-nonlinear-direct-edge-detection,12638572073449435669,16632627390334395742,8004516650224879772,0.34636839997256175,,,batch-f3-nonlinear-direct-edge-detection-20260825-001
F3,X1,X2,f3-nonlinear-direct-edge-detection,93,3,0.3322858119062703,0.005,residual_samples/batch-93-replication-3.csv,null_statistics/batch-93-replication-3.npy,batch-f3-nonlinear-direct-edge-detection,1280915850120828859,18343312303324352565,5669780446341974001,0.34504320000996813,,,batch-f3-nonlinear-direct-edge-detection-20260825-001
F3,X1,X2,f3-nonlinear-direct-edge-detection,93,4,0.33286442682638007,0.005,residual_samples/batch-93-replication-4.csv,null_statistics/batch-93-replication-4.npy,batch-f3-nonlinear-direct-edge-detection,18352082353277631082,13420045775918583024,11847898341739910097,0.3448482999810949,,,batch-f3-nonlinear-direct-edge-detection-20260825-001
F3,X1,X2,f3-nonlinear-direct-edge-detection,93,5,0.33826243737349326,0.005,residual_samples/batch-93-replication-5.csv,null_statistics/batch-93-replication-5.npy,batch-f3-nonlinear-direct-edge-detection,4437966217098663096,4409585871069682483,7731566893197545738,0.34327339997980744,,,batch-f3-nonlinear-direct-edge-detection-20260825-001
F3,X1,X2,f3-nonlinear-direct-edge-detection,93,6,0.3216462361793362,0.005,residual_samples/batch-93-replication-6.csv,null_statistics/batch-93-replication-6.npy,batch-f3-nonlinear-direct-edge-detection,12497548733787162247,15812967304789663829,15521772552282725635,0.3466504000243731,,,batch-f3-nonlinear-direct-edge-detection-20260825-001
F3,X1,X2,f3-nonlinear-direct-edge-detection,93,7,0.31970063240516,0.005,residual_samples/batch-93-replication-7.csv,null_statistics/batch-93-replication-7.npy,batch-f3-nonlinear-direct-edge-detection,14247128167839407097,7016229605555896411,2877560342702185253,0.34864420001395047,,,batch-f3-nonlinear-direct-edge-detection-20260825-001
F3,X1,X2,f3-nonlinear-direct-edge-detection,93,8,0.32503670977290056,0.005,residual_samples/batch-93-replication-8.csv,null_statistics/batch-93-replication-8.npy,batch-f3-nonlinear-direct-edge-detection,7928679448523736054,2591763253221356671,621154611339943571,0.3442153999931179,,,batch-f3-nonlinear-direct-edge-detection-20260825-001
F3,X1,X2,f3-nonlinear-direct-edge-detection,93,9,0.3136730211435664,0.005,residual_samples/batch-93-replication-9.csv,null_statistics/batch-93-replication-9.npy,batch-f3-nonlinear-direct-edge-detection,8830932181826123862,8494314165865097614,10317528374845937685,0.3441319999983534,,,batch-f3-nonlinear-direct-edge-detection-20260825-001
F3,X1,X2,f3-nonlinear-direct-edge-detection,94,0,0.3069183189071565,0.005,residual_samples/batch-94-replication-0.csv,null_statistics/batch-94-replication-0.npy,batch-f3-nonlinear-direct-edge-detection,7195351851279853471,9161113701133551942,11364028513721526501,0.3478292000363581,,,batch-f3-nonlinear-direct-edge-detection-20260825-001
F3,X1,X2,f3-nonlinear-direct-edge-detection,94,1,0.3020252080059587,0.005,residual_samples/batch-94-replication-1.csv,null_statistics/batch-94-replication-1.npy,batch-f3-nonlinear-direct-edge-detection,7398300902975841508,7292767289491927154,16302202987144029828,0.3286499999812804,,,batch-f3-nonlinear-direct-edge-detection-20260825-001
F3,X1,X2,f3-nonlinear-direct-edge-detection,94,2,0.3351109073648674,0.005,residual_samples/batch-94-replication-2.csv,null_statistics/batch-94-replication-2.npy,batch-f3-nonlinear-direct-edge-detection,5445125465186794660,14741098197064614408,8117507729148007169,0.3350653999950737,,,batch-f3-nonlinear-direct-edge-detection-20260825-001
F3,X1,X2,f3-nonlinear-direct-edge-detection,94,3,0.3077865038792445,0.005,residual_samples/batch-94-replication-3.csv,null_statistics/batch-94-replication-3.npy,batch-f3-nonlinear-direct-edge-detection,17321403642248150078,18204768881867772539,12463609856165199099,0.34986870002467185,,,batch-f3-nonlinear-direct-edge-detection-20260825-001
F3,X1,X2,f3-nonlinear-direct-edge-detection,94,4,0.33682619049211004,0.005,residual_samples/batch-94-replication-4.csv,null_statistics/batch-94-replication-4.npy,batch-f3-nonlinear-direct-edge-detection,18411434358632641724,12651043779972763077,2776939812236979140,0.3477730000158772,,,batch-f3-nonlinear-direct-edge-detection-20260825-001
F3,X1,X2,f3-nonlinear-direct-edge-detection,94,5,0.2742020571787169,0.005,residual_samples/batch-94-replication-5.csv,null_statistics/batch-94-replication-5.npy,batch-f3-nonlinear-direct-edge-detection,18217270042793183098,11152930436432334211,8313913757816434703,0.3346414999687113,,,batch-f3-nonlinear-direct-edge-detection-20260825-001
F3,X1,X2,f3-nonlinear-direct-edge-detection,94,6,0.3344619095830727,0.005,residual_samples/batch-94-replication-6.csv,null_statistics/batch-94-replication-6.npy,batch-f3-nonlinear-direct-edge-detection,16243840535733134368,1948121360584939569,12140005148045242981,0.3436598999542184,,,batch-f3-nonlinear-direct-edge-detection-20260825-001
F3,X1,X2,f3-nonlinear-direct-edge-detection,94,7,0.31764013708564864,0.005,residual_samples/batch-94-replication-7.csv,null_statistics/batch-94-replication-7.npy,batch-f3-nonlinear-direct-edge-detection,6091519758137544644,14819067788007127217,12077557535923000604,0.3469710000208579,,,batch-f3-nonlinear-direct-edge-detection-20260825-001
F3,X1,X2,f3-nonlinear-direct-edge-detection,94,8,0.3272869012356849,0.005,residual_samples/batch-94-replication-8.csv,null_statistics/batch-94-replication-8.npy,batch-f3-nonlinear-direct-edge-detection,4943140085276421991,4138547078220563630,11940762901979948857,0.3455240000039339,,,batch-f3-nonlinear-direct-edge-detection-20260825-001
F3,X1,X2,f3-nonlinear-direct-edge-detection,94,9,0.33078714345976346,0.005,residual_samples/batch-94-replication-9.csv,null_statistics/batch-94-replication-9.npy,batch-f3-nonlinear-direct-edge-detection,15179686164650311472,197642505895123138,6601965889135947188,0.345109699992463,,,batch-f3-nonlinear-direct-edge-detection-20260825-001
F3,X1,X2,f3-nonlinear-direct-edge-detection,95,0,0.30893481600204126,0.005,residual_samples/batch-95-replication-0.csv,null_statistics/batch-95-replication-0.npy,batch-f3-nonlinear-direct-edge-detection,17272848901510432289,14014068868152350659,3937577156996458473,0.33932530001038685,,,batch-f3-nonlinear-direct-edge-detection-20260825-001
F3,X1,X2,f3-nonlinear-direct-edge-detection,95,1,0.3183778916519915,0.005,residual_samples/batch-95-replication-1.csv,null_statistics/batch-95-replication-1.npy,batch-f3-nonlinear-direct-edge-detection,5023678095077341429,15618806253269758183,6342022430451320394,0.3523391999769956,,,batch-f3-nonlinear-direct-edge-detection-20260825-001
F3,X1,X2,f3-nonlinear-direct-edge-detection,95,2,0.2997296229774026,0.005,residual_samples/batch-95-replication-2.csv,null_statistics/batch-95-replication-2.npy,batch-f3-nonlinear-direct-edge-detection,14654301633331353787,613296760250135544,13578080972080148622,0.3339716999907978,,,batch-f3-nonlinear-direct-edge-detection-20260825-001
F3,X1,X2,f3-nonlinear-direct-edge-detection,95,3,0.3217111608381619,0.005,residual_samples/batch-95-replication-3.csv,null_statistics/batch-95-replication-3.npy,batch-f3-nonlinear-direct-edge-detection,9503912287892388948,2488068764857260056,7758677649807921143,0.3544058999978006,,,batch-f3-nonlinear-direct-edge-detection-20260825-001
F3,X1,X2,f3-nonlinear-direct-edge-detection,95,4,0.29847214327572913,0.005,residual_samples/batch-95-replication-4.csv,null_statistics/batch-95-replication-4.npy,batch-f3-nonlinear-direct-edge-detection,2519389590370140614,2649073184251017266,274042927458253966,0.3432788999634795,,,batch-f3-nonlinear-direct-edge-detection-20260825-001
F3,X1,X2,f3-nonlinear-direct-edge-detection,95,5,0.3136951690683866,0.005,residual_samples/batch-95-replication-5.csv,null_statistics/batch-95-replication-5.npy,batch-f3-nonlinear-direct-edge-detection,8635938307243342666,9160405761740130082,18097551309451578154,0.34517459996277466,,,batch-f3-nonlinear-direct-edge-detection-20260825-001
F3,X1,X2,f3-nonlinear-direct-edge-detection,95,6,0.3419826232523736,0.005,residual_samples/batch-95-replication-6.csv,null_statistics/batch-95-replication-6.npy,batch-f3-nonlinear-direct-edge-detection,6709947015787102931,13787985872638363636,15348973478483745562,0.3463793999981135,,,batch-f3-nonlinear-direct-edge-detection-20260825-001
F3,X1,X2,f3-nonlinear-direct-edge-detection,95,7,0.333718219116049,0.005,residual_samples/batch-95-replication-7.csv,null_statistics/batch-95-replication-7.npy,batch-f3-nonlinear-direct-edge-detection,6770017667806864008,4307338291627459024,5590202696102538132,0.346429499972146,,,batch-f3-nonlinear-direct-edge-detection-20260825-001
F3,X1,X2,f3-nonlinear-direct-edge-detection,95,8,0.34030229340807583,0.005,residual_samples/batch-95-replication-8.csv,null_statistics/batch-95-replication-8.npy,batch-f3-nonlinear-direct-edge-detection,16937302313592017629,17675978935312252792,15989405735061578652,0.34554140002001077,,,batch-f3-nonlinear-direct-edge-detection-20260825-001
F3,X1,X2,f3-nonlinear-direct-edge-detection,95,9,0.31499158378523945,0.005,residual_samples/batch-95-replication-9.csv,null_statistics/batch-95-replication-9.npy,batch-f3-nonlinear-direct-edge-detection,18080196015039953452,11550528316763814830,12690321883474498550,0.34879140002885833,,,batch-f3-nonlinear-direct-edge-detection-20260825-001
F3,X1,X2,f3-nonlinear-direct-edge-detection,96,0,0.30702657760741153,0.005,residual_samples/batch-96-replication-0.csv,null_statistics/batch-96-replication-0.npy,batch-f3-nonlinear-direct-edge-detection,4918428824217659220,13940569787896853244,2120847503159056246,0.3457639000262134,,,batch-f3-nonlinear-direct-edge-detection-20260825-001
F3,X1,X2,f3-nonlinear-direct-edge-detection,96,1,0.32269044250218193,0.005,residual_samples/batch-96-replication-1.csv,null_statistics/batch-96-replication-1.npy,batch-f3-nonlinear-direct-edge-detection,9607032700208767627,16455592339553265655,1057840434603520505,0.3487007999792695,,,batch-f3-nonlinear-direct-edge-detection-20260825-001
F3,X1,X2,f3-nonlinear-direct-edge-detection,96,2,0.28972768251446684,0.005,residual_samples/batch-96-replication-2.csv,null_statistics/batch-96-replication-2.npy,batch-f3-nonlinear-direct-edge-detection,2886860743710829326,2796895253071612935,13912369261864416969,0.34453509998274967,,,batch-f3-nonlinear-direct-edge-detection-20260825-001
F3,X1,X2,f3-nonlinear-direct-edge-detection,96,3,0.33942321730477626,0.005,residual_samples/batch-96-replication-3.csv,null_statistics/batch-96-replication-3.npy,batch-f3-nonlinear-direct-edge-detection,17275609450059656273,4345589448966436824,14667648514552942220,0.3455343000241555,,,batch-f3-nonlinear-direct-edge-detection-20260825-001
F3,X1,X2,f3-nonlinear-direct-edge-detection,96,4,0.3075263891312583,0.005,residual_samples/batch-96-replication-4.csv,null_statistics/batch-96-replication-4.npy,batch-f3-nonlinear-direct-edge-detection,5266446735079403946,12823376621944574666,16660705668530302605,0.36309699999401346,,,batch-f3-nonlinear-direct-edge-detection-20260825-001
F3,X1,X2,f3-nonlinear-direct-edge-detection,96,5,0.3050386919780841,0.005,residual_samples/batch-96-replication-5.csv,null_statistics/batch-96-replication-5.npy,batch-f3-nonlinear-direct-edge-detection,8128603966285358713,13533186005433360312,11565542328516338897,0.34682739997515455,,,batch-f3-nonlinear-direct-edge-detection-20260825-001
F3,X1,X2,f3-nonlinear-direct-edge-detection,96,6,0.28964907313587535,0.005,residual_samples/batch-96-replication-6.csv,null_statistics/batch-96-replication-6.npy,batch-f3-nonlinear-direct-edge-detection,5909779299884284148,3588802994797183277,16670083666730424919,0.34484159998828545,,,batch-f3-nonlinear-direct-edge-detection-20260825-001
F3,X1,X2,f3-nonlinear-direct-edge-detection,96,7,0.2973097964739381,0.005,residual_samples/batch-96-replication-7.csv,null_statistics/batch-96-replication-7.npy,batch-f3-nonlinear-direct-edge-detection,4548465585100569858,6910528312221899524,11464442123670800131,0.3573782000457868,,,batch-f3-nonlinear-direct-edge-detection-20260825-001
F3,X1,X2,f3-nonlinear-direct-edge-detection,96,8,0.3182225817986834,0.005,residual_samples/batch-96-replication-8.csv,null_statistics/batch-96-replication-8.npy,batch-f3-nonlinear-direct-edge-detection,17890326553406869621,912408951339843265,3597787575760175434,0.343949000001885,,,batch-f3-nonlinear-direct-edge-detection-20260825-001
F3,X1,X2,f3-nonlinear-direct-edge-detection,96,9,0.3082699765304934,0.005,residual_samples/batch-96-replication-9.csv,null_statistics/batch-96-replication-9.npy,batch-f3-nonlinear-direct-edge-detection,17600105625704047240,12383795878351894222,3809711831937830808,0.34775830002035946,,,batch-f3-nonlinear-direct-edge-detection-20260825-001
F3,X1,X2,f3-nonlinear-direct-edge-detection,97,0,0.30038976349859736,0.005,residual_samples/batch-97-replication-0.csv,null_statistics/batch-97-replication-0.npy,batch-f3-nonlinear-direct-edge-detection,18444401689901586165,11027611215479678802,17989591381516061849,0.36906689999159425,,,batch-f3-nonlinear-direct-edge-detection-20260825-001
F3,X1,X2,f3-nonlinear-direct-edge-detection,97,1,0.313748142608988,0.005,residual_samples/batch-97-replication-1.csv,null_statistics/batch-97-replication-1.npy,batch-f3-nonlinear-direct-edge-detection,2595692031541770610,8488353170272568805,9245822159357710296,0.36099999997531995,,,batch-f3-nonlinear-direct-edge-detection-20260825-001
F3,X1,X2,f3-nonlinear-direct-edge-detection,97,2,0.31203601450044144,0.005,residual_samples/batch-97-replication-2.csv,null_statistics/batch-97-replication-2.npy,batch-f3-nonlinear-direct-edge-detection,7346787531376035716,12391149721898489196,5069616532920961045,0.34774599998490885,,,batch-f3-nonlinear-direct-edge-detection-20260825-001
F3,X1,X2,f3-nonlinear-direct-edge-detection,97,3,0.31631410023166684,0.005,residual_samples/batch-97-replication-3.csv,null_statistics/batch-97-replication-3.npy,batch-f3-nonlinear-direct-edge-detection,3059626581197573940,5562727743164910500,4073969084246901918,0.351927199983038,,,batch-f3-nonlinear-direct-edge-detection-20260825-001
F3,X1,X2,f3-nonlinear-direct-edge-detection,97,4,0.30813357473133496,0.005,residual_samples/batch-97-replication-4.csv,null_statistics/batch-97-replication-4.npy,batch-f3-nonlinear-direct-edge-detection,6096871360783061940,14102970017991666037,5519975013224404450,0.3465722999535501,,,batch-f3-nonlinear-direct-edge-detection-20260825-001
F3,X1,X2,f3-nonlinear-direct-edge-detection,97,5,0.30306284064547917,0.005,residual_samples/batch-97-replication-5.csv,null_statistics/batch-97-replication-5.npy,batch-f3-nonlinear-direct-edge-detection,12423743514647705197,13490606927526228347,7501162343731008581,0.3483189000398852,,,batch-f3-nonlinear-direct-edge-detection-20260825-001
F3,X1,X2,f3-nonlinear-direct-edge-detection,97,6,0.3086375522454767,0.005,residual_samples/batch-97-replication-6.csv,null_statistics/batch-97-replication-6.npy,batch-f3-nonlinear-direct-edge-detection,2761040981922064500,520080181111154601,5870363806784185580,0.34699520003050566,,,batch-f3-nonlinear-direct-edge-detection-20260825-001
F3,X1,X2,f3-nonlinear-direct-edge-detection,97,7,0.2980779203625298,0.005,residual_samples/batch-97-replication-7.csv,null_statistics/batch-97-replication-7.npy,batch-f3-nonlinear-direct-edge-detection,10170960685294213680,6642460792001252136,17301447055307742360,0.3444612000021152,,,batch-f3-nonlinear-direct-edge-detection-20260825-001
F3,X1,X2,f3-nonlinear-direct-edge-detection,97,8,0.33065882429813354,0.005,residual_samples/batch-97-replication-8.csv,null_statistics/batch-97-replication-8.npy,batch-f3-nonlinear-direct-edge-detection,2792376448319905955,16393710882874504642,16878624584275069440,0.3482334000291303,,,batch-f3-nonlinear-direct-edge-detection-20260825-001
F3,X1,X2,f3-nonlinear-direct-edge-detection,97,9,0.32988557601300367,0.005,residual_samples/batch-97-replication-9.csv,null_statistics/batch-97-replication-9.npy,batch-f3-nonlinear-direct-edge-detection,17443902472706831083,4702885619827864584,6171724779751976162,0.3461957999970764,,,batch-f3-nonlinear-direct-edge-detection-20260825-001
F3,X1,X2,f3-nonlinear-direct-edge-detection,98,0,0.2875145048333133,0.005,residual_samples/batch-98-replication-0.csv,null_statistics/batch-98-replication-0.npy,batch-f3-nonlinear-direct-edge-detection,15592040126573838450,10322148479324147702,7737739996298022095,0.34722890000557527,,,batch-f3-nonlinear-direct-edge-detection-20260825-001
F3,X1,X2,f3-nonlinear-direct-edge-detection,98,1,0.3204806126787438,0.005,residual_samples/batch-98-replication-1.csv,null_statistics/batch-98-replication-1.npy,batch-f3-nonlinear-direct-edge-detection,8562137146477373599,9846167754239506677,12812527896393759571,0.33806819998426363,,,batch-f3-nonlinear-direct-edge-detection-20260825-001
F3,X1,X2,f3-nonlinear-direct-edge-detection,98,2,0.3294625180196623,0.005,residual_samples/batch-98-replication-2.csv,null_statistics/batch-98-replication-2.npy,batch-f3-nonlinear-direct-edge-detection,2397892985560047447,850927616749199412,13252896441371360114,0.3457928000134416,,,batch-f3-nonlinear-direct-edge-detection-20260825-001
F3,X1,X2,f3-nonlinear-direct-edge-detection,98,3,0.3101556733515845,0.005,residual_samples/batch-98-replication-3.csv,null_statistics/batch-98-replication-3.npy,batch-f3-nonlinear-direct-edge-detection,7915805014668598877,892552386443458467,2365973298286856422,0.33900969999376684,,,batch-f3-nonlinear-direct-edge-detection-20260825-001
F3,X1,X2,f3-nonlinear-direct-edge-detection,98,4,0.3055521255469904,0.005,residual_samples/batch-98-replication-4.csv,null_statistics/batch-98-replication-4.npy,batch-f3-nonlinear-direct-edge-detection,9400094494243053669,14125091137769209135,12029720138668406043,0.3456634000176564,,,batch-f3-nonlinear-direct-edge-detection-20260825-001
F3,X1,X2,f3-nonlinear-direct-edge-detection,98,5,0.3184988148452008,0.005,residual_samples/batch-98-replication-5.csv,null_statistics/batch-98-replication-5.npy,batch-f3-nonlinear-direct-edge-detection,832938529830342789,1694654457027965227,17364420296824175663,0.34605219995137304,,,batch-f3-nonlinear-direct-edge-detection-20260825-001
F3,X1,X2,f3-nonlinear-direct-edge-detection,98,6,0.328112494667372,0.005,residual_samples/batch-98-replication-6.csv,null_statistics/batch-98-replication-6.npy,batch-f3-nonlinear-direct-edge-detection,3145724809490582164,17460798566031319978,9090089284330462192,0.31272389995865524,,,batch-f3-nonlinear-direct-edge-detection-20260825-001
F3,X1,X2,f3-nonlinear-direct-edge-detection,98,7,0.3037024140088893,0.005,residual_samples/batch-98-replication-7.csv,null_statistics/batch-98-replication-7.npy,batch-f3-nonlinear-direct-edge-detection,8214329570099876519,10253456253641126247,9126103199303623963,0.36043130001053214,,,batch-f3-nonlinear-direct-edge-detection-20260825-001
F3,X1,X2,f3-nonlinear-direct-edge-detection,98,8,0.3185954462525183,0.005,residual_samples/batch-98-replication-8.csv,null_statistics/batch-98-replication-8.npy,batch-f3-nonlinear-direct-edge-detection,14284380661415570418,17159346283207778165,1859722103974036934,0.3688211999833584,,,batch-f3-nonlinear-direct-edge-detection-20260825-001
F3,X1,X2,f3-nonlinear-direct-edge-detection,98,9,0.2965034370941669,0.005,residual_samples/batch-98-replication-9.csv,null_statistics/batch-98-replication-9.npy,batch-f3-nonlinear-direct-edge-detection,13767108007903285486,17706819417133703142,14105832361284806777,0.3582581999944523,,,batch-f3-nonlinear-direct-edge-detection-20260825-001
F3,X1,X2,f3-nonlinear-direct-edge-detection,99,0,0.2765276251094468,0.005,residual_samples/batch-99-replication-0.csv,null_statistics/batch-99-replication-0.npy,batch-f3-nonlinear-direct-edge-detection,6622433545753163296,10374280756429984615,9435989759505559763,0.34921199997188523,,,batch-f3-nonlinear-direct-edge-detection-20260825-001
F3,X1,X2,f3-nonlinear-direct-edge-detection,99,1,0.3121494499065356,0.005,residual_samples/batch-99-replication-1.csv,null_statistics/batch-99-replication-1.npy,batch-f3-nonlinear-direct-edge-detection,4249822956993916157,15652590928752183267,2581916752722927184,0.34438239998416975,,,batch-f3-nonlinear-direct-edge-detection-20260825-001
F3,X1,X2,f3-nonlinear-direct-edge-detection,99,2,0.3227285398872582,0.005,residual_samples/batch-99-replication-2.csv,null_statistics/batch-99-replication-2.npy,batch-f3-nonlinear-direct-edge-detection,7819583027973917575,11574527028250737214,6537256648612463207,0.34224640001775697,,,batch-f3-nonlinear-direct-edge-detection-20260825-001
F3,X1,X2,f3-nonlinear-direct-edge-detection,99,3,0.3188810103748926,0.005,residual_samples/batch-99-replication-3.csv,null_statistics/batch-99-replication-3.npy,batch-f3-nonlinear-direct-edge-detection,5449411524556828671,14497772889591596331,3532743684471590423,0.3437654000008479,,,batch-f3-nonlinear-direct-edge-detection-20260825-001
F3,X1,X2,f3-nonlinear-direct-edge-detection,99,4,0.3208657846038354,0.005,residual_samples/batch-99-replication-4.csv,null_statistics/batch-99-replication-4.npy,batch-f3-nonlinear-direct-edge-detection,15274439517849488594,7580498307297779661,6064044078175644711,0.3464980999706313,,,batch-f3-nonlinear-direct-edge-detection-20260825-001
F3,X1,X2,f3-nonlinear-direct-edge-detection,99,5,0.29986496456006295,0.005,residual_samples/batch-99-replication-5.csv,null_statistics/batch-99-replication-5.npy,batch-f3-nonlinear-direct-edge-detection,3711656487977796584,6090888778494804724,7550022847541648563,0.34291240002494305,,,batch-f3-nonlinear-direct-edge-detection-20260825-001
F3,X1,X2,f3-nonlinear-direct-edge-detection,99,6,0.28892009292217075,0.005,residual_samples/batch-99-replication-6.csv,null_statistics/batch-99-replication-6.npy,batch-f3-nonlinear-direct-edge-detection,4519259867383702476,7243550301410493769,10957158140433540761,0.34864420001395047,,,batch-f3-nonlinear-direct-edge-detection-20260825-001
F3,X1,X2,f3-nonlinear-direct-edge-detection,99,7,0.31768185304385044,0.005,residual_samples/batch-99-replication-7.csv,null_statistics/batch-99-replication-7.npy,batch-f3-nonlinear-direct-edge-detection,5725215441472518601,5134133881093017832,17303052660194668272,0.34281750000081956,,,batch-f3-nonlinear-direct-edge-detection-20260825-001
F3,X1,X2,f3-nonlinear-direct-edge-detection,99,8,0.3078448343916549,0.005,residual_samples/batch-99-replication-8.csv,null_statistics/batch-99-replication-8.npy,batch-f3-nonlinear-direct-edge-detection,10967718209967846781,16113583433448735421,15881354008377167113,0.3431952999671921,,,batch-f3-nonlinear-direct-edge-detection-20260825-001
F3,X1,X2,f3-nonlinear-direct-edge-detection,99,9,0.3265289297700758,0.005,residual_samples/batch-99-replication-9.csv,null_statistics/batch-99-replication-9.npy,batch-f3-nonlinear-direct-edge-detection,8824860481939677228,4684529826623134830,9717066732156282935,0.34964970004511997,,,batch-f3-nonlinear-direct-edge-detection-20260825-001
