phase,batch,replication,observed_statistic,permutation_p_value,null_statistics_path,seed_namespace,left_seed,right_seed,permutation_seed,elapsed_seconds,warnings,exception_text,run_id
confirmation,0,0,0.06718058823952659,0.11,null_statistics/batch-0-replication-0.npy,batch-null-confirmation,1575934733811644846,9260104017834926083,8083953613672890611,0.2751514999981737,,,batch-null-confirmation-20260821-001
confirmation,0,1,0.08439572485461912,0.015,null_statistics/batch-0-replication-1.npy,batch-null-confirmation,1027178184974067369,5624892384379150296,3433974248289404085,0.27546930000244174,,,batch-null-confirmation-20260821-001
confirmation,0,2,0.046242535187367366,0.815,null_statistics/batch-0-replication-2.npy,batch-null-confirmation,3915716712730201393,7893757521827676023,7059872711869338859,0.2849828000034904,,,batch-null-confirmation-20260821-001
confirmation,0,3,0.05677297762273125,0.465,null_statistics/batch-0-replication-3.npy,batch-null-confirmation,3885997424174723133,2929313702900854485,2913554948640232161,0.2764924999937648,,,batch-null-confirmation-20260821-001
confirmation,0,4,0.0474782820527296,0.705,null_statistics/batch-0-replication-4.npy,batch-null-confirmation,1491362845086490864,5781779934742870821,7363273092151125470,0.2835567000001902,,,batch-null-confirmation-20260821-001
confirmation,0,5,0.04451180983871691,0.865,null_statistics/batch-0-replication-5.npy,batch-null-confirmation,17003211359990480130,14099645863677179466,12591331427583765770,0.2845809999998892,,,batch-null-confirmation-20260821-001
confirmation,0,6,0.06822810942394596,0.175,null_statistics/batch-0-replication-6.npy,batch-null-confirmation,1239481640503444446,16927632157342304666,8505607896899336178,0.2801986999984365,,,batch-null-confirmation-20260821-001
confirmation,0,7,0.05504090701750659,0.38,null_statistics/batch-0-replication-7.npy,batch-null-confirmation,3686483451879499737,16383093712386452562,7145072317262283412,0.29207759999553673,,,batch-null-confirmation-20260821-001
confirmation,0,8,0.0563741713380276,0.46,null_statistics/batch-0-replication-8.npy,batch-null-confirmation,17132020321406028596,14936309236542761725,10467329594928847705,0.2753648000070825,,,batch-null-confirmation-20260821-001
confirmation,0,9,0.058555389636303,0.265,null_statistics/batch-0-replication-9.npy,batch-null-confirmation,18296807281397437510,14842388798414607318,13083507155920036011,0.28150909999385476,,,batch-null-confirmation-20260821-001
confirmation,1,0,0.059625848816414716,0.31,null_statistics/batch-1-replication-0.npy,batch-null-confirmation,2436162046620661134,17783189665875639770,10009818049617224396,0.27768479999213014,,,batch-null-confirmation-20260821-001
confirmation,1,1,0.056661021133090385,0.39,null_statistics/batch-1-replication-1.npy,batch-null-confirmation,4493763104736962400,10419342378842825778,17002313087971538487,0.28116850000515115,,,batch-null-confirmation-20260821-001
confirmation,1,2,0.04332535732250404,0.89,null_statistics/batch-1-replication-2.npy,batch-null-confirmation,17060093374363316506,1353800176472443256,6892606361384696803,0.30279330001212656,,,batch-null-confirmation-20260821-001
confirmation,1,3,0.039431300142907515,0.985,null_statistics/batch-1-replication-3.npy,batch-null-confirmation,1002222819626829713,18260966484771537257,7681176482038049622,0.2888173000101233,,,batch-null-confirmation-20260821-001
confirmation,1,4,0.04752895258796283,0.72,null_statistics/batch-1-replication-4.npy,batch-null-confirmation,1431446451182085870,10289922560384506940,16317597398791182454,0.2775207000086084,,,batch-null-confirmation-20260821-001
confirmation,1,5,0.04629415712696563,0.795,null_statistics/batch-1-replication-5.npy,batch-null-confirmation,730260555354382842,9141838377018336353,10483018215278519180,0.27293659999850206,,,batch-null-confirmation-20260821-001
confirmation,1,6,0.0717678465403987,0.07,null_statistics/batch-1-replication-6.npy,batch-null-confirmation,18321675578138491912,7274740307671395959,18148470697746647900,0.28960279999591876,,,batch-null-confirmation-20260821-001
confirmation,1,7,0.05103071331101102,0.64,null_statistics/batch-1-replication-7.npy,batch-null-confirmation,17289330399304778704,8035945995394955648,10110682167938261208,0.2861657999892486,,,batch-null-confirmation-20260821-001
confirmation,1,8,0.0417480327770265,0.94,null_statistics/batch-1-replication-8.npy,batch-null-confirmation,1659719259603052090,9278037232105789664,13282360809525794094,0.2879996999981813,,,batch-null-confirmation-20260821-001
confirmation,1,9,0.04678724805945815,0.72,null_statistics/batch-1-replication-9.npy,batch-null-confirmation,16009552334494512617,18036015646835558222,6501528038475952971,0.2774213999946369,,,batch-null-confirmation-20260821-001
confirmation,2,0,0.045980253014090415,0.79,null_statistics/batch-2-replication-0.npy,batch-null-confirmation,18096544646283927618,8545625281720561735,7615606896760369552,0.2856190000020433,,,batch-null-confirmation-20260821-001
confirmation,2,1,0.053702611743316066,0.465,null_statistics/batch-2-replication-1.npy,batch-null-confirmation,10256137038544353853,8916973070630516292,7240943744353416440,0.27239699999336153,,,batch-null-confirmation-20260821-001
confirmation,2,2,0.05919398762147987,0.325,null_statistics/batch-2-replication-2.npy,batch-null-confirmation,3324360845817821619,13467485592533043810,8981249680914254234,0.28080740000586957,,,batch-null-confirmation-20260821-001
confirmation,2,3,0.06497330049265257,0.185,null_statistics/batch-2-replication-3.npy,batch-null-confirmation,7166696914769813942,7894859657482133097,12227030420501302211,0.27837349999754224,,,batch-null-confirmation-20260821-001
confirmation,2,4,0.05212836544605656,0.535,null_statistics/batch-2-replication-4.npy,batch-null-confirmation,2726552596787016503,9204234791790617225,3747615061405808068,0.27233210000849795,,,batch-null-confirmation-20260821-001
confirmation,2,5,0.0491225823517256,0.695,null_statistics/batch-2-replication-5.npy,batch-null-confirmation,4057869103693758470,18082715883087102719,530798678012307937,0.27598559999023564,,,batch-null-confirmation-20260821-001
confirmation,2,6,0.09263890307542626,0.025,null_statistics/batch-2-replication-6.npy,batch-null-confirmation,14014075249740674648,8833965486529982220,2916453066967008288,0.2733635000040522,,,batch-null-confirmation-20260821-001
confirmation,2,7,0.04015211325847959,0.97,null_statistics/batch-2-replication-7.npy,batch-null-confirmation,16272579226121675444,9750182079436918154,6274402635514735754,0.2794265999982599,,,batch-null-confirmation-20260821-001
confirmation,2,8,0.060870270732100135,0.225,null_statistics/batch-2-replication-8.npy,batch-null-confirmation,8059970968275578913,14142437802263626958,3090549159668310338,0.2715584999968996,,,batch-null-confirmation-20260821-001
confirmation,2,9,0.04978504893010998,0.67,null_statistics/batch-2-replication-9.npy,batch-null-confirmation,2441711323647836217,8053230331810648871,8940996126064728153,0.2742376999958651,,,batch-null-confirmation-20260821-001
confirmation,3,0,0.05674112755540015,0.295,null_statistics/batch-3-replication-0.npy,batch-null-confirmation,14583190246901427100,6681104618510552545,17176313469707090914,0.28345139999873936,,,batch-null-confirmation-20260821-001
confirmation,3,1,0.06789973084661738,0.11,null_statistics/batch-3-replication-1.npy,batch-null-confirmation,18147362263279322250,5236820434078493370,8976590511581684945,0.27211109999916516,,,batch-null-confirmation-20260821-001
confirmation,3,2,0.05025831636913082,0.695,null_statistics/batch-3-replication-2.npy,batch-null-confirmation,1540449937254458683,10168673076547516462,8966572302273124697,0.27546749998873565,,,batch-null-confirmation-20260821-001
confirmation,3,3,0.051784806883412214,0.515,null_statistics/batch-3-replication-3.npy,batch-null-confirmation,281650382256868265,7061448844517516440,902316208280155283,0.2732613999978639,,,batch-null-confirmation-20260821-001
confirmation,3,4,0.03956968549842276,0.98,null_statistics/batch-3-replication-4.npy,batch-null-confirmation,6485743709913496374,7260668508928345313,10682263920099012513,0.28211849999206606,,,batch-null-confirmation-20260821-001
confirmation,3,5,0.08496152186823054,0.02,null_statistics/batch-3-replication-5.npy,batch-null-confirmation,2046309885831386514,8186362627230299295,1038107800880131260,0.2704364999954123,,,batch-null-confirmation-20260821-001
confirmation,3,6,0.0749304231819553,0.105,null_statistics/batch-3-replication-6.npy,batch-null-confirmation,11842509440300651789,10395373365826880969,12644489877725634162,0.2768249999935506,,,batch-null-confirmation-20260821-001
confirmation,3,7,0.0738003834112235,0.08,null_statistics/batch-3-replication-7.npy,batch-null-confirmation,15234689153291840222,1705564270308134477,10287676256947906331,0.2772947000048589,,,batch-null-confirmation-20260821-001
confirmation,3,8,0.04446606706613134,0.825,null_statistics/batch-3-replication-8.npy,batch-null-confirmation,17352775425847129627,14042547180673544370,8501531229399013825,0.2777988000016194,,,batch-null-confirmation-20260821-001
confirmation,3,9,0.054254565660801245,0.46,null_statistics/batch-3-replication-9.npy,batch-null-confirmation,1267255042827355970,6766807655581105842,7252957236964865244,0.2738307999970857,,,batch-null-confirmation-20260821-001
confirmation,4,0,0.05928254598928556,0.235,null_statistics/batch-4-replication-0.npy,batch-null-confirmation,10766264735665875881,16188363835384445917,9586908919114143836,0.27060800000617746,,,batch-null-confirmation-20260821-001
confirmation,4,1,0.06506940758902688,0.19,null_statistics/batch-4-replication-1.npy,batch-null-confirmation,4084426392166542529,4056838930193484054,16611444735677928170,0.2797380000120029,,,batch-null-confirmation-20260821-001
confirmation,4,2,0.05247683729337426,0.53,null_statistics/batch-4-replication-2.npy,batch-null-confirmation,8190712675977752039,7315701937796819534,1310726073344532216,0.2738247999950545,,,batch-null-confirmation-20260821-001
confirmation,4,3,0.04947313431335274,0.665,null_statistics/batch-4-replication-3.npy,batch-null-confirmation,557489799557058138,6619998970638731378,12116120455381601022,0.278670300001977,,,batch-null-confirmation-20260821-001
confirmation,4,4,0.05104390628310445,0.55,null_statistics/batch-4-replication-4.npy,batch-null-confirmation,5681014415729775597,8394742190648739279,6222044677629493405,0.2793502999993507,,,batch-null-confirmation-20260821-001
confirmation,4,5,0.051891301977984,0.565,null_statistics/batch-4-replication-5.npy,batch-null-confirmation,9439994217629321577,3117851884170140165,8379262767839896883,0.27420460000575986,,,batch-null-confirmation-20260821-001
confirmation,4,6,0.058186013838990275,0.375,null_statistics/batch-4-replication-6.npy,batch-null-confirmation,15091253842515403749,13379799372160981119,17886615998742879061,0.27642280000145547,,,batch-null-confirmation-20260821-001
confirmation,4,7,0.05532664000371525,0.41,null_statistics/batch-4-replication-7.npy,batch-null-confirmation,17696461274516220911,3531833744627709790,1296683968437391007,0.27190880000125617,,,batch-null-confirmation-20260821-001
confirmation,4,8,0.0734322386427265,0.075,null_statistics/batch-4-replication-8.npy,batch-null-confirmation,18230218327091907148,208989539505060040,12171604666325188169,0.2800027999910526,,,batch-null-confirmation-20260821-001
confirmation,4,9,0.04874324593573702,0.64,null_statistics/batch-4-replication-9.npy,batch-null-confirmation,5340089619629956223,15629045295780062170,7358803247181834688,0.2714086999912979,,,batch-null-confirmation-20260821-001
confirmation,5,0,0.051029041689438656,0.575,null_statistics/batch-5-replication-0.npy,batch-null-confirmation,4817744781402709295,2537671988945760727,1172325226650554535,0.2771406000101706,,,batch-null-confirmation-20260821-001
confirmation,5,1,0.051278153183009295,0.53,null_statistics/batch-5-replication-1.npy,batch-null-confirmation,7313504126744995938,1023746119062865711,2385374540874725746,0.2774403000075836,,,batch-null-confirmation-20260821-001
confirmation,5,2,0.052854854632652666,0.55,null_statistics/batch-5-replication-2.npy,batch-null-confirmation,6521419426374046668,18206848012221866635,8237173330765441499,0.2752452999993693,,,batch-null-confirmation-20260821-001
confirmation,5,3,0.04927492747199825,0.65,null_statistics/batch-5-replication-3.npy,batch-null-confirmation,17105922834481924187,9512244471331055931,1131389561415017305,0.2791858999989927,,,batch-null-confirmation-20260821-001
confirmation,5,4,0.053160158372605494,0.485,null_statistics/batch-5-replication-4.npy,batch-null-confirmation,1565880825217801991,14376821921982117699,6311866287415203439,0.27118320000590757,,,batch-null-confirmation-20260821-001
confirmation,5,5,0.05923992364489473,0.29,null_statistics/batch-5-replication-5.npy,batch-null-confirmation,17948953191946129443,9677105359120876653,14173792817012193632,0.27619000000413507,,,batch-null-confirmation-20260821-001
confirmation,5,6,0.04721792190709976,0.66,null_statistics/batch-5-replication-6.npy,batch-null-confirmation,2646297346569023606,6377081012172047109,47428338810596559,0.27199900000414345,,,batch-null-confirmation-20260821-001
confirmation,5,7,0.05285539219229688,0.53,null_statistics/batch-5-replication-7.npy,batch-null-confirmation,13046677308250992348,17492824135353434056,10779733641001658588,0.2896046999958344,,,batch-null-confirmation-20260821-001
confirmation,5,8,0.07118938966031872,0.075,null_statistics/batch-5-replication-8.npy,batch-null-confirmation,11863448927273832907,15296977484280271844,2612899191395541912,0.2820058999932371,,,batch-null-confirmation-20260821-001
confirmation,5,9,0.056514456170600684,0.35,null_statistics/batch-5-replication-9.npy,batch-null-confirmation,4369590497433253322,3875919155637963550,1044662835682791623,0.27909189999627415,,,batch-null-confirmation-20260821-001
confirmation,6,0,0.053963454045805506,0.42,null_statistics/batch-6-replication-0.npy,batch-null-confirmation,16115051239210703311,8207202737618422517,14364934175149332384,0.2940439999947557,,,batch-null-confirmation-20260821-001
confirmation,6,1,0.0736511405258188,0.085,null_statistics/batch-6-replication-1.npy,batch-null-confirmation,592563941513395254,1587064512837919594,14929693125902423650,0.2821525000035763,,,batch-null-confirmation-20260821-001
confirmation,6,2,0.03869697611266214,0.995,null_statistics/batch-6-replication-2.npy,batch-null-confirmation,13608265973240796886,7674076465958043424,10784273978470117631,0.29805080000369344,,,batch-null-confirmation-20260821-001
confirmation,6,3,0.05442631291513536,0.405,null_statistics/batch-6-replication-3.npy,batch-null-confirmation,10371136667001259815,4272109945027745702,1179675758448678740,0.2907688999985112,,,batch-null-confirmation-20260821-001
confirmation,6,4,0.10020056270928274,0.015,null_statistics/batch-6-replication-4.npy,batch-null-confirmation,2367781495352746955,12296504650083234301,18315893553688061324,0.2725612999929581,,,batch-null-confirmation-20260821-001
confirmation,6,5,0.051478751529699704,0.575,null_statistics/batch-6-replication-5.npy,batch-null-confirmation,8076161687797125422,16760564451241526736,13919360882436567280,0.28090050000173505,,,batch-null-confirmation-20260821-001
confirmation,6,6,0.04664905983333244,0.725,null_statistics/batch-6-replication-6.npy,batch-null-confirmation,6178110135172520222,16960861753271988045,4307462299933677328,0.27819289999024477,,,batch-null-confirmation-20260821-001
confirmation,6,7,0.04894859076042223,0.66,null_statistics/batch-6-replication-7.npy,batch-null-confirmation,1861496219419223159,4145342900228426311,10931424423441091775,0.27564590000838507,,,batch-null-confirmation-20260821-001
confirmation,6,8,0.048411294673299105,0.68,null_statistics/batch-6-replication-8.npy,batch-null-confirmation,10723818732872804492,11482839302131965195,3901548519535327192,0.27369679999537766,,,batch-null-confirmation-20260821-001
confirmation,6,9,0.09217235378105358,0.005,null_statistics/batch-6-replication-9.npy,batch-null-confirmation,16159655147499098158,13883172068273018803,4098698416149814313,0.28672499999811407,,,batch-null-confirmation-20260821-001
confirmation,7,0,0.0641559294795888,0.17,null_statistics/batch-7-replication-0.npy,batch-null-confirmation,2698563724343834901,1851987865356171750,14176286185941592224,0.276358800008893,,,batch-null-confirmation-20260821-001
confirmation,7,1,0.05633268306257187,0.4,null_statistics/batch-7-replication-1.npy,batch-null-confirmation,9254270965460655208,205269951347033680,2113355816499928898,0.2770979999913834,,,batch-null-confirmation-20260821-001
confirmation,7,2,0.050573697971885934,0.545,null_statistics/batch-7-replication-2.npy,batch-null-confirmation,7182943928321244111,421142000470505897,17210797110808748673,0.27556680000270717,,,batch-null-confirmation-20260821-001
confirmation,7,3,0.04138436727441907,0.95,null_statistics/batch-7-replication-3.npy,batch-null-confirmation,4330382283800326813,6514133787686541052,1448347300587521903,0.27616419999685604,,,batch-null-confirmation-20260821-001
confirmation,7,4,0.04686446727558252,0.675,null_statistics/batch-7-replication-4.npy,batch-null-confirmation,1324732700554282199,9970582026771151776,7931619728021981661,0.28456410000217147,,,batch-null-confirmation-20260821-001
confirmation,7,5,0.041433359282338926,0.945,null_statistics/batch-7-replication-5.npy,batch-null-confirmation,10857175691797424495,1352778693829230330,471340240288407331,0.2734502999956021,,,batch-null-confirmation-20260821-001
confirmation,7,6,0.05528064583386452,0.405,null_statistics/batch-7-replication-6.npy,batch-null-confirmation,8988504340349021043,165475627422780939,3960474101161277748,0.28390229999786243,,,batch-null-confirmation-20260821-001
confirmation,7,7,0.09768595836764495,0.01,null_statistics/batch-7-replication-7.npy,batch-null-confirmation,17028649445761770788,5111531911174027078,7745439856935477796,0.27405959999305196,,,batch-null-confirmation-20260821-001
confirmation,7,8,0.05453069290060041,0.46,null_statistics/batch-7-replication-8.npy,batch-null-confirmation,9428110095987618467,11458365673702819071,15982821337700095884,0.2887330999947153,,,batch-null-confirmation-20260821-001
confirmation,7,9,0.0371569192643844,0.995,null_statistics/batch-7-replication-9.npy,batch-null-confirmation,10313335322850542099,5850447430502607853,11286160480040434270,0.29711139999562874,,,batch-null-confirmation-20260821-001
confirmation,8,0,0.0689792589991727,0.12,null_statistics/batch-8-replication-0.npy,batch-null-confirmation,1509464509013153201,5362735406371449427,12925733218576160571,0.2855639999906998,,,batch-null-confirmation-20260821-001
confirmation,8,1,0.050116869944535423,0.615,null_statistics/batch-8-replication-1.npy,batch-null-confirmation,10757828645731450663,455985965631072005,7849834359381826106,0.2883231000014348,,,batch-null-confirmation-20260821-001
confirmation,8,2,0.05992619780149352,0.285,null_statistics/batch-8-replication-2.npy,batch-null-confirmation,8228160628977512767,11176667427242784352,18431461745482493279,0.2805021000094712,,,batch-null-confirmation-20260821-001
confirmation,8,3,0.05216996079242005,0.53,null_statistics/batch-8-replication-3.npy,batch-null-confirmation,15214774141618756943,859420460546090179,1498474037050205285,0.28449219999311026,,,batch-null-confirmation-20260821-001
confirmation,8,4,0.05802772385623766,0.27,null_statistics/batch-8-replication-4.npy,batch-null-confirmation,6136801019696485330,10267642120538117537,3815072071445677646,0.26680820000183303,,,batch-null-confirmation-20260821-001
confirmation,8,5,0.07923815194419846,0.04,null_statistics/batch-8-replication-5.npy,batch-null-confirmation,1582918966521296226,5318740258495777014,18035366435966164021,0.27469720000226516,,,batch-null-confirmation-20260821-001
confirmation,8,6,0.08451934176422328,0.03,null_statistics/batch-8-replication-6.npy,batch-null-confirmation,1817341323517078403,16507022224179531595,14429549921042807431,0.28450409999641124,,,batch-null-confirmation-20260821-001
confirmation,8,7,0.06869422889685596,0.125,null_statistics/batch-8-replication-7.npy,batch-null-confirmation,1013597073205545431,15121751320908252356,15226759855983263450,0.2983371000009356,,,batch-null-confirmation-20260821-001
confirmation,8,8,0.04556458942213991,0.755,null_statistics/batch-8-replication-8.npy,batch-null-confirmation,3500750190121634207,17036599096422715150,11515017183028649505,0.28702839999459684,,,batch-null-confirmation-20260821-001
confirmation,8,9,0.055159485057395985,0.37,null_statistics/batch-8-replication-9.npy,batch-null-confirmation,14872372535651937026,3326805968258663780,14077663062136764797,0.2719331000116654,,,batch-null-confirmation-20260821-001
confirmation,9,0,0.049279157526756816,0.62,null_statistics/batch-9-replication-0.npy,batch-null-confirmation,4317967311286582004,5184535128055211244,9828245628170524126,0.2879110999929253,,,batch-null-confirmation-20260821-001
confirmation,9,1,0.05185364156400085,0.61,null_statistics/batch-9-replication-1.npy,batch-null-confirmation,1067135581945391892,10092218550882399863,4496654898541051844,0.2799535999947693,,,batch-null-confirmation-20260821-001
confirmation,9,2,0.05242000359167168,0.53,null_statistics/batch-9-replication-2.npy,batch-null-confirmation,12029839483932895427,18101719073793832836,1987020570415914546,0.29253209999296814,,,batch-null-confirmation-20260821-001
confirmation,9,3,0.06449946288712538,0.21,null_statistics/batch-9-replication-3.npy,batch-null-confirmation,3965123201020594300,15358750526267783071,5809787989857235852,0.2814386999962153,,,batch-null-confirmation-20260821-001
confirmation,9,4,0.059243706254223594,0.255,null_statistics/batch-9-replication-4.npy,batch-null-confirmation,5011521305476772366,2319074976890050628,809588457228694303,0.2852353999915067,,,batch-null-confirmation-20260821-001
confirmation,9,5,0.04478243880763359,0.845,null_statistics/batch-9-replication-5.npy,batch-null-confirmation,13502389280052185326,15366259549733902394,7533735454665888650,0.2949847999989288,,,batch-null-confirmation-20260821-001
confirmation,9,6,0.040764884819430865,0.96,null_statistics/batch-9-replication-6.npy,batch-null-confirmation,16834221698542476483,6270161885169228745,15077391187403839987,0.27852550000534393,,,batch-null-confirmation-20260821-001
confirmation,9,7,0.045793668907890064,0.745,null_statistics/batch-9-replication-7.npy,batch-null-confirmation,1696031329986258842,4093587199851709460,9466389947386741176,0.2858285000111209,,,batch-null-confirmation-20260821-001
confirmation,9,8,0.07222378533967766,0.12,null_statistics/batch-9-replication-8.npy,batch-null-confirmation,8562010178993536274,10322023914962973711,11034281543719646006,0.33064919999742415,,,batch-null-confirmation-20260821-001
confirmation,9,9,0.05585112451773799,0.33,null_statistics/batch-9-replication-9.npy,batch-null-confirmation,3140668105346307874,15231165587016715781,15186799978299856012,0.3473599999997532,,,batch-null-confirmation-20260821-001
confirmation,10,0,0.04361599034629077,0.855,null_statistics/batch-10-replication-0.npy,batch-null-confirmation,7863828593964469487,6743794377136304989,15482177135639801757,0.30043899999873247,,,batch-null-confirmation-20260821-001
confirmation,10,1,0.055297359559536366,0.415,null_statistics/batch-10-replication-1.npy,batch-null-confirmation,12285042654001543484,13807458147724167555,15926903356709645069,0.2932759000104852,,,batch-null-confirmation-20260821-001
confirmation,10,2,0.054596394980678156,0.44,null_statistics/batch-10-replication-2.npy,batch-null-confirmation,12792610067116383972,2104579694881013132,16889971075424109759,0.30159470000944566,,,batch-null-confirmation-20260821-001
confirmation,10,3,0.07219416249893089,0.06,null_statistics/batch-10-replication-3.npy,batch-null-confirmation,8119537204308972274,8499160926707925887,605663018476890416,0.2964129000029061,,,batch-null-confirmation-20260821-001
confirmation,10,4,0.055181324582155904,0.365,null_statistics/batch-10-replication-4.npy,batch-null-confirmation,6822669240492810883,5911122056713371239,1221701202794248877,0.29399189999094233,,,batch-null-confirmation-20260821-001
confirmation,10,5,0.05254142846006448,0.515,null_statistics/batch-10-replication-5.npy,batch-null-confirmation,13096101568537974474,1992947886991748737,11057015102604507102,0.28504800000519026,,,batch-null-confirmation-20260821-001
confirmation,10,6,0.046705788672574834,0.68,null_statistics/batch-10-replication-6.npy,batch-null-confirmation,12288417330494397676,13545846011977351025,583809193598884170,0.28533069998957217,,,batch-null-confirmation-20260821-001
confirmation,10,7,0.04511445263514409,0.835,null_statistics/batch-10-replication-7.npy,batch-null-confirmation,11368399583063807098,8945884858911273216,1014357785161587705,0.2875213000079384,,,batch-null-confirmation-20260821-001
confirmation,10,8,0.05940064752758396,0.28,null_statistics/batch-10-replication-8.npy,batch-null-confirmation,10707269841242629091,8570444176701765951,3195106054359741426,0.2881265999894822,,,batch-null-confirmation-20260821-001
confirmation,10,9,0.05216538708344034,0.565,null_statistics/batch-10-replication-9.npy,batch-null-confirmation,18075717008871085611,1425559639539434593,7093423553809051253,0.27465039999515284,,,batch-null-confirmation-20260821-001
confirmation,11,0,0.0669249183234202,0.14,null_statistics/batch-11-replication-0.npy,batch-null-confirmation,6376580332508279183,12018924289085839998,11361648485649580490,0.2731738000002224,,,batch-null-confirmation-20260821-001
confirmation,11,1,0.05854937993239893,0.3,null_statistics/batch-11-replication-1.npy,batch-null-confirmation,4334990247292177875,18055255042144960911,18380522363390817102,0.29022539999277797,,,batch-null-confirmation-20260821-001
confirmation,11,2,0.07055924749568873,0.125,null_statistics/batch-11-replication-2.npy,batch-null-confirmation,16956548723187147799,18435579820733425702,8909715899486021652,0.2870887000026414,,,batch-null-confirmation-20260821-001
confirmation,11,3,0.04822761110929856,0.665,null_statistics/batch-11-replication-3.npy,batch-null-confirmation,843520093662091314,5093586426811324301,14541151686016191007,0.28751829999964684,,,batch-null-confirmation-20260821-001
confirmation,11,4,0.04470785546068671,0.845,null_statistics/batch-11-replication-4.npy,batch-null-confirmation,5238951098896860427,13682119755639626003,7287044474472917048,0.2827714000013657,,,batch-null-confirmation-20260821-001
confirmation,11,5,0.046089482320965755,0.78,null_statistics/batch-11-replication-5.npy,batch-null-confirmation,5349303223373615357,4861652177213608817,10702305099050145888,0.31420730000536423,,,batch-null-confirmation-20260821-001
confirmation,11,6,0.06495400711178684,0.155,null_statistics/batch-11-replication-6.npy,batch-null-confirmation,16476021004278518925,9858103126086418581,14554924425527069011,0.285976600003778,,,batch-null-confirmation-20260821-001
confirmation,11,7,0.06371100236451893,0.245,null_statistics/batch-11-replication-7.npy,batch-null-confirmation,7227851022007079785,14728235819076680481,126879694763732888,0.28113309999753255,,,batch-null-confirmation-20260821-001
confirmation,11,8,0.06042265990718164,0.28,null_statistics/batch-11-replication-8.npy,batch-null-confirmation,16435388127653451585,6270377382580979949,370166226091678802,0.28812850000394974,,,batch-null-confirmation-20260821-001
confirmation,11,9,0.09438200223109998,0.01,null_statistics/batch-11-replication-9.npy,batch-null-confirmation,4340716584553350379,16714495326960717182,9677237240198168716,0.27952969999751076,,,batch-null-confirmation-20260821-001
confirmation,12,0,0.06771434471028938,0.105,null_statistics/batch-12-replication-0.npy,batch-null-confirmation,9430833032304630626,15819463846489506618,5233223263335244388,0.28104469999379944,,,batch-null-confirmation-20260821-001
confirmation,12,1,0.059433858429048615,0.31,null_statistics/batch-12-replication-1.npy,batch-null-confirmation,2023550341778651180,3209176560076370232,11530278606723905140,0.29884869999659713,,,batch-null-confirmation-20260821-001
confirmation,12,2,0.04220785485535436,0.93,null_statistics/batch-12-replication-2.npy,batch-null-confirmation,1677728462187724315,4202452705973580585,10291339773615859175,0.30886910000117496,,,batch-null-confirmation-20260821-001
confirmation,12,3,0.05846067232112274,0.27,null_statistics/batch-12-replication-3.npy,batch-null-confirmation,15150477927305582492,9167467019727841122,11796446549269584116,0.28417780000017956,,,batch-null-confirmation-20260821-001
confirmation,12,4,0.045755167649669005,0.795,null_statistics/batch-12-replication-4.npy,batch-null-confirmation,17195231810523601003,2370671694489657173,689215718527360958,0.3615014999959385,,,batch-null-confirmation-20260821-001
confirmation,12,5,0.055242041300859204,0.425,null_statistics/batch-12-replication-5.npy,batch-null-confirmation,8817230167817402091,15186766383882371495,4396234439962767641,0.35378629999468103,,,batch-null-confirmation-20260821-001
confirmation,12,6,0.10046990121571403,0.005,null_statistics/batch-12-replication-6.npy,batch-null-confirmation,14754036249342927163,7361374047304003913,8474424702992023947,0.3034187000012025,,,batch-null-confirmation-20260821-001
confirmation,12,7,0.0738751164788305,0.1,null_statistics/batch-12-replication-7.npy,batch-null-confirmation,375261786046501041,5372689076893691041,5141896779203687397,0.32259359999443404,,,batch-null-confirmation-20260821-001
confirmation,12,8,0.06779501665760929,0.17,null_statistics/batch-12-replication-8.npy,batch-null-confirmation,204196375607636295,11168698489367365803,16830185109171018810,0.2786674000089988,,,batch-null-confirmation-20260821-001
confirmation,12,9,0.0618540067344806,0.195,null_statistics/batch-12-replication-9.npy,batch-null-confirmation,15616847157303975648,518042869969023880,3424444721374158181,0.28905150000355206,,,batch-null-confirmation-20260821-001
confirmation,13,0,0.05291091201734556,0.5,null_statistics/batch-13-replication-0.npy,batch-null-confirmation,15556174047082228847,8846206531005234972,12373843782688034122,0.28321239999786485,,,batch-null-confirmation-20260821-001
confirmation,13,1,0.07581582536635016,0.05,null_statistics/batch-13-replication-1.npy,batch-null-confirmation,3701757668752920182,14092650672022801348,3081319755527007944,0.27640590000373777,,,batch-null-confirmation-20260821-001
confirmation,13,2,0.06506413904058138,0.17,null_statistics/batch-13-replication-2.npy,batch-null-confirmation,15540825135755611376,83040428001766823,8308575190610265853,0.27959910000208765,,,batch-null-confirmation-20260821-001
confirmation,13,3,0.062196722285540205,0.185,null_statistics/batch-13-replication-3.npy,batch-null-confirmation,4250222171829544540,7506039676521188463,15398952661759493003,0.28382199999759905,,,batch-null-confirmation-20260821-001
confirmation,13,4,0.03929224441539132,0.98,null_statistics/batch-13-replication-4.npy,batch-null-confirmation,18183259096329748882,7783195469971832355,4500952275106099822,0.2837147999962326,,,batch-null-confirmation-20260821-001
confirmation,13,5,0.053220107697326956,0.495,null_statistics/batch-13-replication-5.npy,batch-null-confirmation,13568350075913757082,11946656325349725343,4035058859952722432,0.29352780000772327,,,batch-null-confirmation-20260821-001
confirmation,13,6,0.05633387753237963,0.4,null_statistics/batch-13-replication-6.npy,batch-null-confirmation,15642424077030473508,6041304543905427653,1884155261553903698,0.27664919999369886,,,batch-null-confirmation-20260821-001
confirmation,13,7,0.06827563098617583,0.105,null_statistics/batch-13-replication-7.npy,batch-null-confirmation,2364403048534798454,16252224648000936186,11757033210028906375,0.2815612999984296,,,batch-null-confirmation-20260821-001
confirmation,13,8,0.048431060949416946,0.69,null_statistics/batch-13-replication-8.npy,batch-null-confirmation,7840615105459859340,13134234012574086928,7699871951822220822,0.2801242999994429,,,batch-null-confirmation-20260821-001
confirmation,13,9,0.04101039186112442,0.96,null_statistics/batch-13-replication-9.npy,batch-null-confirmation,17742851907824313194,1569155279024497048,669227290905404440,0.27468789998965804,,,batch-null-confirmation-20260821-001
confirmation,14,0,0.041421976942836565,0.935,null_statistics/batch-14-replication-0.npy,batch-null-confirmation,16596621780300177957,6471565431431168861,18280865775869014243,0.2863214999961201,,,batch-null-confirmation-20260821-001
confirmation,14,1,0.07215975525486369,0.095,null_statistics/batch-14-replication-1.npy,batch-null-confirmation,16724150632996830494,10440236355988265889,1309098505839085548,0.2825480999890715,,,batch-null-confirmation-20260821-001
confirmation,14,2,0.07879058766687887,0.03,null_statistics/batch-14-replication-2.npy,batch-null-confirmation,1068887802900504825,16445239675871263170,9081027527647520164,0.2838128000003053,,,batch-null-confirmation-20260821-001
confirmation,14,3,0.05568663029198078,0.41,null_statistics/batch-14-replication-3.npy,batch-null-confirmation,4568240124942476923,10466420001251649534,7074133816801446207,0.2787957999971695,,,batch-null-confirmation-20260821-001
confirmation,14,4,0.044452301784900596,0.895,null_statistics/batch-14-replication-4.npy,batch-null-confirmation,4196157940918861964,3110706183355776961,3451707591493421290,0.2841028999973787,,,batch-null-confirmation-20260821-001
confirmation,14,5,0.03617782550979335,0.995,null_statistics/batch-14-replication-5.npy,batch-null-confirmation,4007781139613357209,18054535739936862718,18002163465298963522,0.2712339999998221,,,batch-null-confirmation-20260821-001
confirmation,14,6,0.0825473860647676,0.02,null_statistics/batch-14-replication-6.npy,batch-null-confirmation,5500778926285285645,11210112131452887944,16247508959762334489,0.277218700008234,,,batch-null-confirmation-20260821-001
confirmation,14,7,0.05104579182065998,0.56,null_statistics/batch-14-replication-7.npy,batch-null-confirmation,6906684268723836549,7343262677579939338,13753970333270941153,0.278961200005142,,,batch-null-confirmation-20260821-001
confirmation,14,8,0.07886120919038668,0.035,null_statistics/batch-14-replication-8.npy,batch-null-confirmation,3135275712323917650,9233716078573911558,1141777299499119559,0.27743659999396186,,,batch-null-confirmation-20260821-001
confirmation,14,9,0.06019844669383143,0.245,null_statistics/batch-14-replication-9.npy,batch-null-confirmation,14044394167836568323,15660520440029686568,15998277684863619652,0.2768953000049805,,,batch-null-confirmation-20260821-001
confirmation,15,0,0.0821898279011917,0.01,null_statistics/batch-15-replication-0.npy,batch-null-confirmation,3183123719801449539,5009386069007976750,12883633704756976419,0.26857150001160335,,,batch-null-confirmation-20260821-001
confirmation,15,1,0.04808732618103512,0.735,null_statistics/batch-15-replication-1.npy,batch-null-confirmation,16576364801136824280,8929481261629557127,13662661026653377730,0.28506979999656323,,,batch-null-confirmation-20260821-001
confirmation,15,2,0.04741469643027003,0.69,null_statistics/batch-15-replication-2.npy,batch-null-confirmation,11360154281104898604,17628169525240369736,11358138271169929866,0.27299739999580197,,,batch-null-confirmation-20260821-001
confirmation,15,3,0.045829753012940636,0.84,null_statistics/batch-15-replication-3.npy,batch-null-confirmation,17807090523629933135,9625526035193270145,4168127812357072425,0.28526759998931084,,,batch-null-confirmation-20260821-001
confirmation,15,4,0.046065151251700215,0.825,null_statistics/batch-15-replication-4.npy,batch-null-confirmation,8475128594252524801,3732483476181754096,8549039511706774413,0.27682719999575056,,,batch-null-confirmation-20260821-001
confirmation,15,5,0.04518348110865211,0.87,null_statistics/batch-15-replication-5.npy,batch-null-confirmation,15304179528258379149,5089119431681224401,16538245375162541036,0.2789801000035368,,,batch-null-confirmation-20260821-001
confirmation,15,6,0.05819430437212092,0.29,null_statistics/batch-15-replication-6.npy,batch-null-confirmation,4069839265481514642,1331775970041135892,15997777886021736624,0.27353049999510404,,,batch-null-confirmation-20260821-001
confirmation,15,7,0.07362951105115757,0.06,null_statistics/batch-15-replication-7.npy,batch-null-confirmation,17022048675340327388,715247105002011940,14987752011074664996,0.27004370000213385,,,batch-null-confirmation-20260821-001
confirmation,15,8,0.06291953294248778,0.195,null_statistics/batch-15-replication-8.npy,batch-null-confirmation,18299590197795038060,17547271583649074394,11987620660412580305,0.2865699000103632,,,batch-null-confirmation-20260821-001
confirmation,15,9,0.051442715000391916,0.565,null_statistics/batch-15-replication-9.npy,batch-null-confirmation,1562852027167416005,17446287932809668948,8953952740648091746,0.2723919000127353,,,batch-null-confirmation-20260821-001
confirmation,16,0,0.06387483189009976,0.19,null_statistics/batch-16-replication-0.npy,batch-null-confirmation,6285823845375067283,7636817205986343498,7671933185433614167,0.2806277999916347,,,batch-null-confirmation-20260821-001
confirmation,16,1,0.05391875905496891,0.445,null_statistics/batch-16-replication-1.npy,batch-null-confirmation,13019621173301483445,18167698392739938582,4942586580214118563,0.2809015999955591,,,batch-null-confirmation-20260821-001
confirmation,16,2,0.05124962285721834,0.59,null_statistics/batch-16-replication-2.npy,batch-null-confirmation,2144114591977622587,362568434053315302,6444993973808100035,0.27610339999955613,,,batch-null-confirmation-20260821-001
confirmation,16,3,0.05874747040659004,0.405,null_statistics/batch-16-replication-3.npy,batch-null-confirmation,5473103952117795175,17703459196850463272,16100999549390256625,0.27849240000068676,,,batch-null-confirmation-20260821-001
confirmation,16,4,0.05971669148755931,0.27,null_statistics/batch-16-replication-4.npy,batch-null-confirmation,14184281388154667192,1298177571269363408,1313559702880627706,0.28362919999926817,,,batch-null-confirmation-20260821-001
confirmation,16,5,0.042945987078159234,0.88,null_statistics/batch-16-replication-5.npy,batch-null-confirmation,8011745326426873539,3718517956676853947,4297929446465619998,0.29422180000983644,,,batch-null-confirmation-20260821-001
confirmation,16,6,0.058526557564189736,0.285,null_statistics/batch-16-replication-6.npy,batch-null-confirmation,10940234395294238839,4590170267449107572,2496494690820594616,0.29449539999768604,,,batch-null-confirmation-20260821-001
confirmation,16,7,0.05488675137631763,0.475,null_statistics/batch-16-replication-7.npy,batch-null-confirmation,2833092632015937310,17934376373744439131,893500015666577055,0.28975750000972766,,,batch-null-confirmation-20260821-001
confirmation,16,8,0.04436959558479455,0.835,null_statistics/batch-16-replication-8.npy,batch-null-confirmation,14785074470217809469,12820617682894837723,6042280419697003876,0.29372950000106357,,,batch-null-confirmation-20260821-001
confirmation,16,9,0.07163256197102905,0.085,null_statistics/batch-16-replication-9.npy,batch-null-confirmation,16403886589447127865,2509771019626526802,17861945266155808777,0.29260980000253767,,,batch-null-confirmation-20260821-001
confirmation,17,0,0.06772949271772259,0.125,null_statistics/batch-17-replication-0.npy,batch-null-confirmation,11437480581150599121,1289691620386626878,7722666437008202529,0.2796066000009887,,,batch-null-confirmation-20260821-001
confirmation,17,1,0.055551525505538886,0.425,null_statistics/batch-17-replication-1.npy,batch-null-confirmation,12942600209882053064,616082060891585848,12230197170818511403,0.2882398999936413,,,batch-null-confirmation-20260821-001
confirmation,17,2,0.06191440802003738,0.24,null_statistics/batch-17-replication-2.npy,batch-null-confirmation,16682611203659990668,9901237566701339108,6210570717641938158,0.28559040000254754,,,batch-null-confirmation-20260821-001
confirmation,17,3,0.06885780625756095,0.135,null_statistics/batch-17-replication-3.npy,batch-null-confirmation,1075172362775966527,4438587164071805936,8118312624424597156,0.28945749999547843,,,batch-null-confirmation-20260821-001
confirmation,17,4,0.0425462889080302,0.885,null_statistics/batch-17-replication-4.npy,batch-null-confirmation,1913666913057253804,7164913702890329111,10146932986580232142,0.28091390000190586,,,batch-null-confirmation-20260821-001
confirmation,17,5,0.07084641111095022,0.075,null_statistics/batch-17-replication-5.npy,batch-null-confirmation,287005731224854393,11629897363562469612,15405249346572156430,0.2811838999914471,,,batch-null-confirmation-20260821-001
confirmation,17,6,0.05314419644576402,0.51,null_statistics/batch-17-replication-6.npy,batch-null-confirmation,13359813966585218080,5083534394815301372,14728754195172689054,0.2830936000100337,,,batch-null-confirmation-20260821-001
confirmation,17,7,0.05370312303086506,0.48,null_statistics/batch-17-replication-7.npy,batch-null-confirmation,7632573400491733265,17059222943994752776,14428248526054347821,0.2796152999944752,,,batch-null-confirmation-20260821-001
confirmation,17,8,0.044591985899931394,0.88,null_statistics/batch-17-replication-8.npy,batch-null-confirmation,15183484709056176875,8035436207289568528,2868007335593018311,0.2828933999990113,,,batch-null-confirmation-20260821-001
confirmation,17,9,0.0545482420000862,0.42,null_statistics/batch-17-replication-9.npy,batch-null-confirmation,4531426048932130312,13197993578981857659,14365863611476243617,0.27895239999634214,,,batch-null-confirmation-20260821-001
confirmation,18,0,0.06753594850104232,0.16,null_statistics/batch-18-replication-0.npy,batch-null-confirmation,3961795018904484848,6068654392575255211,8195297457776780223,0.28227999999944586,,,batch-null-confirmation-20260821-001
confirmation,18,1,0.0703179782752846,0.13,null_statistics/batch-18-replication-1.npy,batch-null-confirmation,4098040739869752829,14522981647189344535,405012778723856445,0.2795612999907462,,,batch-null-confirmation-20260821-001
confirmation,18,2,0.0494974322816653,0.63,null_statistics/batch-18-replication-2.npy,batch-null-confirmation,227573597558359691,995113352777231666,13980963814791876342,0.27915370000118855,,,batch-null-confirmation-20260821-001
confirmation,18,3,0.04903104239064492,0.68,null_statistics/batch-18-replication-3.npy,batch-null-confirmation,14024770107415029271,4684823134548539269,6507897762556769037,0.28037389999371953,,,batch-null-confirmation-20260821-001
confirmation,18,4,0.06936136189314498,0.12,null_statistics/batch-18-replication-4.npy,batch-null-confirmation,2098899588206271380,9102525488421739347,9402076419799205620,0.27655789999698754,,,batch-null-confirmation-20260821-001
confirmation,18,5,0.04670109963082843,0.735,null_statistics/batch-18-replication-5.npy,batch-null-confirmation,7684595424443659885,2076801903712247811,1753379201153700881,0.2779623999958858,,,batch-null-confirmation-20260821-001
confirmation,18,6,0.05921409606505524,0.25,null_statistics/batch-18-replication-6.npy,batch-null-confirmation,5903010794128957543,3649354303493472397,8564506152058867523,0.2746244000009028,,,batch-null-confirmation-20260821-001
confirmation,18,7,0.04970294284931366,0.64,null_statistics/batch-18-replication-7.npy,batch-null-confirmation,7456082446257692479,410119438401012297,1568215415871555727,0.2784816000057617,,,batch-null-confirmation-20260821-001
confirmation,18,8,0.05477223954115517,0.465,null_statistics/batch-18-replication-8.npy,batch-null-confirmation,17536218487858692311,13153901457305738726,17712240558987714484,0.27407400000083726,,,batch-null-confirmation-20260821-001
confirmation,18,9,0.05738863583308347,0.39,null_statistics/batch-18-replication-9.npy,batch-null-confirmation,6595854078276719823,10642647254286421608,12216901430393403972,0.27779399999417365,,,batch-null-confirmation-20260821-001
confirmation,19,0,0.040848511046548165,0.95,null_statistics/batch-19-replication-0.npy,batch-null-confirmation,12924825396718366668,10944260869907252764,14957391807387413838,0.2795278999983566,,,batch-null-confirmation-20260821-001
confirmation,19,1,0.05332852173457318,0.505,null_statistics/batch-19-replication-1.npy,batch-null-confirmation,17470970648914590342,5384987221146471044,14757838810181810850,0.2777295999985654,,,batch-null-confirmation-20260821-001
confirmation,19,2,0.04702749602337539,0.795,null_statistics/batch-19-replication-2.npy,batch-null-confirmation,14970736352750210995,15099958473060971109,448886700883789426,0.27872620000562165,,,batch-null-confirmation-20260821-001
confirmation,19,3,0.0646620568869844,0.16,null_statistics/batch-19-replication-3.npy,batch-null-confirmation,18031958149440359840,14704118605845785588,3434535440301134896,0.2743869999976596,,,batch-null-confirmation-20260821-001
confirmation,19,4,0.06387306188209663,0.2,null_statistics/batch-19-replication-4.npy,batch-null-confirmation,1554258941059144866,767409644757999751,4445968098912108977,0.2784444999997504,,,batch-null-confirmation-20260821-001
confirmation,19,5,0.04109000524234854,0.96,null_statistics/batch-19-replication-5.npy,batch-null-confirmation,8238320349570391884,17352487577306103059,3481193631070639062,0.27619659999618307,,,batch-null-confirmation-20260821-001
confirmation,19,6,0.0674701929911346,0.12,null_statistics/batch-19-replication-6.npy,batch-null-confirmation,17649474602126632901,3575931606252369507,10848131392879953508,0.27760169999965,,,batch-null-confirmation-20260821-001
confirmation,19,7,0.05230783340524901,0.56,null_statistics/batch-19-replication-7.npy,batch-null-confirmation,5935962739194054900,12648323388718647645,13978771485980271241,0.28818990000581834,,,batch-null-confirmation-20260821-001
confirmation,19,8,0.054407206525987795,0.4,null_statistics/batch-19-replication-8.npy,batch-null-confirmation,15913678433772907795,9300775697518868075,8568747406754905694,0.28394350000598934,,,batch-null-confirmation-20260821-001
confirmation,19,9,0.07988521559064982,0.035,null_statistics/batch-19-replication-9.npy,batch-null-confirmation,6906539231489700682,7020711599539274162,17905601109510528039,0.2767740999988746,,,batch-null-confirmation-20260821-001
confirmation,20,0,0.04966681002399259,0.65,null_statistics/batch-20-replication-0.npy,batch-null-confirmation,6506099847448267985,7644970926180103809,4747131378729229444,0.2746210999903269,,,batch-null-confirmation-20260821-001
confirmation,20,1,0.041257008475854964,0.93,null_statistics/batch-20-replication-1.npy,batch-null-confirmation,6873212496000528746,11319074352794324863,18233068904390727255,0.283015199995134,,,batch-null-confirmation-20260821-001
confirmation,20,2,0.05338621001466969,0.48,null_statistics/batch-20-replication-2.npy,batch-null-confirmation,5544081268945226635,4318663384239370317,4464193142634768044,0.2708100000018021,,,batch-null-confirmation-20260821-001
confirmation,20,3,0.05938693339272087,0.275,null_statistics/batch-20-replication-3.npy,batch-null-confirmation,10823318949870005522,1579073678530379137,5956294860873491410,0.2789904000092065,,,batch-null-confirmation-20260821-001
confirmation,20,4,0.05711341149280503,0.33,null_statistics/batch-20-replication-4.npy,batch-null-confirmation,4194049696841776942,12599081675445362758,7607399101654046157,0.2790497999958461,,,batch-null-confirmation-20260821-001
confirmation,20,5,0.04887527600175119,0.635,null_statistics/batch-20-replication-5.npy,batch-null-confirmation,18077367713034687425,5600706633082664621,7926916444053955904,0.27905319999263156,,,batch-null-confirmation-20260821-001
confirmation,20,6,0.05757508470595369,0.285,null_statistics/batch-20-replication-6.npy,batch-null-confirmation,11756241039329212209,11750663329131406578,14569397205070964643,0.27499920000263955,,,batch-null-confirmation-20260821-001
confirmation,20,7,0.04156978807908214,0.935,null_statistics/batch-20-replication-7.npy,batch-null-confirmation,10514255914399265693,11964305511015954775,10370316760035066161,0.27326390000234824,,,batch-null-confirmation-20260821-001
confirmation,20,8,0.07453026794438375,0.065,null_statistics/batch-20-replication-8.npy,batch-null-confirmation,11517382812329833074,5304295015410392631,10339509420674247498,0.279760699995677,,,batch-null-confirmation-20260821-001
confirmation,20,9,0.07095638643257444,0.105,null_statistics/batch-20-replication-9.npy,batch-null-confirmation,9023308480849977065,16383531609088541938,1877429541504606438,0.27740810000977945,,,batch-null-confirmation-20260821-001
confirmation,21,0,0.04373289020824145,0.865,null_statistics/batch-21-replication-0.npy,batch-null-confirmation,3137185335770269914,7550561359015679022,12689810444302128657,0.2792864000075497,,,batch-null-confirmation-20260821-001
confirmation,21,1,0.04088707385586826,0.97,null_statistics/batch-21-replication-1.npy,batch-null-confirmation,17448774064165222416,18208052277830587571,4166865804924182768,0.28311350000149105,,,batch-null-confirmation-20260821-001
confirmation,21,2,0.04711405335161348,0.805,null_statistics/batch-21-replication-2.npy,batch-null-confirmation,353105688550260245,4841969429333059215,14083720616534285073,0.2839701999910176,,,batch-null-confirmation-20260821-001
confirmation,21,3,0.052007003095109264,0.555,null_statistics/batch-21-replication-3.npy,batch-null-confirmation,2600445577189245861,8180234027203649714,305037698182910240,0.27867739999783225,,,batch-null-confirmation-20260821-001
confirmation,21,4,0.05066465812362082,0.63,null_statistics/batch-21-replication-4.npy,batch-null-confirmation,14192013883338631175,12073925817527354437,3776468484975135419,0.27079049999883864,,,batch-null-confirmation-20260821-001
confirmation,21,5,0.04254830963421331,0.91,null_statistics/batch-21-replication-5.npy,batch-null-confirmation,1790638753313120894,16947833001687836148,7317281267132407602,0.2800903000024846,,,batch-null-confirmation-20260821-001
confirmation,21,6,0.07167010448211451,0.075,null_statistics/batch-21-replication-6.npy,batch-null-confirmation,15652210597048087363,4586193300253319885,13847883922507703758,0.2885648000083165,,,batch-null-confirmation-20260821-001
confirmation,21,7,0.044772994717193516,0.855,null_statistics/batch-21-replication-7.npy,batch-null-confirmation,15986914698019741096,9322674308822846090,9623974900905687,0.2936807999940356,,,batch-null-confirmation-20260821-001
confirmation,21,8,0.04398249667113505,0.855,null_statistics/batch-21-replication-8.npy,batch-null-confirmation,828313612504695023,12560727673358105357,15789872251533629324,0.29276609999942593,,,batch-null-confirmation-20260821-001
confirmation,21,9,0.04540704328631118,0.845,null_statistics/batch-21-replication-9.npy,batch-null-confirmation,9039416136884902482,5814538453431882699,2619320584047083404,0.27697730000363663,,,batch-null-confirmation-20260821-001
confirmation,22,0,0.04325730241750519,0.895,null_statistics/batch-22-replication-0.npy,batch-null-confirmation,16375207329158272743,4920030188561055494,14883289713911880313,0.2790702000056626,,,batch-null-confirmation-20260821-001
confirmation,22,1,0.0472771661593642,0.725,null_statistics/batch-22-replication-1.npy,batch-null-confirmation,6322359427037338208,14676041190987996010,718963614231671261,0.27795570000307634,,,batch-null-confirmation-20260821-001
confirmation,22,2,0.062358886482276374,0.23,null_statistics/batch-22-replication-2.npy,batch-null-confirmation,10347294309213545921,3029483147872517822,1165175192920104453,0.2831651000014972,,,batch-null-confirmation-20260821-001
confirmation,22,3,0.053417137419918256,0.5,null_statistics/batch-22-replication-3.npy,batch-null-confirmation,3196465960967244826,17533694126163308497,7306338540909916093,0.27791300001263153,,,batch-null-confirmation-20260821-001
confirmation,22,4,0.055858653971734486,0.45,null_statistics/batch-22-replication-4.npy,batch-null-confirmation,1586604344973813027,4982092345178573771,15343657674203837435,0.2860819000052288,,,batch-null-confirmation-20260821-001
confirmation,22,5,0.06652728235020307,0.145,null_statistics/batch-22-replication-5.npy,batch-null-confirmation,11551102899635317732,10882124467403986082,7908740161005525236,0.2986686000076588,,,batch-null-confirmation-20260821-001
confirmation,22,6,0.05502748923892283,0.45,null_statistics/batch-22-replication-6.npy,batch-null-confirmation,7058606802162827002,14584767732960888420,3362198250544124987,0.2892584000073839,,,batch-null-confirmation-20260821-001
confirmation,22,7,0.04708371620310255,0.765,null_statistics/batch-22-replication-7.npy,batch-null-confirmation,10031436755461605005,12721975905900730607,9246984261625235135,0.2796948000031989,,,batch-null-confirmation-20260821-001
confirmation,22,8,0.05617869537775899,0.37,null_statistics/batch-22-replication-8.npy,batch-null-confirmation,5204179937302835913,16186278915801872529,7126017486330254679,0.2775761999946553,,,batch-null-confirmation-20260821-001
confirmation,22,9,0.0488403511309621,0.65,null_statistics/batch-22-replication-9.npy,batch-null-confirmation,17044226997690993251,5475449550601892296,17002524540227021719,0.28789429999596905,,,batch-null-confirmation-20260821-001
confirmation,23,0,0.04540644389780606,0.85,null_statistics/batch-23-replication-0.npy,batch-null-confirmation,15660941300888304177,1183208039889315080,4856885532324293633,0.2739832000079332,,,batch-null-confirmation-20260821-001
confirmation,23,1,0.050839167341659774,0.625,null_statistics/batch-23-replication-1.npy,batch-null-confirmation,11423519965351755478,5365800740165720638,7200472503616763609,0.28968699999677483,,,batch-null-confirmation-20260821-001
confirmation,23,2,0.05368336028467196,0.48,null_statistics/batch-23-replication-2.npy,batch-null-confirmation,11113241473080792988,7549054321497404190,111909579813050213,0.28112010000040755,,,batch-null-confirmation-20260821-001
confirmation,23,3,0.0452555968332318,0.82,null_statistics/batch-23-replication-3.npy,batch-null-confirmation,16912088814940340611,7754260334117774755,6524813856635141947,0.29489840001042467,,,batch-null-confirmation-20260821-001
confirmation,23,4,0.04196308197625774,0.935,null_statistics/batch-23-replication-4.npy,batch-null-confirmation,16745241548472811042,1766310140915098911,18249371851682737209,0.28936850000172853,,,batch-null-confirmation-20260821-001
confirmation,23,5,0.058085345522734054,0.42,null_statistics/batch-23-replication-5.npy,batch-null-confirmation,13285164528057934283,724698991262713604,15024871168520131325,0.2773444000049494,,,batch-null-confirmation-20260821-001
confirmation,23,6,0.09872295957521218,0.015,null_statistics/batch-23-replication-6.npy,batch-null-confirmation,1142939912686529169,6010826556995761689,16798613532613265032,0.28334470000118017,,,batch-null-confirmation-20260821-001
confirmation,23,7,0.07257210768735475,0.07,null_statistics/batch-23-replication-7.npy,batch-null-confirmation,12541877321297946339,11725680915675948535,7753770628345295726,0.28229129999817815,,,batch-null-confirmation-20260821-001
confirmation,23,8,0.06300967816276083,0.19,null_statistics/batch-23-replication-8.npy,batch-null-confirmation,6533261239060906112,3206500455737711920,1901787197343371852,0.2956206000089878,,,batch-null-confirmation-20260821-001
confirmation,23,9,0.05157176691019587,0.605,null_statistics/batch-23-replication-9.npy,batch-null-confirmation,16523933978577390008,4984890977073438710,14179335559997165920,0.27715039999748114,,,batch-null-confirmation-20260821-001
confirmation,24,0,0.04448596996973623,0.87,null_statistics/batch-24-replication-0.npy,batch-null-confirmation,1737010341457034522,1382719333292530097,17077046764989839843,0.2869515000056708,,,batch-null-confirmation-20260821-001
confirmation,24,1,0.056156891278641985,0.41,null_statistics/batch-24-replication-1.npy,batch-null-confirmation,7447571363584661585,16356343398792356360,4265331603119435440,0.27232180000282824,,,batch-null-confirmation-20260821-001
confirmation,24,2,0.04182186524424326,0.945,null_statistics/batch-24-replication-2.npy,batch-null-confirmation,8033095531686783188,14337906934914419596,12070049613859930811,0.27557889999297913,,,batch-null-confirmation-20260821-001
confirmation,24,3,0.054996116286411115,0.41,null_statistics/batch-24-replication-3.npy,batch-null-confirmation,7083574399075536900,14676354414562183086,14127055739314107964,0.2814351999986684,,,batch-null-confirmation-20260821-001
confirmation,24,4,0.05650277546078688,0.36,null_statistics/batch-24-replication-4.npy,batch-null-confirmation,12557507125909757178,3114233196358477367,5281555287070584270,0.2817617999971844,,,batch-null-confirmation-20260821-001
confirmation,24,5,0.06760036426853619,0.15,null_statistics/batch-24-replication-5.npy,batch-null-confirmation,11102620335222946101,3097617693633492715,4228253724136018287,0.28243899998778943,,,batch-null-confirmation-20260821-001
confirmation,24,6,0.04010070891675991,0.955,null_statistics/batch-24-replication-6.npy,batch-null-confirmation,14043793974679751426,13808925562858494207,9268523480117155094,0.27217820000078063,,,batch-null-confirmation-20260821-001
confirmation,24,7,0.06350295610432159,0.19,null_statistics/batch-24-replication-7.npy,batch-null-confirmation,1178196740228231724,67558160843949406,5620908186613516001,0.27606579998973757,,,batch-null-confirmation-20260821-001
confirmation,24,8,0.06364015074754542,0.205,null_statistics/batch-24-replication-8.npy,batch-null-confirmation,847672862163694197,1374036031838665992,12576109412679222705,0.27340130000084173,,,batch-null-confirmation-20260821-001
confirmation,24,9,0.05792283360653392,0.385,null_statistics/batch-24-replication-9.npy,batch-null-confirmation,4861187833130206444,7788423820361311700,4612790445156787289,0.2798278999980539,,,batch-null-confirmation-20260821-001
confirmation,25,0,0.04069157546284041,0.965,null_statistics/batch-25-replication-0.npy,batch-null-confirmation,9918035881286335664,10393700426857152091,2949344657104648494,0.27794770000036806,,,batch-null-confirmation-20260821-001
confirmation,25,1,0.054595042645281415,0.46,null_statistics/batch-25-replication-1.npy,batch-null-confirmation,5249317937920903291,13386601539544262611,17079976320147643609,0.2734943999967072,,,batch-null-confirmation-20260821-001
confirmation,25,2,0.09672377211141246,0.005,null_statistics/batch-25-replication-2.npy,batch-null-confirmation,5564900199859508506,18167486237440859620,14451921148954790760,0.2803278999926988,,,batch-null-confirmation-20260821-001
confirmation,25,3,0.06356670637754396,0.195,null_statistics/batch-25-replication-3.npy,batch-null-confirmation,16350578586379479342,11462800888697909630,335179526468227481,0.2704068000020925,,,batch-null-confirmation-20260821-001
confirmation,25,4,0.04174910602785355,0.915,null_statistics/batch-25-replication-4.npy,batch-null-confirmation,17894311329829663556,17597354334687452896,11305971125520439674,0.2785401000001002,,,batch-null-confirmation-20260821-001
confirmation,25,5,0.06180957913244842,0.18,null_statistics/batch-25-replication-5.npy,batch-null-confirmation,9413357183115663111,12799062852409576816,2156522222359878727,0.2727883999905316,,,batch-null-confirmation-20260821-001
confirmation,25,6,0.06674852036768943,0.145,null_statistics/batch-25-replication-6.npy,batch-null-confirmation,4351397053131132952,4736914884761376536,7810785079574560170,0.2727248999872245,,,batch-null-confirmation-20260821-001
confirmation,25,7,0.04514224143845196,0.82,null_statistics/batch-25-replication-7.npy,batch-null-confirmation,13265540641059920274,510804148367088276,18304127431681899292,0.2789803000050597,,,batch-null-confirmation-20260821-001
confirmation,25,8,0.0549405799008813,0.4,null_statistics/batch-25-replication-8.npy,batch-null-confirmation,10192436677680023615,10005963794820960853,18084299661477571084,0.27173839999886695,,,batch-null-confirmation-20260821-001
confirmation,25,9,0.048900465572273406,0.67,null_statistics/batch-25-replication-9.npy,batch-null-confirmation,10468619082061778522,4352527615161561755,2211575389779802746,0.2789950000005774,,,batch-null-confirmation-20260821-001
confirmation,26,0,0.04629674540358888,0.78,null_statistics/batch-26-replication-0.npy,batch-null-confirmation,7329802185534485626,12896032619962574562,1449270551290343458,0.2770156000042334,,,batch-null-confirmation-20260821-001
confirmation,26,1,0.06605699668155417,0.105,null_statistics/batch-26-replication-1.npy,batch-null-confirmation,3353174623672910231,17585583981805531483,13566397860836817935,0.28085520000604447,,,batch-null-confirmation-20260821-001
confirmation,26,2,0.04965986095030697,0.6,null_statistics/batch-26-replication-2.npy,batch-null-confirmation,9020510768684366006,16911775706065171732,4368444980412093225,0.27940030000172555,,,batch-null-confirmation-20260821-001
confirmation,26,3,0.05400442283974313,0.495,null_statistics/batch-26-replication-3.npy,batch-null-confirmation,16486890752595348224,2303371377017473743,918704655327174732,0.2804863000055775,,,batch-null-confirmation-20260821-001
confirmation,26,4,0.04613517853787998,0.825,null_statistics/batch-26-replication-4.npy,batch-null-confirmation,1176391804858063590,8166780012325416319,7193112906485213470,0.2792158000083873,,,batch-null-confirmation-20260821-001
confirmation,26,5,0.04450661272709411,0.86,null_statistics/batch-26-replication-5.npy,batch-null-confirmation,18034918476696392507,5913715134740614869,12062543894554740714,0.2730807000043569,,,batch-null-confirmation-20260821-001
confirmation,26,6,0.05834701089180012,0.325,null_statistics/batch-26-replication-6.npy,batch-null-confirmation,2957555388947716169,9923655581181792943,4578340944858819855,0.27869740000460297,,,batch-null-confirmation-20260821-001
confirmation,26,7,0.03523514010572192,1.0,null_statistics/batch-26-replication-7.npy,batch-null-confirmation,1844227923675122171,13878693008319725533,13792703854901637217,0.27239230000122916,,,batch-null-confirmation-20260821-001
confirmation,26,8,0.04178838620512428,0.925,null_statistics/batch-26-replication-8.npy,batch-null-confirmation,11843180406777857683,3762526081603540843,8280039510528918043,0.28411390000837855,,,batch-null-confirmation-20260821-001
confirmation,26,9,0.05598034840383414,0.36,null_statistics/batch-26-replication-9.npy,batch-null-confirmation,62310218264615761,17874943576559099725,12632513428212704513,0.2788307999871904,,,batch-null-confirmation-20260821-001
confirmation,27,0,0.049043931188036065,0.625,null_statistics/batch-27-replication-0.npy,batch-null-confirmation,4514046331484836893,10817895882785641342,11566805163009146509,0.282014700002037,,,batch-null-confirmation-20260821-001
confirmation,27,1,0.06337363701511094,0.175,null_statistics/batch-27-replication-1.npy,batch-null-confirmation,8431294986128061983,4502178639321567205,16570744629132352936,0.2895853999943938,,,batch-null-confirmation-20260821-001
confirmation,27,2,0.06751950611801455,0.11,null_statistics/batch-27-replication-2.npy,batch-null-confirmation,2297308676162910378,7374672409750932966,12760412893715298847,0.2837989999970887,,,batch-null-confirmation-20260821-001
confirmation,27,3,0.05126328746099204,0.55,null_statistics/batch-27-replication-3.npy,batch-null-confirmation,11994878771889017537,17855966769490262639,5124997022425126265,0.28679420000116806,,,batch-null-confirmation-20260821-001
confirmation,27,4,0.050234040677870476,0.695,null_statistics/batch-27-replication-4.npy,batch-null-confirmation,4107605178710109458,12757676798368971691,10708932514796565092,0.2997499000048265,,,batch-null-confirmation-20260821-001
confirmation,27,5,0.04783952270440222,0.825,null_statistics/batch-27-replication-5.npy,batch-null-confirmation,14285370831597382079,1396142639964167178,14755960687713338904,0.28526350000174716,,,batch-null-confirmation-20260821-001
confirmation,27,6,0.053982108998628583,0.42,null_statistics/batch-27-replication-6.npy,batch-null-confirmation,14280446234320587601,2106407162635594306,3180838201611095703,0.28930380000383593,,,batch-null-confirmation-20260821-001
confirmation,27,7,0.04481073123879128,0.83,null_statistics/batch-27-replication-7.npy,batch-null-confirmation,5496639678945776307,420630266754612569,13806206513763951109,0.30773499999486376,,,batch-null-confirmation-20260821-001
confirmation,27,8,0.04247080907279432,0.95,null_statistics/batch-27-replication-8.npy,batch-null-confirmation,121648734900108361,1703891452816356216,4098492851730166140,0.2921206000028178,,,batch-null-confirmation-20260821-001
confirmation,27,9,0.057117568683533695,0.34,null_statistics/batch-27-replication-9.npy,batch-null-confirmation,2473310420079881198,18274424517452731524,6549652765447094496,0.2944497999997111,,,batch-null-confirmation-20260821-001
confirmation,28,0,0.06359681445714026,0.17,null_statistics/batch-28-replication-0.npy,batch-null-confirmation,284472409666968765,5545990709105373485,1638869635224891874,0.3260688000009395,,,batch-null-confirmation-20260821-001
confirmation,28,1,0.047986332211504154,0.815,null_statistics/batch-28-replication-1.npy,batch-null-confirmation,11632457698711901277,10678120716844842451,17473645505635179470,0.2796516999951564,,,batch-null-confirmation-20260821-001
confirmation,28,2,0.05224701460626625,0.52,null_statistics/batch-28-replication-2.npy,batch-null-confirmation,14829006354073291122,5254818422548389671,4648061533650823742,0.2897518000099808,,,batch-null-confirmation-20260821-001
confirmation,28,3,0.058384597993369765,0.295,null_statistics/batch-28-replication-3.npy,batch-null-confirmation,13366735323489592320,514716321118430970,249574115906841841,0.2710290000104578,,,batch-null-confirmation-20260821-001
confirmation,28,4,0.051512146388814704,0.535,null_statistics/batch-28-replication-4.npy,batch-null-confirmation,977200005877618131,18320869880066992482,3497226122028900225,0.27819430000090506,,,batch-null-confirmation-20260821-001
confirmation,28,5,0.041144745570779885,0.945,null_statistics/batch-28-replication-5.npy,batch-null-confirmation,9054415325184205075,16480459782382719275,14029747988619772379,0.2916114999970887,,,batch-null-confirmation-20260821-001
confirmation,28,6,0.059868547600260426,0.25,null_statistics/batch-28-replication-6.npy,batch-null-confirmation,17443960200734743236,7098379342100808377,3171949792874121290,0.28708710000501014,,,batch-null-confirmation-20260821-001
confirmation,28,7,0.054292532380608445,0.455,null_statistics/batch-28-replication-7.npy,batch-null-confirmation,3569126375408999363,2422404387592452079,4262407474275242626,0.28818499999761116,,,batch-null-confirmation-20260821-001
confirmation,28,8,0.03990193562722692,0.965,null_statistics/batch-28-replication-8.npy,batch-null-confirmation,14419325280420032900,4545968378450200003,18385731886224928522,0.2776181000081124,,,batch-null-confirmation-20260821-001
confirmation,28,9,0.06070980566254337,0.23,null_statistics/batch-28-replication-9.npy,batch-null-confirmation,14295028059756623614,875768070662347345,9906301130011179457,0.2883948000089731,,,batch-null-confirmation-20260821-001
confirmation,29,0,0.04988528472875736,0.62,null_statistics/batch-29-replication-0.npy,batch-null-confirmation,12442945762374794820,148302072800025343,14940271667106567818,0.27787169998919126,,,batch-null-confirmation-20260821-001
confirmation,29,1,0.05013090290260683,0.64,null_statistics/batch-29-replication-1.npy,batch-null-confirmation,17146777528417086906,7985317116315693089,1695975654563644684,0.2760606999945594,,,batch-null-confirmation-20260821-001
confirmation,29,2,0.052811460745622055,0.525,null_statistics/batch-29-replication-2.npy,batch-null-confirmation,5851017215846556765,13842864078617993460,11346921890124102498,0.28636769999866374,,,batch-null-confirmation-20260821-001
confirmation,29,3,0.044179164346985794,0.905,null_statistics/batch-29-replication-3.npy,batch-null-confirmation,8708747111281075914,3034361652394462682,10274818915191068635,0.27877480001188815,,,batch-null-confirmation-20260821-001
confirmation,29,4,0.04551917506952074,0.835,null_statistics/batch-29-replication-4.npy,batch-null-confirmation,15738099470948775423,16206009522574446549,18339541505330807631,0.28104289999464527,,,batch-null-confirmation-20260821-001
confirmation,29,5,0.059108255952535,0.335,null_statistics/batch-29-replication-5.npy,batch-null-confirmation,13084522347034916876,1238698432594810864,13707016974818349132,0.2802596999972593,,,batch-null-confirmation-20260821-001
confirmation,29,6,0.07746326562896283,0.045,null_statistics/batch-29-replication-6.npy,batch-null-confirmation,8518501581562020539,4461958772550682115,5965350821862108190,0.2823857000039425,,,batch-null-confirmation-20260821-001
confirmation,29,7,0.049143009325168616,0.68,null_statistics/batch-29-replication-7.npy,batch-null-confirmation,9170662085128668838,7664718958463985397,12382010854574369659,0.2841984999977285,,,batch-null-confirmation-20260821-001
confirmation,29,8,0.04862671662999401,0.655,null_statistics/batch-29-replication-8.npy,batch-null-confirmation,13360568876408983145,6897194613890792163,539353314260322331,0.2769767999998294,,,batch-null-confirmation-20260821-001
confirmation,29,9,0.0449876408814922,0.815,null_statistics/batch-29-replication-9.npy,batch-null-confirmation,14119796525006868172,5758756780060271544,6730739892537775642,0.27799859999504406,,,batch-null-confirmation-20260821-001
confirmation,30,0,0.06499235131284474,0.195,null_statistics/batch-30-replication-0.npy,batch-null-confirmation,18095188857435581602,11235488469141220704,832917926994374362,0.2742701999959536,,,batch-null-confirmation-20260821-001
confirmation,30,1,0.06472224706154164,0.17,null_statistics/batch-30-replication-1.npy,batch-null-confirmation,12510582790875344659,18274464724486689633,15219070682767532981,0.27500769999460317,,,batch-null-confirmation-20260821-001
confirmation,30,2,0.06009469529144489,0.34,null_statistics/batch-30-replication-2.npy,batch-null-confirmation,15799950067783368726,3105115683322416754,12897433546813403907,0.2716612000076566,,,batch-null-confirmation-20260821-001
confirmation,30,3,0.06674897702160562,0.18,null_statistics/batch-30-replication-3.npy,batch-null-confirmation,14022879260504399819,5138351279932682466,18331562550276135080,0.2794034999969881,,,batch-null-confirmation-20260821-001
confirmation,30,4,0.06696117028477926,0.19,null_statistics/batch-30-replication-4.npy,batch-null-confirmation,12121627116383245230,9439945104656918342,4277126906091236479,0.2808975000079954,,,batch-null-confirmation-20260821-001
confirmation,30,5,0.058954622264285834,0.3,null_statistics/batch-30-replication-5.npy,batch-null-confirmation,5081433533847561858,15138927947398572262,10773726213818717335,0.27576490001229104,,,batch-null-confirmation-20260821-001
confirmation,30,6,0.061271751174942095,0.28,null_statistics/batch-30-replication-6.npy,batch-null-confirmation,1487400935293828011,17017348772652060788,11132091296415121376,0.28000969999993686,,,batch-null-confirmation-20260821-001
confirmation,30,7,0.0551047321291238,0.41,null_statistics/batch-30-replication-7.npy,batch-null-confirmation,9559174395169939379,7207209183943702965,2122704956433927973,0.27684469999803696,,,batch-null-confirmation-20260821-001
confirmation,30,8,0.07327390825006293,0.075,null_statistics/batch-30-replication-8.npy,batch-null-confirmation,15258555749710537805,1351598449030732855,3212285174249346682,0.2755394999985583,,,batch-null-confirmation-20260821-001
confirmation,30,9,0.0545894752858745,0.445,null_statistics/batch-30-replication-9.npy,batch-null-confirmation,6437861320555991261,8205511551387334908,3161152787640155370,0.27785060000314843,,,batch-null-confirmation-20260821-001
confirmation,31,0,0.04874440373216774,0.73,null_statistics/batch-31-replication-0.npy,batch-null-confirmation,12699879051432220692,14772166202217567884,7228091735179420865,0.28805060000740923,,,batch-null-confirmation-20260821-001
confirmation,31,1,0.04258196582899522,0.945,null_statistics/batch-31-replication-1.npy,batch-null-confirmation,848489047813132821,428266974566523056,10716262874207033802,0.2743342999892775,,,batch-null-confirmation-20260821-001
confirmation,31,2,0.041169876358825554,0.95,null_statistics/batch-31-replication-2.npy,batch-null-confirmation,11028145361405386743,13873567731450514726,3986003609749878203,0.2811443000100553,,,batch-null-confirmation-20260821-001
confirmation,31,3,0.06243332667679361,0.19,null_statistics/batch-31-replication-3.npy,batch-null-confirmation,9972076353954546132,15518639794192037066,6540929215501589148,0.2795210999902338,,,batch-null-confirmation-20260821-001
confirmation,31,4,0.048052039743380535,0.71,null_statistics/batch-31-replication-4.npy,batch-null-confirmation,6087725753938007348,15561790678103017338,4757122066014741647,0.2846055999980308,,,batch-null-confirmation-20260821-001
confirmation,31,5,0.05585790431934499,0.415,null_statistics/batch-31-replication-5.npy,batch-null-confirmation,4144070939855514561,1360018800504650829,7077072796893368229,0.3091411999921547,,,batch-null-confirmation-20260821-001
confirmation,31,6,0.062148536386369434,0.22,null_statistics/batch-31-replication-6.npy,batch-null-confirmation,9471002224695386570,15817506213149651213,17877257961921884615,0.31375560000014957,,,batch-null-confirmation-20260821-001
confirmation,31,7,0.04998899974636345,0.685,null_statistics/batch-31-replication-7.npy,batch-null-confirmation,5573675107681343342,16732937147185673728,13344770990166649667,0.2994756999978563,,,batch-null-confirmation-20260821-001
confirmation,31,8,0.05385911510736613,0.49,null_statistics/batch-31-replication-8.npy,batch-null-confirmation,7484749206048181732,10092405071347280144,14124313303605656392,0.27172229999268893,,,batch-null-confirmation-20260821-001
confirmation,31,9,0.05714932669675232,0.32,null_statistics/batch-31-replication-9.npy,batch-null-confirmation,14834099838732264122,10933376242041299433,4759951185818869502,0.29146969999419525,,,batch-null-confirmation-20260821-001
confirmation,32,0,0.04669674170279275,0.825,null_statistics/batch-32-replication-0.npy,batch-null-confirmation,1020859521509608445,15013413655389982426,9535062201159571896,0.27683400000387337,,,batch-null-confirmation-20260821-001
confirmation,32,1,0.04380912092497529,0.83,null_statistics/batch-32-replication-1.npy,batch-null-confirmation,7299945631285963256,17646141855192413391,14428312324836046229,0.2769725000107428,,,batch-null-confirmation-20260821-001
confirmation,32,2,0.048991561493638744,0.62,null_statistics/batch-32-replication-2.npy,batch-null-confirmation,654479139526499534,10233158578811752670,7716631644424051273,0.27418790000956506,,,batch-null-confirmation-20260821-001
confirmation,32,3,0.036544670553711044,0.995,null_statistics/batch-32-replication-3.npy,batch-null-confirmation,9001213938487076026,876118770929468851,17258659937021426449,0.2774443000089377,,,batch-null-confirmation-20260821-001
confirmation,32,4,0.056180814571875716,0.36,null_statistics/batch-32-replication-4.npy,batch-null-confirmation,3996848246245374479,15454579384399557176,11948006024190368177,0.2816076000017347,,,batch-null-confirmation-20260821-001
confirmation,32,5,0.0680625991562875,0.105,null_statistics/batch-32-replication-5.npy,batch-null-confirmation,10819398508495849113,9446711342409510462,4170323654607921763,0.2699086999928113,,,batch-null-confirmation-20260821-001
confirmation,32,6,0.04920988456593023,0.725,null_statistics/batch-32-replication-6.npy,batch-null-confirmation,8152837335837058367,9679313046439781170,8654544653098894011,0.27808740000182297,,,batch-null-confirmation-20260821-001
confirmation,32,7,0.06436625637058777,0.21,null_statistics/batch-32-replication-7.npy,batch-null-confirmation,4368107634562475953,7896062981644500676,4359762950879434282,0.2792386999935843,,,batch-null-confirmation-20260821-001
confirmation,32,8,0.049654229252952174,0.7,null_statistics/batch-32-replication-8.npy,batch-null-confirmation,3950338647021393348,1811894321878010396,9709946705081460811,0.28673179999168497,,,batch-null-confirmation-20260821-001
confirmation,32,9,0.05674261121050816,0.39,null_statistics/batch-32-replication-9.npy,batch-null-confirmation,660215665327134934,14068284976503591644,2381349706101036122,0.27810010001121555,,,batch-null-confirmation-20260821-001
confirmation,33,0,0.04625897000081799,0.75,null_statistics/batch-33-replication-0.npy,batch-null-confirmation,2338849306221001292,8601159206364127316,8907763101219664576,0.27321939999819733,,,batch-null-confirmation-20260821-001
confirmation,33,1,0.05304671754342578,0.535,null_statistics/batch-33-replication-1.npy,batch-null-confirmation,17394806650579825394,17299632273921450524,9115788391477162801,0.28723570000147447,,,batch-null-confirmation-20260821-001
confirmation,33,2,0.051095323099124235,0.605,null_statistics/batch-33-replication-2.npy,batch-null-confirmation,15257492289327913244,17361514336902283129,9486349740416467996,0.27280370000516996,,,batch-null-confirmation-20260821-001
confirmation,33,3,0.0529582671976242,0.475,null_statistics/batch-33-replication-3.npy,batch-null-confirmation,3481580363157550092,16531814614188262027,554766832385076271,0.2775105999899097,,,batch-null-confirmation-20260821-001
confirmation,33,4,0.07286066223459463,0.08,null_statistics/batch-33-replication-4.npy,batch-null-confirmation,16179959101110766593,17794731040468074746,7293265069608389559,0.27919879999535624,,,batch-null-confirmation-20260821-001
confirmation,33,5,0.07114793812247762,0.08,null_statistics/batch-33-replication-5.npy,batch-null-confirmation,6435649378305496118,13123978810144197451,2749730944680698604,0.2784657000011066,,,batch-null-confirmation-20260821-001
confirmation,33,6,0.04334494618002028,0.88,null_statistics/batch-33-replication-6.npy,batch-null-confirmation,9216094746205429755,16157846830404156812,14226963564002574628,0.2759451000019908,,,batch-null-confirmation-20260821-001
confirmation,33,7,0.046215681128288694,0.83,null_statistics/batch-33-replication-7.npy,batch-null-confirmation,5870182463174434663,17292503429753737014,9533818271334741556,0.27481729999999516,,,batch-null-confirmation-20260821-001
confirmation,33,8,0.08238055980459175,0.035,null_statistics/batch-33-replication-8.npy,batch-null-confirmation,10020565064218727654,11932875896170918716,17683015470841522963,0.27617080000345595,,,batch-null-confirmation-20260821-001
confirmation,33,9,0.07181252306029709,0.115,null_statistics/batch-33-replication-9.npy,batch-null-confirmation,9808921102453654745,10049465051639157577,2404478414172589107,0.26936139998724684,,,batch-null-confirmation-20260821-001
confirmation,34,0,0.09637825945290347,0.015,null_statistics/batch-34-replication-0.npy,batch-null-confirmation,4131168850844477730,6100947488857512604,14848086252873035668,0.285660999987158,,,batch-null-confirmation-20260821-001
confirmation,34,1,0.06587458544956734,0.165,null_statistics/batch-34-replication-1.npy,batch-null-confirmation,7640236367545932475,11600219312292930818,3323285659088388635,0.2899251000053482,,,batch-null-confirmation-20260821-001
confirmation,34,2,0.05285760274363188,0.55,null_statistics/batch-34-replication-2.npy,batch-null-confirmation,10335843113584069472,7807227088379379237,3812227374246389066,0.27639639998960774,,,batch-null-confirmation-20260821-001
confirmation,34,3,0.05406804497054162,0.5,null_statistics/batch-34-replication-3.npy,batch-null-confirmation,15473497414327651410,5470158207024904915,5163841622421304704,0.26858260000881273,,,batch-null-confirmation-20260821-001
confirmation,34,4,0.048877110435146004,0.655,null_statistics/batch-34-replication-4.npy,batch-null-confirmation,13640953179556599012,8922189128214827158,11656928301909383818,0.27946729998802766,,,batch-null-confirmation-20260821-001
confirmation,34,5,0.05805507704131035,0.305,null_statistics/batch-34-replication-5.npy,batch-null-confirmation,5185834776205875446,11347085244107384859,1002923184610185207,0.2699299000087194,,,batch-null-confirmation-20260821-001
confirmation,34,6,0.06150648214119522,0.22,null_statistics/batch-34-replication-6.npy,batch-null-confirmation,15427197765025376953,11096327439386168645,8622732052128902642,0.2584763000049861,,,batch-null-confirmation-20260821-001
confirmation,34,7,0.06259427757639939,0.225,null_statistics/batch-34-replication-7.npy,batch-null-confirmation,11558717256841094206,3443555774051598974,6819875435127358490,0.26908949999778997,,,batch-null-confirmation-20260821-001
confirmation,34,8,0.04158875924230398,0.93,null_statistics/batch-34-replication-8.npy,batch-null-confirmation,18234789179401734687,9938777767827637562,12429941619482416274,0.25792939998791553,,,batch-null-confirmation-20260821-001
confirmation,34,9,0.0514441827855521,0.505,null_statistics/batch-34-replication-9.npy,batch-null-confirmation,733906291331571374,15659556502201817006,8995440389572976732,0.2528470999968704,,,batch-null-confirmation-20260821-001
confirmation,35,0,0.053077467146852846,0.495,null_statistics/batch-35-replication-0.npy,batch-null-confirmation,8514284173564965762,15265686143622115766,3696815515706757346,0.25169990000722464,,,batch-null-confirmation-20260821-001
confirmation,35,1,0.047565230829161795,0.77,null_statistics/batch-35-replication-1.npy,batch-null-confirmation,2406197884606169321,16360177333009744696,932109726299490840,0.2597195999987889,,,batch-null-confirmation-20260821-001
confirmation,35,2,0.09720518905222002,0.01,null_statistics/batch-35-replication-2.npy,batch-null-confirmation,220942223622663815,17869827595570687770,16260201728816370979,0.2728058000066085,,,batch-null-confirmation-20260821-001
confirmation,35,3,0.09800001015361519,0.015,null_statistics/batch-35-replication-3.npy,batch-null-confirmation,11686217387733472673,12057618780506736204,10843309984680763243,0.26815189998887945,,,batch-null-confirmation-20260821-001
confirmation,35,4,0.049258204557704625,0.625,null_statistics/batch-35-replication-4.npy,batch-null-confirmation,1661251527131145342,15438491515434712734,14164451143104161224,0.27433299999393057,,,batch-null-confirmation-20260821-001
confirmation,35,5,0.06431653872584904,0.16,null_statistics/batch-35-replication-5.npy,batch-null-confirmation,6587778545486758200,7281942501233690222,13256700936178585233,0.2806628999969689,,,batch-null-confirmation-20260821-001
confirmation,35,6,0.0485007670003001,0.675,null_statistics/batch-35-replication-6.npy,batch-null-confirmation,9628763973034855519,2258776926558701186,16130421532487686105,0.27168540000275243,,,batch-null-confirmation-20260821-001
confirmation,35,7,0.0708925470294569,0.08,null_statistics/batch-35-replication-7.npy,batch-null-confirmation,18165865411352367134,1516473040531692989,6874216295291935162,0.2763462000002619,,,batch-null-confirmation-20260821-001
confirmation,35,8,0.043155099308308464,0.935,null_statistics/batch-35-replication-8.npy,batch-null-confirmation,8990177089429326790,2920364626050952789,12995592920728716141,0.2778942000004463,,,batch-null-confirmation-20260821-001
confirmation,35,9,0.05997306135313964,0.235,null_statistics/batch-35-replication-9.npy,batch-null-confirmation,15732947350054275758,14856660524033785443,7896778135801433851,0.27862379999714904,,,batch-null-confirmation-20260821-001
confirmation,36,0,0.05206345788066224,0.535,null_statistics/batch-36-replication-0.npy,batch-null-confirmation,11317568726612862793,1724738148741373113,14397728123573866717,0.2697552000026917,,,batch-null-confirmation-20260821-001
confirmation,36,1,0.04349226321763203,0.89,null_statistics/batch-36-replication-1.npy,batch-null-confirmation,16392059313419690505,3249189060876650047,14453863869412094285,0.2729813999903854,,,batch-null-confirmation-20260821-001
confirmation,36,2,0.056655452841294196,0.35,null_statistics/batch-36-replication-2.npy,batch-null-confirmation,17742715083596077974,190586147243334953,4792526484682645602,0.2747896000073524,,,batch-null-confirmation-20260821-001
confirmation,36,3,0.08680218777822404,0.01,null_statistics/batch-36-replication-3.npy,batch-null-confirmation,10253785646498357337,10687496489042180174,864095500386853481,0.2733568999974523,,,batch-null-confirmation-20260821-001
confirmation,36,4,0.04644035662327605,0.78,null_statistics/batch-36-replication-4.npy,batch-null-confirmation,8825786353820555116,9147551150770222140,12665675494482474829,0.27540709999448154,,,batch-null-confirmation-20260821-001
confirmation,36,5,0.062124040107223825,0.24,null_statistics/batch-36-replication-5.npy,batch-null-confirmation,2017766084789085462,6952649285550030934,8122380056786928898,0.27521019999403507,,,batch-null-confirmation-20260821-001
confirmation,36,6,0.06945022315839071,0.09,null_statistics/batch-36-replication-6.npy,batch-null-confirmation,4343441202991880143,8731852208115510698,17463434775909339395,0.2767421999888029,,,batch-null-confirmation-20260821-001
confirmation,36,7,0.048092181454118074,0.72,null_statistics/batch-36-replication-7.npy,batch-null-confirmation,1778311055766044110,18060691853917408502,17995786085790007784,0.2728802999918116,,,batch-null-confirmation-20260821-001
confirmation,36,8,0.04068896483515349,0.925,null_statistics/batch-36-replication-8.npy,batch-null-confirmation,255863671771986317,1301687017361448154,14588419487210740888,0.27387150000140537,,,batch-null-confirmation-20260821-001
confirmation,36,9,0.041291036727227844,0.94,null_statistics/batch-36-replication-9.npy,batch-null-confirmation,11513635516095813460,15826898378430247292,7850459344585080587,0.2795386999932816,,,batch-null-confirmation-20260821-001
confirmation,37,0,0.03717255445463395,0.965,null_statistics/batch-37-replication-0.npy,batch-null-confirmation,2419000680808609372,9192004040709899709,9205927819862833761,0.27610570000251755,,,batch-null-confirmation-20260821-001
confirmation,37,1,0.04766871090551976,0.71,null_statistics/batch-37-replication-1.npy,batch-null-confirmation,2208848683093884886,10972418948654525644,907662865053351063,0.2844924999953946,,,batch-null-confirmation-20260821-001
confirmation,37,2,0.06843124103470223,0.125,null_statistics/batch-37-replication-2.npy,batch-null-confirmation,1220341998359226485,2486326559218287136,16753981868827126145,0.2837928000080865,,,batch-null-confirmation-20260821-001
confirmation,37,3,0.038233491419850794,0.985,null_statistics/batch-37-replication-3.npy,batch-null-confirmation,12063319201726795233,4178783842614426519,10529415174344898766,0.2800537000002805,,,batch-null-confirmation-20260821-001
confirmation,37,4,0.056578571713371245,0.335,null_statistics/batch-37-replication-4.npy,batch-null-confirmation,15563607814103471253,7093238870885765449,360984827502667723,0.27716690000670496,,,batch-null-confirmation-20260821-001
confirmation,37,5,0.053220321340738036,0.47,null_statistics/batch-37-replication-5.npy,batch-null-confirmation,13602818679552023208,12092199798156660477,681369795548599500,0.28007020000950433,,,batch-null-confirmation-20260821-001
confirmation,37,6,0.08058722355383283,0.04,null_statistics/batch-37-replication-6.npy,batch-null-confirmation,12262717256686537356,16278861535404720740,4856486192310298849,0.28289100000984035,,,batch-null-confirmation-20260821-001
confirmation,37,7,0.04815974522179807,0.675,null_statistics/batch-37-replication-7.npy,batch-null-confirmation,9234956350249970705,11340455767860434098,3756166587888021554,0.27623649999441113,,,batch-null-confirmation-20260821-001
confirmation,37,8,0.04205734556575628,0.91,null_statistics/batch-37-replication-8.npy,batch-null-confirmation,1306335439707306926,927597773357608943,18107238159412387959,0.2835080999939237,,,batch-null-confirmation-20260821-001
confirmation,37,9,0.05406663931413945,0.38,null_statistics/batch-37-replication-9.npy,batch-null-confirmation,11854968097028525343,3491960682471643711,6128914790517632969,0.29587080000783317,,,batch-null-confirmation-20260821-001
confirmation,38,0,0.04725193076564968,0.755,null_statistics/batch-38-replication-0.npy,batch-null-confirmation,546916249641951692,8903649789523833266,7053050259810431026,0.2789636999950744,,,batch-null-confirmation-20260821-001
confirmation,38,1,0.05988878873595322,0.26,null_statistics/batch-38-replication-1.npy,batch-null-confirmation,17797746524587040342,11581661213014193111,1072065558759387496,0.2799254999990808,,,batch-null-confirmation-20260821-001
confirmation,38,2,0.07078825651164798,0.09,null_statistics/batch-38-replication-2.npy,batch-null-confirmation,8232183960102070215,5949022084886416046,3100533745105271805,0.2810648000013316,,,batch-null-confirmation-20260821-001
confirmation,38,3,0.05169771405564198,0.54,null_statistics/batch-38-replication-3.npy,batch-null-confirmation,15352587140880137847,17947779790934655101,9124945868093584732,0.3071415000013076,,,batch-null-confirmation-20260821-001
confirmation,38,4,0.050173523235567986,0.605,null_statistics/batch-38-replication-4.npy,batch-null-confirmation,2352271830505076354,12115940134758752647,18014066513568312336,0.28028819999599364,,,batch-null-confirmation-20260821-001
confirmation,38,5,0.0489359714914709,0.68,null_statistics/batch-38-replication-5.npy,batch-null-confirmation,2328910980760228074,11307484042991946754,16657655320077871497,0.2889140000042971,,,batch-null-confirmation-20260821-001
confirmation,38,6,0.08666204766089242,0.025,null_statistics/batch-38-replication-6.npy,batch-null-confirmation,13282599964854808883,13012559509542210081,14783551131459810312,0.2837508000084199,,,batch-null-confirmation-20260821-001
confirmation,38,7,0.04136703999852532,0.94,null_statistics/batch-38-replication-7.npy,batch-null-confirmation,2813573540244789792,5272599006532572304,15582903787584530999,0.2809847000025911,,,batch-null-confirmation-20260821-001
confirmation,38,8,0.05922010745672073,0.325,null_statistics/batch-38-replication-8.npy,batch-null-confirmation,14822887722079955460,9737315810524146871,13380763120956384357,0.28552160000253934,,,batch-null-confirmation-20260821-001
confirmation,38,9,0.048564247029232614,0.72,null_statistics/batch-38-replication-9.npy,batch-null-confirmation,11048856484121205683,16658950563997246878,13597986295117456608,0.2854464999982156,,,batch-null-confirmation-20260821-001
confirmation,39,0,0.049682063769023344,0.61,null_statistics/batch-39-replication-0.npy,batch-null-confirmation,6266623801861002035,15219387538320615337,4244944854313769714,0.28483989999222104,,,batch-null-confirmation-20260821-001
confirmation,39,1,0.06440024679693705,0.25,null_statistics/batch-39-replication-1.npy,batch-null-confirmation,11702717784399981516,15417631066023067186,17757225036529686403,0.27416870000888593,,,batch-null-confirmation-20260821-001
confirmation,39,2,0.04710749376015,0.8,null_statistics/batch-39-replication-2.npy,batch-null-confirmation,11229120137568452124,5432354518403341344,12009267237707068549,0.29783309999038465,,,batch-null-confirmation-20260821-001
confirmation,39,3,0.04625939039615279,0.805,null_statistics/batch-39-replication-3.npy,batch-null-confirmation,12167745748570953671,15220043801585377992,6834457762253682993,0.2808074999920791,,,batch-null-confirmation-20260821-001
confirmation,39,4,0.04698902983698409,0.745,null_statistics/batch-39-replication-4.npy,batch-null-confirmation,11859066454009287324,919041465872415610,15020729658479391017,0.2784886000008555,,,batch-null-confirmation-20260821-001
confirmation,39,5,0.06352693039544136,0.195,null_statistics/batch-39-replication-5.npy,batch-null-confirmation,14044168203012317012,10889530999208204811,1994074183896628614,0.27564360000542365,,,batch-null-confirmation-20260821-001
confirmation,39,6,0.04807584279602664,0.67,null_statistics/batch-39-replication-6.npy,batch-null-confirmation,5196910267798900833,17900401755773712916,15417666833030593185,0.2784831999888411,,,batch-null-confirmation-20260821-001
confirmation,39,7,0.05749965919327015,0.425,null_statistics/batch-39-replication-7.npy,batch-null-confirmation,14125410004581262831,9215512418857321682,1619038689233896869,0.29493530000036117,,,batch-null-confirmation-20260821-001
confirmation,39,8,0.05772899200623594,0.32,null_statistics/batch-39-replication-8.npy,batch-null-confirmation,3105801053330211894,162973696241341002,2940976173585171123,0.2879668999958085,,,batch-null-confirmation-20260821-001
confirmation,39,9,0.04797569558440562,0.715,null_statistics/batch-39-replication-9.npy,batch-null-confirmation,6636469415161277579,6630080201140694220,8374139290995546937,0.2887415000004694,,,batch-null-confirmation-20260821-001
confirmation,40,0,0.05321072118753578,0.505,null_statistics/batch-40-replication-0.npy,batch-null-confirmation,17863128617935940385,5200125997090838604,17934538562277808115,0.29009120000409894,,,batch-null-confirmation-20260821-001
confirmation,40,1,0.07142253740896841,0.085,null_statistics/batch-40-replication-1.npy,batch-null-confirmation,8981408055640291756,2388593446228098391,10991900934785820841,0.2761246000009123,,,batch-null-confirmation-20260821-001
confirmation,40,2,0.037191829018548526,0.985,null_statistics/batch-40-replication-2.npy,batch-null-confirmation,637485448566428480,5307948084244419953,8334521358655587970,0.2542784999968717,,,batch-null-confirmation-20260821-001
confirmation,40,3,0.05569082221808681,0.38,null_statistics/batch-40-replication-3.npy,batch-null-confirmation,2972154640860919658,3537508954079337722,7053468881782487792,0.25968259999353904,,,batch-null-confirmation-20260821-001
confirmation,40,4,0.055947575598734346,0.375,null_statistics/batch-40-replication-4.npy,batch-null-confirmation,2983121553963906295,12032181462249637294,2619962597575544300,0.26095700000587385,,,batch-null-confirmation-20260821-001
confirmation,40,5,0.053682517708541176,0.45,null_statistics/batch-40-replication-5.npy,batch-null-confirmation,8833122179237697408,13863311725674501756,385985272263393369,0.25203859999601264,,,batch-null-confirmation-20260821-001
confirmation,40,6,0.043923758053118066,0.9,null_statistics/batch-40-replication-6.npy,batch-null-confirmation,14541971817617764797,8025391884880023651,7733676610664674616,0.27918209999916144,,,batch-null-confirmation-20260821-001
confirmation,40,7,0.05994130110955073,0.3,null_statistics/batch-40-replication-7.npy,batch-null-confirmation,6028953673240137614,122423968915899955,12026846279381877584,0.2591634999989765,,,batch-null-confirmation-20260821-001
confirmation,40,8,0.06496428381874635,0.145,null_statistics/batch-40-replication-8.npy,batch-null-confirmation,5901444443591236986,7970921318407837356,4074426515253831923,0.25958949999767356,,,batch-null-confirmation-20260821-001
confirmation,40,9,0.04862035812158592,0.76,null_statistics/batch-40-replication-9.npy,batch-null-confirmation,6028561623671829243,15586814460500967714,17458442891239272015,0.2507532000017818,,,batch-null-confirmation-20260821-001
confirmation,41,0,0.06621417987743496,0.17,null_statistics/batch-41-replication-0.npy,batch-null-confirmation,10736758720132940248,2707222604729335809,2707012075629602191,0.25722440000390634,,,batch-null-confirmation-20260821-001
confirmation,41,1,0.04579923267151565,0.835,null_statistics/batch-41-replication-1.npy,batch-null-confirmation,10272639979058277498,17721483267983801064,7242671231898387937,0.25983670000277925,,,batch-null-confirmation-20260821-001
confirmation,41,2,0.06066357673554557,0.215,null_statistics/batch-41-replication-2.npy,batch-null-confirmation,17037386501263627096,3126991007686139860,18142114229109552110,0.24747129999741446,,,batch-null-confirmation-20260821-001
confirmation,41,3,0.047876478537850424,0.715,null_statistics/batch-41-replication-3.npy,batch-null-confirmation,5479456344475795966,17761997012573375409,11845512030885740388,0.2562111999868648,,,batch-null-confirmation-20260821-001
confirmation,41,4,0.046323465112552684,0.74,null_statistics/batch-41-replication-4.npy,batch-null-confirmation,3463505915399808088,3497049468130245960,15595511874604712562,0.26398789999075234,,,batch-null-confirmation-20260821-001
confirmation,41,5,0.041713197196258114,0.935,null_statistics/batch-41-replication-5.npy,batch-null-confirmation,14591572217554656092,7917068503712769623,2206692908091273077,0.2536462999996729,,,batch-null-confirmation-20260821-001
confirmation,41,6,0.06774999045123208,0.135,null_statistics/batch-41-replication-6.npy,batch-null-confirmation,10350220536764739470,7512733517267539628,13087313341917844998,0.2509552999981679,,,batch-null-confirmation-20260821-001
confirmation,41,7,0.04296621444492064,0.88,null_statistics/batch-41-replication-7.npy,batch-null-confirmation,2569481952751810015,528455607968218145,2771781410871784540,0.2569248000072548,,,batch-null-confirmation-20260821-001
confirmation,41,8,0.04796813201650696,0.675,null_statistics/batch-41-replication-8.npy,batch-null-confirmation,14154786629378337756,1738095670207287666,8970612543104298305,0.2527613999991445,,,batch-null-confirmation-20260821-001
confirmation,41,9,0.04098101910832615,0.93,null_statistics/batch-41-replication-9.npy,batch-null-confirmation,4361669405580253672,14916207336265418142,10079173576389825305,0.27271390000532847,,,batch-null-confirmation-20260821-001
confirmation,42,0,0.043003722069618604,0.91,null_statistics/batch-42-replication-0.npy,batch-null-confirmation,3912809349353615178,6926816458052896699,3478757590739196925,0.2687504000059562,,,batch-null-confirmation-20260821-001
confirmation,42,1,0.05916201114175127,0.29,null_statistics/batch-42-replication-1.npy,batch-null-confirmation,15993001472212672626,6441211359617268675,2817522225988152199,0.25806220000959,,,batch-null-confirmation-20260821-001
confirmation,42,2,0.0626362098039655,0.255,null_statistics/batch-42-replication-2.npy,batch-null-confirmation,2315649778106593767,697913778714089348,9482725275432538169,0.25126360000285786,,,batch-null-confirmation-20260821-001
confirmation,42,3,0.05924746956925868,0.315,null_statistics/batch-42-replication-3.npy,batch-null-confirmation,9831960560314015359,7233596351501838645,7197590922900067992,0.2656950000091456,,,batch-null-confirmation-20260821-001
confirmation,42,4,0.05981712834166969,0.3,null_statistics/batch-42-replication-4.npy,batch-null-confirmation,6542815645597308279,14370205918679739245,6704959211507992762,0.254926699999487,,,batch-null-confirmation-20260821-001
confirmation,42,5,0.0408799245980108,0.955,null_statistics/batch-42-replication-5.npy,batch-null-confirmation,8926484505138239950,15064524697195484477,14721183395905568217,0.2630217999976594,,,batch-null-confirmation-20260821-001
confirmation,42,6,0.05818543826117166,0.28,null_statistics/batch-42-replication-6.npy,batch-null-confirmation,6128001265744250580,4832314738172431212,7882410376807021146,0.2524171999975806,,,batch-null-confirmation-20260821-001
confirmation,42,7,0.07868499838830034,0.055,null_statistics/batch-42-replication-7.npy,batch-null-confirmation,16785169371494755669,6032126691450282783,848156339871757695,0.2553693999943789,,,batch-null-confirmation-20260821-001
confirmation,42,8,0.05476250364411639,0.465,null_statistics/batch-42-replication-8.npy,batch-null-confirmation,14431480238658186320,2105792257899869143,5500879264476214235,0.2566572000068845,,,batch-null-confirmation-20260821-001
confirmation,42,9,0.05351954297422698,0.475,null_statistics/batch-42-replication-9.npy,batch-null-confirmation,2692536909729278590,2034362752766263141,9668967389160462560,0.24864840001100674,,,batch-null-confirmation-20260821-001
confirmation,43,0,0.06671450259529516,0.14,null_statistics/batch-43-replication-0.npy,batch-null-confirmation,8252294238630161062,6851006270367777959,5171180182001371774,0.264196100004483,,,batch-null-confirmation-20260821-001
confirmation,43,1,0.049421832983507864,0.675,null_statistics/batch-43-replication-1.npy,batch-null-confirmation,17436043133906780188,5416235638658730021,1011522745952371726,0.26807629999530036,,,batch-null-confirmation-20260821-001
confirmation,43,2,0.08697979686221252,0.035,null_statistics/batch-43-replication-2.npy,batch-null-confirmation,16987164439124668628,8781466045738871758,2131822557935129275,0.25379160000011325,,,batch-null-confirmation-20260821-001
confirmation,43,3,0.053001640866862876,0.475,null_statistics/batch-43-replication-3.npy,batch-null-confirmation,973317723926213698,3379229639279588609,3760901010537921400,0.259042200006661,,,batch-null-confirmation-20260821-001
confirmation,43,4,0.05228587068424324,0.56,null_statistics/batch-43-replication-4.npy,batch-null-confirmation,14887268201443616485,77780692611317781,14505786898059962710,0.28309620000072755,,,batch-null-confirmation-20260821-001
confirmation,43,5,0.05203844215102518,0.58,null_statistics/batch-43-replication-5.npy,batch-null-confirmation,14202086040667805964,14129005352983311058,1435323718145924015,0.2782327000022633,,,batch-null-confirmation-20260821-001
confirmation,43,6,0.06253706736732868,0.21,null_statistics/batch-43-replication-6.npy,batch-null-confirmation,17908232300710015351,16525017726866082243,16557653813810455322,0.27587370001128875,,,batch-null-confirmation-20260821-001
confirmation,43,7,0.050679589417845894,0.58,null_statistics/batch-43-replication-7.npy,batch-null-confirmation,11822765282394732919,1520376909097912743,1095966153967724655,0.26591640000697225,,,batch-null-confirmation-20260821-001
confirmation,43,8,0.0726675312642025,0.075,null_statistics/batch-43-replication-8.npy,batch-null-confirmation,8398092260142214793,9487755547853357322,15895638031910970025,0.25873820000560954,,,batch-null-confirmation-20260821-001
confirmation,43,9,0.06450934796143407,0.2,null_statistics/batch-43-replication-9.npy,batch-null-confirmation,17976771438725443498,15746122374691952569,16545342357941182570,0.2569690999953309,,,batch-null-confirmation-20260821-001
confirmation,44,0,0.06062686973498304,0.23,null_statistics/batch-44-replication-0.npy,batch-null-confirmation,4242156974429782402,16702086382365432135,4551961478450512955,0.26299780000408646,,,batch-null-confirmation-20260821-001
confirmation,44,1,0.06668426521508747,0.14,null_statistics/batch-44-replication-1.npy,batch-null-confirmation,7401471733090302108,10372774166068173227,15704648589266522687,0.27429750000010245,,,batch-null-confirmation-20260821-001
confirmation,44,2,0.05354629011821762,0.475,null_statistics/batch-44-replication-2.npy,batch-null-confirmation,15013597378619053076,8704704529983283461,3923650602469211135,0.2617502000066452,,,batch-null-confirmation-20260821-001
confirmation,44,3,0.04358356387562916,0.895,null_statistics/batch-44-replication-3.npy,batch-null-confirmation,6872298186916034951,1997941908186325867,588177168834128257,0.25518340000417084,,,batch-null-confirmation-20260821-001
confirmation,44,4,0.07104763399712763,0.095,null_statistics/batch-44-replication-4.npy,batch-null-confirmation,14082413611927717448,2247307723190067489,6981079858665700469,0.2862651999894297,,,batch-null-confirmation-20260821-001
confirmation,44,5,0.05432707728106033,0.39,null_statistics/batch-44-replication-5.npy,batch-null-confirmation,17719290344992941872,11342485838383908106,3796410847439695116,0.2910584000055678,,,batch-null-confirmation-20260821-001
confirmation,44,6,0.04146445311708498,0.92,null_statistics/batch-44-replication-6.npy,batch-null-confirmation,10715184566283575059,11228770464314070941,12513947717279638795,0.25667210000392515,,,batch-null-confirmation-20260821-001
confirmation,44,7,0.04373949831623478,0.89,null_statistics/batch-44-replication-7.npy,batch-null-confirmation,14351054541124672131,2559917754782573003,14780642049529019819,0.2548799000069266,,,batch-null-confirmation-20260821-001
confirmation,44,8,0.0668136159424404,0.135,null_statistics/batch-44-replication-8.npy,batch-null-confirmation,785086386152136693,10096167055734202874,12857381513333942914,0.26352209999458864,,,batch-null-confirmation-20260821-001
confirmation,44,9,0.046752128912758775,0.795,null_statistics/batch-44-replication-9.npy,batch-null-confirmation,2711194136837401346,12193918475927250580,9237237104704582077,0.2633454000024358,,,batch-null-confirmation-20260821-001
confirmation,45,0,0.045753972568428954,0.75,null_statistics/batch-45-replication-0.npy,batch-null-confirmation,9365163679922594232,704529078903667445,8046319119025185795,0.24993989999347832,,,batch-null-confirmation-20260821-001
confirmation,45,1,0.04469868709508746,0.825,null_statistics/batch-45-replication-1.npy,batch-null-confirmation,17821786308912597924,16934047365309346348,16031621583398101787,0.2657360000011977,,,batch-null-confirmation-20260821-001
confirmation,45,2,0.07245398327624056,0.065,null_statistics/batch-45-replication-2.npy,batch-null-confirmation,9896009279053411583,4379567999998957582,3147672453395011493,0.2720603000052506,,,batch-null-confirmation-20260821-001
confirmation,45,3,0.0523154143395795,0.545,null_statistics/batch-45-replication-3.npy,batch-null-confirmation,7591863526419946288,12683370920872166279,10489593941180289989,0.25050520000513643,,,batch-null-confirmation-20260821-001
confirmation,45,4,0.0471986597719532,0.73,null_statistics/batch-45-replication-4.npy,batch-null-confirmation,11035629128393819134,3886208098743092811,12860173191457727368,0.2590961999958381,,,batch-null-confirmation-20260821-001
confirmation,45,5,0.0355130355801057,1.0,null_statistics/batch-45-replication-5.npy,batch-null-confirmation,13124703195361740338,9183906643906843329,7784917495848638345,0.2655996999965282,,,batch-null-confirmation-20260821-001
confirmation,45,6,0.05893597697997109,0.21,null_statistics/batch-45-replication-6.npy,batch-null-confirmation,1266069904559731981,1967011812914527255,8349345299784873056,0.25830230000428855,,,batch-null-confirmation-20260821-001
confirmation,45,7,0.04822552359152682,0.69,null_statistics/batch-45-replication-7.npy,batch-null-confirmation,4366894425301485391,5173756474252161994,4713945337804740768,0.2625145999918459,,,batch-null-confirmation-20260821-001
confirmation,45,8,0.043810658823193786,0.88,null_statistics/batch-45-replication-8.npy,batch-null-confirmation,13467553467556290955,3134047034519919535,1866042313962347480,0.2623427999933483,,,batch-null-confirmation-20260821-001
confirmation,45,9,0.04580212236896007,0.805,null_statistics/batch-45-replication-9.npy,batch-null-confirmation,7086026058534311153,3852892441567612261,12777658359864913614,0.26070859999163076,,,batch-null-confirmation-20260821-001
confirmation,46,0,0.060533167081997394,0.315,null_statistics/batch-46-replication-0.npy,batch-null-confirmation,5047603341293668567,17561294533792287387,11357704040484558872,0.27851830000872724,,,batch-null-confirmation-20260821-001
confirmation,46,1,0.05321269650730724,0.435,null_statistics/batch-46-replication-1.npy,batch-null-confirmation,13718735912404749888,11955812991856069497,10548417532862411888,0.28545879999001045,,,batch-null-confirmation-20260821-001
confirmation,46,2,0.08646083072404498,0.02,null_statistics/batch-46-replication-2.npy,batch-null-confirmation,3522962598473394890,848283680006713342,16774803985493066319,0.2624721999891335,,,batch-null-confirmation-20260821-001
confirmation,46,3,0.06543802065865101,0.15,null_statistics/batch-46-replication-3.npy,batch-null-confirmation,8485393566814108252,18373241609742315534,16331785916959261908,0.26837479999812786,,,batch-null-confirmation-20260821-001
confirmation,46,4,0.07694114442916643,0.035,null_statistics/batch-46-replication-4.npy,batch-null-confirmation,9215435930517622110,14448014101637330801,5625488993468847136,0.2688046000112081,,,batch-null-confirmation-20260821-001
confirmation,46,5,0.047877467617965325,0.715,null_statistics/batch-46-replication-5.npy,batch-null-confirmation,4050591527554889290,6847825710851619557,10674835214149079187,0.28402210000786,,,batch-null-confirmation-20260821-001
confirmation,46,6,0.06248129591658141,0.24,null_statistics/batch-46-replication-6.npy,batch-null-confirmation,12247865657281480815,3073789695175026836,16771459684374286244,0.2783097000065027,,,batch-null-confirmation-20260821-001
confirmation,46,7,0.04916109698423503,0.61,null_statistics/batch-46-replication-7.npy,batch-null-confirmation,15985344305917325076,8109739389001271954,18298420023379891302,0.2551843999972334,,,batch-null-confirmation-20260821-001
confirmation,46,8,0.04946747637430395,0.735,null_statistics/batch-46-replication-8.npy,batch-null-confirmation,1704993211641947782,3087921048295869239,10758899246584828542,0.26789089999510907,,,batch-null-confirmation-20260821-001
confirmation,46,9,0.04622563994581115,0.74,null_statistics/batch-46-replication-9.npy,batch-null-confirmation,14964213092569216888,7047662992700920091,17377759136800970662,0.26268200000049546,,,batch-null-confirmation-20260821-001
confirmation,47,0,0.03869050608547494,0.995,null_statistics/batch-47-replication-0.npy,batch-null-confirmation,16993083927813475321,5494784648907052432,3238998795329303529,0.2550947999989148,,,batch-null-confirmation-20260821-001
confirmation,47,1,0.04775359600091371,0.73,null_statistics/batch-47-replication-1.npy,batch-null-confirmation,17799886346644996894,18331865735210650829,1248923488498507627,0.2564803999994183,,,batch-null-confirmation-20260821-001
confirmation,47,2,0.06663261732336852,0.12,null_statistics/batch-47-replication-2.npy,batch-null-confirmation,6865688120898950050,8194016263628677951,8686107792380231785,0.27773030000389554,,,batch-null-confirmation-20260821-001
confirmation,47,3,0.05565879326130887,0.435,null_statistics/batch-47-replication-3.npy,batch-null-confirmation,4671809653567641154,16900158806263168182,4494323515248187320,0.25820999999996275,,,batch-null-confirmation-20260821-001
confirmation,47,4,0.07453294379296578,0.055,null_statistics/batch-47-replication-4.npy,batch-null-confirmation,11243401062900886753,18013291727835274791,130921314594263672,0.2491098000027705,,,batch-null-confirmation-20260821-001
confirmation,47,5,0.043417965468148065,0.89,null_statistics/batch-47-replication-5.npy,batch-null-confirmation,68546358139413013,17557993927339668829,13991692534246725412,0.2561776000075042,,,batch-null-confirmation-20260821-001
confirmation,47,6,0.05158054897180044,0.51,null_statistics/batch-47-replication-6.npy,batch-null-confirmation,14581910894104979237,8450864114755873146,1886563048832525421,0.2692276000016136,,,batch-null-confirmation-20260821-001
confirmation,47,7,0.05134279920202771,0.6,null_statistics/batch-47-replication-7.npy,batch-null-confirmation,9674581877908057661,15416565068799037646,3591292544505192371,0.26391439999861177,,,batch-null-confirmation-20260821-001
confirmation,47,8,0.059811280812029126,0.355,null_statistics/batch-47-replication-8.npy,batch-null-confirmation,8631352754024557894,12835443789021416975,13816087553338838792,0.2611756999976933,,,batch-null-confirmation-20260821-001
confirmation,47,9,0.05139302283433568,0.565,null_statistics/batch-47-replication-9.npy,batch-null-confirmation,5434654158696174970,1294945791872123510,1777297294406900112,0.2627898000064306,,,batch-null-confirmation-20260821-001
confirmation,48,0,0.05025970703167855,0.6,null_statistics/batch-48-replication-0.npy,batch-null-confirmation,17611571672489068936,5514351111476002079,10791317437183619556,0.2535502000100678,,,batch-null-confirmation-20260821-001
confirmation,48,1,0.04956620888586123,0.65,null_statistics/batch-48-replication-1.npy,batch-null-confirmation,10722168211912671866,7637923849037845932,192041469973557263,0.249832300003618,,,batch-null-confirmation-20260821-001
confirmation,48,2,0.07271183175275553,0.055,null_statistics/batch-48-replication-2.npy,batch-null-confirmation,9407659048456415715,490026340885957426,11172486803781886253,0.2642195999942487,,,batch-null-confirmation-20260821-001
confirmation,48,3,0.06729214092058385,0.145,null_statistics/batch-48-replication-3.npy,batch-null-confirmation,15803000300138029905,118543433511717742,5278639437161404843,0.2682323000044562,,,batch-null-confirmation-20260821-001
confirmation,48,4,0.04285819105525055,0.925,null_statistics/batch-48-replication-4.npy,batch-null-confirmation,15471457933018814870,3691841907998276468,13891513081408323673,0.25174750000587665,,,batch-null-confirmation-20260821-001
confirmation,48,5,0.06437235611294904,0.16,null_statistics/batch-48-replication-5.npy,batch-null-confirmation,17484144555768546468,13720790765565015279,16264781202931491263,0.26109319999522995,,,batch-null-confirmation-20260821-001
confirmation,48,6,0.056660635487007886,0.42,null_statistics/batch-48-replication-6.npy,batch-null-confirmation,6253237347457905324,12233616070440100307,9724476532378769435,0.26564979999966454,,,batch-null-confirmation-20260821-001
confirmation,48,7,0.06593125072981958,0.16,null_statistics/batch-48-replication-7.npy,batch-null-confirmation,15735991673365287935,5936706474649561556,12023707906172929044,0.257755200000247,,,batch-null-confirmation-20260821-001
confirmation,48,8,0.07121457400880207,0.08,null_statistics/batch-48-replication-8.npy,batch-null-confirmation,14941016230124427331,1841311619551021608,6578770802214931718,0.2619593999988865,,,batch-null-confirmation-20260821-001
confirmation,48,9,0.06454336096102065,0.215,null_statistics/batch-48-replication-9.npy,batch-null-confirmation,6031686913152029236,7312263901778813688,10186466650077554908,0.2676672000088729,,,batch-null-confirmation-20260821-001
confirmation,49,0,0.07067302330969881,0.09,null_statistics/batch-49-replication-0.npy,batch-null-confirmation,7709937945794870002,13859471792995708755,15932556556287727609,0.26414159999694675,,,batch-null-confirmation-20260821-001
confirmation,49,1,0.04183355467414914,0.945,null_statistics/batch-49-replication-1.npy,batch-null-confirmation,16977070520581262029,4743028605195751194,7862802295339758564,0.2510674000077415,,,batch-null-confirmation-20260821-001
confirmation,49,2,0.048505802413413165,0.745,null_statistics/batch-49-replication-2.npy,batch-null-confirmation,17518458103997668285,8457004913379391067,6859494289181011045,0.25936449998698663,,,batch-null-confirmation-20260821-001
confirmation,49,3,0.046988552303857914,0.755,null_statistics/batch-49-replication-3.npy,batch-null-confirmation,16416620525547280608,18256871730738847902,13222793671655388599,0.2656104000052437,,,batch-null-confirmation-20260821-001
confirmation,49,4,0.05784284165943226,0.33,null_statistics/batch-49-replication-4.npy,batch-null-confirmation,409272127936835510,1539145739069558211,16279259518172447085,0.2615390999999363,,,batch-null-confirmation-20260821-001
confirmation,49,5,0.06585128166954056,0.145,null_statistics/batch-49-replication-5.npy,batch-null-confirmation,7559745178946531873,3362543987970556334,1759546077938370366,0.2708508000068832,,,batch-null-confirmation-20260821-001
confirmation,49,6,0.04428238893458842,0.875,null_statistics/batch-49-replication-6.npy,batch-null-confirmation,14609661813634281487,1585356510779345641,3498746910985532423,0.27492589999746997,,,batch-null-confirmation-20260821-001
confirmation,49,7,0.03833587320326899,0.985,null_statistics/batch-49-replication-7.npy,batch-null-confirmation,17702184165269650196,5156929315998658070,3408134557108646901,0.2805863999965368,,,batch-null-confirmation-20260821-001
confirmation,49,8,0.048726289888014813,0.665,null_statistics/batch-49-replication-8.npy,batch-null-confirmation,3104726167110506000,12242492894855805623,17271100376750504071,0.28960790000564884,,,batch-null-confirmation-20260821-001
confirmation,49,9,0.040996566901635924,0.965,null_statistics/batch-49-replication-9.npy,batch-null-confirmation,7847407074726307564,2604795432268198438,15205246961968836142,0.27303119999123737,,,batch-null-confirmation-20260821-001
confirmation,50,0,0.059267637392138924,0.37,null_statistics/batch-50-replication-0.npy,batch-null-confirmation,12599941504159629879,15144080281805236948,5147941771015729759,0.2650824000011198,,,batch-null-confirmation-20260821-001
confirmation,50,1,0.051306033398821685,0.605,null_statistics/batch-50-replication-1.npy,batch-null-confirmation,365653265311710313,11148902382894036831,11295859406174647479,0.24885940000240225,,,batch-null-confirmation-20260821-001
confirmation,50,2,0.04658987044061805,0.775,null_statistics/batch-50-replication-2.npy,batch-null-confirmation,9415701610468631039,5392998990479622349,6209131637273533335,0.20014339999761432,,,batch-null-confirmation-20260821-001
confirmation,50,3,0.060404550574062785,0.235,null_statistics/batch-50-replication-3.npy,batch-null-confirmation,10391940269623927148,18434403108785188342,1271274955630288243,0.25110850000055507,,,batch-null-confirmation-20260821-001
confirmation,50,4,0.04315354427803258,0.87,null_statistics/batch-50-replication-4.npy,batch-null-confirmation,6864063993928551037,2478744562117751509,14343973137051308983,0.17500160000054166,,,batch-null-confirmation-20260821-001
confirmation,50,5,0.048743482880781334,0.755,null_statistics/batch-50-replication-5.npy,batch-null-confirmation,3444666370091047239,12633390221793053458,10807861324795076371,0.28057130001252517,,,batch-null-confirmation-20260821-001
confirmation,50,6,0.06291188967317685,0.21,null_statistics/batch-50-replication-6.npy,batch-null-confirmation,12287429046281792612,17794446607948341722,10543235168906352511,0.23443930000939872,,,batch-null-confirmation-20260821-001
confirmation,50,7,0.04907560663606909,0.635,null_statistics/batch-50-replication-7.npy,batch-null-confirmation,49245572957418735,3768626480038349192,2661459730671271962,0.2568068999971729,,,batch-null-confirmation-20260821-001
confirmation,50,8,0.08250150372705684,0.04,null_statistics/batch-50-replication-8.npy,batch-null-confirmation,4809068272338458084,9385828046838855008,9508094641458610665,0.2526307999942219,,,batch-null-confirmation-20260821-001
confirmation,50,9,0.06963125355204149,0.11,null_statistics/batch-50-replication-9.npy,batch-null-confirmation,11643220782269148381,10118931331644262600,17042715837577388457,0.27473489999829326,,,batch-null-confirmation-20260821-001
confirmation,51,0,0.05912013379143889,0.355,null_statistics/batch-51-replication-0.npy,batch-null-confirmation,646615195477502200,1776035241685331334,11950682720464645924,0.2879538999986835,,,batch-null-confirmation-20260821-001
confirmation,51,1,0.05049968144510038,0.64,null_statistics/batch-51-replication-1.npy,batch-null-confirmation,2853428344971322550,3392283682583943203,5315257189484844094,0.3006825999909779,,,batch-null-confirmation-20260821-001
confirmation,51,2,0.0499197203246646,0.68,null_statistics/batch-51-replication-2.npy,batch-null-confirmation,13465059098611399656,16823700498644717543,7529593392670139690,0.27825280000979546,,,batch-null-confirmation-20260821-001
confirmation,51,3,0.07031701634040896,0.08,null_statistics/batch-51-replication-3.npy,batch-null-confirmation,4679674630813583857,6203526597771116755,15797741570332237113,0.25304599999799393,,,batch-null-confirmation-20260821-001
confirmation,51,4,0.03665020043347805,0.995,null_statistics/batch-51-replication-4.npy,batch-null-confirmation,5767738936103892260,1440956427540197336,15360053422717451708,0.25805380000383593,,,batch-null-confirmation-20260821-001
confirmation,51,5,0.05449033209237479,0.41,null_statistics/batch-51-replication-5.npy,batch-null-confirmation,5056730804572496877,8577897150267881962,4041944850713574912,0.2590644000010798,,,batch-null-confirmation-20260821-001
confirmation,51,6,0.06474539039129676,0.18,null_statistics/batch-51-replication-6.npy,batch-null-confirmation,11818620148289823145,718362004778952216,2596220035517731763,0.28101690000039525,,,batch-null-confirmation-20260821-001
confirmation,51,7,0.05636111760224623,0.425,null_statistics/batch-51-replication-7.npy,batch-null-confirmation,7382486386729716412,5772899635833722001,10737222996646467748,0.2739632000011625,,,batch-null-confirmation-20260821-001
confirmation,51,8,0.053230611162868896,0.55,null_statistics/batch-51-replication-8.npy,batch-null-confirmation,8069963117532597890,479068904816154100,8352330510460784516,0.2589654000039445,,,batch-null-confirmation-20260821-001
confirmation,51,9,0.06398184133428811,0.185,null_statistics/batch-51-replication-9.npy,batch-null-confirmation,15607514162436942312,300836573409284734,7048065285705744379,0.2719209999922896,,,batch-null-confirmation-20260821-001
confirmation,52,0,0.04671888102890143,0.785,null_statistics/batch-52-replication-0.npy,batch-null-confirmation,17626170387784626877,5196088610046484205,742228356028960133,0.2643246000079671,,,batch-null-confirmation-20260821-001
confirmation,52,1,0.05851433236874356,0.36,null_statistics/batch-52-replication-1.npy,batch-null-confirmation,16126164847668583875,10987349547366104808,850644731877751959,0.2533158000005642,,,batch-null-confirmation-20260821-001
confirmation,52,2,0.04158395680096521,0.93,null_statistics/batch-52-replication-2.npy,batch-null-confirmation,10209128075316719095,13251874583198828884,16845126746154731468,0.2531193000031635,,,batch-null-confirmation-20260821-001
confirmation,52,3,0.048099907728324495,0.695,null_statistics/batch-52-replication-3.npy,batch-null-confirmation,749725275172909441,4484282493739408114,12392116800737088959,0.26347229999373667,,,batch-null-confirmation-20260821-001
confirmation,52,4,0.06312387536192499,0.215,null_statistics/batch-52-replication-4.npy,batch-null-confirmation,3731737734153775938,13681533897575360932,5812815690567183022,0.2669114000018453,,,batch-null-confirmation-20260821-001
confirmation,52,5,0.042881182311166326,0.9,null_statistics/batch-52-replication-5.npy,batch-null-confirmation,3304452543066326720,13744906554243075847,16024077349047429558,0.2586700999963796,,,batch-null-confirmation-20260821-001
confirmation,52,6,0.05635711855325887,0.38,null_statistics/batch-52-replication-6.npy,batch-null-confirmation,8720339844077227768,4788544269265114680,17951939146662730670,0.2577722999994876,,,batch-null-confirmation-20260821-001
confirmation,52,7,0.04501533208671187,0.855,null_statistics/batch-52-replication-7.npy,batch-null-confirmation,1752607157045220239,10051998263356248251,4633825899566008625,0.2514742000057595,,,batch-null-confirmation-20260821-001
confirmation,52,8,0.05141743132144982,0.545,null_statistics/batch-52-replication-8.npy,batch-null-confirmation,3740539371454574987,7744126841074248929,6875443590239324231,0.25863770001160447,,,batch-null-confirmation-20260821-001
confirmation,52,9,0.06210265925256685,0.23,null_statistics/batch-52-replication-9.npy,batch-null-confirmation,2984403514267293022,17808568081166837299,941879948586354432,0.2521116000134498,,,batch-null-confirmation-20260821-001
confirmation,53,0,0.05236641036406733,0.575,null_statistics/batch-53-replication-0.npy,batch-null-confirmation,16300162968564471653,8279123160341726241,590755338252075730,0.24956129999191035,,,batch-null-confirmation-20260821-001
confirmation,53,1,0.043054147686610776,0.875,null_statistics/batch-53-replication-1.npy,batch-null-confirmation,17335641229674892321,10674509791907221047,8409819516219319681,0.25388929998734966,,,batch-null-confirmation-20260821-001
confirmation,53,2,0.06158614352649501,0.26,null_statistics/batch-53-replication-2.npy,batch-null-confirmation,10273127022561037266,8535066663921661955,2935232943422155781,0.259081199998036,,,batch-null-confirmation-20260821-001
confirmation,53,3,0.06304047563644694,0.255,null_statistics/batch-53-replication-3.npy,batch-null-confirmation,15116616952439067547,9461103857732246004,10407745748788174224,0.2627372999995714,,,batch-null-confirmation-20260821-001
confirmation,53,4,0.05408204281626712,0.425,null_statistics/batch-53-replication-4.npy,batch-null-confirmation,10088360116999021094,4295217207957809138,1190709577020815314,0.2621548999886727,,,batch-null-confirmation-20260821-001
confirmation,53,5,0.05511552919404851,0.395,null_statistics/batch-53-replication-5.npy,batch-null-confirmation,13766302619136570730,5396397621178928430,8477065013245444905,0.27366399999300484,,,batch-null-confirmation-20260821-001
confirmation,53,6,0.04595844372270975,0.76,null_statistics/batch-53-replication-6.npy,batch-null-confirmation,12470243895721315295,13582529373567641043,15191807403582774681,0.2659034999960568,,,batch-null-confirmation-20260821-001
confirmation,53,7,0.04561114396922918,0.825,null_statistics/batch-53-replication-7.npy,batch-null-confirmation,5661296202712142034,18037046817183803522,15801511325374135539,0.27498249999189284,,,batch-null-confirmation-20260821-001
confirmation,53,8,0.06434469968156982,0.2,null_statistics/batch-53-replication-8.npy,batch-null-confirmation,1662089935961324810,5474993332294386654,13809414903537530384,0.2617247000016505,,,batch-null-confirmation-20260821-001
confirmation,53,9,0.08795382089036616,0.015,null_statistics/batch-53-replication-9.npy,batch-null-confirmation,14616392360403499301,15528173140030150867,17096453279408300379,0.2550358000007691,,,batch-null-confirmation-20260821-001
confirmation,54,0,0.06304497872959908,0.23,null_statistics/batch-54-replication-0.npy,batch-null-confirmation,9885927905748950081,16861807357850222701,3841362777543964384,0.251868999999715,,,batch-null-confirmation-20260821-001
confirmation,54,1,0.047337633185742786,0.785,null_statistics/batch-54-replication-1.npy,batch-null-confirmation,15246554634078527947,8634985211630109053,15225228783785395622,0.2530804999987595,,,batch-null-confirmation-20260821-001
confirmation,54,2,0.05055046935288692,0.615,null_statistics/batch-54-replication-2.npy,batch-null-confirmation,9416435919251563682,3988190960748450182,10054105118493119502,0.2584417000034591,,,batch-null-confirmation-20260821-001
confirmation,54,3,0.040700729765777544,0.955,null_statistics/batch-54-replication-3.npy,batch-null-confirmation,15666957450007166060,6771865692540658383,2018887932811176036,0.25934370000322815,,,batch-null-confirmation-20260821-001
confirmation,54,4,0.0475283554226856,0.76,null_statistics/batch-54-replication-4.npy,batch-null-confirmation,8469188137440196650,2972593101096969776,358891419295211516,0.25983999999880325,,,batch-null-confirmation-20260821-001
confirmation,54,5,0.05993649999273512,0.3,null_statistics/batch-54-replication-5.npy,batch-null-confirmation,2487023835839546190,922869790937659175,11549251973879510023,0.2530967999919085,,,batch-null-confirmation-20260821-001
confirmation,54,6,0.05925151301484823,0.31,null_statistics/batch-54-replication-6.npy,batch-null-confirmation,5522675487353709625,16603058613361071149,12930433285927766495,0.2576146999927005,,,batch-null-confirmation-20260821-001
confirmation,54,7,0.08555872448197864,0.03,null_statistics/batch-54-replication-7.npy,batch-null-confirmation,8569570028149257007,1005725489168099347,3199279935005765100,0.25261509999108966,,,batch-null-confirmation-20260821-001
confirmation,54,8,0.04651796018048144,0.815,null_statistics/batch-54-replication-8.npy,batch-null-confirmation,9137097951410856744,17703626222266162628,781250324946236999,0.25178380000579637,,,batch-null-confirmation-20260821-001
confirmation,54,9,0.05058181122403279,0.585,null_statistics/batch-54-replication-9.npy,batch-null-confirmation,15071969614514870996,7585094183276232054,15987985271852577505,0.24962149999919347,,,batch-null-confirmation-20260821-001
confirmation,55,0,0.05167064468500123,0.64,null_statistics/batch-55-replication-0.npy,batch-null-confirmation,7134639052303561232,13084326214099742410,13539440480106508819,0.2671266999968793,,,batch-null-confirmation-20260821-001
confirmation,55,1,0.050250747097630055,0.59,null_statistics/batch-55-replication-1.npy,batch-null-confirmation,6330332203962402012,6122793034128263347,15603480595993087553,0.26579999999376014,,,batch-null-confirmation-20260821-001
confirmation,55,2,0.05042013041365078,0.52,null_statistics/batch-55-replication-2.npy,batch-null-confirmation,18155413263426272163,18270118750365691381,13358217612280991695,0.26062630000524223,,,batch-null-confirmation-20260821-001
confirmation,55,3,0.042940553761901305,0.87,null_statistics/batch-55-replication-3.npy,batch-null-confirmation,515064444165328991,13643624825320014826,9229722851506169504,0.27030370000284165,,,batch-null-confirmation-20260821-001
confirmation,55,4,0.05463791084630954,0.38,null_statistics/batch-55-replication-4.npy,batch-null-confirmation,11064691132332862522,17738270149189349637,6548542751621473983,0.2637550000072224,,,batch-null-confirmation-20260821-001
confirmation,55,5,0.04702777679618125,0.75,null_statistics/batch-55-replication-5.npy,batch-null-confirmation,15234573558069366217,478546949734901313,15857423664282026067,0.24965810000139754,,,batch-null-confirmation-20260821-001
confirmation,55,6,0.0411222883947214,0.96,null_statistics/batch-55-replication-6.npy,batch-null-confirmation,339461365605671928,13109400538307659800,11416634495654676216,0.2470513000007486,,,batch-null-confirmation-20260821-001
confirmation,55,7,0.04235343513164535,0.915,null_statistics/batch-55-replication-7.npy,batch-null-confirmation,8194111488422922926,13668650525402994003,7939535085081273649,0.2515186999953585,,,batch-null-confirmation-20260821-001
confirmation,55,8,0.052628780827458053,0.535,null_statistics/batch-55-replication-8.npy,batch-null-confirmation,5325926870297252334,14663299619508335501,4527850207971909223,0.2611054000008153,,,batch-null-confirmation-20260821-001
confirmation,55,9,0.047457351591042765,0.73,null_statistics/batch-55-replication-9.npy,batch-null-confirmation,16276226737577186409,8236030957938540322,10160334395303464737,0.24708400000235997,,,batch-null-confirmation-20260821-001
confirmation,56,0,0.05600419576620564,0.395,null_statistics/batch-56-replication-0.npy,batch-null-confirmation,14792785752007553334,4004896402911503949,886046392787785037,0.25148960000660736,,,batch-null-confirmation-20260821-001
confirmation,56,1,0.08092197385723676,0.04,null_statistics/batch-56-replication-1.npy,batch-null-confirmation,3204197113019171011,9181139530990926177,17267009094123879170,0.24767290000454523,,,batch-null-confirmation-20260821-001
confirmation,56,2,0.05352175716613091,0.5,null_statistics/batch-56-replication-2.npy,batch-null-confirmation,17283457999082833185,18193485553216962355,3355011398238081764,0.24783839999872725,,,batch-null-confirmation-20260821-001
confirmation,56,3,0.07122891670215635,0.09,null_statistics/batch-56-replication-3.npy,batch-null-confirmation,4875314638534742514,1496402693090581025,219323767094945630,0.2466502000024775,,,batch-null-confirmation-20260821-001
confirmation,56,4,0.05681063723067667,0.365,null_statistics/batch-56-replication-4.npy,batch-null-confirmation,11561569070335028064,332860785483646712,2041359274642012321,0.2431990000040969,,,batch-null-confirmation-20260821-001
confirmation,56,5,0.04760602728613214,0.705,null_statistics/batch-56-replication-5.npy,batch-null-confirmation,640251149098383220,3233699221921709922,17588682197117150720,0.24342509999405593,,,batch-null-confirmation-20260821-001
confirmation,56,6,0.05043828680343537,0.63,null_statistics/batch-56-replication-6.npy,batch-null-confirmation,1280691363281577873,7426089068925783552,17109491050739305168,0.24695049998990726,,,batch-null-confirmation-20260821-001
confirmation,56,7,0.056715640315375404,0.38,null_statistics/batch-56-replication-7.npy,batch-null-confirmation,1134151184139222039,8470256644070596210,4892278796350417226,0.24575039999035653,,,batch-null-confirmation-20260821-001
confirmation,56,8,0.043635284330249526,0.895,null_statistics/batch-56-replication-8.npy,batch-null-confirmation,16455491287346996422,15775080245136107665,8561436194490940522,0.24515139999857638,,,batch-null-confirmation-20260821-001
confirmation,56,9,0.05983677785739732,0.29,null_statistics/batch-56-replication-9.npy,batch-null-confirmation,17812687340994963393,11877177987923914251,3100113633064666477,0.24366469999949913,,,batch-null-confirmation-20260821-001
confirmation,57,0,0.06548022740487626,0.155,null_statistics/batch-57-replication-0.npy,batch-null-confirmation,7365928953407234354,12384085800680465717,15596949171213983982,0.25617500000225846,,,batch-null-confirmation-20260821-001
confirmation,57,1,0.0528824576636414,0.505,null_statistics/batch-57-replication-1.npy,batch-null-confirmation,9303268796669695489,14542055261807452167,7010915333570904777,0.2459963000001153,,,batch-null-confirmation-20260821-001
confirmation,57,2,0.06411833099393266,0.205,null_statistics/batch-57-replication-2.npy,batch-null-confirmation,8725352883878120322,13310722024285796081,8473877190844736873,0.24936539999907836,,,batch-null-confirmation-20260821-001
confirmation,57,3,0.04839483282373219,0.71,null_statistics/batch-57-replication-3.npy,batch-null-confirmation,264532391424052745,15041260100782552482,12683910496441953176,0.24572309998620767,,,batch-null-confirmation-20260821-001
confirmation,57,4,0.0740443539719701,0.06,null_statistics/batch-57-replication-4.npy,batch-null-confirmation,1429349071367913156,9085425504666012024,2133283295751063283,0.2513760000001639,,,batch-null-confirmation-20260821-001
confirmation,57,5,0.05237072320397564,0.55,null_statistics/batch-57-replication-5.npy,batch-null-confirmation,16840121410936835313,10492343167730343119,16464166789617384995,0.24271209999278653,,,batch-null-confirmation-20260821-001
confirmation,57,6,0.046191153372210164,0.82,null_statistics/batch-57-replication-6.npy,batch-null-confirmation,10823181544778942238,12859582655329093848,9765779900223677504,0.24378029999206774,,,batch-null-confirmation-20260821-001
confirmation,57,7,0.05594196366752248,0.395,null_statistics/batch-57-replication-7.npy,batch-null-confirmation,12022172630757188607,12390979872426769765,10776106456034589486,0.24820140001247637,,,batch-null-confirmation-20260821-001
confirmation,57,8,0.06363888922789838,0.2,null_statistics/batch-57-replication-8.npy,batch-null-confirmation,16702178282979375040,4476678229686725622,2918352209224997056,0.24517539999214932,,,batch-null-confirmation-20260821-001
confirmation,57,9,0.05562744503108323,0.36,null_statistics/batch-57-replication-9.npy,batch-null-confirmation,386563072795134713,9595737571147743067,6725542324714810108,0.24993619999440853,,,batch-null-confirmation-20260821-001
confirmation,58,0,0.04172151099922631,0.94,null_statistics/batch-58-replication-0.npy,batch-null-confirmation,16704467801243206631,13862943678187285703,5331169439285872807,0.2516747000045143,,,batch-null-confirmation-20260821-001
confirmation,58,1,0.06236297467833572,0.215,null_statistics/batch-58-replication-1.npy,batch-null-confirmation,17587011796583773380,9809511589495583346,8419733016616363505,0.24799659999553114,,,batch-null-confirmation-20260821-001
confirmation,58,2,0.057336129776626533,0.34,null_statistics/batch-58-replication-2.npy,batch-null-confirmation,17943337734812555430,11087606193485727258,9332480467729039304,0.2528814999968745,,,batch-null-confirmation-20260821-001
confirmation,58,3,0.043547392801352544,0.875,null_statistics/batch-58-replication-3.npy,batch-null-confirmation,2949182507213082113,17754161696916007261,6985135663208183946,0.25150110000686254,,,batch-null-confirmation-20260821-001
confirmation,58,4,0.059920045974712045,0.255,null_statistics/batch-58-replication-4.npy,batch-null-confirmation,18269485700871340130,16763051405012306070,16012265251821604422,0.2466534999985015,,,batch-null-confirmation-20260821-001
confirmation,58,5,0.05023253290652588,0.585,null_statistics/batch-58-replication-5.npy,batch-null-confirmation,10688453825231920215,17415612843810569035,15380207570074538375,0.25207899999804795,,,batch-null-confirmation-20260821-001
confirmation,58,6,0.06674645970151401,0.135,null_statistics/batch-58-replication-6.npy,batch-null-confirmation,10459085518696183484,17969319994364603514,11400194394847183185,0.2544196999951964,,,batch-null-confirmation-20260821-001
confirmation,58,7,0.05741531873415231,0.345,null_statistics/batch-58-replication-7.npy,batch-null-confirmation,3491113531991228572,7081320419564780723,7819085241974234155,0.2487879999971483,,,batch-null-confirmation-20260821-001
confirmation,58,8,0.05818712393657354,0.305,null_statistics/batch-58-replication-8.npy,batch-null-confirmation,14234284879006187172,7481826504103725225,12139836651399533741,0.25130930000159424,,,batch-null-confirmation-20260821-001
confirmation,58,9,0.049928468440121276,0.605,null_statistics/batch-58-replication-9.npy,batch-null-confirmation,18147546040511271223,4386512860630334121,3928167654250330166,0.24488209999981336,,,batch-null-confirmation-20260821-001
confirmation,59,0,0.049383472939277716,0.61,null_statistics/batch-59-replication-0.npy,batch-null-confirmation,849588498290390764,3625780597491830932,15170581239695518244,0.2419882999965921,,,batch-null-confirmation-20260821-001
confirmation,59,1,0.0663971447044287,0.135,null_statistics/batch-59-replication-1.npy,batch-null-confirmation,18259459695663080232,7004245287991143778,2716155227685070664,0.24655450000136625,,,batch-null-confirmation-20260821-001
confirmation,59,2,0.05013193430630509,0.58,null_statistics/batch-59-replication-2.npy,batch-null-confirmation,13761582597868828991,11946650750270972608,7418679923516240236,0.24679290001222398,,,batch-null-confirmation-20260821-001
confirmation,59,3,0.058089145177160365,0.265,null_statistics/batch-59-replication-3.npy,batch-null-confirmation,9373791856993977678,2157005944505802515,14552190432428511154,0.2477326000080211,,,batch-null-confirmation-20260821-001
confirmation,59,4,0.06480471686233771,0.205,null_statistics/batch-59-replication-4.npy,batch-null-confirmation,5321837328842884383,9494848363300435949,12755902863493108968,0.24893519999750424,,,batch-null-confirmation-20260821-001
confirmation,59,5,0.05476076310257064,0.485,null_statistics/batch-59-replication-5.npy,batch-null-confirmation,10666414077096299859,5184644710701517927,17077295090927323702,0.24705839999660384,,,batch-null-confirmation-20260821-001
confirmation,59,6,0.049031100900691967,0.72,null_statistics/batch-59-replication-6.npy,batch-null-confirmation,14440956327144530665,17404502265816948534,14153182594684405992,0.2506027999916114,,,batch-null-confirmation-20260821-001
confirmation,59,7,0.06661700385308855,0.125,null_statistics/batch-59-replication-7.npy,batch-null-confirmation,7595139933249538472,14741469935289438193,4938977417197543873,0.2762339999899268,,,batch-null-confirmation-20260821-001
confirmation,59,8,0.06816288024654829,0.13,null_statistics/batch-59-replication-8.npy,batch-null-confirmation,17348629948510493240,10097333216069912115,3637627529540587589,0.2698116999963531,,,batch-null-confirmation-20260821-001
confirmation,59,9,0.04402871339627393,0.88,null_statistics/batch-59-replication-9.npy,batch-null-confirmation,13444720303849417302,12087955017561111098,14961391224202455751,0.2492459999921266,,,batch-null-confirmation-20260821-001
confirmation,60,0,0.05022763773427305,0.56,null_statistics/batch-60-replication-0.npy,batch-null-confirmation,4503309973806475133,16223224139091609880,10114280763963255099,0.2033303999924101,,,batch-null-confirmation-20260821-001
confirmation,60,1,0.06975426671639565,0.08,null_statistics/batch-60-replication-1.npy,batch-null-confirmation,11690197546564527086,9863265387995668281,10437363596390296889,0.24500070000067353,,,batch-null-confirmation-20260821-001
confirmation,60,2,0.0513765099066128,0.63,null_statistics/batch-60-replication-2.npy,batch-null-confirmation,9165412796986593418,619732291216307451,7546638418688327539,0.2498879000049783,,,batch-null-confirmation-20260821-001
confirmation,60,3,0.05413875999274864,0.5,null_statistics/batch-60-replication-3.npy,batch-null-confirmation,664747731756575068,6861185957685690795,14064530799467608632,0.2507225000008475,,,batch-null-confirmation-20260821-001
confirmation,60,4,0.04876531608971987,0.665,null_statistics/batch-60-replication-4.npy,batch-null-confirmation,15871266336122411908,14413396765409534582,1853436504369414841,0.24485940000158735,,,batch-null-confirmation-20260821-001
confirmation,60,5,0.08151346946248769,0.045,null_statistics/batch-60-replication-5.npy,batch-null-confirmation,12706971050593989606,5934892207041577356,9428174219399805152,0.25090349999663886,,,batch-null-confirmation-20260821-001
confirmation,60,6,0.04698564574344855,0.785,null_statistics/batch-60-replication-6.npy,batch-null-confirmation,1888520830995083803,7005660465600396309,3672945607588993078,0.2478858999966178,,,batch-null-confirmation-20260821-001
confirmation,60,7,0.05601138476315012,0.41,null_statistics/batch-60-replication-7.npy,batch-null-confirmation,10541540195044855803,10909501679413868847,9890971649059096219,0.2501646000018809,,,batch-null-confirmation-20260821-001
confirmation,60,8,0.05664876155181881,0.41,null_statistics/batch-60-replication-8.npy,batch-null-confirmation,10457076789607124180,103237455913218721,11630880889112711463,0.23909699999785516,,,batch-null-confirmation-20260821-001
confirmation,60,9,0.052160892722208745,0.57,null_statistics/batch-60-replication-9.npy,batch-null-confirmation,10829990533139343190,8982660297620213059,3197411963140583807,0.24592660000780597,,,batch-null-confirmation-20260821-001
confirmation,61,0,0.055665237771663524,0.385,null_statistics/batch-61-replication-0.npy,batch-null-confirmation,12802905080365355152,4202481324096023568,7081218290182857845,0.2454892999958247,,,batch-null-confirmation-20260821-001
confirmation,61,1,0.06208362392915001,0.235,null_statistics/batch-61-replication-1.npy,batch-null-confirmation,13237558730586051700,4096267990689343680,17425580692372383074,0.24904629999946337,,,batch-null-confirmation-20260821-001
confirmation,61,2,0.08443138029394572,0.025,null_statistics/batch-61-replication-2.npy,batch-null-confirmation,5583123200158230095,7512250803927027128,10564805751784752739,0.24334909999743104,,,batch-null-confirmation-20260821-001
confirmation,61,3,0.06404199699783333,0.18,null_statistics/batch-61-replication-3.npy,batch-null-confirmation,8507232652878791790,2670727091753998470,7426981690992720870,0.2536337000055937,,,batch-null-confirmation-20260821-001
confirmation,61,4,0.057657477640469156,0.29,null_statistics/batch-61-replication-4.npy,batch-null-confirmation,13883143268286912582,7735823372386029713,668673484878576805,0.2609261999896262,,,batch-null-confirmation-20260821-001
confirmation,61,5,0.060983004278398645,0.325,null_statistics/batch-61-replication-5.npy,batch-null-confirmation,10979054294223775101,10951996991817308009,10242772872133352384,0.2493873000057647,,,batch-null-confirmation-20260821-001
confirmation,61,6,0.05607233697208054,0.35,null_statistics/batch-61-replication-6.npy,batch-null-confirmation,3733816157067162657,11877624154309950837,13088407555440641011,0.239044300004025,,,batch-null-confirmation-20260821-001
confirmation,61,7,0.0506263192530987,0.535,null_statistics/batch-61-replication-7.npy,batch-null-confirmation,5532558854122620949,13362008904954699154,13082289100120571225,0.24626319999515545,,,batch-null-confirmation-20260821-001
confirmation,61,8,0.04848112854710507,0.71,null_statistics/batch-61-replication-8.npy,batch-null-confirmation,12989138383149382617,16677293331621037988,6713298329294766500,0.2464256000093883,,,batch-null-confirmation-20260821-001
confirmation,61,9,0.043433228408216784,0.875,null_statistics/batch-61-replication-9.npy,batch-null-confirmation,7149741843071184022,2368239920508960957,7076467227526521106,0.24345680000260472,,,batch-null-confirmation-20260821-001
confirmation,62,0,0.0547590246807385,0.46,null_statistics/batch-62-replication-0.npy,batch-null-confirmation,11027369843700909116,1095591971012422321,3630662686858968214,0.24658130000170786,,,batch-null-confirmation-20260821-001
confirmation,62,1,0.0525831460227667,0.565,null_statistics/batch-62-replication-1.npy,batch-null-confirmation,14027866870077955707,9697219283149919319,18024935065969065784,0.24864760000491515,,,batch-null-confirmation-20260821-001
confirmation,62,2,0.05181928215789378,0.595,null_statistics/batch-62-replication-2.npy,batch-null-confirmation,6702049033325554022,5068140797304967649,11812728079283064065,0.2529255999979796,,,batch-null-confirmation-20260821-001
confirmation,62,3,0.07155075519275794,0.065,null_statistics/batch-62-replication-3.npy,batch-null-confirmation,13112360304717402121,7077222687376185215,13612912200996918115,0.24575359998561908,,,batch-null-confirmation-20260821-001
confirmation,62,4,0.06425418117259565,0.22,null_statistics/batch-62-replication-4.npy,batch-null-confirmation,14957922428116358150,3902276086063491137,13819620128375716621,0.246588599999086,,,batch-null-confirmation-20260821-001
confirmation,62,5,0.05699405861830366,0.36,null_statistics/batch-62-replication-5.npy,batch-null-confirmation,11650463065573954039,8187759618183317868,1844388776662635251,0.25195829999574926,,,batch-null-confirmation-20260821-001
confirmation,62,6,0.036743533018320174,0.99,null_statistics/batch-62-replication-6.npy,batch-null-confirmation,15539283917255303982,8311025423493115942,7583465366611726803,0.247897399996873,,,batch-null-confirmation-20260821-001
confirmation,62,7,0.04073544686922466,0.935,null_statistics/batch-62-replication-7.npy,batch-null-confirmation,10083965331596505011,15076413039161652582,13867722645695719199,0.24972999999590684,,,batch-null-confirmation-20260821-001
confirmation,62,8,0.0624074249605132,0.235,null_statistics/batch-62-replication-8.npy,batch-null-confirmation,4400473228238172303,16511071523386156223,14654425570172752007,0.24965789999987464,,,batch-null-confirmation-20260821-001
confirmation,62,9,0.04710172679254147,0.72,null_statistics/batch-62-replication-9.npy,batch-null-confirmation,7125171656154039381,12560531846066198954,10941970095729025267,0.2505864999984624,,,batch-null-confirmation-20260821-001
confirmation,63,0,0.044219568827020425,0.84,null_statistics/batch-63-replication-0.npy,batch-null-confirmation,11663535789140781535,2492523095820194643,4927103160538068165,0.24947739999333862,,,batch-null-confirmation-20260821-001
confirmation,63,1,0.04885688561497938,0.695,null_statistics/batch-63-replication-1.npy,batch-null-confirmation,12939666844814125432,8105612946992902116,5219955197064993799,0.24835180000809487,,,batch-null-confirmation-20260821-001
confirmation,63,2,0.06875615025001343,0.21,null_statistics/batch-63-replication-2.npy,batch-null-confirmation,6439823038776089449,7386036860499203529,5015224840562439885,0.24987979998695664,,,batch-null-confirmation-20260821-001
confirmation,63,3,0.06780144825946716,0.12,null_statistics/batch-63-replication-3.npy,batch-null-confirmation,3793482022752103847,17945095409959953447,1915925901523798128,0.24648880001041107,,,batch-null-confirmation-20260821-001
confirmation,63,4,0.05264903239641984,0.525,null_statistics/batch-63-replication-4.npy,batch-null-confirmation,11228664695492835254,13462920109542619492,5030812935006674780,0.2505957999965176,,,batch-null-confirmation-20260821-001
confirmation,63,5,0.052858625646188415,0.52,null_statistics/batch-63-replication-5.npy,batch-null-confirmation,16342732685340585369,5249951278596381791,14443617641490830761,0.24738840000645723,,,batch-null-confirmation-20260821-001
confirmation,63,6,0.054962360653742215,0.38,null_statistics/batch-63-replication-6.npy,batch-null-confirmation,8892400848202571390,18271804480667947199,1324285567450041609,0.24594900000374764,,,batch-null-confirmation-20260821-001
confirmation,63,7,0.06922721695632944,0.125,null_statistics/batch-63-replication-7.npy,batch-null-confirmation,454191279230957399,16519109913666418183,14305607781942688204,0.23704520000319462,,,batch-null-confirmation-20260821-001
confirmation,63,8,0.04453913496712536,0.855,null_statistics/batch-63-replication-8.npy,batch-null-confirmation,3816440901968832417,15266524105020009734,8935628262367460347,0.24656690000847448,,,batch-null-confirmation-20260821-001
confirmation,63,9,0.052129310267245474,0.595,null_statistics/batch-63-replication-9.npy,batch-null-confirmation,15865351460238332957,672221010370142941,1929919552943101700,0.24792740000702906,,,batch-null-confirmation-20260821-001
confirmation,64,0,0.060196289197706226,0.315,null_statistics/batch-64-replication-0.npy,batch-null-confirmation,17526131279424767694,6810710212756892220,12664221320477560515,0.24575740000000224,,,batch-null-confirmation-20260821-001
confirmation,64,1,0.03956240805318557,0.955,null_statistics/batch-64-replication-1.npy,batch-null-confirmation,10652243958250169053,14754001749318151300,12959594951807096000,0.2517255999991903,,,batch-null-confirmation-20260821-001
confirmation,64,2,0.06089506850448971,0.24,null_statistics/batch-64-replication-2.npy,batch-null-confirmation,17603307650193374576,12563651788990113582,12963640098148925269,0.25159010000061244,,,batch-null-confirmation-20260821-001
confirmation,64,3,0.043425809866384196,0.85,null_statistics/batch-64-replication-3.npy,batch-null-confirmation,9046794956001938935,8978011478342719402,10870299091068702414,0.2503335999936098,,,batch-null-confirmation-20260821-001
confirmation,64,4,0.06443597752473351,0.205,null_statistics/batch-64-replication-4.npy,batch-null-confirmation,10670847922805681971,2608813599754286242,4811370759200163142,0.24533099999825936,,,batch-null-confirmation-20260821-001
confirmation,64,5,0.04354458599871793,0.825,null_statistics/batch-64-replication-5.npy,batch-null-confirmation,3423660239156755876,7105979337181564731,9560289460320324350,0.24618220000411384,,,batch-null-confirmation-20260821-001
confirmation,64,6,0.06037798410122732,0.235,null_statistics/batch-64-replication-6.npy,batch-null-confirmation,4233984417671610987,796091185301616193,16608357603562473205,0.23066169999947306,,,batch-null-confirmation-20260821-001
confirmation,64,7,0.04422933777901831,0.845,null_statistics/batch-64-replication-7.npy,batch-null-confirmation,15506436073320628984,4637335402334671497,8402318246529986941,0.2438112999952864,,,batch-null-confirmation-20260821-001
confirmation,64,8,0.0458052136632504,0.77,null_statistics/batch-64-replication-8.npy,batch-null-confirmation,1749519105714428217,18200593859539536680,3458287124354597488,0.24793130000762176,,,batch-null-confirmation-20260821-001
confirmation,64,9,0.054937030515114886,0.445,null_statistics/batch-64-replication-9.npy,batch-null-confirmation,3569921992903406260,210109569332099461,4444716705009791078,0.2466783999989275,,,batch-null-confirmation-20260821-001
confirmation,65,0,0.054196340925978546,0.435,null_statistics/batch-65-replication-0.npy,batch-null-confirmation,12791963608434995066,5702187285961019062,6602255630411240445,0.24389379999774974,,,batch-null-confirmation-20260821-001
confirmation,65,1,0.05777857411287368,0.33,null_statistics/batch-65-replication-1.npy,batch-null-confirmation,8604273947736253831,4785528016587310095,997973667537202192,0.2454069000086747,,,batch-null-confirmation-20260821-001
confirmation,65,2,0.05354909720557197,0.44,null_statistics/batch-65-replication-2.npy,batch-null-confirmation,16426367633903663739,9753805793008241431,12734119253077614153,0.24548160000995267,,,batch-null-confirmation-20260821-001
confirmation,65,3,0.04592958574381567,0.74,null_statistics/batch-65-replication-3.npy,batch-null-confirmation,16092815305240288377,14864543260041815090,11949277791997832613,0.23323789999994915,,,batch-null-confirmation-20260821-001
confirmation,65,4,0.03981336313452672,0.96,null_statistics/batch-65-replication-4.npy,batch-null-confirmation,6646787947662869300,16475334076121875906,15030965579107902379,0.24500329999136738,,,batch-null-confirmation-20260821-001
confirmation,65,5,0.05110224266126139,0.63,null_statistics/batch-65-replication-5.npy,batch-null-confirmation,18365006711673751793,17958236274541813513,16024841645852198350,0.27899320000142325,,,batch-null-confirmation-20260821-001
confirmation,65,6,0.05036389553763712,0.635,null_statistics/batch-65-replication-6.npy,batch-null-confirmation,13054097922659563864,7238060768081542382,9311752980074642189,0.2514192999951774,,,batch-null-confirmation-20260821-001
confirmation,65,7,0.050673014386293284,0.58,null_statistics/batch-65-replication-7.npy,batch-null-confirmation,12206063220646135649,17462577848271239271,13593261431540915133,0.2575249000074109,,,batch-null-confirmation-20260821-001
confirmation,65,8,0.05617149353298998,0.445,null_statistics/batch-65-replication-8.npy,batch-null-confirmation,13884788011296677697,1110046070670261684,1163362738813823474,0.24962680001044646,,,batch-null-confirmation-20260821-001
confirmation,65,9,0.04226941432199801,0.89,null_statistics/batch-65-replication-9.npy,batch-null-confirmation,14021977469178249477,2670984904461917282,18383490111767567691,0.24708250000549015,,,batch-null-confirmation-20260821-001
confirmation,66,0,0.05454576504564571,0.51,null_statistics/batch-66-replication-0.npy,batch-null-confirmation,7604035896035916098,16875612631804643653,14880198364200819735,0.254502700001467,,,batch-null-confirmation-20260821-001
confirmation,66,1,0.0472813214387243,0.66,null_statistics/batch-66-replication-1.npy,batch-null-confirmation,5749916793184513865,7506149629073353195,10690474268650044016,0.24513509999087546,,,batch-null-confirmation-20260821-001
confirmation,66,2,0.06557349959691228,0.07,null_statistics/batch-66-replication-2.npy,batch-null-confirmation,4113141414922202227,10020354599946169486,14109207593239437475,0.24306589999468997,,,batch-null-confirmation-20260821-001
confirmation,66,3,0.06014511881711108,0.27,null_statistics/batch-66-replication-3.npy,batch-null-confirmation,14691307216660657033,8555203663555808812,16737968021504477385,0.25098399999842513,,,batch-null-confirmation-20260821-001
confirmation,66,4,0.06000379463516004,0.255,null_statistics/batch-66-replication-4.npy,batch-null-confirmation,2634173628600177057,4368923050102120636,11192725429542775789,0.22821109999495093,,,batch-null-confirmation-20260821-001
confirmation,66,5,0.044232848088209285,0.855,null_statistics/batch-66-replication-5.npy,batch-null-confirmation,968023287029634466,16906684257595429085,8893958440003624797,0.24636469999677502,,,batch-null-confirmation-20260821-001
confirmation,66,6,0.03760921911467289,0.995,null_statistics/batch-66-replication-6.npy,batch-null-confirmation,1435173741735418096,10035837134103461809,4973684380467399448,0.24640370000270195,,,batch-null-confirmation-20260821-001
confirmation,66,7,0.07396131127218813,0.075,null_statistics/batch-66-replication-7.npy,batch-null-confirmation,13260521000024545396,655888864121434588,1005659622402205154,0.2478114999976242,,,batch-null-confirmation-20260821-001
confirmation,66,8,0.03968114921089116,0.97,null_statistics/batch-66-replication-8.npy,batch-null-confirmation,17509155895792215943,10121032073483619701,11286998541562900114,0.2515166999946814,,,batch-null-confirmation-20260821-001
confirmation,66,9,0.0488659753513579,0.67,null_statistics/batch-66-replication-9.npy,batch-null-confirmation,13173479084549751921,11803484216366709099,5281526832171630056,0.24347800000396091,,,batch-null-confirmation-20260821-001
confirmation,67,0,0.07614980944569791,0.03,null_statistics/batch-67-replication-0.npy,batch-null-confirmation,608051029857364750,17679798376649503542,11710425999465691143,0.24596150001161732,,,batch-null-confirmation-20260821-001
confirmation,67,1,0.055236863217292084,0.45,null_statistics/batch-67-replication-1.npy,batch-null-confirmation,14352719727032294145,16908641528973728185,8041684860434929010,0.24847609999415,,,batch-null-confirmation-20260821-001
confirmation,67,2,0.06467662308723626,0.19,null_statistics/batch-67-replication-2.npy,batch-null-confirmation,11664613339794500545,1132937559734528274,6311411036586830736,0.24007680000795517,,,batch-null-confirmation-20260821-001
confirmation,67,3,0.046988791577182255,0.82,null_statistics/batch-67-replication-3.npy,batch-null-confirmation,1178975048652099731,9909022514278982352,11349879478759454406,0.24896569999691565,,,batch-null-confirmation-20260821-001
confirmation,67,4,0.04315560849101629,0.92,null_statistics/batch-67-replication-4.npy,batch-null-confirmation,16070184835703161071,2140471180830834577,6703189750197009945,0.24749809999775607,,,batch-null-confirmation-20260821-001
confirmation,67,5,0.06478643038782188,0.16,null_statistics/batch-67-replication-5.npy,batch-null-confirmation,8628005716003995872,3224237173654664677,15527479543073415476,0.2484409000026062,,,batch-null-confirmation-20260821-001
confirmation,67,6,0.05882202950029174,0.295,null_statistics/batch-67-replication-6.npy,batch-null-confirmation,9072302070948432233,5037464250110659899,2118666467925185141,0.24656949999916833,,,batch-null-confirmation-20260821-001
confirmation,67,7,0.05765096968630056,0.26,null_statistics/batch-67-replication-7.npy,batch-null-confirmation,13375783601708012598,5615390431574246481,2214384969794890390,0.24662059999536723,,,batch-null-confirmation-20260821-001
confirmation,67,8,0.044150611505616,0.855,null_statistics/batch-67-replication-8.npy,batch-null-confirmation,271155167844962215,17522261575215491142,5128609779907985752,0.24451040000712965,,,batch-null-confirmation-20260821-001
confirmation,67,9,0.07391579956525314,0.085,null_statistics/batch-67-replication-9.npy,batch-null-confirmation,4560961353381843020,4021546219135765325,1336925086345265679,0.2477331999980379,,,batch-null-confirmation-20260821-001
confirmation,68,0,0.04363647902039238,0.885,null_statistics/batch-68-replication-0.npy,batch-null-confirmation,3594161321878592751,16263634345875417697,16974521639765476378,0.24617009999928996,,,batch-null-confirmation-20260821-001
confirmation,68,1,0.05730561180523673,0.415,null_statistics/batch-68-replication-1.npy,batch-null-confirmation,9239076852930067419,3610677838178837040,8412039059099323269,0.24705360000371002,,,batch-null-confirmation-20260821-001
confirmation,68,2,0.04635760470240777,0.815,null_statistics/batch-68-replication-2.npy,batch-null-confirmation,12556151104173700984,8980261464798591841,4165501889738149946,0.2472215000016149,,,batch-null-confirmation-20260821-001
confirmation,68,3,0.04368877259983853,0.905,null_statistics/batch-68-replication-3.npy,batch-null-confirmation,18270866438525327375,9802816082952917659,12682336833728545800,0.24508869998680893,,,batch-null-confirmation-20260821-001
confirmation,68,4,0.04180732521758329,0.91,null_statistics/batch-68-replication-4.npy,batch-null-confirmation,14320837481179746974,15982963634561074054,10806354280708923015,0.2480241000012029,,,batch-null-confirmation-20260821-001
confirmation,68,5,0.0711186199759262,0.085,null_statistics/batch-68-replication-5.npy,batch-null-confirmation,6406889159964991767,11747202516253400412,8060369353509038954,0.24584350000077393,,,batch-null-confirmation-20260821-001
confirmation,68,6,0.05620676725359903,0.315,null_statistics/batch-68-replication-6.npy,batch-null-confirmation,13708326405602242857,612505060346154024,1952329124708048774,0.2512955999991391,,,batch-null-confirmation-20260821-001
confirmation,68,7,0.049073863325643584,0.63,null_statistics/batch-68-replication-7.npy,batch-null-confirmation,13881777983946144161,13925778697026349353,1137608984525885221,0.2488764000008814,,,batch-null-confirmation-20260821-001
confirmation,68,8,0.05937811995657472,0.27,null_statistics/batch-68-replication-8.npy,batch-null-confirmation,2210781573269398104,13609605353039199658,11507825191860738209,0.2524851000052877,,,batch-null-confirmation-20260821-001
confirmation,68,9,0.05934225482313102,0.275,null_statistics/batch-68-replication-9.npy,batch-null-confirmation,12614362744964540065,8700025151864149515,3330412353693062151,0.24798319999536034,,,batch-null-confirmation-20260821-001
confirmation,69,0,0.05426898182812052,0.44,null_statistics/batch-69-replication-0.npy,batch-null-confirmation,15311101420742973570,6447936182908463957,16515461756115555122,0.25798010001017246,,,batch-null-confirmation-20260821-001
confirmation,69,1,0.04934242421807037,0.68,null_statistics/batch-69-replication-1.npy,batch-null-confirmation,17455222999850933198,10490047649315115411,4639624502037457372,0.2303031000046758,,,batch-null-confirmation-20260821-001
confirmation,69,2,0.0473078638291163,0.76,null_statistics/batch-69-replication-2.npy,batch-null-confirmation,6690305533327829675,15864732581812847753,18018951458177568506,0.25063599999703,,,batch-null-confirmation-20260821-001
confirmation,69,3,0.047922203730224336,0.72,null_statistics/batch-69-replication-3.npy,batch-null-confirmation,15239128778920042623,6635528846570828388,7799587025397982677,0.25078030000440776,,,batch-null-confirmation-20260821-001
confirmation,69,4,0.057171560383468524,0.37,null_statistics/batch-69-replication-4.npy,batch-null-confirmation,11987879979551605398,5306101709031850608,17716843604668386022,0.2498978000076022,,,batch-null-confirmation-20260821-001
confirmation,69,5,0.07161663566943005,0.105,null_statistics/batch-69-replication-5.npy,batch-null-confirmation,5862531653565983378,1554663455804985625,16715417419256733213,0.2475478000123985,,,batch-null-confirmation-20260821-001
confirmation,69,6,0.058142922704573,0.315,null_statistics/batch-69-replication-6.npy,batch-null-confirmation,976345913109074946,17015797663527857701,13954965766988657576,0.23460769999655895,,,batch-null-confirmation-20260821-001
confirmation,69,7,0.0356984901209713,1.0,null_statistics/batch-69-replication-7.npy,batch-null-confirmation,9016700857096352567,1485683150325274517,8525051797952096580,0.24089839999214746,,,batch-null-confirmation-20260821-001
confirmation,69,8,0.0796060096418936,0.045,null_statistics/batch-69-replication-8.npy,batch-null-confirmation,9189859406969967723,7940915944931234695,14060134936530757064,0.24619459999667015,,,batch-null-confirmation-20260821-001
confirmation,69,9,0.05943478035652238,0.255,null_statistics/batch-69-replication-9.npy,batch-null-confirmation,7278090647065496622,17310579273389748902,8073425357430638639,0.2507614999922225,,,batch-null-confirmation-20260821-001
confirmation,70,0,0.07188396781291854,0.1,null_statistics/batch-70-replication-0.npy,batch-null-confirmation,6194355523637915025,16105224513784377131,926321958166492026,0.2875774999993155,,,batch-null-confirmation-20260821-001
confirmation,70,1,0.06651476042123215,0.17,null_statistics/batch-70-replication-1.npy,batch-null-confirmation,2653925252268341805,8409336274503818138,5394868503751497652,0.24826649999886286,,,batch-null-confirmation-20260821-001
confirmation,70,2,0.06282197995607237,0.19,null_statistics/batch-70-replication-2.npy,batch-null-confirmation,16349420114202779273,11073657246965008086,14173357406769750966,0.24581320000288542,,,batch-null-confirmation-20260821-001
confirmation,70,3,0.05222869074400143,0.52,null_statistics/batch-70-replication-3.npy,batch-null-confirmation,5963575273836757960,17506037337703433754,18346545119052581966,0.24675099999876693,,,batch-null-confirmation-20260821-001
confirmation,70,4,0.059171082958795314,0.245,null_statistics/batch-70-replication-4.npy,batch-null-confirmation,7565647675004144292,14861475384218176599,18127893331699872654,0.24807529999816325,,,batch-null-confirmation-20260821-001
confirmation,70,5,0.05546988863969589,0.445,null_statistics/batch-70-replication-5.npy,batch-null-confirmation,10672129772322513893,7861772442235913968,14678451498079593896,0.23855449999973644,,,batch-null-confirmation-20260821-001
confirmation,70,6,0.04507819959130362,0.75,null_statistics/batch-70-replication-6.npy,batch-null-confirmation,7250231600475494340,8113352455982473691,539593508025668721,0.2469810999900801,,,batch-null-confirmation-20260821-001
confirmation,70,7,0.05175009970290858,0.595,null_statistics/batch-70-replication-7.npy,batch-null-confirmation,13074856924076181302,15412237249255049903,1180610510407373400,0.25082640000618994,,,batch-null-confirmation-20260821-001
confirmation,70,8,0.048698035606859445,0.71,null_statistics/batch-70-replication-8.npy,batch-null-confirmation,5582274540493117705,1049102050712668315,16512524230980682963,0.24785100000735838,,,batch-null-confirmation-20260821-001
confirmation,70,9,0.039941963468874485,0.965,null_statistics/batch-70-replication-9.npy,batch-null-confirmation,3401568130250344261,2549381476809147518,7192379396457777967,0.24603300000308082,,,batch-null-confirmation-20260821-001
confirmation,71,0,0.05462008237070521,0.4,null_statistics/batch-71-replication-0.npy,batch-null-confirmation,6814821793325274491,17084018948344878454,10142796532158765255,0.24864650001109112,,,batch-null-confirmation-20260821-001
confirmation,71,1,0.04430447634866611,0.86,null_statistics/batch-71-replication-1.npy,batch-null-confirmation,9901741066135824220,9856092086910896126,12177653180091610923,0.23045540000020992,,,batch-null-confirmation-20260821-001
confirmation,71,2,0.0538120861498031,0.455,null_statistics/batch-71-replication-2.npy,batch-null-confirmation,3838685646793842299,11666639434661998031,6999769395504916115,0.2462097000097856,,,batch-null-confirmation-20260821-001
confirmation,71,3,0.05670090547574388,0.41,null_statistics/batch-71-replication-3.npy,batch-null-confirmation,5736653822570736207,9277201870243721914,16702365808058374788,0.24417400000675116,,,batch-null-confirmation-20260821-001
confirmation,71,4,0.06439085327396503,0.19,null_statistics/batch-71-replication-4.npy,batch-null-confirmation,270678197066368283,4792284734224181760,12178472050846119689,0.2454487000068184,,,batch-null-confirmation-20260821-001
confirmation,71,5,0.0462787752053071,0.725,null_statistics/batch-71-replication-5.npy,batch-null-confirmation,15464872542043265298,4250018691444143415,18021775484995169349,0.2414961000031326,,,batch-null-confirmation-20260821-001
confirmation,71,6,0.06208023252672616,0.22,null_statistics/batch-71-replication-6.npy,batch-null-confirmation,15289365468245254836,9726401513671997504,12813893829098116952,0.24783759999263566,,,batch-null-confirmation-20260821-001
confirmation,71,7,0.049728464593135374,0.665,null_statistics/batch-71-replication-7.npy,batch-null-confirmation,8234361431317705120,2072499725430225136,804510312382775484,0.24432540000998415,,,batch-null-confirmation-20260821-001
confirmation,71,8,0.042985217765114714,0.9,null_statistics/batch-71-replication-8.npy,batch-null-confirmation,15412262412772912708,16930955169780949309,3032265849481409436,0.24187880000681616,,,batch-null-confirmation-20260821-001
confirmation,71,9,0.054173636620244256,0.36,null_statistics/batch-71-replication-9.npy,batch-null-confirmation,14442713333838532986,10932626556937067474,9382177840360638123,0.2446983999980148,,,batch-null-confirmation-20260821-001
confirmation,72,0,0.06533935616793364,0.125,null_statistics/batch-72-replication-0.npy,batch-null-confirmation,17573406265460098437,5334231903911770570,11177281462027821234,0.2510337999992771,,,batch-null-confirmation-20260821-001
confirmation,72,1,0.04746873626148213,0.685,null_statistics/batch-72-replication-1.npy,batch-null-confirmation,14166593310770402342,17785327333201998528,17887040831418451073,0.2467629000020679,,,batch-null-confirmation-20260821-001
confirmation,72,2,0.07218578589892552,0.07,null_statistics/batch-72-replication-2.npy,batch-null-confirmation,14343436548700787629,5766847679990694340,6897090214641010995,0.24493649999203626,,,batch-null-confirmation-20260821-001
confirmation,72,3,0.05181198795451217,0.535,null_statistics/batch-72-replication-3.npy,batch-null-confirmation,13571582261475466831,6017987334274046164,16110298960122934665,0.24770639999769628,,,batch-null-confirmation-20260821-001
confirmation,72,4,0.04519975037331427,0.805,null_statistics/batch-72-replication-4.npy,batch-null-confirmation,12197638873303343927,6519332994416440260,8279246714233635888,0.24542209999344777,,,batch-null-confirmation-20260821-001
confirmation,72,5,0.05714601392101181,0.345,null_statistics/batch-72-replication-5.npy,batch-null-confirmation,6369783260346432368,6491830082545612409,1499242638605491988,0.2509007000044221,,,batch-null-confirmation-20260821-001
confirmation,72,6,0.07732640848519237,0.055,null_statistics/batch-72-replication-6.npy,batch-null-confirmation,12046292299231028174,9872677142749254186,1830377654475191771,0.24838069999532308,,,batch-null-confirmation-20260821-001
confirmation,72,7,0.04547131053759634,0.86,null_statistics/batch-72-replication-7.npy,batch-null-confirmation,17486554506023316626,4427608198553493261,7550454630480800693,0.24746299999242183,,,batch-null-confirmation-20260821-001
confirmation,72,8,0.05309890672196775,0.44,null_statistics/batch-72-replication-8.npy,batch-null-confirmation,2113736176390977381,13830235758235711340,16755207500896309307,0.24525550000544172,,,batch-null-confirmation-20260821-001
confirmation,72,9,0.040277068918640906,0.975,null_statistics/batch-72-replication-9.npy,batch-null-confirmation,12295938636852313469,8909130313073189672,17710019374874243265,0.24815319999470375,,,batch-null-confirmation-20260821-001
confirmation,73,0,0.04149282499943421,0.935,null_statistics/batch-73-replication-0.npy,batch-null-confirmation,8544662879219405658,14732812893101831011,10478921808892068278,0.24490700000023935,,,batch-null-confirmation-20260821-001
confirmation,73,1,0.05087012256211663,0.595,null_statistics/batch-73-replication-1.npy,batch-null-confirmation,4112907050461012621,6614063807103786618,1194252488809800252,0.2473525000095833,,,batch-null-confirmation-20260821-001
confirmation,73,2,0.05027202791618078,0.67,null_statistics/batch-73-replication-2.npy,batch-null-confirmation,2962909360484551693,16354980783210561732,14341983771366017046,0.2646967000036966,,,batch-null-confirmation-20260821-001
confirmation,73,3,0.0550617376466282,0.43,null_statistics/batch-73-replication-3.npy,batch-null-confirmation,14039238710873841321,4352358962456958137,6076263475972724053,0.29566270000941586,,,batch-null-confirmation-20260821-001
confirmation,73,4,0.04140874826971289,0.93,null_statistics/batch-73-replication-4.npy,batch-null-confirmation,7687636884500786143,16461710948571200364,13862833102394435888,0.286741300005815,,,batch-null-confirmation-20260821-001
confirmation,73,5,0.09105414646538294,0.015,null_statistics/batch-73-replication-5.npy,batch-null-confirmation,7315274643806992653,13558522180661177211,9134865590076111663,0.2915344999928493,,,batch-null-confirmation-20260821-001
confirmation,73,6,0.06118048628118706,0.22,null_statistics/batch-73-replication-6.npy,batch-null-confirmation,14652003779643554256,492378238437823653,1956362008871991580,0.29837429999315646,,,batch-null-confirmation-20260821-001
confirmation,73,7,0.05258042047848209,0.46,null_statistics/batch-73-replication-7.npy,batch-null-confirmation,13069460285521352409,2115420897244305684,5214051927308887227,0.28439079999225214,,,batch-null-confirmation-20260821-001
confirmation,73,8,0.05190683035973189,0.585,null_statistics/batch-73-replication-8.npy,batch-null-confirmation,15620866723420482577,9905391103427052555,1845065778084975665,0.2930225000018254,,,batch-null-confirmation-20260821-001
confirmation,73,9,0.04359305399221075,0.9,null_statistics/batch-73-replication-9.npy,batch-null-confirmation,9186431899987649966,8779758793975906272,18396171050184961658,0.30340540000179317,,,batch-null-confirmation-20260821-001
confirmation,74,0,0.04541345817393235,0.805,null_statistics/batch-74-replication-0.npy,batch-null-confirmation,10658266253035266922,11362464778108288327,15352273361676899709,0.29632730000594165,,,batch-null-confirmation-20260821-001
confirmation,74,1,0.04663112719696599,0.815,null_statistics/batch-74-replication-1.npy,batch-null-confirmation,1218341650875333117,7696105859372023026,12981055842542875292,0.3102571000054013,,,batch-null-confirmation-20260821-001
confirmation,74,2,0.04995258321276295,0.61,null_statistics/batch-74-replication-2.npy,batch-null-confirmation,923814759567508995,11954404817400541639,9053964972568707349,0.2823417000035988,,,batch-null-confirmation-20260821-001
confirmation,74,3,0.053351888072844564,0.485,null_statistics/batch-74-replication-3.npy,batch-null-confirmation,12572524111025650810,13819240483471125509,5137795034413906473,0.2777243000018643,,,batch-null-confirmation-20260821-001
confirmation,74,4,0.04364740922814217,0.87,null_statistics/batch-74-replication-4.npy,batch-null-confirmation,5331068646852639646,11810034269805807728,2433696430162369702,0.29208939999807626,,,batch-null-confirmation-20260821-001
confirmation,74,5,0.03783372533480748,0.98,null_statistics/batch-74-replication-5.npy,batch-null-confirmation,2553700841488892068,13741301276921371970,2712562119103450185,0.2969271000038134,,,batch-null-confirmation-20260821-001
confirmation,74,6,0.05377429070815347,0.43,null_statistics/batch-74-replication-6.npy,batch-null-confirmation,12969597005477046393,6942543554603176824,10400929402198689962,0.2870678000035696,,,batch-null-confirmation-20260821-001
confirmation,74,7,0.0538113995952633,0.485,null_statistics/batch-74-replication-7.npy,batch-null-confirmation,3321297806380701126,12121446985185763717,18152404720148343941,0.267806699994253,,,batch-null-confirmation-20260821-001
confirmation,74,8,0.06801741822465375,0.14,null_statistics/batch-74-replication-8.npy,batch-null-confirmation,2208040684639765018,5459049714139559524,14505332999988904524,0.28915490000508726,,,batch-null-confirmation-20260821-001
confirmation,74,9,0.0680756414851853,0.18,null_statistics/batch-74-replication-9.npy,batch-null-confirmation,12225153786276688939,13538973403537565108,3613814537913719552,0.3055346999899484,,,batch-null-confirmation-20260821-001
confirmation,75,0,0.05975484494986104,0.315,null_statistics/batch-75-replication-0.npy,batch-null-confirmation,9334505161493654542,10249745369320622187,5874178946495815429,0.31583819999650586,,,batch-null-confirmation-20260821-001
confirmation,75,1,0.0481027055981462,0.725,null_statistics/batch-75-replication-1.npy,batch-null-confirmation,17593491200868086529,5981948593633547272,5571304999333008988,0.2822035999997752,,,batch-null-confirmation-20260821-001
confirmation,75,2,0.04255885373084632,0.885,null_statistics/batch-75-replication-2.npy,batch-null-confirmation,2853897011875264926,7864371974696202290,17450141585853626019,0.3124335000029532,,,batch-null-confirmation-20260821-001
confirmation,75,3,0.04098159373939256,0.93,null_statistics/batch-75-replication-3.npy,batch-null-confirmation,3483964354244259582,15218860192829881151,8441889448799015912,0.2552501000027405,,,batch-null-confirmation-20260821-001
confirmation,75,4,0.06000938633200049,0.28,null_statistics/batch-75-replication-4.npy,batch-null-confirmation,8956164265884175869,17981135551013453645,14106802227720650954,0.27789160000975244,,,batch-null-confirmation-20260821-001
confirmation,75,5,0.05426048048600416,0.475,null_statistics/batch-75-replication-5.npy,batch-null-confirmation,5047629430515217649,6342989955552924080,4621229242673765887,0.268467400004738,,,batch-null-confirmation-20260821-001
confirmation,75,6,0.03797037282055331,0.99,null_statistics/batch-75-replication-6.npy,batch-null-confirmation,17272227481229031597,10987961524872982446,14804064431993497705,0.3038053000054788,,,batch-null-confirmation-20260821-001
confirmation,75,7,0.0473195082121484,0.745,null_statistics/batch-75-replication-7.npy,batch-null-confirmation,1989873138402708819,4336383947524413056,1838125741731920171,0.26441289999638684,,,batch-null-confirmation-20260821-001
confirmation,75,8,0.05064169572609246,0.55,null_statistics/batch-75-replication-8.npy,batch-null-confirmation,3247991402654187859,150872029131128510,13094351230704704130,0.27727500000037253,,,batch-null-confirmation-20260821-001
confirmation,75,9,0.0465781236559864,0.7,null_statistics/batch-75-replication-9.npy,batch-null-confirmation,9044536071710767232,2723186145715264273,14846235450456075284,0.2694194000068819,,,batch-null-confirmation-20260821-001
confirmation,76,0,0.07596404214341218,0.035,null_statistics/batch-76-replication-0.npy,batch-null-confirmation,8410015379002136948,8650657124743587314,17786171379356708150,0.27444829999876674,,,batch-null-confirmation-20260821-001
confirmation,76,1,0.05414965193027237,0.475,null_statistics/batch-76-replication-1.npy,batch-null-confirmation,8333756017844735327,17713192914008519827,2416499730920193370,0.25473739999870304,,,batch-null-confirmation-20260821-001
confirmation,76,2,0.06169680771287747,0.26,null_statistics/batch-76-replication-2.npy,batch-null-confirmation,9045765909395024136,5617520900072879962,2710932242478346153,0.2520622000010917,,,batch-null-confirmation-20260821-001
confirmation,76,3,0.0392317006996443,0.965,null_statistics/batch-76-replication-3.npy,batch-null-confirmation,13176317562617590854,11894526241319397287,14637614484040938357,0.27271350000228267,,,batch-null-confirmation-20260821-001
confirmation,76,4,0.051823209260269766,0.575,null_statistics/batch-76-replication-4.npy,batch-null-confirmation,12684213994887754039,9360834795337072873,3247503827279517612,0.24579719999746885,,,batch-null-confirmation-20260821-001
confirmation,76,5,0.06058964274530407,0.31,null_statistics/batch-76-replication-5.npy,batch-null-confirmation,4039019594771028780,3821872685174521570,12487442977565769981,0.27686610000091605,,,batch-null-confirmation-20260821-001
confirmation,76,6,0.0510193268774513,0.655,null_statistics/batch-76-replication-6.npy,batch-null-confirmation,10718097877494660873,2909684428946418515,3338330805315599109,0.25228669999341946,,,batch-null-confirmation-20260821-001
confirmation,76,7,0.07764731999557369,0.065,null_statistics/batch-76-replication-7.npy,batch-null-confirmation,16039549478811359108,10009123220926710306,9034969786912327341,0.2572070999885909,,,batch-null-confirmation-20260821-001
confirmation,76,8,0.049156080382400685,0.625,null_statistics/batch-76-replication-8.npy,batch-null-confirmation,3914296877838493472,1502466437873539740,11935945341925503637,0.23703000000386965,,,batch-null-confirmation-20260821-001
confirmation,76,9,0.057169515600406694,0.38,null_statistics/batch-76-replication-9.npy,batch-null-confirmation,14552428885463592812,10560273450134187645,8789862347575484932,0.24597470001026522,,,batch-null-confirmation-20260821-001
confirmation,77,0,0.04643010835580108,0.765,null_statistics/batch-77-replication-0.npy,batch-null-confirmation,16147916704989337366,15210330226220980880,6994765713818709492,0.2518837999959942,,,batch-null-confirmation-20260821-001
confirmation,77,1,0.04494537825477659,0.88,null_statistics/batch-77-replication-1.npy,batch-null-confirmation,13175076120782675122,12402316131504294909,14892248593586199760,0.2454619000054663,,,batch-null-confirmation-20260821-001
confirmation,77,2,0.06257676284702846,0.19,null_statistics/batch-77-replication-2.npy,batch-null-confirmation,6196132988878818866,15469540400655828365,10496135385196091269,0.23386379999283236,,,batch-null-confirmation-20260821-001
confirmation,77,3,0.03825421915648181,0.995,null_statistics/batch-77-replication-3.npy,batch-null-confirmation,4267777271497294288,746757170671684487,14304287125744017055,0.2442789999913657,,,batch-null-confirmation-20260821-001
confirmation,77,4,0.05749446646555524,0.315,null_statistics/batch-77-replication-4.npy,batch-null-confirmation,9988006778814639536,17847587086298035545,7671865573282903250,0.24285490000329446,,,batch-null-confirmation-20260821-001
confirmation,77,5,0.07485148955696871,0.055,null_statistics/batch-77-replication-5.npy,batch-null-confirmation,500446602337308071,10954176859230046300,16762526931668405459,0.24545259999285918,,,batch-null-confirmation-20260821-001
confirmation,77,6,0.045842803645900015,0.78,null_statistics/batch-77-replication-6.npy,batch-null-confirmation,14249229717501141021,13960450766753586856,15948910426141533126,0.25443169999925885,,,batch-null-confirmation-20260821-001
confirmation,77,7,0.05030282175893341,0.62,null_statistics/batch-77-replication-7.npy,batch-null-confirmation,3722891245351572672,13823939300416693247,2056517878369746900,0.2877842000016244,,,batch-null-confirmation-20260821-001
confirmation,77,8,0.05282219617720348,0.52,null_statistics/batch-77-replication-8.npy,batch-null-confirmation,7216003153959831227,15305669483073039039,3886797818065291186,0.26865700000780635,,,batch-null-confirmation-20260821-001
confirmation,77,9,0.04558056043234288,0.805,null_statistics/batch-77-replication-9.npy,batch-null-confirmation,8798334889934473969,16392235798189191062,9456515147596263169,0.28445629999623634,,,batch-null-confirmation-20260821-001
confirmation,78,0,0.047641427799231716,0.755,null_statistics/batch-78-replication-0.npy,batch-null-confirmation,10871087818375957543,7180483962234301219,16319815529173060649,0.2911699999967823,,,batch-null-confirmation-20260821-001
confirmation,78,1,0.05589975997299346,0.41,null_statistics/batch-78-replication-1.npy,batch-null-confirmation,163086394872346039,185355435505508592,15467303254729824505,0.2808281000034185,,,batch-null-confirmation-20260821-001
confirmation,78,2,0.041243820364010315,0.935,null_statistics/batch-78-replication-2.npy,batch-null-confirmation,17269462085028642918,6170718874879589935,9962623841608646823,0.27843469999788795,,,batch-null-confirmation-20260821-001
confirmation,78,3,0.06609045741074993,0.14,null_statistics/batch-78-replication-3.npy,batch-null-confirmation,6151853497843984149,17320183838436668821,3893681776528406892,0.2992358999908902,,,batch-null-confirmation-20260821-001
confirmation,78,4,0.056187803724174507,0.4,null_statistics/batch-78-replication-4.npy,batch-null-confirmation,2840366092364946121,9386133598667550625,4319895249796079904,0.27110630000242963,,,batch-null-confirmation-20260821-001
confirmation,78,5,0.04496972808528575,0.835,null_statistics/batch-78-replication-5.npy,batch-null-confirmation,7462623079088041999,13185272548630640268,4517314806114753831,0.25294039999425877,,,batch-null-confirmation-20260821-001
confirmation,78,6,0.046219386886721246,0.8,null_statistics/batch-78-replication-6.npy,batch-null-confirmation,17586840876671830715,18041932315661619,1973364772212040091,0.2803540000022622,,,batch-null-confirmation-20260821-001
confirmation,78,7,0.04291342952901662,0.915,null_statistics/batch-78-replication-7.npy,batch-null-confirmation,18252556248358780040,5258289482479653646,7603563636025362310,0.2692955000093207,,,batch-null-confirmation-20260821-001
confirmation,78,8,0.07048810007559758,0.06,null_statistics/batch-78-replication-8.npy,batch-null-confirmation,1973277765953407364,4896551100940189939,13253700792664584836,0.2700045000092359,,,batch-null-confirmation-20260821-001
confirmation,78,9,0.06352980999098966,0.19,null_statistics/batch-78-replication-9.npy,batch-null-confirmation,15420080875936126224,11446372081552816159,7555605990867525713,0.3161876000085613,,,batch-null-confirmation-20260821-001
confirmation,79,0,0.05915852279017253,0.3,null_statistics/batch-79-replication-0.npy,batch-null-confirmation,11732629500429893482,14772756223581408589,4224941888332159448,0.284667999992962,,,batch-null-confirmation-20260821-001
confirmation,79,1,0.06177287082892233,0.19,null_statistics/batch-79-replication-1.npy,batch-null-confirmation,14939840732261548274,7419679824203993602,14111387041882956328,0.2593553999904543,,,batch-null-confirmation-20260821-001
confirmation,79,2,0.0571961035187046,0.39,null_statistics/batch-79-replication-2.npy,batch-null-confirmation,18359659013547770210,3898433360065863219,5588450194581099482,0.2793857000069693,,,batch-null-confirmation-20260821-001
confirmation,79,3,0.04278248517499987,0.89,null_statistics/batch-79-replication-3.npy,batch-null-confirmation,4851026787333587811,14193775306516133511,16525489428528386518,0.27300230000400916,,,batch-null-confirmation-20260821-001
confirmation,79,4,0.04531252112273626,0.835,null_statistics/batch-79-replication-4.npy,batch-null-confirmation,4199229401468743035,9302843844167580728,2976028687387955259,0.2594492999924114,,,batch-null-confirmation-20260821-001
confirmation,79,5,0.07056656882337023,0.115,null_statistics/batch-79-replication-5.npy,batch-null-confirmation,6637680660003999166,15796354084312900128,997315140758529678,0.2463590999977896,,,batch-null-confirmation-20260821-001
confirmation,79,6,0.07074436804555062,0.095,null_statistics/batch-79-replication-6.npy,batch-null-confirmation,1425823693696382537,10195014273885019998,8582957642490986863,0.24292779999086633,,,batch-null-confirmation-20260821-001
confirmation,79,7,0.06045680482649424,0.245,null_statistics/batch-79-replication-7.npy,batch-null-confirmation,13007872199907938702,15557181897419391642,12798894127803196564,0.2537542000063695,,,batch-null-confirmation-20260821-001
confirmation,79,8,0.0433304814149777,0.895,null_statistics/batch-79-replication-8.npy,batch-null-confirmation,17587634921322045371,17025859315933589229,14785843177683227913,0.2810017999872798,,,batch-null-confirmation-20260821-001
confirmation,79,9,0.04445524758113232,0.835,null_statistics/batch-79-replication-9.npy,batch-null-confirmation,13263716492260375737,732274110486007605,15968290399390186666,0.25490119999449234,,,batch-null-confirmation-20260821-001
confirmation,80,0,0.057443268968277145,0.39,null_statistics/batch-80-replication-0.npy,batch-null-confirmation,17982479487669546393,3852428525768154830,8992254263822178116,0.25926829999662004,,,batch-null-confirmation-20260821-001
confirmation,80,1,0.05181431182572521,0.585,null_statistics/batch-80-replication-1.npy,batch-null-confirmation,17046242093356303468,1198162229245891792,18369158984603504491,0.27790379998623393,,,batch-null-confirmation-20260821-001
confirmation,80,2,0.06257356163506284,0.23,null_statistics/batch-80-replication-2.npy,batch-null-confirmation,5093685789793247122,9524699186665697674,1137120814447969621,0.25116329999582376,,,batch-null-confirmation-20260821-001
confirmation,80,3,0.05122593333682581,0.59,null_statistics/batch-80-replication-3.npy,batch-null-confirmation,15176399408785447062,4418586189424908444,15921022950855799316,0.2716021000087494,,,batch-null-confirmation-20260821-001
confirmation,80,4,0.04985291592913346,0.605,null_statistics/batch-80-replication-4.npy,batch-null-confirmation,5086358855590260223,18202426243031886050,5113295412781213961,0.26047660000040196,,,batch-null-confirmation-20260821-001
confirmation,80,5,0.06731017970595249,0.18,null_statistics/batch-80-replication-5.npy,batch-null-confirmation,3206148677663592799,2873456905860209614,2098374465208284101,0.2721195999911288,,,batch-null-confirmation-20260821-001
confirmation,80,6,0.04591321338614699,0.735,null_statistics/batch-80-replication-6.npy,batch-null-confirmation,13126058182954855019,5925068509612076396,10587273079379662560,0.2810668000020087,,,batch-null-confirmation-20260821-001
confirmation,80,7,0.04990205022165506,0.66,null_statistics/batch-80-replication-7.npy,batch-null-confirmation,15460461917320316551,17010976835999962484,14721348969870466145,0.2722700000012992,,,batch-null-confirmation-20260821-001
confirmation,80,8,0.0673552132779958,0.155,null_statistics/batch-80-replication-8.npy,batch-null-confirmation,5050496208308611097,7431506799816146570,9137339330127052953,0.2668532999960007,,,batch-null-confirmation-20260821-001
confirmation,80,9,0.06378273616634149,0.2,null_statistics/batch-80-replication-9.npy,batch-null-confirmation,16378704154248689140,9800535279606740320,12478663396599538536,0.25046140000631567,,,batch-null-confirmation-20260821-001
confirmation,81,0,0.045062968332973276,0.82,null_statistics/batch-81-replication-0.npy,batch-null-confirmation,6039629653133365511,10030192503406171896,2536575991287292217,0.277687199995853,,,batch-null-confirmation-20260821-001
confirmation,81,1,0.05771603150673163,0.315,null_statistics/batch-81-replication-1.npy,batch-null-confirmation,4456367947287878076,3215462085983663221,1995804676330260378,0.2686945999885211,,,batch-null-confirmation-20260821-001
confirmation,81,2,0.04329449805419155,0.945,null_statistics/batch-81-replication-2.npy,batch-null-confirmation,11125879348970786041,3345383618785611283,16780573807511642183,0.2575644000025932,,,batch-null-confirmation-20260821-001
confirmation,81,3,0.05550121819219636,0.37,null_statistics/batch-81-replication-3.npy,batch-null-confirmation,9285985396907784600,8924616021806869457,7398621091516687413,0.29201540000212844,,,batch-null-confirmation-20260821-001
confirmation,81,4,0.048857317272083416,0.745,null_statistics/batch-81-replication-4.npy,batch-null-confirmation,2914013949062902581,15871834971883492298,12199430515885014740,0.25715789999230765,,,batch-null-confirmation-20260821-001
confirmation,81,5,0.07654221101113669,0.03,null_statistics/batch-81-replication-5.npy,batch-null-confirmation,1863623133387427157,5770662753689672012,3404845925208489603,0.2765536999941105,,,batch-null-confirmation-20260821-001
confirmation,81,6,0.054419035973675686,0.51,null_statistics/batch-81-replication-6.npy,batch-null-confirmation,11158903402695306648,12138152941794085607,3760321549832865244,0.26562819999526255,,,batch-null-confirmation-20260821-001
confirmation,81,7,0.051944077473434644,0.535,null_statistics/batch-81-replication-7.npy,batch-null-confirmation,2729574308445507264,15877935800005546555,16735039323822588375,0.26576149999164045,,,batch-null-confirmation-20260821-001
confirmation,81,8,0.04867741520946958,0.615,null_statistics/batch-81-replication-8.npy,batch-null-confirmation,16951929116854238430,4952991967424514679,2815512749453062947,0.2819712000055006,,,batch-null-confirmation-20260821-001
confirmation,81,9,0.05350042455856012,0.515,null_statistics/batch-81-replication-9.npy,batch-null-confirmation,16276792550238375687,16070790926262050723,7504020921717883226,0.2822240000095917,,,batch-null-confirmation-20260821-001
confirmation,82,0,0.0507787627234416,0.54,null_statistics/batch-82-replication-0.npy,batch-null-confirmation,13037601766218110151,17683419760562651804,16896018906570530067,0.2770142999943346,,,batch-null-confirmation-20260821-001
confirmation,82,1,0.048743627042676624,0.7,null_statistics/batch-82-replication-1.npy,batch-null-confirmation,2862431794479675145,4323722720822937835,11218520706958713119,0.2694049999990966,,,batch-null-confirmation-20260821-001
confirmation,82,2,0.05880567272683659,0.27,null_statistics/batch-82-replication-2.npy,batch-null-confirmation,18416664845081435715,5886166162876721939,12313494732051207368,0.26422070000262465,,,batch-null-confirmation-20260821-001
confirmation,82,3,0.054047183478886526,0.45,null_statistics/batch-82-replication-3.npy,batch-null-confirmation,3078196401735793959,1784036741197809511,10139796411779199399,0.26864490000298247,,,batch-null-confirmation-20260821-001
confirmation,82,4,0.04111638883472426,0.955,null_statistics/batch-82-replication-4.npy,batch-null-confirmation,2787531030673415517,1681585637883959620,13238569409522584676,0.25818879999860656,,,batch-null-confirmation-20260821-001
confirmation,82,5,0.09032676501373066,0.015,null_statistics/batch-82-replication-5.npy,batch-null-confirmation,8494726381957754116,1056343951206261658,14287972549588798388,0.28154019999783486,,,batch-null-confirmation-20260821-001
confirmation,82,6,0.06386852018147374,0.2,null_statistics/batch-82-replication-6.npy,batch-null-confirmation,15201028877169954820,15410652641361732939,10242272467119820933,0.24731409999367315,,,batch-null-confirmation-20260821-001
confirmation,82,7,0.04265779960282151,0.905,null_statistics/batch-82-replication-7.npy,batch-null-confirmation,10370743632675105721,152732209174036970,14677470432513574792,0.28357700000924524,,,batch-null-confirmation-20260821-001
confirmation,82,8,0.06855275121528445,0.13,null_statistics/batch-82-replication-8.npy,batch-null-confirmation,2909983702483152861,13688097982201639212,5000499403403246114,0.26611399999819696,,,batch-null-confirmation-20260821-001
confirmation,82,9,0.06120306262257298,0.275,null_statistics/batch-82-replication-9.npy,batch-null-confirmation,5039101838160796659,12516970745706173622,13728774746010043627,0.2577677999943262,,,batch-null-confirmation-20260821-001
confirmation,83,0,0.052335061057444836,0.465,null_statistics/batch-83-replication-0.npy,batch-null-confirmation,3769471225208921548,7810754893078082213,2216677380929031903,0.2863671999948565,,,batch-null-confirmation-20260821-001
confirmation,83,1,0.05456840144808664,0.41,null_statistics/batch-83-replication-1.npy,batch-null-confirmation,15638693619489621533,12893758828074233137,4868557644717778833,0.25280950000160374,,,batch-null-confirmation-20260821-001
confirmation,83,2,0.04357849518440368,0.915,null_statistics/batch-83-replication-2.npy,batch-null-confirmation,15231320825123757958,7110208014531473500,4826657342259041560,0.261109300001408,,,batch-null-confirmation-20260821-001
confirmation,83,3,0.04760329701253699,0.76,null_statistics/batch-83-replication-3.npy,batch-null-confirmation,6409446199152605813,1747608216593212475,3163420312777393659,0.2402758999960497,,,batch-null-confirmation-20260821-001
confirmation,83,4,0.050950521866096575,0.535,null_statistics/batch-83-replication-4.npy,batch-null-confirmation,14548194674701780774,6204440701727357462,5510504888543916593,0.2448013999965042,,,batch-null-confirmation-20260821-001
confirmation,83,5,0.05360666908167287,0.48,null_statistics/batch-83-replication-5.npy,batch-null-confirmation,12175747013272186061,1451855004770844262,14378088570154902387,0.26412219999474473,,,batch-null-confirmation-20260821-001
confirmation,83,6,0.04286156338797839,0.91,null_statistics/batch-83-replication-6.npy,batch-null-confirmation,2474707642501509069,15496035916853288529,11240860070311484862,0.2698690999968676,,,batch-null-confirmation-20260821-001
confirmation,83,7,0.05392876141029957,0.48,null_statistics/batch-83-replication-7.npy,batch-null-confirmation,7815670535121748278,5890141542888274192,6591316349586603401,0.26831359999778215,,,batch-null-confirmation-20260821-001
confirmation,83,8,0.05919400579198445,0.305,null_statistics/batch-83-replication-8.npy,batch-null-confirmation,901273397648785,8267660612717750475,1933443626309142311,0.2890460000053281,,,batch-null-confirmation-20260821-001
confirmation,83,9,0.05734321289407075,0.38,null_statistics/batch-83-replication-9.npy,batch-null-confirmation,18032470596021331219,10477675503997590717,18322495326679186622,0.27656449998903554,,,batch-null-confirmation-20260821-001
confirmation,84,0,0.049311310382572617,0.72,null_statistics/batch-84-replication-0.npy,batch-null-confirmation,13015804475550246464,12675423155773635373,8421241759401768856,0.27422419999493286,,,batch-null-confirmation-20260821-001
confirmation,84,1,0.06721794771162022,0.115,null_statistics/batch-84-replication-1.npy,batch-null-confirmation,13142856463339650362,11868892650966421716,13126536377118517036,0.2566925999999512,,,batch-null-confirmation-20260821-001
confirmation,84,2,0.04908645077777237,0.67,null_statistics/batch-84-replication-2.npy,batch-null-confirmation,6175743708322825061,14389632919186985861,9551084290196723768,0.26651099999435246,,,batch-null-confirmation-20260821-001
confirmation,84,3,0.04692089822565632,0.745,null_statistics/batch-84-replication-3.npy,batch-null-confirmation,17402168387917921839,6274823521447937790,9430955419258676487,0.26039339999260847,,,batch-null-confirmation-20260821-001
confirmation,84,4,0.05053231305164994,0.6,null_statistics/batch-84-replication-4.npy,batch-null-confirmation,9811980500881373225,10769961517597457874,7103996205551204374,0.2346090000064578,,,batch-null-confirmation-20260821-001
confirmation,84,5,0.03692332860176988,1.0,null_statistics/batch-84-replication-5.npy,batch-null-confirmation,3626187632821304476,16349513761500035528,14255667990477234267,0.26776170000084676,,,batch-null-confirmation-20260821-001
confirmation,84,6,0.06069276959149912,0.25,null_statistics/batch-84-replication-6.npy,batch-null-confirmation,7392216617450157213,3537642727849295672,7302820007323160579,0.25745619999361224,,,batch-null-confirmation-20260821-001
confirmation,84,7,0.05189770660718117,0.53,null_statistics/batch-84-replication-7.npy,batch-null-confirmation,13360105661900286703,18110749399604336751,14287558778762906267,0.24527999998827,,,batch-null-confirmation-20260821-001
confirmation,84,8,0.0616190745509352,0.26,null_statistics/batch-84-replication-8.npy,batch-null-confirmation,9311901293564609770,2295302941233475933,2101383311058532764,0.27358369999274146,,,batch-null-confirmation-20260821-001
confirmation,84,9,0.04116465048072709,0.975,null_statistics/batch-84-replication-9.npy,batch-null-confirmation,7784344881489567813,10039065063691974711,9153133399382271476,0.28581460000714287,,,batch-null-confirmation-20260821-001
confirmation,85,0,0.08989327931748578,0.03,null_statistics/batch-85-replication-0.npy,batch-null-confirmation,10317272725383197154,15715422355204075074,10455054388689132247,0.2628729999996722,,,batch-null-confirmation-20260821-001
confirmation,85,1,0.06388046172495068,0.245,null_statistics/batch-85-replication-1.npy,batch-null-confirmation,10938044691701123742,740034010097375924,1487872879352679611,0.24803970000357367,,,batch-null-confirmation-20260821-001
confirmation,85,2,0.045243730978528345,0.87,null_statistics/batch-85-replication-2.npy,batch-null-confirmation,3389647339498756781,6374562014310041875,12874691320484893551,0.2736176000034902,,,batch-null-confirmation-20260821-001
confirmation,85,3,0.060467069933213095,0.305,null_statistics/batch-85-replication-3.npy,batch-null-confirmation,10031936510093026929,2688398768541242783,4950768621897456186,0.2698677000007592,,,batch-null-confirmation-20260821-001
confirmation,85,4,0.04859676403084756,0.685,null_statistics/batch-85-replication-4.npy,batch-null-confirmation,4240437553163621998,17676810246447999045,6967934313350233553,0.2616141000034986,,,batch-null-confirmation-20260821-001
confirmation,85,5,0.058748966647616245,0.31,null_statistics/batch-85-replication-5.npy,batch-null-confirmation,5149785572749069653,8883564159097054501,4119448880574849982,0.28233029998955317,,,batch-null-confirmation-20260821-001
confirmation,85,6,0.042932592797114956,0.905,null_statistics/batch-85-replication-6.npy,batch-null-confirmation,16478769135477972617,17734768557598487088,1157706513528938489,0.2896949999994831,,,batch-null-confirmation-20260821-001
confirmation,85,7,0.05226810658302422,0.495,null_statistics/batch-85-replication-7.npy,batch-null-confirmation,31438260949961294,11131523730001548845,10923971523089735502,0.2720495999965351,,,batch-null-confirmation-20260821-001
confirmation,85,8,0.053073967184228056,0.53,null_statistics/batch-85-replication-8.npy,batch-null-confirmation,8579612372429514230,12359470588854500336,3484090155242184693,0.27748780000547413,,,batch-null-confirmation-20260821-001
confirmation,85,9,0.04468537506251321,0.89,null_statistics/batch-85-replication-9.npy,batch-null-confirmation,7314552295943565988,4105403466781522159,17785253131103887668,0.2924475000036182,,,batch-null-confirmation-20260821-001
confirmation,86,0,0.058546589979559374,0.345,null_statistics/batch-86-replication-0.npy,batch-null-confirmation,10919032501011414852,6728332773669247154,3770661042951217468,0.2631013000063831,,,batch-null-confirmation-20260821-001
confirmation,86,1,0.05460130999475277,0.46,null_statistics/batch-86-replication-1.npy,batch-null-confirmation,6163830888420936529,6704279855642420114,17167129455386149768,0.2785040000017034,,,batch-null-confirmation-20260821-001
confirmation,86,2,0.06622799511907412,0.18,null_statistics/batch-86-replication-2.npy,batch-null-confirmation,760805083071181775,13024786151015230565,9728753933826924726,0.2583913999987999,,,batch-null-confirmation-20260821-001
confirmation,86,3,0.04767518582232353,0.75,null_statistics/batch-86-replication-3.npy,batch-null-confirmation,3304976269184592726,1315174441381711131,1741338611457672093,0.2727311000053305,,,batch-null-confirmation-20260821-001
confirmation,86,4,0.03948542783369962,0.965,null_statistics/batch-86-replication-4.npy,batch-null-confirmation,8915972153810574950,79877200830995721,15946561990874397059,0.2694515999901341,,,batch-null-confirmation-20260821-001
confirmation,86,5,0.06970627134564512,0.1,null_statistics/batch-86-replication-5.npy,batch-null-confirmation,12678286269434256557,4475365061478091159,3171930553981275249,0.2801783000031719,,,batch-null-confirmation-20260821-001
confirmation,86,6,0.04699676240378886,0.79,null_statistics/batch-86-replication-6.npy,batch-null-confirmation,14048368846297598789,3480884981660593264,1827841024007568348,0.2698267000087071,,,batch-null-confirmation-20260821-001
confirmation,86,7,0.04537565876675002,0.825,null_statistics/batch-86-replication-7.npy,batch-null-confirmation,2161690040629045536,5867126163588664334,7671565924771519177,0.28461909999896307,,,batch-null-confirmation-20260821-001
confirmation,86,8,0.05773610436001725,0.365,null_statistics/batch-86-replication-8.npy,batch-null-confirmation,12895541747690765519,13768447337579154094,17512770059413905759,0.27667940000537783,,,batch-null-confirmation-20260821-001
confirmation,86,9,0.046682501231431764,0.8,null_statistics/batch-86-replication-9.npy,batch-null-confirmation,9302448559289780522,2182642541956674097,3814887901547158473,0.2651251999923261,,,batch-null-confirmation-20260821-001
confirmation,87,0,0.05228338113450705,0.5,null_statistics/batch-87-replication-0.npy,batch-null-confirmation,13225781178774803988,12913333522222297910,17687880945756992509,0.2695793000020785,,,batch-null-confirmation-20260821-001
confirmation,87,1,0.08600335249561791,0.02,null_statistics/batch-87-replication-1.npy,batch-null-confirmation,14611858179928323147,6013194676892435326,5283178493848282648,0.2781828000006499,,,batch-null-confirmation-20260821-001
confirmation,87,2,0.06613293664196547,0.13,null_statistics/batch-87-replication-2.npy,batch-null-confirmation,2226925238125125123,4121634828994301686,6737782727265605322,0.273045900001307,,,batch-null-confirmation-20260821-001
confirmation,87,3,0.04578285167588558,0.85,null_statistics/batch-87-replication-3.npy,batch-null-confirmation,3897104829738775038,7516307876409355381,11387253391059449035,0.2761876000004122,,,batch-null-confirmation-20260821-001
confirmation,87,4,0.07422089002808989,0.07,null_statistics/batch-87-replication-4.npy,batch-null-confirmation,2954528082631028127,9447656492628068810,6848168753106606847,0.27845939999679103,,,batch-null-confirmation-20260821-001
confirmation,87,5,0.04174436001891099,0.935,null_statistics/batch-87-replication-5.npy,batch-null-confirmation,10637570171840068874,9679482475048630648,1988463610044691817,0.2677321000082884,,,batch-null-confirmation-20260821-001
confirmation,87,6,0.04245293678137307,0.915,null_statistics/batch-87-replication-6.npy,batch-null-confirmation,1584988194883484469,9685495096097852620,3807612205767855024,0.2515064000035636,,,batch-null-confirmation-20260821-001
confirmation,87,7,0.07017046269701015,0.14,null_statistics/batch-87-replication-7.npy,batch-null-confirmation,10846760137105494762,6564130815135610074,172027475821610620,0.25211650000710506,,,batch-null-confirmation-20260821-001
confirmation,87,8,0.06181737431445825,0.26,null_statistics/batch-87-replication-8.npy,batch-null-confirmation,12971125933910485648,15750093336689637892,6206889617190544067,0.24703910000971518,,,batch-null-confirmation-20260821-001
confirmation,87,9,0.05754400725763109,0.35,null_statistics/batch-87-replication-9.npy,batch-null-confirmation,3655084010693259219,1217471669956990220,2041585745176506172,0.2417113999981666,,,batch-null-confirmation-20260821-001
confirmation,88,0,0.06923730509050167,0.11,null_statistics/batch-88-replication-0.npy,batch-null-confirmation,17319599838542621783,14933216329488090950,1492021366877668933,0.24994049999804702,,,batch-null-confirmation-20260821-001
confirmation,88,1,0.045332031952836534,0.86,null_statistics/batch-88-replication-1.npy,batch-null-confirmation,9605028125247321813,5353033277403324270,8531760969197232467,0.24410140000691172,,,batch-null-confirmation-20260821-001
confirmation,88,2,0.052195173386403663,0.545,null_statistics/batch-88-replication-2.npy,batch-null-confirmation,17487697818499805074,9961267307833373872,5269551518580402032,0.2660775999975158,,,batch-null-confirmation-20260821-001
confirmation,88,3,0.048171284237252934,0.73,null_statistics/batch-88-replication-3.npy,batch-null-confirmation,12151599983155955730,7317120256802186377,16753097004103207679,0.26492650000727735,,,batch-null-confirmation-20260821-001
confirmation,88,4,0.05671079345039909,0.435,null_statistics/batch-88-replication-4.npy,batch-null-confirmation,10107464610346047158,4190762109644260762,6060473326855580780,0.2703563000104623,,,batch-null-confirmation-20260821-001
confirmation,88,5,0.047501687434043705,0.72,null_statistics/batch-88-replication-5.npy,batch-null-confirmation,2852543504102169549,10235856682065430556,17808103986069647996,0.255384399992181,,,batch-null-confirmation-20260821-001
confirmation,88,6,0.05517428299164616,0.385,null_statistics/batch-88-replication-6.npy,batch-null-confirmation,7046840300289832510,7503183627857069337,4794792733167740918,0.25364160000754055,,,batch-null-confirmation-20260821-001
confirmation,88,7,0.06502724523128225,0.205,null_statistics/batch-88-replication-7.npy,batch-null-confirmation,13365764085418800032,6743529927631376762,17365477996120979015,0.22850880000623874,,,batch-null-confirmation-20260821-001
confirmation,88,8,0.043705234681762364,0.865,null_statistics/batch-88-replication-8.npy,batch-null-confirmation,9220021345474350070,11113193491269421782,11970016568702673483,0.2514426999987336,,,batch-null-confirmation-20260821-001
confirmation,88,9,0.04473647767722432,0.83,null_statistics/batch-88-replication-9.npy,batch-null-confirmation,4276476483540582964,2666668549043559326,14149580203261382174,0.2504670000053011,,,batch-null-confirmation-20260821-001
confirmation,89,0,0.07353792278601362,0.09,null_statistics/batch-89-replication-0.npy,batch-null-confirmation,5784933517536742245,12198993239295898260,16823693535751733262,0.24917539999296423,,,batch-null-confirmation-20260821-001
confirmation,89,1,0.05154488633610325,0.54,null_statistics/batch-89-replication-1.npy,batch-null-confirmation,5071927617990908891,14963678296553024711,12716054393265901262,0.253301000004285,,,batch-null-confirmation-20260821-001
confirmation,89,2,0.05014550206763168,0.675,null_statistics/batch-89-replication-2.npy,batch-null-confirmation,18158587034395849489,914134661073802435,10878574068343675167,0.23551459998998325,,,batch-null-confirmation-20260821-001
confirmation,89,3,0.07061478186935428,0.125,null_statistics/batch-89-replication-3.npy,batch-null-confirmation,8936485421557441257,15404091168986577842,5610501401830835251,0.24506339999788906,,,batch-null-confirmation-20260821-001
confirmation,89,4,0.08005292105928401,0.04,null_statistics/batch-89-replication-4.npy,batch-null-confirmation,15938803708836178353,15047838327396807356,17074448157636340188,0.24814399999741,,,batch-null-confirmation-20260821-001
confirmation,89,5,0.04954889269434976,0.665,null_statistics/batch-89-replication-5.npy,batch-null-confirmation,12286905568147017300,7498336650663820288,14260461231540098280,0.2458246999885887,,,batch-null-confirmation-20260821-001
confirmation,89,6,0.05207088377335299,0.51,null_statistics/batch-89-replication-6.npy,batch-null-confirmation,70513814900990992,16882089584920760028,14983602506297053081,0.2480958000087412,,,batch-null-confirmation-20260821-001
confirmation,89,7,0.05257179409551867,0.47,null_statistics/batch-89-replication-7.npy,batch-null-confirmation,4269602229938823363,11260989855374903926,15076013364899690152,0.24111099999572616,,,batch-null-confirmation-20260821-001
confirmation,89,8,0.0458963994621417,0.75,null_statistics/batch-89-replication-8.npy,batch-null-confirmation,1454330288493712993,17084357953683834746,15224542763979638364,0.24389979999978095,,,batch-null-confirmation-20260821-001
confirmation,89,9,0.08002139993726885,0.03,null_statistics/batch-89-replication-9.npy,batch-null-confirmation,574648785308915226,10308824065641109927,534957964040373887,0.2563030999881448,,,batch-null-confirmation-20260821-001
confirmation,90,0,0.0754400044801411,0.05,null_statistics/batch-90-replication-0.npy,batch-null-confirmation,15654739016336664754,9660263384417871029,8795389361960771445,0.2746041000063997,,,batch-null-confirmation-20260821-001
confirmation,90,1,0.053665203846313826,0.505,null_statistics/batch-90-replication-1.npy,batch-null-confirmation,15132070812022763993,7796720788550573449,16020862381197930504,0.26106869999784976,,,batch-null-confirmation-20260821-001
confirmation,90,2,0.05174278026276111,0.495,null_statistics/batch-90-replication-2.npy,batch-null-confirmation,9841820219167661879,2424218447431402919,6620255820166236284,0.26903159999346826,,,batch-null-confirmation-20260821-001
confirmation,90,3,0.06294120233936029,0.205,null_statistics/batch-90-replication-3.npy,batch-null-confirmation,2465790186757957635,12697275076313681575,15277206489935808570,0.24897369999962393,,,batch-null-confirmation-20260821-001
confirmation,90,4,0.04216146309529415,0.89,null_statistics/batch-90-replication-4.npy,batch-null-confirmation,5027984756825118705,9208548713270451209,14133020602705905306,0.24791660001210403,,,batch-null-confirmation-20260821-001
confirmation,90,5,0.058984763293778164,0.31,null_statistics/batch-90-replication-5.npy,batch-null-confirmation,15960122238346234030,17699593387265042865,10917515717912247210,0.2569794000010006,,,batch-null-confirmation-20260821-001
confirmation,90,6,0.08067305847005038,0.015,null_statistics/batch-90-replication-6.npy,batch-null-confirmation,952131169629533989,2725290742785781329,5595912331525802044,0.23203870000725146,,,batch-null-confirmation-20260821-001
confirmation,90,7,0.053884193091042906,0.44,null_statistics/batch-90-replication-7.npy,batch-null-confirmation,17943918319129874138,12253658794030386936,4761070925855410785,0.2656711000017822,,,batch-null-confirmation-20260821-001
confirmation,90,8,0.05117533159823706,0.55,null_statistics/batch-90-replication-8.npy,batch-null-confirmation,7510989314901807103,8616075110300562394,6765841742121021319,0.25571230000059586,,,batch-null-confirmation-20260821-001
confirmation,90,9,0.04124400295538545,0.95,null_statistics/batch-90-replication-9.npy,batch-null-confirmation,7208658138693525647,11218956613474248942,4435866455872026071,0.2502796000044327,,,batch-null-confirmation-20260821-001
confirmation,91,0,0.07783947785421126,0.05,null_statistics/batch-91-replication-0.npy,batch-null-confirmation,10642732937809696985,9085812668830447885,4516621059593964637,0.25341600000683684,,,batch-null-confirmation-20260821-001
confirmation,91,1,0.047483455831115316,0.745,null_statistics/batch-91-replication-1.npy,batch-null-confirmation,13909784456025224338,2254487950686763891,7731846275351706644,0.2823503000108758,,,batch-null-confirmation-20260821-001
confirmation,91,2,0.05113727077071792,0.64,null_statistics/batch-91-replication-2.npy,batch-null-confirmation,4544189952107079254,4195299077478521942,18907735519695152,0.2640819000080228,,,batch-null-confirmation-20260821-001
confirmation,91,3,0.06005974146648709,0.22,null_statistics/batch-91-replication-3.npy,batch-null-confirmation,2875637456053554819,15233512544406978242,308638875141018821,0.2528940999909537,,,batch-null-confirmation-20260821-001
confirmation,91,4,0.04564699699319918,0.76,null_statistics/batch-91-replication-4.npy,batch-null-confirmation,5642808248190181215,18207369168006133635,13194422196462445505,0.2873025000008056,,,batch-null-confirmation-20260821-001
confirmation,91,5,0.053507620488022684,0.485,null_statistics/batch-91-replication-5.npy,batch-null-confirmation,3343939525006975158,17806947948272165895,2782957479632181086,0.23951289999240544,,,batch-null-confirmation-20260821-001
confirmation,91,6,0.05449664989645649,0.49,null_statistics/batch-91-replication-6.npy,batch-null-confirmation,10193343970762583971,8262728024538663881,544669150409578915,0.24110729999665637,,,batch-null-confirmation-20260821-001
confirmation,91,7,0.04451339164096601,0.905,null_statistics/batch-91-replication-7.npy,batch-null-confirmation,8194871176956683821,5902551359066530433,11537885450670621656,0.25345910000032745,,,batch-null-confirmation-20260821-001
confirmation,91,8,0.0604354261016619,0.33,null_statistics/batch-91-replication-8.npy,batch-null-confirmation,11553537968524940114,8460804691998092176,6102345337669359431,0.27218610000272747,,,batch-null-confirmation-20260821-001
confirmation,91,9,0.05274050219634674,0.465,null_statistics/batch-91-replication-9.npy,batch-null-confirmation,4819995481421055480,15890026537911917928,11479687043263730701,0.262811699998565,,,batch-null-confirmation-20260821-001
confirmation,92,0,0.0471247624962417,0.79,null_statistics/batch-92-replication-0.npy,batch-null-confirmation,2114446926181926333,9606725392925509308,339714082711262491,0.25276379998831544,,,batch-null-confirmation-20260821-001
confirmation,92,1,0.09424465255587039,0.005,null_statistics/batch-92-replication-1.npy,batch-null-confirmation,14207304317506437137,10668531657305376762,6539321638308383305,0.25978229999600444,,,batch-null-confirmation-20260821-001
confirmation,92,2,0.051477232924359725,0.505,null_statistics/batch-92-replication-2.npy,batch-null-confirmation,8138340408126090180,6101544023067912009,1303790681173593182,0.23308010000619106,,,batch-null-confirmation-20260821-001
confirmation,92,3,0.041940406299897655,0.945,null_statistics/batch-92-replication-3.npy,batch-null-confirmation,4974259082910296837,6737038316004235525,12650998118354806009,0.23801659999298863,,,batch-null-confirmation-20260821-001
confirmation,92,4,0.04441669505443465,0.86,null_statistics/batch-92-replication-4.npy,batch-null-confirmation,15461987993299190354,13632158666521119480,441578807828729105,0.25433879999036435,,,batch-null-confirmation-20260821-001
confirmation,92,5,0.04651689353558458,0.75,null_statistics/batch-92-replication-5.npy,batch-null-confirmation,809415686248956930,18265689028470308172,1115823684725111143,0.24929960000736173,,,batch-null-confirmation-20260821-001
confirmation,92,6,0.05619945337806375,0.385,null_statistics/batch-92-replication-6.npy,batch-null-confirmation,7992901718029110881,15105334087051672004,434014601610972312,0.24990409999736585,,,batch-null-confirmation-20260821-001
confirmation,92,7,0.0746076244295965,0.065,null_statistics/batch-92-replication-7.npy,batch-null-confirmation,14717186834331755539,15607197043469174825,9613449975977246511,0.2609210000082385,,,batch-null-confirmation-20260821-001
confirmation,92,8,0.04449052159875623,0.82,null_statistics/batch-92-replication-8.npy,batch-null-confirmation,14641513008989537402,8961755870749451381,1799480633798377712,0.25559749999956694,,,batch-null-confirmation-20260821-001
confirmation,92,9,0.06667909425183614,0.155,null_statistics/batch-92-replication-9.npy,batch-null-confirmation,13646657558193826343,1551328854465957235,4408050053912026478,0.2532792999991216,,,batch-null-confirmation-20260821-001
confirmation,93,0,0.05301725036809969,0.56,null_statistics/batch-93-replication-0.npy,batch-null-confirmation,11761020078807599021,14508988571327525980,14830842152204126623,0.2506049000076018,,,batch-null-confirmation-20260821-001
confirmation,93,1,0.05756500632336079,0.37,null_statistics/batch-93-replication-1.npy,batch-null-confirmation,12885647741815879476,3646654241948843063,3007132142445785144,0.2610543000046164,,,batch-null-confirmation-20260821-001
confirmation,93,2,0.08021563266709873,0.035,null_statistics/batch-93-replication-2.npy,batch-null-confirmation,13712242938802776982,6642300272967764326,13548433668038159075,0.2680891999916639,,,batch-null-confirmation-20260821-001
confirmation,93,3,0.09631057472825794,0.01,null_statistics/batch-93-replication-3.npy,batch-null-confirmation,2748762525149130928,5994498180367586812,8347990528441536526,0.2625442999997176,,,batch-null-confirmation-20260821-001
confirmation,93,4,0.07808026118696552,0.035,null_statistics/batch-93-replication-4.npy,batch-null-confirmation,14493927109684902918,4491767914748623037,14410031702886624040,0.24278859999321867,,,batch-null-confirmation-20260821-001
confirmation,93,5,0.045286281384456464,0.86,null_statistics/batch-93-replication-5.npy,batch-null-confirmation,9478725561223922319,800682281557943614,8705714968448755488,0.2507058000046527,,,batch-null-confirmation-20260821-001
confirmation,93,6,0.04383635007424725,0.88,null_statistics/batch-93-replication-6.npy,batch-null-confirmation,6260173695080005538,11058792099232606507,1728260519704752096,0.24836699999286793,,,batch-null-confirmation-20260821-001
confirmation,93,7,0.04189573156189951,0.9,null_statistics/batch-93-replication-7.npy,batch-null-confirmation,10527415014686386481,8937690234138253743,8340058549560022251,0.16553230000135954,,,batch-null-confirmation-20260821-001
confirmation,93,8,0.05222400683102021,0.57,null_statistics/batch-93-replication-8.npy,batch-null-confirmation,15097109987419030639,2331077415638430303,7720854970455025626,0.24658769999223296,,,batch-null-confirmation-20260821-001
confirmation,93,9,0.051956374758394035,0.565,null_statistics/batch-93-replication-9.npy,batch-null-confirmation,12852117119675581631,4262414744084354378,4376416527236463950,0.2338576999900397,,,batch-null-confirmation-20260821-001
confirmation,94,0,0.05741578804981459,0.39,null_statistics/batch-94-replication-0.npy,batch-null-confirmation,4547206280973338584,18052400440136286022,11912087361280683917,0.24676520000502933,,,batch-null-confirmation-20260821-001
confirmation,94,1,0.04770041422693163,0.745,null_statistics/batch-94-replication-1.npy,batch-null-confirmation,4722393081918817818,3634319311177828450,16626997761906188784,0.2447150999942096,,,batch-null-confirmation-20260821-001
confirmation,94,2,0.04981833758706234,0.61,null_statistics/batch-94-replication-2.npy,batch-null-confirmation,16094542807403907443,7402221129104740473,17691497211731792455,0.24771519999194425,,,batch-null-confirmation-20260821-001
confirmation,94,3,0.06264138781992812,0.2,null_statistics/batch-94-replication-3.npy,batch-null-confirmation,6129099969840160987,6389265851444739873,16925836741410185536,0.2420330000022659,,,batch-null-confirmation-20260821-001
confirmation,94,4,0.04875670677848308,0.7,null_statistics/batch-94-replication-4.npy,batch-null-confirmation,6563787882000645608,10014281943290975258,12889029888660228023,0.2331706000113627,,,batch-null-confirmation-20260821-001
confirmation,94,5,0.060953522361127936,0.265,null_statistics/batch-94-replication-5.npy,batch-null-confirmation,11109895497736864205,8625995658978948726,1213994513280013096,0.24704249999194872,,,batch-null-confirmation-20260821-001
confirmation,94,6,0.0526707469913691,0.465,null_statistics/batch-94-replication-6.npy,batch-null-confirmation,5133390715409238485,17654313374172774814,14561805356760690570,0.24322599999140948,,,batch-null-confirmation-20260821-001
confirmation,94,7,0.046588087955317735,0.76,null_statistics/batch-94-replication-7.npy,batch-null-confirmation,7278911970962902975,3340180456603570166,7705803597474115025,0.2442136999889044,,,batch-null-confirmation-20260821-001
confirmation,94,8,0.055355430959435924,0.31,null_statistics/batch-94-replication-8.npy,batch-null-confirmation,16986990386441626885,7926234966355105603,12059893391701127166,0.24721750000026077,,,batch-null-confirmation-20260821-001
confirmation,94,9,0.0533175396225982,0.52,null_statistics/batch-94-replication-9.npy,batch-null-confirmation,4578888002495109702,17353523335106551767,1156866435238538072,0.2479680999967968,,,batch-null-confirmation-20260821-001
confirmation,95,0,0.07545761109697877,0.06,null_statistics/batch-95-replication-0.npy,batch-null-confirmation,12842422696134687838,15136204249171115669,6771019406722094160,0.26347180000448134,,,batch-null-confirmation-20260821-001
confirmation,95,1,0.07805705542332773,0.05,null_statistics/batch-95-replication-1.npy,batch-null-confirmation,9080402524274703541,9904895462074490925,11424573997421729017,0.26160900000832044,,,batch-null-confirmation-20260821-001
confirmation,95,2,0.04806104506641711,0.74,null_statistics/batch-95-replication-2.npy,batch-null-confirmation,13564572445973875943,18379404955199283133,12202615907290003381,0.24981949999346398,,,batch-null-confirmation-20260821-001
confirmation,95,3,0.04996658942315135,0.7,null_statistics/batch-95-replication-3.npy,batch-null-confirmation,5369381263973317931,10267138149586749136,17548951530129297585,0.21392979999654926,,,batch-null-confirmation-20260821-001
confirmation,95,4,0.04261926871928135,0.89,null_statistics/batch-95-replication-4.npy,batch-null-confirmation,1215110166543754327,7656132393953742808,889639644688721406,0.23890729999402538,,,batch-null-confirmation-20260821-001
confirmation,95,5,0.050106663633664866,0.625,null_statistics/batch-95-replication-5.npy,batch-null-confirmation,723592435255303839,8867135472213606079,10694748168126213,0.22276299999793991,,,batch-null-confirmation-20260821-001
confirmation,95,6,0.042291053063901754,0.9,null_statistics/batch-95-replication-6.npy,batch-null-confirmation,15423297347403744153,3562267041116841804,3215806685859300184,0.26482860000396613,,,batch-null-confirmation-20260821-001
confirmation,95,7,0.04208315169561625,0.93,null_statistics/batch-95-replication-7.npy,batch-null-confirmation,7917403882188740251,17939596024964159361,15963487116471296419,0.28110649999871384,,,batch-null-confirmation-20260821-001
confirmation,95,8,0.03689196363298809,1.0,null_statistics/batch-95-replication-8.npy,batch-null-confirmation,15756478642431945542,2366176441759670061,14383059416460298821,0.25668340000265744,,,batch-null-confirmation-20260821-001
confirmation,95,9,0.05293134782306283,0.505,null_statistics/batch-95-replication-9.npy,batch-null-confirmation,4619198067394260504,15633534727624841299,13855864552107692535,0.2419452000031015,,,batch-null-confirmation-20260821-001
confirmation,96,0,0.048794856231673324,0.71,null_statistics/batch-96-replication-0.npy,batch-null-confirmation,6461640725684995137,15592635271576175692,16035708038672708718,0.2467705000017304,,,batch-null-confirmation-20260821-001
confirmation,96,1,0.06322147965463788,0.23,null_statistics/batch-96-replication-1.npy,batch-null-confirmation,11461047756423338913,8115043764936567107,11598602976997840715,0.24431199999526143,,,batch-null-confirmation-20260821-001
confirmation,96,2,0.04907712030753138,0.6,null_statistics/batch-96-replication-2.npy,batch-null-confirmation,11295347438658637182,14045183587628507201,2917354684439543064,0.2484275000024354,,,batch-null-confirmation-20260821-001
confirmation,96,3,0.04680609560947562,0.76,null_statistics/batch-96-replication-3.npy,batch-null-confirmation,18086978231569974350,1268378155797519370,4434492623493499251,0.24458249998860992,,,batch-null-confirmation-20260821-001
confirmation,96,4,0.048663563067373385,0.715,null_statistics/batch-96-replication-4.npy,batch-null-confirmation,6605184123129757701,13549960731728846229,8614227286317840293,0.25427599999238737,,,batch-null-confirmation-20260821-001
confirmation,96,5,0.04695803904535533,0.745,null_statistics/batch-96-replication-5.npy,batch-null-confirmation,18432063198275050469,11878655215256100889,7990816874590703042,0.28392830000666436,,,batch-null-confirmation-20260821-001
confirmation,96,6,0.05804224470713361,0.34,null_statistics/batch-96-replication-6.npy,batch-null-confirmation,2353607991859023987,3020071849868249582,186664964753597623,0.2610337999940384,,,batch-null-confirmation-20260821-001
confirmation,96,7,0.05865176934589235,0.315,null_statistics/batch-96-replication-7.npy,batch-null-confirmation,9941867977420570685,9555227813127085284,2203409045986243599,0.2561466000042856,,,batch-null-confirmation-20260821-001
confirmation,96,8,0.0643141539312509,0.22,null_statistics/batch-96-replication-8.npy,batch-null-confirmation,3071527177107912701,14787511805731623223,8678096892318564130,0.23761090000334661,,,batch-null-confirmation-20260821-001
confirmation,96,9,0.050647085892548974,0.6,null_statistics/batch-96-replication-9.npy,batch-null-confirmation,148414493338497186,15810825961579269350,6724393329685644264,0.2725576000084402,,,batch-null-confirmation-20260821-001
confirmation,97,0,0.04407366129283745,0.875,null_statistics/batch-97-replication-0.npy,batch-null-confirmation,18433653987416583436,12285201838820780665,6728723326549853482,0.2952302000048803,,,batch-null-confirmation-20260821-001
confirmation,97,1,0.045066570173972705,0.81,null_statistics/batch-97-replication-1.npy,batch-null-confirmation,2133555835601846443,14558330151780383091,2596005720126141275,0.2792250999918906,,,batch-null-confirmation-20260821-001
confirmation,97,2,0.056378971222429235,0.34,null_statistics/batch-97-replication-2.npy,batch-null-confirmation,14249045501525416133,16362525229945359669,2125292579615560250,0.2820618999976432,,,batch-null-confirmation-20260821-001
confirmation,97,3,0.048235138778590966,0.725,null_statistics/batch-97-replication-3.npy,batch-null-confirmation,6026053128557295468,714829957243923703,1573796426555373556,0.26318670000182465,,,batch-null-confirmation-20260821-001
confirmation,97,4,0.06250938872798704,0.23,null_statistics/batch-97-replication-4.npy,batch-null-confirmation,8607696559757413277,12094779458132452058,15067621377963373892,0.2284495999920182,,,batch-null-confirmation-20260821-001
confirmation,97,5,0.03739132815759823,0.995,null_statistics/batch-97-replication-5.npy,batch-null-confirmation,11403023848138477801,146190728140937969,16168015950209439186,0.2425714999990305,,,batch-null-confirmation-20260821-001
confirmation,97,6,0.05048505803129301,0.55,null_statistics/batch-97-replication-6.npy,batch-null-confirmation,18182526486235601891,4850987847105858341,979312778484037620,0.24071260000346228,,,batch-null-confirmation-20260821-001
confirmation,97,7,0.06347795503817144,0.205,null_statistics/batch-97-replication-7.npy,batch-null-confirmation,9008515118400800620,16639543065803206652,136380392077263120,0.25000359999830835,,,batch-null-confirmation-20260821-001
confirmation,97,8,0.06079117846536797,0.225,null_statistics/batch-97-replication-8.npy,batch-null-confirmation,3591146180364203940,10073794000343009017,13907513337422580765,0.25624870001047384,,,batch-null-confirmation-20260821-001
confirmation,97,9,0.06202231017340442,0.265,null_statistics/batch-97-replication-9.npy,batch-null-confirmation,2595785166584950528,3850628383808591377,14011023724399722439,0.24217050000152085,,,batch-null-confirmation-20260821-001
confirmation,98,0,0.04995412793789648,0.64,null_statistics/batch-98-replication-0.npy,batch-null-confirmation,6206392963473267258,11319759562441533529,3463393478205963000,0.26030480000190437,,,batch-null-confirmation-20260821-001
confirmation,98,1,0.0507555195367238,0.565,null_statistics/batch-98-replication-1.npy,batch-null-confirmation,5550562683471735337,18318749916595154463,8872994136187470599,0.25019599999359343,,,batch-null-confirmation-20260821-001
confirmation,98,2,0.041596101878614816,0.925,null_statistics/batch-98-replication-2.npy,batch-null-confirmation,1474517909063247840,3211509188711906927,2499373559721237203,0.24829650000901893,,,batch-null-confirmation-20260821-001
confirmation,98,3,0.0513450530419616,0.625,null_statistics/batch-98-replication-3.npy,batch-null-confirmation,16331465622807027082,15355880397600290058,4338710660795018362,0.2534682999976212,,,batch-null-confirmation-20260821-001
confirmation,98,4,0.03962188251233848,0.965,null_statistics/batch-98-replication-4.npy,batch-null-confirmation,8152983983852010787,5096598083431079319,12709052072635799779,0.25517950000357814,,,batch-null-confirmation-20260821-001
confirmation,98,5,0.0730073513717511,0.085,null_statistics/batch-98-replication-5.npy,batch-null-confirmation,7188858478132173439,11416825807052067006,8593990147698691576,0.25064660000498407,,,batch-null-confirmation-20260821-001
confirmation,98,6,0.054641283491529836,0.465,null_statistics/batch-98-replication-6.npy,batch-null-confirmation,2434792150465018735,11243695195566496117,9551197195092681740,0.23849420000624377,,,batch-null-confirmation-20260821-001
confirmation,98,7,0.07172600407367986,0.045,null_statistics/batch-98-replication-7.npy,batch-null-confirmation,5087810933419235766,13928395066594998484,5534092648975775385,0.2482317999965744,,,batch-null-confirmation-20260821-001
confirmation,98,8,0.05752144243366268,0.295,null_statistics/batch-98-replication-8.npy,batch-null-confirmation,16323472220901414246,8499440593839155139,14456302986109650915,0.23840229999041185,,,batch-null-confirmation-20260821-001
confirmation,98,9,0.07528399042993666,0.06,null_statistics/batch-98-replication-9.npy,batch-null-confirmation,4735612780548518713,14640620590459774587,4923992179005478647,0.2517227000062121,,,batch-null-confirmation-20260821-001
confirmation,99,0,0.04781796376837305,0.705,null_statistics/batch-99-replication-0.npy,batch-null-confirmation,2004332370902340154,5220123846698649191,12784460022204416326,0.25781550000829156,,,batch-null-confirmation-20260821-001
confirmation,99,1,0.044173108138485045,0.835,null_statistics/batch-99-replication-1.npy,batch-null-confirmation,7014230389314429272,15307758063889319440,4892583347718943313,0.25834040000336245,,,batch-null-confirmation-20260821-001
confirmation,99,2,0.05205149662107772,0.51,null_statistics/batch-99-replication-2.npy,batch-null-confirmation,4583893720510663929,12146735392255700553,5907775712831136677,0.25607939998735674,,,batch-null-confirmation-20260821-001
confirmation,99,3,0.046350340861211974,0.77,null_statistics/batch-99-replication-3.npy,batch-null-confirmation,13704990295258219329,2318293618959369725,12682402629407409445,0.2641756999946665,,,batch-null-confirmation-20260821-001
confirmation,99,4,0.04870543619764016,0.725,null_statistics/batch-99-replication-4.npy,batch-null-confirmation,2097891968858257462,14635315037459051068,3676215966805015365,0.2504118000069866,,,batch-null-confirmation-20260821-001
confirmation,99,5,0.059256970911810244,0.33,null_statistics/batch-99-replication-5.npy,batch-null-confirmation,15840322186958601645,2465525691676112924,2018092893127294886,0.2518893000087701,,,batch-null-confirmation-20260821-001
confirmation,99,6,0.05342311676429555,0.505,null_statistics/batch-99-replication-6.npy,batch-null-confirmation,10089100537258818693,10576683001362404742,2859675266892693496,0.24266210000496358,,,batch-null-confirmation-20260821-001
confirmation,99,7,0.08186453263741056,0.04,null_statistics/batch-99-replication-7.npy,batch-null-confirmation,3398172139132067399,7496334787844073302,2684736808443990173,0.24877969999215566,,,batch-null-confirmation-20260821-001
confirmation,99,8,0.07686632083898341,0.075,null_statistics/batch-99-replication-8.npy,batch-null-confirmation,13933370526880886603,4428526473486197559,13601332510056955628,0.2528502000059234,,,batch-null-confirmation-20260821-001
confirmation,99,9,0.04256945156481499,0.95,null_statistics/batch-99-replication-9.npy,batch-null-confirmation,317479592968318929,8447544093396023266,7100888599123008951,0.24714579999272246,,,batch-null-confirmation-20260821-001
