fixture_id,left,right,phase,batch,replication,observed_statistic,permutation_p_value,residual_samples_path,null_statistics_path,seed_namespace,fixture_seed,residual_seed,permutation_seed,elapsed_seconds,warnings,exception_text,run_id
F8,X1,X2,f8-mixed-direct-indirect-path-detection,0,0,0.4395552168528108,0.005,residual_samples/batch-0-replication-0.csv,null_statistics/batch-0-replication-0.npy,batch-f8-mixed-direct-indirect-path-detection,13473009291036801871,3411019589922491819,6119908215045599289,0.2229875000193715,,,batch-f8-mixed-direct-indirect-path-detection-20260825-001
F8,X1,X2,f8-mixed-direct-indirect-path-detection,0,1,0.44935238401795713,0.005,residual_samples/batch-0-replication-1.csv,null_statistics/batch-0-replication-1.npy,batch-f8-mixed-direct-indirect-path-detection,13119065042939887231,16599582487757330809,7367835355822681760,0.19810320000397041,,,batch-f8-mixed-direct-indirect-path-detection-20260825-001
F8,X1,X2,f8-mixed-direct-indirect-path-detection,0,2,0.4910695939956229,0.005,residual_samples/batch-0-replication-2.csv,null_statistics/batch-0-replication-2.npy,batch-f8-mixed-direct-indirect-path-detection,3894703710166974086,3284656487414107789,6383433402596120725,0.20014989998890087,,,batch-f8-mixed-direct-indirect-path-detection-20260825-001
F8,X1,X2,f8-mixed-direct-indirect-path-detection,0,3,0.4262181131275739,0.005,residual_samples/batch-0-replication-3.csv,null_statistics/batch-0-replication-3.npy,batch-f8-mixed-direct-indirect-path-detection,13766001894136041999,501768149222424617,17190255283923439408,0.19990449998294935,,,batch-f8-mixed-direct-indirect-path-detection-20260825-001
F8,X1,X2,f8-mixed-direct-indirect-path-detection,0,4,0.4546969937463038,0.005,residual_samples/batch-0-replication-4.csv,null_statistics/batch-0-replication-4.npy,batch-f8-mixed-direct-indirect-path-detection,14310284962289237987,909198293586317572,12592223606459339375,0.197622700012289,,,batch-f8-mixed-direct-indirect-path-detection-20260825-001
F8,X1,X2,f8-mixed-direct-indirect-path-detection,0,5,0.431080599159565,0.005,residual_samples/batch-0-replication-5.csv,null_statistics/batch-0-replication-5.npy,batch-f8-mixed-direct-indirect-path-detection,3205418042578245711,15442605833971021788,14815796180146252652,0.20542170002590865,,,batch-f8-mixed-direct-indirect-path-detection-20260825-001
F8,X1,X2,f8-mixed-direct-indirect-path-detection,0,6,0.4746585097542471,0.005,residual_samples/batch-0-replication-6.csv,null_statistics/batch-0-replication-6.npy,batch-f8-mixed-direct-indirect-path-detection,12479833431472298437,3593373407563096264,14635879804424565297,0.20584579999558628,,,batch-f8-mixed-direct-indirect-path-detection-20260825-001
F8,X1,X2,f8-mixed-direct-indirect-path-detection,0,7,0.4721545479085771,0.005,residual_samples/batch-0-replication-7.csv,null_statistics/batch-0-replication-7.npy,batch-f8-mixed-direct-indirect-path-detection,15060633464238361740,16248583199303471813,8011971999710291782,0.20546420000027865,,,batch-f8-mixed-direct-indirect-path-detection-20260825-001
F8,X1,X2,f8-mixed-direct-indirect-path-detection,0,8,0.4200930370314393,0.005,residual_samples/batch-0-replication-8.csv,null_statistics/batch-0-replication-8.npy,batch-f8-mixed-direct-indirect-path-detection,106561367683001968,5673408954234869392,2222876960359073595,0.19722020003246143,,,batch-f8-mixed-direct-indirect-path-detection-20260825-001
F8,X1,X2,f8-mixed-direct-indirect-path-detection,0,9,0.46504634023462427,0.005,residual_samples/batch-0-replication-9.csv,null_statistics/batch-0-replication-9.npy,batch-f8-mixed-direct-indirect-path-detection,11348835628682563781,8669958028973072783,4982142804281907553,0.19748409994645044,,,batch-f8-mixed-direct-indirect-path-detection-20260825-001
F8,X1,X2,f8-mixed-direct-indirect-path-detection,1,0,0.40947473625133796,0.005,residual_samples/batch-1-replication-0.csv,null_statistics/batch-1-replication-0.npy,batch-f8-mixed-direct-indirect-path-detection,15900251758571335259,12639978951072488897,14170441894158397723,0.1952263999846764,,,batch-f8-mixed-direct-indirect-path-detection-20260825-001
F8,X1,X2,f8-mixed-direct-indirect-path-detection,1,1,0.47288603558832276,0.005,residual_samples/batch-1-replication-1.csv,null_statistics/batch-1-replication-1.npy,batch-f8-mixed-direct-indirect-path-detection,1094981082709649553,11879355961411072338,513452621118544803,0.19908089999807999,,,batch-f8-mixed-direct-indirect-path-detection-20260825-001
F8,X1,X2,f8-mixed-direct-indirect-path-detection,1,2,0.45687163961723204,0.005,residual_samples/batch-1-replication-2.csv,null_statistics/batch-1-replication-2.npy,batch-f8-mixed-direct-indirect-path-detection,16451015723380786462,13315911161920944225,11094081029084818316,0.19971249997615814,,,batch-f8-mixed-direct-indirect-path-detection-20260825-001
F8,X1,X2,f8-mixed-direct-indirect-path-detection,1,3,0.4564892909278326,0.005,residual_samples/batch-1-replication-3.csv,null_statistics/batch-1-replication-3.npy,batch-f8-mixed-direct-indirect-path-detection,8224265874432093683,14641132712787953494,4643207753219577756,0.19953810004517436,,,batch-f8-mixed-direct-indirect-path-detection-20260825-001
F8,X1,X2,f8-mixed-direct-indirect-path-detection,1,4,0.45478676216529856,0.005,residual_samples/batch-1-replication-4.csv,null_statistics/batch-1-replication-4.npy,batch-f8-mixed-direct-indirect-path-detection,9682914420264564742,18472796784070997,569186787837704082,0.19501630001468584,,,batch-f8-mixed-direct-indirect-path-detection-20260825-001
F8,X1,X2,f8-mixed-direct-indirect-path-detection,1,5,0.3824393752759746,0.005,residual_samples/batch-1-replication-5.csv,null_statistics/batch-1-replication-5.npy,batch-f8-mixed-direct-indirect-path-detection,14521299610259996029,395606517352180370,1288937020768086755,0.19969130004756153,,,batch-f8-mixed-direct-indirect-path-detection-20260825-001
F8,X1,X2,f8-mixed-direct-indirect-path-detection,1,6,0.46275189518769005,0.005,residual_samples/batch-1-replication-6.csv,null_statistics/batch-1-replication-6.npy,batch-f8-mixed-direct-indirect-path-detection,8148975729483390558,9065289972220770899,6585030742927723733,0.1993977000238374,,,batch-f8-mixed-direct-indirect-path-detection-20260825-001
F8,X1,X2,f8-mixed-direct-indirect-path-detection,1,7,0.40717112936988537,0.005,residual_samples/batch-1-replication-7.csv,null_statistics/batch-1-replication-7.npy,batch-f8-mixed-direct-indirect-path-detection,12253918062215659614,10554747339081716100,11080618645046984099,0.19548580003902316,,,batch-f8-mixed-direct-indirect-path-detection-20260825-001
F8,X1,X2,f8-mixed-direct-indirect-path-detection,1,8,0.4237258355849885,0.005,residual_samples/batch-1-replication-8.csv,null_statistics/batch-1-replication-8.npy,batch-f8-mixed-direct-indirect-path-detection,8689984955889138496,5145966196991333789,744713934128660430,0.19309209997300059,,,batch-f8-mixed-direct-indirect-path-detection-20260825-001
F8,X1,X2,f8-mixed-direct-indirect-path-detection,1,9,0.42338981053463315,0.005,residual_samples/batch-1-replication-9.csv,null_statistics/batch-1-replication-9.npy,batch-f8-mixed-direct-indirect-path-detection,6382585859883425463,6309917223587012269,11229652005021535127,0.1965084999683313,,,batch-f8-mixed-direct-indirect-path-detection-20260825-001
F8,X1,X2,f8-mixed-direct-indirect-path-detection,2,0,0.49652409722211155,0.005,residual_samples/batch-2-replication-0.csv,null_statistics/batch-2-replication-0.npy,batch-f8-mixed-direct-indirect-path-detection,4657631068566036369,17380272007921759395,6074429615849317134,0.20778200001223013,,,batch-f8-mixed-direct-indirect-path-detection-20260825-001
F8,X1,X2,f8-mixed-direct-indirect-path-detection,2,1,0.46405477346050394,0.005,residual_samples/batch-2-replication-1.csv,null_statistics/batch-2-replication-1.npy,batch-f8-mixed-direct-indirect-path-detection,16150317346634832168,7424538854549322449,2242284154447301607,0.20142600004328415,,,batch-f8-mixed-direct-indirect-path-detection-20260825-001
F8,X1,X2,f8-mixed-direct-indirect-path-detection,2,2,0.4354597888244223,0.005,residual_samples/batch-2-replication-2.csv,null_statistics/batch-2-replication-2.npy,batch-f8-mixed-direct-indirect-path-detection,13309730198330555065,7742564294169961021,3712967681288882343,0.20966549997683614,,,batch-f8-mixed-direct-indirect-path-detection-20260825-001
F8,X1,X2,f8-mixed-direct-indirect-path-detection,2,3,0.4914909843303788,0.005,residual_samples/batch-2-replication-3.csv,null_statistics/batch-2-replication-3.npy,batch-f8-mixed-direct-indirect-path-detection,6645258376342850157,16918133312345955355,17638583969245209670,0.20273120002821088,,,batch-f8-mixed-direct-indirect-path-detection-20260825-001
F8,X1,X2,f8-mixed-direct-indirect-path-detection,2,4,0.42048609172922397,0.005,residual_samples/batch-2-replication-4.csv,null_statistics/batch-2-replication-4.npy,batch-f8-mixed-direct-indirect-path-detection,8027229387361196763,8096492860558952136,9570483279800717742,0.20545060001313686,,,batch-f8-mixed-direct-indirect-path-detection-20260825-001
F8,X1,X2,f8-mixed-direct-indirect-path-detection,2,5,0.42202429318048523,0.005,residual_samples/batch-2-replication-5.csv,null_statistics/batch-2-replication-5.npy,batch-f8-mixed-direct-indirect-path-detection,12348950887750081911,3568924464798058388,1892656369846667170,0.20380840002326295,,,batch-f8-mixed-direct-indirect-path-detection-20260825-001
F8,X1,X2,f8-mixed-direct-indirect-path-detection,2,6,0.4417412864268688,0.005,residual_samples/batch-2-replication-6.csv,null_statistics/batch-2-replication-6.npy,batch-f8-mixed-direct-indirect-path-detection,8547811803293204106,2448492839359348730,2656291762917484426,0.20392970001557842,,,batch-f8-mixed-direct-indirect-path-detection-20260825-001
F8,X1,X2,f8-mixed-direct-indirect-path-detection,2,7,0.4137391956147648,0.005,residual_samples/batch-2-replication-7.csv,null_statistics/batch-2-replication-7.npy,batch-f8-mixed-direct-indirect-path-detection,10032087804306899734,12128332899247351646,6741037564138067270,0.20509050000691786,,,batch-f8-mixed-direct-indirect-path-detection-20260825-001
F8,X1,X2,f8-mixed-direct-indirect-path-detection,2,8,0.45585876818246274,0.005,residual_samples/batch-2-replication-8.csv,null_statistics/batch-2-replication-8.npy,batch-f8-mixed-direct-indirect-path-detection,11044853365361586809,9084735998296581259,9192434309494762957,0.2002226000186056,,,batch-f8-mixed-direct-indirect-path-detection-20260825-001
F8,X1,X2,f8-mixed-direct-indirect-path-detection,2,9,0.41701483942236217,0.005,residual_samples/batch-2-replication-9.csv,null_statistics/batch-2-replication-9.npy,batch-f8-mixed-direct-indirect-path-detection,6568369622057196522,6140465284686331218,18031325561248774065,0.20476079999934882,,,batch-f8-mixed-direct-indirect-path-detection-20260825-001
F8,X1,X2,f8-mixed-direct-indirect-path-detection,3,0,0.478764553291819,0.005,residual_samples/batch-3-replication-0.csv,null_statistics/batch-3-replication-0.npy,batch-f8-mixed-direct-indirect-path-detection,2333540319330824365,4871920047782644536,11858054590423383848,0.21433390001766384,,,batch-f8-mixed-direct-indirect-path-detection-20260825-001
F8,X1,X2,f8-mixed-direct-indirect-path-detection,3,1,0.47258845601427557,0.005,residual_samples/batch-3-replication-1.csv,null_statistics/batch-3-replication-1.npy,batch-f8-mixed-direct-indirect-path-detection,17784669269886500013,2477726616560106727,5811132547887061078,0.19991560000926256,,,batch-f8-mixed-direct-indirect-path-detection-20260825-001
F8,X1,X2,f8-mixed-direct-indirect-path-detection,3,2,0.4764365681165365,0.005,residual_samples/batch-3-replication-2.csv,null_statistics/batch-3-replication-2.npy,batch-f8-mixed-direct-indirect-path-detection,9329779482498320159,6467298030150005109,10287451355428805799,0.2059249000158161,,,batch-f8-mixed-direct-indirect-path-detection-20260825-001
F8,X1,X2,f8-mixed-direct-indirect-path-detection,3,3,0.4805461270656829,0.005,residual_samples/batch-3-replication-3.csv,null_statistics/batch-3-replication-3.npy,batch-f8-mixed-direct-indirect-path-detection,11289890614105446186,16966583124479662050,6818793842099837372,0.20121629995992407,,,batch-f8-mixed-direct-indirect-path-detection-20260825-001
F8,X1,X2,f8-mixed-direct-indirect-path-detection,3,4,0.44050142388239294,0.005,residual_samples/batch-3-replication-4.csv,null_statistics/batch-3-replication-4.npy,batch-f8-mixed-direct-indirect-path-detection,10246165201794472356,4453474798289351361,9862020897166470643,0.20334489998640493,,,batch-f8-mixed-direct-indirect-path-detection-20260825-001
F8,X1,X2,f8-mixed-direct-indirect-path-detection,3,5,0.48460391961703686,0.005,residual_samples/batch-3-replication-5.csv,null_statistics/batch-3-replication-5.npy,batch-f8-mixed-direct-indirect-path-detection,2546864250699954948,17232924072281718326,12627124462415448277,0.20047969999723136,,,batch-f8-mixed-direct-indirect-path-detection-20260825-001
F8,X1,X2,f8-mixed-direct-indirect-path-detection,3,6,0.44969514115303133,0.005,residual_samples/batch-3-replication-6.csv,null_statistics/batch-3-replication-6.npy,batch-f8-mixed-direct-indirect-path-detection,15737999485119891907,14177875736237362950,3536786523713841496,0.2088454000186175,,,batch-f8-mixed-direct-indirect-path-detection-20260825-001
F8,X1,X2,f8-mixed-direct-indirect-path-detection,3,7,0.4643206751106205,0.005,residual_samples/batch-3-replication-7.csv,null_statistics/batch-3-replication-7.npy,batch-f8-mixed-direct-indirect-path-detection,7471640865710104040,7547592081390246106,16761948151176970317,0.20015570003306493,,,batch-f8-mixed-direct-indirect-path-detection-20260825-001
F8,X1,X2,f8-mixed-direct-indirect-path-detection,3,8,0.48019822504183685,0.005,residual_samples/batch-3-replication-8.csv,null_statistics/batch-3-replication-8.npy,batch-f8-mixed-direct-indirect-path-detection,2470898751425210169,13382584246126253669,7340928485874177651,0.1999661999871023,,,batch-f8-mixed-direct-indirect-path-detection-20260825-001
F8,X1,X2,f8-mixed-direct-indirect-path-detection,3,9,0.4545192927141361,0.005,residual_samples/batch-3-replication-9.csv,null_statistics/batch-3-replication-9.npy,batch-f8-mixed-direct-indirect-path-detection,4589426971225467474,2520354489113821197,2207905403652382662,0.20225890004076064,,,batch-f8-mixed-direct-indirect-path-detection-20260825-001
F8,X1,X2,f8-mixed-direct-indirect-path-detection,4,0,0.44697717209455035,0.005,residual_samples/batch-4-replication-0.csv,null_statistics/batch-4-replication-0.npy,batch-f8-mixed-direct-indirect-path-detection,4102513803465451512,14444261376875643849,3815159476166896577,0.2007970999693498,,,batch-f8-mixed-direct-indirect-path-detection-20260825-001
F8,X1,X2,f8-mixed-direct-indirect-path-detection,4,1,0.4426540867794797,0.005,residual_samples/batch-4-replication-1.csv,null_statistics/batch-4-replication-1.npy,batch-f8-mixed-direct-indirect-path-detection,8970295551937087539,3749170586483996206,8372497704289079802,0.19856549997348338,,,batch-f8-mixed-direct-indirect-path-detection-20260825-001
F8,X1,X2,f8-mixed-direct-indirect-path-detection,4,2,0.4684116298524721,0.005,residual_samples/batch-4-replication-2.csv,null_statistics/batch-4-replication-2.npy,batch-f8-mixed-direct-indirect-path-detection,3674186030925543475,13628416289804898371,455667806888438754,0.19695300003513694,,,batch-f8-mixed-direct-indirect-path-detection-20260825-001
F8,X1,X2,f8-mixed-direct-indirect-path-detection,4,3,0.4348868756394797,0.005,residual_samples/batch-4-replication-3.csv,null_statistics/batch-4-replication-3.npy,batch-f8-mixed-direct-indirect-path-detection,11985264921202848951,7264634995117115348,11154112049239467718,0.2052949999924749,,,batch-f8-mixed-direct-indirect-path-detection-20260825-001
F8,X1,X2,f8-mixed-direct-indirect-path-detection,4,4,0.46320389207307655,0.005,residual_samples/batch-4-replication-4.csv,null_statistics/batch-4-replication-4.npy,batch-f8-mixed-direct-indirect-path-detection,12438713843732338343,1541244456705800922,46927024500477172,0.20287310000276193,,,batch-f8-mixed-direct-indirect-path-detection-20260825-001
F8,X1,X2,f8-mixed-direct-indirect-path-detection,4,5,0.439157054879134,0.005,residual_samples/batch-4-replication-5.csv,null_statistics/batch-4-replication-5.npy,batch-f8-mixed-direct-indirect-path-detection,3064155158299103169,13556784937211820752,15134558212802172558,0.20398270001169294,,,batch-f8-mixed-direct-indirect-path-detection-20260825-001
F8,X1,X2,f8-mixed-direct-indirect-path-detection,4,6,0.45396760807358877,0.005,residual_samples/batch-4-replication-6.csv,null_statistics/batch-4-replication-6.npy,batch-f8-mixed-direct-indirect-path-detection,7060515434890896866,12366131763620962771,14424625777795201571,0.2024111999780871,,,batch-f8-mixed-direct-indirect-path-detection-20260825-001
F8,X1,X2,f8-mixed-direct-indirect-path-detection,4,7,0.42067354776492444,0.005,residual_samples/batch-4-replication-7.csv,null_statistics/batch-4-replication-7.npy,batch-f8-mixed-direct-indirect-path-detection,6129158849839709588,14134503637578219526,7478242325677862939,0.20114269998157397,,,batch-f8-mixed-direct-indirect-path-detection-20260825-001
F8,X1,X2,f8-mixed-direct-indirect-path-detection,4,8,0.44768295378023365,0.005,residual_samples/batch-4-replication-8.csv,null_statistics/batch-4-replication-8.npy,batch-f8-mixed-direct-indirect-path-detection,15844459684933303433,8331557082883366437,7356539677022199134,0.1973230999428779,,,batch-f8-mixed-direct-indirect-path-detection-20260825-001
F8,X1,X2,f8-mixed-direct-indirect-path-detection,4,9,0.38288197703876264,0.005,residual_samples/batch-4-replication-9.csv,null_statistics/batch-4-replication-9.npy,batch-f8-mixed-direct-indirect-path-detection,16821388719888203163,4832239384320436614,2603609188557896084,0.19787639996502548,,,batch-f8-mixed-direct-indirect-path-detection-20260825-001
F8,X1,X2,f8-mixed-direct-indirect-path-detection,5,0,0.4595193309873733,0.005,residual_samples/batch-5-replication-0.csv,null_statistics/batch-5-replication-0.npy,batch-f8-mixed-direct-indirect-path-detection,11474445466999655889,1423541916569455634,13029102830525976314,0.19530500000109896,,,batch-f8-mixed-direct-indirect-path-detection-20260825-001
F8,X1,X2,f8-mixed-direct-indirect-path-detection,5,1,0.4736605446932969,0.005,residual_samples/batch-5-replication-1.csv,null_statistics/batch-5-replication-1.npy,batch-f8-mixed-direct-indirect-path-detection,16778843349758407713,13449250446698040445,13245109091850410205,0.19670600001700222,,,batch-f8-mixed-direct-indirect-path-detection-20260825-001
F8,X1,X2,f8-mixed-direct-indirect-path-detection,5,2,0.4639112437692681,0.005,residual_samples/batch-5-replication-2.csv,null_statistics/batch-5-replication-2.npy,batch-f8-mixed-direct-indirect-path-detection,9493523503869223537,3576795960323958593,5441225492588825119,0.19758690003072843,,,batch-f8-mixed-direct-indirect-path-detection-20260825-001
F8,X1,X2,f8-mixed-direct-indirect-path-detection,5,3,0.4768774474561356,0.005,residual_samples/batch-5-replication-3.csv,null_statistics/batch-5-replication-3.npy,batch-f8-mixed-direct-indirect-path-detection,7341840707440119376,11030908619524157074,7843372824012868509,0.19553219998488203,,,batch-f8-mixed-direct-indirect-path-detection-20260825-001
F8,X1,X2,f8-mixed-direct-indirect-path-detection,5,4,0.4455715157351253,0.005,residual_samples/batch-5-replication-4.csv,null_statistics/batch-5-replication-4.npy,batch-f8-mixed-direct-indirect-path-detection,15400023663433302113,12093879568139565674,17028173479375922630,0.1968887000111863,,,batch-f8-mixed-direct-indirect-path-detection-20260825-001
F8,X1,X2,f8-mixed-direct-indirect-path-detection,5,5,0.49139972366874707,0.005,residual_samples/batch-5-replication-5.csv,null_statistics/batch-5-replication-5.npy,batch-f8-mixed-direct-indirect-path-detection,17689912554836216128,17529385162617537547,2263198602133229721,0.199018299987074,,,batch-f8-mixed-direct-indirect-path-detection-20260825-001
F8,X1,X2,f8-mixed-direct-indirect-path-detection,5,6,0.4747272300191284,0.005,residual_samples/batch-5-replication-6.csv,null_statistics/batch-5-replication-6.npy,batch-f8-mixed-direct-indirect-path-detection,11325977042648438992,8013331670098018469,14472387171958260067,0.19742879999103025,,,batch-f8-mixed-direct-indirect-path-detection-20260825-001
F8,X1,X2,f8-mixed-direct-indirect-path-detection,5,7,0.4287061313723223,0.005,residual_samples/batch-5-replication-7.csv,null_statistics/batch-5-replication-7.npy,batch-f8-mixed-direct-indirect-path-detection,8336327770470400152,5582041148738102563,442975870279775227,0.19471510004950687,,,batch-f8-mixed-direct-indirect-path-detection-20260825-001
F8,X1,X2,f8-mixed-direct-indirect-path-detection,5,8,0.43891216382382164,0.005,residual_samples/batch-5-replication-8.csv,null_statistics/batch-5-replication-8.npy,batch-f8-mixed-direct-indirect-path-detection,7488516370375773402,2580330652219406221,321761296657999852,0.20110559999011457,,,batch-f8-mixed-direct-indirect-path-detection-20260825-001
F8,X1,X2,f8-mixed-direct-indirect-path-detection,5,9,0.4290197683755569,0.005,residual_samples/batch-5-replication-9.csv,null_statistics/batch-5-replication-9.npy,batch-f8-mixed-direct-indirect-path-detection,3949235699649051005,10023984912068518031,11113193150522273614,0.1993442999664694,,,batch-f8-mixed-direct-indirect-path-detection-20260825-001
F8,X1,X2,f8-mixed-direct-indirect-path-detection,6,0,0.4585639204156396,0.005,residual_samples/batch-6-replication-0.csv,null_statistics/batch-6-replication-0.npy,batch-f8-mixed-direct-indirect-path-detection,7073671721402129555,13274200006682699865,16320048514881770350,0.19903969997540116,,,batch-f8-mixed-direct-indirect-path-detection-20260825-001
F8,X1,X2,f8-mixed-direct-indirect-path-detection,6,1,0.42669041416107467,0.005,residual_samples/batch-6-replication-1.csv,null_statistics/batch-6-replication-1.npy,batch-f8-mixed-direct-indirect-path-detection,5725419605301409064,9562994762675397622,4757281910445060275,0.20132340001873672,,,batch-f8-mixed-direct-indirect-path-detection-20260825-001
F8,X1,X2,f8-mixed-direct-indirect-path-detection,6,2,0.4421719605066879,0.005,residual_samples/batch-6-replication-2.csv,null_statistics/batch-6-replication-2.npy,batch-f8-mixed-direct-indirect-path-detection,16950033483939210410,17597600789223691190,9450954677435755442,0.20235249999677762,,,batch-f8-mixed-direct-indirect-path-detection-20260825-001
F8,X1,X2,f8-mixed-direct-indirect-path-detection,6,3,0.44500648058218795,0.005,residual_samples/batch-6-replication-3.csv,null_statistics/batch-6-replication-3.npy,batch-f8-mixed-direct-indirect-path-detection,5182964728386490158,9630363992361674065,11413434808645057739,0.19914949999656528,,,batch-f8-mixed-direct-indirect-path-detection-20260825-001
F8,X1,X2,f8-mixed-direct-indirect-path-detection,6,4,0.4637002882651549,0.005,residual_samples/batch-6-replication-4.csv,null_statistics/batch-6-replication-4.npy,batch-f8-mixed-direct-indirect-path-detection,14334225924431649472,16459869730292969361,630057368188297980,0.20235939999110997,,,batch-f8-mixed-direct-indirect-path-detection-20260825-001
F8,X1,X2,f8-mixed-direct-indirect-path-detection,6,5,0.4508467320443059,0.005,residual_samples/batch-6-replication-5.csv,null_statistics/batch-6-replication-5.npy,batch-f8-mixed-direct-indirect-path-detection,6743765278013343662,796876093515027407,1396668181909947748,0.2049661999917589,,,batch-f8-mixed-direct-indirect-path-detection-20260825-001
F8,X1,X2,f8-mixed-direct-indirect-path-detection,6,6,0.4581643832369753,0.005,residual_samples/batch-6-replication-6.csv,null_statistics/batch-6-replication-6.npy,batch-f8-mixed-direct-indirect-path-detection,12938325441439895260,7473147697302184764,14007064235761385974,0.20141590002458543,,,batch-f8-mixed-direct-indirect-path-detection-20260825-001
F8,X1,X2,f8-mixed-direct-indirect-path-detection,6,7,0.4762288861476416,0.005,residual_samples/batch-6-replication-7.csv,null_statistics/batch-6-replication-7.npy,batch-f8-mixed-direct-indirect-path-detection,11870389445822300645,5040293187749515110,11018471899214002065,0.1966460000257939,,,batch-f8-mixed-direct-indirect-path-detection-20260825-001
F8,X1,X2,f8-mixed-direct-indirect-path-detection,6,8,0.46138141366638613,0.005,residual_samples/batch-6-replication-8.csv,null_statistics/batch-6-replication-8.npy,batch-f8-mixed-direct-indirect-path-detection,11879332619040095122,10073995654280576200,3452990247528583762,0.20341169997118413,,,batch-f8-mixed-direct-indirect-path-detection-20260825-001
F8,X1,X2,f8-mixed-direct-indirect-path-detection,6,9,0.4463775981317927,0.005,residual_samples/batch-6-replication-9.csv,null_statistics/batch-6-replication-9.npy,batch-f8-mixed-direct-indirect-path-detection,9428414571554140104,14138960365320307523,16971739168919604272,0.21902169997338206,,,batch-f8-mixed-direct-indirect-path-detection-20260825-001
F8,X1,X2,f8-mixed-direct-indirect-path-detection,7,0,0.4673269921458285,0.005,residual_samples/batch-7-replication-0.csv,null_statistics/batch-7-replication-0.npy,batch-f8-mixed-direct-indirect-path-detection,3341640233887218914,4296667287008914028,5056170859922891459,0.20123849995434284,,,batch-f8-mixed-direct-indirect-path-detection-20260825-001
F8,X1,X2,f8-mixed-direct-indirect-path-detection,7,1,0.4558061762402539,0.005,residual_samples/batch-7-replication-1.csv,null_statistics/batch-7-replication-1.npy,batch-f8-mixed-direct-indirect-path-detection,7130255252923477691,12878889103941821554,11846758052079056192,0.20210579998092726,,,batch-f8-mixed-direct-indirect-path-detection-20260825-001
F8,X1,X2,f8-mixed-direct-indirect-path-detection,7,2,0.4703732403868294,0.005,residual_samples/batch-7-replication-2.csv,null_statistics/batch-7-replication-2.npy,batch-f8-mixed-direct-indirect-path-detection,10580765184224565637,16663537711438050526,16440590114629881191,0.21614049997879192,,,batch-f8-mixed-direct-indirect-path-detection-20260825-001
F8,X1,X2,f8-mixed-direct-indirect-path-detection,7,3,0.428693748528022,0.005,residual_samples/batch-7-replication-3.csv,null_statistics/batch-7-replication-3.npy,batch-f8-mixed-direct-indirect-path-detection,292786080325820121,16563984548787005572,12111521207712611800,0.22614609997253865,,,batch-f8-mixed-direct-indirect-path-detection-20260825-001
F8,X1,X2,f8-mixed-direct-indirect-path-detection,7,4,0.4473357099448721,0.005,residual_samples/batch-7-replication-4.csv,null_statistics/batch-7-replication-4.npy,batch-f8-mixed-direct-indirect-path-detection,8057537259525962610,9403224045092937946,17936803187952460087,0.223670800041873,,,batch-f8-mixed-direct-indirect-path-detection-20260825-001
F8,X1,X2,f8-mixed-direct-indirect-path-detection,7,5,0.47314201366421593,0.005,residual_samples/batch-7-replication-5.csv,null_statistics/batch-7-replication-5.npy,batch-f8-mixed-direct-indirect-path-detection,14681779765544919469,10773670634334879469,8319042492867842068,0.2016233999747783,,,batch-f8-mixed-direct-indirect-path-detection-20260825-001
F8,X1,X2,f8-mixed-direct-indirect-path-detection,7,6,0.43138925452027616,0.005,residual_samples/batch-7-replication-6.csv,null_statistics/batch-7-replication-6.npy,batch-f8-mixed-direct-indirect-path-detection,17682812502168230047,9380372882211204469,3252892971944545026,0.20275300001958385,,,batch-f8-mixed-direct-indirect-path-detection-20260825-001
F8,X1,X2,f8-mixed-direct-indirect-path-detection,7,7,0.44233527201435285,0.005,residual_samples/batch-7-replication-7.csv,null_statistics/batch-7-replication-7.npy,batch-f8-mixed-direct-indirect-path-detection,2236229139326928201,14558840600816010021,4364573420250121633,0.1989321000291966,,,batch-f8-mixed-direct-indirect-path-detection-20260825-001
F8,X1,X2,f8-mixed-direct-indirect-path-detection,7,8,0.45220453339181277,0.005,residual_samples/batch-7-replication-8.csv,null_statistics/batch-7-replication-8.npy,batch-f8-mixed-direct-indirect-path-detection,5964288961997561333,9993584150271048871,12726220157175096275,0.21004019997781143,,,batch-f8-mixed-direct-indirect-path-detection-20260825-001
F8,X1,X2,f8-mixed-direct-indirect-path-detection,7,9,0.42150319434788297,0.005,residual_samples/batch-7-replication-9.csv,null_statistics/batch-7-replication-9.npy,batch-f8-mixed-direct-indirect-path-detection,12375416549877872996,4208677379405347931,12768411349026466765,0.19897329999366775,,,batch-f8-mixed-direct-indirect-path-detection-20260825-001
F8,X1,X2,f8-mixed-direct-indirect-path-detection,8,0,0.47306414755642356,0.005,residual_samples/batch-8-replication-0.csv,null_statistics/batch-8-replication-0.npy,batch-f8-mixed-direct-indirect-path-detection,1588939892238139616,5272150326545805758,10882877366555559212,0.20028709998587146,,,batch-f8-mixed-direct-indirect-path-detection-20260825-001
F8,X1,X2,f8-mixed-direct-indirect-path-detection,8,1,0.47513085690769663,0.005,residual_samples/batch-8-replication-1.csv,null_statistics/batch-8-replication-1.npy,batch-f8-mixed-direct-indirect-path-detection,6141533601649935979,1968557153297803580,18155103786060984896,0.19864940003026277,,,batch-f8-mixed-direct-indirect-path-detection-20260825-001
F8,X1,X2,f8-mixed-direct-indirect-path-detection,8,2,0.45749285101327114,0.005,residual_samples/batch-8-replication-2.csv,null_statistics/batch-8-replication-2.npy,batch-f8-mixed-direct-indirect-path-detection,1166862843821117146,2075660017338240211,15022940025578457902,0.1991973000112921,,,batch-f8-mixed-direct-indirect-path-detection-20260825-001
F8,X1,X2,f8-mixed-direct-indirect-path-detection,8,3,0.4397738562416956,0.005,residual_samples/batch-8-replication-3.csv,null_statistics/batch-8-replication-3.npy,batch-f8-mixed-direct-indirect-path-detection,17800998720174611150,12642650141716659816,9382743178178994770,0.20352630002889782,,,batch-f8-mixed-direct-indirect-path-detection-20260825-001
F8,X1,X2,f8-mixed-direct-indirect-path-detection,8,4,0.49417484662656885,0.005,residual_samples/batch-8-replication-4.csv,null_statistics/batch-8-replication-4.npy,batch-f8-mixed-direct-indirect-path-detection,8407497418543182369,5702128687552605615,2469754376847858664,0.1995275000226684,,,batch-f8-mixed-direct-indirect-path-detection-20260825-001
F8,X1,X2,f8-mixed-direct-indirect-path-detection,8,5,0.4705771811864502,0.005,residual_samples/batch-8-replication-5.csv,null_statistics/batch-8-replication-5.npy,batch-f8-mixed-direct-indirect-path-detection,7677347180091388297,15656498986591026707,4671312882931669785,0.20316480001201853,,,batch-f8-mixed-direct-indirect-path-detection-20260825-001
F8,X1,X2,f8-mixed-direct-indirect-path-detection,8,6,0.49910356251550575,0.005,residual_samples/batch-8-replication-6.csv,null_statistics/batch-8-replication-6.npy,batch-f8-mixed-direct-indirect-path-detection,14750532848361936661,10260607557237781756,6864489772210103877,0.20490970002720132,,,batch-f8-mixed-direct-indirect-path-detection-20260825-001
F8,X1,X2,f8-mixed-direct-indirect-path-detection,8,7,0.44089464328900163,0.005,residual_samples/batch-8-replication-7.csv,null_statistics/batch-8-replication-7.npy,batch-f8-mixed-direct-indirect-path-detection,3966752900290906757,15270825112422496082,7493308201315744276,0.19736679998459294,,,batch-f8-mixed-direct-indirect-path-detection-20260825-001
F8,X1,X2,f8-mixed-direct-indirect-path-detection,8,8,0.43951350899544545,0.005,residual_samples/batch-8-replication-8.csv,null_statistics/batch-8-replication-8.npy,batch-f8-mixed-direct-indirect-path-detection,6550629429693857815,13963499821653685611,8329530125948756953,0.19656830001622438,,,batch-f8-mixed-direct-indirect-path-detection-20260825-001
F8,X1,X2,f8-mixed-direct-indirect-path-detection,8,9,0.3671386305589594,0.005,residual_samples/batch-8-replication-9.csv,null_statistics/batch-8-replication-9.npy,batch-f8-mixed-direct-indirect-path-detection,16376804299808022348,17336873658932193099,7653777431469403973,0.20200640003895387,,,batch-f8-mixed-direct-indirect-path-detection-20260825-001
F8,X1,X2,f8-mixed-direct-indirect-path-detection,9,0,0.4884421884491653,0.005,residual_samples/batch-9-replication-0.csv,null_statistics/batch-9-replication-0.npy,batch-f8-mixed-direct-indirect-path-detection,6767751519721039649,14223262161612600576,9622455738184485218,0.19858129997737706,,,batch-f8-mixed-direct-indirect-path-detection-20260825-001
F8,X1,X2,f8-mixed-direct-indirect-path-detection,9,1,0.4513849678820511,0.005,residual_samples/batch-9-replication-1.csv,null_statistics/batch-9-replication-1.npy,batch-f8-mixed-direct-indirect-path-detection,7602254080747888701,1470012136229874773,5270129537694813207,0.20249600004171953,,,batch-f8-mixed-direct-indirect-path-detection-20260825-001
F8,X1,X2,f8-mixed-direct-indirect-path-detection,9,2,0.44478032859362715,0.005,residual_samples/batch-9-replication-2.csv,null_statistics/batch-9-replication-2.npy,batch-f8-mixed-direct-indirect-path-detection,12675866878581516919,4914565646771286210,13902427452937690400,0.2026777999708429,,,batch-f8-mixed-direct-indirect-path-detection-20260825-001
F8,X1,X2,f8-mixed-direct-indirect-path-detection,9,3,0.4058382082444851,0.005,residual_samples/batch-9-replication-3.csv,null_statistics/batch-9-replication-3.npy,batch-f8-mixed-direct-indirect-path-detection,8079233753701797072,16064795530983377137,15781632611004225665,0.223254399956204,,,batch-f8-mixed-direct-indirect-path-detection-20260825-001
F8,X1,X2,f8-mixed-direct-indirect-path-detection,9,4,0.4626719414275272,0.005,residual_samples/batch-9-replication-4.csv,null_statistics/batch-9-replication-4.npy,batch-f8-mixed-direct-indirect-path-detection,6727913301449281826,5782244502705989802,1869026781526630278,0.20471699995687231,,,batch-f8-mixed-direct-indirect-path-detection-20260825-001
F8,X1,X2,f8-mixed-direct-indirect-path-detection,9,5,0.43571605713359646,0.005,residual_samples/batch-9-replication-5.csv,null_statistics/batch-9-replication-5.npy,batch-f8-mixed-direct-indirect-path-detection,1764899750485493086,16344321284139794449,1889308393484371159,0.20084929995937273,,,batch-f8-mixed-direct-indirect-path-detection-20260825-001
F8,X1,X2,f8-mixed-direct-indirect-path-detection,9,6,0.45748148476247263,0.005,residual_samples/batch-9-replication-6.csv,null_statistics/batch-9-replication-6.npy,batch-f8-mixed-direct-indirect-path-detection,11336215122757013097,7896466871009201071,3184020745905257187,0.20244899997487664,,,batch-f8-mixed-direct-indirect-path-detection-20260825-001
F8,X1,X2,f8-mixed-direct-indirect-path-detection,9,7,0.41150115433658,0.005,residual_samples/batch-9-replication-7.csv,null_statistics/batch-9-replication-7.npy,batch-f8-mixed-direct-indirect-path-detection,1925685234284408663,209876286368129668,1071133175929277698,0.20985310000833124,,,batch-f8-mixed-direct-indirect-path-detection-20260825-001
F8,X1,X2,f8-mixed-direct-indirect-path-detection,9,8,0.44878778893976495,0.005,residual_samples/batch-9-replication-8.csv,null_statistics/batch-9-replication-8.npy,batch-f8-mixed-direct-indirect-path-detection,15685717825788188744,13938781558347991284,5162828798413332338,0.20569800003431737,,,batch-f8-mixed-direct-indirect-path-detection-20260825-001
F8,X1,X2,f8-mixed-direct-indirect-path-detection,9,9,0.43951627707277946,0.005,residual_samples/batch-9-replication-9.csv,null_statistics/batch-9-replication-9.npy,batch-f8-mixed-direct-indirect-path-detection,16946654554018067679,14628973179455589988,17926337389193198487,0.20878410001751035,,,batch-f8-mixed-direct-indirect-path-detection-20260825-001
F8,X1,X2,f8-mixed-direct-indirect-path-detection,10,0,0.4446865174199708,0.005,residual_samples/batch-10-replication-0.csv,null_statistics/batch-10-replication-0.npy,batch-f8-mixed-direct-indirect-path-detection,12225178652277266818,16825741065192650409,2990083840166050587,0.2052896000095643,,,batch-f8-mixed-direct-indirect-path-detection-20260825-001
F8,X1,X2,f8-mixed-direct-indirect-path-detection,10,1,0.4780590893250479,0.005,residual_samples/batch-10-replication-1.csv,null_statistics/batch-10-replication-1.npy,batch-f8-mixed-direct-indirect-path-detection,17411069871899193240,16857220183608268909,10935379593318189896,0.2056122000212781,,,batch-f8-mixed-direct-indirect-path-detection-20260825-001
F8,X1,X2,f8-mixed-direct-indirect-path-detection,10,2,0.44745512021981126,0.005,residual_samples/batch-10-replication-2.csv,null_statistics/batch-10-replication-2.npy,batch-f8-mixed-direct-indirect-path-detection,6771081176593654864,17838602099734498221,3587261319562365193,0.20574979996308684,,,batch-f8-mixed-direct-indirect-path-detection-20260825-001
F8,X1,X2,f8-mixed-direct-indirect-path-detection,10,3,0.40376304312651,0.005,residual_samples/batch-10-replication-3.csv,null_statistics/batch-10-replication-3.npy,batch-f8-mixed-direct-indirect-path-detection,3545963249301901376,17505861093189190554,5518489497798104161,0.2079453999758698,,,batch-f8-mixed-direct-indirect-path-detection-20260825-001
F8,X1,X2,f8-mixed-direct-indirect-path-detection,10,4,0.4390330097083168,0.005,residual_samples/batch-10-replication-4.csv,null_statistics/batch-10-replication-4.npy,batch-f8-mixed-direct-indirect-path-detection,602395096055143305,12589746950976149540,15690083543739236922,0.20639319997280836,,,batch-f8-mixed-direct-indirect-path-detection-20260825-001
F8,X1,X2,f8-mixed-direct-indirect-path-detection,10,5,0.4461844660772357,0.005,residual_samples/batch-10-replication-5.csv,null_statistics/batch-10-replication-5.npy,batch-f8-mixed-direct-indirect-path-detection,13369107077685581906,513279770263213032,8498000309373589307,0.2042739000171423,,,batch-f8-mixed-direct-indirect-path-detection-20260825-001
F8,X1,X2,f8-mixed-direct-indirect-path-detection,10,6,0.43844888813594085,0.005,residual_samples/batch-10-replication-6.csv,null_statistics/batch-10-replication-6.npy,batch-f8-mixed-direct-indirect-path-detection,1870872101837183881,7635590235955301642,15904247243712451137,0.20417639997322112,,,batch-f8-mixed-direct-indirect-path-detection-20260825-001
F8,X1,X2,f8-mixed-direct-indirect-path-detection,10,7,0.4900152415616923,0.005,residual_samples/batch-10-replication-7.csv,null_statistics/batch-10-replication-7.npy,batch-f8-mixed-direct-indirect-path-detection,9803522277420704431,5005813165384554606,11222216432292572857,0.2034723999677226,,,batch-f8-mixed-direct-indirect-path-detection-20260825-001
F8,X1,X2,f8-mixed-direct-indirect-path-detection,10,8,0.47784611965139323,0.005,residual_samples/batch-10-replication-8.csv,null_statistics/batch-10-replication-8.npy,batch-f8-mixed-direct-indirect-path-detection,12618586803513090833,12074791164254236107,16140862035143584859,0.21833709999918938,,,batch-f8-mixed-direct-indirect-path-detection-20260825-001
F8,X1,X2,f8-mixed-direct-indirect-path-detection,10,9,0.44898020818859613,0.005,residual_samples/batch-10-replication-9.csv,null_statistics/batch-10-replication-9.npy,batch-f8-mixed-direct-indirect-path-detection,13614413550494240176,13174932014201675997,8350124363288016396,0.20565249997889623,,,batch-f8-mixed-direct-indirect-path-detection-20260825-001
F8,X1,X2,f8-mixed-direct-indirect-path-detection,11,0,0.4602616050870233,0.005,residual_samples/batch-11-replication-0.csv,null_statistics/batch-11-replication-0.npy,batch-f8-mixed-direct-indirect-path-detection,10968481249751015807,16356644150516285104,1427789363345644562,0.20529050001641735,,,batch-f8-mixed-direct-indirect-path-detection-20260825-001
F8,X1,X2,f8-mixed-direct-indirect-path-detection,11,1,0.43896464666344265,0.005,residual_samples/batch-11-replication-1.csv,null_statistics/batch-11-replication-1.npy,batch-f8-mixed-direct-indirect-path-detection,7733587374880495548,8496128083732627665,16065898009814352010,0.20478200004436076,,,batch-f8-mixed-direct-indirect-path-detection-20260825-001
F8,X1,X2,f8-mixed-direct-indirect-path-detection,11,2,0.4486768030763376,0.005,residual_samples/batch-11-replication-2.csv,null_statistics/batch-11-replication-2.npy,batch-f8-mixed-direct-indirect-path-detection,6667471306357280620,16829311241380360905,8130146643663865979,0.20718090003356338,,,batch-f8-mixed-direct-indirect-path-detection-20260825-001
F8,X1,X2,f8-mixed-direct-indirect-path-detection,11,3,0.4396100836341283,0.005,residual_samples/batch-11-replication-3.csv,null_statistics/batch-11-replication-3.npy,batch-f8-mixed-direct-indirect-path-detection,15067875703877837386,10095036558732764562,14281916215420551327,0.20973940001567826,,,batch-f8-mixed-direct-indirect-path-detection-20260825-001
F8,X1,X2,f8-mixed-direct-indirect-path-detection,11,4,0.43582712767818976,0.005,residual_samples/batch-11-replication-4.csv,null_statistics/batch-11-replication-4.npy,batch-f8-mixed-direct-indirect-path-detection,9910868840223742838,4209617889156669078,12451522307046910260,0.20901400002185255,,,batch-f8-mixed-direct-indirect-path-detection-20260825-001
F8,X1,X2,f8-mixed-direct-indirect-path-detection,11,5,0.45368344525625115,0.005,residual_samples/batch-11-replication-5.csv,null_statistics/batch-11-replication-5.npy,batch-f8-mixed-direct-indirect-path-detection,11697402431639960095,17221170937441145240,9022191299945518822,0.20456099999137223,,,batch-f8-mixed-direct-indirect-path-detection-20260825-001
F8,X1,X2,f8-mixed-direct-indirect-path-detection,11,6,0.4403630164795257,0.005,residual_samples/batch-11-replication-6.csv,null_statistics/batch-11-replication-6.npy,batch-f8-mixed-direct-indirect-path-detection,6890452357770260048,5582852125169533826,16032734018663152747,0.20664619997842237,,,batch-f8-mixed-direct-indirect-path-detection-20260825-001
F8,X1,X2,f8-mixed-direct-indirect-path-detection,11,7,0.46722853679330834,0.005,residual_samples/batch-11-replication-7.csv,null_statistics/batch-11-replication-7.npy,batch-f8-mixed-direct-indirect-path-detection,18233919663402904067,8120743578264514606,13516302554511028195,0.20603370002936572,,,batch-f8-mixed-direct-indirect-path-detection-20260825-001
F8,X1,X2,f8-mixed-direct-indirect-path-detection,11,8,0.4801501410952767,0.005,residual_samples/batch-11-replication-8.csv,null_statistics/batch-11-replication-8.npy,batch-f8-mixed-direct-indirect-path-detection,6321631193861845600,17891354822661228168,8829414461380445256,0.20468429999891669,,,batch-f8-mixed-direct-indirect-path-detection-20260825-001
F8,X1,X2,f8-mixed-direct-indirect-path-detection,11,9,0.41837774200597583,0.005,residual_samples/batch-11-replication-9.csv,null_statistics/batch-11-replication-9.npy,batch-f8-mixed-direct-indirect-path-detection,2007965478359266546,18033601746070673549,4733196893269407616,0.20466170000145212,,,batch-f8-mixed-direct-indirect-path-detection-20260825-001
F8,X1,X2,f8-mixed-direct-indirect-path-detection,12,0,0.4282929765828319,0.005,residual_samples/batch-12-replication-0.csv,null_statistics/batch-12-replication-0.npy,batch-f8-mixed-direct-indirect-path-detection,13880415958452998871,11757240697147974585,1064387356875460611,0.2071503999759443,,,batch-f8-mixed-direct-indirect-path-detection-20260825-001
F8,X1,X2,f8-mixed-direct-indirect-path-detection,12,1,0.44987373871706265,0.005,residual_samples/batch-12-replication-1.csv,null_statistics/batch-12-replication-1.npy,batch-f8-mixed-direct-indirect-path-detection,7678225508383148534,11555982583570475503,17099939380016346814,0.2050370000069961,,,batch-f8-mixed-direct-indirect-path-detection-20260825-001
F8,X1,X2,f8-mixed-direct-indirect-path-detection,12,2,0.49112888467205595,0.005,residual_samples/batch-12-replication-2.csv,null_statistics/batch-12-replication-2.npy,batch-f8-mixed-direct-indirect-path-detection,12490628077712153170,1345024760251320379,7679253506271867128,0.21588150004390627,,,batch-f8-mixed-direct-indirect-path-detection-20260825-001
F8,X1,X2,f8-mixed-direct-indirect-path-detection,12,3,0.4345440023757402,0.005,residual_samples/batch-12-replication-3.csv,null_statistics/batch-12-replication-3.npy,batch-f8-mixed-direct-indirect-path-detection,2060166391236936381,1727188525489663185,15669292102600939136,0.20621780003421009,,,batch-f8-mixed-direct-indirect-path-detection-20260825-001
F8,X1,X2,f8-mixed-direct-indirect-path-detection,12,4,0.4841901490906075,0.005,residual_samples/batch-12-replication-4.csv,null_statistics/batch-12-replication-4.npy,batch-f8-mixed-direct-indirect-path-detection,18263578345932219245,12088283186273596838,17867953138888020480,0.19718359998660162,,,batch-f8-mixed-direct-indirect-path-detection-20260825-001
F8,X1,X2,f8-mixed-direct-indirect-path-detection,12,5,0.4603924176262303,0.005,residual_samples/batch-12-replication-5.csv,null_statistics/batch-12-replication-5.npy,batch-f8-mixed-direct-indirect-path-detection,9491745197632796787,12810601207771577490,7399896568609948903,0.19991840003058314,,,batch-f8-mixed-direct-indirect-path-detection-20260825-001
F8,X1,X2,f8-mixed-direct-indirect-path-detection,12,6,0.4632955058876797,0.005,residual_samples/batch-12-replication-6.csv,null_statistics/batch-12-replication-6.npy,batch-f8-mixed-direct-indirect-path-detection,3996797816026906263,2944434086467044544,16977551985500255187,0.2017218000255525,,,batch-f8-mixed-direct-indirect-path-detection-20260825-001
F8,X1,X2,f8-mixed-direct-indirect-path-detection,12,7,0.4704583432827348,0.005,residual_samples/batch-12-replication-7.csv,null_statistics/batch-12-replication-7.npy,batch-f8-mixed-direct-indirect-path-detection,7557392953320944134,12254070686849661784,108373692950203399,0.20044420001795515,,,batch-f8-mixed-direct-indirect-path-detection-20260825-001
F8,X1,X2,f8-mixed-direct-indirect-path-detection,12,8,0.4242277809393908,0.005,residual_samples/batch-12-replication-8.csv,null_statistics/batch-12-replication-8.npy,batch-f8-mixed-direct-indirect-path-detection,3248197678361955751,9378675836745953928,6490987320862830369,0.20176149997860193,,,batch-f8-mixed-direct-indirect-path-detection-20260825-001
F8,X1,X2,f8-mixed-direct-indirect-path-detection,12,9,0.45228524288093297,0.005,residual_samples/batch-12-replication-9.csv,null_statistics/batch-12-replication-9.npy,batch-f8-mixed-direct-indirect-path-detection,5792728210290609316,4070204600625383530,1051624912670381971,0.1955595999606885,,,batch-f8-mixed-direct-indirect-path-detection-20260825-001
F8,X1,X2,f8-mixed-direct-indirect-path-detection,13,0,0.49049481587540705,0.005,residual_samples/batch-13-replication-0.csv,null_statistics/batch-13-replication-0.npy,batch-f8-mixed-direct-indirect-path-detection,13183654252552967675,11107168719412323776,4687694765755070556,0.19761080003809184,,,batch-f8-mixed-direct-indirect-path-detection-20260825-001
F8,X1,X2,f8-mixed-direct-indirect-path-detection,13,1,0.4598383439462322,0.005,residual_samples/batch-13-replication-1.csv,null_statistics/batch-13-replication-1.npy,batch-f8-mixed-direct-indirect-path-detection,14693568350746504131,11846105579949145809,3548233167214987235,0.19586370000615716,,,batch-f8-mixed-direct-indirect-path-detection-20260825-001
F8,X1,X2,f8-mixed-direct-indirect-path-detection,13,2,0.4759087471022263,0.005,residual_samples/batch-13-replication-2.csv,null_statistics/batch-13-replication-2.npy,batch-f8-mixed-direct-indirect-path-detection,2628458940503999149,6226010418074923737,4834981433996231833,0.19780100003117695,,,batch-f8-mixed-direct-indirect-path-detection-20260825-001
F8,X1,X2,f8-mixed-direct-indirect-path-detection,13,3,0.46177208573204487,0.005,residual_samples/batch-13-replication-3.csv,null_statistics/batch-13-replication-3.npy,batch-f8-mixed-direct-indirect-path-detection,12707261196920118103,17990852483284823044,10228102452701818376,0.19964760000584647,,,batch-f8-mixed-direct-indirect-path-detection-20260825-001
F8,X1,X2,f8-mixed-direct-indirect-path-detection,13,4,0.4157909333460382,0.005,residual_samples/batch-13-replication-4.csv,null_statistics/batch-13-replication-4.npy,batch-f8-mixed-direct-indirect-path-detection,13313228747555001415,6137704956809680560,8384636357573826241,0.1957772999885492,,,batch-f8-mixed-direct-indirect-path-detection-20260825-001
F8,X1,X2,f8-mixed-direct-indirect-path-detection,13,5,0.4553759357409084,0.005,residual_samples/batch-13-replication-5.csv,null_statistics/batch-13-replication-5.npy,batch-f8-mixed-direct-indirect-path-detection,2696369017837798056,3692654255991030637,18392717936414368728,0.19626479997532442,,,batch-f8-mixed-direct-indirect-path-detection-20260825-001
F8,X1,X2,f8-mixed-direct-indirect-path-detection,13,6,0.45846106368887773,0.005,residual_samples/batch-13-replication-6.csv,null_statistics/batch-13-replication-6.npy,batch-f8-mixed-direct-indirect-path-detection,5484906242203600757,11258410948772921796,13163343588675574681,0.19688140001380816,,,batch-f8-mixed-direct-indirect-path-detection-20260825-001
F8,X1,X2,f8-mixed-direct-indirect-path-detection,13,7,0.40638422815077263,0.005,residual_samples/batch-13-replication-7.csv,null_statistics/batch-13-replication-7.npy,batch-f8-mixed-direct-indirect-path-detection,1274075444558294244,17997919355902337442,16078367925390154792,0.1992348000057973,,,batch-f8-mixed-direct-indirect-path-detection-20260825-001
F8,X1,X2,f8-mixed-direct-indirect-path-detection,13,8,0.48298976736196214,0.005,residual_samples/batch-13-replication-8.csv,null_statistics/batch-13-replication-8.npy,batch-f8-mixed-direct-indirect-path-detection,608677546834341599,1390810459678959631,17264632645674793457,0.20128520001890138,,,batch-f8-mixed-direct-indirect-path-detection-20260825-001
F8,X1,X2,f8-mixed-direct-indirect-path-detection,13,9,0.4579771795406964,0.005,residual_samples/batch-13-replication-9.csv,null_statistics/batch-13-replication-9.npy,batch-f8-mixed-direct-indirect-path-detection,6156657192644105160,11489670789597315634,16308489276054989875,0.19931679998990148,,,batch-f8-mixed-direct-indirect-path-detection-20260825-001
F8,X1,X2,f8-mixed-direct-indirect-path-detection,14,0,0.4901130086782548,0.005,residual_samples/batch-14-replication-0.csv,null_statistics/batch-14-replication-0.npy,batch-f8-mixed-direct-indirect-path-detection,12866491686396522025,16589115030664330362,10406024067549245148,0.24075679999077693,,,batch-f8-mixed-direct-indirect-path-detection-20260825-001
F8,X1,X2,f8-mixed-direct-indirect-path-detection,14,1,0.4427125027300869,0.005,residual_samples/batch-14-replication-1.csv,null_statistics/batch-14-replication-1.npy,batch-f8-mixed-direct-indirect-path-detection,10600536083107724922,6295074215828215421,383712166222797025,0.19969989999663085,,,batch-f8-mixed-direct-indirect-path-detection-20260825-001
F8,X1,X2,f8-mixed-direct-indirect-path-detection,14,2,0.49192009445521107,0.005,residual_samples/batch-14-replication-2.csv,null_statistics/batch-14-replication-2.npy,batch-f8-mixed-direct-indirect-path-detection,5197043721949700663,1388731638067101042,13493684195634709012,0.20003050001105294,,,batch-f8-mixed-direct-indirect-path-detection-20260825-001
F8,X1,X2,f8-mixed-direct-indirect-path-detection,14,3,0.48276142180189774,0.005,residual_samples/batch-14-replication-3.csv,null_statistics/batch-14-replication-3.npy,batch-f8-mixed-direct-indirect-path-detection,7171201477633651894,12964588169985384777,15442002654816624205,0.20189399999799207,,,batch-f8-mixed-direct-indirect-path-detection-20260825-001
F8,X1,X2,f8-mixed-direct-indirect-path-detection,14,4,0.4024747373589603,0.005,residual_samples/batch-14-replication-4.csv,null_statistics/batch-14-replication-4.npy,batch-f8-mixed-direct-indirect-path-detection,16348003972867316552,9580533269128889731,9255291319334352637,0.1972234999993816,,,batch-f8-mixed-direct-indirect-path-detection-20260825-001
F8,X1,X2,f8-mixed-direct-indirect-path-detection,14,5,0.5210692205005523,0.005,residual_samples/batch-14-replication-5.csv,null_statistics/batch-14-replication-5.npy,batch-f8-mixed-direct-indirect-path-detection,10988027189352228128,2031702054866795613,272891345632976544,0.203183000034187,,,batch-f8-mixed-direct-indirect-path-detection-20260825-001
F8,X1,X2,f8-mixed-direct-indirect-path-detection,14,6,0.4373432731073475,0.005,residual_samples/batch-14-replication-6.csv,null_statistics/batch-14-replication-6.npy,batch-f8-mixed-direct-indirect-path-detection,11059642316451552370,1942841037890898673,3293290157035799304,0.20122589997481555,,,batch-f8-mixed-direct-indirect-path-detection-20260825-001
F8,X1,X2,f8-mixed-direct-indirect-path-detection,14,7,0.4656970526760503,0.005,residual_samples/batch-14-replication-7.csv,null_statistics/batch-14-replication-7.npy,batch-f8-mixed-direct-indirect-path-detection,14507659580534323519,13226016258567137478,17218023469608942557,0.20166890003019944,,,batch-f8-mixed-direct-indirect-path-detection-20260825-001
F8,X1,X2,f8-mixed-direct-indirect-path-detection,14,8,0.5350703675870416,0.005,residual_samples/batch-14-replication-8.csv,null_statistics/batch-14-replication-8.npy,batch-f8-mixed-direct-indirect-path-detection,2739826000578963451,1319777196347677946,15250503756629786317,0.19895629998063669,,,batch-f8-mixed-direct-indirect-path-detection-20260825-001
F8,X1,X2,f8-mixed-direct-indirect-path-detection,14,9,0.4503102700020014,0.005,residual_samples/batch-14-replication-9.csv,null_statistics/batch-14-replication-9.npy,batch-f8-mixed-direct-indirect-path-detection,8244429962669838142,3368054818678155071,1989779921923402764,0.20048709999537095,,,batch-f8-mixed-direct-indirect-path-detection-20260825-001
F8,X1,X2,f8-mixed-direct-indirect-path-detection,15,0,0.4498834292322759,0.005,residual_samples/batch-15-replication-0.csv,null_statistics/batch-15-replication-0.npy,batch-f8-mixed-direct-indirect-path-detection,16521826859005268236,12897602621922390512,9167404780837876108,0.20238299999618903,,,batch-f8-mixed-direct-indirect-path-detection-20260825-001
F8,X1,X2,f8-mixed-direct-indirect-path-detection,15,1,0.4693858943027386,0.005,residual_samples/batch-15-replication-1.csv,null_statistics/batch-15-replication-1.npy,batch-f8-mixed-direct-indirect-path-detection,17515629414702533285,11674999272973123716,15352183295627432269,0.20223539997823536,,,batch-f8-mixed-direct-indirect-path-detection-20260825-001
F8,X1,X2,f8-mixed-direct-indirect-path-detection,15,2,0.49146522170401413,0.005,residual_samples/batch-15-replication-2.csv,null_statistics/batch-15-replication-2.npy,batch-f8-mixed-direct-indirect-path-detection,4339274613044912254,3936960934004095655,2562701852783977543,0.19956350000575185,,,batch-f8-mixed-direct-indirect-path-detection-20260825-001
F8,X1,X2,f8-mixed-direct-indirect-path-detection,15,3,0.4811846478014535,0.005,residual_samples/batch-15-replication-3.csv,null_statistics/batch-15-replication-3.npy,batch-f8-mixed-direct-indirect-path-detection,7681547125599842657,9499062811933334245,7647889930532692160,0.20604520000051707,,,batch-f8-mixed-direct-indirect-path-detection-20260825-001
F8,X1,X2,f8-mixed-direct-indirect-path-detection,15,4,0.4320975339066733,0.005,residual_samples/batch-15-replication-4.csv,null_statistics/batch-15-replication-4.npy,batch-f8-mixed-direct-indirect-path-detection,12330832445535841021,12396047396656005979,13757792232202903648,0.19889910001074895,,,batch-f8-mixed-direct-indirect-path-detection-20260825-001
F8,X1,X2,f8-mixed-direct-indirect-path-detection,15,5,0.46721927237766914,0.005,residual_samples/batch-15-replication-5.csv,null_statistics/batch-15-replication-5.npy,batch-f8-mixed-direct-indirect-path-detection,918261280772338549,17071958734922726983,7084663952981460032,0.1996511000324972,,,batch-f8-mixed-direct-indirect-path-detection-20260825-001
F8,X1,X2,f8-mixed-direct-indirect-path-detection,15,6,0.4481679609110659,0.005,residual_samples/batch-15-replication-6.csv,null_statistics/batch-15-replication-6.npy,batch-f8-mixed-direct-indirect-path-detection,1344194553977498491,4473167784067849630,14387455495387306042,0.20250419998774305,,,batch-f8-mixed-direct-indirect-path-detection-20260825-001
F8,X1,X2,f8-mixed-direct-indirect-path-detection,15,7,0.4489427208396188,0.005,residual_samples/batch-15-replication-7.csv,null_statistics/batch-15-replication-7.npy,batch-f8-mixed-direct-indirect-path-detection,8909031391192418223,14084901967262255039,2709235679553097542,0.1984354000305757,,,batch-f8-mixed-direct-indirect-path-detection-20260825-001
F8,X1,X2,f8-mixed-direct-indirect-path-detection,15,8,0.4442722465237988,0.005,residual_samples/batch-15-replication-8.csv,null_statistics/batch-15-replication-8.npy,batch-f8-mixed-direct-indirect-path-detection,3152807620091758867,18138235377828975699,3132754929219534762,0.19682840001769364,,,batch-f8-mixed-direct-indirect-path-detection-20260825-001
F8,X1,X2,f8-mixed-direct-indirect-path-detection,15,9,0.4646379875105181,0.005,residual_samples/batch-15-replication-9.csv,null_statistics/batch-15-replication-9.npy,batch-f8-mixed-direct-indirect-path-detection,16862250821916239313,6302460985559997837,5167833593117462110,0.19740820000879467,,,batch-f8-mixed-direct-indirect-path-detection-20260825-001
F8,X1,X2,f8-mixed-direct-indirect-path-detection,16,0,0.4390454832992595,0.005,residual_samples/batch-16-replication-0.csv,null_statistics/batch-16-replication-0.npy,batch-f8-mixed-direct-indirect-path-detection,3389283317466294998,7329182717802087167,14763959077045014704,0.19857410003896803,,,batch-f8-mixed-direct-indirect-path-detection-20260825-001
F8,X1,X2,f8-mixed-direct-indirect-path-detection,16,1,0.48117300163324345,0.005,residual_samples/batch-16-replication-1.csv,null_statistics/batch-16-replication-1.npy,batch-f8-mixed-direct-indirect-path-detection,15561464348627050395,12721654536098612521,17546902880555802058,0.1986775000113994,,,batch-f8-mixed-direct-indirect-path-detection-20260825-001
F8,X1,X2,f8-mixed-direct-indirect-path-detection,16,2,0.4656858759708022,0.005,residual_samples/batch-16-replication-2.csv,null_statistics/batch-16-replication-2.npy,batch-f8-mixed-direct-indirect-path-detection,13030126148452406748,7650294831141506015,14486092130695218551,0.19989569997414947,,,batch-f8-mixed-direct-indirect-path-detection-20260825-001
F8,X1,X2,f8-mixed-direct-indirect-path-detection,16,3,0.4671260737827823,0.005,residual_samples/batch-16-replication-3.csv,null_statistics/batch-16-replication-3.npy,batch-f8-mixed-direct-indirect-path-detection,14118366942185014079,1002506288387610564,10480967250138989667,0.19603029999416322,,,batch-f8-mixed-direct-indirect-path-detection-20260825-001
F8,X1,X2,f8-mixed-direct-indirect-path-detection,16,4,0.4204992343585749,0.005,residual_samples/batch-16-replication-4.csv,null_statistics/batch-16-replication-4.npy,batch-f8-mixed-direct-indirect-path-detection,13147073613113067615,17447631264925908835,11304976028564662032,0.20233669999288395,,,batch-f8-mixed-direct-indirect-path-detection-20260825-001
F8,X1,X2,f8-mixed-direct-indirect-path-detection,16,5,0.4259941293815866,0.005,residual_samples/batch-16-replication-5.csv,null_statistics/batch-16-replication-5.npy,batch-f8-mixed-direct-indirect-path-detection,3088132961777589786,6282218016510338231,5482580671477721282,0.1993083999841474,,,batch-f8-mixed-direct-indirect-path-detection-20260825-001
F8,X1,X2,f8-mixed-direct-indirect-path-detection,16,6,0.5284308465428339,0.005,residual_samples/batch-16-replication-6.csv,null_statistics/batch-16-replication-6.npy,batch-f8-mixed-direct-indirect-path-detection,11331902862704093866,14904712048188383573,14845902956934948807,0.19843049999326468,,,batch-f8-mixed-direct-indirect-path-detection-20260825-001
F8,X1,X2,f8-mixed-direct-indirect-path-detection,16,7,0.4324210810104652,0.005,residual_samples/batch-16-replication-7.csv,null_statistics/batch-16-replication-7.npy,batch-f8-mixed-direct-indirect-path-detection,3244590509292363572,18178254633036887639,9938520633806471901,0.20557329995790496,,,batch-f8-mixed-direct-indirect-path-detection-20260825-001
F8,X1,X2,f8-mixed-direct-indirect-path-detection,16,8,0.4657455728597963,0.005,residual_samples/batch-16-replication-8.csv,null_statistics/batch-16-replication-8.npy,batch-f8-mixed-direct-indirect-path-detection,1540781181868777135,9448297401767159077,2225593423566292194,0.20187419996364042,,,batch-f8-mixed-direct-indirect-path-detection-20260825-001
F8,X1,X2,f8-mixed-direct-indirect-path-detection,16,9,0.4275619702737988,0.005,residual_samples/batch-16-replication-9.csv,null_statistics/batch-16-replication-9.npy,batch-f8-mixed-direct-indirect-path-detection,3442699061754775826,4629035478434516215,12938467372367457496,0.20463699998799711,,,batch-f8-mixed-direct-indirect-path-detection-20260825-001
F8,X1,X2,f8-mixed-direct-indirect-path-detection,17,0,0.4416566007480378,0.005,residual_samples/batch-17-replication-0.csv,null_statistics/batch-17-replication-0.npy,batch-f8-mixed-direct-indirect-path-detection,15001692193006989253,15152549538518277243,4786004307911224373,0.20364219998009503,,,batch-f8-mixed-direct-indirect-path-detection-20260825-001
F8,X1,X2,f8-mixed-direct-indirect-path-detection,17,1,0.4919461747507433,0.005,residual_samples/batch-17-replication-1.csv,null_statistics/batch-17-replication-1.npy,batch-f8-mixed-direct-indirect-path-detection,14785977005840973567,16478726401858609665,8488753177470688716,0.20797540002968162,,,batch-f8-mixed-direct-indirect-path-detection-20260825-001
F8,X1,X2,f8-mixed-direct-indirect-path-detection,17,2,0.44013918907638994,0.005,residual_samples/batch-17-replication-2.csv,null_statistics/batch-17-replication-2.npy,batch-f8-mixed-direct-indirect-path-detection,11446185015065400006,757329021382777641,1195311295488758462,0.2041291000205092,,,batch-f8-mixed-direct-indirect-path-detection-20260825-001
F8,X1,X2,f8-mixed-direct-indirect-path-detection,17,3,0.4782787232768431,0.005,residual_samples/batch-17-replication-3.csv,null_statistics/batch-17-replication-3.npy,batch-f8-mixed-direct-indirect-path-detection,12341294472497649318,5421667113509567732,3901408206486694109,0.20250750001287088,,,batch-f8-mixed-direct-indirect-path-detection-20260825-001
F8,X1,X2,f8-mixed-direct-indirect-path-detection,17,4,0.46268038809003004,0.005,residual_samples/batch-17-replication-4.csv,null_statistics/batch-17-replication-4.npy,batch-f8-mixed-direct-indirect-path-detection,7450182811883971898,780385458118345889,18196082149625886998,0.20327200001338497,,,batch-f8-mixed-direct-indirect-path-detection-20260825-001
F8,X1,X2,f8-mixed-direct-indirect-path-detection,17,5,0.42241414294300955,0.005,residual_samples/batch-17-replication-5.csv,null_statistics/batch-17-replication-5.npy,batch-f8-mixed-direct-indirect-path-detection,13569747418893904647,4478256624940978193,16783680954229061030,0.2042366999667138,,,batch-f8-mixed-direct-indirect-path-detection-20260825-001
F8,X1,X2,f8-mixed-direct-indirect-path-detection,17,6,0.4359635046045013,0.005,residual_samples/batch-17-replication-6.csv,null_statistics/batch-17-replication-6.npy,batch-f8-mixed-direct-indirect-path-detection,13351185355323710882,17508678891444475860,10201737255318776668,0.20140250003896654,,,batch-f8-mixed-direct-indirect-path-detection-20260825-001
F8,X1,X2,f8-mixed-direct-indirect-path-detection,17,7,0.4384737795153504,0.005,residual_samples/batch-17-replication-7.csv,null_statistics/batch-17-replication-7.npy,batch-f8-mixed-direct-indirect-path-detection,16772390611942233855,9869132387562365458,8588887568121028235,0.2006616999860853,,,batch-f8-mixed-direct-indirect-path-detection-20260825-001
F8,X1,X2,f8-mixed-direct-indirect-path-detection,17,8,0.47539921478106323,0.005,residual_samples/batch-17-replication-8.csv,null_statistics/batch-17-replication-8.npy,batch-f8-mixed-direct-indirect-path-detection,8063188624927370573,12556361154875514014,13853889196629037281,0.1959445999818854,,,batch-f8-mixed-direct-indirect-path-detection-20260825-001
F8,X1,X2,f8-mixed-direct-indirect-path-detection,17,9,0.4169215111440749,0.005,residual_samples/batch-17-replication-9.csv,null_statistics/batch-17-replication-9.npy,batch-f8-mixed-direct-indirect-path-detection,10023791091343602947,15991233700413217554,4205720652086814001,0.20114350004587322,,,batch-f8-mixed-direct-indirect-path-detection-20260825-001
F8,X1,X2,f8-mixed-direct-indirect-path-detection,18,0,0.46361405324755833,0.005,residual_samples/batch-18-replication-0.csv,null_statistics/batch-18-replication-0.npy,batch-f8-mixed-direct-indirect-path-detection,11193049051221269692,3826672654313402908,1460911527675764946,0.21430200000759214,,,batch-f8-mixed-direct-indirect-path-detection-20260825-001
F8,X1,X2,f8-mixed-direct-indirect-path-detection,18,1,0.4999043227352425,0.005,residual_samples/batch-18-replication-1.csv,null_statistics/batch-18-replication-1.npy,batch-f8-mixed-direct-indirect-path-detection,3742648755069410383,2766050998045781511,13926735663248024789,0.20156259997747838,,,batch-f8-mixed-direct-indirect-path-detection-20260825-001
F8,X1,X2,f8-mixed-direct-indirect-path-detection,18,2,0.48098308054616046,0.005,residual_samples/batch-18-replication-2.csv,null_statistics/batch-18-replication-2.npy,batch-f8-mixed-direct-indirect-path-detection,17126654345383669993,6232566969668966237,11322959793086036489,0.2050563000375405,,,batch-f8-mixed-direct-indirect-path-detection-20260825-001
F8,X1,X2,f8-mixed-direct-indirect-path-detection,18,3,0.4365816776426953,0.005,residual_samples/batch-18-replication-3.csv,null_statistics/batch-18-replication-3.npy,batch-f8-mixed-direct-indirect-path-detection,2787054560085696983,14495319657437552679,14696392336378665503,0.20520039997063577,,,batch-f8-mixed-direct-indirect-path-detection-20260825-001
F8,X1,X2,f8-mixed-direct-indirect-path-detection,18,4,0.41447918212135954,0.005,residual_samples/batch-18-replication-4.csv,null_statistics/batch-18-replication-4.npy,batch-f8-mixed-direct-indirect-path-detection,10006208476011251016,11475441675996701219,14097501832294618405,0.2041911999695003,,,batch-f8-mixed-direct-indirect-path-detection-20260825-001
F8,X1,X2,f8-mixed-direct-indirect-path-detection,18,5,0.4383312650432277,0.005,residual_samples/batch-18-replication-5.csv,null_statistics/batch-18-replication-5.npy,batch-f8-mixed-direct-indirect-path-detection,5746464633359019357,16730531022578189420,3100405127185977938,0.20674729999154806,,,batch-f8-mixed-direct-indirect-path-detection-20260825-001
F8,X1,X2,f8-mixed-direct-indirect-path-detection,18,6,0.4817055702980981,0.005,residual_samples/batch-18-replication-6.csv,null_statistics/batch-18-replication-6.npy,batch-f8-mixed-direct-indirect-path-detection,8109628097986904092,17635027118074546835,12893654019209687908,0.20559749996755272,,,batch-f8-mixed-direct-indirect-path-detection-20260825-001
F8,X1,X2,f8-mixed-direct-indirect-path-detection,18,7,0.4554958737878248,0.005,residual_samples/batch-18-replication-7.csv,null_statistics/batch-18-replication-7.npy,batch-f8-mixed-direct-indirect-path-detection,14422627813676513153,14802772087395367961,16629668067356907322,0.20193570002447814,,,batch-f8-mixed-direct-indirect-path-detection-20260825-001
F8,X1,X2,f8-mixed-direct-indirect-path-detection,18,8,0.4268995493005574,0.005,residual_samples/batch-18-replication-8.csv,null_statistics/batch-18-replication-8.npy,batch-f8-mixed-direct-indirect-path-detection,3185334775617696179,4713028054284865744,13571605326678115760,0.20386050001252443,,,batch-f8-mixed-direct-indirect-path-detection-20260825-001
F8,X1,X2,f8-mixed-direct-indirect-path-detection,18,9,0.435139295542049,0.005,residual_samples/batch-18-replication-9.csv,null_statistics/batch-18-replication-9.npy,batch-f8-mixed-direct-indirect-path-detection,7557290822108806400,353605252955782801,16560954603471197755,0.2047450000536628,,,batch-f8-mixed-direct-indirect-path-detection-20260825-001
F8,X1,X2,f8-mixed-direct-indirect-path-detection,19,0,0.45120569583441594,0.005,residual_samples/batch-19-replication-0.csv,null_statistics/batch-19-replication-0.npy,batch-f8-mixed-direct-indirect-path-detection,10076327595970024262,1000647250205895812,4027118637676438102,0.20559009996941313,,,batch-f8-mixed-direct-indirect-path-detection-20260825-001
F8,X1,X2,f8-mixed-direct-indirect-path-detection,19,1,0.3952105711947446,0.005,residual_samples/batch-19-replication-1.csv,null_statistics/batch-19-replication-1.npy,batch-f8-mixed-direct-indirect-path-detection,7119595017056298376,4136039017463611112,14906375109085908927,0.2069463999941945,,,batch-f8-mixed-direct-indirect-path-detection-20260825-001
F8,X1,X2,f8-mixed-direct-indirect-path-detection,19,2,0.4796844864741254,0.005,residual_samples/batch-19-replication-2.csv,null_statistics/batch-19-replication-2.npy,batch-f8-mixed-direct-indirect-path-detection,17346544596394056672,4968945833162730082,13035189651709009424,0.20478490000823513,,,batch-f8-mixed-direct-indirect-path-detection-20260825-001
F8,X1,X2,f8-mixed-direct-indirect-path-detection,19,3,0.4759695260885446,0.005,residual_samples/batch-19-replication-3.csv,null_statistics/batch-19-replication-3.npy,batch-f8-mixed-direct-indirect-path-detection,15886858665250159712,12307557069463447586,18217308305540718358,0.20204820000799373,,,batch-f8-mixed-direct-indirect-path-detection-20260825-001
F8,X1,X2,f8-mixed-direct-indirect-path-detection,19,4,0.44403000098014234,0.005,residual_samples/batch-19-replication-4.csv,null_statistics/batch-19-replication-4.npy,batch-f8-mixed-direct-indirect-path-detection,792594521942383338,17642845695837472693,10624896792912074759,0.20155810000142083,,,batch-f8-mixed-direct-indirect-path-detection-20260825-001
F8,X1,X2,f8-mixed-direct-indirect-path-detection,19,5,0.42402570651466154,0.005,residual_samples/batch-19-replication-5.csv,null_statistics/batch-19-replication-5.npy,batch-f8-mixed-direct-indirect-path-detection,17920963001102330537,4431324029742555564,3715518942481247411,0.21012719999998808,,,batch-f8-mixed-direct-indirect-path-detection-20260825-001
F8,X1,X2,f8-mixed-direct-indirect-path-detection,19,6,0.47312096815655774,0.005,residual_samples/batch-19-replication-6.csv,null_statistics/batch-19-replication-6.npy,batch-f8-mixed-direct-indirect-path-detection,9633872398458628957,8474121757932613615,694606664389148016,0.20154599996749312,,,batch-f8-mixed-direct-indirect-path-detection-20260825-001
F8,X1,X2,f8-mixed-direct-indirect-path-detection,19,7,0.4512291324540939,0.005,residual_samples/batch-19-replication-7.csv,null_statistics/batch-19-replication-7.npy,batch-f8-mixed-direct-indirect-path-detection,3095520395616309339,1676246216656630067,516960438432747747,0.20345159998396412,,,batch-f8-mixed-direct-indirect-path-detection-20260825-001
F8,X1,X2,f8-mixed-direct-indirect-path-detection,19,8,0.4859667268782318,0.005,residual_samples/batch-19-replication-8.csv,null_statistics/batch-19-replication-8.npy,batch-f8-mixed-direct-indirect-path-detection,9261945598854331410,8725468194748249930,10324342564043592974,0.20391909999307245,,,batch-f8-mixed-direct-indirect-path-detection-20260825-001
F8,X1,X2,f8-mixed-direct-indirect-path-detection,19,9,0.4622277635586062,0.005,residual_samples/batch-19-replication-9.csv,null_statistics/batch-19-replication-9.npy,batch-f8-mixed-direct-indirect-path-detection,13555943328666680496,13502985200275207900,2687984998779922103,0.1955860000452958,,,batch-f8-mixed-direct-indirect-path-detection-20260825-001
F8,X1,X2,f8-mixed-direct-indirect-path-detection,20,0,0.4613856783653885,0.005,residual_samples/batch-20-replication-0.csv,null_statistics/batch-20-replication-0.npy,batch-f8-mixed-direct-indirect-path-detection,3426037357799534305,544574414576915733,1080187977230801543,0.1983094000024721,,,batch-f8-mixed-direct-indirect-path-detection-20260825-001
F8,X1,X2,f8-mixed-direct-indirect-path-detection,20,1,0.44114430473776023,0.005,residual_samples/batch-20-replication-1.csv,null_statistics/batch-20-replication-1.npy,batch-f8-mixed-direct-indirect-path-detection,2313170970634962663,12927125006424637230,15513632951949430844,0.1976501999888569,,,batch-f8-mixed-direct-indirect-path-detection-20260825-001
F8,X1,X2,f8-mixed-direct-indirect-path-detection,20,2,0.4332506142326949,0.005,residual_samples/batch-20-replication-2.csv,null_statistics/batch-20-replication-2.npy,batch-f8-mixed-direct-indirect-path-detection,10242387694412923783,15776950210666516481,4907889113252096956,0.19458800001302734,,,batch-f8-mixed-direct-indirect-path-detection-20260825-001
F8,X1,X2,f8-mixed-direct-indirect-path-detection,20,3,0.43621618061907,0.005,residual_samples/batch-20-replication-3.csv,null_statistics/batch-20-replication-3.npy,batch-f8-mixed-direct-indirect-path-detection,15657980464622980714,15697402382306238399,9118709623988761687,0.19394070003181696,,,batch-f8-mixed-direct-indirect-path-detection-20260825-001
F8,X1,X2,f8-mixed-direct-indirect-path-detection,20,4,0.45117639477416527,0.005,residual_samples/batch-20-replication-4.csv,null_statistics/batch-20-replication-4.npy,batch-f8-mixed-direct-indirect-path-detection,6752873449195859962,6577230613263463259,11298378840812423959,0.19806329999119043,,,batch-f8-mixed-direct-indirect-path-detection-20260825-001
F8,X1,X2,f8-mixed-direct-indirect-path-detection,20,5,0.4211322987642833,0.005,residual_samples/batch-20-replication-5.csv,null_statistics/batch-20-replication-5.npy,batch-f8-mixed-direct-indirect-path-detection,1505397480113200216,9540307923230254469,10148916885242390074,0.19509890000335872,,,batch-f8-mixed-direct-indirect-path-detection-20260825-001
F8,X1,X2,f8-mixed-direct-indirect-path-detection,20,6,0.45498802603785565,0.005,residual_samples/batch-20-replication-6.csv,null_statistics/batch-20-replication-6.npy,batch-f8-mixed-direct-indirect-path-detection,11836861607594557018,17189586597552335117,8464826175114601299,0.1908707999973558,,,batch-f8-mixed-direct-indirect-path-detection-20260825-001
F8,X1,X2,f8-mixed-direct-indirect-path-detection,20,7,0.457176237125421,0.005,residual_samples/batch-20-replication-7.csv,null_statistics/batch-20-replication-7.npy,batch-f8-mixed-direct-indirect-path-detection,5854004110553049954,5715809968268045051,4143360351041111974,0.1961629999568686,,,batch-f8-mixed-direct-indirect-path-detection-20260825-001
F8,X1,X2,f8-mixed-direct-indirect-path-detection,20,8,0.45950988138668963,0.005,residual_samples/batch-20-replication-8.csv,null_statistics/batch-20-replication-8.npy,batch-f8-mixed-direct-indirect-path-detection,2099335947966526076,5750921678062604835,13609141589223699742,0.1930411999928765,,,batch-f8-mixed-direct-indirect-path-detection-20260825-001
F8,X1,X2,f8-mixed-direct-indirect-path-detection,20,9,0.4124329441405916,0.005,residual_samples/batch-20-replication-9.csv,null_statistics/batch-20-replication-9.npy,batch-f8-mixed-direct-indirect-path-detection,15257301273626394514,12477579464791865149,13692800184620123243,0.19434729998465627,,,batch-f8-mixed-direct-indirect-path-detection-20260825-001
F8,X1,X2,f8-mixed-direct-indirect-path-detection,21,0,0.5101005695799782,0.005,residual_samples/batch-21-replication-0.csv,null_statistics/batch-21-replication-0.npy,batch-f8-mixed-direct-indirect-path-detection,17149985435628672054,714923976673120631,5842785685581895101,0.1970877999556251,,,batch-f8-mixed-direct-indirect-path-detection-20260825-001
F8,X1,X2,f8-mixed-direct-indirect-path-detection,21,1,0.46139433347596515,0.005,residual_samples/batch-21-replication-1.csv,null_statistics/batch-21-replication-1.npy,batch-f8-mixed-direct-indirect-path-detection,6630529414753542209,14553270962561508585,1217564148854118889,0.19376890000421554,,,batch-f8-mixed-direct-indirect-path-detection-20260825-001
F8,X1,X2,f8-mixed-direct-indirect-path-detection,21,2,0.4441016336233828,0.005,residual_samples/batch-21-replication-2.csv,null_statistics/batch-21-replication-2.npy,batch-f8-mixed-direct-indirect-path-detection,322266394410272728,11775528306034240959,14492513902014672005,0.19919300003675744,,,batch-f8-mixed-direct-indirect-path-detection-20260825-001
F8,X1,X2,f8-mixed-direct-indirect-path-detection,21,3,0.44832134630989817,0.005,residual_samples/batch-21-replication-3.csv,null_statistics/batch-21-replication-3.npy,batch-f8-mixed-direct-indirect-path-detection,17279299802659895280,16375664361639216726,18191160721621054245,0.1948176000150852,,,batch-f8-mixed-direct-indirect-path-detection-20260825-001
F8,X1,X2,f8-mixed-direct-indirect-path-detection,21,4,0.48974559175265375,0.005,residual_samples/batch-21-replication-4.csv,null_statistics/batch-21-replication-4.npy,batch-f8-mixed-direct-indirect-path-detection,10653399636050942523,1784315902397854374,5328527563718108153,0.19169110001530498,,,batch-f8-mixed-direct-indirect-path-detection-20260825-001
F8,X1,X2,f8-mixed-direct-indirect-path-detection,21,5,0.43246320161553703,0.005,residual_samples/batch-21-replication-5.csv,null_statistics/batch-21-replication-5.npy,batch-f8-mixed-direct-indirect-path-detection,9563421761418821883,9709423250563044578,3035078271479729108,0.19582929997704923,,,batch-f8-mixed-direct-indirect-path-detection-20260825-001
F8,X1,X2,f8-mixed-direct-indirect-path-detection,21,6,0.45365614157396783,0.005,residual_samples/batch-21-replication-6.csv,null_statistics/batch-21-replication-6.npy,batch-f8-mixed-direct-indirect-path-detection,15381949326465485484,2650575708548047257,14335992417278600222,0.19701000000350177,,,batch-f8-mixed-direct-indirect-path-detection-20260825-001
F8,X1,X2,f8-mixed-direct-indirect-path-detection,21,7,0.41517831770694164,0.005,residual_samples/batch-21-replication-7.csv,null_statistics/batch-21-replication-7.npy,batch-f8-mixed-direct-indirect-path-detection,10961461156713116419,6205363671492625755,16561770967431104019,0.1974460000055842,,,batch-f8-mixed-direct-indirect-path-detection-20260825-001
F8,X1,X2,f8-mixed-direct-indirect-path-detection,21,8,0.4571423334222732,0.005,residual_samples/batch-21-replication-8.csv,null_statistics/batch-21-replication-8.npy,batch-f8-mixed-direct-indirect-path-detection,12226118563664591380,8407368651515252077,17804611821732825057,0.20103220001328737,,,batch-f8-mixed-direct-indirect-path-detection-20260825-001
F8,X1,X2,f8-mixed-direct-indirect-path-detection,21,9,0.4197789182310348,0.005,residual_samples/batch-21-replication-9.csv,null_statistics/batch-21-replication-9.npy,batch-f8-mixed-direct-indirect-path-detection,3965710798772271301,18187280941427552768,5278341394683300749,0.19154369999887422,,,batch-f8-mixed-direct-indirect-path-detection-20260825-001
F8,X1,X2,f8-mixed-direct-indirect-path-detection,22,0,0.47299542704027914,0.005,residual_samples/batch-22-replication-0.csv,null_statistics/batch-22-replication-0.npy,batch-f8-mixed-direct-indirect-path-detection,12208038514948614048,6271852669899990238,4242577372298000827,0.19690710003487766,,,batch-f8-mixed-direct-indirect-path-detection-20260825-001
F8,X1,X2,f8-mixed-direct-indirect-path-detection,22,1,0.3994382154878239,0.005,residual_samples/batch-22-replication-1.csv,null_statistics/batch-22-replication-1.npy,batch-f8-mixed-direct-indirect-path-detection,13295649973364696409,8764661103622383660,1473011471958435111,0.19542189995991066,,,batch-f8-mixed-direct-indirect-path-detection-20260825-001
F8,X1,X2,f8-mixed-direct-indirect-path-detection,22,2,0.433393429129814,0.005,residual_samples/batch-22-replication-2.csv,null_statistics/batch-22-replication-2.npy,batch-f8-mixed-direct-indirect-path-detection,17408927155377217827,4495645313881746099,1005430396157212956,0.20611329999519512,,,batch-f8-mixed-direct-indirect-path-detection-20260825-001
F8,X1,X2,f8-mixed-direct-indirect-path-detection,22,3,0.4476479138677741,0.005,residual_samples/batch-22-replication-3.csv,null_statistics/batch-22-replication-3.npy,batch-f8-mixed-direct-indirect-path-detection,17419050752317171353,1924577148762262465,8321996595660540441,0.1999249000218697,,,batch-f8-mixed-direct-indirect-path-detection-20260825-001
F8,X1,X2,f8-mixed-direct-indirect-path-detection,22,4,0.4543385874020356,0.005,residual_samples/batch-22-replication-4.csv,null_statistics/batch-22-replication-4.npy,batch-f8-mixed-direct-indirect-path-detection,18377308646967601230,6717059737794592322,8898239071461923988,0.197826299990993,,,batch-f8-mixed-direct-indirect-path-detection-20260825-001
F8,X1,X2,f8-mixed-direct-indirect-path-detection,22,5,0.4565879525447187,0.005,residual_samples/batch-22-replication-5.csv,null_statistics/batch-22-replication-5.npy,batch-f8-mixed-direct-indirect-path-detection,7884455760433591786,6822225767190184406,15518995036038020831,0.19819510000525042,,,batch-f8-mixed-direct-indirect-path-detection-20260825-001
F8,X1,X2,f8-mixed-direct-indirect-path-detection,22,6,0.42763987716788693,0.005,residual_samples/batch-22-replication-6.csv,null_statistics/batch-22-replication-6.npy,batch-f8-mixed-direct-indirect-path-detection,9861213213610588742,6691194380394855734,2667031150138047719,0.20653019996825606,,,batch-f8-mixed-direct-indirect-path-detection-20260825-001
F8,X1,X2,f8-mixed-direct-indirect-path-detection,22,7,0.43806185734557096,0.005,residual_samples/batch-22-replication-7.csv,null_statistics/batch-22-replication-7.npy,batch-f8-mixed-direct-indirect-path-detection,4830591239553121929,12090677483239858332,7983249862304230468,0.20327110000653192,,,batch-f8-mixed-direct-indirect-path-detection-20260825-001
F8,X1,X2,f8-mixed-direct-indirect-path-detection,22,8,0.39450455332072093,0.005,residual_samples/batch-22-replication-8.csv,null_statistics/batch-22-replication-8.npy,batch-f8-mixed-direct-indirect-path-detection,11569226460141536944,9105229969993896869,4231504826312196302,0.20458429999416694,,,batch-f8-mixed-direct-indirect-path-detection-20260825-001
F8,X1,X2,f8-mixed-direct-indirect-path-detection,22,9,0.4402119772490483,0.005,residual_samples/batch-22-replication-9.csv,null_statistics/batch-22-replication-9.npy,batch-f8-mixed-direct-indirect-path-detection,10619134285706453805,17147748407072110786,17200809434017267331,0.20577449997654185,,,batch-f8-mixed-direct-indirect-path-detection-20260825-001
F8,X1,X2,f8-mixed-direct-indirect-path-detection,23,0,0.44286622929822816,0.005,residual_samples/batch-23-replication-0.csv,null_statistics/batch-23-replication-0.npy,batch-f8-mixed-direct-indirect-path-detection,17979008167053530805,16864362813929348055,3673626741078525428,0.2027485000435263,,,batch-f8-mixed-direct-indirect-path-detection-20260825-001
F8,X1,X2,f8-mixed-direct-indirect-path-detection,23,1,0.4853625040603083,0.005,residual_samples/batch-23-replication-1.csv,null_statistics/batch-23-replication-1.npy,batch-f8-mixed-direct-indirect-path-detection,16389913597714964109,5591356071557218795,13441798015903956346,0.20955610001692548,,,batch-f8-mixed-direct-indirect-path-detection-20260825-001
F8,X1,X2,f8-mixed-direct-indirect-path-detection,23,2,0.44905809543748304,0.005,residual_samples/batch-23-replication-2.csv,null_statistics/batch-23-replication-2.npy,batch-f8-mixed-direct-indirect-path-detection,13429919720612601806,7072632987423336038,5220944093109828807,0.20882460003485903,,,batch-f8-mixed-direct-indirect-path-detection-20260825-001
F8,X1,X2,f8-mixed-direct-indirect-path-detection,23,3,0.4478378994908376,0.005,residual_samples/batch-23-replication-3.csv,null_statistics/batch-23-replication-3.npy,batch-f8-mixed-direct-indirect-path-detection,11350345570258582827,940172135492997718,11258895388734606518,0.21995739999692887,,,batch-f8-mixed-direct-indirect-path-detection-20260825-001
F8,X1,X2,f8-mixed-direct-indirect-path-detection,23,4,0.46496417571752835,0.005,residual_samples/batch-23-replication-4.csv,null_statistics/batch-23-replication-4.npy,batch-f8-mixed-direct-indirect-path-detection,8087273125796195095,18360306891671963749,12390170093535062100,0.20208989997627214,,,batch-f8-mixed-direct-indirect-path-detection-20260825-001
F8,X1,X2,f8-mixed-direct-indirect-path-detection,23,5,0.4579453845743016,0.005,residual_samples/batch-23-replication-5.csv,null_statistics/batch-23-replication-5.npy,batch-f8-mixed-direct-indirect-path-detection,16319921508056857548,2647991519601308699,6647851236151289187,0.2047562999650836,,,batch-f8-mixed-direct-indirect-path-detection-20260825-001
F8,X1,X2,f8-mixed-direct-indirect-path-detection,23,6,0.47658617457954505,0.005,residual_samples/batch-23-replication-6.csv,null_statistics/batch-23-replication-6.npy,batch-f8-mixed-direct-indirect-path-detection,9936906017422034931,6013328883234612255,16859873106514049152,0.2034410999622196,,,batch-f8-mixed-direct-indirect-path-detection-20260825-001
F8,X1,X2,f8-mixed-direct-indirect-path-detection,23,7,0.4779125727902513,0.005,residual_samples/batch-23-replication-7.csv,null_statistics/batch-23-replication-7.npy,batch-f8-mixed-direct-indirect-path-detection,11099729443067149547,9143546680525275447,5844910203093252978,0.21108320000348613,,,batch-f8-mixed-direct-indirect-path-detection-20260825-001
F8,X1,X2,f8-mixed-direct-indirect-path-detection,23,8,0.46339034987973987,0.005,residual_samples/batch-23-replication-8.csv,null_statistics/batch-23-replication-8.npy,batch-f8-mixed-direct-indirect-path-detection,3214507575925112476,17879873275281811088,8547234575820196867,0.2145225999993272,,,batch-f8-mixed-direct-indirect-path-detection-20260825-001
F8,X1,X2,f8-mixed-direct-indirect-path-detection,23,9,0.44659303860693234,0.005,residual_samples/batch-23-replication-9.csv,null_statistics/batch-23-replication-9.npy,batch-f8-mixed-direct-indirect-path-detection,4149040758694668450,6597021908507505489,7302573741856081215,0.21828860003734007,,,batch-f8-mixed-direct-indirect-path-detection-20260825-001
F8,X1,X2,f8-mixed-direct-indirect-path-detection,24,0,0.4454635090209011,0.005,residual_samples/batch-24-replication-0.csv,null_statistics/batch-24-replication-0.npy,batch-f8-mixed-direct-indirect-path-detection,2914053854006179200,3599045266530645956,2460666704329656723,0.2090584000106901,,,batch-f8-mixed-direct-indirect-path-detection-20260825-001
F8,X1,X2,f8-mixed-direct-indirect-path-detection,24,1,0.465095368210496,0.005,residual_samples/batch-24-replication-1.csv,null_statistics/batch-24-replication-1.npy,batch-f8-mixed-direct-indirect-path-detection,3069892909757758238,3339080889911294622,672960385100797403,0.2081622999976389,,,batch-f8-mixed-direct-indirect-path-detection-20260825-001
F8,X1,X2,f8-mixed-direct-indirect-path-detection,24,2,0.4681472002070376,0.005,residual_samples/batch-24-replication-2.csv,null_statistics/batch-24-replication-2.npy,batch-f8-mixed-direct-indirect-path-detection,7422793634372546756,6613770135107619579,13369622746847543829,0.19922319997567683,,,batch-f8-mixed-direct-indirect-path-detection-20260825-001
F8,X1,X2,f8-mixed-direct-indirect-path-detection,24,3,0.47856512726082057,0.005,residual_samples/batch-24-replication-3.csv,null_statistics/batch-24-replication-3.npy,batch-f8-mixed-direct-indirect-path-detection,11703323254132659349,9678296500319643553,2649157115065643968,0.19530879997182637,,,batch-f8-mixed-direct-indirect-path-detection-20260825-001
F8,X1,X2,f8-mixed-direct-indirect-path-detection,24,4,0.49031474702954597,0.005,residual_samples/batch-24-replication-4.csv,null_statistics/batch-24-replication-4.npy,batch-f8-mixed-direct-indirect-path-detection,8392210056778273984,12031460875560390133,2151772026665127052,0.19722859998000786,,,batch-f8-mixed-direct-indirect-path-detection-20260825-001
F8,X1,X2,f8-mixed-direct-indirect-path-detection,24,5,0.4767492368337884,0.005,residual_samples/batch-24-replication-5.csv,null_statistics/batch-24-replication-5.npy,batch-f8-mixed-direct-indirect-path-detection,2332095655887750626,15221320832282902120,6620232907756906005,0.19779420003760606,,,batch-f8-mixed-direct-indirect-path-detection-20260825-001
F8,X1,X2,f8-mixed-direct-indirect-path-detection,24,6,0.4325581109679271,0.005,residual_samples/batch-24-replication-6.csv,null_statistics/batch-24-replication-6.npy,batch-f8-mixed-direct-indirect-path-detection,2633154846620026251,17645591558098225652,2789206333027900186,0.19820089999120682,,,batch-f8-mixed-direct-indirect-path-detection-20260825-001
F8,X1,X2,f8-mixed-direct-indirect-path-detection,24,7,0.437138635201805,0.005,residual_samples/batch-24-replication-7.csv,null_statistics/batch-24-replication-7.npy,batch-f8-mixed-direct-indirect-path-detection,17693420688862875839,14821449706103772483,3786162186955935758,0.21602059999713674,,,batch-f8-mixed-direct-indirect-path-detection-20260825-001
F8,X1,X2,f8-mixed-direct-indirect-path-detection,24,8,0.44831062245444,0.005,residual_samples/batch-24-replication-8.csv,null_statistics/batch-24-replication-8.npy,batch-f8-mixed-direct-indirect-path-detection,9087849707904381403,9741635488666590374,15080881155613675546,0.20180769998114556,,,batch-f8-mixed-direct-indirect-path-detection-20260825-001
F8,X1,X2,f8-mixed-direct-indirect-path-detection,24,9,0.4784886938150269,0.005,residual_samples/batch-24-replication-9.csv,null_statistics/batch-24-replication-9.npy,batch-f8-mixed-direct-indirect-path-detection,17669856069476253897,2224335679763746815,7336083851964393989,0.203552299994044,,,batch-f8-mixed-direct-indirect-path-detection-20260825-001
F8,X1,X2,f8-mixed-direct-indirect-path-detection,25,0,0.4572529538535776,0.005,residual_samples/batch-25-replication-0.csv,null_statistics/batch-25-replication-0.npy,batch-f8-mixed-direct-indirect-path-detection,1651741992032469633,9434073322658004893,17218679819237245169,0.2004892000113614,,,batch-f8-mixed-direct-indirect-path-detection-20260825-001
F8,X1,X2,f8-mixed-direct-indirect-path-detection,25,1,0.3825760975806041,0.005,residual_samples/batch-25-replication-1.csv,null_statistics/batch-25-replication-1.npy,batch-f8-mixed-direct-indirect-path-detection,6479037867862840865,11168393460383161279,1946120347543350791,0.19926279998617247,,,batch-f8-mixed-direct-indirect-path-detection-20260825-001
F8,X1,X2,f8-mixed-direct-indirect-path-detection,25,2,0.4359202429588668,0.005,residual_samples/batch-25-replication-2.csv,null_statistics/batch-25-replication-2.npy,batch-f8-mixed-direct-indirect-path-detection,7202899478629471043,14742426352760367999,3736229630194103041,0.2059278999804519,,,batch-f8-mixed-direct-indirect-path-detection-20260825-001
F8,X1,X2,f8-mixed-direct-indirect-path-detection,25,3,0.47525976369422135,0.005,residual_samples/batch-25-replication-3.csv,null_statistics/batch-25-replication-3.npy,batch-f8-mixed-direct-indirect-path-detection,17371097705871031710,16754918177935214305,12623478806098234787,0.20128520001890138,,,batch-f8-mixed-direct-indirect-path-detection-20260825-001
F8,X1,X2,f8-mixed-direct-indirect-path-detection,25,4,0.42762491144001913,0.005,residual_samples/batch-25-replication-4.csv,null_statistics/batch-25-replication-4.npy,batch-f8-mixed-direct-indirect-path-detection,2500534988843969243,17885638608174730855,5859263488067228621,0.20005739998305216,,,batch-f8-mixed-direct-indirect-path-detection-20260825-001
F8,X1,X2,f8-mixed-direct-indirect-path-detection,25,5,0.46967742165633863,0.005,residual_samples/batch-25-replication-5.csv,null_statistics/batch-25-replication-5.npy,batch-f8-mixed-direct-indirect-path-detection,14591054007446873948,3493895304292825428,12354254283955069719,0.20241430000169203,,,batch-f8-mixed-direct-indirect-path-detection-20260825-001
F8,X1,X2,f8-mixed-direct-indirect-path-detection,25,6,0.4717920034978238,0.005,residual_samples/batch-25-replication-6.csv,null_statistics/batch-25-replication-6.npy,batch-f8-mixed-direct-indirect-path-detection,5386958108553624863,4298498956646957744,5631660181653682576,0.20180630002869293,,,batch-f8-mixed-direct-indirect-path-detection-20260825-001
F8,X1,X2,f8-mixed-direct-indirect-path-detection,25,7,0.45185643594359604,0.005,residual_samples/batch-25-replication-7.csv,null_statistics/batch-25-replication-7.npy,batch-f8-mixed-direct-indirect-path-detection,13282534086470413362,448773879718146327,15325384946299923485,0.19877340004313737,,,batch-f8-mixed-direct-indirect-path-detection-20260825-001
F8,X1,X2,f8-mixed-direct-indirect-path-detection,25,8,0.44940777196845844,0.005,residual_samples/batch-25-replication-8.csv,null_statistics/batch-25-replication-8.npy,batch-f8-mixed-direct-indirect-path-detection,1969794114412431041,8264184034651139056,17861638840231666968,0.19953630003146827,,,batch-f8-mixed-direct-indirect-path-detection-20260825-001
F8,X1,X2,f8-mixed-direct-indirect-path-detection,25,9,0.47487341796880767,0.005,residual_samples/batch-25-replication-9.csv,null_statistics/batch-25-replication-9.npy,batch-f8-mixed-direct-indirect-path-detection,8345032027425686864,1753916970128747413,4529825618042014896,0.19938710000133142,,,batch-f8-mixed-direct-indirect-path-detection-20260825-001
F8,X1,X2,f8-mixed-direct-indirect-path-detection,26,0,0.4509939535449741,0.005,residual_samples/batch-26-replication-0.csv,null_statistics/batch-26-replication-0.npy,batch-f8-mixed-direct-indirect-path-detection,9263959695529068327,14433147401461487363,15760384390135945280,0.21763019997160882,,,batch-f8-mixed-direct-indirect-path-detection-20260825-001
F8,X1,X2,f8-mixed-direct-indirect-path-detection,26,1,0.4045591092055511,0.005,residual_samples/batch-26-replication-1.csv,null_statistics/batch-26-replication-1.npy,batch-f8-mixed-direct-indirect-path-detection,18311224620789859787,4215281292137641845,16242782005890701001,0.21944919996894896,,,batch-f8-mixed-direct-indirect-path-detection-20260825-001
F8,X1,X2,f8-mixed-direct-indirect-path-detection,26,2,0.5066366055009592,0.005,residual_samples/batch-26-replication-2.csv,null_statistics/batch-26-replication-2.npy,batch-f8-mixed-direct-indirect-path-detection,6407913115385644624,17298141682974770761,14161903123703580244,0.20149539998965338,,,batch-f8-mixed-direct-indirect-path-detection-20260825-001
F8,X1,X2,f8-mixed-direct-indirect-path-detection,26,3,0.4220479318198724,0.005,residual_samples/batch-26-replication-3.csv,null_statistics/batch-26-replication-3.npy,batch-f8-mixed-direct-indirect-path-detection,4569866551329723245,18135502870145895147,10135177242287294305,0.1975858000223525,,,batch-f8-mixed-direct-indirect-path-detection-20260825-001
F8,X1,X2,f8-mixed-direct-indirect-path-detection,26,4,0.40967626895225545,0.005,residual_samples/batch-26-replication-4.csv,null_statistics/batch-26-replication-4.npy,batch-f8-mixed-direct-indirect-path-detection,3620958724983868575,4729902694274941897,18349726750362717019,0.19906459999037907,,,batch-f8-mixed-direct-indirect-path-detection-20260825-001
F8,X1,X2,f8-mixed-direct-indirect-path-detection,26,5,0.43991218751727706,0.005,residual_samples/batch-26-replication-5.csv,null_statistics/batch-26-replication-5.npy,batch-f8-mixed-direct-indirect-path-detection,10860845234354368368,2624210580535278418,13393864815739768419,0.20499300002120435,,,batch-f8-mixed-direct-indirect-path-detection-20260825-001
F8,X1,X2,f8-mixed-direct-indirect-path-detection,26,6,0.4651001132572309,0.005,residual_samples/batch-26-replication-6.csv,null_statistics/batch-26-replication-6.npy,batch-f8-mixed-direct-indirect-path-detection,14622202815843231368,17357226019006338878,5189007452682845422,0.20445900002960116,,,batch-f8-mixed-direct-indirect-path-detection-20260825-001
F8,X1,X2,f8-mixed-direct-indirect-path-detection,26,7,0.4478149003149978,0.005,residual_samples/batch-26-replication-7.csv,null_statistics/batch-26-replication-7.npy,batch-f8-mixed-direct-indirect-path-detection,1477863550031301957,17955160508966355200,11919192598748106381,0.20049260003725067,,,batch-f8-mixed-direct-indirect-path-detection-20260825-001
F8,X1,X2,f8-mixed-direct-indirect-path-detection,26,8,0.4119903142459044,0.005,residual_samples/batch-26-replication-8.csv,null_statistics/batch-26-replication-8.npy,batch-f8-mixed-direct-indirect-path-detection,6231056494325344610,10570703382355564229,5464602188883815122,0.20034410001244396,,,batch-f8-mixed-direct-indirect-path-detection-20260825-001
F8,X1,X2,f8-mixed-direct-indirect-path-detection,26,9,0.48350486508584617,0.005,residual_samples/batch-26-replication-9.csv,null_statistics/batch-26-replication-9.npy,batch-f8-mixed-direct-indirect-path-detection,10340024442778286295,7387837996385489445,17910347800318093414,0.1992214000201784,,,batch-f8-mixed-direct-indirect-path-detection-20260825-001
F8,X1,X2,f8-mixed-direct-indirect-path-detection,27,0,0.43928841374647853,0.005,residual_samples/batch-27-replication-0.csv,null_statistics/batch-27-replication-0.npy,batch-f8-mixed-direct-indirect-path-detection,11574809414988110663,1028577906426275621,16885156566622941263,0.20049269997980446,,,batch-f8-mixed-direct-indirect-path-detection-20260825-001
F8,X1,X2,f8-mixed-direct-indirect-path-detection,27,1,0.4769818752333497,0.005,residual_samples/batch-27-replication-1.csv,null_statistics/batch-27-replication-1.npy,batch-f8-mixed-direct-indirect-path-detection,11737761278496337669,17064526026878288338,1685926791651439579,0.19671849999576807,,,batch-f8-mixed-direct-indirect-path-detection-20260825-001
F8,X1,X2,f8-mixed-direct-indirect-path-detection,27,2,0.4617848546761125,0.005,residual_samples/batch-27-replication-2.csv,null_statistics/batch-27-replication-2.npy,batch-f8-mixed-direct-indirect-path-detection,18366028339728901297,4968202350495006740,10659176663637140866,0.19414579996373504,,,batch-f8-mixed-direct-indirect-path-detection-20260825-001
F8,X1,X2,f8-mixed-direct-indirect-path-detection,27,3,0.4781233514688059,0.005,residual_samples/batch-27-replication-3.csv,null_statistics/batch-27-replication-3.npy,batch-f8-mixed-direct-indirect-path-detection,6312564727637639078,18255848690840831755,4459447378468632462,0.19609289994696155,,,batch-f8-mixed-direct-indirect-path-detection-20260825-001
F8,X1,X2,f8-mixed-direct-indirect-path-detection,27,4,0.485985586255358,0.005,residual_samples/batch-27-replication-4.csv,null_statistics/batch-27-replication-4.npy,batch-f8-mixed-direct-indirect-path-detection,13471388803618719439,16162423049480388334,5192843863580829338,0.20010849996469915,,,batch-f8-mixed-direct-indirect-path-detection-20260825-001
F8,X1,X2,f8-mixed-direct-indirect-path-detection,27,5,0.4278938041864663,0.005,residual_samples/batch-27-replication-5.csv,null_statistics/batch-27-replication-5.npy,batch-f8-mixed-direct-indirect-path-detection,5524726323725392,2789120360410460242,3000390639577169727,0.2138550999807194,,,batch-f8-mixed-direct-indirect-path-detection-20260825-001
F8,X1,X2,f8-mixed-direct-indirect-path-detection,27,6,0.4577262792497711,0.005,residual_samples/batch-27-replication-6.csv,null_statistics/batch-27-replication-6.npy,batch-f8-mixed-direct-indirect-path-detection,769266576385802310,11618146660579226250,3412635673807986289,0.1978011999744922,,,batch-f8-mixed-direct-indirect-path-detection-20260825-001
F8,X1,X2,f8-mixed-direct-indirect-path-detection,27,7,0.43192743437032693,0.005,residual_samples/batch-27-replication-7.csv,null_statistics/batch-27-replication-7.npy,batch-f8-mixed-direct-indirect-path-detection,14414733705406967244,12377708529647321189,17974848252664059650,0.1941657999996096,,,batch-f8-mixed-direct-indirect-path-detection-20260825-001
F8,X1,X2,f8-mixed-direct-indirect-path-detection,27,8,0.4931979784766693,0.005,residual_samples/batch-27-replication-8.csv,null_statistics/batch-27-replication-8.npy,batch-f8-mixed-direct-indirect-path-detection,6987183641585489626,17414876965855327358,10122758184802807516,0.1956221000291407,,,batch-f8-mixed-direct-indirect-path-detection-20260825-001
F8,X1,X2,f8-mixed-direct-indirect-path-detection,27,9,0.4401539671296088,0.005,residual_samples/batch-27-replication-9.csv,null_statistics/batch-27-replication-9.npy,batch-f8-mixed-direct-indirect-path-detection,15179323925141953971,9617918691550781769,11235059821009220010,0.19587210001191124,,,batch-f8-mixed-direct-indirect-path-detection-20260825-001
F8,X1,X2,f8-mixed-direct-indirect-path-detection,28,0,0.46599662479513004,0.005,residual_samples/batch-28-replication-0.csv,null_statistics/batch-28-replication-0.npy,batch-f8-mixed-direct-indirect-path-detection,13442236518633289932,6043210147374269437,7011993540752391034,0.20739870000397786,,,batch-f8-mixed-direct-indirect-path-detection-20260825-001
F8,X1,X2,f8-mixed-direct-indirect-path-detection,28,1,0.4783344170085197,0.005,residual_samples/batch-28-replication-1.csv,null_statistics/batch-28-replication-1.npy,batch-f8-mixed-direct-indirect-path-detection,6552024527788122552,16087591386224052616,14716397487483548917,0.20798150001792237,,,batch-f8-mixed-direct-indirect-path-detection-20260825-001
F8,X1,X2,f8-mixed-direct-indirect-path-detection,28,2,0.4908692980711003,0.005,residual_samples/batch-28-replication-2.csv,null_statistics/batch-28-replication-2.npy,batch-f8-mixed-direct-indirect-path-detection,11933646418781290262,11971771494554394216,11072410147026490460,0.20046200003707781,,,batch-f8-mixed-direct-indirect-path-detection-20260825-001
F8,X1,X2,f8-mixed-direct-indirect-path-detection,28,3,0.46370305361991515,0.005,residual_samples/batch-28-replication-3.csv,null_statistics/batch-28-replication-3.npy,batch-f8-mixed-direct-indirect-path-detection,17767270959390177940,11824598504337989582,170056002576584045,0.19960859999991953,,,batch-f8-mixed-direct-indirect-path-detection-20260825-001
F8,X1,X2,f8-mixed-direct-indirect-path-detection,28,4,0.45724188989359793,0.005,residual_samples/batch-28-replication-4.csv,null_statistics/batch-28-replication-4.npy,batch-f8-mixed-direct-indirect-path-detection,3192730158422435637,17516552558764999852,13970490004042877067,0.19861359999049455,,,batch-f8-mixed-direct-indirect-path-detection-20260825-001
F8,X1,X2,f8-mixed-direct-indirect-path-detection,28,5,0.49215977156127894,0.005,residual_samples/batch-28-replication-5.csv,null_statistics/batch-28-replication-5.npy,batch-f8-mixed-direct-indirect-path-detection,18085199847946767321,15512492608010099826,3761908310947924450,0.19746709999162704,,,batch-f8-mixed-direct-indirect-path-detection-20260825-001
F8,X1,X2,f8-mixed-direct-indirect-path-detection,28,6,0.4520441052012003,0.005,residual_samples/batch-28-replication-6.csv,null_statistics/batch-28-replication-6.npy,batch-f8-mixed-direct-indirect-path-detection,13041979885818985317,16654961872447621211,10518295600967511326,0.20266569999512285,,,batch-f8-mixed-direct-indirect-path-detection-20260825-001
F8,X1,X2,f8-mixed-direct-indirect-path-detection,28,7,0.4165499995822965,0.005,residual_samples/batch-28-replication-7.csv,null_statistics/batch-28-replication-7.npy,batch-f8-mixed-direct-indirect-path-detection,4609039012862766520,5150918428241237833,825131672540469248,0.20049429999198765,,,batch-f8-mixed-direct-indirect-path-detection-20260825-001
F8,X1,X2,f8-mixed-direct-indirect-path-detection,28,8,0.41269520525566616,0.005,residual_samples/batch-28-replication-8.csv,null_statistics/batch-28-replication-8.npy,batch-f8-mixed-direct-indirect-path-detection,2598623462445251064,16466668660126903518,3222634867810003411,0.20122569997329265,,,batch-f8-mixed-direct-indirect-path-detection-20260825-001
F8,X1,X2,f8-mixed-direct-indirect-path-detection,28,9,0.4378697559923048,0.005,residual_samples/batch-28-replication-9.csv,null_statistics/batch-28-replication-9.npy,batch-f8-mixed-direct-indirect-path-detection,6057774850218568315,15380469827641394184,12077465495510708461,0.20096429996192455,,,batch-f8-mixed-direct-indirect-path-detection-20260825-001
F8,X1,X2,f8-mixed-direct-indirect-path-detection,29,0,0.47056500934616324,0.005,residual_samples/batch-29-replication-0.csv,null_statistics/batch-29-replication-0.npy,batch-f8-mixed-direct-indirect-path-detection,11632772040914561446,8049813442288454321,2203567387040221005,0.19892850000178441,,,batch-f8-mixed-direct-indirect-path-detection-20260825-001
F8,X1,X2,f8-mixed-direct-indirect-path-detection,29,1,0.4393801253340543,0.005,residual_samples/batch-29-replication-1.csv,null_statistics/batch-29-replication-1.npy,batch-f8-mixed-direct-indirect-path-detection,1454905740865426215,9640695405180965981,18348658613948698832,0.20109749998664483,,,batch-f8-mixed-direct-indirect-path-detection-20260825-001
F8,X1,X2,f8-mixed-direct-indirect-path-detection,29,2,0.42402762645931186,0.005,residual_samples/batch-29-replication-2.csv,null_statistics/batch-29-replication-2.npy,batch-f8-mixed-direct-indirect-path-detection,2157718891448077235,8493413241399109136,7385356939669767205,0.19752049999078736,,,batch-f8-mixed-direct-indirect-path-detection-20260825-001
F8,X1,X2,f8-mixed-direct-indirect-path-detection,29,3,0.42797829061561543,0.005,residual_samples/batch-29-replication-3.csv,null_statistics/batch-29-replication-3.npy,batch-f8-mixed-direct-indirect-path-detection,8643808157643865114,2333290162694597984,2569312387841395327,0.19848150003235787,,,batch-f8-mixed-direct-indirect-path-detection-20260825-001
F8,X1,X2,f8-mixed-direct-indirect-path-detection,29,4,0.4456057380318647,0.005,residual_samples/batch-29-replication-4.csv,null_statistics/batch-29-replication-4.npy,batch-f8-mixed-direct-indirect-path-detection,7142749117649291380,11450422765801373002,16049269992390591760,0.20202899997821078,,,batch-f8-mixed-direct-indirect-path-detection-20260825-001
F8,X1,X2,f8-mixed-direct-indirect-path-detection,29,5,0.49175929370341415,0.005,residual_samples/batch-29-replication-5.csv,null_statistics/batch-29-replication-5.npy,batch-f8-mixed-direct-indirect-path-detection,6215602407359139907,7604100695273696899,14084704458249624074,0.19697950000409037,,,batch-f8-mixed-direct-indirect-path-detection-20260825-001
F8,X1,X2,f8-mixed-direct-indirect-path-detection,29,6,0.4414584810911121,0.005,residual_samples/batch-29-replication-6.csv,null_statistics/batch-29-replication-6.npy,batch-f8-mixed-direct-indirect-path-detection,14822613541744392312,13764216222430768211,7533859330955004496,0.19840980001026765,,,batch-f8-mixed-direct-indirect-path-detection-20260825-001
F8,X1,X2,f8-mixed-direct-indirect-path-detection,29,7,0.43916704791310357,0.005,residual_samples/batch-29-replication-7.csv,null_statistics/batch-29-replication-7.npy,batch-f8-mixed-direct-indirect-path-detection,16776016202040205343,8377920249799022853,1210848233560369182,0.20317129994509742,,,batch-f8-mixed-direct-indirect-path-detection-20260825-001
F8,X1,X2,f8-mixed-direct-indirect-path-detection,29,8,0.46760439512638846,0.005,residual_samples/batch-29-replication-8.csv,null_statistics/batch-29-replication-8.npy,batch-f8-mixed-direct-indirect-path-detection,6057578846996068227,2763706070225324619,13069073931061074808,0.198087900003884,,,batch-f8-mixed-direct-indirect-path-detection-20260825-001
F8,X1,X2,f8-mixed-direct-indirect-path-detection,29,9,0.45208301276186363,0.005,residual_samples/batch-29-replication-9.csv,null_statistics/batch-29-replication-9.npy,batch-f8-mixed-direct-indirect-path-detection,2245182106421665751,10510676768725427852,767509334604595235,0.19800079998094589,,,batch-f8-mixed-direct-indirect-path-detection-20260825-001
F8,X1,X2,f8-mixed-direct-indirect-path-detection,30,0,0.4690013409800971,0.005,residual_samples/batch-30-replication-0.csv,null_statistics/batch-30-replication-0.npy,batch-f8-mixed-direct-indirect-path-detection,723646426781330826,3897878978155142954,481265487744459306,0.19812519999686629,,,batch-f8-mixed-direct-indirect-path-detection-20260825-001
F8,X1,X2,f8-mixed-direct-indirect-path-detection,30,1,0.4155112269670244,0.005,residual_samples/batch-30-replication-1.csv,null_statistics/batch-30-replication-1.npy,batch-f8-mixed-direct-indirect-path-detection,4136573278151720108,5808936262129656266,17889973108471167429,0.20619359996635467,,,batch-f8-mixed-direct-indirect-path-detection-20260825-001
F8,X1,X2,f8-mixed-direct-indirect-path-detection,30,2,0.42946430161888666,0.005,residual_samples/batch-30-replication-2.csv,null_statistics/batch-30-replication-2.npy,batch-f8-mixed-direct-indirect-path-detection,1784920846200582345,12220059669009516157,9447113795508181239,0.2015739999478683,,,batch-f8-mixed-direct-indirect-path-detection-20260825-001
F8,X1,X2,f8-mixed-direct-indirect-path-detection,30,3,0.4820119202042088,0.005,residual_samples/batch-30-replication-3.csv,null_statistics/batch-30-replication-3.npy,batch-f8-mixed-direct-indirect-path-detection,14421688047515571800,7239227516829689346,13894977741799921844,0.19833679997827858,,,batch-f8-mixed-direct-indirect-path-detection-20260825-001
F8,X1,X2,f8-mixed-direct-indirect-path-detection,30,4,0.4805862089427122,0.005,residual_samples/batch-30-replication-4.csv,null_statistics/batch-30-replication-4.npy,batch-f8-mixed-direct-indirect-path-detection,4853095726891238586,16034133141863216735,13712078755751428111,0.20115500001702458,,,batch-f8-mixed-direct-indirect-path-detection-20260825-001
F8,X1,X2,f8-mixed-direct-indirect-path-detection,30,5,0.478528667924949,0.005,residual_samples/batch-30-replication-5.csv,null_statistics/batch-30-replication-5.npy,batch-f8-mixed-direct-indirect-path-detection,14175863561991853043,6871341949538809086,12862422429669596192,0.19706809998024255,,,batch-f8-mixed-direct-indirect-path-detection-20260825-001
F8,X1,X2,f8-mixed-direct-indirect-path-detection,30,6,0.4393278390444628,0.005,residual_samples/batch-30-replication-6.csv,null_statistics/batch-30-replication-6.npy,batch-f8-mixed-direct-indirect-path-detection,3659615207149039696,134348083858841703,12511467019546530184,0.1947113000205718,,,batch-f8-mixed-direct-indirect-path-detection-20260825-001
F8,X1,X2,f8-mixed-direct-indirect-path-detection,30,7,0.43458189355598903,0.005,residual_samples/batch-30-replication-7.csv,null_statistics/batch-30-replication-7.npy,batch-f8-mixed-direct-indirect-path-detection,12665606608553290400,12293100680685238010,14569489886438483690,0.1982908999780193,,,batch-f8-mixed-direct-indirect-path-detection-20260825-001
F8,X1,X2,f8-mixed-direct-indirect-path-detection,30,8,0.4877281703745271,0.005,residual_samples/batch-30-replication-8.csv,null_statistics/batch-30-replication-8.npy,batch-f8-mixed-direct-indirect-path-detection,6265054464750360334,5794559294112182650,10847299436382368745,0.20013599999947473,,,batch-f8-mixed-direct-indirect-path-detection-20260825-001
F8,X1,X2,f8-mixed-direct-indirect-path-detection,30,9,0.4288562494507866,0.005,residual_samples/batch-30-replication-9.csv,null_statistics/batch-30-replication-9.npy,batch-f8-mixed-direct-indirect-path-detection,17597240776438075893,10516591552189920457,7254846540259472644,0.19999739999184385,,,batch-f8-mixed-direct-indirect-path-detection-20260825-001
F8,X1,X2,f8-mixed-direct-indirect-path-detection,31,0,0.440306329826855,0.005,residual_samples/batch-31-replication-0.csv,null_statistics/batch-31-replication-0.npy,batch-f8-mixed-direct-indirect-path-detection,10868721161527853099,7927050749171260267,11746396561182408801,0.2000218000030145,,,batch-f8-mixed-direct-indirect-path-detection-20260825-001
F8,X1,X2,f8-mixed-direct-indirect-path-detection,31,1,0.419865750222629,0.005,residual_samples/batch-31-replication-1.csv,null_statistics/batch-31-replication-1.npy,batch-f8-mixed-direct-indirect-path-detection,3447977730443058001,10383728560717564954,9229365630170967766,0.2056006000493653,,,batch-f8-mixed-direct-indirect-path-detection-20260825-001
F8,X1,X2,f8-mixed-direct-indirect-path-detection,31,2,0.4924977743747338,0.005,residual_samples/batch-31-replication-2.csv,null_statistics/batch-31-replication-2.npy,batch-f8-mixed-direct-indirect-path-detection,4380447522437606199,6896528465603433652,15268739272955809776,0.20301589998416603,,,batch-f8-mixed-direct-indirect-path-detection-20260825-001
F8,X1,X2,f8-mixed-direct-indirect-path-detection,31,3,0.45755613026317216,0.005,residual_samples/batch-31-replication-3.csv,null_statistics/batch-31-replication-3.npy,batch-f8-mixed-direct-indirect-path-detection,4141796589612581414,14202152268671509304,8346082469843789956,0.19938770000590011,,,batch-f8-mixed-direct-indirect-path-detection-20260825-001
F8,X1,X2,f8-mixed-direct-indirect-path-detection,31,4,0.4332876010348619,0.005,residual_samples/batch-31-replication-4.csv,null_statistics/batch-31-replication-4.npy,batch-f8-mixed-direct-indirect-path-detection,9322827657155694615,15367549130127401699,13398403629512249869,0.20276239997474477,,,batch-f8-mixed-direct-indirect-path-detection-20260825-001
F8,X1,X2,f8-mixed-direct-indirect-path-detection,31,5,0.46415071266295577,0.005,residual_samples/batch-31-replication-5.csv,null_statistics/batch-31-replication-5.npy,batch-f8-mixed-direct-indirect-path-detection,1545428187842211284,17476165615667951879,14254763445960919350,0.21651860000565648,,,batch-f8-mixed-direct-indirect-path-detection-20260825-001
F8,X1,X2,f8-mixed-direct-indirect-path-detection,31,6,0.49973112629841215,0.005,residual_samples/batch-31-replication-6.csv,null_statistics/batch-31-replication-6.npy,batch-f8-mixed-direct-indirect-path-detection,3792158877501438030,2967647257616542802,2704341170181048082,0.20182180003030226,,,batch-f8-mixed-direct-indirect-path-detection-20260825-001
F8,X1,X2,f8-mixed-direct-indirect-path-detection,31,7,0.4025576704088077,0.005,residual_samples/batch-31-replication-7.csv,null_statistics/batch-31-replication-7.npy,batch-f8-mixed-direct-indirect-path-detection,6115057990888020044,835505735714067004,9252892137639506351,0.2009095000103116,,,batch-f8-mixed-direct-indirect-path-detection-20260825-001
F8,X1,X2,f8-mixed-direct-indirect-path-detection,31,8,0.4705835650597193,0.005,residual_samples/batch-31-replication-8.csv,null_statistics/batch-31-replication-8.npy,batch-f8-mixed-direct-indirect-path-detection,8626421240351241388,7266744056543775386,5618885671320746695,0.20108590001473203,,,batch-f8-mixed-direct-indirect-path-detection-20260825-001
F8,X1,X2,f8-mixed-direct-indirect-path-detection,31,9,0.48970237864734656,0.005,residual_samples/batch-31-replication-9.csv,null_statistics/batch-31-replication-9.npy,batch-f8-mixed-direct-indirect-path-detection,13045750236082206419,17803148859951622738,16046518611501965727,0.19921940000494942,,,batch-f8-mixed-direct-indirect-path-detection-20260825-001
F8,X1,X2,f8-mixed-direct-indirect-path-detection,32,0,0.4661613142035301,0.005,residual_samples/batch-32-replication-0.csv,null_statistics/batch-32-replication-0.npy,batch-f8-mixed-direct-indirect-path-detection,14801599807196883270,9712417360415275527,6779451933315987081,0.20115580002311617,,,batch-f8-mixed-direct-indirect-path-detection-20260825-001
F8,X1,X2,f8-mixed-direct-indirect-path-detection,32,1,0.46422609728701253,0.005,residual_samples/batch-32-replication-1.csv,null_statistics/batch-32-replication-1.npy,batch-f8-mixed-direct-indirect-path-detection,9377116779231106760,17647693976683451009,4279637207081983758,0.19625749997794628,,,batch-f8-mixed-direct-indirect-path-detection-20260825-001
F8,X1,X2,f8-mixed-direct-indirect-path-detection,32,2,0.46153348470436295,0.005,residual_samples/batch-32-replication-2.csv,null_statistics/batch-32-replication-2.npy,batch-f8-mixed-direct-indirect-path-detection,16604370454071225117,5728555549770573393,2685434174066678877,0.19787269999505952,,,batch-f8-mixed-direct-indirect-path-detection-20260825-001
F8,X1,X2,f8-mixed-direct-indirect-path-detection,32,3,0.4835412284645095,0.005,residual_samples/batch-32-replication-3.csv,null_statistics/batch-32-replication-3.npy,batch-f8-mixed-direct-indirect-path-detection,4745890730774154103,16779626312900820696,7918042923208014958,0.19933019997552037,,,batch-f8-mixed-direct-indirect-path-detection-20260825-001
F8,X1,X2,f8-mixed-direct-indirect-path-detection,32,4,0.4489130757001546,0.005,residual_samples/batch-32-replication-4.csv,null_statistics/batch-32-replication-4.npy,batch-f8-mixed-direct-indirect-path-detection,8379078418371081574,3006839889861465024,153079270780419822,0.20029329997487366,,,batch-f8-mixed-direct-indirect-path-detection-20260825-001
F8,X1,X2,f8-mixed-direct-indirect-path-detection,32,5,0.4369023988754714,0.005,residual_samples/batch-32-replication-5.csv,null_statistics/batch-32-replication-5.npy,batch-f8-mixed-direct-indirect-path-detection,16919470293944239343,12620693670090640923,12002585008220154390,0.2008784000063315,,,batch-f8-mixed-direct-indirect-path-detection-20260825-001
F8,X1,X2,f8-mixed-direct-indirect-path-detection,32,6,0.42366799757315493,0.005,residual_samples/batch-32-replication-6.csv,null_statistics/batch-32-replication-6.npy,batch-f8-mixed-direct-indirect-path-detection,17625461690190958155,16039757369096815486,17858971726392814691,0.20371870003873482,,,batch-f8-mixed-direct-indirect-path-detection-20260825-001
F8,X1,X2,f8-mixed-direct-indirect-path-detection,32,7,0.422593454065514,0.005,residual_samples/batch-32-replication-7.csv,null_statistics/batch-32-replication-7.npy,batch-f8-mixed-direct-indirect-path-detection,3248703296156747273,11940565037727304246,9207603043581959245,0.19669440004508942,,,batch-f8-mixed-direct-indirect-path-detection-20260825-001
F8,X1,X2,f8-mixed-direct-indirect-path-detection,32,8,0.40805970091877114,0.005,residual_samples/batch-32-replication-8.csv,null_statistics/batch-32-replication-8.npy,batch-f8-mixed-direct-indirect-path-detection,2549867609045848088,9886575947148876259,4543639103113886075,0.19629200000781566,,,batch-f8-mixed-direct-indirect-path-detection-20260825-001
F8,X1,X2,f8-mixed-direct-indirect-path-detection,32,9,0.44080330391137995,0.005,residual_samples/batch-32-replication-9.csv,null_statistics/batch-32-replication-9.npy,batch-f8-mixed-direct-indirect-path-detection,5461780485650962006,12767013151180373540,7442226693115186600,0.1937420999747701,,,batch-f8-mixed-direct-indirect-path-detection-20260825-001
F8,X1,X2,f8-mixed-direct-indirect-path-detection,33,0,0.49025405107896847,0.005,residual_samples/batch-33-replication-0.csv,null_statistics/batch-33-replication-0.npy,batch-f8-mixed-direct-indirect-path-detection,5771617422633659933,1993768714776661579,148841562636690290,0.19959080003900453,,,batch-f8-mixed-direct-indirect-path-detection-20260825-001
F8,X1,X2,f8-mixed-direct-indirect-path-detection,33,1,0.48250147757582146,0.005,residual_samples/batch-33-replication-1.csv,null_statistics/batch-33-replication-1.npy,batch-f8-mixed-direct-indirect-path-detection,10163306565746911938,2041354636773905922,5845586692111389902,0.19947200000751764,,,batch-f8-mixed-direct-indirect-path-detection-20260825-001
F8,X1,X2,f8-mixed-direct-indirect-path-detection,33,2,0.45025371148538335,0.005,residual_samples/batch-33-replication-2.csv,null_statistics/batch-33-replication-2.npy,batch-f8-mixed-direct-indirect-path-detection,5931104412005015995,14553804312142798234,12172390656282422865,0.1971266000182368,,,batch-f8-mixed-direct-indirect-path-detection-20260825-001
F8,X1,X2,f8-mixed-direct-indirect-path-detection,33,3,0.48242081195918035,0.005,residual_samples/batch-33-replication-3.csv,null_statistics/batch-33-replication-3.npy,batch-f8-mixed-direct-indirect-path-detection,13971348657526822587,18012319485472781466,4275972759331817690,0.1949398999568075,,,batch-f8-mixed-direct-indirect-path-detection-20260825-001
F8,X1,X2,f8-mixed-direct-indirect-path-detection,33,4,0.4382956490576229,0.005,residual_samples/batch-33-replication-4.csv,null_statistics/batch-33-replication-4.npy,batch-f8-mixed-direct-indirect-path-detection,14518954064971892740,14813045797641104384,7914532552656189317,0.1942191999987699,,,batch-f8-mixed-direct-indirect-path-detection-20260825-001
F8,X1,X2,f8-mixed-direct-indirect-path-detection,33,5,0.4440810538713196,0.005,residual_samples/batch-33-replication-5.csv,null_statistics/batch-33-replication-5.npy,batch-f8-mixed-direct-indirect-path-detection,9731837713934039168,646601966204821271,18321903966822562084,0.19616629998199642,,,batch-f8-mixed-direct-indirect-path-detection-20260825-001
F8,X1,X2,f8-mixed-direct-indirect-path-detection,33,6,0.4992128519923942,0.005,residual_samples/batch-33-replication-6.csv,null_statistics/batch-33-replication-6.npy,batch-f8-mixed-direct-indirect-path-detection,7299693080160240812,5588737209573881329,16773679747542967155,0.196527199994307,,,batch-f8-mixed-direct-indirect-path-detection-20260825-001
F8,X1,X2,f8-mixed-direct-indirect-path-detection,33,7,0.4808491574318633,0.005,residual_samples/batch-33-replication-7.csv,null_statistics/batch-33-replication-7.npy,batch-f8-mixed-direct-indirect-path-detection,2992769838039409424,13415021399873209508,6102353876378067390,0.19489340001018718,,,batch-f8-mixed-direct-indirect-path-detection-20260825-001
F8,X1,X2,f8-mixed-direct-indirect-path-detection,33,8,0.46991588137026397,0.005,residual_samples/batch-33-replication-8.csv,null_statistics/batch-33-replication-8.npy,batch-f8-mixed-direct-indirect-path-detection,8158769417292587683,8236511487455973768,5420314658986032092,0.19514819997129962,,,batch-f8-mixed-direct-indirect-path-detection-20260825-001
F8,X1,X2,f8-mixed-direct-indirect-path-detection,33,9,0.41915118790243944,0.005,residual_samples/batch-33-replication-9.csv,null_statistics/batch-33-replication-9.npy,batch-f8-mixed-direct-indirect-path-detection,15904335565943265021,7542210349355070286,13462645113211470939,0.1935067999875173,,,batch-f8-mixed-direct-indirect-path-detection-20260825-001
F8,X1,X2,f8-mixed-direct-indirect-path-detection,34,0,0.4706057931243343,0.005,residual_samples/batch-34-replication-0.csv,null_statistics/batch-34-replication-0.npy,batch-f8-mixed-direct-indirect-path-detection,17585858725897479431,345369053792029842,15398264770098448596,0.19849690003320575,,,batch-f8-mixed-direct-indirect-path-detection-20260825-001
F8,X1,X2,f8-mixed-direct-indirect-path-detection,34,1,0.4643369913451436,0.005,residual_samples/batch-34-replication-1.csv,null_statistics/batch-34-replication-1.npy,batch-f8-mixed-direct-indirect-path-detection,3362150278315308246,4034200709406295920,16374693309193840331,0.199302599998191,,,batch-f8-mixed-direct-indirect-path-detection-20260825-001
F8,X1,X2,f8-mixed-direct-indirect-path-detection,34,2,0.4738551902478671,0.005,residual_samples/batch-34-replication-2.csv,null_statistics/batch-34-replication-2.npy,batch-f8-mixed-direct-indirect-path-detection,21255175119515469,6430295823966560819,13245985655279765024,0.199347400048282,,,batch-f8-mixed-direct-indirect-path-detection-20260825-001
F8,X1,X2,f8-mixed-direct-indirect-path-detection,34,3,0.43123690188010466,0.005,residual_samples/batch-34-replication-3.csv,null_statistics/batch-34-replication-3.npy,batch-f8-mixed-direct-indirect-path-detection,12358935343241535034,4343932219501725983,10502277523358323513,0.19707330001983792,,,batch-f8-mixed-direct-indirect-path-detection-20260825-001
F8,X1,X2,f8-mixed-direct-indirect-path-detection,34,4,0.4914064336237471,0.005,residual_samples/batch-34-replication-4.csv,null_statistics/batch-34-replication-4.npy,batch-f8-mixed-direct-indirect-path-detection,9142776235360242053,14241831079351412943,2051010076936519424,0.19613530003698543,,,batch-f8-mixed-direct-indirect-path-detection-20260825-001
F8,X1,X2,f8-mixed-direct-indirect-path-detection,34,5,0.49577166239544523,0.005,residual_samples/batch-34-replication-5.csv,null_statistics/batch-34-replication-5.npy,batch-f8-mixed-direct-indirect-path-detection,8452596277483993013,10766210059675568892,10608760558361406971,0.19761700002709404,,,batch-f8-mixed-direct-indirect-path-detection-20260825-001
F8,X1,X2,f8-mixed-direct-indirect-path-detection,34,6,0.4320931131250204,0.005,residual_samples/batch-34-replication-6.csv,null_statistics/batch-34-replication-6.npy,batch-f8-mixed-direct-indirect-path-detection,13222947829785214013,16422338738455968560,6607843934483383146,0.2054997999803163,,,batch-f8-mixed-direct-indirect-path-detection-20260825-001
F8,X1,X2,f8-mixed-direct-indirect-path-detection,34,7,0.4097698901043619,0.005,residual_samples/batch-34-replication-7.csv,null_statistics/batch-34-replication-7.npy,batch-f8-mixed-direct-indirect-path-detection,2136983375702493434,16014121460902456623,16695933997690063318,0.1989107999834232,,,batch-f8-mixed-direct-indirect-path-detection-20260825-001
F8,X1,X2,f8-mixed-direct-indirect-path-detection,34,8,0.47093771365832654,0.005,residual_samples/batch-34-replication-8.csv,null_statistics/batch-34-replication-8.npy,batch-f8-mixed-direct-indirect-path-detection,3193996765514456591,666197120152875948,8036059627008345420,0.19908639998175204,,,batch-f8-mixed-direct-indirect-path-detection-20260825-001
F8,X1,X2,f8-mixed-direct-indirect-path-detection,34,9,0.4496245538978336,0.005,residual_samples/batch-34-replication-9.csv,null_statistics/batch-34-replication-9.npy,batch-f8-mixed-direct-indirect-path-detection,10447928925175705987,8693241132677297637,9660363657083357445,0.1954193999990821,,,batch-f8-mixed-direct-indirect-path-detection-20260825-001
F8,X1,X2,f8-mixed-direct-indirect-path-detection,35,0,0.4481911715725992,0.005,residual_samples/batch-35-replication-0.csv,null_statistics/batch-35-replication-0.npy,batch-f8-mixed-direct-indirect-path-detection,5783200554872592643,17342652486836024896,1860491675884568868,0.20282269996823743,,,batch-f8-mixed-direct-indirect-path-detection-20260825-001
F8,X1,X2,f8-mixed-direct-indirect-path-detection,35,1,0.45357448580379717,0.005,residual_samples/batch-35-replication-1.csv,null_statistics/batch-35-replication-1.npy,batch-f8-mixed-direct-indirect-path-detection,8935207696036853753,14230551531467989894,10691319201283790292,0.21621449996018782,,,batch-f8-mixed-direct-indirect-path-detection-20260825-001
F8,X1,X2,f8-mixed-direct-indirect-path-detection,35,2,0.46067726080797017,0.005,residual_samples/batch-35-replication-2.csv,null_statistics/batch-35-replication-2.npy,batch-f8-mixed-direct-indirect-path-detection,437432780378772718,2654047793589857467,17697691941357840190,0.202614999958314,,,batch-f8-mixed-direct-indirect-path-detection-20260825-001
F8,X1,X2,f8-mixed-direct-indirect-path-detection,35,3,0.4376872346555354,0.005,residual_samples/batch-35-replication-3.csv,null_statistics/batch-35-replication-3.npy,batch-f8-mixed-direct-indirect-path-detection,9403852565403824005,6962528823225001386,13345746565330016252,0.2001888999948278,,,batch-f8-mixed-direct-indirect-path-detection-20260825-001
F8,X1,X2,f8-mixed-direct-indirect-path-detection,35,4,0.49695852983218364,0.005,residual_samples/batch-35-replication-4.csv,null_statistics/batch-35-replication-4.npy,batch-f8-mixed-direct-indirect-path-detection,8037889671273659215,3887597707412200275,6627080510950649891,0.19249180000042543,,,batch-f8-mixed-direct-indirect-path-detection-20260825-001
F8,X1,X2,f8-mixed-direct-indirect-path-detection,35,5,0.4441329226020877,0.005,residual_samples/batch-35-replication-5.csv,null_statistics/batch-35-replication-5.npy,batch-f8-mixed-direct-indirect-path-detection,14041728447420824947,1647491859827927220,15320040601908185708,0.19750529999146238,,,batch-f8-mixed-direct-indirect-path-detection-20260825-001
F8,X1,X2,f8-mixed-direct-indirect-path-detection,35,6,0.46225093582592436,0.005,residual_samples/batch-35-replication-6.csv,null_statistics/batch-35-replication-6.npy,batch-f8-mixed-direct-indirect-path-detection,9540350063481255689,11621244333740254262,234234556484794196,0.1985329000162892,,,batch-f8-mixed-direct-indirect-path-detection-20260825-001
F8,X1,X2,f8-mixed-direct-indirect-path-detection,35,7,0.4423422129519929,0.005,residual_samples/batch-35-replication-7.csv,null_statistics/batch-35-replication-7.npy,batch-f8-mixed-direct-indirect-path-detection,13932965527463521172,18249982705471602320,7161578179746254529,0.20213170000351965,,,batch-f8-mixed-direct-indirect-path-detection-20260825-001
F8,X1,X2,f8-mixed-direct-indirect-path-detection,35,8,0.4752051422773193,0.005,residual_samples/batch-35-replication-8.csv,null_statistics/batch-35-replication-8.npy,batch-f8-mixed-direct-indirect-path-detection,1803217760217729456,11767939386121255472,3020125851999742154,0.2006120999576524,,,batch-f8-mixed-direct-indirect-path-detection-20260825-001
F8,X1,X2,f8-mixed-direct-indirect-path-detection,35,9,0.4336595654183846,0.005,residual_samples/batch-35-replication-9.csv,null_statistics/batch-35-replication-9.npy,batch-f8-mixed-direct-indirect-path-detection,11049401356315100211,14159990688652056674,17461117103699803312,0.19915190001484007,,,batch-f8-mixed-direct-indirect-path-detection-20260825-001
F8,X1,X2,f8-mixed-direct-indirect-path-detection,36,0,0.48775766452177094,0.005,residual_samples/batch-36-replication-0.csv,null_statistics/batch-36-replication-0.npy,batch-f8-mixed-direct-indirect-path-detection,1230041130799545446,11766954866314741394,9972821778138633050,0.1985743999830447,,,batch-f8-mixed-direct-indirect-path-detection-20260825-001
F8,X1,X2,f8-mixed-direct-indirect-path-detection,36,1,0.45533745988225605,0.005,residual_samples/batch-36-replication-1.csv,null_statistics/batch-36-replication-1.npy,batch-f8-mixed-direct-indirect-path-detection,9508259553393248236,8269165461528317935,9760878924983034286,0.2034910999936983,,,batch-f8-mixed-direct-indirect-path-detection-20260825-001
F8,X1,X2,f8-mixed-direct-indirect-path-detection,36,2,0.46306928254796126,0.005,residual_samples/batch-36-replication-2.csv,null_statistics/batch-36-replication-2.npy,batch-f8-mixed-direct-indirect-path-detection,15092904153347962294,15558693878572356368,12364308519858900517,0.20591580000473186,,,batch-f8-mixed-direct-indirect-path-detection-20260825-001
F8,X1,X2,f8-mixed-direct-indirect-path-detection,36,3,0.48393220733918013,0.005,residual_samples/batch-36-replication-3.csv,null_statistics/batch-36-replication-3.npy,batch-f8-mixed-direct-indirect-path-detection,2345600694052270985,13865120971682540720,14776214892996980658,0.2000271999859251,,,batch-f8-mixed-direct-indirect-path-detection-20260825-001
F8,X1,X2,f8-mixed-direct-indirect-path-detection,36,4,0.4455929581186358,0.005,residual_samples/batch-36-replication-4.csv,null_statistics/batch-36-replication-4.npy,batch-f8-mixed-direct-indirect-path-detection,8360994595952927044,16511560419721874976,9474944512890352304,0.19801920000463724,,,batch-f8-mixed-direct-indirect-path-detection-20260825-001
F8,X1,X2,f8-mixed-direct-indirect-path-detection,36,5,0.45001534094497697,0.005,residual_samples/batch-36-replication-5.csv,null_statistics/batch-36-replication-5.npy,batch-f8-mixed-direct-indirect-path-detection,2702854759138963584,13482728008428439484,14488525807439749481,0.19937450002180412,,,batch-f8-mixed-direct-indirect-path-detection-20260825-001
F8,X1,X2,f8-mixed-direct-indirect-path-detection,36,6,0.4373125970174937,0.005,residual_samples/batch-36-replication-6.csv,null_statistics/batch-36-replication-6.npy,batch-f8-mixed-direct-indirect-path-detection,15729237838452776051,13598700789274072404,3262778168195203825,0.20714869996299967,,,batch-f8-mixed-direct-indirect-path-detection-20260825-001
F8,X1,X2,f8-mixed-direct-indirect-path-detection,36,7,0.4309340158869731,0.005,residual_samples/batch-36-replication-7.csv,null_statistics/batch-36-replication-7.npy,batch-f8-mixed-direct-indirect-path-detection,11624136590518245765,13115981151404041651,3105754355376175107,0.20322839997243136,,,batch-f8-mixed-direct-indirect-path-detection-20260825-001
F8,X1,X2,f8-mixed-direct-indirect-path-detection,36,8,0.435718669429314,0.005,residual_samples/batch-36-replication-8.csv,null_statistics/batch-36-replication-8.npy,batch-f8-mixed-direct-indirect-path-detection,15206626579437178883,11194843374081602752,14037300264441910259,0.20476829999824986,,,batch-f8-mixed-direct-indirect-path-detection-20260825-001
F8,X1,X2,f8-mixed-direct-indirect-path-detection,36,9,0.43449625340653725,0.005,residual_samples/batch-36-replication-9.csv,null_statistics/batch-36-replication-9.npy,batch-f8-mixed-direct-indirect-path-detection,9794545164350323659,6459380591640027958,3436667638373002085,0.1996694999979809,,,batch-f8-mixed-direct-indirect-path-detection-20260825-001
F8,X1,X2,f8-mixed-direct-indirect-path-detection,37,0,0.41978313061950434,0.005,residual_samples/batch-37-replication-0.csv,null_statistics/batch-37-replication-0.npy,batch-f8-mixed-direct-indirect-path-detection,11735871901471501166,13039574785039317150,18388675451636897508,0.20156140002654865,,,batch-f8-mixed-direct-indirect-path-detection-20260825-001
F8,X1,X2,f8-mixed-direct-indirect-path-detection,37,1,0.45248268868341346,0.005,residual_samples/batch-37-replication-1.csv,null_statistics/batch-37-replication-1.npy,batch-f8-mixed-direct-indirect-path-detection,225246969048064482,16882656435639601786,9650405877013459752,0.19754560000728816,,,batch-f8-mixed-direct-indirect-path-detection-20260825-001
F8,X1,X2,f8-mixed-direct-indirect-path-detection,37,2,0.46646917736297105,0.005,residual_samples/batch-37-replication-2.csv,null_statistics/batch-37-replication-2.npy,batch-f8-mixed-direct-indirect-path-detection,17941201141628120088,10581797605487625168,6783136355730691720,0.20027570001548156,,,batch-f8-mixed-direct-indirect-path-detection-20260825-001
F8,X1,X2,f8-mixed-direct-indirect-path-detection,37,3,0.4746401715678635,0.005,residual_samples/batch-37-replication-3.csv,null_statistics/batch-37-replication-3.npy,batch-f8-mixed-direct-indirect-path-detection,652701568533771570,16462692829458744248,6598963352384914347,0.1986194000346586,,,batch-f8-mixed-direct-indirect-path-detection-20260825-001
F8,X1,X2,f8-mixed-direct-indirect-path-detection,37,4,0.46803359676551826,0.005,residual_samples/batch-37-replication-4.csv,null_statistics/batch-37-replication-4.npy,batch-f8-mixed-direct-indirect-path-detection,15594450994549522263,13865429484278280532,16960280608580606997,0.19453889998840168,,,batch-f8-mixed-direct-indirect-path-detection-20260825-001
F8,X1,X2,f8-mixed-direct-indirect-path-detection,37,5,0.4404900216553671,0.005,residual_samples/batch-37-replication-5.csv,null_statistics/batch-37-replication-5.npy,batch-f8-mixed-direct-indirect-path-detection,976443802082811549,2755282938116422678,14141625014554406740,0.19518850004533306,,,batch-f8-mixed-direct-indirect-path-detection-20260825-001
F8,X1,X2,f8-mixed-direct-indirect-path-detection,37,6,0.44148591709228086,0.005,residual_samples/batch-37-replication-6.csv,null_statistics/batch-37-replication-6.npy,batch-f8-mixed-direct-indirect-path-detection,13830611559408521939,2665983622498402359,1846237053578481818,0.19775799999479204,,,batch-f8-mixed-direct-indirect-path-detection-20260825-001
F8,X1,X2,f8-mixed-direct-indirect-path-detection,37,7,0.49020477052232264,0.005,residual_samples/batch-37-replication-7.csv,null_statistics/batch-37-replication-7.npy,batch-f8-mixed-direct-indirect-path-detection,12781782121650108616,12513928014051412161,8445390227346598162,0.20277350000105798,,,batch-f8-mixed-direct-indirect-path-detection-20260825-001
F8,X1,X2,f8-mixed-direct-indirect-path-detection,37,8,0.4172290578986062,0.005,residual_samples/batch-37-replication-8.csv,null_statistics/batch-37-replication-8.npy,batch-f8-mixed-direct-indirect-path-detection,15002854036604981782,15265197093218276845,2863848077105739854,0.19806189998053014,,,batch-f8-mixed-direct-indirect-path-detection-20260825-001
F8,X1,X2,f8-mixed-direct-indirect-path-detection,37,9,0.44088816526998215,0.005,residual_samples/batch-37-replication-9.csv,null_statistics/batch-37-replication-9.npy,batch-f8-mixed-direct-indirect-path-detection,1723927356412435085,8092225450952702286,8073675951924103449,0.19835919997422025,,,batch-f8-mixed-direct-indirect-path-detection-20260825-001
F8,X1,X2,f8-mixed-direct-indirect-path-detection,38,0,0.4568075071780997,0.005,residual_samples/batch-38-replication-0.csv,null_statistics/batch-38-replication-0.npy,batch-f8-mixed-direct-indirect-path-detection,140333583640705513,5576595556441330624,14581163428046310339,0.1966954999952577,,,batch-f8-mixed-direct-indirect-path-detection-20260825-001
F8,X1,X2,f8-mixed-direct-indirect-path-detection,38,1,0.45827240147488313,0.005,residual_samples/batch-38-replication-1.csv,null_statistics/batch-38-replication-1.npy,batch-f8-mixed-direct-indirect-path-detection,17167905032839058254,13933123055532117586,5302756994268442550,0.20033479999983683,,,batch-f8-mixed-direct-indirect-path-detection-20260825-001
F8,X1,X2,f8-mixed-direct-indirect-path-detection,38,2,0.42674540499891095,0.005,residual_samples/batch-38-replication-2.csv,null_statistics/batch-38-replication-2.npy,batch-f8-mixed-direct-indirect-path-detection,4351788227044424628,130877201394150475,278686455890981417,0.2039740000036545,,,batch-f8-mixed-direct-indirect-path-detection-20260825-001
F8,X1,X2,f8-mixed-direct-indirect-path-detection,38,3,0.49659075514734874,0.005,residual_samples/batch-38-replication-3.csv,null_statistics/batch-38-replication-3.npy,batch-f8-mixed-direct-indirect-path-detection,7556369958834139819,17070541702614329219,5728387051727743814,0.23367180000059307,,,batch-f8-mixed-direct-indirect-path-detection-20260825-001
F8,X1,X2,f8-mixed-direct-indirect-path-detection,38,4,0.44696585635629577,0.005,residual_samples/batch-38-replication-4.csv,null_statistics/batch-38-replication-4.npy,batch-f8-mixed-direct-indirect-path-detection,10153955802097014788,2121532087098061457,10154826094522732844,0.22471640002913773,,,batch-f8-mixed-direct-indirect-path-detection-20260825-001
F8,X1,X2,f8-mixed-direct-indirect-path-detection,38,5,0.48720631435408035,0.005,residual_samples/batch-38-replication-5.csv,null_statistics/batch-38-replication-5.npy,batch-f8-mixed-direct-indirect-path-detection,5569453954846749456,8306047482109710811,1126252570400760044,0.21074419998330995,,,batch-f8-mixed-direct-indirect-path-detection-20260825-001
F8,X1,X2,f8-mixed-direct-indirect-path-detection,38,6,0.4427620350064856,0.005,residual_samples/batch-38-replication-6.csv,null_statistics/batch-38-replication-6.npy,batch-f8-mixed-direct-indirect-path-detection,4752976057058622585,12427021960124572938,7418211677008370242,0.20524590002605692,,,batch-f8-mixed-direct-indirect-path-detection-20260825-001
F8,X1,X2,f8-mixed-direct-indirect-path-detection,38,7,0.44945985820438417,0.005,residual_samples/batch-38-replication-7.csv,null_statistics/batch-38-replication-7.npy,batch-f8-mixed-direct-indirect-path-detection,3686473737490413637,13572715150592712249,12762920023096802337,0.20077300001867115,,,batch-f8-mixed-direct-indirect-path-detection-20260825-001
F8,X1,X2,f8-mixed-direct-indirect-path-detection,38,8,0.4255287562692225,0.005,residual_samples/batch-38-replication-8.csv,null_statistics/batch-38-replication-8.npy,batch-f8-mixed-direct-indirect-path-detection,7452788208658031718,16061376485885681750,3858425015344234409,0.20086219999939203,,,batch-f8-mixed-direct-indirect-path-detection-20260825-001
F8,X1,X2,f8-mixed-direct-indirect-path-detection,38,9,0.4298932641020844,0.005,residual_samples/batch-38-replication-9.csv,null_statistics/batch-38-replication-9.npy,batch-f8-mixed-direct-indirect-path-detection,12309032414332191784,16446141111442207492,11552759542434019268,0.19562820001738146,,,batch-f8-mixed-direct-indirect-path-detection-20260825-001
F8,X1,X2,f8-mixed-direct-indirect-path-detection,39,0,0.44102952079105884,0.005,residual_samples/batch-39-replication-0.csv,null_statistics/batch-39-replication-0.npy,batch-f8-mixed-direct-indirect-path-detection,15871362989327012522,17422456970911510772,6394883936668879698,0.19863489997806028,,,batch-f8-mixed-direct-indirect-path-detection-20260825-001
F8,X1,X2,f8-mixed-direct-indirect-path-detection,39,1,0.4507332693125628,0.005,residual_samples/batch-39-replication-1.csv,null_statistics/batch-39-replication-1.npy,batch-f8-mixed-direct-indirect-path-detection,486709971027890534,12414300539815166673,10301100260989669086,0.20065159996738657,,,batch-f8-mixed-direct-indirect-path-detection-20260825-001
F8,X1,X2,f8-mixed-direct-indirect-path-detection,39,2,0.45495456733762984,0.005,residual_samples/batch-39-replication-2.csv,null_statistics/batch-39-replication-2.npy,batch-f8-mixed-direct-indirect-path-detection,9326888795656510246,14426604316933146499,16112233921305679623,0.2001039999886416,,,batch-f8-mixed-direct-indirect-path-detection-20260825-001
F8,X1,X2,f8-mixed-direct-indirect-path-detection,39,3,0.4457909038846937,0.005,residual_samples/batch-39-replication-3.csv,null_statistics/batch-39-replication-3.npy,batch-f8-mixed-direct-indirect-path-detection,2328686130286335335,3680481283484421632,5277316596060402887,0.19837930001085624,,,batch-f8-mixed-direct-indirect-path-detection-20260825-001
F8,X1,X2,f8-mixed-direct-indirect-path-detection,39,4,0.4773452478688991,0.005,residual_samples/batch-39-replication-4.csv,null_statistics/batch-39-replication-4.npy,batch-f8-mixed-direct-indirect-path-detection,9458512907507837834,13099411591326549868,17983268128548811622,0.2156406000140123,,,batch-f8-mixed-direct-indirect-path-detection-20260825-001
F8,X1,X2,f8-mixed-direct-indirect-path-detection,39,5,0.4458396131610652,0.005,residual_samples/batch-39-replication-5.csv,null_statistics/batch-39-replication-5.npy,batch-f8-mixed-direct-indirect-path-detection,4249707247091868268,7056304111284212609,1568198795561282784,0.2027959999977611,,,batch-f8-mixed-direct-indirect-path-detection-20260825-001
F8,X1,X2,f8-mixed-direct-indirect-path-detection,39,6,0.4690869705930582,0.005,residual_samples/batch-39-replication-6.csv,null_statistics/batch-39-replication-6.npy,batch-f8-mixed-direct-indirect-path-detection,8253593249886331093,13417813468874306105,8525789227898515601,0.20944509998662397,,,batch-f8-mixed-direct-indirect-path-detection-20260825-001
F8,X1,X2,f8-mixed-direct-indirect-path-detection,39,7,0.40783787903224133,0.005,residual_samples/batch-39-replication-7.csv,null_statistics/batch-39-replication-7.npy,batch-f8-mixed-direct-indirect-path-detection,3087583354650565296,231908391663366467,4825355364220489563,0.20494630001485348,,,batch-f8-mixed-direct-indirect-path-detection-20260825-001
F8,X1,X2,f8-mixed-direct-indirect-path-detection,39,8,0.46890304245150793,0.005,residual_samples/batch-39-replication-8.csv,null_statistics/batch-39-replication-8.npy,batch-f8-mixed-direct-indirect-path-detection,8893019530013593611,9618979097170243479,13920983517043510791,0.21079460001783445,,,batch-f8-mixed-direct-indirect-path-detection-20260825-001
F8,X1,X2,f8-mixed-direct-indirect-path-detection,39,9,0.44273359451349026,0.005,residual_samples/batch-39-replication-9.csv,null_statistics/batch-39-replication-9.npy,batch-f8-mixed-direct-indirect-path-detection,12616270326967692661,14402087775627903640,2641855031835358192,0.2058174999547191,,,batch-f8-mixed-direct-indirect-path-detection-20260825-001
F8,X1,X2,f8-mixed-direct-indirect-path-detection,40,0,0.482215627569347,0.005,residual_samples/batch-40-replication-0.csv,null_statistics/batch-40-replication-0.npy,batch-f8-mixed-direct-indirect-path-detection,7406575095893292832,6083646434546267389,3091921145816547736,0.20833409996703267,,,batch-f8-mixed-direct-indirect-path-detection-20260825-001
F8,X1,X2,f8-mixed-direct-indirect-path-detection,40,1,0.4900846739742085,0.005,residual_samples/batch-40-replication-1.csv,null_statistics/batch-40-replication-1.npy,batch-f8-mixed-direct-indirect-path-detection,17035537168447447548,10584894155261906363,12705419801358158813,0.20757529995171353,,,batch-f8-mixed-direct-indirect-path-detection-20260825-001
F8,X1,X2,f8-mixed-direct-indirect-path-detection,40,2,0.5089913090218996,0.005,residual_samples/batch-40-replication-2.csv,null_statistics/batch-40-replication-2.npy,batch-f8-mixed-direct-indirect-path-detection,2708895346538343779,3030235058361379986,18316086046250979775,0.21036019996972755,,,batch-f8-mixed-direct-indirect-path-detection-20260825-001
F8,X1,X2,f8-mixed-direct-indirect-path-detection,40,3,0.42139028439812976,0.005,residual_samples/batch-40-replication-3.csv,null_statistics/batch-40-replication-3.npy,batch-f8-mixed-direct-indirect-path-detection,29813760323549137,9974768441116353618,9450368440049179374,0.20280070003354922,,,batch-f8-mixed-direct-indirect-path-detection-20260825-001
F8,X1,X2,f8-mixed-direct-indirect-path-detection,40,4,0.4240502385124577,0.005,residual_samples/batch-40-replication-4.csv,null_statistics/batch-40-replication-4.npy,batch-f8-mixed-direct-indirect-path-detection,1173674138033099257,986761702878408935,11457822722678393677,0.20483770000282675,,,batch-f8-mixed-direct-indirect-path-detection-20260825-001
F8,X1,X2,f8-mixed-direct-indirect-path-detection,40,5,0.4506137354255738,0.005,residual_samples/batch-40-replication-5.csv,null_statistics/batch-40-replication-5.npy,batch-f8-mixed-direct-indirect-path-detection,17256515218906378354,9905840570283708273,16085640897956138112,0.20520690002012998,,,batch-f8-mixed-direct-indirect-path-detection-20260825-001
F8,X1,X2,f8-mixed-direct-indirect-path-detection,40,6,0.47473748488674933,0.005,residual_samples/batch-40-replication-6.csv,null_statistics/batch-40-replication-6.npy,batch-f8-mixed-direct-indirect-path-detection,12125330831031528083,6271648305580118753,11684287202953217900,0.2187512000091374,,,batch-f8-mixed-direct-indirect-path-detection-20260825-001
F8,X1,X2,f8-mixed-direct-indirect-path-detection,40,7,0.4518144848190957,0.005,residual_samples/batch-40-replication-7.csv,null_statistics/batch-40-replication-7.npy,batch-f8-mixed-direct-indirect-path-detection,4202749859693600467,9004458332936421257,480586850458907602,0.2003586000064388,,,batch-f8-mixed-direct-indirect-path-detection-20260825-001
F8,X1,X2,f8-mixed-direct-indirect-path-detection,40,8,0.4487758703953297,0.005,residual_samples/batch-40-replication-8.csv,null_statistics/batch-40-replication-8.npy,batch-f8-mixed-direct-indirect-path-detection,17808698348720447017,17451174622204710707,969848221948759724,0.20161570003256202,,,batch-f8-mixed-direct-indirect-path-detection-20260825-001
F8,X1,X2,f8-mixed-direct-indirect-path-detection,40,9,0.4583634519270514,0.005,residual_samples/batch-40-replication-9.csv,null_statistics/batch-40-replication-9.npy,batch-f8-mixed-direct-indirect-path-detection,16095620464046534839,6839057416658618590,674939025720784570,0.20732430001953617,,,batch-f8-mixed-direct-indirect-path-detection-20260825-001
F8,X1,X2,f8-mixed-direct-indirect-path-detection,41,0,0.45416511381401803,0.005,residual_samples/batch-41-replication-0.csv,null_statistics/batch-41-replication-0.npy,batch-f8-mixed-direct-indirect-path-detection,17946680555766444892,3982493523416754092,7146420910017279507,0.2026328999781981,,,batch-f8-mixed-direct-indirect-path-detection-20260825-001
F8,X1,X2,f8-mixed-direct-indirect-path-detection,41,1,0.449140030147092,0.005,residual_samples/batch-41-replication-1.csv,null_statistics/batch-41-replication-1.npy,batch-f8-mixed-direct-indirect-path-detection,3971360480084465992,15019211200234898917,270562471596115893,0.20294200000353158,,,batch-f8-mixed-direct-indirect-path-detection-20260825-001
F8,X1,X2,f8-mixed-direct-indirect-path-detection,41,2,0.4818459404250091,0.005,residual_samples/batch-41-replication-2.csv,null_statistics/batch-41-replication-2.npy,batch-f8-mixed-direct-indirect-path-detection,13273553888352966314,17217064641734368973,15423292852237122753,0.2024962999857962,,,batch-f8-mixed-direct-indirect-path-detection-20260825-001
F8,X1,X2,f8-mixed-direct-indirect-path-detection,41,3,0.49633639948657254,0.005,residual_samples/batch-41-replication-3.csv,null_statistics/batch-41-replication-3.npy,batch-f8-mixed-direct-indirect-path-detection,15935844913472358846,16955206880273466325,8067159326419685850,0.20121790003031492,,,batch-f8-mixed-direct-indirect-path-detection-20260825-001
F8,X1,X2,f8-mixed-direct-indirect-path-detection,41,4,0.46460422414377617,0.005,residual_samples/batch-41-replication-4.csv,null_statistics/batch-41-replication-4.npy,batch-f8-mixed-direct-indirect-path-detection,3574521337388262907,2111984514207588938,15914443451376288272,0.20148960000369698,,,batch-f8-mixed-direct-indirect-path-detection-20260825-001
F8,X1,X2,f8-mixed-direct-indirect-path-detection,41,5,0.499922801999249,0.005,residual_samples/batch-41-replication-5.csv,null_statistics/batch-41-replication-5.npy,batch-f8-mixed-direct-indirect-path-detection,14696241819607376988,4331470229664049532,17742189300613011407,0.20285919995512813,,,batch-f8-mixed-direct-indirect-path-detection-20260825-001
F8,X1,X2,f8-mixed-direct-indirect-path-detection,41,6,0.4237802639692118,0.005,residual_samples/batch-41-replication-6.csv,null_statistics/batch-41-replication-6.npy,batch-f8-mixed-direct-indirect-path-detection,12547103274257606349,12857712529962715975,248093255443487202,0.21077949996106327,,,batch-f8-mixed-direct-indirect-path-detection-20260825-001
F8,X1,X2,f8-mixed-direct-indirect-path-detection,41,7,0.4415418636476262,0.005,residual_samples/batch-41-replication-7.csv,null_statistics/batch-41-replication-7.npy,batch-f8-mixed-direct-indirect-path-detection,11708897185609377229,12938012864501978504,7701338442979329822,0.20456530002411455,,,batch-f8-mixed-direct-indirect-path-detection-20260825-001
F8,X1,X2,f8-mixed-direct-indirect-path-detection,41,8,0.46065914469146363,0.005,residual_samples/batch-41-replication-8.csv,null_statistics/batch-41-replication-8.npy,batch-f8-mixed-direct-indirect-path-detection,2073445678994782360,11499298520423505299,9597177437774504827,0.20143080002162606,,,batch-f8-mixed-direct-indirect-path-detection-20260825-001
F8,X1,X2,f8-mixed-direct-indirect-path-detection,41,9,0.4711841986782883,0.005,residual_samples/batch-41-replication-9.csv,null_statistics/batch-41-replication-9.npy,batch-f8-mixed-direct-indirect-path-detection,18365716085986453073,11445538489142558914,18341377687252299824,0.2031178999459371,,,batch-f8-mixed-direct-indirect-path-detection-20260825-001
F8,X1,X2,f8-mixed-direct-indirect-path-detection,42,0,0.47411092001258426,0.005,residual_samples/batch-42-replication-0.csv,null_statistics/batch-42-replication-0.npy,batch-f8-mixed-direct-indirect-path-detection,4948776875371622410,788320606449536520,11831559637742296853,0.20307960000354797,,,batch-f8-mixed-direct-indirect-path-detection-20260825-001
F8,X1,X2,f8-mixed-direct-indirect-path-detection,42,1,0.4456202426333077,0.005,residual_samples/batch-42-replication-1.csv,null_statistics/batch-42-replication-1.npy,batch-f8-mixed-direct-indirect-path-detection,16086947808606880696,14835160324128524128,15714115155581418020,0.20234590000472963,,,batch-f8-mixed-direct-indirect-path-detection-20260825-001
F8,X1,X2,f8-mixed-direct-indirect-path-detection,42,2,0.4597954941603514,0.005,residual_samples/batch-42-replication-2.csv,null_statistics/batch-42-replication-2.npy,batch-f8-mixed-direct-indirect-path-detection,13042919213299679063,18039869954279501101,17502828910300758329,0.20221580000361428,,,batch-f8-mixed-direct-indirect-path-detection-20260825-001
F8,X1,X2,f8-mixed-direct-indirect-path-detection,42,3,0.44951727858595325,0.005,residual_samples/batch-42-replication-3.csv,null_statistics/batch-42-replication-3.npy,batch-f8-mixed-direct-indirect-path-detection,16419063320254072382,13669823993830686237,8395204242395722520,0.2038571999873966,,,batch-f8-mixed-direct-indirect-path-detection-20260825-001
F8,X1,X2,f8-mixed-direct-indirect-path-detection,42,4,0.4639511396239823,0.005,residual_samples/batch-42-replication-4.csv,null_statistics/batch-42-replication-4.npy,batch-f8-mixed-direct-indirect-path-detection,1652884615038380209,4273112152185848906,14628643127566971424,0.19752470002276823,,,batch-f8-mixed-direct-indirect-path-detection-20260825-001
F8,X1,X2,f8-mixed-direct-indirect-path-detection,42,5,0.46151317362466043,0.005,residual_samples/batch-42-replication-5.csv,null_statistics/batch-42-replication-5.npy,batch-f8-mixed-direct-indirect-path-detection,15911457510339795900,873914578779966899,272199419689943491,0.19945820001885295,,,batch-f8-mixed-direct-indirect-path-detection-20260825-001
F8,X1,X2,f8-mixed-direct-indirect-path-detection,42,6,0.4939141348509603,0.005,residual_samples/batch-42-replication-6.csv,null_statistics/batch-42-replication-6.npy,batch-f8-mixed-direct-indirect-path-detection,7875109852718459330,1042679292188342766,405449785089822150,0.19606600003316998,,,batch-f8-mixed-direct-indirect-path-detection-20260825-001
F8,X1,X2,f8-mixed-direct-indirect-path-detection,42,7,0.42785001453148597,0.005,residual_samples/batch-42-replication-7.csv,null_statistics/batch-42-replication-7.npy,batch-f8-mixed-direct-indirect-path-detection,14838227607209472381,18375066860593688498,14945942239843408425,0.19830719998572022,,,batch-f8-mixed-direct-indirect-path-detection-20260825-001
F8,X1,X2,f8-mixed-direct-indirect-path-detection,42,8,0.42572968897300384,0.005,residual_samples/batch-42-replication-8.csv,null_statistics/batch-42-replication-8.npy,batch-f8-mixed-direct-indirect-path-detection,13851668197756211013,17259999827769961416,13460433634014791911,0.20023949997266755,,,batch-f8-mixed-direct-indirect-path-detection-20260825-001
F8,X1,X2,f8-mixed-direct-indirect-path-detection,42,9,0.45192799191080957,0.005,residual_samples/batch-42-replication-9.csv,null_statistics/batch-42-replication-9.npy,batch-f8-mixed-direct-indirect-path-detection,14524941497828679993,15468548278810997945,15791600402740506711,0.19998929998837411,,,batch-f8-mixed-direct-indirect-path-detection-20260825-001
F8,X1,X2,f8-mixed-direct-indirect-path-detection,43,0,0.40839929446012596,0.005,residual_samples/batch-43-replication-0.csv,null_statistics/batch-43-replication-0.npy,batch-f8-mixed-direct-indirect-path-detection,29223384145280320,14004222612537644857,10674643123941963665,0.20201820001238957,,,batch-f8-mixed-direct-indirect-path-detection-20260825-001
F8,X1,X2,f8-mixed-direct-indirect-path-detection,43,1,0.49491567590792473,0.005,residual_samples/batch-43-replication-1.csv,null_statistics/batch-43-replication-1.npy,batch-f8-mixed-direct-indirect-path-detection,6695109362199010319,7592507408497728408,7554552638057622188,0.20042629999807104,,,batch-f8-mixed-direct-indirect-path-detection-20260825-001
F8,X1,X2,f8-mixed-direct-indirect-path-detection,43,2,0.40136724905311916,0.005,residual_samples/batch-43-replication-2.csv,null_statistics/batch-43-replication-2.npy,batch-f8-mixed-direct-indirect-path-detection,7126993193480438726,14980928131602409889,14873577349615358542,0.20103440003003925,,,batch-f8-mixed-direct-indirect-path-detection-20260825-001
F8,X1,X2,f8-mixed-direct-indirect-path-detection,43,3,0.45758084718708014,0.005,residual_samples/batch-43-replication-3.csv,null_statistics/batch-43-replication-3.npy,batch-f8-mixed-direct-indirect-path-detection,1245054860001043929,6657814932695579341,13380685339373905021,0.20071449998067692,,,batch-f8-mixed-direct-indirect-path-detection-20260825-001
F8,X1,X2,f8-mixed-direct-indirect-path-detection,43,4,0.4848496090051649,0.005,residual_samples/batch-43-replication-4.csv,null_statistics/batch-43-replication-4.npy,batch-f8-mixed-direct-indirect-path-detection,13298651595918410242,6920875192777099820,3870679026300789983,0.19644310005242005,,,batch-f8-mixed-direct-indirect-path-detection-20260825-001
F8,X1,X2,f8-mixed-direct-indirect-path-detection,43,5,0.4663526233279652,0.005,residual_samples/batch-43-replication-5.csv,null_statistics/batch-43-replication-5.npy,batch-f8-mixed-direct-indirect-path-detection,761885179348607556,7678666827305609047,3519453581553862792,0.20219169999472797,,,batch-f8-mixed-direct-indirect-path-detection-20260825-001
F8,X1,X2,f8-mixed-direct-indirect-path-detection,43,6,0.4591279133601793,0.005,residual_samples/batch-43-replication-6.csv,null_statistics/batch-43-replication-6.npy,batch-f8-mixed-direct-indirect-path-detection,3856984836509725624,4127023856133363004,3852449282222852734,0.19623570004478097,,,batch-f8-mixed-direct-indirect-path-detection-20260825-001
F8,X1,X2,f8-mixed-direct-indirect-path-detection,43,7,0.4702721905627404,0.005,residual_samples/batch-43-replication-7.csv,null_statistics/batch-43-replication-7.npy,batch-f8-mixed-direct-indirect-path-detection,2295675032535422866,12704413406146323647,14962412487435616704,0.19813689996954054,,,batch-f8-mixed-direct-indirect-path-detection-20260825-001
F8,X1,X2,f8-mixed-direct-indirect-path-detection,43,8,0.43183290176200506,0.005,residual_samples/batch-43-replication-8.csv,null_statistics/batch-43-replication-8.npy,batch-f8-mixed-direct-indirect-path-detection,10870042440107288381,15285853870751450376,14910093107278203903,0.19869780004955828,,,batch-f8-mixed-direct-indirect-path-detection-20260825-001
F8,X1,X2,f8-mixed-direct-indirect-path-detection,43,9,0.462715205787478,0.005,residual_samples/batch-43-replication-9.csv,null_statistics/batch-43-replication-9.npy,batch-f8-mixed-direct-indirect-path-detection,9856976718963877020,8457751152848432813,1603930642467507790,0.1966149000218138,,,batch-f8-mixed-direct-indirect-path-detection-20260825-001
F8,X1,X2,f8-mixed-direct-indirect-path-detection,44,0,0.42352131898841494,0.005,residual_samples/batch-44-replication-0.csv,null_statistics/batch-44-replication-0.npy,batch-f8-mixed-direct-indirect-path-detection,3599941171473180133,11972169124126477144,2747735736533847083,0.20299060002435,,,batch-f8-mixed-direct-indirect-path-detection-20260825-001
F8,X1,X2,f8-mixed-direct-indirect-path-detection,44,1,0.4703044372408111,0.005,residual_samples/batch-44-replication-1.csv,null_statistics/batch-44-replication-1.npy,batch-f8-mixed-direct-indirect-path-detection,9730537162669667067,11848168736597707600,7388828707352653216,0.19974479998927563,,,batch-f8-mixed-direct-indirect-path-detection-20260825-001
F8,X1,X2,f8-mixed-direct-indirect-path-detection,44,2,0.4344083129831725,0.005,residual_samples/batch-44-replication-2.csv,null_statistics/batch-44-replication-2.npy,batch-f8-mixed-direct-indirect-path-detection,11190503039539545453,12324153628072754764,7849372222179883084,0.20265310001559556,,,batch-f8-mixed-direct-indirect-path-detection-20260825-001
F8,X1,X2,f8-mixed-direct-indirect-path-detection,44,3,0.40969046344874743,0.005,residual_samples/batch-44-replication-3.csv,null_statistics/batch-44-replication-3.npy,batch-f8-mixed-direct-indirect-path-detection,2484296873021717309,14325563782787846828,4956616356609668461,0.2022245000116527,,,batch-f8-mixed-direct-indirect-path-detection-20260825-001
F8,X1,X2,f8-mixed-direct-indirect-path-detection,44,4,0.4597045118552433,0.005,residual_samples/batch-44-replication-4.csv,null_statistics/batch-44-replication-4.npy,batch-f8-mixed-direct-indirect-path-detection,3544254360045820631,4258708172861272801,10833356699539841448,0.20056860003387555,,,batch-f8-mixed-direct-indirect-path-detection-20260825-001
F8,X1,X2,f8-mixed-direct-indirect-path-detection,44,5,0.43337438121791627,0.005,residual_samples/batch-44-replication-5.csv,null_statistics/batch-44-replication-5.npy,batch-f8-mixed-direct-indirect-path-detection,3845078689598409446,10876284176932088488,4756490010552730287,0.19855979998828843,,,batch-f8-mixed-direct-indirect-path-detection-20260825-001
F8,X1,X2,f8-mixed-direct-indirect-path-detection,44,6,0.43570467519400463,0.005,residual_samples/batch-44-replication-6.csv,null_statistics/batch-44-replication-6.npy,batch-f8-mixed-direct-indirect-path-detection,13991081881379808383,10179514200708413739,11673406959489818911,0.19936210004379973,,,batch-f8-mixed-direct-indirect-path-detection-20260825-001
F8,X1,X2,f8-mixed-direct-indirect-path-detection,44,7,0.45833437750561473,0.005,residual_samples/batch-44-replication-7.csv,null_statistics/batch-44-replication-7.npy,batch-f8-mixed-direct-indirect-path-detection,7240464905706109549,17868810707471737566,16723639835639272868,0.19714209996163845,,,batch-f8-mixed-direct-indirect-path-detection-20260825-001
F8,X1,X2,f8-mixed-direct-indirect-path-detection,44,8,0.4758694716201274,0.005,residual_samples/batch-44-replication-8.csv,null_statistics/batch-44-replication-8.npy,batch-f8-mixed-direct-indirect-path-detection,9214257983541443606,7584079320139858572,5050458899879535243,0.20175030000973493,,,batch-f8-mixed-direct-indirect-path-detection-20260825-001
F8,X1,X2,f8-mixed-direct-indirect-path-detection,44,9,0.43107513844563783,0.005,residual_samples/batch-44-replication-9.csv,null_statistics/batch-44-replication-9.npy,batch-f8-mixed-direct-indirect-path-detection,3717968418981586380,15066383734773829501,8026524554009667639,0.19895859999815002,,,batch-f8-mixed-direct-indirect-path-detection-20260825-001
F8,X1,X2,f8-mixed-direct-indirect-path-detection,45,0,0.4835181585925892,0.005,residual_samples/batch-45-replication-0.csv,null_statistics/batch-45-replication-0.npy,batch-f8-mixed-direct-indirect-path-detection,17210383791715866878,2111224556666259442,14203372696181302878,0.1969865999999456,,,batch-f8-mixed-direct-indirect-path-detection-20260825-001
F8,X1,X2,f8-mixed-direct-indirect-path-detection,45,1,0.4069408272225224,0.005,residual_samples/batch-45-replication-1.csv,null_statistics/batch-45-replication-1.npy,batch-f8-mixed-direct-indirect-path-detection,2957922935736788079,8174905433347419277,9424130918009674408,0.1984354000305757,,,batch-f8-mixed-direct-indirect-path-detection-20260825-001
F8,X1,X2,f8-mixed-direct-indirect-path-detection,45,2,0.4511046711789893,0.005,residual_samples/batch-45-replication-2.csv,null_statistics/batch-45-replication-2.npy,batch-f8-mixed-direct-indirect-path-detection,8114726812196754058,9594341194473421675,15727501479477833839,0.1931474999873899,,,batch-f8-mixed-direct-indirect-path-detection-20260825-001
F8,X1,X2,f8-mixed-direct-indirect-path-detection,45,3,0.4834226737465149,0.005,residual_samples/batch-45-replication-3.csv,null_statistics/batch-45-replication-3.npy,batch-f8-mixed-direct-indirect-path-detection,10674208993240347816,9821437989866277865,11966023236183860220,0.19548799999756739,,,batch-f8-mixed-direct-indirect-path-detection-20260825-001
F8,X1,X2,f8-mixed-direct-indirect-path-detection,45,4,0.4638154015145052,0.005,residual_samples/batch-45-replication-4.csv,null_statistics/batch-45-replication-4.npy,batch-f8-mixed-direct-indirect-path-detection,14330522485404238274,5853493431558917315,10694515741460187242,0.19447710004169494,,,batch-f8-mixed-direct-indirect-path-detection-20260825-001
F8,X1,X2,f8-mixed-direct-indirect-path-detection,45,5,0.46001284848512997,0.005,residual_samples/batch-45-replication-5.csv,null_statistics/batch-45-replication-5.npy,batch-f8-mixed-direct-indirect-path-detection,9915940347996658956,18012955061471332382,11760604219125984084,0.1976581999915652,,,batch-f8-mixed-direct-indirect-path-detection-20260825-001
F8,X1,X2,f8-mixed-direct-indirect-path-detection,45,6,0.47760681858570503,0.005,residual_samples/batch-45-replication-6.csv,null_statistics/batch-45-replication-6.npy,batch-f8-mixed-direct-indirect-path-detection,15996593010020231567,2413052451227917112,16550055549942327763,0.1959150999900885,,,batch-f8-mixed-direct-indirect-path-detection-20260825-001
F8,X1,X2,f8-mixed-direct-indirect-path-detection,45,7,0.4211726693865235,0.005,residual_samples/batch-45-replication-7.csv,null_statistics/batch-45-replication-7.npy,batch-f8-mixed-direct-indirect-path-detection,320588639072010070,14473181943617080545,9011687294606780147,0.1956227999762632,,,batch-f8-mixed-direct-indirect-path-detection-20260825-001
F8,X1,X2,f8-mixed-direct-indirect-path-detection,45,8,0.45726467075802224,0.005,residual_samples/batch-45-replication-8.csv,null_statistics/batch-45-replication-8.npy,batch-f8-mixed-direct-indirect-path-detection,18371693110499878513,285924759914782535,4688801284281145902,0.19626480003353208,,,batch-f8-mixed-direct-indirect-path-detection-20260825-001
F8,X1,X2,f8-mixed-direct-indirect-path-detection,45,9,0.4871685154313187,0.005,residual_samples/batch-45-replication-9.csv,null_statistics/batch-45-replication-9.npy,batch-f8-mixed-direct-indirect-path-detection,3206865704400597928,9848524944175111002,7652981684318630143,0.19569399999454618,,,batch-f8-mixed-direct-indirect-path-detection-20260825-001
F8,X1,X2,f8-mixed-direct-indirect-path-detection,46,0,0.43288582468360554,0.005,residual_samples/batch-46-replication-0.csv,null_statistics/batch-46-replication-0.npy,batch-f8-mixed-direct-indirect-path-detection,9006203568407410067,7258588344527896071,8977679061080000194,0.19814839999889955,,,batch-f8-mixed-direct-indirect-path-detection-20260825-001
F8,X1,X2,f8-mixed-direct-indirect-path-detection,46,1,0.44994939191975014,0.005,residual_samples/batch-46-replication-1.csv,null_statistics/batch-46-replication-1.npy,batch-f8-mixed-direct-indirect-path-detection,7323104018781266547,15022461003781942147,17047965996949428453,0.194028600002639,,,batch-f8-mixed-direct-indirect-path-detection-20260825-001
F8,X1,X2,f8-mixed-direct-indirect-path-detection,46,2,0.4752860549022671,0.005,residual_samples/batch-46-replication-2.csv,null_statistics/batch-46-replication-2.npy,batch-f8-mixed-direct-indirect-path-detection,680585526599788418,4505708947455355082,16423415604879746350,0.19397399999434128,,,batch-f8-mixed-direct-indirect-path-detection-20260825-001
F8,X1,X2,f8-mixed-direct-indirect-path-detection,46,3,0.47742381408043216,0.005,residual_samples/batch-46-replication-3.csv,null_statistics/batch-46-replication-3.npy,batch-f8-mixed-direct-indirect-path-detection,9775180596609467560,13580106185985717900,11369340529876813469,0.19730749999871477,,,batch-f8-mixed-direct-indirect-path-detection-20260825-001
F8,X1,X2,f8-mixed-direct-indirect-path-detection,46,4,0.42300427814412545,0.005,residual_samples/batch-46-replication-4.csv,null_statistics/batch-46-replication-4.npy,batch-f8-mixed-direct-indirect-path-detection,417491062571310729,14271262391382838704,5227282228558807813,0.20093690004432574,,,batch-f8-mixed-direct-indirect-path-detection-20260825-001
F8,X1,X2,f8-mixed-direct-indirect-path-detection,46,5,0.4971541712232305,0.005,residual_samples/batch-46-replication-5.csv,null_statistics/batch-46-replication-5.npy,batch-f8-mixed-direct-indirect-path-detection,7229657626637830775,17907364880387628694,10527960438829737376,0.1978205000050366,,,batch-f8-mixed-direct-indirect-path-detection-20260825-001
F8,X1,X2,f8-mixed-direct-indirect-path-detection,46,6,0.43931935223894847,0.005,residual_samples/batch-46-replication-6.csv,null_statistics/batch-46-replication-6.npy,batch-f8-mixed-direct-indirect-path-detection,16173149420222493390,11150509817098600437,12026136026003840138,0.1987271000398323,,,batch-f8-mixed-direct-indirect-path-detection-20260825-001
F8,X1,X2,f8-mixed-direct-indirect-path-detection,46,7,0.4672982368105538,0.005,residual_samples/batch-46-replication-7.csv,null_statistics/batch-46-replication-7.npy,batch-f8-mixed-direct-indirect-path-detection,9936745902013425928,8509830513214947923,16587040004402229289,0.1965916000190191,,,batch-f8-mixed-direct-indirect-path-detection-20260825-001
F8,X1,X2,f8-mixed-direct-indirect-path-detection,46,8,0.44669746430729,0.005,residual_samples/batch-46-replication-8.csv,null_statistics/batch-46-replication-8.npy,batch-f8-mixed-direct-indirect-path-detection,7600996540829561110,11795853301842096767,18014089438679837218,0.19319979997817427,,,batch-f8-mixed-direct-indirect-path-detection-20260825-001
F8,X1,X2,f8-mixed-direct-indirect-path-detection,46,9,0.4686064553036558,0.005,residual_samples/batch-46-replication-9.csv,null_statistics/batch-46-replication-9.npy,batch-f8-mixed-direct-indirect-path-detection,7108610515534498948,14388780342291703410,5747390532843045226,0.20282540004700422,,,batch-f8-mixed-direct-indirect-path-detection-20260825-001
F8,X1,X2,f8-mixed-direct-indirect-path-detection,47,0,0.42388076354245807,0.005,residual_samples/batch-47-replication-0.csv,null_statistics/batch-47-replication-0.npy,batch-f8-mixed-direct-indirect-path-detection,8378098132242501328,577330411823021735,7925300238606349597,0.19967880001058802,,,batch-f8-mixed-direct-indirect-path-detection-20260825-001
F8,X1,X2,f8-mixed-direct-indirect-path-detection,47,1,0.4959388693647869,0.005,residual_samples/batch-47-replication-1.csv,null_statistics/batch-47-replication-1.npy,batch-f8-mixed-direct-indirect-path-detection,17106427682773131789,8052331772390502447,9707758913556668825,0.199011699995026,,,batch-f8-mixed-direct-indirect-path-detection-20260825-001
F8,X1,X2,f8-mixed-direct-indirect-path-detection,47,2,0.4752871507298302,0.005,residual_samples/batch-47-replication-2.csv,null_statistics/batch-47-replication-2.npy,batch-f8-mixed-direct-indirect-path-detection,15188041769830196698,15640590135012751038,7611940790302337487,0.1969698999891989,,,batch-f8-mixed-direct-indirect-path-detection-20260825-001
F8,X1,X2,f8-mixed-direct-indirect-path-detection,47,3,0.4188086990667541,0.005,residual_samples/batch-47-replication-3.csv,null_statistics/batch-47-replication-3.npy,batch-f8-mixed-direct-indirect-path-detection,13221956692415891573,14301498898797787504,3939943013272801951,0.19574940000893548,,,batch-f8-mixed-direct-indirect-path-detection-20260825-001
F8,X1,X2,f8-mixed-direct-indirect-path-detection,47,4,0.48529953371216805,0.005,residual_samples/batch-47-replication-4.csv,null_statistics/batch-47-replication-4.npy,batch-f8-mixed-direct-indirect-path-detection,2258834541332702284,12568534080581871458,8550202613157547093,0.2010219000512734,,,batch-f8-mixed-direct-indirect-path-detection-20260825-001
F8,X1,X2,f8-mixed-direct-indirect-path-detection,47,5,0.44065147784146025,0.005,residual_samples/batch-47-replication-5.csv,null_statistics/batch-47-replication-5.npy,batch-f8-mixed-direct-indirect-path-detection,14190794575339739121,1576591318204901963,7763193083191523645,0.21591800003079697,,,batch-f8-mixed-direct-indirect-path-detection-20260825-001
F8,X1,X2,f8-mixed-direct-indirect-path-detection,47,6,0.4485634238843044,0.005,residual_samples/batch-47-replication-6.csv,null_statistics/batch-47-replication-6.npy,batch-f8-mixed-direct-indirect-path-detection,7895360459279302388,2042072567199171573,9188202335843416852,0.20075080002425238,,,batch-f8-mixed-direct-indirect-path-detection-20260825-001
F8,X1,X2,f8-mixed-direct-indirect-path-detection,47,7,0.4494347593491597,0.005,residual_samples/batch-47-replication-7.csv,null_statistics/batch-47-replication-7.npy,batch-f8-mixed-direct-indirect-path-detection,6282477896798647954,3674592285342295037,18310655238471831427,0.19697739998809993,,,batch-f8-mixed-direct-indirect-path-detection-20260825-001
F8,X1,X2,f8-mixed-direct-indirect-path-detection,47,8,0.4367062380282389,0.005,residual_samples/batch-47-replication-8.csv,null_statistics/batch-47-replication-8.npy,batch-f8-mixed-direct-indirect-path-detection,9344763876986352759,3564925632714672751,530332115628125831,0.19882170000346377,,,batch-f8-mixed-direct-indirect-path-detection-20260825-001
F8,X1,X2,f8-mixed-direct-indirect-path-detection,47,9,0.45596237733723033,0.005,residual_samples/batch-47-replication-9.csv,null_statistics/batch-47-replication-9.npy,batch-f8-mixed-direct-indirect-path-detection,16740896058630988902,14784469112885218029,5222495060773269967,0.22282199998153374,,,batch-f8-mixed-direct-indirect-path-detection-20260825-001
F8,X1,X2,f8-mixed-direct-indirect-path-detection,48,0,0.4647498917553082,0.005,residual_samples/batch-48-replication-0.csv,null_statistics/batch-48-replication-0.npy,batch-f8-mixed-direct-indirect-path-detection,3903186090471623381,16761118811260947718,11067302393826904250,0.205842700030189,,,batch-f8-mixed-direct-indirect-path-detection-20260825-001
F8,X1,X2,f8-mixed-direct-indirect-path-detection,48,1,0.4818952687048475,0.005,residual_samples/batch-48-replication-1.csv,null_statistics/batch-48-replication-1.npy,batch-f8-mixed-direct-indirect-path-detection,5676652681060181802,496237362957632726,14824073956728565505,0.20136400003684685,,,batch-f8-mixed-direct-indirect-path-detection-20260825-001
F8,X1,X2,f8-mixed-direct-indirect-path-detection,48,2,0.43749661122716593,0.005,residual_samples/batch-48-replication-2.csv,null_statistics/batch-48-replication-2.npy,batch-f8-mixed-direct-indirect-path-detection,14617887364032510645,14179591451721110059,2901310632813955369,0.20297399995615706,,,batch-f8-mixed-direct-indirect-path-detection-20260825-001
F8,X1,X2,f8-mixed-direct-indirect-path-detection,48,3,0.42564004490176016,0.005,residual_samples/batch-48-replication-3.csv,null_statistics/batch-48-replication-3.npy,batch-f8-mixed-direct-indirect-path-detection,16303997275627536049,217113862275424948,11626428997267351023,0.20370830001775175,,,batch-f8-mixed-direct-indirect-path-detection-20260825-001
F8,X1,X2,f8-mixed-direct-indirect-path-detection,48,4,0.42974722660777565,0.005,residual_samples/batch-48-replication-4.csv,null_statistics/batch-48-replication-4.npy,batch-f8-mixed-direct-indirect-path-detection,17289657177076063323,10505396450920037537,10941318761775974275,0.20343110000248998,,,batch-f8-mixed-direct-indirect-path-detection-20260825-001
F8,X1,X2,f8-mixed-direct-indirect-path-detection,48,5,0.5023739719299916,0.005,residual_samples/batch-48-replication-5.csv,null_statistics/batch-48-replication-5.npy,batch-f8-mixed-direct-indirect-path-detection,16840609470167670642,6537498022127061525,3192621392591154150,0.20306140003958717,,,batch-f8-mixed-direct-indirect-path-detection-20260825-001
F8,X1,X2,f8-mixed-direct-indirect-path-detection,48,6,0.4446250391718941,0.005,residual_samples/batch-48-replication-6.csv,null_statistics/batch-48-replication-6.npy,batch-f8-mixed-direct-indirect-path-detection,10416739713821032775,2589672158856689828,13310820301710241854,0.198929300007876,,,batch-f8-mixed-direct-indirect-path-detection-20260825-001
F8,X1,X2,f8-mixed-direct-indirect-path-detection,48,7,0.44147230268446097,0.005,residual_samples/batch-48-replication-7.csv,null_statistics/batch-48-replication-7.npy,batch-f8-mixed-direct-indirect-path-detection,9662195264271289362,7685126174544179567,12690913108391408208,0.1999466000124812,,,batch-f8-mixed-direct-indirect-path-detection-20260825-001
F8,X1,X2,f8-mixed-direct-indirect-path-detection,48,8,0.4567088649184995,0.005,residual_samples/batch-48-replication-8.csv,null_statistics/batch-48-replication-8.npy,batch-f8-mixed-direct-indirect-path-detection,12651055391772267225,1611421235676028498,7617910529568551925,0.20001990004675463,,,batch-f8-mixed-direct-indirect-path-detection-20260825-001
F8,X1,X2,f8-mixed-direct-indirect-path-detection,48,9,0.4336348191628095,0.005,residual_samples/batch-48-replication-9.csv,null_statistics/batch-48-replication-9.npy,batch-f8-mixed-direct-indirect-path-detection,3668339341327429168,815415447372972572,10351765241455476592,0.19823350000660866,,,batch-f8-mixed-direct-indirect-path-detection-20260825-001
F8,X1,X2,f8-mixed-direct-indirect-path-detection,49,0,0.42399232689169225,0.005,residual_samples/batch-49-replication-0.csv,null_statistics/batch-49-replication-0.npy,batch-f8-mixed-direct-indirect-path-detection,11870489612305751464,16079166178106480236,16550180505311509417,0.20009749999735504,,,batch-f8-mixed-direct-indirect-path-detection-20260825-001
F8,X1,X2,f8-mixed-direct-indirect-path-detection,49,1,0.4622224058914622,0.005,residual_samples/batch-49-replication-1.csv,null_statistics/batch-49-replication-1.npy,batch-f8-mixed-direct-indirect-path-detection,9902125812024214047,13546001365801822795,10607330117138450172,0.1978386999689974,,,batch-f8-mixed-direct-indirect-path-detection-20260825-001
F8,X1,X2,f8-mixed-direct-indirect-path-detection,49,2,0.45386212212449,0.005,residual_samples/batch-49-replication-2.csv,null_statistics/batch-49-replication-2.npy,batch-f8-mixed-direct-indirect-path-detection,15057883720649236569,9917750817051724742,15876364483953072161,0.19731209997553378,,,batch-f8-mixed-direct-indirect-path-detection-20260825-001
F8,X1,X2,f8-mixed-direct-indirect-path-detection,49,3,0.46253227434856664,0.005,residual_samples/batch-49-replication-3.csv,null_statistics/batch-49-replication-3.npy,batch-f8-mixed-direct-indirect-path-detection,3356112100310787556,2110828779377483056,11199371206869638666,0.20178160001523793,,,batch-f8-mixed-direct-indirect-path-detection-20260825-001
F8,X1,X2,f8-mixed-direct-indirect-path-detection,49,4,0.42595338768980373,0.005,residual_samples/batch-49-replication-4.csv,null_statistics/batch-49-replication-4.npy,batch-f8-mixed-direct-indirect-path-detection,14757565593427240861,8651542351943031917,4588278827655601203,0.19988930004183203,,,batch-f8-mixed-direct-indirect-path-detection-20260825-001
F8,X1,X2,f8-mixed-direct-indirect-path-detection,49,5,0.47239566502828545,0.005,residual_samples/batch-49-replication-5.csv,null_statistics/batch-49-replication-5.npy,batch-f8-mixed-direct-indirect-path-detection,13996839376671280184,3275499439048499733,14730707724418693132,0.19762619998073205,,,batch-f8-mixed-direct-indirect-path-detection-20260825-001
F8,X1,X2,f8-mixed-direct-indirect-path-detection,49,6,0.45660122282232,0.005,residual_samples/batch-49-replication-6.csv,null_statistics/batch-49-replication-6.npy,batch-f8-mixed-direct-indirect-path-detection,15435129848322405700,17577928403794104116,3561296654250261614,0.19750050001312047,,,batch-f8-mixed-direct-indirect-path-detection-20260825-001
F8,X1,X2,f8-mixed-direct-indirect-path-detection,49,7,0.4666856193267558,0.005,residual_samples/batch-49-replication-7.csv,null_statistics/batch-49-replication-7.npy,batch-f8-mixed-direct-indirect-path-detection,10556333329033434579,10953244055898730481,1174220808353418957,0.19721100002061576,,,batch-f8-mixed-direct-indirect-path-detection-20260825-001
F8,X1,X2,f8-mixed-direct-indirect-path-detection,49,8,0.43540452670532903,0.005,residual_samples/batch-49-replication-8.csv,null_statistics/batch-49-replication-8.npy,batch-f8-mixed-direct-indirect-path-detection,16440113398065870200,12376084413841440318,8966711718526370717,0.20117389998631552,,,batch-f8-mixed-direct-indirect-path-detection-20260825-001
F8,X1,X2,f8-mixed-direct-indirect-path-detection,49,9,0.4751107159290507,0.005,residual_samples/batch-49-replication-9.csv,null_statistics/batch-49-replication-9.npy,batch-f8-mixed-direct-indirect-path-detection,3032768625811612868,4638768217729985357,13352442461370933564,0.2000419999822043,,,batch-f8-mixed-direct-indirect-path-detection-20260825-001
F8,X1,X2,f8-mixed-direct-indirect-path-detection,50,0,0.4606429548397133,0.005,residual_samples/batch-50-replication-0.csv,null_statistics/batch-50-replication-0.npy,batch-f8-mixed-direct-indirect-path-detection,3115555879182870905,5090675568787093816,9385534491123944002,0.20256350003182888,,,batch-f8-mixed-direct-indirect-path-detection-20260825-001
F8,X1,X2,f8-mixed-direct-indirect-path-detection,50,1,0.4809103819879988,0.005,residual_samples/batch-50-replication-1.csv,null_statistics/batch-50-replication-1.npy,batch-f8-mixed-direct-indirect-path-detection,14306727765049476765,13616332442474453087,16923816538963713331,0.20256800000788644,,,batch-f8-mixed-direct-indirect-path-detection-20260825-001
F8,X1,X2,f8-mixed-direct-indirect-path-detection,50,2,0.4664134189638113,0.005,residual_samples/batch-50-replication-2.csv,null_statistics/batch-50-replication-2.npy,batch-f8-mixed-direct-indirect-path-detection,11567168984162120361,5999861184028247521,4356893724717750566,0.20421539997914806,,,batch-f8-mixed-direct-indirect-path-detection-20260825-001
F8,X1,X2,f8-mixed-direct-indirect-path-detection,50,3,0.42790848125499104,0.005,residual_samples/batch-50-replication-3.csv,null_statistics/batch-50-replication-3.npy,batch-f8-mixed-direct-indirect-path-detection,4248777639999522229,9311429558437947713,11505007307806747632,0.20376170001691207,,,batch-f8-mixed-direct-indirect-path-detection-20260825-001
F8,X1,X2,f8-mixed-direct-indirect-path-detection,50,4,0.490655308735727,0.005,residual_samples/batch-50-replication-4.csv,null_statistics/batch-50-replication-4.npy,batch-f8-mixed-direct-indirect-path-detection,14108291794636252233,17012112759928169103,16720784998135086890,0.20061250001890585,,,batch-f8-mixed-direct-indirect-path-detection-20260825-001
F8,X1,X2,f8-mixed-direct-indirect-path-detection,50,5,0.44870164943900853,0.005,residual_samples/batch-50-replication-5.csv,null_statistics/batch-50-replication-5.npy,batch-f8-mixed-direct-indirect-path-detection,14161154923185377111,12627954157701283470,11586095016190907099,0.20421189995249733,,,batch-f8-mixed-direct-indirect-path-detection-20260825-001
F8,X1,X2,f8-mixed-direct-indirect-path-detection,50,6,0.42920530428470066,0.005,residual_samples/batch-50-replication-6.csv,null_statistics/batch-50-replication-6.npy,batch-f8-mixed-direct-indirect-path-detection,18346026201093329795,14787695681050826259,7113660439270687518,0.20363609999185428,,,batch-f8-mixed-direct-indirect-path-detection-20260825-001
F8,X1,X2,f8-mixed-direct-indirect-path-detection,50,7,0.47333109621997094,0.005,residual_samples/batch-50-replication-7.csv,null_statistics/batch-50-replication-7.npy,batch-f8-mixed-direct-indirect-path-detection,14542122364076375515,12426898834423831187,16979082091544421966,0.20213089999742806,,,batch-f8-mixed-direct-indirect-path-detection-20260825-001
F8,X1,X2,f8-mixed-direct-indirect-path-detection,50,8,0.4664079981943261,0.005,residual_samples/batch-50-replication-8.csv,null_statistics/batch-50-replication-8.npy,batch-f8-mixed-direct-indirect-path-detection,15524044117584488913,6907612929766091714,17605439043460286882,0.20621399994706735,,,batch-f8-mixed-direct-indirect-path-detection-20260825-001
F8,X1,X2,f8-mixed-direct-indirect-path-detection,50,9,0.4497856482126438,0.005,residual_samples/batch-50-replication-9.csv,null_statistics/batch-50-replication-9.npy,batch-f8-mixed-direct-indirect-path-detection,15033335146186722793,3784101736892852677,17738400992474484013,0.20021570002427325,,,batch-f8-mixed-direct-indirect-path-detection-20260825-001
F8,X1,X2,f8-mixed-direct-indirect-path-detection,51,0,0.4325084696673556,0.005,residual_samples/batch-51-replication-0.csv,null_statistics/batch-51-replication-0.npy,batch-f8-mixed-direct-indirect-path-detection,3580879219731797086,311330115443595298,852867242967932999,0.20286699995631352,,,batch-f8-mixed-direct-indirect-path-detection-20260825-001
F8,X1,X2,f8-mixed-direct-indirect-path-detection,51,1,0.46695574588262284,0.005,residual_samples/batch-51-replication-1.csv,null_statistics/batch-51-replication-1.npy,batch-f8-mixed-direct-indirect-path-detection,4793170317831991154,10563597954879161900,3924485674666943945,0.20828960003564134,,,batch-f8-mixed-direct-indirect-path-detection-20260825-001
F8,X1,X2,f8-mixed-direct-indirect-path-detection,51,2,0.47994730218956777,0.005,residual_samples/batch-51-replication-2.csv,null_statistics/batch-51-replication-2.npy,batch-f8-mixed-direct-indirect-path-detection,4497022537075381564,3875604239396568457,16076469955593606841,0.20811479998519644,,,batch-f8-mixed-direct-indirect-path-detection-20260825-001
F8,X1,X2,f8-mixed-direct-indirect-path-detection,51,3,0.4063572321314822,0.005,residual_samples/batch-51-replication-3.csv,null_statistics/batch-51-replication-3.npy,batch-f8-mixed-direct-indirect-path-detection,10626619728187199156,10770509411698255254,10219202065221037133,0.20268669998040423,,,batch-f8-mixed-direct-indirect-path-detection-20260825-001
F8,X1,X2,f8-mixed-direct-indirect-path-detection,51,4,0.4142552173600971,0.005,residual_samples/batch-51-replication-4.csv,null_statistics/batch-51-replication-4.npy,batch-f8-mixed-direct-indirect-path-detection,9505159772617881863,17300791092172992920,3577387058554786971,0.2009783999528736,,,batch-f8-mixed-direct-indirect-path-detection-20260825-001
F8,X1,X2,f8-mixed-direct-indirect-path-detection,51,5,0.4275958563912143,0.005,residual_samples/batch-51-replication-5.csv,null_statistics/batch-51-replication-5.npy,batch-f8-mixed-direct-indirect-path-detection,14432585671329459279,13108445995441972665,11496924753468962649,0.20711359998676926,,,batch-f8-mixed-direct-indirect-path-detection-20260825-001
F8,X1,X2,f8-mixed-direct-indirect-path-detection,51,6,0.4002733748902723,0.005,residual_samples/batch-51-replication-6.csv,null_statistics/batch-51-replication-6.npy,batch-f8-mixed-direct-indirect-path-detection,14881835776049133068,1919146935606442518,14995852525414105335,0.2057438000338152,,,batch-f8-mixed-direct-indirect-path-detection-20260825-001
F8,X1,X2,f8-mixed-direct-indirect-path-detection,51,7,0.44065160851170426,0.005,residual_samples/batch-51-replication-7.csv,null_statistics/batch-51-replication-7.npy,batch-f8-mixed-direct-indirect-path-detection,9916228382219757851,6913241342760060415,11481211953852163806,0.1980133000179194,,,batch-f8-mixed-direct-indirect-path-detection-20260825-001
F8,X1,X2,f8-mixed-direct-indirect-path-detection,51,8,0.4636455288984372,0.005,residual_samples/batch-51-replication-8.csv,null_statistics/batch-51-replication-8.npy,batch-f8-mixed-direct-indirect-path-detection,2109540857018621560,16235000715850841007,12302618270024086355,0.209541599964723,,,batch-f8-mixed-direct-indirect-path-detection-20260825-001
F8,X1,X2,f8-mixed-direct-indirect-path-detection,51,9,0.48326828226840224,0.005,residual_samples/batch-51-replication-9.csv,null_statistics/batch-51-replication-9.npy,batch-f8-mixed-direct-indirect-path-detection,3969760698476771159,5859009998010017497,16387797314408289368,0.21243750001303852,,,batch-f8-mixed-direct-indirect-path-detection-20260825-001
F8,X1,X2,f8-mixed-direct-indirect-path-detection,52,0,0.45747622170850294,0.005,residual_samples/batch-52-replication-0.csv,null_statistics/batch-52-replication-0.npy,batch-f8-mixed-direct-indirect-path-detection,15363718013989953873,12992986181507254672,4377055428185126342,0.20206889999099076,,,batch-f8-mixed-direct-indirect-path-detection-20260825-001
F8,X1,X2,f8-mixed-direct-indirect-path-detection,52,1,0.42922603763012773,0.005,residual_samples/batch-52-replication-1.csv,null_statistics/batch-52-replication-1.npy,batch-f8-mixed-direct-indirect-path-detection,3416459402468605107,3502487841198001787,7490007838540553672,0.20132619998184964,,,batch-f8-mixed-direct-indirect-path-detection-20260825-001
F8,X1,X2,f8-mixed-direct-indirect-path-detection,52,2,0.4505131195384312,0.005,residual_samples/batch-52-replication-2.csv,null_statistics/batch-52-replication-2.npy,batch-f8-mixed-direct-indirect-path-detection,11420352087594893219,14101509681394612147,4757769851260526129,0.21350930002517998,,,batch-f8-mixed-direct-indirect-path-detection-20260825-001
F8,X1,X2,f8-mixed-direct-indirect-path-detection,52,3,0.44839676262145167,0.005,residual_samples/batch-52-replication-3.csv,null_statistics/batch-52-replication-3.npy,batch-f8-mixed-direct-indirect-path-detection,12430369038266752634,2437591793324430751,14073632738856303048,0.1984501999686472,,,batch-f8-mixed-direct-indirect-path-detection-20260825-001
F8,X1,X2,f8-mixed-direct-indirect-path-detection,52,4,0.4955414336340892,0.005,residual_samples/batch-52-replication-4.csv,null_statistics/batch-52-replication-4.npy,batch-f8-mixed-direct-indirect-path-detection,321392069470164190,13541422025747943951,12590814876843315425,0.20227449998492375,,,batch-f8-mixed-direct-indirect-path-detection-20260825-001
F8,X1,X2,f8-mixed-direct-indirect-path-detection,52,5,0.5035638840762681,0.005,residual_samples/batch-52-replication-5.csv,null_statistics/batch-52-replication-5.npy,batch-f8-mixed-direct-indirect-path-detection,16315707232833726250,10845391319572654239,13366213210953084882,0.20287259999895468,,,batch-f8-mixed-direct-indirect-path-detection-20260825-001
F8,X1,X2,f8-mixed-direct-indirect-path-detection,52,6,0.4838016231861152,0.005,residual_samples/batch-52-replication-6.csv,null_statistics/batch-52-replication-6.npy,batch-f8-mixed-direct-indirect-path-detection,1967914510666858140,18197111381625140025,16399943412697765887,0.20312170003307983,,,batch-f8-mixed-direct-indirect-path-detection-20260825-001
F8,X1,X2,f8-mixed-direct-indirect-path-detection,52,7,0.4440623652226042,0.005,residual_samples/batch-52-replication-7.csv,null_statistics/batch-52-replication-7.npy,batch-f8-mixed-direct-indirect-path-detection,10993771599763604929,1242613405599759817,2708796177256047529,0.19674809998832643,,,batch-f8-mixed-direct-indirect-path-detection-20260825-001
F8,X1,X2,f8-mixed-direct-indirect-path-detection,52,8,0.4480066703174045,0.005,residual_samples/batch-52-replication-8.csv,null_statistics/batch-52-replication-8.npy,batch-f8-mixed-direct-indirect-path-detection,10277360514612012580,10473555339582533315,9922580463999451599,0.20212380000157282,,,batch-f8-mixed-direct-indirect-path-detection-20260825-001
F8,X1,X2,f8-mixed-direct-indirect-path-detection,52,9,0.46291407253955347,0.005,residual_samples/batch-52-replication-9.csv,null_statistics/batch-52-replication-9.npy,batch-f8-mixed-direct-indirect-path-detection,1985753840374673579,9857251131201654500,5426238697023639356,0.20042300003115088,,,batch-f8-mixed-direct-indirect-path-detection-20260825-001
F8,X1,X2,f8-mixed-direct-indirect-path-detection,53,0,0.4305582041278828,0.005,residual_samples/batch-53-replication-0.csv,null_statistics/batch-53-replication-0.npy,batch-f8-mixed-direct-indirect-path-detection,9296242032645730453,2179194481787603912,4737354421031463404,0.20618789998115972,,,batch-f8-mixed-direct-indirect-path-detection-20260825-001
F8,X1,X2,f8-mixed-direct-indirect-path-detection,53,1,0.4172889657070557,0.005,residual_samples/batch-53-replication-1.csv,null_statistics/batch-53-replication-1.npy,batch-f8-mixed-direct-indirect-path-detection,8002954470594603962,11448076369177229802,11281549931131033464,0.204757800034713,,,batch-f8-mixed-direct-indirect-path-detection-20260825-001
F8,X1,X2,f8-mixed-direct-indirect-path-detection,53,2,0.42823129317753506,0.005,residual_samples/batch-53-replication-2.csv,null_statistics/batch-53-replication-2.npy,batch-f8-mixed-direct-indirect-path-detection,8315517781512331695,2439450757667245676,8682540953534599052,0.20199579995824024,,,batch-f8-mixed-direct-indirect-path-detection-20260825-001
F8,X1,X2,f8-mixed-direct-indirect-path-detection,53,3,0.4712175318578278,0.005,residual_samples/batch-53-replication-3.csv,null_statistics/batch-53-replication-3.npy,batch-f8-mixed-direct-indirect-path-detection,2475791519708093980,10860268697560752043,3245301160444386928,0.20452450000448152,,,batch-f8-mixed-direct-indirect-path-detection-20260825-001
F8,X1,X2,f8-mixed-direct-indirect-path-detection,53,4,0.43723621531869267,0.005,residual_samples/batch-53-replication-4.csv,null_statistics/batch-53-replication-4.npy,batch-f8-mixed-direct-indirect-path-detection,14016497175943298260,3657083973807320335,8792639314722927122,0.20360080001410097,,,batch-f8-mixed-direct-indirect-path-detection-20260825-001
F8,X1,X2,f8-mixed-direct-indirect-path-detection,53,5,0.4855234638662908,0.005,residual_samples/batch-53-replication-5.csv,null_statistics/batch-53-replication-5.npy,batch-f8-mixed-direct-indirect-path-detection,12800904927303925702,12159183491528157810,5616912009162249464,0.20448240003315732,,,batch-f8-mixed-direct-indirect-path-detection-20260825-001
F8,X1,X2,f8-mixed-direct-indirect-path-detection,53,6,0.4885356776081889,0.005,residual_samples/batch-53-replication-6.csv,null_statistics/batch-53-replication-6.npy,batch-f8-mixed-direct-indirect-path-detection,8864800112073145885,14278018990533753766,7307992716769566189,0.2000957999844104,,,batch-f8-mixed-direct-indirect-path-detection-20260825-001
F8,X1,X2,f8-mixed-direct-indirect-path-detection,53,7,0.5004459741272899,0.005,residual_samples/batch-53-replication-7.csv,null_statistics/batch-53-replication-7.npy,batch-f8-mixed-direct-indirect-path-detection,15781824074101066200,11347465511291972939,15801657966554010294,0.20364150003297254,,,batch-f8-mixed-direct-indirect-path-detection-20260825-001
F8,X1,X2,f8-mixed-direct-indirect-path-detection,53,8,0.4483280184742808,0.005,residual_samples/batch-53-replication-8.csv,null_statistics/batch-53-replication-8.npy,batch-f8-mixed-direct-indirect-path-detection,321222439204822941,5546914781553162683,12252505845138827088,0.20404169999528676,,,batch-f8-mixed-direct-indirect-path-detection-20260825-001
F8,X1,X2,f8-mixed-direct-indirect-path-detection,53,9,0.42212633405629846,0.005,residual_samples/batch-53-replication-9.csv,null_statistics/batch-53-replication-9.npy,batch-f8-mixed-direct-indirect-path-detection,12170946871761730144,5004600552724831043,7330174210330898167,0.2015745000098832,,,batch-f8-mixed-direct-indirect-path-detection-20260825-001
F8,X1,X2,f8-mixed-direct-indirect-path-detection,54,0,0.4401603609760643,0.005,residual_samples/batch-54-replication-0.csv,null_statistics/batch-54-replication-0.npy,batch-f8-mixed-direct-indirect-path-detection,13577455239047454445,18230056056616069045,10985697936584630998,0.20411470002727583,,,batch-f8-mixed-direct-indirect-path-detection-20260825-001
F8,X1,X2,f8-mixed-direct-indirect-path-detection,54,1,0.46264024753888855,0.005,residual_samples/batch-54-replication-1.csv,null_statistics/batch-54-replication-1.npy,batch-f8-mixed-direct-indirect-path-detection,3149232350729092081,15952204550821876386,4361553202287454864,0.20859369996469468,,,batch-f8-mixed-direct-indirect-path-detection-20260825-001
F8,X1,X2,f8-mixed-direct-indirect-path-detection,54,2,0.47328111425243446,0.005,residual_samples/batch-54-replication-2.csv,null_statistics/batch-54-replication-2.npy,batch-f8-mixed-direct-indirect-path-detection,13221217041370461865,3438422809725099864,11537679090763259918,0.2028252999880351,,,batch-f8-mixed-direct-indirect-path-detection-20260825-001
F8,X1,X2,f8-mixed-direct-indirect-path-detection,54,3,0.4548728366574383,0.005,residual_samples/batch-54-replication-3.csv,null_statistics/batch-54-replication-3.npy,batch-f8-mixed-direct-indirect-path-detection,2643765415103842879,10241011794142656531,14940687116680325121,0.20051409996813163,,,batch-f8-mixed-direct-indirect-path-detection-20260825-001
F8,X1,X2,f8-mixed-direct-indirect-path-detection,54,4,0.4524530923004997,0.005,residual_samples/batch-54-replication-4.csv,null_statistics/batch-54-replication-4.npy,batch-f8-mixed-direct-indirect-path-detection,14836749431879074741,15812854054668069046,6654422516247248719,0.19948840001598,,,batch-f8-mixed-direct-indirect-path-detection-20260825-001
F8,X1,X2,f8-mixed-direct-indirect-path-detection,54,5,0.4583216978400249,0.005,residual_samples/batch-54-replication-5.csv,null_statistics/batch-54-replication-5.npy,batch-f8-mixed-direct-indirect-path-detection,13001314383324965470,10203704548168942259,8412429879984042126,0.2208023999701254,,,batch-f8-mixed-direct-indirect-path-detection-20260825-001
F8,X1,X2,f8-mixed-direct-indirect-path-detection,54,6,0.43811832817069457,0.005,residual_samples/batch-54-replication-6.csv,null_statistics/batch-54-replication-6.npy,batch-f8-mixed-direct-indirect-path-detection,12852692636504921586,16843918166995406705,12666884831521652601,0.21235030004754663,,,batch-f8-mixed-direct-indirect-path-detection-20260825-001
F8,X1,X2,f8-mixed-direct-indirect-path-detection,54,7,0.4163923653785195,0.005,residual_samples/batch-54-replication-7.csv,null_statistics/batch-54-replication-7.npy,batch-f8-mixed-direct-indirect-path-detection,7429771174629490014,3513455044337106068,7159144541529260222,0.20150880003347993,,,batch-f8-mixed-direct-indirect-path-detection-20260825-001
F8,X1,X2,f8-mixed-direct-indirect-path-detection,54,8,0.429864452310494,0.005,residual_samples/batch-54-replication-8.csv,null_statistics/batch-54-replication-8.npy,batch-f8-mixed-direct-indirect-path-detection,7846905670699972115,12248208564632107787,10329268872102182855,0.19816219998756424,,,batch-f8-mixed-direct-indirect-path-detection-20260825-001
F8,X1,X2,f8-mixed-direct-indirect-path-detection,54,9,0.45116846489542134,0.005,residual_samples/batch-54-replication-9.csv,null_statistics/batch-54-replication-9.npy,batch-f8-mixed-direct-indirect-path-detection,16059699297562717619,14871037920956635599,403104145802515573,0.20259489997988567,,,batch-f8-mixed-direct-indirect-path-detection-20260825-001
F8,X1,X2,f8-mixed-direct-indirect-path-detection,55,0,0.5015516821404644,0.005,residual_samples/batch-55-replication-0.csv,null_statistics/batch-55-replication-0.npy,batch-f8-mixed-direct-indirect-path-detection,4688241806354598306,3354618404980403665,7709240052762730732,0.1996307999943383,,,batch-f8-mixed-direct-indirect-path-detection-20260825-001
F8,X1,X2,f8-mixed-direct-indirect-path-detection,55,1,0.42165094137809633,0.005,residual_samples/batch-55-replication-1.csv,null_statistics/batch-55-replication-1.npy,batch-f8-mixed-direct-indirect-path-detection,5085264585805357770,15771851381481499384,3353589643403669869,0.21676829998614267,,,batch-f8-mixed-direct-indirect-path-detection-20260825-001
F8,X1,X2,f8-mixed-direct-indirect-path-detection,55,2,0.47944053062861486,0.005,residual_samples/batch-55-replication-2.csv,null_statistics/batch-55-replication-2.npy,batch-f8-mixed-direct-indirect-path-detection,2163355872320270488,8715980635293032628,10497819239349368069,0.20064719999209046,,,batch-f8-mixed-direct-indirect-path-detection-20260825-001
F8,X1,X2,f8-mixed-direct-indirect-path-detection,55,3,0.42154389397692743,0.005,residual_samples/batch-55-replication-3.csv,null_statistics/batch-55-replication-3.npy,batch-f8-mixed-direct-indirect-path-detection,3480613541086006623,10179695201281339346,12855292274895863362,0.20186229998944327,,,batch-f8-mixed-direct-indirect-path-detection-20260825-001
F8,X1,X2,f8-mixed-direct-indirect-path-detection,55,4,0.43661414759286216,0.005,residual_samples/batch-55-replication-4.csv,null_statistics/batch-55-replication-4.npy,batch-f8-mixed-direct-indirect-path-detection,16570122500579078687,18004373751598508035,1658786661354267663,0.20138119999319315,,,batch-f8-mixed-direct-indirect-path-detection-20260825-001
F8,X1,X2,f8-mixed-direct-indirect-path-detection,55,5,0.5131556250971256,0.005,residual_samples/batch-55-replication-5.csv,null_statistics/batch-55-replication-5.npy,batch-f8-mixed-direct-indirect-path-detection,10660427316463995707,15271858158115340112,6715030069254497533,0.20384719996945933,,,batch-f8-mixed-direct-indirect-path-detection-20260825-001
F8,X1,X2,f8-mixed-direct-indirect-path-detection,55,6,0.4713624736002687,0.005,residual_samples/batch-55-replication-6.csv,null_statistics/batch-55-replication-6.npy,batch-f8-mixed-direct-indirect-path-detection,12133061025637625277,18102352423609239669,17908836932295669271,0.19987640000181273,,,batch-f8-mixed-direct-indirect-path-detection-20260825-001
F8,X1,X2,f8-mixed-direct-indirect-path-detection,55,7,0.4481566508858872,0.005,residual_samples/batch-55-replication-7.csv,null_statistics/batch-55-replication-7.npy,batch-f8-mixed-direct-indirect-path-detection,4292037547263397055,8860310577786511827,4837420784607479984,0.19873599999118596,,,batch-f8-mixed-direct-indirect-path-detection-20260825-001
F8,X1,X2,f8-mixed-direct-indirect-path-detection,55,8,0.4288648644314906,0.005,residual_samples/batch-55-replication-8.csv,null_statistics/batch-55-replication-8.npy,batch-f8-mixed-direct-indirect-path-detection,3173966180180746039,11848421428519807191,14560746641939600376,0.22694550000596792,,,batch-f8-mixed-direct-indirect-path-detection-20260825-001
F8,X1,X2,f8-mixed-direct-indirect-path-detection,55,9,0.47214174342951565,0.005,residual_samples/batch-55-replication-9.csv,null_statistics/batch-55-replication-9.npy,batch-f8-mixed-direct-indirect-path-detection,5026039442260145163,7121084732890797384,4885606538366930754,0.22062469995580614,,,batch-f8-mixed-direct-indirect-path-detection-20260825-001
F8,X1,X2,f8-mixed-direct-indirect-path-detection,56,0,0.412721637510782,0.005,residual_samples/batch-56-replication-0.csv,null_statistics/batch-56-replication-0.npy,batch-f8-mixed-direct-indirect-path-detection,5779226344151129814,13061924488452841810,2635778640346900567,0.21369149995734915,,,batch-f8-mixed-direct-indirect-path-detection-20260825-001
F8,X1,X2,f8-mixed-direct-indirect-path-detection,56,1,0.4377148871408659,0.005,residual_samples/batch-56-replication-1.csv,null_statistics/batch-56-replication-1.npy,batch-f8-mixed-direct-indirect-path-detection,8659693048277668612,2368796403845633914,5103508392736825531,0.20516019995557144,,,batch-f8-mixed-direct-indirect-path-detection-20260825-001
F8,X1,X2,f8-mixed-direct-indirect-path-detection,56,2,0.41047496627201613,0.005,residual_samples/batch-56-replication-2.csv,null_statistics/batch-56-replication-2.npy,batch-f8-mixed-direct-indirect-path-detection,14024422704400472227,15882709549103353255,15348393092138509870,0.2005354999564588,,,batch-f8-mixed-direct-indirect-path-detection-20260825-001
F8,X1,X2,f8-mixed-direct-indirect-path-detection,56,3,0.45320710038188283,0.005,residual_samples/batch-56-replication-3.csv,null_statistics/batch-56-replication-3.npy,batch-f8-mixed-direct-indirect-path-detection,15741873198622409299,2205699137384124078,8091658247658037473,0.19737680000253022,,,batch-f8-mixed-direct-indirect-path-detection-20260825-001
F8,X1,X2,f8-mixed-direct-indirect-path-detection,56,4,0.5068769591280206,0.005,residual_samples/batch-56-replication-4.csv,null_statistics/batch-56-replication-4.npy,batch-f8-mixed-direct-indirect-path-detection,8714409267523851108,12139023288805268942,846847298843084789,0.20871570002054796,,,batch-f8-mixed-direct-indirect-path-detection-20260825-001
F8,X1,X2,f8-mixed-direct-indirect-path-detection,56,5,0.47702745019047377,0.005,residual_samples/batch-56-replication-5.csv,null_statistics/batch-56-replication-5.npy,batch-f8-mixed-direct-indirect-path-detection,629666807902949909,9862929181690306998,309293361888564584,0.1986460000043735,,,batch-f8-mixed-direct-indirect-path-detection-20260825-001
F8,X1,X2,f8-mixed-direct-indirect-path-detection,56,6,0.48092750990030886,0.005,residual_samples/batch-56-replication-6.csv,null_statistics/batch-56-replication-6.npy,batch-f8-mixed-direct-indirect-path-detection,67682595953379971,3647828829242358757,12684656042588451925,0.19845710002118722,,,batch-f8-mixed-direct-indirect-path-detection-20260825-001
F8,X1,X2,f8-mixed-direct-indirect-path-detection,56,7,0.4732928197331944,0.005,residual_samples/batch-56-replication-7.csv,null_statistics/batch-56-replication-7.npy,batch-f8-mixed-direct-indirect-path-detection,1209108811896551020,147458937045722775,6699116412717345588,0.21682219998911023,,,batch-f8-mixed-direct-indirect-path-detection-20260825-001
F8,X1,X2,f8-mixed-direct-indirect-path-detection,56,8,0.43687168123546904,0.005,residual_samples/batch-56-replication-8.csv,null_statistics/batch-56-replication-8.npy,batch-f8-mixed-direct-indirect-path-detection,12045915442553028529,926039963833038116,1706042398188718376,0.20000730000901967,,,batch-f8-mixed-direct-indirect-path-detection-20260825-001
F8,X1,X2,f8-mixed-direct-indirect-path-detection,56,9,0.47115856296909236,0.005,residual_samples/batch-56-replication-9.csv,null_statistics/batch-56-replication-9.npy,batch-f8-mixed-direct-indirect-path-detection,3307146640236873643,119284423077153644,16499878630768705922,0.2039921999676153,,,batch-f8-mixed-direct-indirect-path-detection-20260825-001
F8,X1,X2,f8-mixed-direct-indirect-path-detection,57,0,0.47124247428123345,0.005,residual_samples/batch-57-replication-0.csv,null_statistics/batch-57-replication-0.npy,batch-f8-mixed-direct-indirect-path-detection,10050793736812231847,10650289100193988274,9552011214241468738,0.20218060002662241,,,batch-f8-mixed-direct-indirect-path-detection-20260825-001
F8,X1,X2,f8-mixed-direct-indirect-path-detection,57,1,0.45442703887514174,0.005,residual_samples/batch-57-replication-1.csv,null_statistics/batch-57-replication-1.npy,batch-f8-mixed-direct-indirect-path-detection,12625030756451100627,774132798486508428,11439467222321480792,0.20074639999074861,,,batch-f8-mixed-direct-indirect-path-detection-20260825-001
F8,X1,X2,f8-mixed-direct-indirect-path-detection,57,2,0.4096385878119959,0.005,residual_samples/batch-57-replication-2.csv,null_statistics/batch-57-replication-2.npy,batch-f8-mixed-direct-indirect-path-detection,15176064959963937886,13762813758228217717,8965838102172635414,0.19971809996059164,,,batch-f8-mixed-direct-indirect-path-detection-20260825-001
F8,X1,X2,f8-mixed-direct-indirect-path-detection,57,3,0.41758930841316755,0.005,residual_samples/batch-57-replication-3.csv,null_statistics/batch-57-replication-3.npy,batch-f8-mixed-direct-indirect-path-detection,11645323264545604637,15688103670731109544,13680846282472587496,0.20087850000709295,,,batch-f8-mixed-direct-indirect-path-detection-20260825-001
F8,X1,X2,f8-mixed-direct-indirect-path-detection,57,4,0.43533735492259357,0.005,residual_samples/batch-57-replication-4.csv,null_statistics/batch-57-replication-4.npy,batch-f8-mixed-direct-indirect-path-detection,13157041278906052045,9065497182506794513,8433389511880535604,0.20062509999843314,,,batch-f8-mixed-direct-indirect-path-detection-20260825-001
F8,X1,X2,f8-mixed-direct-indirect-path-detection,57,5,0.48010755879528155,0.005,residual_samples/batch-57-replication-5.csv,null_statistics/batch-57-replication-5.npy,batch-f8-mixed-direct-indirect-path-detection,1951063726981983481,16221757207574185602,9038531127544193191,0.19348549999995157,,,batch-f8-mixed-direct-indirect-path-detection-20260825-001
F8,X1,X2,f8-mixed-direct-indirect-path-detection,57,6,0.496115574909755,0.005,residual_samples/batch-57-replication-6.csv,null_statistics/batch-57-replication-6.npy,batch-f8-mixed-direct-indirect-path-detection,17644184105838031737,12027686363333886,6935559130570476235,0.1999540000106208,,,batch-f8-mixed-direct-indirect-path-detection-20260825-001
F8,X1,X2,f8-mixed-direct-indirect-path-detection,57,7,0.4291111979733869,0.005,residual_samples/batch-57-replication-7.csv,null_statistics/batch-57-replication-7.npy,batch-f8-mixed-direct-indirect-path-detection,4342528134501817075,6030348180037994367,12867462274620523010,0.2027910000178963,,,batch-f8-mixed-direct-indirect-path-detection-20260825-001
F8,X1,X2,f8-mixed-direct-indirect-path-detection,57,8,0.40934782603002573,0.005,residual_samples/batch-57-replication-8.csv,null_statistics/batch-57-replication-8.npy,batch-f8-mixed-direct-indirect-path-detection,17914997994392798701,15905434425242430931,16084399931508421003,0.20704519998980686,,,batch-f8-mixed-direct-indirect-path-detection-20260825-001
F8,X1,X2,f8-mixed-direct-indirect-path-detection,57,9,0.4828555293661901,0.005,residual_samples/batch-57-replication-9.csv,null_statistics/batch-57-replication-9.npy,batch-f8-mixed-direct-indirect-path-detection,16758846943567090993,14249528358984299508,15036656379377135363,0.2057855000020936,,,batch-f8-mixed-direct-indirect-path-detection-20260825-001
F8,X1,X2,f8-mixed-direct-indirect-path-detection,58,0,0.44901584409450035,0.005,residual_samples/batch-58-replication-0.csv,null_statistics/batch-58-replication-0.npy,batch-f8-mixed-direct-indirect-path-detection,4574796973750516729,5064284016927618093,1197946733074306634,0.2017473000450991,,,batch-f8-mixed-direct-indirect-path-detection-20260825-001
F8,X1,X2,f8-mixed-direct-indirect-path-detection,58,1,0.42297082117861406,0.005,residual_samples/batch-58-replication-1.csv,null_statistics/batch-58-replication-1.npy,batch-f8-mixed-direct-indirect-path-detection,6661671625706865488,11192826313141847114,1407258490201418203,0.2073583999881521,,,batch-f8-mixed-direct-indirect-path-detection-20260825-001
F8,X1,X2,f8-mixed-direct-indirect-path-detection,58,2,0.46953712102216066,0.005,residual_samples/batch-58-replication-2.csv,null_statistics/batch-58-replication-2.npy,batch-f8-mixed-direct-indirect-path-detection,13479356560422046526,9879902167408914632,17657647824641103101,0.20717799995327368,,,batch-f8-mixed-direct-indirect-path-detection-20260825-001
F8,X1,X2,f8-mixed-direct-indirect-path-detection,58,3,0.46966378462689273,0.005,residual_samples/batch-58-replication-3.csv,null_statistics/batch-58-replication-3.npy,batch-f8-mixed-direct-indirect-path-detection,4702058565028265629,14227225600423279899,1475174323169660350,0.21698849997483194,,,batch-f8-mixed-direct-indirect-path-detection-20260825-001
F8,X1,X2,f8-mixed-direct-indirect-path-detection,58,4,0.4817567159312051,0.005,residual_samples/batch-58-replication-4.csv,null_statistics/batch-58-replication-4.npy,batch-f8-mixed-direct-indirect-path-detection,11646218286964121873,15572982182114266944,17975227809515123060,0.2112984000123106,,,batch-f8-mixed-direct-indirect-path-detection-20260825-001
F8,X1,X2,f8-mixed-direct-indirect-path-detection,58,5,0.4460890011900921,0.005,residual_samples/batch-58-replication-5.csv,null_statistics/batch-58-replication-5.npy,batch-f8-mixed-direct-indirect-path-detection,4182845756713833486,12919959708018433692,5161850576444272543,0.21004530001664534,,,batch-f8-mixed-direct-indirect-path-detection-20260825-001
F8,X1,X2,f8-mixed-direct-indirect-path-detection,58,6,0.38045978611286324,0.005,residual_samples/batch-58-replication-6.csv,null_statistics/batch-58-replication-6.npy,batch-f8-mixed-direct-indirect-path-detection,9097594945189040284,17401007898419071073,4310714584415070913,0.206345800019335,,,batch-f8-mixed-direct-indirect-path-detection-20260825-001
F8,X1,X2,f8-mixed-direct-indirect-path-detection,58,7,0.47980536662105117,0.005,residual_samples/batch-58-replication-7.csv,null_statistics/batch-58-replication-7.npy,batch-f8-mixed-direct-indirect-path-detection,6493139479897206784,5073992942822094021,10910792453943619127,0.20153079996816814,,,batch-f8-mixed-direct-indirect-path-detection-20260825-001
F8,X1,X2,f8-mixed-direct-indirect-path-detection,58,8,0.45014628732846446,0.005,residual_samples/batch-58-replication-8.csv,null_statistics/batch-58-replication-8.npy,batch-f8-mixed-direct-indirect-path-detection,18085958055463015469,6894734988171140524,10570092831722661804,0.2049933999660425,,,batch-f8-mixed-direct-indirect-path-detection-20260825-001
F8,X1,X2,f8-mixed-direct-indirect-path-detection,58,9,0.44361068032083056,0.005,residual_samples/batch-58-replication-9.csv,null_statistics/batch-58-replication-9.npy,batch-f8-mixed-direct-indirect-path-detection,4483089638603070174,8348430144011821034,1042826596310922834,0.2059904999914579,,,batch-f8-mixed-direct-indirect-path-detection-20260825-001
F8,X1,X2,f8-mixed-direct-indirect-path-detection,59,0,0.4621465060832065,0.005,residual_samples/batch-59-replication-0.csv,null_statistics/batch-59-replication-0.npy,batch-f8-mixed-direct-indirect-path-detection,9166672014995630763,5007524662915434817,17225808002882556533,0.20406959997490048,,,batch-f8-mixed-direct-indirect-path-detection-20260825-001
F8,X1,X2,f8-mixed-direct-indirect-path-detection,59,1,0.4239426173047132,0.005,residual_samples/batch-59-replication-1.csv,null_statistics/batch-59-replication-1.npy,batch-f8-mixed-direct-indirect-path-detection,7581369942533801324,15074067049645981980,4272766737730207575,0.20527010003570467,,,batch-f8-mixed-direct-indirect-path-detection-20260825-001
F8,X1,X2,f8-mixed-direct-indirect-path-detection,59,2,0.4372791872965765,0.005,residual_samples/batch-59-replication-2.csv,null_statistics/batch-59-replication-2.npy,batch-f8-mixed-direct-indirect-path-detection,1825102355326087460,8995434334149326734,13313624432690375571,0.20808180002495646,,,batch-f8-mixed-direct-indirect-path-detection-20260825-001
F8,X1,X2,f8-mixed-direct-indirect-path-detection,59,3,0.47287615639045616,0.005,residual_samples/batch-59-replication-3.csv,null_statistics/batch-59-replication-3.npy,batch-f8-mixed-direct-indirect-path-detection,14821680144349428933,15370954458010978395,15162623713404192221,0.20270490000257269,,,batch-f8-mixed-direct-indirect-path-detection-20260825-001
F8,X1,X2,f8-mixed-direct-indirect-path-detection,59,4,0.4686388205041926,0.005,residual_samples/batch-59-replication-4.csv,null_statistics/batch-59-replication-4.npy,batch-f8-mixed-direct-indirect-path-detection,9503099753768148766,9551793985222150183,17968919941378021602,0.2019914000411518,,,batch-f8-mixed-direct-indirect-path-detection-20260825-001
F8,X1,X2,f8-mixed-direct-indirect-path-detection,59,5,0.4760312600793062,0.005,residual_samples/batch-59-replication-5.csv,null_statistics/batch-59-replication-5.npy,batch-f8-mixed-direct-indirect-path-detection,6554802891032991652,12159298921157368948,10347095030850581307,0.20234020001953468,,,batch-f8-mixed-direct-indirect-path-detection-20260825-001
F8,X1,X2,f8-mixed-direct-indirect-path-detection,59,6,0.44658280250810695,0.005,residual_samples/batch-59-replication-6.csv,null_statistics/batch-59-replication-6.npy,batch-f8-mixed-direct-indirect-path-detection,9700636652627615067,2962655718620899912,10531931577550259263,0.2023252999642864,,,batch-f8-mixed-direct-indirect-path-detection-20260825-001
F8,X1,X2,f8-mixed-direct-indirect-path-detection,59,7,0.4509162805582584,0.005,residual_samples/batch-59-replication-7.csv,null_statistics/batch-59-replication-7.npy,batch-f8-mixed-direct-indirect-path-detection,15414832542870716430,8542201251164052574,13005830450730399704,0.20009050000226125,,,batch-f8-mixed-direct-indirect-path-detection-20260825-001
F8,X1,X2,f8-mixed-direct-indirect-path-detection,59,8,0.44594479802287773,0.005,residual_samples/batch-59-replication-8.csv,null_statistics/batch-59-replication-8.npy,batch-f8-mixed-direct-indirect-path-detection,18348131255174968187,17242234258936038111,8717596980169451967,0.20658319996437058,,,batch-f8-mixed-direct-indirect-path-detection-20260825-001
F8,X1,X2,f8-mixed-direct-indirect-path-detection,59,9,0.46218262997594445,0.005,residual_samples/batch-59-replication-9.csv,null_statistics/batch-59-replication-9.npy,batch-f8-mixed-direct-indirect-path-detection,379748543074214731,963347217570844580,2345040357921693063,0.22024860000237823,,,batch-f8-mixed-direct-indirect-path-detection-20260825-001
F8,X1,X2,f8-mixed-direct-indirect-path-detection,60,0,0.4623040815575727,0.005,residual_samples/batch-60-replication-0.csv,null_statistics/batch-60-replication-0.npy,batch-f8-mixed-direct-indirect-path-detection,3568337077813062791,14198329884725983377,3435234136184638331,0.20228470000438392,,,batch-f8-mixed-direct-indirect-path-detection-20260825-001
F8,X1,X2,f8-mixed-direct-indirect-path-detection,60,1,0.43357999707189354,0.005,residual_samples/batch-60-replication-1.csv,null_statistics/batch-60-replication-1.npy,batch-f8-mixed-direct-indirect-path-detection,14982827348042499320,1176739760877990601,6723900557532791949,0.20375719998264685,,,batch-f8-mixed-direct-indirect-path-detection-20260825-001
F8,X1,X2,f8-mixed-direct-indirect-path-detection,60,2,0.47669707065318917,0.005,residual_samples/batch-60-replication-2.csv,null_statistics/batch-60-replication-2.npy,batch-f8-mixed-direct-indirect-path-detection,11707373568004247492,9665692546627485232,13660244261219482108,0.20174989994848147,,,batch-f8-mixed-direct-indirect-path-detection-20260825-001
F8,X1,X2,f8-mixed-direct-indirect-path-detection,60,3,0.485350444943339,0.005,residual_samples/batch-60-replication-3.csv,null_statistics/batch-60-replication-3.npy,batch-f8-mixed-direct-indirect-path-detection,8999205053160519179,3808763127993338512,13543753838256546143,0.2044037999585271,,,batch-f8-mixed-direct-indirect-path-detection-20260825-001
F8,X1,X2,f8-mixed-direct-indirect-path-detection,60,4,0.4535320417905759,0.005,residual_samples/batch-60-replication-4.csv,null_statistics/batch-60-replication-4.npy,batch-f8-mixed-direct-indirect-path-detection,5913595311196963952,4922487516271987494,13421763965431417326,0.20426520000910386,,,batch-f8-mixed-direct-indirect-path-detection-20260825-001
F8,X1,X2,f8-mixed-direct-indirect-path-detection,60,5,0.41278933004213736,0.005,residual_samples/batch-60-replication-5.csv,null_statistics/batch-60-replication-5.npy,batch-f8-mixed-direct-indirect-path-detection,16880780362458200867,16597043147082990187,4292504536199361059,0.20116060000145808,,,batch-f8-mixed-direct-indirect-path-detection-20260825-001
F8,X1,X2,f8-mixed-direct-indirect-path-detection,60,6,0.471339376713684,0.005,residual_samples/batch-60-replication-6.csv,null_statistics/batch-60-replication-6.npy,batch-f8-mixed-direct-indirect-path-detection,10357466962850594811,3333067034768903089,6772177249035037285,0.1994630999979563,,,batch-f8-mixed-direct-indirect-path-detection-20260825-001
F8,X1,X2,f8-mixed-direct-indirect-path-detection,60,7,0.433583827310995,0.005,residual_samples/batch-60-replication-7.csv,null_statistics/batch-60-replication-7.npy,batch-f8-mixed-direct-indirect-path-detection,11661871048554025208,168884988672589163,10742502670849775399,0.19787460000952706,,,batch-f8-mixed-direct-indirect-path-detection-20260825-001
F8,X1,X2,f8-mixed-direct-indirect-path-detection,60,8,0.43276745393185495,0.005,residual_samples/batch-60-replication-8.csv,null_statistics/batch-60-replication-8.npy,batch-f8-mixed-direct-indirect-path-detection,8615244110482511256,8268322764269338841,1032065519503353949,0.2024364999961108,,,batch-f8-mixed-direct-indirect-path-detection-20260825-001
F8,X1,X2,f8-mixed-direct-indirect-path-detection,60,9,0.464734624562183,0.005,residual_samples/batch-60-replication-9.csv,null_statistics/batch-60-replication-9.npy,batch-f8-mixed-direct-indirect-path-detection,17850721480999824791,13474130111300025731,15950929350528792183,0.21169799997005612,,,batch-f8-mixed-direct-indirect-path-detection-20260825-001
F8,X1,X2,f8-mixed-direct-indirect-path-detection,61,0,0.46598342767535833,0.005,residual_samples/batch-61-replication-0.csv,null_statistics/batch-61-replication-0.npy,batch-f8-mixed-direct-indirect-path-detection,2835485880918397835,15387762093533508682,11105279266793595824,0.1971200000261888,,,batch-f8-mixed-direct-indirect-path-detection-20260825-001
F8,X1,X2,f8-mixed-direct-indirect-path-detection,61,1,0.49057386962755745,0.005,residual_samples/batch-61-replication-1.csv,null_statistics/batch-61-replication-1.npy,batch-f8-mixed-direct-indirect-path-detection,420083874119253677,14156808060808801625,16005085797148974056,0.19668689998798072,,,batch-f8-mixed-direct-indirect-path-detection-20260825-001
F8,X1,X2,f8-mixed-direct-indirect-path-detection,61,2,0.4571015483549834,0.005,residual_samples/batch-61-replication-2.csv,null_statistics/batch-61-replication-2.npy,batch-f8-mixed-direct-indirect-path-detection,1603257765807229314,7587013304741264297,164907341352153999,0.19492640002863482,,,batch-f8-mixed-direct-indirect-path-detection-20260825-001
F8,X1,X2,f8-mixed-direct-indirect-path-detection,61,3,0.4181897119771258,0.005,residual_samples/batch-61-replication-3.csv,null_statistics/batch-61-replication-3.npy,batch-f8-mixed-direct-indirect-path-detection,6720374238807712876,2644749293419310538,2989969229588476809,0.19902070000534877,,,batch-f8-mixed-direct-indirect-path-detection-20260825-001
F8,X1,X2,f8-mixed-direct-indirect-path-detection,61,4,0.4614275361571794,0.005,residual_samples/batch-61-replication-4.csv,null_statistics/batch-61-replication-4.npy,batch-f8-mixed-direct-indirect-path-detection,15333915086463942645,14966018533648600515,10628581475215863417,0.19621700001880527,,,batch-f8-mixed-direct-indirect-path-detection-20260825-001
F8,X1,X2,f8-mixed-direct-indirect-path-detection,61,5,0.4502647535890515,0.005,residual_samples/batch-61-replication-5.csv,null_statistics/batch-61-replication-5.npy,batch-f8-mixed-direct-indirect-path-detection,8765268658674054306,9236950046632923393,15896747067567854942,0.1947809000266716,,,batch-f8-mixed-direct-indirect-path-detection-20260825-001
F8,X1,X2,f8-mixed-direct-indirect-path-detection,61,6,0.44834047251127906,0.005,residual_samples/batch-61-replication-6.csv,null_statistics/batch-61-replication-6.npy,batch-f8-mixed-direct-indirect-path-detection,17460907884674155913,17037336159847507841,7115771931139122826,0.19564559997525066,,,batch-f8-mixed-direct-indirect-path-detection-20260825-001
F8,X1,X2,f8-mixed-direct-indirect-path-detection,61,7,0.41619912953466226,0.005,residual_samples/batch-61-replication-7.csv,null_statistics/batch-61-replication-7.npy,batch-f8-mixed-direct-indirect-path-detection,13434445337383534735,884402548213546031,13724671212489842636,0.19252169999526814,,,batch-f8-mixed-direct-indirect-path-detection-20260825-001
F8,X1,X2,f8-mixed-direct-indirect-path-detection,61,8,0.4620895252705758,0.005,residual_samples/batch-61-replication-8.csv,null_statistics/batch-61-replication-8.npy,batch-f8-mixed-direct-indirect-path-detection,2629929172875907725,18037253833081447672,5546165131038894245,0.19703510002000257,,,batch-f8-mixed-direct-indirect-path-detection-20260825-001
F8,X1,X2,f8-mixed-direct-indirect-path-detection,61,9,0.450122887324455,0.005,residual_samples/batch-61-replication-9.csv,null_statistics/batch-61-replication-9.npy,batch-f8-mixed-direct-indirect-path-detection,7778497192654316644,16890935213786708179,11040778825599099371,0.1943219000240788,,,batch-f8-mixed-direct-indirect-path-detection-20260825-001
F8,X1,X2,f8-mixed-direct-indirect-path-detection,62,0,0.4480952088413575,0.005,residual_samples/batch-62-replication-0.csv,null_statistics/batch-62-replication-0.npy,batch-f8-mixed-direct-indirect-path-detection,14897162236801181819,8375672359144796574,6336955027630184938,0.19255420000990853,,,batch-f8-mixed-direct-indirect-path-detection-20260825-001
F8,X1,X2,f8-mixed-direct-indirect-path-detection,62,1,0.3967646038748722,0.005,residual_samples/batch-62-replication-1.csv,null_statistics/batch-62-replication-1.npy,batch-f8-mixed-direct-indirect-path-detection,11535014184345970892,814079977552376578,7131273653132090957,0.19562380004208535,,,batch-f8-mixed-direct-indirect-path-detection-20260825-001
F8,X1,X2,f8-mixed-direct-indirect-path-detection,62,2,0.4511107860857893,0.005,residual_samples/batch-62-replication-2.csv,null_statistics/batch-62-replication-2.npy,batch-f8-mixed-direct-indirect-path-detection,8175198639260126492,2153456116175872640,13192105691867925148,0.19465039996430278,,,batch-f8-mixed-direct-indirect-path-detection-20260825-001
F8,X1,X2,f8-mixed-direct-indirect-path-detection,62,3,0.4353346117591873,0.005,residual_samples/batch-62-replication-3.csv,null_statistics/batch-62-replication-3.npy,batch-f8-mixed-direct-indirect-path-detection,9808501752464506019,10805335493245681598,586576642466369055,0.19441760005429387,,,batch-f8-mixed-direct-indirect-path-detection-20260825-001
F8,X1,X2,f8-mixed-direct-indirect-path-detection,62,4,0.4523650079270817,0.005,residual_samples/batch-62-replication-4.csv,null_statistics/batch-62-replication-4.npy,batch-f8-mixed-direct-indirect-path-detection,10143129500451649398,7638922070971569107,2192973804330558671,0.19599179999204352,,,batch-f8-mixed-direct-indirect-path-detection-20260825-001
F8,X1,X2,f8-mixed-direct-indirect-path-detection,62,5,0.4782278270262889,0.005,residual_samples/batch-62-replication-5.csv,null_statistics/batch-62-replication-5.npy,batch-f8-mixed-direct-indirect-path-detection,13609527775303685321,18344881809200442143,12639642405384440470,0.19182850001379848,,,batch-f8-mixed-direct-indirect-path-detection-20260825-001
F8,X1,X2,f8-mixed-direct-indirect-path-detection,62,6,0.4217735915469369,0.005,residual_samples/batch-62-replication-6.csv,null_statistics/batch-62-replication-6.npy,batch-f8-mixed-direct-indirect-path-detection,230780202104931757,3582941187895717276,10349277650586701633,0.19555900001432747,,,batch-f8-mixed-direct-indirect-path-detection-20260825-001
F8,X1,X2,f8-mixed-direct-indirect-path-detection,62,7,0.4768816194631764,0.005,residual_samples/batch-62-replication-7.csv,null_statistics/batch-62-replication-7.npy,batch-f8-mixed-direct-indirect-path-detection,1502676801647094736,10813835493788952899,14976422368793897631,0.19537179998587817,,,batch-f8-mixed-direct-indirect-path-detection-20260825-001
F8,X1,X2,f8-mixed-direct-indirect-path-detection,62,8,0.44196245239470294,0.005,residual_samples/batch-62-replication-8.csv,null_statistics/batch-62-replication-8.npy,batch-f8-mixed-direct-indirect-path-detection,16649663783042513640,8928975882612124730,4537089300942509786,0.19856990000698715,,,batch-f8-mixed-direct-indirect-path-detection-20260825-001
F8,X1,X2,f8-mixed-direct-indirect-path-detection,62,9,0.42201917363992436,0.005,residual_samples/batch-62-replication-9.csv,null_statistics/batch-62-replication-9.npy,batch-f8-mixed-direct-indirect-path-detection,8625104295278551690,15993944202581493901,16950112704715430365,0.19705300003988668,,,batch-f8-mixed-direct-indirect-path-detection-20260825-001
F8,X1,X2,f8-mixed-direct-indirect-path-detection,63,0,0.46274417656775746,0.005,residual_samples/batch-63-replication-0.csv,null_statistics/batch-63-replication-0.npy,batch-f8-mixed-direct-indirect-path-detection,12854934713756827009,1990570022968499224,9608822549914598628,0.19460659998003393,,,batch-f8-mixed-direct-indirect-path-detection-20260825-001
F8,X1,X2,f8-mixed-direct-indirect-path-detection,63,1,0.4868436613434963,0.005,residual_samples/batch-63-replication-1.csv,null_statistics/batch-63-replication-1.npy,batch-f8-mixed-direct-indirect-path-detection,14522338110382365348,17414666675790413984,11220461502394655532,0.19323590002022684,,,batch-f8-mixed-direct-indirect-path-detection-20260825-001
F8,X1,X2,f8-mixed-direct-indirect-path-detection,63,2,0.44799745166436417,0.005,residual_samples/batch-63-replication-2.csv,null_statistics/batch-63-replication-2.npy,batch-f8-mixed-direct-indirect-path-detection,284684412577099806,77475515594095452,1339477405758579223,0.20090189995244145,,,batch-f8-mixed-direct-indirect-path-detection-20260825-001
F8,X1,X2,f8-mixed-direct-indirect-path-detection,63,3,0.4478763336842565,0.005,residual_samples/batch-63-replication-3.csv,null_statistics/batch-63-replication-3.npy,batch-f8-mixed-direct-indirect-path-detection,9218229516591499801,7642499327384687710,11854203369848999218,0.19693310000002384,,,batch-f8-mixed-direct-indirect-path-detection-20260825-001
F8,X1,X2,f8-mixed-direct-indirect-path-detection,63,4,0.4547145408975706,0.005,residual_samples/batch-63-replication-4.csv,null_statistics/batch-63-replication-4.npy,batch-f8-mixed-direct-indirect-path-detection,9667102497615753840,11160307052235337037,4698398009343820947,0.20437390002189204,,,batch-f8-mixed-direct-indirect-path-detection-20260825-001
F8,X1,X2,f8-mixed-direct-indirect-path-detection,63,5,0.4733688288493994,0.005,residual_samples/batch-63-replication-5.csv,null_statistics/batch-63-replication-5.npy,batch-f8-mixed-direct-indirect-path-detection,10386830441237900919,2388033624106338398,2744522231383590372,0.1983289999770932,,,batch-f8-mixed-direct-indirect-path-detection-20260825-001
F8,X1,X2,f8-mixed-direct-indirect-path-detection,63,6,0.4812746738354573,0.005,residual_samples/batch-63-replication-6.csv,null_statistics/batch-63-replication-6.npy,batch-f8-mixed-direct-indirect-path-detection,7220915273266107647,4605505068415531888,5387785883678815967,0.19504299998516217,,,batch-f8-mixed-direct-indirect-path-detection-20260825-001
F8,X1,X2,f8-mixed-direct-indirect-path-detection,63,7,0.4253483424486575,0.005,residual_samples/batch-63-replication-7.csv,null_statistics/batch-63-replication-7.npy,batch-f8-mixed-direct-indirect-path-detection,13902365263156319429,2929317858047699449,3206629453048561683,0.1980533999740146,,,batch-f8-mixed-direct-indirect-path-detection-20260825-001
F8,X1,X2,f8-mixed-direct-indirect-path-detection,63,8,0.4295748129861927,0.005,residual_samples/batch-63-replication-8.csv,null_statistics/batch-63-replication-8.npy,batch-f8-mixed-direct-indirect-path-detection,7967001261079907802,13503423992979817713,9350801617938881397,0.1957286999677308,,,batch-f8-mixed-direct-indirect-path-detection-20260825-001
F8,X1,X2,f8-mixed-direct-indirect-path-detection,63,9,0.45282786434138417,0.005,residual_samples/batch-63-replication-9.csv,null_statistics/batch-63-replication-9.npy,batch-f8-mixed-direct-indirect-path-detection,17911148688348120957,11908064451402211673,6666197305197616362,0.19993060000706464,,,batch-f8-mixed-direct-indirect-path-detection-20260825-001
F8,X1,X2,f8-mixed-direct-indirect-path-detection,64,0,0.4620754962456686,0.005,residual_samples/batch-64-replication-0.csv,null_statistics/batch-64-replication-0.npy,batch-f8-mixed-direct-indirect-path-detection,18097628685612875902,7549739290056739878,7627768702485029511,0.19771009997930378,,,batch-f8-mixed-direct-indirect-path-detection-20260825-001
F8,X1,X2,f8-mixed-direct-indirect-path-detection,64,1,0.4315431178467478,0.005,residual_samples/batch-64-replication-1.csv,null_statistics/batch-64-replication-1.npy,batch-f8-mixed-direct-indirect-path-detection,17287593665977660578,18324362832182334847,3165529183824848809,0.19568649999564514,,,batch-f8-mixed-direct-indirect-path-detection-20260825-001
F8,X1,X2,f8-mixed-direct-indirect-path-detection,64,2,0.46740274195191406,0.005,residual_samples/batch-64-replication-2.csv,null_statistics/batch-64-replication-2.npy,batch-f8-mixed-direct-indirect-path-detection,5638916089574375448,14909345873227223884,14183773039772490717,0.19605890003731474,,,batch-f8-mixed-direct-indirect-path-detection-20260825-001
F8,X1,X2,f8-mixed-direct-indirect-path-detection,64,3,0.4471825399750773,0.005,residual_samples/batch-64-replication-3.csv,null_statistics/batch-64-replication-3.npy,batch-f8-mixed-direct-indirect-path-detection,203354875838173631,13731549101921501996,6566924301079672499,0.19803949998458847,,,batch-f8-mixed-direct-indirect-path-detection-20260825-001
F8,X1,X2,f8-mixed-direct-indirect-path-detection,64,4,0.49075152027389357,0.005,residual_samples/batch-64-replication-4.csv,null_statistics/batch-64-replication-4.npy,batch-f8-mixed-direct-indirect-path-detection,11804067318949398834,1708761358686910262,4622745071883289490,0.19874650001293048,,,batch-f8-mixed-direct-indirect-path-detection-20260825-001
F8,X1,X2,f8-mixed-direct-indirect-path-detection,64,5,0.41358605560009415,0.005,residual_samples/batch-64-replication-5.csv,null_statistics/batch-64-replication-5.npy,batch-f8-mixed-direct-indirect-path-detection,13498052090362101509,15498773694014230008,15548071133036943783,0.19924240000545979,,,batch-f8-mixed-direct-indirect-path-detection-20260825-001
F8,X1,X2,f8-mixed-direct-indirect-path-detection,64,6,0.4146628202384938,0.005,residual_samples/batch-64-replication-6.csv,null_statistics/batch-64-replication-6.npy,batch-f8-mixed-direct-indirect-path-detection,3219843796076782125,12224191703561098298,13041431770742751523,0.19238369999220595,,,batch-f8-mixed-direct-indirect-path-detection-20260825-001
F8,X1,X2,f8-mixed-direct-indirect-path-detection,64,7,0.47221638795159804,0.005,residual_samples/batch-64-replication-7.csv,null_statistics/batch-64-replication-7.npy,batch-f8-mixed-direct-indirect-path-detection,884659020724862515,7389494355559134538,4801872735719080038,0.19506570004159585,,,batch-f8-mixed-direct-indirect-path-detection-20260825-001
F8,X1,X2,f8-mixed-direct-indirect-path-detection,64,8,0.4553791810743615,0.005,residual_samples/batch-64-replication-8.csv,null_statistics/batch-64-replication-8.npy,batch-f8-mixed-direct-indirect-path-detection,11861500837463900069,18342326548259266663,15154611438860613330,0.19811629998730496,,,batch-f8-mixed-direct-indirect-path-detection-20260825-001
F8,X1,X2,f8-mixed-direct-indirect-path-detection,64,9,0.4524519292307692,0.005,residual_samples/batch-64-replication-9.csv,null_statistics/batch-64-replication-9.npy,batch-f8-mixed-direct-indirect-path-detection,2781090283339478034,13349474383618330029,10835274632775851219,0.19868199998745695,,,batch-f8-mixed-direct-indirect-path-detection-20260825-001
F8,X1,X2,f8-mixed-direct-indirect-path-detection,65,0,0.4579715173548868,0.005,residual_samples/batch-65-replication-0.csv,null_statistics/batch-65-replication-0.npy,batch-f8-mixed-direct-indirect-path-detection,2781457592680348358,8839899412608488931,18327037192178395252,0.19652939995285124,,,batch-f8-mixed-direct-indirect-path-detection-20260825-001
F8,X1,X2,f8-mixed-direct-indirect-path-detection,65,1,0.45594958864142177,0.005,residual_samples/batch-65-replication-1.csv,null_statistics/batch-65-replication-1.npy,batch-f8-mixed-direct-indirect-path-detection,2336304725202644774,961636418476288852,10351149823407180219,0.19695780001347885,,,batch-f8-mixed-direct-indirect-path-detection-20260825-001
F8,X1,X2,f8-mixed-direct-indirect-path-detection,65,2,0.43953800772715257,0.005,residual_samples/batch-65-replication-2.csv,null_statistics/batch-65-replication-2.npy,batch-f8-mixed-direct-indirect-path-detection,15883433628885713767,6689919175512283001,12814993854515670259,0.1942343000555411,,,batch-f8-mixed-direct-indirect-path-detection-20260825-001
F8,X1,X2,f8-mixed-direct-indirect-path-detection,65,3,0.4785495531692714,0.005,residual_samples/batch-65-replication-3.csv,null_statistics/batch-65-replication-3.npy,batch-f8-mixed-direct-indirect-path-detection,9663433300207177491,12044596535628226297,3717027148153669891,0.19636469997931272,,,batch-f8-mixed-direct-indirect-path-detection-20260825-001
F8,X1,X2,f8-mixed-direct-indirect-path-detection,65,4,0.4739590403312386,0.005,residual_samples/batch-65-replication-4.csv,null_statistics/batch-65-replication-4.npy,batch-f8-mixed-direct-indirect-path-detection,4705020779491931890,14974639341375462124,4678708675171210004,0.19683259999146685,,,batch-f8-mixed-direct-indirect-path-detection-20260825-001
F8,X1,X2,f8-mixed-direct-indirect-path-detection,65,5,0.4497396148419673,0.005,residual_samples/batch-65-replication-5.csv,null_statistics/batch-65-replication-5.npy,batch-f8-mixed-direct-indirect-path-detection,3927105005913542896,631504541448225613,7956372937532131783,0.19458330003544688,,,batch-f8-mixed-direct-indirect-path-detection-20260825-001
F8,X1,X2,f8-mixed-direct-indirect-path-detection,65,6,0.4624731537165352,0.005,residual_samples/batch-65-replication-6.csv,null_statistics/batch-65-replication-6.npy,batch-f8-mixed-direct-indirect-path-detection,8265988779232911789,2525027226627870174,17183753857300905660,0.2004198000067845,,,batch-f8-mixed-direct-indirect-path-detection-20260825-001
F8,X1,X2,f8-mixed-direct-indirect-path-detection,65,7,0.47894115573954,0.005,residual_samples/batch-65-replication-7.csv,null_statistics/batch-65-replication-7.npy,batch-f8-mixed-direct-indirect-path-detection,9750856242104838445,7835736937976290465,40331855586559378,0.19409110001288354,,,batch-f8-mixed-direct-indirect-path-detection-20260825-001
F8,X1,X2,f8-mixed-direct-indirect-path-detection,65,8,0.39891628615551905,0.005,residual_samples/batch-65-replication-8.csv,null_statistics/batch-65-replication-8.npy,batch-f8-mixed-direct-indirect-path-detection,14493277841552331743,2284673166198674079,15000743356378223568,0.1958077999879606,,,batch-f8-mixed-direct-indirect-path-detection-20260825-001
F8,X1,X2,f8-mixed-direct-indirect-path-detection,65,9,0.4341024795922475,0.005,residual_samples/batch-65-replication-9.csv,null_statistics/batch-65-replication-9.npy,batch-f8-mixed-direct-indirect-path-detection,2048175616822247059,12269493985582676798,10833714537894023000,0.2024043999845162,,,batch-f8-mixed-direct-indirect-path-detection-20260825-001
F8,X1,X2,f8-mixed-direct-indirect-path-detection,66,0,0.5054754416447425,0.005,residual_samples/batch-66-replication-0.csv,null_statistics/batch-66-replication-0.npy,batch-f8-mixed-direct-indirect-path-detection,4878160245287707861,6015383171313385394,11874572135659215908,0.19960540003376082,,,batch-f8-mixed-direct-indirect-path-detection-20260825-001
F8,X1,X2,f8-mixed-direct-indirect-path-detection,66,1,0.4739453949664842,0.005,residual_samples/batch-66-replication-1.csv,null_statistics/batch-66-replication-1.npy,batch-f8-mixed-direct-indirect-path-detection,1644338124976916040,4303951791913446846,3520213083455908226,0.19337449996965006,,,batch-f8-mixed-direct-indirect-path-detection-20260825-001
F8,X1,X2,f8-mixed-direct-indirect-path-detection,66,2,0.4952732416371074,0.005,residual_samples/batch-66-replication-2.csv,null_statistics/batch-66-replication-2.npy,batch-f8-mixed-direct-indirect-path-detection,281722952896339072,5849933935697082933,12429270228862858854,0.19665130000794306,,,batch-f8-mixed-direct-indirect-path-detection-20260825-001
F8,X1,X2,f8-mixed-direct-indirect-path-detection,66,3,0.4960288742728959,0.005,residual_samples/batch-66-replication-3.csv,null_statistics/batch-66-replication-3.npy,batch-f8-mixed-direct-indirect-path-detection,8732687420906830456,6144987894590072448,13202149780298933941,0.19288990000495687,,,batch-f8-mixed-direct-indirect-path-detection-20260825-001
F8,X1,X2,f8-mixed-direct-indirect-path-detection,66,4,0.43515371391124846,0.005,residual_samples/batch-66-replication-4.csv,null_statistics/batch-66-replication-4.npy,batch-f8-mixed-direct-indirect-path-detection,16988924339307081772,12944467027243259387,18275903666803459974,0.19934960000682622,,,batch-f8-mixed-direct-indirect-path-detection-20260825-001
F8,X1,X2,f8-mixed-direct-indirect-path-detection,66,5,0.4051224180878667,0.005,residual_samples/batch-66-replication-5.csv,null_statistics/batch-66-replication-5.npy,batch-f8-mixed-direct-indirect-path-detection,9776061625010346399,17133886417164088747,3726682649879401990,0.21160019998205826,,,batch-f8-mixed-direct-indirect-path-detection-20260825-001
F8,X1,X2,f8-mixed-direct-indirect-path-detection,66,6,0.5113853782175071,0.005,residual_samples/batch-66-replication-6.csv,null_statistics/batch-66-replication-6.npy,batch-f8-mixed-direct-indirect-path-detection,6993809257914496049,1433468577698106121,16539799563287905006,0.2146659999853,,,batch-f8-mixed-direct-indirect-path-detection-20260825-001
F8,X1,X2,f8-mixed-direct-indirect-path-detection,66,7,0.4753117429575838,0.005,residual_samples/batch-66-replication-7.csv,null_statistics/batch-66-replication-7.npy,batch-f8-mixed-direct-indirect-path-detection,13319871336362815829,2521325599519208508,2446658327721501900,0.2019776999950409,,,batch-f8-mixed-direct-indirect-path-detection-20260825-001
F8,X1,X2,f8-mixed-direct-indirect-path-detection,66,8,0.4451028195123914,0.005,residual_samples/batch-66-replication-8.csv,null_statistics/batch-66-replication-8.npy,batch-f8-mixed-direct-indirect-path-detection,16116667177160493857,13699289572603226276,18003433434687946730,0.19604290003189817,,,batch-f8-mixed-direct-indirect-path-detection-20260825-001
F8,X1,X2,f8-mixed-direct-indirect-path-detection,66,9,0.47463702313200906,0.005,residual_samples/batch-66-replication-9.csv,null_statistics/batch-66-replication-9.npy,batch-f8-mixed-direct-indirect-path-detection,15562780343346318724,74104125127749690,6729526686650382899,0.20529050001641735,,,batch-f8-mixed-direct-indirect-path-detection-20260825-001
F8,X1,X2,f8-mixed-direct-indirect-path-detection,67,0,0.47385029615980323,0.005,residual_samples/batch-67-replication-0.csv,null_statistics/batch-67-replication-0.npy,batch-f8-mixed-direct-indirect-path-detection,4532540977794651621,17051493631162387357,3431938742812682843,0.2067428999580443,,,batch-f8-mixed-direct-indirect-path-detection-20260825-001
F8,X1,X2,f8-mixed-direct-indirect-path-detection,67,1,0.4829395751843751,0.005,residual_samples/batch-67-replication-1.csv,null_statistics/batch-67-replication-1.npy,batch-f8-mixed-direct-indirect-path-detection,10966538511395542827,3442331225554203011,5896764673122007650,0.20211299997754395,,,batch-f8-mixed-direct-indirect-path-detection-20260825-001
F8,X1,X2,f8-mixed-direct-indirect-path-detection,67,2,0.46477653077783254,0.005,residual_samples/batch-67-replication-2.csv,null_statistics/batch-67-replication-2.npy,batch-f8-mixed-direct-indirect-path-detection,17283897127368463702,10791852108132132408,10813553884463604698,0.20430549996672198,,,batch-f8-mixed-direct-indirect-path-detection-20260825-001
F8,X1,X2,f8-mixed-direct-indirect-path-detection,67,3,0.4410102603248343,0.005,residual_samples/batch-67-replication-3.csv,null_statistics/batch-67-replication-3.npy,batch-f8-mixed-direct-indirect-path-detection,3332159641799100287,3151712267090673561,4879615259682969840,0.19655150000471622,,,batch-f8-mixed-direct-indirect-path-detection-20260825-001
F8,X1,X2,f8-mixed-direct-indirect-path-detection,67,4,0.44875599269455546,0.005,residual_samples/batch-67-replication-4.csv,null_statistics/batch-67-replication-4.npy,batch-f8-mixed-direct-indirect-path-detection,7183184740853296068,1662897449548393723,4405301761695437908,0.19662479998078197,,,batch-f8-mixed-direct-indirect-path-detection-20260825-001
F8,X1,X2,f8-mixed-direct-indirect-path-detection,67,5,0.43632019441199843,0.005,residual_samples/batch-67-replication-5.csv,null_statistics/batch-67-replication-5.npy,batch-f8-mixed-direct-indirect-path-detection,3552795790657356269,2082198235076287503,840125425314103744,0.19551299995509908,,,batch-f8-mixed-direct-indirect-path-detection-20260825-001
F8,X1,X2,f8-mixed-direct-indirect-path-detection,67,6,0.44097535050437664,0.005,residual_samples/batch-67-replication-6.csv,null_statistics/batch-67-replication-6.npy,batch-f8-mixed-direct-indirect-path-detection,11770123521519245376,13165276868378559578,9831006762843046342,0.21082390000810847,,,batch-f8-mixed-direct-indirect-path-detection-20260825-001
F8,X1,X2,f8-mixed-direct-indirect-path-detection,67,7,0.441700676774323,0.005,residual_samples/batch-67-replication-7.csv,null_statistics/batch-67-replication-7.npy,batch-f8-mixed-direct-indirect-path-detection,1941570318508562355,11982355343448450669,1285989946270889036,0.1983468999969773,,,batch-f8-mixed-direct-indirect-path-detection-20260825-001
F8,X1,X2,f8-mixed-direct-indirect-path-detection,67,8,0.47225593545183225,0.005,residual_samples/batch-67-replication-8.csv,null_statistics/batch-67-replication-8.npy,batch-f8-mixed-direct-indirect-path-detection,7818976249512816544,4215606408841439647,5886083694516529666,0.19935319997603074,,,batch-f8-mixed-direct-indirect-path-detection-20260825-001
F8,X1,X2,f8-mixed-direct-indirect-path-detection,67,9,0.46520264355648805,0.005,residual_samples/batch-67-replication-9.csv,null_statistics/batch-67-replication-9.npy,batch-f8-mixed-direct-indirect-path-detection,3884334982378305141,11697342027795985438,1694464989854031689,0.19874899997375906,,,batch-f8-mixed-direct-indirect-path-detection-20260825-001
F8,X1,X2,f8-mixed-direct-indirect-path-detection,68,0,0.4532039406656317,0.005,residual_samples/batch-68-replication-0.csv,null_statistics/batch-68-replication-0.npy,batch-f8-mixed-direct-indirect-path-detection,15005061802357625363,17175438585012374618,9724327093106635410,0.19957520003663376,,,batch-f8-mixed-direct-indirect-path-detection-20260825-001
F8,X1,X2,f8-mixed-direct-indirect-path-detection,68,1,0.4579864819110331,0.005,residual_samples/batch-68-replication-1.csv,null_statistics/batch-68-replication-1.npy,batch-f8-mixed-direct-indirect-path-detection,891586217622299983,18219494834761624854,7469533831608969793,0.1995075999875553,,,batch-f8-mixed-direct-indirect-path-detection-20260825-001
F8,X1,X2,f8-mixed-direct-indirect-path-detection,68,2,0.4584326265036812,0.005,residual_samples/batch-68-replication-2.csv,null_statistics/batch-68-replication-2.npy,batch-f8-mixed-direct-indirect-path-detection,17202080646226002910,3849977728084047741,6403960113606413705,0.2039377000182867,,,batch-f8-mixed-direct-indirect-path-detection-20260825-001
F8,X1,X2,f8-mixed-direct-indirect-path-detection,68,3,0.47374808414315167,0.005,residual_samples/batch-68-replication-3.csv,null_statistics/batch-68-replication-3.npy,batch-f8-mixed-direct-indirect-path-detection,7726982258086882284,4113554255743484048,10045660504031010639,0.20208399998955429,,,batch-f8-mixed-direct-indirect-path-detection-20260825-001
F8,X1,X2,f8-mixed-direct-indirect-path-detection,68,4,0.46422834181297,0.005,residual_samples/batch-68-replication-4.csv,null_statistics/batch-68-replication-4.npy,batch-f8-mixed-direct-indirect-path-detection,2619606225302488482,3105683451397345391,2998191616967048382,0.19789090001722798,,,batch-f8-mixed-direct-indirect-path-detection-20260825-001
F8,X1,X2,f8-mixed-direct-indirect-path-detection,68,5,0.449957377424884,0.005,residual_samples/batch-68-replication-5.csv,null_statistics/batch-68-replication-5.npy,batch-f8-mixed-direct-indirect-path-detection,7487230953625200385,16251439559821611055,15538193877888313107,0.19960250001167879,,,batch-f8-mixed-direct-indirect-path-detection-20260825-001
F8,X1,X2,f8-mixed-direct-indirect-path-detection,68,6,0.4458871218134935,0.005,residual_samples/batch-68-replication-6.csv,null_statistics/batch-68-replication-6.npy,batch-f8-mixed-direct-indirect-path-detection,10983195591154731581,2380845093685801176,12235838830429422055,0.1962239000131376,,,batch-f8-mixed-direct-indirect-path-detection-20260825-001
F8,X1,X2,f8-mixed-direct-indirect-path-detection,68,7,0.45608459731967904,0.005,residual_samples/batch-68-replication-7.csv,null_statistics/batch-68-replication-7.npy,batch-f8-mixed-direct-indirect-path-detection,16629859269372940206,401143748966149962,13994914232911682975,0.197249400021974,,,batch-f8-mixed-direct-indirect-path-detection-20260825-001
F8,X1,X2,f8-mixed-direct-indirect-path-detection,68,8,0.47109001387036176,0.005,residual_samples/batch-68-replication-8.csv,null_statistics/batch-68-replication-8.npy,batch-f8-mixed-direct-indirect-path-detection,15945098602498867781,3261889256715469915,13593377697734169772,0.19604430004255846,,,batch-f8-mixed-direct-indirect-path-detection-20260825-001
F8,X1,X2,f8-mixed-direct-indirect-path-detection,68,9,0.4640483653351706,0.005,residual_samples/batch-68-replication-9.csv,null_statistics/batch-68-replication-9.npy,batch-f8-mixed-direct-indirect-path-detection,5598031509649435735,12883394304078376465,5683056135215461406,0.1982607000390999,,,batch-f8-mixed-direct-indirect-path-detection-20260825-001
F8,X1,X2,f8-mixed-direct-indirect-path-detection,69,0,0.43452472179864704,0.005,residual_samples/batch-69-replication-0.csv,null_statistics/batch-69-replication-0.npy,batch-f8-mixed-direct-indirect-path-detection,10927527394623205988,11420091343622931413,16707912748666012198,0.19916339998599142,,,batch-f8-mixed-direct-indirect-path-detection-20260825-001
F8,X1,X2,f8-mixed-direct-indirect-path-detection,69,1,0.4669969518873434,0.005,residual_samples/batch-69-replication-1.csv,null_statistics/batch-69-replication-1.npy,batch-f8-mixed-direct-indirect-path-detection,17063214112916579778,510852335016646536,7284191082137389264,0.19640449999133125,,,batch-f8-mixed-direct-indirect-path-detection-20260825-001
F8,X1,X2,f8-mixed-direct-indirect-path-detection,69,2,0.4699176072147946,0.005,residual_samples/batch-69-replication-2.csv,null_statistics/batch-69-replication-2.npy,batch-f8-mixed-direct-indirect-path-detection,10256996747904000845,5346223953920088880,3053616125161067085,0.19862849998753518,,,batch-f8-mixed-direct-indirect-path-detection-20260825-001
F8,X1,X2,f8-mixed-direct-indirect-path-detection,69,3,0.39576507971426017,0.005,residual_samples/batch-69-replication-3.csv,null_statistics/batch-69-replication-3.npy,batch-f8-mixed-direct-indirect-path-detection,3458441714819148328,16174935842549561883,7267706386125334920,0.19730860000709072,,,batch-f8-mixed-direct-indirect-path-detection-20260825-001
F8,X1,X2,f8-mixed-direct-indirect-path-detection,69,4,0.4393927507915496,0.005,residual_samples/batch-69-replication-4.csv,null_statistics/batch-69-replication-4.npy,batch-f8-mixed-direct-indirect-path-detection,8363090435597548142,1940965144269508659,802627891491264556,0.198322799988091,,,batch-f8-mixed-direct-indirect-path-detection-20260825-001
F8,X1,X2,f8-mixed-direct-indirect-path-detection,69,5,0.446887190098406,0.005,residual_samples/batch-69-replication-5.csv,null_statistics/batch-69-replication-5.npy,batch-f8-mixed-direct-indirect-path-detection,10451863235516850092,2107586110922697797,13835153536752589457,0.19856789999175817,,,batch-f8-mixed-direct-indirect-path-detection-20260825-001
F8,X1,X2,f8-mixed-direct-indirect-path-detection,69,6,0.46900229012006406,0.005,residual_samples/batch-69-replication-6.csv,null_statistics/batch-69-replication-6.npy,batch-f8-mixed-direct-indirect-path-detection,17680291019713522251,605496310179526493,2171994669234449350,0.19859119999455288,,,batch-f8-mixed-direct-indirect-path-detection-20260825-001
F8,X1,X2,f8-mixed-direct-indirect-path-detection,69,7,0.4770562038742235,0.005,residual_samples/batch-69-replication-7.csv,null_statistics/batch-69-replication-7.npy,batch-f8-mixed-direct-indirect-path-detection,16618841753987009664,6228109295665059992,17063951728318865410,0.19913720001932234,,,batch-f8-mixed-direct-indirect-path-detection-20260825-001
F8,X1,X2,f8-mixed-direct-indirect-path-detection,69,8,0.4727891568056698,0.005,residual_samples/batch-69-replication-8.csv,null_statistics/batch-69-replication-8.npy,batch-f8-mixed-direct-indirect-path-detection,12965501886146409950,9775767924254274258,16694561471603075505,0.19655170000623912,,,batch-f8-mixed-direct-indirect-path-detection-20260825-001
F8,X1,X2,f8-mixed-direct-indirect-path-detection,69,9,0.43876788174819065,0.005,residual_samples/batch-69-replication-9.csv,null_statistics/batch-69-replication-9.npy,batch-f8-mixed-direct-indirect-path-detection,5193310973210572938,18318396305557123839,3815221030524365324,0.19867240003077313,,,batch-f8-mixed-direct-indirect-path-detection-20260825-001
F8,X1,X2,f8-mixed-direct-indirect-path-detection,70,0,0.44208430614153243,0.005,residual_samples/batch-70-replication-0.csv,null_statistics/batch-70-replication-0.npy,batch-f8-mixed-direct-indirect-path-detection,12208299773687449427,1708783591706881453,14754508986919046150,0.19825700001092628,,,batch-f8-mixed-direct-indirect-path-detection-20260825-001
F8,X1,X2,f8-mixed-direct-indirect-path-detection,70,1,0.507184264449162,0.005,residual_samples/batch-70-replication-1.csv,null_statistics/batch-70-replication-1.npy,batch-f8-mixed-direct-indirect-path-detection,7809912947116691686,12932935988839111277,3641057840978847790,0.20374900003662333,,,batch-f8-mixed-direct-indirect-path-detection-20260825-001
F8,X1,X2,f8-mixed-direct-indirect-path-detection,70,2,0.4666493322878074,0.005,residual_samples/batch-70-replication-2.csv,null_statistics/batch-70-replication-2.npy,batch-f8-mixed-direct-indirect-path-detection,18241672343918218676,9067658314521102916,16106685086857414654,0.2021575999679044,,,batch-f8-mixed-direct-indirect-path-detection-20260825-001
F8,X1,X2,f8-mixed-direct-indirect-path-detection,70,3,0.5027459992261496,0.005,residual_samples/batch-70-replication-3.csv,null_statistics/batch-70-replication-3.npy,batch-f8-mixed-direct-indirect-path-detection,16102478691715958080,2274448337891556615,3595292301478615139,0.20472149999113753,,,batch-f8-mixed-direct-indirect-path-detection-20260825-001
F8,X1,X2,f8-mixed-direct-indirect-path-detection,70,4,0.41131332207595767,0.005,residual_samples/batch-70-replication-4.csv,null_statistics/batch-70-replication-4.npy,batch-f8-mixed-direct-indirect-path-detection,7391867986393462424,4644757961627722373,2816499780463554554,0.20476509997388348,,,batch-f8-mixed-direct-indirect-path-detection-20260825-001
F8,X1,X2,f8-mixed-direct-indirect-path-detection,70,5,0.43470071905366403,0.005,residual_samples/batch-70-replication-5.csv,null_statistics/batch-70-replication-5.npy,batch-f8-mixed-direct-indirect-path-detection,14505740377506962368,9440097907963849092,7415544363402792572,0.20161049999296665,,,batch-f8-mixed-direct-indirect-path-detection-20260825-001
F8,X1,X2,f8-mixed-direct-indirect-path-detection,70,6,0.46180027260211937,0.005,residual_samples/batch-70-replication-6.csv,null_statistics/batch-70-replication-6.npy,batch-f8-mixed-direct-indirect-path-detection,7855930975417071999,13001880002044557054,18093658127213180015,0.20418770000105724,,,batch-f8-mixed-direct-indirect-path-detection-20260825-001
F8,X1,X2,f8-mixed-direct-indirect-path-detection,70,7,0.46336544797931245,0.005,residual_samples/batch-70-replication-7.csv,null_statistics/batch-70-replication-7.npy,batch-f8-mixed-direct-indirect-path-detection,410918630585679850,13074625030308626444,3003181256845523856,0.19664989999728277,,,batch-f8-mixed-direct-indirect-path-detection-20260825-001
F8,X1,X2,f8-mixed-direct-indirect-path-detection,70,8,0.4387691680386833,0.005,residual_samples/batch-70-replication-8.csv,null_statistics/batch-70-replication-8.npy,batch-f8-mixed-direct-indirect-path-detection,5864539718276444036,17330400609120506868,5249980017796121879,0.20159650000277907,,,batch-f8-mixed-direct-indirect-path-detection-20260825-001
F8,X1,X2,f8-mixed-direct-indirect-path-detection,70,9,0.4301306339434132,0.005,residual_samples/batch-70-replication-9.csv,null_statistics/batch-70-replication-9.npy,batch-f8-mixed-direct-indirect-path-detection,9835456463243331354,12007413538066425418,5999925538780494037,0.21696749998955056,,,batch-f8-mixed-direct-indirect-path-detection-20260825-001
F8,X1,X2,f8-mixed-direct-indirect-path-detection,71,0,0.40881697577248444,0.005,residual_samples/batch-71-replication-0.csv,null_statistics/batch-71-replication-0.npy,batch-f8-mixed-direct-indirect-path-detection,15477041608981828975,16951887083096925198,12788367322446362760,0.21574309997959062,,,batch-f8-mixed-direct-indirect-path-detection-20260825-001
F8,X1,X2,f8-mixed-direct-indirect-path-detection,71,1,0.3997241816554735,0.005,residual_samples/batch-71-replication-1.csv,null_statistics/batch-71-replication-1.npy,batch-f8-mixed-direct-indirect-path-detection,7275745525463492628,13148443534419642468,10082724482444475615,0.2056707000010647,,,batch-f8-mixed-direct-indirect-path-detection-20260825-001
F8,X1,X2,f8-mixed-direct-indirect-path-detection,71,2,0.44795928012444153,0.005,residual_samples/batch-71-replication-2.csv,null_statistics/batch-71-replication-2.npy,batch-f8-mixed-direct-indirect-path-detection,6907617703902140462,6669925200163916505,4118388332748545668,0.21230309997918084,,,batch-f8-mixed-direct-indirect-path-detection-20260825-001
F8,X1,X2,f8-mixed-direct-indirect-path-detection,71,3,0.4815439676425575,0.005,residual_samples/batch-71-replication-3.csv,null_statistics/batch-71-replication-3.npy,batch-f8-mixed-direct-indirect-path-detection,17997330221834822636,4096994500063694837,14633153821372777970,0.2145283999852836,,,batch-f8-mixed-direct-indirect-path-detection-20260825-001
F8,X1,X2,f8-mixed-direct-indirect-path-detection,71,4,0.4177618173528292,0.005,residual_samples/batch-71-replication-4.csv,null_statistics/batch-71-replication-4.npy,batch-f8-mixed-direct-indirect-path-detection,8208488951861528952,831001241697713955,16283123361027790548,0.227913599985186,,,batch-f8-mixed-direct-indirect-path-detection-20260825-001
F8,X1,X2,f8-mixed-direct-indirect-path-detection,71,5,0.48330706289827674,0.005,residual_samples/batch-71-replication-5.csv,null_statistics/batch-71-replication-5.npy,batch-f8-mixed-direct-indirect-path-detection,8746549952052389611,3165211269177174200,4730646734475211935,0.21009900001809,,,batch-f8-mixed-direct-indirect-path-detection-20260825-001
F8,X1,X2,f8-mixed-direct-indirect-path-detection,71,6,0.4633974827135626,0.005,residual_samples/batch-71-replication-6.csv,null_statistics/batch-71-replication-6.npy,batch-f8-mixed-direct-indirect-path-detection,15793331866206834353,9386131396238559426,15371099509194141640,0.21463459997903556,,,batch-f8-mixed-direct-indirect-path-detection-20260825-001
F8,X1,X2,f8-mixed-direct-indirect-path-detection,71,7,0.47569323216072296,0.005,residual_samples/batch-71-replication-7.csv,null_statistics/batch-71-replication-7.npy,batch-f8-mixed-direct-indirect-path-detection,507167492275797027,11300882330769590701,12689021255653898888,0.20984389999648556,,,batch-f8-mixed-direct-indirect-path-detection-20260825-001
F8,X1,X2,f8-mixed-direct-indirect-path-detection,71,8,0.46074168788733677,0.005,residual_samples/batch-71-replication-8.csv,null_statistics/batch-71-replication-8.npy,batch-f8-mixed-direct-indirect-path-detection,13489613317535847754,64484272822333109,15478321905697395424,0.20823160000145435,,,batch-f8-mixed-direct-indirect-path-detection-20260825-001
F8,X1,X2,f8-mixed-direct-indirect-path-detection,71,9,0.4657266410809287,0.005,residual_samples/batch-71-replication-9.csv,null_statistics/batch-71-replication-9.npy,batch-f8-mixed-direct-indirect-path-detection,16844391387423867154,155704706977843152,4287284253632898809,0.2129298999789171,,,batch-f8-mixed-direct-indirect-path-detection-20260825-001
F8,X1,X2,f8-mixed-direct-indirect-path-detection,72,0,0.45420724456509853,0.005,residual_samples/batch-72-replication-0.csv,null_statistics/batch-72-replication-0.npy,batch-f8-mixed-direct-indirect-path-detection,14007993715096263287,11867394299238453165,14541459182096939155,0.21213800000259653,,,batch-f8-mixed-direct-indirect-path-detection-20260825-001
F8,X1,X2,f8-mixed-direct-indirect-path-detection,72,1,0.44579154986705755,0.005,residual_samples/batch-72-replication-1.csv,null_statistics/batch-72-replication-1.npy,batch-f8-mixed-direct-indirect-path-detection,12130356453034947899,17386297330252344012,7286705897363270665,0.20336179999867454,,,batch-f8-mixed-direct-indirect-path-detection-20260825-001
F8,X1,X2,f8-mixed-direct-indirect-path-detection,72,2,0.4495085126641942,0.005,residual_samples/batch-72-replication-2.csv,null_statistics/batch-72-replication-2.npy,batch-f8-mixed-direct-indirect-path-detection,2497511579767612805,3738679681888728967,2985498226372470534,0.20653989998390898,,,batch-f8-mixed-direct-indirect-path-detection-20260825-001
F8,X1,X2,f8-mixed-direct-indirect-path-detection,72,3,0.43186779327104663,0.005,residual_samples/batch-72-replication-3.csv,null_statistics/batch-72-replication-3.npy,batch-f8-mixed-direct-indirect-path-detection,7874743775160059128,4930511087055013859,4574809542651852931,0.2081398000009358,,,batch-f8-mixed-direct-indirect-path-detection-20260825-001
F8,X1,X2,f8-mixed-direct-indirect-path-detection,72,4,0.45084659017709366,0.005,residual_samples/batch-72-replication-4.csv,null_statistics/batch-72-replication-4.npy,batch-f8-mixed-direct-indirect-path-detection,17279502926994258280,18191330647625949561,3426530398003761695,0.20807549997698516,,,batch-f8-mixed-direct-indirect-path-detection-20260825-001
F8,X1,X2,f8-mixed-direct-indirect-path-detection,72,5,0.4657901808240333,0.005,residual_samples/batch-72-replication-5.csv,null_statistics/batch-72-replication-5.npy,batch-f8-mixed-direct-indirect-path-detection,8334549518438720937,18412959315114479975,10797503596971056943,0.19646799995098263,,,batch-f8-mixed-direct-indirect-path-detection-20260825-001
F8,X1,X2,f8-mixed-direct-indirect-path-detection,72,6,0.40547216318649293,0.005,residual_samples/batch-72-replication-6.csv,null_statistics/batch-72-replication-6.npy,batch-f8-mixed-direct-indirect-path-detection,3628952729969037932,14715390540350883185,16811772746402029857,0.20553839998319745,,,batch-f8-mixed-direct-indirect-path-detection-20260825-001
F8,X1,X2,f8-mixed-direct-indirect-path-detection,72,7,0.4641128770557116,0.005,residual_samples/batch-72-replication-7.csv,null_statistics/batch-72-replication-7.npy,batch-f8-mixed-direct-indirect-path-detection,11783777583092517841,10777167491848895064,1715643295962308922,0.21172660001320764,,,batch-f8-mixed-direct-indirect-path-detection-20260825-001
F8,X1,X2,f8-mixed-direct-indirect-path-detection,72,8,0.4521674373255219,0.005,residual_samples/batch-72-replication-8.csv,null_statistics/batch-72-replication-8.npy,batch-f8-mixed-direct-indirect-path-detection,12504466346565937928,1395684518386587382,13169200478668839707,0.20898969995323569,,,batch-f8-mixed-direct-indirect-path-detection-20260825-001
F8,X1,X2,f8-mixed-direct-indirect-path-detection,72,9,0.49909895280825367,0.005,residual_samples/batch-72-replication-9.csv,null_statistics/batch-72-replication-9.npy,batch-f8-mixed-direct-indirect-path-detection,16864808924682513020,10039089612543904421,12173323677998847382,0.20430779998423532,,,batch-f8-mixed-direct-indirect-path-detection-20260825-001
F8,X1,X2,f8-mixed-direct-indirect-path-detection,73,0,0.4846200151374921,0.005,residual_samples/batch-73-replication-0.csv,null_statistics/batch-73-replication-0.npy,batch-f8-mixed-direct-indirect-path-detection,6388310390999843821,10592984678638545423,14066792835531089373,0.19657410000218078,,,batch-f8-mixed-direct-indirect-path-detection-20260825-001
F8,X1,X2,f8-mixed-direct-indirect-path-detection,73,1,0.44987532286760096,0.005,residual_samples/batch-73-replication-1.csv,null_statistics/batch-73-replication-1.npy,batch-f8-mixed-direct-indirect-path-detection,2047958491195131931,13618910763741712767,328948068174326915,0.19977169996127486,,,batch-f8-mixed-direct-indirect-path-detection-20260825-001
F8,X1,X2,f8-mixed-direct-indirect-path-detection,73,2,0.47763815408519283,0.005,residual_samples/batch-73-replication-2.csv,null_statistics/batch-73-replication-2.npy,batch-f8-mixed-direct-indirect-path-detection,4418512456535411245,3439780661794896553,16208356948101385864,0.2046468000044115,,,batch-f8-mixed-direct-indirect-path-detection-20260825-001
F8,X1,X2,f8-mixed-direct-indirect-path-detection,73,3,0.44476291099104776,0.005,residual_samples/batch-73-replication-3.csv,null_statistics/batch-73-replication-3.npy,batch-f8-mixed-direct-indirect-path-detection,16520861693034340717,4813182765934542726,7007991506718924721,0.2111733000492677,,,batch-f8-mixed-direct-indirect-path-detection-20260825-001
F8,X1,X2,f8-mixed-direct-indirect-path-detection,73,4,0.4797914085770953,0.005,residual_samples/batch-73-replication-4.csv,null_statistics/batch-73-replication-4.npy,batch-f8-mixed-direct-indirect-path-detection,6468979227366530045,13641737877654297538,6897795160572023457,0.2163863999885507,,,batch-f8-mixed-direct-indirect-path-detection-20260825-001
F8,X1,X2,f8-mixed-direct-indirect-path-detection,73,5,0.4237796069307093,0.005,residual_samples/batch-73-replication-5.csv,null_statistics/batch-73-replication-5.npy,batch-f8-mixed-direct-indirect-path-detection,399800067704416660,16561802218728539268,17081816271497084230,0.21803190000355244,,,batch-f8-mixed-direct-indirect-path-detection-20260825-001
F8,X1,X2,f8-mixed-direct-indirect-path-detection,73,6,0.4287698483819616,0.005,residual_samples/batch-73-replication-6.csv,null_statistics/batch-73-replication-6.npy,batch-f8-mixed-direct-indirect-path-detection,4067743807570255223,10852696027992005751,13383880718550056793,0.20268170000053942,,,batch-f8-mixed-direct-indirect-path-detection-20260825-001
F8,X1,X2,f8-mixed-direct-indirect-path-detection,73,7,0.4425415945022951,0.005,residual_samples/batch-73-replication-7.csv,null_statistics/batch-73-replication-7.npy,batch-f8-mixed-direct-indirect-path-detection,933213516463559728,6458764201360915238,18028834409559216531,0.19420090003404766,,,batch-f8-mixed-direct-indirect-path-detection-20260825-001
F8,X1,X2,f8-mixed-direct-indirect-path-detection,73,8,0.42361095533968457,0.005,residual_samples/batch-73-replication-8.csv,null_statistics/batch-73-replication-8.npy,batch-f8-mixed-direct-indirect-path-detection,8850032365154146239,797723184075510276,14959351027201162653,0.2120483000180684,,,batch-f8-mixed-direct-indirect-path-detection-20260825-001
F8,X1,X2,f8-mixed-direct-indirect-path-detection,73,9,0.48450659969767657,0.005,residual_samples/batch-73-replication-9.csv,null_statistics/batch-73-replication-9.npy,batch-f8-mixed-direct-indirect-path-detection,11591761223506000004,2911523073835696857,966790392331837640,0.21518609998747706,,,batch-f8-mixed-direct-indirect-path-detection-20260825-001
F8,X1,X2,f8-mixed-direct-indirect-path-detection,74,0,0.4336526526373534,0.005,residual_samples/batch-74-replication-0.csv,null_statistics/batch-74-replication-0.npy,batch-f8-mixed-direct-indirect-path-detection,16359633431624562257,3470209539770676921,5715657955287549011,0.20883299998240545,,,batch-f8-mixed-direct-indirect-path-detection-20260825-001
F8,X1,X2,f8-mixed-direct-indirect-path-detection,74,1,0.4047199796907509,0.005,residual_samples/batch-74-replication-1.csv,null_statistics/batch-74-replication-1.npy,batch-f8-mixed-direct-indirect-path-detection,12068221522419693961,7439215962734416703,15062545297986562778,0.20525960001396015,,,batch-f8-mixed-direct-indirect-path-detection-20260825-001
F8,X1,X2,f8-mixed-direct-indirect-path-detection,74,2,0.45109952267862513,0.005,residual_samples/batch-74-replication-2.csv,null_statistics/batch-74-replication-2.npy,batch-f8-mixed-direct-indirect-path-detection,13838195265407801917,15546364541588079202,13885400301310937963,0.20341839996399358,,,batch-f8-mixed-direct-indirect-path-detection-20260825-001
F8,X1,X2,f8-mixed-direct-indirect-path-detection,74,3,0.4284557030618377,0.005,residual_samples/batch-74-replication-3.csv,null_statistics/batch-74-replication-3.npy,batch-f8-mixed-direct-indirect-path-detection,12287927857004727255,17337770300552441617,7009956357232597611,0.2214452000334859,,,batch-f8-mixed-direct-indirect-path-detection-20260825-001
F8,X1,X2,f8-mixed-direct-indirect-path-detection,74,4,0.4389633565225605,0.005,residual_samples/batch-74-replication-4.csv,null_statistics/batch-74-replication-4.npy,batch-f8-mixed-direct-indirect-path-detection,8071076597984281410,14031881112083625463,12278425318019466158,0.22585510002681985,,,batch-f8-mixed-direct-indirect-path-detection-20260825-001
F8,X1,X2,f8-mixed-direct-indirect-path-detection,74,5,0.47168917144273603,0.005,residual_samples/batch-74-replication-5.csv,null_statistics/batch-74-replication-5.npy,batch-f8-mixed-direct-indirect-path-detection,6908257519737675881,17094457447354556471,11756987225800269758,0.21589450002647936,,,batch-f8-mixed-direct-indirect-path-detection-20260825-001
F8,X1,X2,f8-mixed-direct-indirect-path-detection,74,6,0.4953331874351878,0.005,residual_samples/batch-74-replication-6.csv,null_statistics/batch-74-replication-6.npy,batch-f8-mixed-direct-indirect-path-detection,6992114132582731088,9598863730962999009,269245458077146363,0.2136004000203684,,,batch-f8-mixed-direct-indirect-path-detection-20260825-001
F8,X1,X2,f8-mixed-direct-indirect-path-detection,74,7,0.49546066988301124,0.005,residual_samples/batch-74-replication-7.csv,null_statistics/batch-74-replication-7.npy,batch-f8-mixed-direct-indirect-path-detection,11876077449356132423,468695459939513773,4449845956925917242,0.21293829998467118,,,batch-f8-mixed-direct-indirect-path-detection-20260825-001
F8,X1,X2,f8-mixed-direct-indirect-path-detection,74,8,0.4519833508040332,0.005,residual_samples/batch-74-replication-8.csv,null_statistics/batch-74-replication-8.npy,batch-f8-mixed-direct-indirect-path-detection,17248946250479438069,3643896015532479835,14072924665396119848,0.20999840000877157,,,batch-f8-mixed-direct-indirect-path-detection-20260825-001
F8,X1,X2,f8-mixed-direct-indirect-path-detection,74,9,0.44225988110915987,0.005,residual_samples/batch-74-replication-9.csv,null_statistics/batch-74-replication-9.npy,batch-f8-mixed-direct-indirect-path-detection,15728659015677278639,9519132969183690136,4878700661782928202,0.20259419997455552,,,batch-f8-mixed-direct-indirect-path-detection-20260825-001
F8,X1,X2,f8-mixed-direct-indirect-path-detection,75,0,0.42551716168225856,0.005,residual_samples/batch-75-replication-0.csv,null_statistics/batch-75-replication-0.npy,batch-f8-mixed-direct-indirect-path-detection,9510566631903444503,8692629744035212474,4291523763966794016,0.2041746000177227,,,batch-f8-mixed-direct-indirect-path-detection-20260825-001
F8,X1,X2,f8-mixed-direct-indirect-path-detection,75,1,0.44341567551744415,0.005,residual_samples/batch-75-replication-1.csv,null_statistics/batch-75-replication-1.npy,batch-f8-mixed-direct-indirect-path-detection,9449625171841617580,12689817365360868974,5758904269363158640,0.20852539996849373,,,batch-f8-mixed-direct-indirect-path-detection-20260825-001
F8,X1,X2,f8-mixed-direct-indirect-path-detection,75,2,0.4708991877647459,0.005,residual_samples/batch-75-replication-2.csv,null_statistics/batch-75-replication-2.npy,batch-f8-mixed-direct-indirect-path-detection,15950081866791145888,10679262081474497704,7055666361808623851,0.2147660000482574,,,batch-f8-mixed-direct-indirect-path-detection-20260825-001
F8,X1,X2,f8-mixed-direct-indirect-path-detection,75,3,0.46764735449431155,0.005,residual_samples/batch-75-replication-3.csv,null_statistics/batch-75-replication-3.npy,batch-f8-mixed-direct-indirect-path-detection,4769197126560885875,11045126788607315301,2552307696506413479,0.21749810001347214,,,batch-f8-mixed-direct-indirect-path-detection-20260825-001
F8,X1,X2,f8-mixed-direct-indirect-path-detection,75,4,0.42123941468225834,0.005,residual_samples/batch-75-replication-4.csv,null_statistics/batch-75-replication-4.npy,batch-f8-mixed-direct-indirect-path-detection,996289939722967060,1464305530633498109,17715463043892060436,0.20355029997881502,,,batch-f8-mixed-direct-indirect-path-detection-20260825-001
F8,X1,X2,f8-mixed-direct-indirect-path-detection,75,5,0.4082900470288851,0.005,residual_samples/batch-75-replication-5.csv,null_statistics/batch-75-replication-5.npy,batch-f8-mixed-direct-indirect-path-detection,1344149318470900154,16555233324681065683,14875433135875654337,0.20073979999870062,,,batch-f8-mixed-direct-indirect-path-detection-20260825-001
F8,X1,X2,f8-mixed-direct-indirect-path-detection,75,6,0.41444266156728515,0.005,residual_samples/batch-75-replication-6.csv,null_statistics/batch-75-replication-6.npy,batch-f8-mixed-direct-indirect-path-detection,15477661057146709737,8522682386159753813,5429394321746996752,0.20738680002978072,,,batch-f8-mixed-direct-indirect-path-detection-20260825-001
F8,X1,X2,f8-mixed-direct-indirect-path-detection,75,7,0.4884236623166059,0.005,residual_samples/batch-75-replication-7.csv,null_statistics/batch-75-replication-7.npy,batch-f8-mixed-direct-indirect-path-detection,12961876238020164209,4283239076969907039,14188576771938558848,0.20035270001972094,,,batch-f8-mixed-direct-indirect-path-detection-20260825-001
F8,X1,X2,f8-mixed-direct-indirect-path-detection,75,8,0.45225555141424245,0.005,residual_samples/batch-75-replication-8.csv,null_statistics/batch-75-replication-8.npy,batch-f8-mixed-direct-indirect-path-detection,4095546674865865928,10076764800503012120,13544277958632241276,0.2008096000063233,,,batch-f8-mixed-direct-indirect-path-detection-20260825-001
F8,X1,X2,f8-mixed-direct-indirect-path-detection,75,9,0.46176524137653757,0.005,residual_samples/batch-75-replication-9.csv,null_statistics/batch-75-replication-9.npy,batch-f8-mixed-direct-indirect-path-detection,3961181731699016689,3658984928323949537,7863421336157319820,0.20253139996202663,,,batch-f8-mixed-direct-indirect-path-detection-20260825-001
F8,X1,X2,f8-mixed-direct-indirect-path-detection,76,0,0.4756272102829859,0.005,residual_samples/batch-76-replication-0.csv,null_statistics/batch-76-replication-0.npy,batch-f8-mixed-direct-indirect-path-detection,17307510843937903913,17731829662757496774,5350738844006359706,0.20031879999442026,,,batch-f8-mixed-direct-indirect-path-detection-20260825-001
F8,X1,X2,f8-mixed-direct-indirect-path-detection,76,1,0.5187284709239528,0.005,residual_samples/batch-76-replication-1.csv,null_statistics/batch-76-replication-1.npy,batch-f8-mixed-direct-indirect-path-detection,16751472095819162070,5367823170800646286,4169530092345238381,0.20036110002547503,,,batch-f8-mixed-direct-indirect-path-detection-20260825-001
F8,X1,X2,f8-mixed-direct-indirect-path-detection,76,2,0.44661406611816445,0.005,residual_samples/batch-76-replication-2.csv,null_statistics/batch-76-replication-2.npy,batch-f8-mixed-direct-indirect-path-detection,10841312236427070616,3745208378792902940,5906195356409945801,0.20474900002591312,,,batch-f8-mixed-direct-indirect-path-detection-20260825-001
F8,X1,X2,f8-mixed-direct-indirect-path-detection,76,3,0.466101451045995,0.005,residual_samples/batch-76-replication-3.csv,null_statistics/batch-76-replication-3.npy,batch-f8-mixed-direct-indirect-path-detection,14232600922136692425,8371667596386401084,11605020390618031811,0.20362179999938235,,,batch-f8-mixed-direct-indirect-path-detection-20260825-001
F8,X1,X2,f8-mixed-direct-indirect-path-detection,76,4,0.45172859087966477,0.005,residual_samples/batch-76-replication-4.csv,null_statistics/batch-76-replication-4.npy,batch-f8-mixed-direct-indirect-path-detection,9896271907694211176,7433855146275927686,8271599846894468289,0.19767020002473146,,,batch-f8-mixed-direct-indirect-path-detection-20260825-001
F8,X1,X2,f8-mixed-direct-indirect-path-detection,76,5,0.4742323455849697,0.005,residual_samples/batch-76-replication-5.csv,null_statistics/batch-76-replication-5.npy,batch-f8-mixed-direct-indirect-path-detection,13306056661716228366,6035119770448982890,3090465768015906582,0.20198009995510802,,,batch-f8-mixed-direct-indirect-path-detection-20260825-001
F8,X1,X2,f8-mixed-direct-indirect-path-detection,76,6,0.48894116112552066,0.005,residual_samples/batch-76-replication-6.csv,null_statistics/batch-76-replication-6.npy,batch-f8-mixed-direct-indirect-path-detection,6214712758579023556,1327052569968411292,6350513595897492776,0.20394970005145296,,,batch-f8-mixed-direct-indirect-path-detection-20260825-001
F8,X1,X2,f8-mixed-direct-indirect-path-detection,76,7,0.4631668997041714,0.005,residual_samples/batch-76-replication-7.csv,null_statistics/batch-76-replication-7.npy,batch-f8-mixed-direct-indirect-path-detection,8128398813180626171,11519183320298391986,7081053457286031399,0.2014953000470996,,,batch-f8-mixed-direct-indirect-path-detection-20260825-001
F8,X1,X2,f8-mixed-direct-indirect-path-detection,76,8,0.43541706678797937,0.005,residual_samples/batch-76-replication-8.csv,null_statistics/batch-76-replication-8.npy,batch-f8-mixed-direct-indirect-path-detection,3392602206531766433,14000196569813733846,13012713957665209678,0.20353739999700338,,,batch-f8-mixed-direct-indirect-path-detection-20260825-001
F8,X1,X2,f8-mixed-direct-indirect-path-detection,76,9,0.4264336540127584,0.005,residual_samples/batch-76-replication-9.csv,null_statistics/batch-76-replication-9.npy,batch-f8-mixed-direct-indirect-path-detection,11472924142794357085,586650861174822805,7310825054953861705,0.20372920000227168,,,batch-f8-mixed-direct-indirect-path-detection-20260825-001
F8,X1,X2,f8-mixed-direct-indirect-path-detection,77,0,0.46862141951796926,0.005,residual_samples/batch-77-replication-0.csv,null_statistics/batch-77-replication-0.npy,batch-f8-mixed-direct-indirect-path-detection,15963364092230971053,18422431741591384097,10070840602241450852,0.1990090999752283,,,batch-f8-mixed-direct-indirect-path-detection-20260825-001
F8,X1,X2,f8-mixed-direct-indirect-path-detection,77,1,0.4877785060983222,0.005,residual_samples/batch-77-replication-1.csv,null_statistics/batch-77-replication-1.npy,batch-f8-mixed-direct-indirect-path-detection,11943565689939482205,15584769909505212681,12552564298978107504,0.2055761000374332,,,batch-f8-mixed-direct-indirect-path-detection-20260825-001
F8,X1,X2,f8-mixed-direct-indirect-path-detection,77,2,0.45126631336620565,0.005,residual_samples/batch-77-replication-2.csv,null_statistics/batch-77-replication-2.npy,batch-f8-mixed-direct-indirect-path-detection,6179482501980005141,11910062120016143680,12687509907269127060,0.21032000001287088,,,batch-f8-mixed-direct-indirect-path-detection-20260825-001
F8,X1,X2,f8-mixed-direct-indirect-path-detection,77,3,0.43643061949113654,0.005,residual_samples/batch-77-replication-3.csv,null_statistics/batch-77-replication-3.npy,batch-f8-mixed-direct-indirect-path-detection,5504453327655516143,6385476630023397103,17372904469877252407,0.20748849998926744,,,batch-f8-mixed-direct-indirect-path-detection-20260825-001
F8,X1,X2,f8-mixed-direct-indirect-path-detection,77,4,0.4507225401138731,0.005,residual_samples/batch-77-replication-4.csv,null_statistics/batch-77-replication-4.npy,batch-f8-mixed-direct-indirect-path-detection,1378770398243330441,12862405168840788673,3542327221336627292,0.20756420004181564,,,batch-f8-mixed-direct-indirect-path-detection-20260825-001
F8,X1,X2,f8-mixed-direct-indirect-path-detection,77,5,0.4790039728660591,0.005,residual_samples/batch-77-replication-5.csv,null_statistics/batch-77-replication-5.npy,batch-f8-mixed-direct-indirect-path-detection,3834783494465034536,3819588145697264722,17191847200882399489,0.21018789999652654,,,batch-f8-mixed-direct-indirect-path-detection-20260825-001
F8,X1,X2,f8-mixed-direct-indirect-path-detection,77,6,0.5064450870589202,0.005,residual_samples/batch-77-replication-6.csv,null_statistics/batch-77-replication-6.npy,batch-f8-mixed-direct-indirect-path-detection,5865499673800584470,13220892636825154073,16293579208344469477,0.21067950001452118,,,batch-f8-mixed-direct-indirect-path-detection-20260825-001
F8,X1,X2,f8-mixed-direct-indirect-path-detection,77,7,0.4091127719317181,0.005,residual_samples/batch-77-replication-7.csv,null_statistics/batch-77-replication-7.npy,batch-f8-mixed-direct-indirect-path-detection,10450325016998351152,13752564611487949231,10339306141284672112,0.2058798000216484,,,batch-f8-mixed-direct-indirect-path-detection-20260825-001
F8,X1,X2,f8-mixed-direct-indirect-path-detection,77,8,0.4105735421737705,0.005,residual_samples/batch-77-replication-8.csv,null_statistics/batch-77-replication-8.npy,batch-f8-mixed-direct-indirect-path-detection,2380494559252799757,10910133530716940028,15734136682362515610,0.20219470001757145,,,batch-f8-mixed-direct-indirect-path-detection-20260825-001
F8,X1,X2,f8-mixed-direct-indirect-path-detection,77,9,0.4329290655894396,0.005,residual_samples/batch-77-replication-9.csv,null_statistics/batch-77-replication-9.npy,batch-f8-mixed-direct-indirect-path-detection,11377652605152446436,11619936341769311621,12289366233611419623,0.2010016999556683,,,batch-f8-mixed-direct-indirect-path-detection-20260825-001
F8,X1,X2,f8-mixed-direct-indirect-path-detection,78,0,0.4945985779038947,0.005,residual_samples/batch-78-replication-0.csv,null_statistics/batch-78-replication-0.npy,batch-f8-mixed-direct-indirect-path-detection,3154415458746637546,5343075393413124582,3890549804829173705,0.19967900001211092,,,batch-f8-mixed-direct-indirect-path-detection-20260825-001
F8,X1,X2,f8-mixed-direct-indirect-path-detection,78,1,0.47823537292385626,0.005,residual_samples/batch-78-replication-1.csv,null_statistics/batch-78-replication-1.npy,batch-f8-mixed-direct-indirect-path-detection,8339055048179798600,534218073727754845,14901992205698247542,0.20086590002756566,,,batch-f8-mixed-direct-indirect-path-detection-20260825-001
F8,X1,X2,f8-mixed-direct-indirect-path-detection,78,2,0.4146436507058422,0.005,residual_samples/batch-78-replication-2.csv,null_statistics/batch-78-replication-2.npy,batch-f8-mixed-direct-indirect-path-detection,4918887148900960187,12984456856008649082,8135252762942641059,0.20983810001052916,,,batch-f8-mixed-direct-indirect-path-detection-20260825-001
F8,X1,X2,f8-mixed-direct-indirect-path-detection,78,3,0.41371321237020664,0.005,residual_samples/batch-78-replication-3.csv,null_statistics/batch-78-replication-3.npy,batch-f8-mixed-direct-indirect-path-detection,1460937750603039747,4167693035054293760,9880192173449908634,0.21316280000610277,,,batch-f8-mixed-direct-indirect-path-detection-20260825-001
F8,X1,X2,f8-mixed-direct-indirect-path-detection,78,4,0.4844574647496987,0.005,residual_samples/batch-78-replication-4.csv,null_statistics/batch-78-replication-4.npy,batch-f8-mixed-direct-indirect-path-detection,678237940180557464,109945396555139138,642009927658655072,0.20656489999964833,,,batch-f8-mixed-direct-indirect-path-detection-20260825-001
F8,X1,X2,f8-mixed-direct-indirect-path-detection,78,5,0.4631537108511776,0.005,residual_samples/batch-78-replication-5.csv,null_statistics/batch-78-replication-5.npy,batch-f8-mixed-direct-indirect-path-detection,3309549507935940976,16883061258799832296,338375068095094748,0.19426670001121238,,,batch-f8-mixed-direct-indirect-path-detection-20260825-001
F8,X1,X2,f8-mixed-direct-indirect-path-detection,78,6,0.4479789279956212,0.005,residual_samples/batch-78-replication-6.csv,null_statistics/batch-78-replication-6.npy,batch-f8-mixed-direct-indirect-path-detection,6350109569601899171,9729636534535311257,6958574354561262324,0.19848240003921092,,,batch-f8-mixed-direct-indirect-path-detection-20260825-001
F8,X1,X2,f8-mixed-direct-indirect-path-detection,78,7,0.4617742568579358,0.005,residual_samples/batch-78-replication-7.csv,null_statistics/batch-78-replication-7.npy,batch-f8-mixed-direct-indirect-path-detection,11086470991670741333,4510760164298928963,7409970828427155752,0.19912229996407405,,,batch-f8-mixed-direct-indirect-path-detection-20260825-001
F8,X1,X2,f8-mixed-direct-indirect-path-detection,78,8,0.4481158636391245,0.005,residual_samples/batch-78-replication-8.csv,null_statistics/batch-78-replication-8.npy,batch-f8-mixed-direct-indirect-path-detection,1703324624969366615,15842351215397454482,5320893733225542513,0.19767580000916496,,,batch-f8-mixed-direct-indirect-path-detection-20260825-001
F8,X1,X2,f8-mixed-direct-indirect-path-detection,78,9,0.4185738603733722,0.005,residual_samples/batch-78-replication-9.csv,null_statistics/batch-78-replication-9.npy,batch-f8-mixed-direct-indirect-path-detection,8557674789397789504,15811225480210724251,3623182058268082644,0.19593499996699393,,,batch-f8-mixed-direct-indirect-path-detection-20260825-001
F8,X1,X2,f8-mixed-direct-indirect-path-detection,79,0,0.45392193909513745,0.005,residual_samples/batch-79-replication-0.csv,null_statistics/batch-79-replication-0.npy,batch-f8-mixed-direct-indirect-path-detection,4099883081686667179,16525404086732984344,4040810445767487563,0.1952826000051573,,,batch-f8-mixed-direct-indirect-path-detection-20260825-001
F8,X1,X2,f8-mixed-direct-indirect-path-detection,79,1,0.4424460049414325,0.005,residual_samples/batch-79-replication-1.csv,null_statistics/batch-79-replication-1.npy,batch-f8-mixed-direct-indirect-path-detection,5458588913089218462,7232015500855198856,16793432978246264241,0.19844939996255562,,,batch-f8-mixed-direct-indirect-path-detection-20260825-001
F8,X1,X2,f8-mixed-direct-indirect-path-detection,79,2,0.45302923332685363,0.005,residual_samples/batch-79-replication-2.csv,null_statistics/batch-79-replication-2.npy,batch-f8-mixed-direct-indirect-path-detection,13112365656959255427,3027129687353378572,7373755414999042863,0.19710630003828555,,,batch-f8-mixed-direct-indirect-path-detection-20260825-001
F8,X1,X2,f8-mixed-direct-indirect-path-detection,79,3,0.45717730495485664,0.005,residual_samples/batch-79-replication-3.csv,null_statistics/batch-79-replication-3.npy,batch-f8-mixed-direct-indirect-path-detection,14655009128167111983,9278223342120476705,17484490904280300493,0.20405589998699725,,,batch-f8-mixed-direct-indirect-path-detection-20260825-001
F8,X1,X2,f8-mixed-direct-indirect-path-detection,79,4,0.46337110925632424,0.005,residual_samples/batch-79-replication-4.csv,null_statistics/batch-79-replication-4.npy,batch-f8-mixed-direct-indirect-path-detection,3180283780579765682,2548860642485847586,4990654078920814957,0.19818730000406504,,,batch-f8-mixed-direct-indirect-path-detection-20260825-001
F8,X1,X2,f8-mixed-direct-indirect-path-detection,79,5,0.44636444035894673,0.005,residual_samples/batch-79-replication-5.csv,null_statistics/batch-79-replication-5.npy,batch-f8-mixed-direct-indirect-path-detection,8488588636970239915,5789768991187406970,14294776618355305237,0.1946293999790214,,,batch-f8-mixed-direct-indirect-path-detection-20260825-001
F8,X1,X2,f8-mixed-direct-indirect-path-detection,79,6,0.46628313102214686,0.005,residual_samples/batch-79-replication-6.csv,null_statistics/batch-79-replication-6.npy,batch-f8-mixed-direct-indirect-path-detection,858627332463707957,4702548854921771327,15435432757062904089,0.19858090003253892,,,batch-f8-mixed-direct-indirect-path-detection-20260825-001
F8,X1,X2,f8-mixed-direct-indirect-path-detection,79,7,0.47700322723133365,0.005,residual_samples/batch-79-replication-7.csv,null_statistics/batch-79-replication-7.npy,batch-f8-mixed-direct-indirect-path-detection,14812902384427346345,8728212150320030443,6042627529909713161,0.20185219997074455,,,batch-f8-mixed-direct-indirect-path-detection-20260825-001
F8,X1,X2,f8-mixed-direct-indirect-path-detection,79,8,0.4445159107130987,0.005,residual_samples/batch-79-replication-8.csv,null_statistics/batch-79-replication-8.npy,batch-f8-mixed-direct-indirect-path-detection,10109546401350751656,14604451934847822219,12541472281665243624,0.20140409999294207,,,batch-f8-mixed-direct-indirect-path-detection-20260825-001
F8,X1,X2,f8-mixed-direct-indirect-path-detection,79,9,0.4490682408555154,0.005,residual_samples/batch-79-replication-9.csv,null_statistics/batch-79-replication-9.npy,batch-f8-mixed-direct-indirect-path-detection,12432537012459097728,18387472414911114156,2591808851918841893,0.20602520002285019,,,batch-f8-mixed-direct-indirect-path-detection-20260825-001
F8,X1,X2,f8-mixed-direct-indirect-path-detection,80,0,0.4565246677563227,0.005,residual_samples/batch-80-replication-0.csv,null_statistics/batch-80-replication-0.npy,batch-f8-mixed-direct-indirect-path-detection,1720681238377217295,15083229313481559910,6376711892202659006,0.20182720001321286,,,batch-f8-mixed-direct-indirect-path-detection-20260825-001
F8,X1,X2,f8-mixed-direct-indirect-path-detection,80,1,0.4685495732602146,0.005,residual_samples/batch-80-replication-1.csv,null_statistics/batch-80-replication-1.npy,batch-f8-mixed-direct-indirect-path-detection,854873619220623166,3496719127743872538,16447016878543687548,0.20315600000321865,,,batch-f8-mixed-direct-indirect-path-detection-20260825-001
F8,X1,X2,f8-mixed-direct-indirect-path-detection,80,2,0.44148110323468875,0.005,residual_samples/batch-80-replication-2.csv,null_statistics/batch-80-replication-2.npy,batch-f8-mixed-direct-indirect-path-detection,10828274367257821517,15345906462999083395,7581292905533255275,0.20371079997858033,,,batch-f8-mixed-direct-indirect-path-detection-20260825-001
F8,X1,X2,f8-mixed-direct-indirect-path-detection,80,3,0.47940526164638625,0.005,residual_samples/batch-80-replication-3.csv,null_statistics/batch-80-replication-3.npy,batch-f8-mixed-direct-indirect-path-detection,10941192563103278243,12979571426996264911,1430149906026479102,0.203502899967134,,,batch-f8-mixed-direct-indirect-path-detection-20260825-001
F8,X1,X2,f8-mixed-direct-indirect-path-detection,80,4,0.4442572475911417,0.005,residual_samples/batch-80-replication-4.csv,null_statistics/batch-80-replication-4.npy,batch-f8-mixed-direct-indirect-path-detection,16341693982817001632,14257594408721587727,11651729516544109709,0.203304200025741,,,batch-f8-mixed-direct-indirect-path-detection-20260825-001
F8,X1,X2,f8-mixed-direct-indirect-path-detection,80,5,0.4351408278456002,0.005,residual_samples/batch-80-replication-5.csv,null_statistics/batch-80-replication-5.npy,batch-f8-mixed-direct-indirect-path-detection,14285862107071305884,427310114584545764,10812369645790336989,0.19876539998222142,,,batch-f8-mixed-direct-indirect-path-detection-20260825-001
F8,X1,X2,f8-mixed-direct-indirect-path-detection,80,6,0.4275275013225001,0.005,residual_samples/batch-80-replication-6.csv,null_statistics/batch-80-replication-6.npy,batch-f8-mixed-direct-indirect-path-detection,8986269136681166887,13205810385170810016,6302369691670693508,0.20045339997159317,,,batch-f8-mixed-direct-indirect-path-detection-20260825-001
F8,X1,X2,f8-mixed-direct-indirect-path-detection,80,7,0.46954825688212987,0.005,residual_samples/batch-80-replication-7.csv,null_statistics/batch-80-replication-7.npy,batch-f8-mixed-direct-indirect-path-detection,1364949975249205340,14059237673801906791,9435935643857300433,0.20277560001704842,,,batch-f8-mixed-direct-indirect-path-detection-20260825-001
F8,X1,X2,f8-mixed-direct-indirect-path-detection,80,8,0.4478381388605814,0.005,residual_samples/batch-80-replication-8.csv,null_statistics/batch-80-replication-8.npy,batch-f8-mixed-direct-indirect-path-detection,13850217996418575722,13614797090815842304,10072430487872155583,0.20071280002593994,,,batch-f8-mixed-direct-indirect-path-detection-20260825-001
F8,X1,X2,f8-mixed-direct-indirect-path-detection,80,9,0.4436140601398714,0.005,residual_samples/batch-80-replication-9.csv,null_statistics/batch-80-replication-9.npy,batch-f8-mixed-direct-indirect-path-detection,16484666774486617805,16631751730231128625,3625863321874407663,0.20016529998974875,,,batch-f8-mixed-direct-indirect-path-detection-20260825-001
F8,X1,X2,f8-mixed-direct-indirect-path-detection,81,0,0.46399715141072634,0.005,residual_samples/batch-81-replication-0.csv,null_statistics/batch-81-replication-0.npy,batch-f8-mixed-direct-indirect-path-detection,3501055698581961941,2986099743973928803,8552916953073243910,0.20091929996851832,,,batch-f8-mixed-direct-indirect-path-detection-20260825-001
F8,X1,X2,f8-mixed-direct-indirect-path-detection,81,1,0.40840319024425137,0.005,residual_samples/batch-81-replication-1.csv,null_statistics/batch-81-replication-1.npy,batch-f8-mixed-direct-indirect-path-detection,16779784603902001669,3154208596486634510,5995207083464270197,0.20277959998929873,,,batch-f8-mixed-direct-indirect-path-detection-20260825-001
F8,X1,X2,f8-mixed-direct-indirect-path-detection,81,2,0.4111946008691192,0.005,residual_samples/batch-81-replication-2.csv,null_statistics/batch-81-replication-2.npy,batch-f8-mixed-direct-indirect-path-detection,1346529099982399482,17974450030772641882,6110767654313145722,0.20334800001000986,,,batch-f8-mixed-direct-indirect-path-detection-20260825-001
F8,X1,X2,f8-mixed-direct-indirect-path-detection,81,3,0.4893622157198381,0.005,residual_samples/batch-81-replication-3.csv,null_statistics/batch-81-replication-3.npy,batch-f8-mixed-direct-indirect-path-detection,6202926887476918432,16308655402601539168,14158342922045714926,0.20437930000480264,,,batch-f8-mixed-direct-indirect-path-detection-20260825-001
F8,X1,X2,f8-mixed-direct-indirect-path-detection,81,4,0.4237212807417569,0.005,residual_samples/batch-81-replication-4.csv,null_statistics/batch-81-replication-4.npy,batch-f8-mixed-direct-indirect-path-detection,7815279996559184157,17914875780033680217,10831958073432063369,0.20147940004244447,,,batch-f8-mixed-direct-indirect-path-detection-20260825-001
F8,X1,X2,f8-mixed-direct-indirect-path-detection,81,5,0.47083445797933987,0.005,residual_samples/batch-81-replication-5.csv,null_statistics/batch-81-replication-5.npy,batch-f8-mixed-direct-indirect-path-detection,11053018562244169614,12808018806838411500,5479294459606854796,0.19643020001240075,,,batch-f8-mixed-direct-indirect-path-detection-20260825-001
F8,X1,X2,f8-mixed-direct-indirect-path-detection,81,6,0.4256297996637424,0.005,residual_samples/batch-81-replication-6.csv,null_statistics/batch-81-replication-6.npy,batch-f8-mixed-direct-indirect-path-detection,4216646013302961968,14385133771274950253,14432444892159339910,0.20246540004154667,,,batch-f8-mixed-direct-indirect-path-detection-20260825-001
F8,X1,X2,f8-mixed-direct-indirect-path-detection,81,7,0.4803545008362457,0.005,residual_samples/batch-81-replication-7.csv,null_statistics/batch-81-replication-7.npy,batch-f8-mixed-direct-indirect-path-detection,13385090728087916255,2534403751794106501,352889252034699559,0.20107259997166693,,,batch-f8-mixed-direct-indirect-path-detection-20260825-001
F8,X1,X2,f8-mixed-direct-indirect-path-detection,81,8,0.45809411297929803,0.005,residual_samples/batch-81-replication-8.csv,null_statistics/batch-81-replication-8.npy,batch-f8-mixed-direct-indirect-path-detection,11069098342993538794,6849367419625655966,3740518638055487847,0.20854800002416596,,,batch-f8-mixed-direct-indirect-path-detection-20260825-001
F8,X1,X2,f8-mixed-direct-indirect-path-detection,81,9,0.4945136917121373,0.005,residual_samples/batch-81-replication-9.csv,null_statistics/batch-81-replication-9.npy,batch-f8-mixed-direct-indirect-path-detection,11343587616269780788,8494558350800901634,8834038247032459321,0.19942259998060763,,,batch-f8-mixed-direct-indirect-path-detection-20260825-001
F8,X1,X2,f8-mixed-direct-indirect-path-detection,82,0,0.4436362931923374,0.005,residual_samples/batch-82-replication-0.csv,null_statistics/batch-82-replication-0.npy,batch-f8-mixed-direct-indirect-path-detection,7025384568579316088,4226274100086963821,8358032762590512531,0.20242180000059307,,,batch-f8-mixed-direct-indirect-path-detection-20260825-001
F8,X1,X2,f8-mixed-direct-indirect-path-detection,82,1,0.47136940630385954,0.005,residual_samples/batch-82-replication-1.csv,null_statistics/batch-82-replication-1.npy,batch-f8-mixed-direct-indirect-path-detection,1258083071565479537,15165464493177342108,7046949044979104226,0.19945280003594235,,,batch-f8-mixed-direct-indirect-path-detection-20260825-001
F8,X1,X2,f8-mixed-direct-indirect-path-detection,82,2,0.4440751321060999,0.005,residual_samples/batch-82-replication-2.csv,null_statistics/batch-82-replication-2.npy,batch-f8-mixed-direct-indirect-path-detection,915399896495842385,2013469250135033292,16552757930750684483,0.2016594999586232,,,batch-f8-mixed-direct-indirect-path-detection-20260825-001
F8,X1,X2,f8-mixed-direct-indirect-path-detection,82,3,0.4553534511302895,0.005,residual_samples/batch-82-replication-3.csv,null_statistics/batch-82-replication-3.npy,batch-f8-mixed-direct-indirect-path-detection,5174720252014605088,15485217577799008257,17925284570628765409,0.20235200005117804,,,batch-f8-mixed-direct-indirect-path-detection-20260825-001
F8,X1,X2,f8-mixed-direct-indirect-path-detection,82,4,0.424539682006576,0.005,residual_samples/batch-82-replication-4.csv,null_statistics/batch-82-replication-4.npy,batch-f8-mixed-direct-indirect-path-detection,14447958386938091623,5378835773376426585,11890743155227652245,0.1986493999720551,,,batch-f8-mixed-direct-indirect-path-detection-20260825-001
F8,X1,X2,f8-mixed-direct-indirect-path-detection,82,5,0.44474491094316004,0.005,residual_samples/batch-82-replication-5.csv,null_statistics/batch-82-replication-5.npy,batch-f8-mixed-direct-indirect-path-detection,6581385519540128888,17310831172415030502,17611411726267908777,0.19945760001428425,,,batch-f8-mixed-direct-indirect-path-detection-20260825-001
F8,X1,X2,f8-mixed-direct-indirect-path-detection,82,6,0.400462625937247,0.005,residual_samples/batch-82-replication-6.csv,null_statistics/batch-82-replication-6.npy,batch-f8-mixed-direct-indirect-path-detection,11984768325336814956,17518598980768124235,764804564221120286,0.19919439998921007,,,batch-f8-mixed-direct-indirect-path-detection-20260825-001
F8,X1,X2,f8-mixed-direct-indirect-path-detection,82,7,0.49622616202758063,0.005,residual_samples/batch-82-replication-7.csv,null_statistics/batch-82-replication-7.npy,batch-f8-mixed-direct-indirect-path-detection,9732151271019854328,14411021825357760383,7242040499614919033,0.20051699999021366,,,batch-f8-mixed-direct-indirect-path-detection-20260825-001
F8,X1,X2,f8-mixed-direct-indirect-path-detection,82,8,0.48578836371648126,0.005,residual_samples/batch-82-replication-8.csv,null_statistics/batch-82-replication-8.npy,batch-f8-mixed-direct-indirect-path-detection,15942310983303764890,14078663186737946342,13730984968127974777,0.19911510002566501,,,batch-f8-mixed-direct-indirect-path-detection-20260825-001
F8,X1,X2,f8-mixed-direct-indirect-path-detection,82,9,0.4441694749708624,0.005,residual_samples/batch-82-replication-9.csv,null_statistics/batch-82-replication-9.npy,batch-f8-mixed-direct-indirect-path-detection,6890686904583710803,12079226465312710081,3197113305916230777,0.1980352000100538,,,batch-f8-mixed-direct-indirect-path-detection-20260825-001
F8,X1,X2,f8-mixed-direct-indirect-path-detection,83,0,0.4120981180540325,0.005,residual_samples/batch-83-replication-0.csv,null_statistics/batch-83-replication-0.npy,batch-f8-mixed-direct-indirect-path-detection,1104344879504386751,822552610030252304,9920962265886860766,0.19750310003291816,,,batch-f8-mixed-direct-indirect-path-detection-20260825-001
F8,X1,X2,f8-mixed-direct-indirect-path-detection,83,1,0.4615856428066295,0.005,residual_samples/batch-83-replication-1.csv,null_statistics/batch-83-replication-1.npy,batch-f8-mixed-direct-indirect-path-detection,6650847331317591262,14337244714680606654,16390765520744378853,0.20075079996604472,,,batch-f8-mixed-direct-indirect-path-detection-20260825-001
F8,X1,X2,f8-mixed-direct-indirect-path-detection,83,2,0.44049383666537945,0.005,residual_samples/batch-83-replication-2.csv,null_statistics/batch-83-replication-2.npy,batch-f8-mixed-direct-indirect-path-detection,9452546465583179295,4792238768771361609,9928620575763634386,0.19700789998751134,,,batch-f8-mixed-direct-indirect-path-detection-20260825-001
F8,X1,X2,f8-mixed-direct-indirect-path-detection,83,3,0.4300457728015281,0.005,residual_samples/batch-83-replication-3.csv,null_statistics/batch-83-replication-3.npy,batch-f8-mixed-direct-indirect-path-detection,14037687435411049709,10510032537331349086,9433505117664783041,0.2014824000070803,,,batch-f8-mixed-direct-indirect-path-detection-20260825-001
F8,X1,X2,f8-mixed-direct-indirect-path-detection,83,4,0.43162493994471335,0.005,residual_samples/batch-83-replication-4.csv,null_statistics/batch-83-replication-4.npy,batch-f8-mixed-direct-indirect-path-detection,13599554631041265335,6395871466373925172,7540804299860379605,0.19833039998775348,,,batch-f8-mixed-direct-indirect-path-detection-20260825-001
F8,X1,X2,f8-mixed-direct-indirect-path-detection,83,5,0.4739478995438691,0.005,residual_samples/batch-83-replication-5.csv,null_statistics/batch-83-replication-5.npy,batch-f8-mixed-direct-indirect-path-detection,11972940578562280361,5393384839231225331,2768772629191223172,0.20662309997715056,,,batch-f8-mixed-direct-indirect-path-detection-20260825-001
F8,X1,X2,f8-mixed-direct-indirect-path-detection,83,6,0.45536270782662414,0.005,residual_samples/batch-83-replication-6.csv,null_statistics/batch-83-replication-6.npy,batch-f8-mixed-direct-indirect-path-detection,10126496417336908516,16999952825366019917,8953700018852444773,0.20634959999006242,,,batch-f8-mixed-direct-indirect-path-detection-20260825-001
F8,X1,X2,f8-mixed-direct-indirect-path-detection,83,7,0.4703691979058889,0.005,residual_samples/batch-83-replication-7.csv,null_statistics/batch-83-replication-7.npy,batch-f8-mixed-direct-indirect-path-detection,12900766609363916995,8716491796183320011,5002122967646995387,0.2031684000394307,,,batch-f8-mixed-direct-indirect-path-detection-20260825-001
F8,X1,X2,f8-mixed-direct-indirect-path-detection,83,8,0.45418124067868026,0.005,residual_samples/batch-83-replication-8.csv,null_statistics/batch-83-replication-8.npy,batch-f8-mixed-direct-indirect-path-detection,11568114961199195651,101302189270109480,5971839383926047177,0.21346649999031797,,,batch-f8-mixed-direct-indirect-path-detection-20260825-001
F8,X1,X2,f8-mixed-direct-indirect-path-detection,83,9,0.4737487196370571,0.005,residual_samples/batch-83-replication-9.csv,null_statistics/batch-83-replication-9.npy,batch-f8-mixed-direct-indirect-path-detection,8728021777727370046,10093189397214747842,17543446134137308045,0.21606710000196472,,,batch-f8-mixed-direct-indirect-path-detection-20260825-001
F8,X1,X2,f8-mixed-direct-indirect-path-detection,84,0,0.488225834104593,0.005,residual_samples/batch-84-replication-0.csv,null_statistics/batch-84-replication-0.npy,batch-f8-mixed-direct-indirect-path-detection,700491858800370907,5665383393245865057,7296555832215144918,0.21565589995589107,,,batch-f8-mixed-direct-indirect-path-detection-20260825-001
F8,X1,X2,f8-mixed-direct-indirect-path-detection,84,1,0.4800852716863549,0.005,residual_samples/batch-84-replication-1.csv,null_statistics/batch-84-replication-1.npy,batch-f8-mixed-direct-indirect-path-detection,5295256554392314386,8023367883708776665,1144466408891629382,0.21238859998993576,,,batch-f8-mixed-direct-indirect-path-detection-20260825-001
F8,X1,X2,f8-mixed-direct-indirect-path-detection,84,2,0.4832966940891951,0.005,residual_samples/batch-84-replication-2.csv,null_statistics/batch-84-replication-2.npy,batch-f8-mixed-direct-indirect-path-detection,6494138065684530523,11740807237977543302,17060048955838682698,0.2034039999707602,,,batch-f8-mixed-direct-indirect-path-detection-20260825-001
F8,X1,X2,f8-mixed-direct-indirect-path-detection,84,3,0.46746844970161866,0.005,residual_samples/batch-84-replication-3.csv,null_statistics/batch-84-replication-3.npy,batch-f8-mixed-direct-indirect-path-detection,7570808961059828848,16908096665218877265,12841856783669979464,0.20577790000243112,,,batch-f8-mixed-direct-indirect-path-detection-20260825-001
F8,X1,X2,f8-mixed-direct-indirect-path-detection,84,4,0.472963569153528,0.005,residual_samples/batch-84-replication-4.csv,null_statistics/batch-84-replication-4.npy,batch-f8-mixed-direct-indirect-path-detection,15053993880423672114,1445774999191649421,16217605394357249748,0.21375850000185892,,,batch-f8-mixed-direct-indirect-path-detection-20260825-001
F8,X1,X2,f8-mixed-direct-indirect-path-detection,84,5,0.4594378824581547,0.005,residual_samples/batch-84-replication-5.csv,null_statistics/batch-84-replication-5.npy,batch-f8-mixed-direct-indirect-path-detection,1801113431182260987,1113229125899246144,17808144779327054204,0.2059237000066787,,,batch-f8-mixed-direct-indirect-path-detection-20260825-001
F8,X1,X2,f8-mixed-direct-indirect-path-detection,84,6,0.4359655616551836,0.005,residual_samples/batch-84-replication-6.csv,null_statistics/batch-84-replication-6.npy,batch-f8-mixed-direct-indirect-path-detection,15894825617674893034,13740597059212308126,12495176063279809028,0.21343280002474785,,,batch-f8-mixed-direct-indirect-path-detection-20260825-001
F8,X1,X2,f8-mixed-direct-indirect-path-detection,84,7,0.4474062733799822,0.005,residual_samples/batch-84-replication-7.csv,null_statistics/batch-84-replication-7.npy,batch-f8-mixed-direct-indirect-path-detection,541992534480467505,8852036192149254782,192910918779145476,0.22349520004354417,,,batch-f8-mixed-direct-indirect-path-detection-20260825-001
F8,X1,X2,f8-mixed-direct-indirect-path-detection,84,8,0.4506204255775595,0.005,residual_samples/batch-84-replication-8.csv,null_statistics/batch-84-replication-8.npy,batch-f8-mixed-direct-indirect-path-detection,3953387662969133180,3873059992989570369,5970037865693972234,0.20101750001776963,,,batch-f8-mixed-direct-indirect-path-detection-20260825-001
F8,X1,X2,f8-mixed-direct-indirect-path-detection,84,9,0.44093802432364887,0.005,residual_samples/batch-84-replication-9.csv,null_statistics/batch-84-replication-9.npy,batch-f8-mixed-direct-indirect-path-detection,13001263177621471326,3170662881428084750,11033008497562562002,0.20523349998984486,,,batch-f8-mixed-direct-indirect-path-detection-20260825-001
F8,X1,X2,f8-mixed-direct-indirect-path-detection,85,0,0.46179096579897644,0.005,residual_samples/batch-85-replication-0.csv,null_statistics/batch-85-replication-0.npy,batch-f8-mixed-direct-indirect-path-detection,7981931107395362652,5180068003759913024,16292040166065253092,0.20372629998018965,,,batch-f8-mixed-direct-indirect-path-detection-20260825-001
F8,X1,X2,f8-mixed-direct-indirect-path-detection,85,1,0.42594204204806724,0.005,residual_samples/batch-85-replication-1.csv,null_statistics/batch-85-replication-1.npy,batch-f8-mixed-direct-indirect-path-detection,9998942225007386338,17765303370364468148,216125573790515982,0.20750349998706952,,,batch-f8-mixed-direct-indirect-path-detection-20260825-001
F8,X1,X2,f8-mixed-direct-indirect-path-detection,85,2,0.4634583824441908,0.005,residual_samples/batch-85-replication-2.csv,null_statistics/batch-85-replication-2.npy,batch-f8-mixed-direct-indirect-path-detection,11070346790275535695,13107951955300003734,13295917060093824998,0.20960740000009537,,,batch-f8-mixed-direct-indirect-path-detection-20260825-001
F8,X1,X2,f8-mixed-direct-indirect-path-detection,85,3,0.4720526277397381,0.005,residual_samples/batch-85-replication-3.csv,null_statistics/batch-85-replication-3.npy,batch-f8-mixed-direct-indirect-path-detection,2020901659458024534,679126640966205078,18303143433471504431,0.2117236999911256,,,batch-f8-mixed-direct-indirect-path-detection-20260825-001
F8,X1,X2,f8-mixed-direct-indirect-path-detection,85,4,0.45487582961680995,0.005,residual_samples/batch-85-replication-4.csv,null_statistics/batch-85-replication-4.npy,batch-f8-mixed-direct-indirect-path-detection,7936364725931689134,11596844877531560722,3076251602867876564,0.19894660002319142,,,batch-f8-mixed-direct-indirect-path-detection-20260825-001
F8,X1,X2,f8-mixed-direct-indirect-path-detection,85,5,0.4208787205835871,0.005,residual_samples/batch-85-replication-5.csv,null_statistics/batch-85-replication-5.npy,batch-f8-mixed-direct-indirect-path-detection,16542937648442055774,14312658063918703380,3310268686303862903,0.20404370001051575,,,batch-f8-mixed-direct-indirect-path-detection-20260825-001
F8,X1,X2,f8-mixed-direct-indirect-path-detection,85,6,0.4658382153501767,0.005,residual_samples/batch-85-replication-6.csv,null_statistics/batch-85-replication-6.npy,batch-f8-mixed-direct-indirect-path-detection,10336923818874806269,7282229147427646225,14395199021718018213,0.20221429999219254,,,batch-f8-mixed-direct-indirect-path-detection-20260825-001
F8,X1,X2,f8-mixed-direct-indirect-path-detection,85,7,0.44015000956658973,0.005,residual_samples/batch-85-replication-7.csv,null_statistics/batch-85-replication-7.npy,batch-f8-mixed-direct-indirect-path-detection,419873583458287084,17527172089491445326,4097880004703317247,0.20278130000224337,,,batch-f8-mixed-direct-indirect-path-detection-20260825-001
F8,X1,X2,f8-mixed-direct-indirect-path-detection,85,8,0.4829481574270281,0.005,residual_samples/batch-85-replication-8.csv,null_statistics/batch-85-replication-8.npy,batch-f8-mixed-direct-indirect-path-detection,7689601007456090134,16831126165853961857,17865598228457446300,0.20287509995978326,,,batch-f8-mixed-direct-indirect-path-detection-20260825-001
F8,X1,X2,f8-mixed-direct-indirect-path-detection,85,9,0.48747163785383235,0.005,residual_samples/batch-85-replication-9.csv,null_statistics/batch-85-replication-9.npy,batch-f8-mixed-direct-indirect-path-detection,7712896720453427458,4725838676183747337,5919421922253401162,0.20384390000253916,,,batch-f8-mixed-direct-indirect-path-detection-20260825-001
F8,X1,X2,f8-mixed-direct-indirect-path-detection,86,0,0.47051658576494476,0.005,residual_samples/batch-86-replication-0.csv,null_statistics/batch-86-replication-0.npy,batch-f8-mixed-direct-indirect-path-detection,11981643264857339746,13297327348476831431,7291497559692293027,0.20563209999818355,,,batch-f8-mixed-direct-indirect-path-detection-20260825-001
F8,X1,X2,f8-mixed-direct-indirect-path-detection,86,1,0.44813219893436346,0.005,residual_samples/batch-86-replication-1.csv,null_statistics/batch-86-replication-1.npy,batch-f8-mixed-direct-indirect-path-detection,12522235195016286623,8664835158832405483,11676355730681865047,0.20364610000979155,,,batch-f8-mixed-direct-indirect-path-detection-20260825-001
F8,X1,X2,f8-mixed-direct-indirect-path-detection,86,2,0.46356572190248213,0.005,residual_samples/batch-86-replication-2.csv,null_statistics/batch-86-replication-2.npy,batch-f8-mixed-direct-indirect-path-detection,15637854529368172048,4704335061592392244,13965591962337022515,0.2013260999810882,,,batch-f8-mixed-direct-indirect-path-detection-20260825-001
F8,X1,X2,f8-mixed-direct-indirect-path-detection,86,3,0.4762075267271136,0.005,residual_samples/batch-86-replication-3.csv,null_statistics/batch-86-replication-3.npy,batch-f8-mixed-direct-indirect-path-detection,16006690519803289328,4374758819968752957,8298479315961213760,0.20090130000608042,,,batch-f8-mixed-direct-indirect-path-detection-20260825-001
F8,X1,X2,f8-mixed-direct-indirect-path-detection,86,4,0.44286774944445095,0.005,residual_samples/batch-86-replication-4.csv,null_statistics/batch-86-replication-4.npy,batch-f8-mixed-direct-indirect-path-detection,10734194271033274242,16396564500457162760,3404067041304858336,0.20225570001639426,,,batch-f8-mixed-direct-indirect-path-detection-20260825-001
F8,X1,X2,f8-mixed-direct-indirect-path-detection,86,5,0.4628248158676653,0.005,residual_samples/batch-86-replication-5.csv,null_statistics/batch-86-replication-5.npy,batch-f8-mixed-direct-indirect-path-detection,17945509755240188207,15669420415632747169,8869382954122071400,0.20807199995033443,,,batch-f8-mixed-direct-indirect-path-detection-20260825-001
F8,X1,X2,f8-mixed-direct-indirect-path-detection,86,6,0.41105830826287354,0.005,residual_samples/batch-86-replication-6.csv,null_statistics/batch-86-replication-6.npy,batch-f8-mixed-direct-indirect-path-detection,3309281939801605353,7321195814222844306,9978281237689383304,0.20221519999904558,,,batch-f8-mixed-direct-indirect-path-detection-20260825-001
F8,X1,X2,f8-mixed-direct-indirect-path-detection,86,7,0.4807585615911121,0.005,residual_samples/batch-86-replication-7.csv,null_statistics/batch-86-replication-7.npy,batch-f8-mixed-direct-indirect-path-detection,14157055338610700012,2927850124696149095,13329068949219167270,0.20037779997801408,,,batch-f8-mixed-direct-indirect-path-detection-20260825-001
F8,X1,X2,f8-mixed-direct-indirect-path-detection,86,8,0.44733350519871734,0.005,residual_samples/batch-86-replication-8.csv,null_statistics/batch-86-replication-8.npy,batch-f8-mixed-direct-indirect-path-detection,17661724226436406885,2786438065332325078,8600742188876480893,0.20078160002594814,,,batch-f8-mixed-direct-indirect-path-detection-20260825-001
F8,X1,X2,f8-mixed-direct-indirect-path-detection,86,9,0.4501689130705832,0.005,residual_samples/batch-86-replication-9.csv,null_statistics/batch-86-replication-9.npy,batch-f8-mixed-direct-indirect-path-detection,4915994064976387043,5776086466391054003,6762240380742588892,0.19871309999143705,,,batch-f8-mixed-direct-indirect-path-detection-20260825-001
F8,X1,X2,f8-mixed-direct-indirect-path-detection,87,0,0.41222315083288175,0.005,residual_samples/batch-87-replication-0.csv,null_statistics/batch-87-replication-0.npy,batch-f8-mixed-direct-indirect-path-detection,2971205024086945816,17941367391233779850,15565829339780840490,0.19614100002218038,,,batch-f8-mixed-direct-indirect-path-detection-20260825-001
F8,X1,X2,f8-mixed-direct-indirect-path-detection,87,1,0.45298787273089425,0.005,residual_samples/batch-87-replication-1.csv,null_statistics/batch-87-replication-1.npy,batch-f8-mixed-direct-indirect-path-detection,1572504223424436811,15084190035200723883,9668312353208973304,0.1966809999430552,,,batch-f8-mixed-direct-indirect-path-detection-20260825-001
F8,X1,X2,f8-mixed-direct-indirect-path-detection,87,2,0.4764173227892597,0.005,residual_samples/batch-87-replication-2.csv,null_statistics/batch-87-replication-2.npy,batch-f8-mixed-direct-indirect-path-detection,3222354369685796645,6742971081536022902,12893703317835488217,0.2128188000060618,,,batch-f8-mixed-direct-indirect-path-detection-20260825-001
F8,X1,X2,f8-mixed-direct-indirect-path-detection,87,3,0.4626444323976696,0.005,residual_samples/batch-87-replication-3.csv,null_statistics/batch-87-replication-3.npy,batch-f8-mixed-direct-indirect-path-detection,14092083180366741421,5492303330687435745,9266017251800374262,0.21101950004231185,,,batch-f8-mixed-direct-indirect-path-detection-20260825-001
F8,X1,X2,f8-mixed-direct-indirect-path-detection,87,4,0.4434908249468067,0.005,residual_samples/batch-87-replication-4.csv,null_statistics/batch-87-replication-4.npy,batch-f8-mixed-direct-indirect-path-detection,450195363874876307,16993903259751498733,4255810397914824221,0.20706390001578256,,,batch-f8-mixed-direct-indirect-path-detection-20260825-001
F8,X1,X2,f8-mixed-direct-indirect-path-detection,87,5,0.41023551166730626,0.005,residual_samples/batch-87-replication-5.csv,null_statistics/batch-87-replication-5.npy,batch-f8-mixed-direct-indirect-path-detection,4238690322769675895,16810105562356723939,12030771330195951622,0.21583110000938177,,,batch-f8-mixed-direct-indirect-path-detection-20260825-001
F8,X1,X2,f8-mixed-direct-indirect-path-detection,87,6,0.4435101598164884,0.005,residual_samples/batch-87-replication-6.csv,null_statistics/batch-87-replication-6.npy,batch-f8-mixed-direct-indirect-path-detection,139113597556849502,16146802229000070632,2408319161758337594,0.2125895000062883,,,batch-f8-mixed-direct-indirect-path-detection-20260825-001
F8,X1,X2,f8-mixed-direct-indirect-path-detection,87,7,0.41304996131821725,0.005,residual_samples/batch-87-replication-7.csv,null_statistics/batch-87-replication-7.npy,batch-f8-mixed-direct-indirect-path-detection,9043609808398491550,7383027984678351490,7995517578082798511,0.21138599998084828,,,batch-f8-mixed-direct-indirect-path-detection-20260825-001
F8,X1,X2,f8-mixed-direct-indirect-path-detection,87,8,0.4349637332393542,0.005,residual_samples/batch-87-replication-8.csv,null_statistics/batch-87-replication-8.npy,batch-f8-mixed-direct-indirect-path-detection,15257783386453226828,13302748809711712092,16452825422217064211,0.207307500008028,,,batch-f8-mixed-direct-indirect-path-detection-20260825-001
F8,X1,X2,f8-mixed-direct-indirect-path-detection,87,9,0.44489305775171595,0.005,residual_samples/batch-87-replication-9.csv,null_statistics/batch-87-replication-9.npy,batch-f8-mixed-direct-indirect-path-detection,11975257007723564800,10945883386957524687,14789243608703117009,0.1992479999898933,,,batch-f8-mixed-direct-indirect-path-detection-20260825-001
F8,X1,X2,f8-mixed-direct-indirect-path-detection,88,0,0.3979964490604334,0.005,residual_samples/batch-88-replication-0.csv,null_statistics/batch-88-replication-0.npy,batch-f8-mixed-direct-indirect-path-detection,5360025753496491090,11659925820669432836,11720220019204936876,0.20087410003179684,,,batch-f8-mixed-direct-indirect-path-detection-20260825-001
F8,X1,X2,f8-mixed-direct-indirect-path-detection,88,1,0.4402834239863889,0.005,residual_samples/batch-88-replication-1.csv,null_statistics/batch-88-replication-1.npy,batch-f8-mixed-direct-indirect-path-detection,4210680831320904875,8109529916777560690,6092653882445580609,0.199551000026986,,,batch-f8-mixed-direct-indirect-path-detection-20260825-001
F8,X1,X2,f8-mixed-direct-indirect-path-detection,88,2,0.49480651063429915,0.005,residual_samples/batch-88-replication-2.csv,null_statistics/batch-88-replication-2.npy,batch-f8-mixed-direct-indirect-path-detection,170950475802849425,16761358141913309962,10351557626341415044,0.20548599999165162,,,batch-f8-mixed-direct-indirect-path-detection-20260825-001
F8,X1,X2,f8-mixed-direct-indirect-path-detection,88,3,0.4199954164256774,0.005,residual_samples/batch-88-replication-3.csv,null_statistics/batch-88-replication-3.npy,batch-f8-mixed-direct-indirect-path-detection,12111565082421743825,9929560295765622367,7617663876994293417,0.20554709999123588,,,batch-f8-mixed-direct-indirect-path-detection-20260825-001
F8,X1,X2,f8-mixed-direct-indirect-path-detection,88,4,0.4871306356310915,0.005,residual_samples/batch-88-replication-4.csv,null_statistics/batch-88-replication-4.npy,batch-f8-mixed-direct-indirect-path-detection,5111036994720679391,321861009595614162,6971798987733213299,0.20263870002236217,,,batch-f8-mixed-direct-indirect-path-detection-20260825-001
F8,X1,X2,f8-mixed-direct-indirect-path-detection,88,5,0.4486906894992844,0.005,residual_samples/batch-88-replication-5.csv,null_statistics/batch-88-replication-5.npy,batch-f8-mixed-direct-indirect-path-detection,9047396349459755514,9001421733816991380,2949885172764029586,0.20204229996306822,,,batch-f8-mixed-direct-indirect-path-detection-20260825-001
F8,X1,X2,f8-mixed-direct-indirect-path-detection,88,6,0.41914145389748775,0.005,residual_samples/batch-88-replication-6.csv,null_statistics/batch-88-replication-6.npy,batch-f8-mixed-direct-indirect-path-detection,18363265694589050802,6904997416201403845,2360566254475645725,0.21021140000084415,,,batch-f8-mixed-direct-indirect-path-detection-20260825-001
F8,X1,X2,f8-mixed-direct-indirect-path-detection,88,7,0.45640767739438703,0.005,residual_samples/batch-88-replication-7.csv,null_statistics/batch-88-replication-7.npy,batch-f8-mixed-direct-indirect-path-detection,11522173928664899091,11926569315975092825,9983347826129780630,0.19974739995086566,,,batch-f8-mixed-direct-indirect-path-detection-20260825-001
F8,X1,X2,f8-mixed-direct-indirect-path-detection,88,8,0.44627467860051384,0.005,residual_samples/batch-88-replication-8.csv,null_statistics/batch-88-replication-8.npy,batch-f8-mixed-direct-indirect-path-detection,10596672476980354364,15359365288392967487,11824292710582545767,0.19513850001385435,,,batch-f8-mixed-direct-indirect-path-detection-20260825-001
F8,X1,X2,f8-mixed-direct-indirect-path-detection,88,9,0.4278602681466053,0.005,residual_samples/batch-88-replication-9.csv,null_statistics/batch-88-replication-9.npy,batch-f8-mixed-direct-indirect-path-detection,16316814389068366297,6864303036567296450,9336478106278135453,0.19872549996944144,,,batch-f8-mixed-direct-indirect-path-detection-20260825-001
F8,X1,X2,f8-mixed-direct-indirect-path-detection,89,0,0.46306088019087743,0.005,residual_samples/batch-89-replication-0.csv,null_statistics/batch-89-replication-0.npy,batch-f8-mixed-direct-indirect-path-detection,17440907456077281678,11532679305413428771,4814825622145513590,0.19767500000307336,,,batch-f8-mixed-direct-indirect-path-detection-20260825-001
F8,X1,X2,f8-mixed-direct-indirect-path-detection,89,1,0.452053477984906,0.005,residual_samples/batch-89-replication-1.csv,null_statistics/batch-89-replication-1.npy,batch-f8-mixed-direct-indirect-path-detection,14807574932714919606,15900694274627009516,8522039805300613856,0.2020773999975063,,,batch-f8-mixed-direct-indirect-path-detection-20260825-001
F8,X1,X2,f8-mixed-direct-indirect-path-detection,89,2,0.47300143824565466,0.005,residual_samples/batch-89-replication-2.csv,null_statistics/batch-89-replication-2.npy,batch-f8-mixed-direct-indirect-path-detection,69233415181593070,13346526224044309097,2788599540424039172,0.19876689999364316,,,batch-f8-mixed-direct-indirect-path-detection-20260825-001
F8,X1,X2,f8-mixed-direct-indirect-path-detection,89,3,0.49601328952565255,0.005,residual_samples/batch-89-replication-3.csv,null_statistics/batch-89-replication-3.npy,batch-f8-mixed-direct-indirect-path-detection,13642313915636358395,271535854716203190,10814137211110189071,0.19704780000029132,,,batch-f8-mixed-direct-indirect-path-detection-20260825-001
F8,X1,X2,f8-mixed-direct-indirect-path-detection,89,4,0.463664643363795,0.005,residual_samples/batch-89-replication-4.csv,null_statistics/batch-89-replication-4.npy,batch-f8-mixed-direct-indirect-path-detection,16023711441676968669,15910510256264144586,6743070680423971298,0.19778290000976995,,,batch-f8-mixed-direct-indirect-path-detection-20260825-001
F8,X1,X2,f8-mixed-direct-indirect-path-detection,89,5,0.45517428156490325,0.005,residual_samples/batch-89-replication-5.csv,null_statistics/batch-89-replication-5.npy,batch-f8-mixed-direct-indirect-path-detection,1228703183287868456,7065623008615995146,7493540792767472436,0.19629549997625872,,,batch-f8-mixed-direct-indirect-path-detection-20260825-001
F8,X1,X2,f8-mixed-direct-indirect-path-detection,89,6,0.4610468040202184,0.005,residual_samples/batch-89-replication-6.csv,null_statistics/batch-89-replication-6.npy,batch-f8-mixed-direct-indirect-path-detection,17019010790219070388,14002111559388358668,7464943071089306737,0.20018460002029315,,,batch-f8-mixed-direct-indirect-path-detection-20260825-001
F8,X1,X2,f8-mixed-direct-indirect-path-detection,89,7,0.48508224151128354,0.005,residual_samples/batch-89-replication-7.csv,null_statistics/batch-89-replication-7.npy,batch-f8-mixed-direct-indirect-path-detection,18148858773010854048,4630078432495227760,2710634175426286807,0.20084880001377314,,,batch-f8-mixed-direct-indirect-path-detection-20260825-001
F8,X1,X2,f8-mixed-direct-indirect-path-detection,89,8,0.4460617078359601,0.005,residual_samples/batch-89-replication-8.csv,null_statistics/batch-89-replication-8.npy,batch-f8-mixed-direct-indirect-path-detection,11841639200887536229,14368535822951979606,7063305727736744777,0.20115129998885095,,,batch-f8-mixed-direct-indirect-path-detection-20260825-001
F8,X1,X2,f8-mixed-direct-indirect-path-detection,89,9,0.432296600414828,0.005,residual_samples/batch-89-replication-9.csv,null_statistics/batch-89-replication-9.npy,batch-f8-mixed-direct-indirect-path-detection,4771634639308020946,17817147357611144674,5542136373931248955,0.2090895000146702,,,batch-f8-mixed-direct-indirect-path-detection-20260825-001
F8,X1,X2,f8-mixed-direct-indirect-path-detection,90,0,0.4635747196716504,0.005,residual_samples/batch-90-replication-0.csv,null_statistics/batch-90-replication-0.npy,batch-f8-mixed-direct-indirect-path-detection,13172964691787823621,16685574863688452781,11337211529872691557,0.2077294000191614,,,batch-f8-mixed-direct-indirect-path-detection-20260825-001
F8,X1,X2,f8-mixed-direct-indirect-path-detection,90,1,0.4668689157188139,0.005,residual_samples/batch-90-replication-1.csv,null_statistics/batch-90-replication-1.npy,batch-f8-mixed-direct-indirect-path-detection,9230531395306130308,11560464161182558796,6582211644928171696,0.20625300001120195,,,batch-f8-mixed-direct-indirect-path-detection-20260825-001
F8,X1,X2,f8-mixed-direct-indirect-path-detection,90,2,0.4600765820581635,0.005,residual_samples/batch-90-replication-2.csv,null_statistics/batch-90-replication-2.npy,batch-f8-mixed-direct-indirect-path-detection,8166660047728666770,7423810345557402190,3600223523757211171,0.19922619999852031,,,batch-f8-mixed-direct-indirect-path-detection-20260825-001
F8,X1,X2,f8-mixed-direct-indirect-path-detection,90,3,0.4746310430269291,0.005,residual_samples/batch-90-replication-3.csv,null_statistics/batch-90-replication-3.npy,batch-f8-mixed-direct-indirect-path-detection,8099641462325314325,1746883359570452010,11387099450599554165,0.1957082999870181,,,batch-f8-mixed-direct-indirect-path-detection-20260825-001
F8,X1,X2,f8-mixed-direct-indirect-path-detection,90,4,0.4425365581302656,0.005,residual_samples/batch-90-replication-4.csv,null_statistics/batch-90-replication-4.npy,batch-f8-mixed-direct-indirect-path-detection,10256640754262470613,4049461803403988543,14736118306807041472,0.19750569999450818,,,batch-f8-mixed-direct-indirect-path-detection-20260825-001
F8,X1,X2,f8-mixed-direct-indirect-path-detection,90,5,0.4784403683637975,0.005,residual_samples/batch-90-replication-5.csv,null_statistics/batch-90-replication-5.npy,batch-f8-mixed-direct-indirect-path-detection,15708419354907083038,7755050321468873632,2996977007489391222,0.1945374999777414,,,batch-f8-mixed-direct-indirect-path-detection-20260825-001
F8,X1,X2,f8-mixed-direct-indirect-path-detection,90,6,0.471420165264027,0.005,residual_samples/batch-90-replication-6.csv,null_statistics/batch-90-replication-6.npy,batch-f8-mixed-direct-indirect-path-detection,10544685019686324373,10676705527980674782,7908980764841621723,0.1946991999866441,,,batch-f8-mixed-direct-indirect-path-detection-20260825-001
F8,X1,X2,f8-mixed-direct-indirect-path-detection,90,7,0.4586687784143017,0.005,residual_samples/batch-90-replication-7.csv,null_statistics/batch-90-replication-7.npy,batch-f8-mixed-direct-indirect-path-detection,18401777967588894721,741916670407649390,7802844772259879593,0.19681580003816634,,,batch-f8-mixed-direct-indirect-path-detection-20260825-001
F8,X1,X2,f8-mixed-direct-indirect-path-detection,90,8,0.44071203709486684,0.005,residual_samples/batch-90-replication-8.csv,null_statistics/batch-90-replication-8.npy,batch-f8-mixed-direct-indirect-path-detection,7962346041261518878,8228592895817850310,15127229636839986106,0.19168679998256266,,,batch-f8-mixed-direct-indirect-path-detection-20260825-001
F8,X1,X2,f8-mixed-direct-indirect-path-detection,90,9,0.49374867419328167,0.005,residual_samples/batch-90-replication-9.csv,null_statistics/batch-90-replication-9.npy,batch-f8-mixed-direct-indirect-path-detection,5674057917570096527,6458618807646470873,10642887633617110680,0.1953510000021197,,,batch-f8-mixed-direct-indirect-path-detection-20260825-001
F8,X1,X2,f8-mixed-direct-indirect-path-detection,91,0,0.5090141845289007,0.005,residual_samples/batch-91-replication-0.csv,null_statistics/batch-91-replication-0.npy,batch-f8-mixed-direct-indirect-path-detection,13627707076182303845,14208770166265852847,4835576543316462974,0.19825690001016483,,,batch-f8-mixed-direct-indirect-path-detection-20260825-001
F8,X1,X2,f8-mixed-direct-indirect-path-detection,91,1,0.44334888298583447,0.005,residual_samples/batch-91-replication-1.csv,null_statistics/batch-91-replication-1.npy,batch-f8-mixed-direct-indirect-path-detection,7520752903377513970,14768940110432961369,10425342320466919487,0.19528709998121485,,,batch-f8-mixed-direct-indirect-path-detection-20260825-001
F8,X1,X2,f8-mixed-direct-indirect-path-detection,91,2,0.4503322827589145,0.005,residual_samples/batch-91-replication-2.csv,null_statistics/batch-91-replication-2.npy,batch-f8-mixed-direct-indirect-path-detection,7791108239591588444,7035444089278409498,11784289336205527145,0.19683239998994395,,,batch-f8-mixed-direct-indirect-path-detection-20260825-001
F8,X1,X2,f8-mixed-direct-indirect-path-detection,91,3,0.4904319093794111,0.005,residual_samples/batch-91-replication-3.csv,null_statistics/batch-91-replication-3.npy,batch-f8-mixed-direct-indirect-path-detection,4973213949644236322,2215114153522929996,7032928683427197897,0.19397560000652447,,,batch-f8-mixed-direct-indirect-path-detection-20260825-001
F8,X1,X2,f8-mixed-direct-indirect-path-detection,91,4,0.42334803459713477,0.005,residual_samples/batch-91-replication-4.csv,null_statistics/batch-91-replication-4.npy,batch-f8-mixed-direct-indirect-path-detection,3844316920081762332,12574750890866547025,1362717771670185558,0.19849659997271374,,,batch-f8-mixed-direct-indirect-path-detection-20260825-001
F8,X1,X2,f8-mixed-direct-indirect-path-detection,91,5,0.4639892828184606,0.005,residual_samples/batch-91-replication-5.csv,null_statistics/batch-91-replication-5.npy,batch-f8-mixed-direct-indirect-path-detection,7044890560801051758,12175848273206666788,10833186446884707849,0.19965640001464635,,,batch-f8-mixed-direct-indirect-path-detection-20260825-001
F8,X1,X2,f8-mixed-direct-indirect-path-detection,91,6,0.4515625111978508,0.005,residual_samples/batch-91-replication-6.csv,null_statistics/batch-91-replication-6.npy,batch-f8-mixed-direct-indirect-path-detection,2610850445219067920,5633891487982069269,7225611254147725080,0.20041879999917,,,batch-f8-mixed-direct-indirect-path-detection-20260825-001
F8,X1,X2,f8-mixed-direct-indirect-path-detection,91,7,0.45425228947670554,0.005,residual_samples/batch-91-replication-7.csv,null_statistics/batch-91-replication-7.npy,batch-f8-mixed-direct-indirect-path-detection,4655313911741524120,11568222406512414283,1741191372482281369,0.19548990001203492,,,batch-f8-mixed-direct-indirect-path-detection-20260825-001
F8,X1,X2,f8-mixed-direct-indirect-path-detection,91,8,0.45374641046199693,0.005,residual_samples/batch-91-replication-8.csv,null_statistics/batch-91-replication-8.npy,batch-f8-mixed-direct-indirect-path-detection,947852460207005751,1359583010876680061,7244143496804536563,0.1934324999456294,,,batch-f8-mixed-direct-indirect-path-detection-20260825-001
F8,X1,X2,f8-mixed-direct-indirect-path-detection,91,9,0.4152020459050448,0.005,residual_samples/batch-91-replication-9.csv,null_statistics/batch-91-replication-9.npy,batch-f8-mixed-direct-indirect-path-detection,3757330434054217802,11100715688878608573,12589659083333144842,0.19632439996348694,,,batch-f8-mixed-direct-indirect-path-detection-20260825-001
F8,X1,X2,f8-mixed-direct-indirect-path-detection,92,0,0.4074571349814867,0.005,residual_samples/batch-92-replication-0.csv,null_statistics/batch-92-replication-0.npy,batch-f8-mixed-direct-indirect-path-detection,14011138635392625664,10522841385235457705,14758501346808258385,0.19093689997680485,,,batch-f8-mixed-direct-indirect-path-detection-20260825-001
F8,X1,X2,f8-mixed-direct-indirect-path-detection,92,1,0.4000685563154557,0.005,residual_samples/batch-92-replication-1.csv,null_statistics/batch-92-replication-1.npy,batch-f8-mixed-direct-indirect-path-detection,11071458187353597139,2742525640865546537,11027225327115907705,0.1954843999701552,,,batch-f8-mixed-direct-indirect-path-detection-20260825-001
F8,X1,X2,f8-mixed-direct-indirect-path-detection,92,2,0.4628404802316617,0.005,residual_samples/batch-92-replication-2.csv,null_statistics/batch-92-replication-2.npy,batch-f8-mixed-direct-indirect-path-detection,15191847677846505801,13949266598049998166,8008381851926043973,0.19810750003671274,,,batch-f8-mixed-direct-indirect-path-detection-20260825-001
F8,X1,X2,f8-mixed-direct-indirect-path-detection,92,3,0.43740215238385227,0.005,residual_samples/batch-92-replication-3.csv,null_statistics/batch-92-replication-3.npy,batch-f8-mixed-direct-indirect-path-detection,10545533688197969251,13550997050239715430,5088091246571946677,0.1943081999779679,,,batch-f8-mixed-direct-indirect-path-detection-20260825-001
F8,X1,X2,f8-mixed-direct-indirect-path-detection,92,4,0.43358821836194056,0.005,residual_samples/batch-92-replication-4.csv,null_statistics/batch-92-replication-4.npy,batch-f8-mixed-direct-indirect-path-detection,18212370422709484743,4269591416119578752,6133226774228341564,0.19588429998839274,,,batch-f8-mixed-direct-indirect-path-detection-20260825-001
F8,X1,X2,f8-mixed-direct-indirect-path-detection,92,5,0.46219748134157024,0.005,residual_samples/batch-92-replication-5.csv,null_statistics/batch-92-replication-5.npy,batch-f8-mixed-direct-indirect-path-detection,11085288306251466254,350554407602079816,4146464352573732842,0.19711459998507053,,,batch-f8-mixed-direct-indirect-path-detection-20260825-001
F8,X1,X2,f8-mixed-direct-indirect-path-detection,92,6,0.48097328279635976,0.005,residual_samples/batch-92-replication-6.csv,null_statistics/batch-92-replication-6.npy,batch-f8-mixed-direct-indirect-path-detection,12504161051699154599,12772076792566994274,9734374267167029707,0.19845789996907115,,,batch-f8-mixed-direct-indirect-path-detection-20260825-001
F8,X1,X2,f8-mixed-direct-indirect-path-detection,92,7,0.4365008331001967,0.005,residual_samples/batch-92-replication-7.csv,null_statistics/batch-92-replication-7.npy,batch-f8-mixed-direct-indirect-path-detection,9039654078047358853,2706964465679629511,10322351600061775802,0.1976629999699071,,,batch-f8-mixed-direct-indirect-path-detection-20260825-001
F8,X1,X2,f8-mixed-direct-indirect-path-detection,92,8,0.4430616124793573,0.005,residual_samples/batch-92-replication-8.csv,null_statistics/batch-92-replication-8.npy,batch-f8-mixed-direct-indirect-path-detection,1783741686487088379,3011299203476147752,6562711122962418843,0.1941466999705881,,,batch-f8-mixed-direct-indirect-path-detection-20260825-001
F8,X1,X2,f8-mixed-direct-indirect-path-detection,92,9,0.43739917192010286,0.005,residual_samples/batch-92-replication-9.csv,null_statistics/batch-92-replication-9.npy,batch-f8-mixed-direct-indirect-path-detection,13457640624143457693,14676880178067974696,17309209556059594300,0.19590329995844513,,,batch-f8-mixed-direct-indirect-path-detection-20260825-001
F8,X1,X2,f8-mixed-direct-indirect-path-detection,93,0,0.45129340692609243,0.005,residual_samples/batch-93-replication-0.csv,null_statistics/batch-93-replication-0.npy,batch-f8-mixed-direct-indirect-path-detection,14660891488255279805,9999314149140016921,10956213152020756730,0.1948600999894552,,,batch-f8-mixed-direct-indirect-path-detection-20260825-001
F8,X1,X2,f8-mixed-direct-indirect-path-detection,93,1,0.4683846513967151,0.005,residual_samples/batch-93-replication-1.csv,null_statistics/batch-93-replication-1.npy,batch-f8-mixed-direct-indirect-path-detection,7352830850698207753,7961127927448995964,8028042188762125580,0.1980102999950759,,,batch-f8-mixed-direct-indirect-path-detection-20260825-001
F8,X1,X2,f8-mixed-direct-indirect-path-detection,93,2,0.42306516254407595,0.005,residual_samples/batch-93-replication-2.csv,null_statistics/batch-93-replication-2.npy,batch-f8-mixed-direct-indirect-path-detection,5932667661633360405,7565243294824060446,9485631972495751871,0.19972760003292933,,,batch-f8-mixed-direct-indirect-path-detection-20260825-001
F8,X1,X2,f8-mixed-direct-indirect-path-detection,93,3,0.4896983569941608,0.005,residual_samples/batch-93-replication-3.csv,null_statistics/batch-93-replication-3.npy,batch-f8-mixed-direct-indirect-path-detection,17002637817973744669,10006753392425653042,3248847532663082679,0.19691919995239004,,,batch-f8-mixed-direct-indirect-path-detection-20260825-001
F8,X1,X2,f8-mixed-direct-indirect-path-detection,93,4,0.4358309385471043,0.005,residual_samples/batch-93-replication-4.csv,null_statistics/batch-93-replication-4.npy,batch-f8-mixed-direct-indirect-path-detection,16989872862303541922,4020321254379417755,10557663480661718085,0.20275120000587776,,,batch-f8-mixed-direct-indirect-path-detection-20260825-001
F8,X1,X2,f8-mixed-direct-indirect-path-detection,93,5,0.4831612252691856,0.005,residual_samples/batch-93-replication-5.csv,null_statistics/batch-93-replication-5.npy,batch-f8-mixed-direct-indirect-path-detection,4506460272522444573,2236246480664016460,10406116949119206596,0.19914879999123514,,,batch-f8-mixed-direct-indirect-path-detection-20260825-001
F8,X1,X2,f8-mixed-direct-indirect-path-detection,93,6,0.48867174350549203,0.005,residual_samples/batch-93-replication-6.csv,null_statistics/batch-93-replication-6.npy,batch-f8-mixed-direct-indirect-path-detection,4159940899116081498,17508727381168683234,14283363481536470193,0.20161959994584322,,,batch-f8-mixed-direct-indirect-path-detection-20260825-001
F8,X1,X2,f8-mixed-direct-indirect-path-detection,93,7,0.44973431346077025,0.005,residual_samples/batch-93-replication-7.csv,null_statistics/batch-93-replication-7.npy,batch-f8-mixed-direct-indirect-path-detection,3963052465513353006,4926356210083804140,8728647404916703452,0.19679449999239296,,,batch-f8-mixed-direct-indirect-path-detection-20260825-001
F8,X1,X2,f8-mixed-direct-indirect-path-detection,93,8,0.4518795312320387,0.005,residual_samples/batch-93-replication-8.csv,null_statistics/batch-93-replication-8.npy,batch-f8-mixed-direct-indirect-path-detection,13587595105067950726,7010741873228985538,1321366079473557894,0.19824689999222755,,,batch-f8-mixed-direct-indirect-path-detection-20260825-001
F8,X1,X2,f8-mixed-direct-indirect-path-detection,93,9,0.42634395153992816,0.005,residual_samples/batch-93-replication-9.csv,null_statistics/batch-93-replication-9.npy,batch-f8-mixed-direct-indirect-path-detection,12393303859305076723,4829383339594309386,13626029041806138948,0.19461810000939295,,,batch-f8-mixed-direct-indirect-path-detection-20260825-001
F8,X1,X2,f8-mixed-direct-indirect-path-detection,94,0,0.45390491531925115,0.005,residual_samples/batch-94-replication-0.csv,null_statistics/batch-94-replication-0.npy,batch-f8-mixed-direct-indirect-path-detection,13122102191020063035,1742812921190577196,777336373022966968,0.19761179998749867,,,batch-f8-mixed-direct-indirect-path-detection-20260825-001
F8,X1,X2,f8-mixed-direct-indirect-path-detection,94,1,0.47136975341060544,0.005,residual_samples/batch-94-replication-1.csv,null_statistics/batch-94-replication-1.npy,batch-f8-mixed-direct-indirect-path-detection,12976278907727737406,12637568206245440502,5534482362587240952,0.19921849999809638,,,batch-f8-mixed-direct-indirect-path-detection-20260825-001
F8,X1,X2,f8-mixed-direct-indirect-path-detection,94,2,0.49497580286730086,0.005,residual_samples/batch-94-replication-2.csv,null_statistics/batch-94-replication-2.npy,batch-f8-mixed-direct-indirect-path-detection,11099291435296479809,8155210874680309134,13036309348815612589,0.19359670003177598,,,batch-f8-mixed-direct-indirect-path-detection-20260825-001
F8,X1,X2,f8-mixed-direct-indirect-path-detection,94,3,0.4675887740939916,0.005,residual_samples/batch-94-replication-3.csv,null_statistics/batch-94-replication-3.npy,batch-f8-mixed-direct-indirect-path-detection,3034077238234889623,5903048442500512489,16999920820690931822,0.19825269997818395,,,batch-f8-mixed-direct-indirect-path-detection-20260825-001
F8,X1,X2,f8-mixed-direct-indirect-path-detection,94,4,0.4703059983839238,0.005,residual_samples/batch-94-replication-4.csv,null_statistics/batch-94-replication-4.npy,batch-f8-mixed-direct-indirect-path-detection,16257693675430955996,15608455647868635883,17320455395191960369,0.1938122000428848,,,batch-f8-mixed-direct-indirect-path-detection-20260825-001
F8,X1,X2,f8-mixed-direct-indirect-path-detection,94,5,0.46575993488659645,0.005,residual_samples/batch-94-replication-5.csv,null_statistics/batch-94-replication-5.npy,batch-f8-mixed-direct-indirect-path-detection,1056970674898207514,18443199044319893295,2901412226028358806,0.19702479999978095,,,batch-f8-mixed-direct-indirect-path-detection-20260825-001
F8,X1,X2,f8-mixed-direct-indirect-path-detection,94,6,0.4643706834212864,0.005,residual_samples/batch-94-replication-6.csv,null_statistics/batch-94-replication-6.npy,batch-f8-mixed-direct-indirect-path-detection,12456857239787220635,10017451554002122854,5498697554829783118,0.1959254000103101,,,batch-f8-mixed-direct-indirect-path-detection-20260825-001
F8,X1,X2,f8-mixed-direct-indirect-path-detection,94,7,0.441621756896696,0.005,residual_samples/batch-94-replication-7.csv,null_statistics/batch-94-replication-7.npy,batch-f8-mixed-direct-indirect-path-detection,9394475955057889997,8330606368740601827,13490967752706917768,0.19298789999447763,,,batch-f8-mixed-direct-indirect-path-detection-20260825-001
F8,X1,X2,f8-mixed-direct-indirect-path-detection,94,8,0.4534495550788977,0.005,residual_samples/batch-94-replication-8.csv,null_statistics/batch-94-replication-8.npy,batch-f8-mixed-direct-indirect-path-detection,7423379006582667085,6039879603116286355,322819552872419840,0.19698569999309257,,,batch-f8-mixed-direct-indirect-path-detection-20260825-001
F8,X1,X2,f8-mixed-direct-indirect-path-detection,94,9,0.47497639010814857,0.005,residual_samples/batch-94-replication-9.csv,null_statistics/batch-94-replication-9.npy,batch-f8-mixed-direct-indirect-path-detection,14183502795928843812,11447993890781505999,4515075134182386539,0.1947787000099197,,,batch-f8-mixed-direct-indirect-path-detection-20260825-001
F8,X1,X2,f8-mixed-direct-indirect-path-detection,95,0,0.42853906983389306,0.005,residual_samples/batch-95-replication-0.csv,null_statistics/batch-95-replication-0.npy,batch-f8-mixed-direct-indirect-path-detection,16918364102977345058,10113604522174026476,5761019131573306553,0.19795840000733733,,,batch-f8-mixed-direct-indirect-path-detection-20260825-001
F8,X1,X2,f8-mixed-direct-indirect-path-detection,95,1,0.4866075893714843,0.005,residual_samples/batch-95-replication-1.csv,null_statistics/batch-95-replication-1.npy,batch-f8-mixed-direct-indirect-path-detection,14826916644253775691,12050547477401496093,12526515187148187022,0.19484209996880963,,,batch-f8-mixed-direct-indirect-path-detection-20260825-001
F8,X1,X2,f8-mixed-direct-indirect-path-detection,95,2,0.4514926049156399,0.005,residual_samples/batch-95-replication-2.csv,null_statistics/batch-95-replication-2.npy,batch-f8-mixed-direct-indirect-path-detection,4165985861764952420,4981536789964762018,7829569807434960113,0.19622719998005778,,,batch-f8-mixed-direct-indirect-path-detection-20260825-001
F8,X1,X2,f8-mixed-direct-indirect-path-detection,95,3,0.42143115195762204,0.005,residual_samples/batch-95-replication-3.csv,null_statistics/batch-95-replication-3.npy,batch-f8-mixed-direct-indirect-path-detection,13387833276393663741,4915634838284965233,15907187615474252753,0.19892110000364482,,,batch-f8-mixed-direct-indirect-path-detection-20260825-001
F8,X1,X2,f8-mixed-direct-indirect-path-detection,95,4,0.4746300349511865,0.005,residual_samples/batch-95-replication-4.csv,null_statistics/batch-95-replication-4.npy,batch-f8-mixed-direct-indirect-path-detection,18218799668665068917,13309181804224359278,11717750887764731896,0.19585130002815276,,,batch-f8-mixed-direct-indirect-path-detection-20260825-001
F8,X1,X2,f8-mixed-direct-indirect-path-detection,95,5,0.44296166458264385,0.005,residual_samples/batch-95-replication-5.csv,null_statistics/batch-95-replication-5.npy,batch-f8-mixed-direct-indirect-path-detection,12378201741790521883,14406734126802650329,5355937720382615135,0.19716380001045763,,,batch-f8-mixed-direct-indirect-path-detection-20260825-001
F8,X1,X2,f8-mixed-direct-indirect-path-detection,95,6,0.49192719921305106,0.005,residual_samples/batch-95-replication-6.csv,null_statistics/batch-95-replication-6.npy,batch-f8-mixed-direct-indirect-path-detection,11792648390347878865,14231658885642454738,8622005622830050450,0.19394289999036118,,,batch-f8-mixed-direct-indirect-path-detection-20260825-001
F8,X1,X2,f8-mixed-direct-indirect-path-detection,95,7,0.46021057975617063,0.005,residual_samples/batch-95-replication-7.csv,null_statistics/batch-95-replication-7.npy,batch-f8-mixed-direct-indirect-path-detection,504480726127800592,11077124167215786750,2073860678710453127,0.1920166999916546,,,batch-f8-mixed-direct-indirect-path-detection-20260825-001
F8,X1,X2,f8-mixed-direct-indirect-path-detection,95,8,0.4640923841924531,0.005,residual_samples/batch-95-replication-8.csv,null_statistics/batch-95-replication-8.npy,batch-f8-mixed-direct-indirect-path-detection,11588516760073387182,18234031900395556697,10579163405809014379,0.19735139998374507,,,batch-f8-mixed-direct-indirect-path-detection-20260825-001
F8,X1,X2,f8-mixed-direct-indirect-path-detection,95,9,0.4540837471050543,0.005,residual_samples/batch-95-replication-9.csv,null_statistics/batch-95-replication-9.npy,batch-f8-mixed-direct-indirect-path-detection,9790253632416883471,11688950097386537664,17224775564960973836,0.19649040000513196,,,batch-f8-mixed-direct-indirect-path-detection-20260825-001
F8,X1,X2,f8-mixed-direct-indirect-path-detection,96,0,0.42796246989237924,0.005,residual_samples/batch-96-replication-0.csv,null_statistics/batch-96-replication-0.npy,batch-f8-mixed-direct-indirect-path-detection,904684613141888122,1481276254539937288,9673012255775426980,0.19292209995910525,,,batch-f8-mixed-direct-indirect-path-detection-20260825-001
F8,X1,X2,f8-mixed-direct-indirect-path-detection,96,1,0.4513412889251131,0.005,residual_samples/batch-96-replication-1.csv,null_statistics/batch-96-replication-1.npy,batch-f8-mixed-direct-indirect-path-detection,4096824266464215787,3304709592731634024,8270540208335272159,0.19686829997226596,,,batch-f8-mixed-direct-indirect-path-detection-20260825-001
F8,X1,X2,f8-mixed-direct-indirect-path-detection,96,2,0.4751731754785128,0.005,residual_samples/batch-96-replication-2.csv,null_statistics/batch-96-replication-2.npy,batch-f8-mixed-direct-indirect-path-detection,8201915997352985392,16473651956291617936,7270071101320153313,0.19369099999312311,,,batch-f8-mixed-direct-indirect-path-detection-20260825-001
F8,X1,X2,f8-mixed-direct-indirect-path-detection,96,3,0.4435341490843395,0.005,residual_samples/batch-96-replication-3.csv,null_statistics/batch-96-replication-3.npy,batch-f8-mixed-direct-indirect-path-detection,4472591508090816501,15214728597355577958,10405380051736599569,0.19887099997140467,,,batch-f8-mixed-direct-indirect-path-detection-20260825-001
F8,X1,X2,f8-mixed-direct-indirect-path-detection,96,4,0.42247318759811603,0.005,residual_samples/batch-96-replication-4.csv,null_statistics/batch-96-replication-4.npy,batch-f8-mixed-direct-indirect-path-detection,6887947057197698500,16025424809765832587,12799914045862508959,0.19588509999448434,,,batch-f8-mixed-direct-indirect-path-detection-20260825-001
F8,X1,X2,f8-mixed-direct-indirect-path-detection,96,5,0.43665274620967875,0.005,residual_samples/batch-96-replication-5.csv,null_statistics/batch-96-replication-5.npy,batch-f8-mixed-direct-indirect-path-detection,2405201513937877002,7758101965791884743,10687396388534284858,0.1964490999816917,,,batch-f8-mixed-direct-indirect-path-detection-20260825-001
F8,X1,X2,f8-mixed-direct-indirect-path-detection,96,6,0.4379461530952135,0.005,residual_samples/batch-96-replication-6.csv,null_statistics/batch-96-replication-6.npy,batch-f8-mixed-direct-indirect-path-detection,5254978898191317584,7698069419008045977,2577725072934700990,0.19538160000229254,,,batch-f8-mixed-direct-indirect-path-detection-20260825-001
F8,X1,X2,f8-mixed-direct-indirect-path-detection,96,7,0.47224577014027375,0.005,residual_samples/batch-96-replication-7.csv,null_statistics/batch-96-replication-7.npy,batch-f8-mixed-direct-indirect-path-detection,1986368312136802600,7392383204058400523,9287423131539495488,0.19980189995840192,,,batch-f8-mixed-direct-indirect-path-detection-20260825-001
F8,X1,X2,f8-mixed-direct-indirect-path-detection,96,8,0.47558979262384415,0.005,residual_samples/batch-96-replication-8.csv,null_statistics/batch-96-replication-8.npy,batch-f8-mixed-direct-indirect-path-detection,12771464194321100156,15723541919023181809,15250992422500055792,0.20329050003783777,,,batch-f8-mixed-direct-indirect-path-detection-20260825-001
F8,X1,X2,f8-mixed-direct-indirect-path-detection,96,9,0.4489393462243706,0.005,residual_samples/batch-96-replication-9.csv,null_statistics/batch-96-replication-9.npy,batch-f8-mixed-direct-indirect-path-detection,5587315786583631868,11297803701780163550,16451083816183524660,0.1943924999795854,,,batch-f8-mixed-direct-indirect-path-detection-20260825-001
F8,X1,X2,f8-mixed-direct-indirect-path-detection,97,0,0.4367533021336894,0.005,residual_samples/batch-97-replication-0.csv,null_statistics/batch-97-replication-0.npy,batch-f8-mixed-direct-indirect-path-detection,12836417357437236468,6743649870439162101,15778049390636048812,0.1971168000018224,,,batch-f8-mixed-direct-indirect-path-detection-20260825-001
F8,X1,X2,f8-mixed-direct-indirect-path-detection,97,1,0.43299521309552835,0.005,residual_samples/batch-97-replication-1.csv,null_statistics/batch-97-replication-1.npy,batch-f8-mixed-direct-indirect-path-detection,14990387377573950601,5189767847836019152,10524167298793629316,0.19583079998847097,,,batch-f8-mixed-direct-indirect-path-detection-20260825-001
F8,X1,X2,f8-mixed-direct-indirect-path-detection,97,2,0.4398707361041949,0.005,residual_samples/batch-97-replication-2.csv,null_statistics/batch-97-replication-2.npy,batch-f8-mixed-direct-indirect-path-detection,10502943942921244707,3281782374994168878,6070466210055211731,0.2000074999523349,,,batch-f8-mixed-direct-indirect-path-detection-20260825-001
F8,X1,X2,f8-mixed-direct-indirect-path-detection,97,3,0.40554869501710744,0.005,residual_samples/batch-97-replication-3.csv,null_statistics/batch-97-replication-3.npy,batch-f8-mixed-direct-indirect-path-detection,10380034010214863015,2839606495364812696,3205710060756988069,0.19606099999509752,,,batch-f8-mixed-direct-indirect-path-detection-20260825-001
F8,X1,X2,f8-mixed-direct-indirect-path-detection,97,4,0.4441654288479242,0.005,residual_samples/batch-97-replication-4.csv,null_statistics/batch-97-replication-4.npy,batch-f8-mixed-direct-indirect-path-detection,16186477762278765343,8331221156876110092,8996843498267760912,0.19782079994911328,,,batch-f8-mixed-direct-indirect-path-detection-20260825-001
F8,X1,X2,f8-mixed-direct-indirect-path-detection,97,5,0.44003383040942684,0.005,residual_samples/batch-97-replication-5.csv,null_statistics/batch-97-replication-5.npy,batch-f8-mixed-direct-indirect-path-detection,14269555435371653902,6471394291994884337,6638148340879498945,0.19684849999612197,,,batch-f8-mixed-direct-indirect-path-detection-20260825-001
F8,X1,X2,f8-mixed-direct-indirect-path-detection,97,6,0.47192499538734073,0.005,residual_samples/batch-97-replication-6.csv,null_statistics/batch-97-replication-6.npy,batch-f8-mixed-direct-indirect-path-detection,9255361708896423081,14493474755348930825,2400593512877666412,0.19627350004157051,,,batch-f8-mixed-direct-indirect-path-detection-20260825-001
F8,X1,X2,f8-mixed-direct-indirect-path-detection,97,7,0.44665524428447795,0.005,residual_samples/batch-97-replication-7.csv,null_statistics/batch-97-replication-7.npy,batch-f8-mixed-direct-indirect-path-detection,2225775587267384922,13174846557569036557,9787104054342009956,0.19719490001443774,,,batch-f8-mixed-direct-indirect-path-detection-20260825-001
F8,X1,X2,f8-mixed-direct-indirect-path-detection,97,8,0.4798693252538903,0.005,residual_samples/batch-97-replication-8.csv,null_statistics/batch-97-replication-8.npy,batch-f8-mixed-direct-indirect-path-detection,14045572307107467065,6835532490187543363,2886705218403820960,0.19715979997999966,,,batch-f8-mixed-direct-indirect-path-detection-20260825-001
F8,X1,X2,f8-mixed-direct-indirect-path-detection,97,9,0.43883426275812776,0.005,residual_samples/batch-97-replication-9.csv,null_statistics/batch-97-replication-9.npy,batch-f8-mixed-direct-indirect-path-detection,6293205059377560106,8974479437682463632,4101211682616866022,0.1980372000252828,,,batch-f8-mixed-direct-indirect-path-detection-20260825-001
F8,X1,X2,f8-mixed-direct-indirect-path-detection,98,0,0.3917429255427295,0.005,residual_samples/batch-98-replication-0.csv,null_statistics/batch-98-replication-0.npy,batch-f8-mixed-direct-indirect-path-detection,16967250921912433050,7716908238084242905,3492945536115764326,0.1974270999780856,,,batch-f8-mixed-direct-indirect-path-detection-20260825-001
F8,X1,X2,f8-mixed-direct-indirect-path-detection,98,1,0.4460085580767554,0.005,residual_samples/batch-98-replication-1.csv,null_statistics/batch-98-replication-1.npy,batch-f8-mixed-direct-indirect-path-detection,14123784800929644895,12493333635256668898,14984762246926615917,0.19849199999589473,,,batch-f8-mixed-direct-indirect-path-detection-20260825-001
F8,X1,X2,f8-mixed-direct-indirect-path-detection,98,2,0.4730534356518197,0.005,residual_samples/batch-98-replication-2.csv,null_statistics/batch-98-replication-2.npy,batch-f8-mixed-direct-indirect-path-detection,2537446580509596821,9970025814607792800,13050886440314546564,0.19791909999912605,,,batch-f8-mixed-direct-indirect-path-detection-20260825-001
F8,X1,X2,f8-mixed-direct-indirect-path-detection,98,3,0.4457445882679535,0.005,residual_samples/batch-98-replication-3.csv,null_statistics/batch-98-replication-3.npy,batch-f8-mixed-direct-indirect-path-detection,14295203985240426963,6516567970637189997,1697759740130766480,0.1975407000281848,,,batch-f8-mixed-direct-indirect-path-detection-20260825-001
F8,X1,X2,f8-mixed-direct-indirect-path-detection,98,4,0.46299944549022415,0.005,residual_samples/batch-98-replication-4.csv,null_statistics/batch-98-replication-4.npy,batch-f8-mixed-direct-indirect-path-detection,15878987631243040866,3604512923726727410,6037539612831477143,0.1982049000216648,,,batch-f8-mixed-direct-indirect-path-detection-20260825-001
F8,X1,X2,f8-mixed-direct-indirect-path-detection,98,5,0.5137155533617821,0.005,residual_samples/batch-98-replication-5.csv,null_statistics/batch-98-replication-5.npy,batch-f8-mixed-direct-indirect-path-detection,11391637016861287478,17707288856775363905,8181954362536672004,0.20054769999114797,,,batch-f8-mixed-direct-indirect-path-detection-20260825-001
F8,X1,X2,f8-mixed-direct-indirect-path-detection,98,6,0.4648541245491539,0.005,residual_samples/batch-98-replication-6.csv,null_statistics/batch-98-replication-6.npy,batch-f8-mixed-direct-indirect-path-detection,10480067184438930538,997079577901458889,2453591944672420725,0.19825650000711903,,,batch-f8-mixed-direct-indirect-path-detection-20260825-001
F8,X1,X2,f8-mixed-direct-indirect-path-detection,98,7,0.45486981879703614,0.005,residual_samples/batch-98-replication-7.csv,null_statistics/batch-98-replication-7.npy,batch-f8-mixed-direct-indirect-path-detection,4083038089935966474,7706367946195694853,14840295661615683341,0.19824170001083985,,,batch-f8-mixed-direct-indirect-path-detection-20260825-001
F8,X1,X2,f8-mixed-direct-indirect-path-detection,98,8,0.46220368417760593,0.005,residual_samples/batch-98-replication-8.csv,null_statistics/batch-98-replication-8.npy,batch-f8-mixed-direct-indirect-path-detection,11893826735512477314,11295424003270786117,16349937994432149894,0.19775439996737987,,,batch-f8-mixed-direct-indirect-path-detection-20260825-001
F8,X1,X2,f8-mixed-direct-indirect-path-detection,98,9,0.46505548656978596,0.005,residual_samples/batch-98-replication-9.csv,null_statistics/batch-98-replication-9.npy,batch-f8-mixed-direct-indirect-path-detection,1388537814406208261,15884939430563438366,8069946827231465112,0.19489529996644706,,,batch-f8-mixed-direct-indirect-path-detection-20260825-001
F8,X1,X2,f8-mixed-direct-indirect-path-detection,99,0,0.43292887410768116,0.005,residual_samples/batch-99-replication-0.csv,null_statistics/batch-99-replication-0.npy,batch-f8-mixed-direct-indirect-path-detection,1784613574886876575,145529703937687327,15062695469073880420,0.1939352000481449,,,batch-f8-mixed-direct-indirect-path-detection-20260825-001
F8,X1,X2,f8-mixed-direct-indirect-path-detection,99,1,0.42883796336369107,0.005,residual_samples/batch-99-replication-1.csv,null_statistics/batch-99-replication-1.npy,batch-f8-mixed-direct-indirect-path-detection,17868457179737846433,3453352062466963086,1854747564636690414,0.19364389998372644,,,batch-f8-mixed-direct-indirect-path-detection-20260825-001
F8,X1,X2,f8-mixed-direct-indirect-path-detection,99,2,0.42445237627806753,0.005,residual_samples/batch-99-replication-2.csv,null_statistics/batch-99-replication-2.npy,batch-f8-mixed-direct-indirect-path-detection,10479602252673524437,12027455218483442458,5308051461442913730,0.19394450000254437,,,batch-f8-mixed-direct-indirect-path-detection-20260825-001
F8,X1,X2,f8-mixed-direct-indirect-path-detection,99,3,0.45336513508401066,0.005,residual_samples/batch-99-replication-3.csv,null_statistics/batch-99-replication-3.npy,batch-f8-mixed-direct-indirect-path-detection,9657963950012141339,1609900360489423488,18188972625250021106,0.1946415000129491,,,batch-f8-mixed-direct-indirect-path-detection-20260825-001
F8,X1,X2,f8-mixed-direct-indirect-path-detection,99,4,0.4653635856778819,0.005,residual_samples/batch-99-replication-4.csv,null_statistics/batch-99-replication-4.npy,batch-f8-mixed-direct-indirect-path-detection,2442040588785893795,11792830804998032786,11343390164775226919,0.19346280000172555,,,batch-f8-mixed-direct-indirect-path-detection-20260825-001
F8,X1,X2,f8-mixed-direct-indirect-path-detection,99,5,0.4316303339614828,0.005,residual_samples/batch-99-replication-5.csv,null_statistics/batch-99-replication-5.npy,batch-f8-mixed-direct-indirect-path-detection,4529891905468012182,931091148194850462,10559041507613489348,0.1947482000105083,,,batch-f8-mixed-direct-indirect-path-detection-20260825-001
F8,X1,X2,f8-mixed-direct-indirect-path-detection,99,6,0.4725124590286416,0.005,residual_samples/batch-99-replication-6.csv,null_statistics/batch-99-replication-6.npy,batch-f8-mixed-direct-indirect-path-detection,2706910472450059294,3965152704646215837,2077350938424745824,0.19543309998698533,,,batch-f8-mixed-direct-indirect-path-detection-20260825-001
F8,X1,X2,f8-mixed-direct-indirect-path-detection,99,7,0.44857229154605616,0.005,residual_samples/batch-99-replication-7.csv,null_statistics/batch-99-replication-7.npy,batch-f8-mixed-direct-indirect-path-detection,2775671122815327640,10302234095493811520,2750414099755431020,0.19272400002228096,,,batch-f8-mixed-direct-indirect-path-detection-20260825-001
F8,X1,X2,f8-mixed-direct-indirect-path-detection,99,8,0.460235128960361,0.005,residual_samples/batch-99-replication-8.csv,null_statistics/batch-99-replication-8.npy,batch-f8-mixed-direct-indirect-path-detection,16877618231428145554,15266757929897012074,947378429342917871,0.19305810000514612,,,batch-f8-mixed-direct-indirect-path-detection-20260825-001
F8,X1,X2,f8-mixed-direct-indirect-path-detection,99,9,0.5032608132649449,0.005,residual_samples/batch-99-replication-9.csv,null_statistics/batch-99-replication-9.npy,batch-f8-mixed-direct-indirect-path-detection,18013516575968756511,4775949198368079575,11706973754873528239,0.19581329997163266,,,batch-f8-mixed-direct-indirect-path-detection-20260825-001
