fixture_id,left,right,phase,batch,replication,observed_statistic,permutation_p_value,residual_samples_path,null_statistics_path,seed_namespace,fixture_seed,residual_seed,permutation_seed,elapsed_seconds,warnings,exception_text,run_id
F2,X1,X2,f2-linear-direct-edge-detection,0,0,0.5589461242146491,0.005,residual_samples/batch-0-replication-0.csv,null_statistics/batch-0-replication-0.npy,batch-f2-linear-direct-edge-detection,3166939826984563031,7487038358526693983,2884274132940456770,0.2242355000344105,,,batch-f2-linear-direct-edge-detection-20260825-001
F2,X1,X2,f2-linear-direct-edge-detection,0,1,0.5460671777377457,0.005,residual_samples/batch-0-replication-1.csv,null_statistics/batch-0-replication-1.npy,batch-f2-linear-direct-edge-detection,14417614375862263287,2137171169256424826,18307801610018865586,0.19356849999167025,,,batch-f2-linear-direct-edge-detection-20260825-001
F2,X1,X2,f2-linear-direct-edge-detection,0,2,0.5404634338691147,0.005,residual_samples/batch-0-replication-2.csv,null_statistics/batch-0-replication-2.npy,batch-f2-linear-direct-edge-detection,982448072852064443,13634582252457268298,17827792867318491573,0.19716650003101677,,,batch-f2-linear-direct-edge-detection-20260825-001
F2,X1,X2,f2-linear-direct-edge-detection,0,3,0.5260418386925357,0.005,residual_samples/batch-0-replication-3.csv,null_statistics/batch-0-replication-3.npy,batch-f2-linear-direct-edge-detection,18340589307833674114,9002314150180194444,10636364492805566232,0.1952439000015147,,,batch-f2-linear-direct-edge-detection-20260825-001
F2,X1,X2,f2-linear-direct-edge-detection,0,4,0.5634923158242486,0.005,residual_samples/batch-0-replication-4.csv,null_statistics/batch-0-replication-4.npy,batch-f2-linear-direct-edge-detection,14114818946191252334,14355995623906343977,5096363092778216521,0.19696610001847148,,,batch-f2-linear-direct-edge-detection-20260825-001
F2,X1,X2,f2-linear-direct-edge-detection,0,5,0.5217223214754129,0.005,residual_samples/batch-0-replication-5.csv,null_statistics/batch-0-replication-5.npy,batch-f2-linear-direct-edge-detection,19564723741359080,13866483885641719981,16122264183785608820,0.19421169999986887,,,batch-f2-linear-direct-edge-detection-20260825-001
F2,X1,X2,f2-linear-direct-edge-detection,0,6,0.512003074555522,0.005,residual_samples/batch-0-replication-6.csv,null_statistics/batch-0-replication-6.npy,batch-f2-linear-direct-edge-detection,7181032689050819330,8774918061234450471,18118472965131334135,0.19518099998822436,,,batch-f2-linear-direct-edge-detection-20260825-001
F2,X1,X2,f2-linear-direct-edge-detection,0,7,0.4913132636319737,0.005,residual_samples/batch-0-replication-7.csv,null_statistics/batch-0-replication-7.npy,batch-f2-linear-direct-edge-detection,4475154085714356907,16039759798556427418,13000502864224119666,0.19166770001174882,,,batch-f2-linear-direct-edge-detection-20260825-001
F2,X1,X2,f2-linear-direct-edge-detection,0,8,0.4989312886211911,0.005,residual_samples/batch-0-replication-8.csv,null_statistics/batch-0-replication-8.npy,batch-f2-linear-direct-edge-detection,17736501416172238059,12679937033827946461,7858222854545487981,0.205625600006897,,,batch-f2-linear-direct-edge-detection-20260825-001
F2,X1,X2,f2-linear-direct-edge-detection,0,9,0.539949503094418,0.005,residual_samples/batch-0-replication-9.csv,null_statistics/batch-0-replication-9.npy,batch-f2-linear-direct-edge-detection,6270118306198153383,6634629951457030594,11389857764661548146,0.19808959995862097,,,batch-f2-linear-direct-edge-detection-20260825-001
F2,X1,X2,f2-linear-direct-edge-detection,1,0,0.5405871212446648,0.005,residual_samples/batch-1-replication-0.csv,null_statistics/batch-1-replication-0.npy,batch-f2-linear-direct-edge-detection,4952003500134802526,13062080809787910374,7579086407603559970,0.19402249995619059,,,batch-f2-linear-direct-edge-detection-20260825-001
F2,X1,X2,f2-linear-direct-edge-detection,1,1,0.5224869508177132,0.005,residual_samples/batch-1-replication-1.csv,null_statistics/batch-1-replication-1.npy,batch-f2-linear-direct-edge-detection,10628786265188607367,16044686100046884164,17052401352707678224,0.19388340000296012,,,batch-f2-linear-direct-edge-detection-20260825-001
F2,X1,X2,f2-linear-direct-edge-detection,1,2,0.5195798926828431,0.005,residual_samples/batch-1-replication-2.csv,null_statistics/batch-1-replication-2.npy,batch-f2-linear-direct-edge-detection,7519777260349109827,12094219961929466609,16229530696128629103,0.19304500002181157,,,batch-f2-linear-direct-edge-detection-20260825-001
F2,X1,X2,f2-linear-direct-edge-detection,1,3,0.5412212049525077,0.005,residual_samples/batch-1-replication-3.csv,null_statistics/batch-1-replication-3.npy,batch-f2-linear-direct-edge-detection,15825636252667236421,1557192279766948293,855568090954397155,0.19573749997653067,,,batch-f2-linear-direct-edge-detection-20260825-001
F2,X1,X2,f2-linear-direct-edge-detection,1,4,0.5387068628752355,0.005,residual_samples/batch-1-replication-4.csv,null_statistics/batch-1-replication-4.npy,batch-f2-linear-direct-edge-detection,3968665051257150697,11568095155976247124,17837739456555875313,0.19620210002176464,,,batch-f2-linear-direct-edge-detection-20260825-001
F2,X1,X2,f2-linear-direct-edge-detection,1,5,0.5220142968769607,0.005,residual_samples/batch-1-replication-5.csv,null_statistics/batch-1-replication-5.npy,batch-f2-linear-direct-edge-detection,9179266891491780458,11284310347292376026,8581813142915308221,0.19665399997029454,,,batch-f2-linear-direct-edge-detection-20260825-001
F2,X1,X2,f2-linear-direct-edge-detection,1,6,0.5523041864679904,0.005,residual_samples/batch-1-replication-6.csv,null_statistics/batch-1-replication-6.npy,batch-f2-linear-direct-edge-detection,6307921653786668081,13866184647900486220,2850936057767704249,0.19761910004308447,,,batch-f2-linear-direct-edge-detection-20260825-001
F2,X1,X2,f2-linear-direct-edge-detection,1,7,0.5661396288341142,0.005,residual_samples/batch-1-replication-7.csv,null_statistics/batch-1-replication-7.npy,batch-f2-linear-direct-edge-detection,15739191728032452361,5783946941845931608,16540872421688561124,0.19484419998480007,,,batch-f2-linear-direct-edge-detection-20260825-001
F2,X1,X2,f2-linear-direct-edge-detection,1,8,0.49524936876207937,0.005,residual_samples/batch-1-replication-8.csv,null_statistics/batch-1-replication-8.npy,batch-f2-linear-direct-edge-detection,17126763115569856543,11057774827437291648,7322490156758200679,0.19902270002057776,,,batch-f2-linear-direct-edge-detection-20260825-001
F2,X1,X2,f2-linear-direct-edge-detection,1,9,0.5548610721843099,0.005,residual_samples/batch-1-replication-9.csv,null_statistics/batch-1-replication-9.npy,batch-f2-linear-direct-edge-detection,4988348105976318670,4280526075413752989,16669325170245602089,0.20261899998877198,,,batch-f2-linear-direct-edge-detection-20260825-001
F2,X1,X2,f2-linear-direct-edge-detection,2,0,0.5147105345266076,0.005,residual_samples/batch-2-replication-0.csv,null_statistics/batch-2-replication-0.npy,batch-f2-linear-direct-edge-detection,13510994048037037842,13840259591348459527,9768804023599226016,0.19645859999582171,,,batch-f2-linear-direct-edge-detection-20260825-001
F2,X1,X2,f2-linear-direct-edge-detection,2,1,0.4774167581298725,0.005,residual_samples/batch-2-replication-1.csv,null_statistics/batch-2-replication-1.npy,batch-f2-linear-direct-edge-detection,1091396105882294152,3841053656784954580,8428947260691950803,0.19727499998407438,,,batch-f2-linear-direct-edge-detection-20260825-001
F2,X1,X2,f2-linear-direct-edge-detection,2,2,0.5013036656709322,0.005,residual_samples/batch-2-replication-2.csv,null_statistics/batch-2-replication-2.npy,batch-f2-linear-direct-edge-detection,13766795578788217364,8905426674796257739,4182914081022631278,0.19450149999465793,,,batch-f2-linear-direct-edge-detection-20260825-001
F2,X1,X2,f2-linear-direct-edge-detection,2,3,0.5295149129028438,0.005,residual_samples/batch-2-replication-3.csv,null_statistics/batch-2-replication-3.npy,batch-f2-linear-direct-edge-detection,1386646613640830976,2043806442540499136,7273900599033865775,0.2001534000155516,,,batch-f2-linear-direct-edge-detection-20260825-001
F2,X1,X2,f2-linear-direct-edge-detection,2,4,0.5190379604165346,0.005,residual_samples/batch-2-replication-4.csv,null_statistics/batch-2-replication-4.npy,batch-f2-linear-direct-edge-detection,17151596862866540175,6198032282102317853,1141657285012861257,0.19780820002779365,,,batch-f2-linear-direct-edge-detection-20260825-001
F2,X1,X2,f2-linear-direct-edge-detection,2,5,0.5122818009759578,0.005,residual_samples/batch-2-replication-5.csv,null_statistics/batch-2-replication-5.npy,batch-f2-linear-direct-edge-detection,12008149421080666424,15366973329349366982,7831868731797669206,0.19896519999019802,,,batch-f2-linear-direct-edge-detection-20260825-001
F2,X1,X2,f2-linear-direct-edge-detection,2,6,0.46918090369204835,0.005,residual_samples/batch-2-replication-6.csv,null_statistics/batch-2-replication-6.npy,batch-f2-linear-direct-edge-detection,603055776263338643,17585155775689222726,12743274044434309288,0.19337860000086948,,,batch-f2-linear-direct-edge-detection-20260825-001
F2,X1,X2,f2-linear-direct-edge-detection,2,7,0.5072777236378517,0.005,residual_samples/batch-2-replication-7.csv,null_statistics/batch-2-replication-7.npy,batch-f2-linear-direct-edge-detection,11389103943090637769,12833572039558287669,7133008154119858574,0.19614229997387156,,,batch-f2-linear-direct-edge-detection-20260825-001
F2,X1,X2,f2-linear-direct-edge-detection,2,8,0.5193193157116031,0.005,residual_samples/batch-2-replication-8.csv,null_statistics/batch-2-replication-8.npy,batch-f2-linear-direct-edge-detection,5932656665594155571,4186907325572516086,13099400012543494897,0.19739590003155172,,,batch-f2-linear-direct-edge-detection-20260825-001
F2,X1,X2,f2-linear-direct-edge-detection,2,9,0.505834005232175,0.005,residual_samples/batch-2-replication-9.csv,null_statistics/batch-2-replication-9.npy,batch-f2-linear-direct-edge-detection,13775385811283510523,14688521116596338734,3116706397945267366,0.19794129999354482,,,batch-f2-linear-direct-edge-detection-20260825-001
F2,X1,X2,f2-linear-direct-edge-detection,3,0,0.535927312283493,0.005,residual_samples/batch-3-replication-0.csv,null_statistics/batch-3-replication-0.npy,batch-f2-linear-direct-edge-detection,5942267179932176899,4392950819712933070,13165382430120731010,0.19477220001863316,,,batch-f2-linear-direct-edge-detection-20260825-001
F2,X1,X2,f2-linear-direct-edge-detection,3,1,0.5449642072066375,0.005,residual_samples/batch-3-replication-1.csv,null_statistics/batch-3-replication-1.npy,batch-f2-linear-direct-edge-detection,16333636260245285674,5746347971849688708,7665460957091302863,0.19806749996496364,,,batch-f2-linear-direct-edge-detection-20260825-001
F2,X1,X2,f2-linear-direct-edge-detection,3,2,0.5161343387633592,0.005,residual_samples/batch-3-replication-2.csv,null_statistics/batch-3-replication-2.npy,batch-f2-linear-direct-edge-detection,17728583576523583119,9713337876833294140,12087531314970850598,0.19415430002845824,,,batch-f2-linear-direct-edge-detection-20260825-001
F2,X1,X2,f2-linear-direct-edge-detection,3,3,0.5286872229468238,0.005,residual_samples/batch-3-replication-3.csv,null_statistics/batch-3-replication-3.npy,batch-f2-linear-direct-edge-detection,8227762383752141067,10346396859129723502,12678823599338944620,0.1946864000055939,,,batch-f2-linear-direct-edge-detection-20260825-001
F2,X1,X2,f2-linear-direct-edge-detection,3,4,0.5317678578529377,0.005,residual_samples/batch-3-replication-4.csv,null_statistics/batch-3-replication-4.npy,batch-f2-linear-direct-edge-detection,5724679243667674844,1192918398211363660,11001911051729171548,0.19922990002669394,,,batch-f2-linear-direct-edge-detection-20260825-001
F2,X1,X2,f2-linear-direct-edge-detection,3,5,0.4964676304239884,0.005,residual_samples/batch-3-replication-5.csv,null_statistics/batch-3-replication-5.npy,batch-f2-linear-direct-edge-detection,14668049410880320062,160966671898334200,17210912355475748770,0.1943759999703616,,,batch-f2-linear-direct-edge-detection-20260825-001
F2,X1,X2,f2-linear-direct-edge-detection,3,6,0.5887400027676405,0.005,residual_samples/batch-3-replication-6.csv,null_statistics/batch-3-replication-6.npy,batch-f2-linear-direct-edge-detection,866441992535569488,10875839330789415150,127535407442651527,0.19305750000057742,,,batch-f2-linear-direct-edge-detection-20260825-001
F2,X1,X2,f2-linear-direct-edge-detection,3,7,0.5207789744287611,0.005,residual_samples/batch-3-replication-7.csv,null_statistics/batch-3-replication-7.npy,batch-f2-linear-direct-edge-detection,10238319427946893517,6794044213711385930,12007821175984004057,0.19535130000440404,,,batch-f2-linear-direct-edge-detection-20260825-001
F2,X1,X2,f2-linear-direct-edge-detection,3,8,0.5587685228343814,0.005,residual_samples/batch-3-replication-8.csv,null_statistics/batch-3-replication-8.npy,batch-f2-linear-direct-edge-detection,14165147413016734326,11240222156383067875,202260917269534587,0.19530269998358563,,,batch-f2-linear-direct-edge-detection-20260825-001
F2,X1,X2,f2-linear-direct-edge-detection,3,9,0.5045558800951349,0.005,residual_samples/batch-3-replication-9.csv,null_statistics/batch-3-replication-9.npy,batch-f2-linear-direct-edge-detection,11754636628464033407,15797289763601876857,6332747130082430971,0.19294019998051226,,,batch-f2-linear-direct-edge-detection-20260825-001
F2,X1,X2,f2-linear-direct-edge-detection,4,0,0.5347057241240409,0.005,residual_samples/batch-4-replication-0.csv,null_statistics/batch-4-replication-0.npy,batch-f2-linear-direct-edge-detection,8487350006529630210,17362980139871064465,5044852201801651309,0.19423289998667315,,,batch-f2-linear-direct-edge-detection-20260825-001
F2,X1,X2,f2-linear-direct-edge-detection,4,1,0.5449324365482302,0.005,residual_samples/batch-4-replication-1.csv,null_statistics/batch-4-replication-1.npy,batch-f2-linear-direct-edge-detection,18047759213040905117,5848516021735568972,2126441507347638895,0.1950024999678135,,,batch-f2-linear-direct-edge-detection-20260825-001
F2,X1,X2,f2-linear-direct-edge-detection,4,2,0.5304893520082162,0.005,residual_samples/batch-4-replication-2.csv,null_statistics/batch-4-replication-2.npy,batch-f2-linear-direct-edge-detection,10478271440726840730,7525175959445956983,74294884571223892,0.19333590002497658,,,batch-f2-linear-direct-edge-detection-20260825-001
F2,X1,X2,f2-linear-direct-edge-detection,4,3,0.5320364146724887,0.005,residual_samples/batch-4-replication-3.csv,null_statistics/batch-4-replication-3.npy,batch-f2-linear-direct-edge-detection,5148045214497324062,6016671534039762035,4871936928193464794,0.19165829999838024,,,batch-f2-linear-direct-edge-detection-20260825-001
F2,X1,X2,f2-linear-direct-edge-detection,4,4,0.5330958106495806,0.005,residual_samples/batch-4-replication-4.csv,null_statistics/batch-4-replication-4.npy,batch-f2-linear-direct-edge-detection,5862218410449700392,3176925521984010932,6090641971758637937,0.19286329997703433,,,batch-f2-linear-direct-edge-detection-20260825-001
F2,X1,X2,f2-linear-direct-edge-detection,4,5,0.5415369194300549,0.005,residual_samples/batch-4-replication-5.csv,null_statistics/batch-4-replication-5.npy,batch-f2-linear-direct-edge-detection,5085793063700315995,8522250385668635299,4713805408073698466,0.1933905000332743,,,batch-f2-linear-direct-edge-detection-20260825-001
F2,X1,X2,f2-linear-direct-edge-detection,4,6,0.5201102376713457,0.005,residual_samples/batch-4-replication-6.csv,null_statistics/batch-4-replication-6.npy,batch-f2-linear-direct-edge-detection,4749709460416156984,3808498050374801151,18231058796959555994,0.191112200031057,,,batch-f2-linear-direct-edge-detection-20260825-001
F2,X1,X2,f2-linear-direct-edge-detection,4,7,0.5337981132973878,0.005,residual_samples/batch-4-replication-7.csv,null_statistics/batch-4-replication-7.npy,batch-f2-linear-direct-edge-detection,16059843175464027461,13592720152737208454,3963359987086274600,0.19180420000338927,,,batch-f2-linear-direct-edge-detection-20260825-001
F2,X1,X2,f2-linear-direct-edge-detection,4,8,0.517299710445674,0.005,residual_samples/batch-4-replication-8.csv,null_statistics/batch-4-replication-8.npy,batch-f2-linear-direct-edge-detection,17594126685804709276,6397699864650255825,13547289563568199889,0.19222139997873455,,,batch-f2-linear-direct-edge-detection-20260825-001
F2,X1,X2,f2-linear-direct-edge-detection,4,9,0.5216117311850526,0.005,residual_samples/batch-4-replication-9.csv,null_statistics/batch-4-replication-9.npy,batch-f2-linear-direct-edge-detection,4658553348441195434,9842891886355049249,8967419290137157172,0.1959912000456825,,,batch-f2-linear-direct-edge-detection-20260825-001
F2,X1,X2,f2-linear-direct-edge-detection,5,0,0.5105085572609513,0.005,residual_samples/batch-5-replication-0.csv,null_statistics/batch-5-replication-0.npy,batch-f2-linear-direct-edge-detection,16120212041139743607,4324647136027628798,204489310124277756,0.19311160000506788,,,batch-f2-linear-direct-edge-detection-20260825-001
F2,X1,X2,f2-linear-direct-edge-detection,5,1,0.5203232379297669,0.005,residual_samples/batch-5-replication-1.csv,null_statistics/batch-5-replication-1.npy,batch-f2-linear-direct-edge-detection,16693063951769518200,6926721817106832938,3111790992844605456,0.19643810001434758,,,batch-f2-linear-direct-edge-detection-20260825-001
F2,X1,X2,f2-linear-direct-edge-detection,5,2,0.5161604701064858,0.005,residual_samples/batch-5-replication-2.csv,null_statistics/batch-5-replication-2.npy,batch-f2-linear-direct-edge-detection,12687864191303119401,3556986352401109467,2835668722390548781,0.19591059995582327,,,batch-f2-linear-direct-edge-detection-20260825-001
F2,X1,X2,f2-linear-direct-edge-detection,5,3,0.4959201925904856,0.005,residual_samples/batch-5-replication-3.csv,null_statistics/batch-5-replication-3.npy,batch-f2-linear-direct-edge-detection,6489356635276254118,12184416023842506984,503723517882557314,0.19263790000695735,,,batch-f2-linear-direct-edge-detection-20260825-001
F2,X1,X2,f2-linear-direct-edge-detection,5,4,0.5131106154588759,0.005,residual_samples/batch-5-replication-4.csv,null_statistics/batch-5-replication-4.npy,batch-f2-linear-direct-edge-detection,6505317651216488043,17191222106501411333,15314081922957513326,0.19365780003136024,,,batch-f2-linear-direct-edge-detection-20260825-001
F2,X1,X2,f2-linear-direct-edge-detection,5,5,0.5125886689588521,0.005,residual_samples/batch-5-replication-5.csv,null_statistics/batch-5-replication-5.npy,batch-f2-linear-direct-edge-detection,12481810089024322155,3507906083888849466,6495518407522442290,0.19418039999436587,,,batch-f2-linear-direct-edge-detection-20260825-001
F2,X1,X2,f2-linear-direct-edge-detection,5,6,0.5289466251313641,0.005,residual_samples/batch-5-replication-6.csv,null_statistics/batch-5-replication-6.npy,batch-f2-linear-direct-edge-detection,17471226896903551781,9412282601108878963,11932595998534547564,0.2002933999756351,,,batch-f2-linear-direct-edge-detection-20260825-001
F2,X1,X2,f2-linear-direct-edge-detection,5,7,0.5314383598428958,0.005,residual_samples/batch-5-replication-7.csv,null_statistics/batch-5-replication-7.npy,batch-f2-linear-direct-edge-detection,3202580929024824170,11229712403631940176,12277646599449765367,0.1970629999996163,,,batch-f2-linear-direct-edge-detection-20260825-001
F2,X1,X2,f2-linear-direct-edge-detection,5,8,0.5516445983665299,0.005,residual_samples/batch-5-replication-8.csv,null_statistics/batch-5-replication-8.npy,batch-f2-linear-direct-edge-detection,3474738396154128107,1345429870873661909,777010905727707807,0.19763569999486208,,,batch-f2-linear-direct-edge-detection-20260825-001
F2,X1,X2,f2-linear-direct-edge-detection,5,9,0.5077735910975912,0.005,residual_samples/batch-5-replication-9.csv,null_statistics/batch-5-replication-9.npy,batch-f2-linear-direct-edge-detection,10404597797010256926,18286297002242947055,742819213744502346,0.19796570000471547,,,batch-f2-linear-direct-edge-detection-20260825-001
F2,X1,X2,f2-linear-direct-edge-detection,6,0,0.4726625050780079,0.005,residual_samples/batch-6-replication-0.csv,null_statistics/batch-6-replication-0.npy,batch-f2-linear-direct-edge-detection,822754520746842384,6726403929835531900,5424775447486287632,0.19828760001109913,,,batch-f2-linear-direct-edge-detection-20260825-001
F2,X1,X2,f2-linear-direct-edge-detection,6,1,0.530749088947236,0.005,residual_samples/batch-6-replication-1.csv,null_statistics/batch-6-replication-1.npy,batch-f2-linear-direct-edge-detection,2779939188145989119,17170693145165106876,1039185826504050018,0.19823659997200593,,,batch-f2-linear-direct-edge-detection-20260825-001
F2,X1,X2,f2-linear-direct-edge-detection,6,2,0.5123057168573469,0.005,residual_samples/batch-6-replication-2.csv,null_statistics/batch-6-replication-2.npy,batch-f2-linear-direct-edge-detection,15658646841591899113,8594294768666175544,7024492964253992533,0.19438399997306988,,,batch-f2-linear-direct-edge-detection-20260825-001
F2,X1,X2,f2-linear-direct-edge-detection,6,3,0.547642299002976,0.005,residual_samples/batch-6-replication-3.csv,null_statistics/batch-6-replication-3.npy,batch-f2-linear-direct-edge-detection,15830604526435691319,14081582011899689822,8776508241242292190,0.19386969995684922,,,batch-f2-linear-direct-edge-detection-20260825-001
F2,X1,X2,f2-linear-direct-edge-detection,6,4,0.547304407629902,0.005,residual_samples/batch-6-replication-4.csv,null_statistics/batch-6-replication-4.npy,batch-f2-linear-direct-edge-detection,14956504593198500044,12260762193342540446,4836906062111689548,0.19696140004089102,,,batch-f2-linear-direct-edge-detection-20260825-001
F2,X1,X2,f2-linear-direct-edge-detection,6,5,0.5572580782765219,0.005,residual_samples/batch-6-replication-5.csv,null_statistics/batch-6-replication-5.npy,batch-f2-linear-direct-edge-detection,4000031622299691333,8225117735858069022,12985651774833435891,0.1980856999871321,,,batch-f2-linear-direct-edge-detection-20260825-001
F2,X1,X2,f2-linear-direct-edge-detection,6,6,0.5175995438991128,0.005,residual_samples/batch-6-replication-6.csv,null_statistics/batch-6-replication-6.npy,batch-f2-linear-direct-edge-detection,13242308555452318463,16916578166631992678,1380902834697286497,0.1995514000300318,,,batch-f2-linear-direct-edge-detection-20260825-001
F2,X1,X2,f2-linear-direct-edge-detection,6,7,0.5308392555980546,0.005,residual_samples/batch-6-replication-7.csv,null_statistics/batch-6-replication-7.npy,batch-f2-linear-direct-edge-detection,5101634719136405143,14337086975847267581,13295320185548451969,0.19491459999699146,,,batch-f2-linear-direct-edge-detection-20260825-001
F2,X1,X2,f2-linear-direct-edge-detection,6,8,0.5063537753241196,0.005,residual_samples/batch-6-replication-8.csv,null_statistics/batch-6-replication-8.npy,batch-f2-linear-direct-edge-detection,15329868765086520137,7297290143084039926,17873876864263749755,0.19581260002451017,,,batch-f2-linear-direct-edge-detection-20260825-001
F2,X1,X2,f2-linear-direct-edge-detection,6,9,0.48046524157110926,0.005,residual_samples/batch-6-replication-9.csv,null_statistics/batch-6-replication-9.npy,batch-f2-linear-direct-edge-detection,2055277982463577555,15039695776533980080,14182512847611653577,0.19447119999676943,,,batch-f2-linear-direct-edge-detection-20260825-001
F2,X1,X2,f2-linear-direct-edge-detection,7,0,0.5447103439425584,0.005,residual_samples/batch-7-replication-0.csv,null_statistics/batch-7-replication-0.npy,batch-f2-linear-direct-edge-detection,1588781890510832336,11960189936638125406,10504967582852199334,0.19592799997190014,,,batch-f2-linear-direct-edge-detection-20260825-001
F2,X1,X2,f2-linear-direct-edge-detection,7,1,0.5485471354140226,0.005,residual_samples/batch-7-replication-1.csv,null_statistics/batch-7-replication-1.npy,batch-f2-linear-direct-edge-detection,7139250034714924852,1235199798772984230,13987682690400933563,0.19421069999225438,,,batch-f2-linear-direct-edge-detection-20260825-001
F2,X1,X2,f2-linear-direct-edge-detection,7,2,0.5056591393422057,0.005,residual_samples/batch-7-replication-2.csv,null_statistics/batch-7-replication-2.npy,batch-f2-linear-direct-edge-detection,234498469985192170,8981629733895271912,17163773978930902009,0.19601569999940693,,,batch-f2-linear-direct-edge-detection-20260825-001
F2,X1,X2,f2-linear-direct-edge-detection,7,3,0.5560395263922918,0.005,residual_samples/batch-7-replication-3.csv,null_statistics/batch-7-replication-3.npy,batch-f2-linear-direct-edge-detection,9081497424478987460,14427100893616415271,15536673369750699973,0.19587439997121692,,,batch-f2-linear-direct-edge-detection-20260825-001
F2,X1,X2,f2-linear-direct-edge-detection,7,4,0.5135073576070934,0.005,residual_samples/batch-7-replication-4.csv,null_statistics/batch-7-replication-4.npy,batch-f2-linear-direct-edge-detection,3875572606025094703,10900887622417742758,3186386709682857224,0.20007279998390004,,,batch-f2-linear-direct-edge-detection-20260825-001
F2,X1,X2,f2-linear-direct-edge-detection,7,5,0.4882955862312821,0.005,residual_samples/batch-7-replication-5.csv,null_statistics/batch-7-replication-5.npy,batch-f2-linear-direct-edge-detection,392121372460154756,8490354372597780317,3045446518691639957,0.20000730000901967,,,batch-f2-linear-direct-edge-detection-20260825-001
F2,X1,X2,f2-linear-direct-edge-detection,7,6,0.5355971043513386,0.005,residual_samples/batch-7-replication-6.csv,null_statistics/batch-7-replication-6.npy,batch-f2-linear-direct-edge-detection,11099223254350722834,11644659576012485352,7387358890661598485,0.19950460002291948,,,batch-f2-linear-direct-edge-detection-20260825-001
F2,X1,X2,f2-linear-direct-edge-detection,7,7,0.5405516431218302,0.005,residual_samples/batch-7-replication-7.csv,null_statistics/batch-7-replication-7.npy,batch-f2-linear-direct-edge-detection,4459923328889078997,378781859184855860,4665374915345791640,0.19383269996615127,,,batch-f2-linear-direct-edge-detection-20260825-001
F2,X1,X2,f2-linear-direct-edge-detection,7,8,0.5301977686084819,0.005,residual_samples/batch-7-replication-8.csv,null_statistics/batch-7-replication-8.npy,batch-f2-linear-direct-edge-detection,3221442967025554992,10886071676935680500,3759364984217429273,0.19349330000113696,,,batch-f2-linear-direct-edge-detection-20260825-001
F2,X1,X2,f2-linear-direct-edge-detection,7,9,0.530395293559895,0.005,residual_samples/batch-7-replication-9.csv,null_statistics/batch-7-replication-9.npy,batch-f2-linear-direct-edge-detection,14425272877870863120,13690716910771476440,7871666593811473946,0.19425679999403656,,,batch-f2-linear-direct-edge-detection-20260825-001
F2,X1,X2,f2-linear-direct-edge-detection,8,0,0.5497383947311513,0.005,residual_samples/batch-8-replication-0.csv,null_statistics/batch-8-replication-0.npy,batch-f2-linear-direct-edge-detection,17913441927091181384,16407131643393699225,6257883704592591472,0.19496849999995902,,,batch-f2-linear-direct-edge-detection-20260825-001
F2,X1,X2,f2-linear-direct-edge-detection,8,1,0.49205737157257756,0.005,residual_samples/batch-8-replication-1.csv,null_statistics/batch-8-replication-1.npy,batch-f2-linear-direct-edge-detection,2145565775857823809,13559671324543073009,13796428445124755457,0.19235039997147396,,,batch-f2-linear-direct-edge-detection-20260825-001
F2,X1,X2,f2-linear-direct-edge-detection,8,2,0.5294613214403147,0.005,residual_samples/batch-8-replication-2.csv,null_statistics/batch-8-replication-2.npy,batch-f2-linear-direct-edge-detection,16142597383087391210,3804182343130996202,11788920409903953019,0.19492370000807568,,,batch-f2-linear-direct-edge-detection-20260825-001
F2,X1,X2,f2-linear-direct-edge-detection,8,3,0.5514147481936057,0.005,residual_samples/batch-8-replication-3.csv,null_statistics/batch-8-replication-3.npy,batch-f2-linear-direct-edge-detection,13177304925089916056,12014826194964298575,1124001744856143852,0.1940967999980785,,,batch-f2-linear-direct-edge-detection-20260825-001
F2,X1,X2,f2-linear-direct-edge-detection,8,4,0.5248476580688369,0.005,residual_samples/batch-8-replication-4.csv,null_statistics/batch-8-replication-4.npy,batch-f2-linear-direct-edge-detection,5804215779909426652,12256342409498883964,10915879797644257812,0.19634869997389615,,,batch-f2-linear-direct-edge-detection-20260825-001
F2,X1,X2,f2-linear-direct-edge-detection,8,5,0.5626847198698884,0.005,residual_samples/batch-8-replication-5.csv,null_statistics/batch-8-replication-5.npy,batch-f2-linear-direct-edge-detection,583912556693281518,12488557476568729976,17077967882081154453,0.19539180002175272,,,batch-f2-linear-direct-edge-detection-20260825-001
F2,X1,X2,f2-linear-direct-edge-detection,8,6,0.5144377304781892,0.005,residual_samples/batch-8-replication-6.csv,null_statistics/batch-8-replication-6.npy,batch-f2-linear-direct-edge-detection,14894791000035120848,12245899826898760832,5307688126537374037,0.19296459999168292,,,batch-f2-linear-direct-edge-detection-20260825-001
F2,X1,X2,f2-linear-direct-edge-detection,8,7,0.5227141769395129,0.005,residual_samples/batch-8-replication-7.csv,null_statistics/batch-8-replication-7.npy,batch-f2-linear-direct-edge-detection,2629168903260599991,10378041084399788895,15888345564109551467,0.19272069999715313,,,batch-f2-linear-direct-edge-detection-20260825-001
F2,X1,X2,f2-linear-direct-edge-detection,8,8,0.536125474651085,0.005,residual_samples/batch-8-replication-8.csv,null_statistics/batch-8-replication-8.npy,batch-f2-linear-direct-edge-detection,3121421298435442241,7687311313244195793,10661217817444232723,0.1902498000417836,,,batch-f2-linear-direct-edge-detection-20260825-001
F2,X1,X2,f2-linear-direct-edge-detection,8,9,0.5006108626609721,0.005,residual_samples/batch-8-replication-9.csv,null_statistics/batch-8-replication-9.npy,batch-f2-linear-direct-edge-detection,16881802826461574881,13636630006831246160,12085901218706922047,0.19231750001199543,,,batch-f2-linear-direct-edge-detection-20260825-001
F2,X1,X2,f2-linear-direct-edge-detection,9,0,0.5273964681700174,0.005,residual_samples/batch-9-replication-0.csv,null_statistics/batch-9-replication-0.npy,batch-f2-linear-direct-edge-detection,7219644125079277149,656406980916837248,15977576238772139950,0.19250969996210188,,,batch-f2-linear-direct-edge-detection-20260825-001
F2,X1,X2,f2-linear-direct-edge-detection,9,1,0.5511478553515677,0.005,residual_samples/batch-9-replication-1.csv,null_statistics/batch-9-replication-1.npy,batch-f2-linear-direct-edge-detection,8695854646393027584,6284234180935069828,16507234435523548167,0.19736530003137887,,,batch-f2-linear-direct-edge-detection-20260825-001
F2,X1,X2,f2-linear-direct-edge-detection,9,2,0.5439653827797448,0.005,residual_samples/batch-9-replication-2.csv,null_statistics/batch-9-replication-2.npy,batch-f2-linear-direct-edge-detection,3173009978293646251,12707691144343586959,3596460952395987695,0.19572949997382239,,,batch-f2-linear-direct-edge-detection-20260825-001
F2,X1,X2,f2-linear-direct-edge-detection,9,3,0.5418660506803289,0.005,residual_samples/batch-9-replication-3.csv,null_statistics/batch-9-replication-3.npy,batch-f2-linear-direct-edge-detection,13198415255854245194,3544335812470517266,15513291696678844944,0.19488079997245222,,,batch-f2-linear-direct-edge-detection-20260825-001
F2,X1,X2,f2-linear-direct-edge-detection,9,4,0.5135865028125357,0.005,residual_samples/batch-9-replication-4.csv,null_statistics/batch-9-replication-4.npy,batch-f2-linear-direct-edge-detection,862649517418250494,17166366005140873590,5669237159496876485,0.19227759999921545,,,batch-f2-linear-direct-edge-detection-20260825-001
F2,X1,X2,f2-linear-direct-edge-detection,9,5,0.51291826731694,0.005,residual_samples/batch-9-replication-5.csv,null_statistics/batch-9-replication-5.npy,batch-f2-linear-direct-edge-detection,7354639067832248332,17618983469957010571,13253501212905954758,0.19122340000467375,,,batch-f2-linear-direct-edge-detection-20260825-001
F2,X1,X2,f2-linear-direct-edge-detection,9,6,0.5086483362906199,0.005,residual_samples/batch-9-replication-6.csv,null_statistics/batch-9-replication-6.npy,batch-f2-linear-direct-edge-detection,6892487903882761492,13407352710780156091,4999689655600144426,0.1940531000145711,,,batch-f2-linear-direct-edge-detection-20260825-001
F2,X1,X2,f2-linear-direct-edge-detection,9,7,0.5071824939869313,0.005,residual_samples/batch-9-replication-7.csv,null_statistics/batch-9-replication-7.npy,batch-f2-linear-direct-edge-detection,13389044084655582575,12947534625665078452,7994650463465532672,0.19264820002717897,,,batch-f2-linear-direct-edge-detection-20260825-001
F2,X1,X2,f2-linear-direct-edge-detection,9,8,0.48944460554569613,0.005,residual_samples/batch-9-replication-8.csv,null_statistics/batch-9-replication-8.npy,batch-f2-linear-direct-edge-detection,17438445424713143214,8049054492313014825,2784685525440950250,0.19238109997240826,,,batch-f2-linear-direct-edge-detection-20260825-001
F2,X1,X2,f2-linear-direct-edge-detection,9,9,0.5374035369909446,0.005,residual_samples/batch-9-replication-9.csv,null_statistics/batch-9-replication-9.npy,batch-f2-linear-direct-edge-detection,3823478248169121581,12834807768441184128,16006683482874897771,0.19086929998593405,,,batch-f2-linear-direct-edge-detection-20260825-001
F2,X1,X2,f2-linear-direct-edge-detection,10,0,0.4821273465283273,0.005,residual_samples/batch-10-replication-0.csv,null_statistics/batch-10-replication-0.npy,batch-f2-linear-direct-edge-detection,12514517937710301600,2285077788033314605,10977171097090924385,0.19449760002316907,,,batch-f2-linear-direct-edge-detection-20260825-001
F2,X1,X2,f2-linear-direct-edge-detection,10,1,0.5240854497341992,0.005,residual_samples/batch-10-replication-1.csv,null_statistics/batch-10-replication-1.npy,batch-f2-linear-direct-edge-detection,6334895985897821792,15354679774146154210,127520072168067068,0.19729400001233444,,,batch-f2-linear-direct-edge-detection-20260825-001
F2,X1,X2,f2-linear-direct-edge-detection,10,2,0.542914120329405,0.005,residual_samples/batch-10-replication-2.csv,null_statistics/batch-10-replication-2.npy,batch-f2-linear-direct-edge-detection,16815596538243714552,1851757145631439710,16870187535116208311,0.19559930003015324,,,batch-f2-linear-direct-edge-detection-20260825-001
F2,X1,X2,f2-linear-direct-edge-detection,10,3,0.5129779738597998,0.005,residual_samples/batch-10-replication-3.csv,null_statistics/batch-10-replication-3.npy,batch-f2-linear-direct-edge-detection,4688075638020211649,5492555420667834728,1356102515728834916,0.19550359999993816,,,batch-f2-linear-direct-edge-detection-20260825-001
F2,X1,X2,f2-linear-direct-edge-detection,10,4,0.5176155525241141,0.005,residual_samples/batch-10-replication-4.csv,null_statistics/batch-10-replication-4.npy,batch-f2-linear-direct-edge-detection,660624791336385117,9112801704581940753,2604096490250540926,0.1928170999744907,,,batch-f2-linear-direct-edge-detection-20260825-001
F2,X1,X2,f2-linear-direct-edge-detection,10,5,0.5417833134596004,0.005,residual_samples/batch-10-replication-5.csv,null_statistics/batch-10-replication-5.npy,batch-f2-linear-direct-edge-detection,13375514699050927353,8440250639581069390,15113313037287702798,0.19130250002490357,,,batch-f2-linear-direct-edge-detection-20260825-001
F2,X1,X2,f2-linear-direct-edge-detection,10,6,0.5274335587279106,0.005,residual_samples/batch-10-replication-6.csv,null_statistics/batch-10-replication-6.npy,batch-f2-linear-direct-edge-detection,12467049118706808781,4888106002883399115,16398744996991173274,0.1942894000094384,,,batch-f2-linear-direct-edge-detection-20260825-001
F2,X1,X2,f2-linear-direct-edge-detection,10,7,0.48636223186384253,0.005,residual_samples/batch-10-replication-7.csv,null_statistics/batch-10-replication-7.npy,batch-f2-linear-direct-edge-detection,13124662550503194188,8578928311535248273,2733445803799598476,0.1936384000000544,,,batch-f2-linear-direct-edge-detection-20260825-001
F2,X1,X2,f2-linear-direct-edge-detection,10,8,0.5299632361810958,0.005,residual_samples/batch-10-replication-8.csv,null_statistics/batch-10-replication-8.npy,batch-f2-linear-direct-edge-detection,10821167117088345426,16103414740907957182,5422177642400226271,0.19327300001168624,,,batch-f2-linear-direct-edge-detection-20260825-001
F2,X1,X2,f2-linear-direct-edge-detection,10,9,0.5398192357894537,0.005,residual_samples/batch-10-replication-9.csv,null_statistics/batch-10-replication-9.npy,batch-f2-linear-direct-edge-detection,13721602587895289885,755997471471006915,4429731618406681908,0.19364599999971688,,,batch-f2-linear-direct-edge-detection-20260825-001
F2,X1,X2,f2-linear-direct-edge-detection,11,0,0.5641958658444439,0.005,residual_samples/batch-11-replication-0.csv,null_statistics/batch-11-replication-0.npy,batch-f2-linear-direct-edge-detection,152031450058581179,13009140392008138499,14227983601819102820,0.19307480001589283,,,batch-f2-linear-direct-edge-detection-20260825-001
F2,X1,X2,f2-linear-direct-edge-detection,11,1,0.5067938806418996,0.005,residual_samples/batch-11-replication-1.csv,null_statistics/batch-11-replication-1.npy,batch-f2-linear-direct-edge-detection,774539387801813790,2385247016509062131,5812351428963236411,0.19233300001360476,,,batch-f2-linear-direct-edge-detection-20260825-001
F2,X1,X2,f2-linear-direct-edge-detection,11,2,0.5527378178283883,0.005,residual_samples/batch-11-replication-2.csv,null_statistics/batch-11-replication-2.npy,batch-f2-linear-direct-edge-detection,6926964115266022477,11144145440347779101,16881311379111741339,0.19179420004365966,,,batch-f2-linear-direct-edge-detection-20260825-001
F2,X1,X2,f2-linear-direct-edge-detection,11,3,0.5592020500190025,0.005,residual_samples/batch-11-replication-3.csv,null_statistics/batch-11-replication-3.npy,batch-f2-linear-direct-edge-detection,3266982086567764402,14005809280505426560,2326176718695709152,0.19641840003896505,,,batch-f2-linear-direct-edge-detection-20260825-001
F2,X1,X2,f2-linear-direct-edge-detection,11,4,0.5351567985001214,0.005,residual_samples/batch-11-replication-4.csv,null_statistics/batch-11-replication-4.npy,batch-f2-linear-direct-edge-detection,5248152565655774533,29181749211638370,15417111449555225795,0.19353779999073595,,,batch-f2-linear-direct-edge-detection-20260825-001
F2,X1,X2,f2-linear-direct-edge-detection,11,5,0.5025241216530423,0.005,residual_samples/batch-11-replication-5.csv,null_statistics/batch-11-replication-5.npy,batch-f2-linear-direct-edge-detection,9895882836654390862,16746104554433994667,7498967214371527930,0.19638430001214147,,,batch-f2-linear-direct-edge-detection-20260825-001
F2,X1,X2,f2-linear-direct-edge-detection,11,6,0.52130300527032,0.005,residual_samples/batch-11-replication-6.csv,null_statistics/batch-11-replication-6.npy,batch-f2-linear-direct-edge-detection,10322003735525379837,8614666249911127085,14836770646799473463,0.1949900000472553,,,batch-f2-linear-direct-edge-detection-20260825-001
F2,X1,X2,f2-linear-direct-edge-detection,11,7,0.5610682211631264,0.005,residual_samples/batch-11-replication-7.csv,null_statistics/batch-11-replication-7.npy,batch-f2-linear-direct-edge-detection,16400600527093249605,13996431450049385641,5867574740354679556,0.19509239995386451,,,batch-f2-linear-direct-edge-detection-20260825-001
F2,X1,X2,f2-linear-direct-edge-detection,11,8,0.5811252283971674,0.005,residual_samples/batch-11-replication-8.csv,null_statistics/batch-11-replication-8.npy,batch-f2-linear-direct-edge-detection,8671494715480131697,17645722589990742799,15860779288104838692,0.19248779996996745,,,batch-f2-linear-direct-edge-detection-20260825-001
F2,X1,X2,f2-linear-direct-edge-detection,11,9,0.539363927780781,0.005,residual_samples/batch-11-replication-9.csv,null_statistics/batch-11-replication-9.npy,batch-f2-linear-direct-edge-detection,4862845310911469024,9845704108072605893,14704310399966103144,0.19148420001147315,,,batch-f2-linear-direct-edge-detection-20260825-001
F2,X1,X2,f2-linear-direct-edge-detection,12,0,0.5518315553096322,0.005,residual_samples/batch-12-replication-0.csv,null_statistics/batch-12-replication-0.npy,batch-f2-linear-direct-edge-detection,11251584551121695369,9577275223900718584,14829120420246428549,0.19267020002007484,,,batch-f2-linear-direct-edge-detection-20260825-001
F2,X1,X2,f2-linear-direct-edge-detection,12,1,0.48926552555853814,0.005,residual_samples/batch-12-replication-1.csv,null_statistics/batch-12-replication-1.npy,batch-f2-linear-direct-edge-detection,12628481180476252549,10991327610990318049,15116111333496251659,0.19145029998617247,,,batch-f2-linear-direct-edge-detection-20260825-001
F2,X1,X2,f2-linear-direct-edge-detection,12,2,0.5043172949646105,0.005,residual_samples/batch-12-replication-2.csv,null_statistics/batch-12-replication-2.npy,batch-f2-linear-direct-edge-detection,2843449965682382863,7482140888383814605,16484029051525565042,0.18928869999945164,,,batch-f2-linear-direct-edge-detection-20260825-001
F2,X1,X2,f2-linear-direct-edge-detection,12,3,0.5458844928847963,0.005,residual_samples/batch-12-replication-3.csv,null_statistics/batch-12-replication-3.npy,batch-f2-linear-direct-edge-detection,3685292718356545725,10088467967375360335,17909194849482382113,0.1912548000109382,,,batch-f2-linear-direct-edge-detection-20260825-001
F2,X1,X2,f2-linear-direct-edge-detection,12,4,0.5096361057060289,0.005,residual_samples/batch-12-replication-4.csv,null_statistics/batch-12-replication-4.npy,batch-f2-linear-direct-edge-detection,18179119692130519183,17660886278559043009,2877254683401716804,0.1925897999899462,,,batch-f2-linear-direct-edge-detection-20260825-001
F2,X1,X2,f2-linear-direct-edge-detection,12,5,0.5195659384664221,0.005,residual_samples/batch-12-replication-5.csv,null_statistics/batch-12-replication-5.npy,batch-f2-linear-direct-edge-detection,16402647193134312026,14736576507812498441,10845050375151761814,0.19670099997892976,,,batch-f2-linear-direct-edge-detection-20260825-001
F2,X1,X2,f2-linear-direct-edge-detection,12,6,0.5231543770033895,0.005,residual_samples/batch-12-replication-6.csv,null_statistics/batch-12-replication-6.npy,batch-f2-linear-direct-edge-detection,2267070022116201466,15620046783186772534,3720009933050123607,0.19387399998959154,,,batch-f2-linear-direct-edge-detection-20260825-001
F2,X1,X2,f2-linear-direct-edge-detection,12,7,0.5233236361012329,0.005,residual_samples/batch-12-replication-7.csv,null_statistics/batch-12-replication-7.npy,batch-f2-linear-direct-edge-detection,9403764767385420359,12197745487998466593,8171830332698374114,0.1918500000028871,,,batch-f2-linear-direct-edge-detection-20260825-001
F2,X1,X2,f2-linear-direct-edge-detection,12,8,0.5133038265041716,0.005,residual_samples/batch-12-replication-8.csv,null_statistics/batch-12-replication-8.npy,batch-f2-linear-direct-edge-detection,14848473928849925693,7254578909830128029,3730408088423584966,0.19338160002371296,,,batch-f2-linear-direct-edge-detection-20260825-001
F2,X1,X2,f2-linear-direct-edge-detection,12,9,0.5680202722779232,0.005,residual_samples/batch-12-replication-9.csv,null_statistics/batch-12-replication-9.npy,batch-f2-linear-direct-edge-detection,7183055145238075203,17467195744223785476,4984079361565061136,0.19152400002349168,,,batch-f2-linear-direct-edge-detection-20260825-001
F2,X1,X2,f2-linear-direct-edge-detection,13,0,0.5001876395199477,0.005,residual_samples/batch-13-replication-0.csv,null_statistics/batch-13-replication-0.npy,batch-f2-linear-direct-edge-detection,8591189250307499484,14964055934213946347,12775306864188360021,0.19324240001151338,,,batch-f2-linear-direct-edge-detection-20260825-001
F2,X1,X2,f2-linear-direct-edge-detection,13,1,0.5299635757411001,0.005,residual_samples/batch-13-replication-1.csv,null_statistics/batch-13-replication-1.npy,batch-f2-linear-direct-edge-detection,15195578741181229039,5776126669444030817,6406500450473554097,0.19241060002241284,,,batch-f2-linear-direct-edge-detection-20260825-001
F2,X1,X2,f2-linear-direct-edge-detection,13,2,0.5580464287066026,0.005,residual_samples/batch-13-replication-2.csv,null_statistics/batch-13-replication-2.npy,batch-f2-linear-direct-edge-detection,3333952645111861796,12709765684667008925,16964866243766075871,0.1931596000213176,,,batch-f2-linear-direct-edge-detection-20260825-001
F2,X1,X2,f2-linear-direct-edge-detection,13,3,0.4839490275343338,0.005,residual_samples/batch-13-replication-3.csv,null_statistics/batch-13-replication-3.npy,batch-f2-linear-direct-edge-detection,16405804918035651819,11776798953145088001,11227220781077964604,0.19315790000837296,,,batch-f2-linear-direct-edge-detection-20260825-001
F2,X1,X2,f2-linear-direct-edge-detection,13,4,0.5204427175054154,0.005,residual_samples/batch-13-replication-4.csv,null_statistics/batch-13-replication-4.npy,batch-f2-linear-direct-edge-detection,14827500941163162208,8534496819411519180,4647672441739229948,0.19220130000030622,,,batch-f2-linear-direct-edge-detection-20260825-001
F2,X1,X2,f2-linear-direct-edge-detection,13,5,0.509134841939258,0.005,residual_samples/batch-13-replication-5.csv,null_statistics/batch-13-replication-5.npy,batch-f2-linear-direct-edge-detection,15725154034749886413,18199591341592766787,3131340032794700026,0.18967009999323636,,,batch-f2-linear-direct-edge-detection-20260825-001
F2,X1,X2,f2-linear-direct-edge-detection,13,6,0.5370478613619203,0.005,residual_samples/batch-13-replication-6.csv,null_statistics/batch-13-replication-6.npy,batch-f2-linear-direct-edge-detection,12870906378944103857,2239078077596212820,780618087029422670,0.18873510003322735,,,batch-f2-linear-direct-edge-detection-20260825-001
F2,X1,X2,f2-linear-direct-edge-detection,13,7,0.5102148198134573,0.005,residual_samples/batch-13-replication-7.csv,null_statistics/batch-13-replication-7.npy,batch-f2-linear-direct-edge-detection,4154232006895139580,14918621710484062781,1129551630780857150,0.19277179997880012,,,batch-f2-linear-direct-edge-detection-20260825-001
F2,X1,X2,f2-linear-direct-edge-detection,13,8,0.5563975265666988,0.005,residual_samples/batch-13-replication-8.csv,null_statistics/batch-13-replication-8.npy,batch-f2-linear-direct-edge-detection,12341580346190843058,4735738718982572822,14275214885280949112,0.1969756999751553,,,batch-f2-linear-direct-edge-detection-20260825-001
F2,X1,X2,f2-linear-direct-edge-detection,13,9,0.5306973061675684,0.005,residual_samples/batch-13-replication-9.csv,null_statistics/batch-13-replication-9.npy,batch-f2-linear-direct-edge-detection,8553234789136554352,7594128948215429471,10235217905622334717,0.19372589996783063,,,batch-f2-linear-direct-edge-detection-20260825-001
F2,X1,X2,f2-linear-direct-edge-detection,14,0,0.5177380872949866,0.005,residual_samples/batch-14-replication-0.csv,null_statistics/batch-14-replication-0.npy,batch-f2-linear-direct-edge-detection,9148217835990279298,15015714349841694672,17468060699075113501,0.23219010001048446,,,batch-f2-linear-direct-edge-detection-20260825-001
F2,X1,X2,f2-linear-direct-edge-detection,14,1,0.5107103612301601,0.005,residual_samples/batch-14-replication-1.csv,null_statistics/batch-14-replication-1.npy,batch-f2-linear-direct-edge-detection,348346025491561745,17524513843907014764,11131556901174640843,0.19481469999300316,,,batch-f2-linear-direct-edge-detection-20260825-001
F2,X1,X2,f2-linear-direct-edge-detection,14,2,0.5451426374479605,0.005,residual_samples/batch-14-replication-2.csv,null_statistics/batch-14-replication-2.npy,batch-f2-linear-direct-edge-detection,8746319201692338611,1904719007136511393,9050248551629296625,0.19409910001559183,,,batch-f2-linear-direct-edge-detection-20260825-001
F2,X1,X2,f2-linear-direct-edge-detection,14,3,0.4997382253040015,0.005,residual_samples/batch-14-replication-3.csv,null_statistics/batch-14-replication-3.npy,batch-f2-linear-direct-edge-detection,15198626360345367063,5544326518547607232,18387331916666847811,0.1977331999805756,,,batch-f2-linear-direct-edge-detection-20260825-001
F2,X1,X2,f2-linear-direct-edge-detection,14,4,0.45658922098175614,0.005,residual_samples/batch-14-replication-4.csv,null_statistics/batch-14-replication-4.npy,batch-f2-linear-direct-edge-detection,853339104457643639,1325091283598398077,11276034810397081515,0.1939964999910444,,,batch-f2-linear-direct-edge-detection-20260825-001
F2,X1,X2,f2-linear-direct-edge-detection,14,5,0.5441360846997851,0.005,residual_samples/batch-14-replication-5.csv,null_statistics/batch-14-replication-5.npy,batch-f2-linear-direct-edge-detection,13409759087118802741,2888427433736091894,15073349863701687419,0.19337620004080236,,,batch-f2-linear-direct-edge-detection-20260825-001
F2,X1,X2,f2-linear-direct-edge-detection,14,6,0.5419016512168968,0.005,residual_samples/batch-14-replication-6.csv,null_statistics/batch-14-replication-6.npy,batch-f2-linear-direct-edge-detection,8886514443329902696,1634920243448425268,2361893441672140245,0.19371120003052056,,,batch-f2-linear-direct-edge-detection-20260825-001
F2,X1,X2,f2-linear-direct-edge-detection,14,7,0.5390901809503595,0.005,residual_samples/batch-14-replication-7.csv,null_statistics/batch-14-replication-7.npy,batch-f2-linear-direct-edge-detection,5572352637688570647,963328552369878933,7355467628973360435,0.19431089999852702,,,batch-f2-linear-direct-edge-detection-20260825-001
F2,X1,X2,f2-linear-direct-edge-detection,14,8,0.5441227112404019,0.005,residual_samples/batch-14-replication-8.csv,null_statistics/batch-14-replication-8.npy,batch-f2-linear-direct-edge-detection,1328744778989416331,841604371311619642,11926481773432676784,0.19253940001362935,,,batch-f2-linear-direct-edge-detection-20260825-001
F2,X1,X2,f2-linear-direct-edge-detection,14,9,0.5208981888142541,0.005,residual_samples/batch-14-replication-9.csv,null_statistics/batch-14-replication-9.npy,batch-f2-linear-direct-edge-detection,10940340571689533930,15581397537527096160,5072815545879674630,0.19415769999613985,,,batch-f2-linear-direct-edge-detection-20260825-001
F2,X1,X2,f2-linear-direct-edge-detection,15,0,0.526992905191402,0.005,residual_samples/batch-15-replication-0.csv,null_statistics/batch-15-replication-0.npy,batch-f2-linear-direct-edge-detection,17521109688523055248,5281316196771043667,4223728986987851781,0.19473010004730895,,,batch-f2-linear-direct-edge-detection-20260825-001
F2,X1,X2,f2-linear-direct-edge-detection,15,1,0.5325223916900647,0.005,residual_samples/batch-15-replication-1.csv,null_statistics/batch-15-replication-1.npy,batch-f2-linear-direct-edge-detection,5139205579811225105,10337100792757767243,3190947784664082307,0.19483069999841973,,,batch-f2-linear-direct-edge-detection-20260825-001
F2,X1,X2,f2-linear-direct-edge-detection,15,2,0.5326933873178136,0.005,residual_samples/batch-15-replication-2.csv,null_statistics/batch-15-replication-2.npy,batch-f2-linear-direct-edge-detection,12997426487012273823,7325827697344687326,932304859323827632,0.19504640001105145,,,batch-f2-linear-direct-edge-detection-20260825-001
F2,X1,X2,f2-linear-direct-edge-detection,15,3,0.5477352145776114,0.005,residual_samples/batch-15-replication-3.csv,null_statistics/batch-15-replication-3.npy,batch-f2-linear-direct-edge-detection,13384922419848088855,12379352898545196933,18377971998115591935,0.1939456999534741,,,batch-f2-linear-direct-edge-detection-20260825-001
F2,X1,X2,f2-linear-direct-edge-detection,15,4,0.5506782778522311,0.005,residual_samples/batch-15-replication-4.csv,null_statistics/batch-15-replication-4.npy,batch-f2-linear-direct-edge-detection,17932255615170550200,14474070969310782953,17716304882518811564,0.19403309997869655,,,batch-f2-linear-direct-edge-detection-20260825-001
F2,X1,X2,f2-linear-direct-edge-detection,15,5,0.5330632023966768,0.005,residual_samples/batch-15-replication-5.csv,null_statistics/batch-15-replication-5.npy,batch-f2-linear-direct-edge-detection,6716864276005218991,6762753568650280556,6631258888032637244,0.19189529999857768,,,batch-f2-linear-direct-edge-detection-20260825-001
F2,X1,X2,f2-linear-direct-edge-detection,15,6,0.540557462194056,0.005,residual_samples/batch-15-replication-6.csv,null_statistics/batch-15-replication-6.npy,batch-f2-linear-direct-edge-detection,17765485836066857182,6470940059991821367,2576144390383965676,0.19028879998950288,,,batch-f2-linear-direct-edge-detection-20260825-001
F2,X1,X2,f2-linear-direct-edge-detection,15,7,0.49097847837438124,0.005,residual_samples/batch-15-replication-7.csv,null_statistics/batch-15-replication-7.npy,batch-f2-linear-direct-edge-detection,11523411234780666256,2240126149103118806,4842955687739367049,0.19323209999129176,,,batch-f2-linear-direct-edge-detection-20260825-001
F2,X1,X2,f2-linear-direct-edge-detection,15,8,0.5537251958890231,0.005,residual_samples/batch-15-replication-8.csv,null_statistics/batch-15-replication-8.npy,batch-f2-linear-direct-edge-detection,5240824048224103625,18008384370940739022,6060431603279281586,0.19514079997316003,,,batch-f2-linear-direct-edge-detection-20260825-001
F2,X1,X2,f2-linear-direct-edge-detection,15,9,0.5351867135104392,0.005,residual_samples/batch-15-replication-9.csv,null_statistics/batch-15-replication-9.npy,batch-f2-linear-direct-edge-detection,6876906302489433769,5252500636684854394,14345700104853613086,0.19702990003861487,,,batch-f2-linear-direct-edge-detection-20260825-001
F2,X1,X2,f2-linear-direct-edge-detection,16,0,0.5064993302388008,0.005,residual_samples/batch-16-replication-0.csv,null_statistics/batch-16-replication-0.npy,batch-f2-linear-direct-edge-detection,13747703161689650438,17142294343625616662,17658981059307316443,0.19370540004456416,,,batch-f2-linear-direct-edge-detection-20260825-001
F2,X1,X2,f2-linear-direct-edge-detection,16,1,0.5480562830556173,0.005,residual_samples/batch-16-replication-1.csv,null_statistics/batch-16-replication-1.npy,batch-f2-linear-direct-edge-detection,4267741541191533754,2395358482502850830,1318387493538062251,0.19093769998289645,,,batch-f2-linear-direct-edge-detection-20260825-001
F2,X1,X2,f2-linear-direct-edge-detection,16,2,0.514544836521086,0.005,residual_samples/batch-16-replication-2.csv,null_statistics/batch-16-replication-2.npy,batch-f2-linear-direct-edge-detection,11167491190769211342,13680716307627192217,18205865726484257216,0.19444449996808544,,,batch-f2-linear-direct-edge-detection-20260825-001
F2,X1,X2,f2-linear-direct-edge-detection,16,3,0.5529035782154602,0.005,residual_samples/batch-16-replication-3.csv,null_statistics/batch-16-replication-3.npy,batch-f2-linear-direct-edge-detection,4694856998577765743,6294521079639884144,12813787163213175507,0.19823939999332651,,,batch-f2-linear-direct-edge-detection-20260825-001
F2,X1,X2,f2-linear-direct-edge-detection,16,4,0.5569109237475026,0.005,residual_samples/batch-16-replication-4.csv,null_statistics/batch-16-replication-4.npy,batch-f2-linear-direct-edge-detection,9275169381827620201,10284110811357226998,7539431876665346695,0.1977189999888651,,,batch-f2-linear-direct-edge-detection-20260825-001
F2,X1,X2,f2-linear-direct-edge-detection,16,5,0.5431241556085724,0.005,residual_samples/batch-16-replication-5.csv,null_statistics/batch-16-replication-5.npy,batch-f2-linear-direct-edge-detection,9279039662400835870,2193121049796121056,10848018001977419384,0.19413819996407256,,,batch-f2-linear-direct-edge-detection-20260825-001
F2,X1,X2,f2-linear-direct-edge-detection,16,6,0.5014915426852355,0.005,residual_samples/batch-16-replication-6.csv,null_statistics/batch-16-replication-6.npy,batch-f2-linear-direct-edge-detection,3247489054729817565,1917993569702011128,1214521540791526318,0.1934429999673739,,,batch-f2-linear-direct-edge-detection-20260825-001
F2,X1,X2,f2-linear-direct-edge-detection,16,7,0.5457985825755,0.005,residual_samples/batch-16-replication-7.csv,null_statistics/batch-16-replication-7.npy,batch-f2-linear-direct-edge-detection,5016463416050473305,18292893633597048996,15423936656940990558,0.19526730000507087,,,batch-f2-linear-direct-edge-detection-20260825-001
F2,X1,X2,f2-linear-direct-edge-detection,16,8,0.5635311590520182,0.005,residual_samples/batch-16-replication-8.csv,null_statistics/batch-16-replication-8.npy,batch-f2-linear-direct-edge-detection,6333052773644356218,3970682609374996075,10524737152286793449,0.19724459998542443,,,batch-f2-linear-direct-edge-detection-20260825-001
F2,X1,X2,f2-linear-direct-edge-detection,16,9,0.5477675462800252,0.005,residual_samples/batch-16-replication-9.csv,null_statistics/batch-16-replication-9.npy,batch-f2-linear-direct-edge-detection,311382194800885212,8512126923430960035,9668957217699460624,0.19293819996528327,,,batch-f2-linear-direct-edge-detection-20260825-001
F2,X1,X2,f2-linear-direct-edge-detection,17,0,0.5252587223223727,0.005,residual_samples/batch-17-replication-0.csv,null_statistics/batch-17-replication-0.npy,batch-f2-linear-direct-edge-detection,15953766943187877025,1098378293680393805,8108826757819531056,0.1989348999923095,,,batch-f2-linear-direct-edge-detection-20260825-001
F2,X1,X2,f2-linear-direct-edge-detection,17,1,0.5563663866885011,0.005,residual_samples/batch-17-replication-1.csv,null_statistics/batch-17-replication-1.npy,batch-f2-linear-direct-edge-detection,6840598404381757745,15662375255401298706,435375657387138761,0.19281630002660677,,,batch-f2-linear-direct-edge-detection-20260825-001
F2,X1,X2,f2-linear-direct-edge-detection,17,2,0.49929141838251784,0.005,residual_samples/batch-17-replication-2.csv,null_statistics/batch-17-replication-2.npy,batch-f2-linear-direct-edge-detection,2520993161028040283,3103319691202041926,561141547344998535,0.19447749998653308,,,batch-f2-linear-direct-edge-detection-20260825-001
F2,X1,X2,f2-linear-direct-edge-detection,17,3,0.5258008764300551,0.005,residual_samples/batch-17-replication-3.csv,null_statistics/batch-17-replication-3.npy,batch-f2-linear-direct-edge-detection,9743667183742258247,1474963271572877463,4863825340132355954,0.19264850002946332,,,batch-f2-linear-direct-edge-detection-20260825-001
F2,X1,X2,f2-linear-direct-edge-detection,17,4,0.49607533755746364,0.005,residual_samples/batch-17-replication-4.csv,null_statistics/batch-17-replication-4.npy,batch-f2-linear-direct-edge-detection,3636227407228934244,2390376067421814270,3103083046346477726,0.19336659996770322,,,batch-f2-linear-direct-edge-detection-20260825-001
F2,X1,X2,f2-linear-direct-edge-detection,17,5,0.5525351385036519,0.005,residual_samples/batch-17-replication-5.csv,null_statistics/batch-17-replication-5.npy,batch-f2-linear-direct-edge-detection,4165459302288354698,8938431652071804409,6468490192478367377,0.19443660002434626,,,batch-f2-linear-direct-edge-detection-20260825-001
F2,X1,X2,f2-linear-direct-edge-detection,17,6,0.4918392038042758,0.005,residual_samples/batch-17-replication-6.csv,null_statistics/batch-17-replication-6.npy,batch-f2-linear-direct-edge-detection,14928198295826390265,17909235459364890466,2476800604512993794,0.19243439997080714,,,batch-f2-linear-direct-edge-detection-20260825-001
F2,X1,X2,f2-linear-direct-edge-detection,17,7,0.5482024411085145,0.005,residual_samples/batch-17-replication-7.csv,null_statistics/batch-17-replication-7.npy,batch-f2-linear-direct-edge-detection,18317437897890836817,8315889785599350658,16119461823927425944,0.19167979998746887,,,batch-f2-linear-direct-edge-detection-20260825-001
F2,X1,X2,f2-linear-direct-edge-detection,17,8,0.5213555173886851,0.005,residual_samples/batch-17-replication-8.csv,null_statistics/batch-17-replication-8.npy,batch-f2-linear-direct-edge-detection,9741351423337354038,1218128527242120924,8628669872641254827,0.19255320000229403,,,batch-f2-linear-direct-edge-detection-20260825-001
F2,X1,X2,f2-linear-direct-edge-detection,17,9,0.5378829173897104,0.005,residual_samples/batch-17-replication-9.csv,null_statistics/batch-17-replication-9.npy,batch-f2-linear-direct-edge-detection,1805088708695212172,10575464027121505440,7783239729992329665,0.19523680000565946,,,batch-f2-linear-direct-edge-detection-20260825-001
F2,X1,X2,f2-linear-direct-edge-detection,18,0,0.5346627251390956,0.005,residual_samples/batch-18-replication-0.csv,null_statistics/batch-18-replication-0.npy,batch-f2-linear-direct-edge-detection,5857965946494157816,16685088307313194394,1835772724425642392,0.19295080000301823,,,batch-f2-linear-direct-edge-detection-20260825-001
F2,X1,X2,f2-linear-direct-edge-detection,18,1,0.4912615627363553,0.005,residual_samples/batch-18-replication-1.csv,null_statistics/batch-18-replication-1.npy,batch-f2-linear-direct-edge-detection,968679541042869838,1543228038990314707,14268052623463849894,0.19587400002637878,,,batch-f2-linear-direct-edge-detection-20260825-001
F2,X1,X2,f2-linear-direct-edge-detection,18,2,0.5180124879515655,0.005,residual_samples/batch-18-replication-2.csv,null_statistics/batch-18-replication-2.npy,batch-f2-linear-direct-edge-detection,10664040704856108029,11874928907766998195,4869589168353213324,0.19631299999309704,,,batch-f2-linear-direct-edge-detection-20260825-001
F2,X1,X2,f2-linear-direct-edge-detection,18,3,0.5222663087416963,0.005,residual_samples/batch-18-replication-3.csv,null_statistics/batch-18-replication-3.npy,batch-f2-linear-direct-edge-detection,9091227687538830513,16975063367747263308,10253023989977965430,0.19179670000448823,,,batch-f2-linear-direct-edge-detection-20260825-001
F2,X1,X2,f2-linear-direct-edge-detection,18,4,0.5425489193313255,0.005,residual_samples/batch-18-replication-4.csv,null_statistics/batch-18-replication-4.npy,batch-f2-linear-direct-edge-detection,7316764569334865710,6130287504962722044,12548532478454476521,0.19352560001425445,,,batch-f2-linear-direct-edge-detection-20260825-001
F2,X1,X2,f2-linear-direct-edge-detection,18,5,0.518427061890945,0.005,residual_samples/batch-18-replication-5.csv,null_statistics/batch-18-replication-5.npy,batch-f2-linear-direct-edge-detection,10967249257531183624,1855218114511952309,8608104046468252144,0.1977012999705039,,,batch-f2-linear-direct-edge-detection-20260825-001
F2,X1,X2,f2-linear-direct-edge-detection,18,6,0.5464246735122263,0.005,residual_samples/batch-18-replication-6.csv,null_statistics/batch-18-replication-6.npy,batch-f2-linear-direct-edge-detection,12436795730378361459,2862338017775256475,3527716428459129704,0.19481259997701272,,,batch-f2-linear-direct-edge-detection-20260825-001
F2,X1,X2,f2-linear-direct-edge-detection,18,7,0.5197543586307714,0.005,residual_samples/batch-18-replication-7.csv,null_statistics/batch-18-replication-7.npy,batch-f2-linear-direct-edge-detection,17821002330677798214,589139520435678284,11005544228180746069,0.1903230000170879,,,batch-f2-linear-direct-edge-detection-20260825-001
F2,X1,X2,f2-linear-direct-edge-detection,18,8,0.4821134348259065,0.005,residual_samples/batch-18-replication-8.csv,null_statistics/batch-18-replication-8.npy,batch-f2-linear-direct-edge-detection,2132878310570483298,3464999258042367069,4592742597708631158,0.19277089997194707,,,batch-f2-linear-direct-edge-detection-20260825-001
F2,X1,X2,f2-linear-direct-edge-detection,18,9,0.5131257469459966,0.005,residual_samples/batch-18-replication-9.csv,null_statistics/batch-18-replication-9.npy,batch-f2-linear-direct-edge-detection,16941636537278099723,4693527760073264328,7906717289082563506,0.19424040004378185,,,batch-f2-linear-direct-edge-detection-20260825-001
F2,X1,X2,f2-linear-direct-edge-detection,19,0,0.510111393660816,0.005,residual_samples/batch-19-replication-0.csv,null_statistics/batch-19-replication-0.npy,batch-f2-linear-direct-edge-detection,10343758113777571064,9456341468836633545,1937129598906804112,0.19537209998816252,,,batch-f2-linear-direct-edge-detection-20260825-001
F2,X1,X2,f2-linear-direct-edge-detection,19,1,0.5181889170301861,0.005,residual_samples/batch-19-replication-1.csv,null_statistics/batch-19-replication-1.npy,batch-f2-linear-direct-edge-detection,15922646600877627626,18087650187149699527,6210026673666548793,0.19482129998505116,,,batch-f2-linear-direct-edge-detection-20260825-001
F2,X1,X2,f2-linear-direct-edge-detection,19,2,0.5206611189563786,0.005,residual_samples/batch-19-replication-2.csv,null_statistics/batch-19-replication-2.npy,batch-f2-linear-direct-edge-detection,7392863125062832740,5619127311407549248,8635708070571435058,0.196448800037615,,,batch-f2-linear-direct-edge-detection-20260825-001
F2,X1,X2,f2-linear-direct-edge-detection,19,3,0.5272609295942612,0.005,residual_samples/batch-19-replication-3.csv,null_statistics/batch-19-replication-3.npy,batch-f2-linear-direct-edge-detection,6726421720108386953,2352732364236329733,6336201352563512999,0.19352810003329068,,,batch-f2-linear-direct-edge-detection-20260825-001
F2,X1,X2,f2-linear-direct-edge-detection,19,4,0.5494025021601566,0.005,residual_samples/batch-19-replication-4.csv,null_statistics/batch-19-replication-4.npy,batch-f2-linear-direct-edge-detection,11101170098008098631,3657173674591200637,5744084640481460119,0.1919728000066243,,,batch-f2-linear-direct-edge-detection-20260825-001
F2,X1,X2,f2-linear-direct-edge-detection,19,5,0.5061423987891793,0.005,residual_samples/batch-19-replication-5.csv,null_statistics/batch-19-replication-5.npy,batch-f2-linear-direct-edge-detection,18190282912433099265,14961606112147039291,9110261435477842388,0.19545290002133697,,,batch-f2-linear-direct-edge-detection-20260825-001
F2,X1,X2,f2-linear-direct-edge-detection,19,6,0.5038935342081197,0.005,residual_samples/batch-19-replication-6.csv,null_statistics/batch-19-replication-6.npy,batch-f2-linear-direct-edge-detection,9111351057169914602,17956810246626332029,11733835951551652265,0.192633000027854,,,batch-f2-linear-direct-edge-detection-20260825-001
F2,X1,X2,f2-linear-direct-edge-detection,19,7,0.4789558151616875,0.005,residual_samples/batch-19-replication-7.csv,null_statistics/batch-19-replication-7.npy,batch-f2-linear-direct-edge-detection,92147679373115141,7532303754697069088,11280297769826984146,0.19139320001704618,,,batch-f2-linear-direct-edge-detection-20260825-001
F2,X1,X2,f2-linear-direct-edge-detection,19,8,0.5232524378533122,0.005,residual_samples/batch-19-replication-8.csv,null_statistics/batch-19-replication-8.npy,batch-f2-linear-direct-edge-detection,7609100968328011894,7178257359292738002,12997690600901157360,0.19314499996835366,,,batch-f2-linear-direct-edge-detection-20260825-001
F2,X1,X2,f2-linear-direct-edge-detection,19,9,0.5193116184772163,0.005,residual_samples/batch-19-replication-9.csv,null_statistics/batch-19-replication-9.npy,batch-f2-linear-direct-edge-detection,6768087337205240565,6126275201509020243,266421083504144688,0.19318770000245422,,,batch-f2-linear-direct-edge-detection-20260825-001
F2,X1,X2,f2-linear-direct-edge-detection,20,0,0.5082042325443418,0.005,residual_samples/batch-20-replication-0.csv,null_statistics/batch-20-replication-0.npy,batch-f2-linear-direct-edge-detection,6472755026050661595,3572369948710943490,3314174690248108933,0.19567970000207424,,,batch-f2-linear-direct-edge-detection-20260825-001
F2,X1,X2,f2-linear-direct-edge-detection,20,1,0.5169891379759944,0.005,residual_samples/batch-20-replication-1.csv,null_statistics/batch-20-replication-1.npy,batch-f2-linear-direct-edge-detection,6793965264571626322,13155024876607021456,12819491800705017758,0.19583939999574795,,,batch-f2-linear-direct-edge-detection-20260825-001
F2,X1,X2,f2-linear-direct-edge-detection,20,2,0.5640182533515127,0.005,residual_samples/batch-20-replication-2.csv,null_statistics/batch-20-replication-2.npy,batch-f2-linear-direct-edge-detection,10141873606145030128,5723022816055382148,12132956881348439266,0.19159049994777888,,,batch-f2-linear-direct-edge-detection-20260825-001
F2,X1,X2,f2-linear-direct-edge-detection,20,3,0.5197084318496364,0.005,residual_samples/batch-20-replication-3.csv,null_statistics/batch-20-replication-3.npy,batch-f2-linear-direct-edge-detection,8525273879664173033,9910438785715728089,7151494065504813947,0.19013470003847033,,,batch-f2-linear-direct-edge-detection-20260825-001
F2,X1,X2,f2-linear-direct-edge-detection,20,4,0.5137492630855245,0.005,residual_samples/batch-20-replication-4.csv,null_statistics/batch-20-replication-4.npy,batch-f2-linear-direct-edge-detection,11859180144603341798,1938198060923716061,14072311852150114424,0.19143030000850558,,,batch-f2-linear-direct-edge-detection-20260825-001
F2,X1,X2,f2-linear-direct-edge-detection,20,5,0.5136215675347883,0.005,residual_samples/batch-20-replication-5.csv,null_statistics/batch-20-replication-5.npy,batch-f2-linear-direct-edge-detection,8068266432112912783,1544857503511549679,13925997056347250618,0.19567290000850335,,,batch-f2-linear-direct-edge-detection-20260825-001
F2,X1,X2,f2-linear-direct-edge-detection,20,6,0.5131532269021003,0.005,residual_samples/batch-20-replication-6.csv,null_statistics/batch-20-replication-6.npy,batch-f2-linear-direct-edge-detection,4370223148291895004,5660588419322475885,377699671992857552,0.19624259998090565,,,batch-f2-linear-direct-edge-detection-20260825-001
F2,X1,X2,f2-linear-direct-edge-detection,20,7,0.5746878507865298,0.005,residual_samples/batch-20-replication-7.csv,null_statistics/batch-20-replication-7.npy,batch-f2-linear-direct-edge-detection,18237054358303470151,15618118388466241069,16192174531034103101,0.19336510001448914,,,batch-f2-linear-direct-edge-detection-20260825-001
F2,X1,X2,f2-linear-direct-edge-detection,20,8,0.5438108275315945,0.005,residual_samples/batch-20-replication-8.csv,null_statistics/batch-20-replication-8.npy,batch-f2-linear-direct-edge-detection,5664923772862917744,3143227232278050686,11955718682007037720,0.1919056999613531,,,batch-f2-linear-direct-edge-detection-20260825-001
F2,X1,X2,f2-linear-direct-edge-detection,20,9,0.5195118046186904,0.005,residual_samples/batch-20-replication-9.csv,null_statistics/batch-20-replication-9.npy,batch-f2-linear-direct-edge-detection,17759076160511359071,9172004191671661072,1197307083527607145,0.193377599993255,,,batch-f2-linear-direct-edge-detection-20260825-001
F2,X1,X2,f2-linear-direct-edge-detection,21,0,0.5564074802834649,0.005,residual_samples/batch-21-replication-0.csv,null_statistics/batch-21-replication-0.npy,batch-f2-linear-direct-edge-detection,15893129171310805142,2595273251563545063,1082389998535003451,0.1949966999818571,,,batch-f2-linear-direct-edge-detection-20260825-001
F2,X1,X2,f2-linear-direct-edge-detection,21,1,0.513055152933718,0.005,residual_samples/batch-21-replication-1.csv,null_statistics/batch-21-replication-1.npy,batch-f2-linear-direct-edge-detection,2635531995170236682,17414673798338185148,41984093983571326,0.1935135000385344,,,batch-f2-linear-direct-edge-detection-20260825-001
F2,X1,X2,f2-linear-direct-edge-detection,21,2,0.5361910848630344,0.005,residual_samples/batch-21-replication-2.csv,null_statistics/batch-21-replication-2.npy,batch-f2-linear-direct-edge-detection,17694451168665209372,5507729469006646394,17277986443859707010,0.1918125000083819,,,batch-f2-linear-direct-edge-detection-20260825-001
F2,X1,X2,f2-linear-direct-edge-detection,21,3,0.5018064092271931,0.005,residual_samples/batch-21-replication-3.csv,null_statistics/batch-21-replication-3.npy,batch-f2-linear-direct-edge-detection,602182953718324788,8076546964988402650,15523870745814078401,0.19262950000120327,,,batch-f2-linear-direct-edge-detection-20260825-001
F2,X1,X2,f2-linear-direct-edge-detection,21,4,0.5387498026476145,0.005,residual_samples/batch-21-replication-4.csv,null_statistics/batch-21-replication-4.npy,batch-f2-linear-direct-edge-detection,15738534155738221524,862302555674123277,10872160447115768204,0.19156359997577965,,,batch-f2-linear-direct-edge-detection-20260825-001
F2,X1,X2,f2-linear-direct-edge-detection,21,5,0.5323423795598212,0.005,residual_samples/batch-21-replication-5.csv,null_statistics/batch-21-replication-5.npy,batch-f2-linear-direct-edge-detection,12109661661161742413,6326743835551844771,6196910827770773008,0.1936112000257708,,,batch-f2-linear-direct-edge-detection-20260825-001
F2,X1,X2,f2-linear-direct-edge-detection,21,6,0.5146687534033965,0.005,residual_samples/batch-21-replication-6.csv,null_statistics/batch-21-replication-6.npy,batch-f2-linear-direct-edge-detection,10968995758225015140,4211159088487357805,5505993721436221921,0.1942333999904804,,,batch-f2-linear-direct-edge-detection-20260825-001
F2,X1,X2,f2-linear-direct-edge-detection,21,7,0.47879499478450765,0.005,residual_samples/batch-21-replication-7.csv,null_statistics/batch-21-replication-7.npy,batch-f2-linear-direct-edge-detection,758892028749300574,17143063036932882988,3852271784824165352,0.19310189998941496,,,batch-f2-linear-direct-edge-detection-20260825-001
F2,X1,X2,f2-linear-direct-edge-detection,21,8,0.49031647197466305,0.005,residual_samples/batch-21-replication-8.csv,null_statistics/batch-21-replication-8.npy,batch-f2-linear-direct-edge-detection,3735215482497554376,7263251584637624498,5528891107934572499,0.1888838000013493,,,batch-f2-linear-direct-edge-detection-20260825-001
F2,X1,X2,f2-linear-direct-edge-detection,21,9,0.5127361872742238,0.005,residual_samples/batch-21-replication-9.csv,null_statistics/batch-21-replication-9.npy,batch-f2-linear-direct-edge-detection,16934370169527509088,16951539130746950231,6534908027227103904,0.19124610000289977,,,batch-f2-linear-direct-edge-detection-20260825-001
F2,X1,X2,f2-linear-direct-edge-detection,22,0,0.5481640708293326,0.005,residual_samples/batch-22-replication-0.csv,null_statistics/batch-22-replication-0.npy,batch-f2-linear-direct-edge-detection,4584907403385782488,9319527747793134895,17658518115708550970,0.19154309999430552,,,batch-f2-linear-direct-edge-detection-20260825-001
F2,X1,X2,f2-linear-direct-edge-detection,22,1,0.5126356838356633,0.005,residual_samples/batch-22-replication-1.csv,null_statistics/batch-22-replication-1.npy,batch-f2-linear-direct-edge-detection,9495639984355298032,15970815263035498542,8192283302985849761,0.19444240001030266,,,batch-f2-linear-direct-edge-detection-20260825-001
F2,X1,X2,f2-linear-direct-edge-detection,22,2,0.5362389366721864,0.005,residual_samples/batch-22-replication-2.csv,null_statistics/batch-22-replication-2.npy,batch-f2-linear-direct-edge-detection,12763356487309986426,17462277551864253639,13874661543687597147,0.19163419998949394,,,batch-f2-linear-direct-edge-detection-20260825-001
F2,X1,X2,f2-linear-direct-edge-detection,22,3,0.5322299993717615,0.005,residual_samples/batch-22-replication-3.csv,null_statistics/batch-22-replication-3.npy,batch-f2-linear-direct-edge-detection,5814179409850035512,3664874521094622718,1890331221492462814,0.1921804000157863,,,batch-f2-linear-direct-edge-detection-20260825-001
F2,X1,X2,f2-linear-direct-edge-detection,22,4,0.4821870706763922,0.005,residual_samples/batch-22-replication-4.csv,null_statistics/batch-22-replication-4.npy,batch-f2-linear-direct-edge-detection,12602058063418208572,12645817649055758215,5695914788195464103,0.1899406000156887,,,batch-f2-linear-direct-edge-detection-20260825-001
F2,X1,X2,f2-linear-direct-edge-detection,22,5,0.5058859901224841,0.005,residual_samples/batch-22-replication-5.csv,null_statistics/batch-22-replication-5.npy,batch-f2-linear-direct-edge-detection,5833308904565704269,10908405060026045389,545793829454819188,0.19223779998719692,,,batch-f2-linear-direct-edge-detection-20260825-001
F2,X1,X2,f2-linear-direct-edge-detection,22,6,0.5602338079935592,0.005,residual_samples/batch-22-replication-6.csv,null_statistics/batch-22-replication-6.npy,batch-f2-linear-direct-edge-detection,15758650772575426931,2395790119618466081,8234817579143231656,0.1923444999847561,,,batch-f2-linear-direct-edge-detection-20260825-001
F2,X1,X2,f2-linear-direct-edge-detection,22,7,0.5087516191245582,0.005,residual_samples/batch-22-replication-7.csv,null_statistics/batch-22-replication-7.npy,batch-f2-linear-direct-edge-detection,10335624444729478870,1799828569351683964,16316208017206666309,0.19369490002281964,,,batch-f2-linear-direct-edge-detection-20260825-001
F2,X1,X2,f2-linear-direct-edge-detection,22,8,0.5392874540999559,0.005,residual_samples/batch-22-replication-8.csv,null_statistics/batch-22-replication-8.npy,batch-f2-linear-direct-edge-detection,11525440434929032081,4429338377281834971,8568370035652130483,0.1930770999751985,,,batch-f2-linear-direct-edge-detection-20260825-001
F2,X1,X2,f2-linear-direct-edge-detection,22,9,0.5360590772282456,0.005,residual_samples/batch-22-replication-9.csv,null_statistics/batch-22-replication-9.npy,batch-f2-linear-direct-edge-detection,9496034622266490288,2407742897442014352,6963292790035839792,0.19100320001598448,,,batch-f2-linear-direct-edge-detection-20260825-001
F2,X1,X2,f2-linear-direct-edge-detection,23,0,0.531684940281639,0.005,residual_samples/batch-23-replication-0.csv,null_statistics/batch-23-replication-0.npy,batch-f2-linear-direct-edge-detection,4216134567463115999,5334859608906995531,8163938103706719401,0.19246420002309605,,,batch-f2-linear-direct-edge-detection-20260825-001
F2,X1,X2,f2-linear-direct-edge-detection,23,1,0.5271815713976987,0.005,residual_samples/batch-23-replication-1.csv,null_statistics/batch-23-replication-1.npy,batch-f2-linear-direct-edge-detection,14541721528397099362,17102069796027648879,2353732473789406450,0.19605810003122315,,,batch-f2-linear-direct-edge-detection-20260825-001
F2,X1,X2,f2-linear-direct-edge-detection,23,2,0.5412963393341206,0.005,residual_samples/batch-23-replication-2.csv,null_statistics/batch-23-replication-2.npy,batch-f2-linear-direct-edge-detection,12228443048930137767,15929588599865430490,4541352411595586357,0.195256499981042,,,batch-f2-linear-direct-edge-detection-20260825-001
F2,X1,X2,f2-linear-direct-edge-detection,23,3,0.5356122888901776,0.005,residual_samples/batch-23-replication-3.csv,null_statistics/batch-23-replication-3.npy,batch-f2-linear-direct-edge-detection,15117056548489333536,13864313618453663203,8409293679003990118,0.19311069999821484,,,batch-f2-linear-direct-edge-detection-20260825-001
F2,X1,X2,f2-linear-direct-edge-detection,23,4,0.5027033072794935,0.005,residual_samples/batch-23-replication-4.csv,null_statistics/batch-23-replication-4.npy,batch-f2-linear-direct-edge-detection,3225040911699904801,16580291294257221138,15974685837121075041,0.1942558999871835,,,batch-f2-linear-direct-edge-detection-20260825-001
F2,X1,X2,f2-linear-direct-edge-detection,23,5,0.4852361683338,0.005,residual_samples/batch-23-replication-5.csv,null_statistics/batch-23-replication-5.npy,batch-f2-linear-direct-edge-detection,5311051654324478600,9098459462839989750,11770898701431857871,0.19443510001292452,,,batch-f2-linear-direct-edge-detection-20260825-001
F2,X1,X2,f2-linear-direct-edge-detection,23,6,0.5523292272935814,0.005,residual_samples/batch-23-replication-6.csv,null_statistics/batch-23-replication-6.npy,batch-f2-linear-direct-edge-detection,1007641377912653947,8943073342491335279,18169819491236006968,0.1929486999870278,,,batch-f2-linear-direct-edge-detection-20260825-001
F2,X1,X2,f2-linear-direct-edge-detection,23,7,0.5465063935733152,0.005,residual_samples/batch-23-replication-7.csv,null_statistics/batch-23-replication-7.npy,batch-f2-linear-direct-edge-detection,15950735791548873419,13777531172700933636,5275051961645946261,0.19384340004762635,,,batch-f2-linear-direct-edge-detection-20260825-001
F2,X1,X2,f2-linear-direct-edge-detection,23,8,0.5465063260177752,0.005,residual_samples/batch-23-replication-8.csv,null_statistics/batch-23-replication-8.npy,batch-f2-linear-direct-edge-detection,8115161437530726272,15415170424320728669,9050574968532687115,0.1896792000043206,,,batch-f2-linear-direct-edge-detection-20260825-001
F2,X1,X2,f2-linear-direct-edge-detection,23,9,0.5056512775881058,0.005,residual_samples/batch-23-replication-9.csv,null_statistics/batch-23-replication-9.npy,batch-f2-linear-direct-edge-detection,10675091298611746393,15121191723221437014,4996915016414403722,0.19084870000369847,,,batch-f2-linear-direct-edge-detection-20260825-001
F2,X1,X2,f2-linear-direct-edge-detection,24,0,0.5595260628212251,0.005,residual_samples/batch-24-replication-0.csv,null_statistics/batch-24-replication-0.npy,batch-f2-linear-direct-edge-detection,17462147126067098796,1432833097196265386,16244274323679059058,0.19032290001632646,,,batch-f2-linear-direct-edge-detection-20260825-001
F2,X1,X2,f2-linear-direct-edge-detection,24,1,0.5370390621031038,0.005,residual_samples/batch-24-replication-1.csv,null_statistics/batch-24-replication-1.npy,batch-f2-linear-direct-edge-detection,1097998740921112132,1030812531093891393,9786455275896409140,0.1914280999917537,,,batch-f2-linear-direct-edge-detection-20260825-001
F2,X1,X2,f2-linear-direct-edge-detection,24,2,0.5215136253110364,0.005,residual_samples/batch-24-replication-2.csv,null_statistics/batch-24-replication-2.npy,batch-f2-linear-direct-edge-detection,7197229447292191962,9339641078768469202,3638765781505375230,0.19861170003423467,,,batch-f2-linear-direct-edge-detection-20260825-001
F2,X1,X2,f2-linear-direct-edge-detection,24,3,0.533395460526326,0.005,residual_samples/batch-24-replication-3.csv,null_statistics/batch-24-replication-3.npy,batch-f2-linear-direct-edge-detection,5603907530140384709,15436420933447339570,2363288551669262234,0.19536000001244247,,,batch-f2-linear-direct-edge-detection-20260825-001
F2,X1,X2,f2-linear-direct-edge-detection,24,4,0.5574311589010443,0.005,residual_samples/batch-24-replication-4.csv,null_statistics/batch-24-replication-4.npy,batch-f2-linear-direct-edge-detection,6094690797211215702,9277461352279116373,14439239913579526523,0.19509950000792742,,,batch-f2-linear-direct-edge-detection-20260825-001
F2,X1,X2,f2-linear-direct-edge-detection,24,5,0.511975268826835,0.005,residual_samples/batch-24-replication-5.csv,null_statistics/batch-24-replication-5.npy,batch-f2-linear-direct-edge-detection,7775399939813648057,1902669626347641575,14337500211947070168,0.1937103999662213,,,batch-f2-linear-direct-edge-detection-20260825-001
F2,X1,X2,f2-linear-direct-edge-detection,24,6,0.5308725572801261,0.005,residual_samples/batch-24-replication-6.csv,null_statistics/batch-24-replication-6.npy,batch-f2-linear-direct-edge-detection,14988468536920766413,1485259578273590179,625412553876612445,0.19771640002727509,,,batch-f2-linear-direct-edge-detection-20260825-001
F2,X1,X2,f2-linear-direct-edge-detection,24,7,0.5057194610374232,0.005,residual_samples/batch-24-replication-7.csv,null_statistics/batch-24-replication-7.npy,batch-f2-linear-direct-edge-detection,11987289284735833198,7303612358217109251,7705309547292777847,0.1976135000004433,,,batch-f2-linear-direct-edge-detection-20260825-001
F2,X1,X2,f2-linear-direct-edge-detection,24,8,0.5186731119908464,0.005,residual_samples/batch-24-replication-8.csv,null_statistics/batch-24-replication-8.npy,batch-f2-linear-direct-edge-detection,13829492150023619846,3127966558696453898,12120594860990096030,0.1958279000245966,,,batch-f2-linear-direct-edge-detection-20260825-001
F2,X1,X2,f2-linear-direct-edge-detection,24,9,0.5672387800838921,0.005,residual_samples/batch-24-replication-9.csv,null_statistics/batch-24-replication-9.npy,batch-f2-linear-direct-edge-detection,2101994589729695998,15438957494225357124,5252659737718368110,0.19246839999686927,,,batch-f2-linear-direct-edge-detection-20260825-001
F2,X1,X2,f2-linear-direct-edge-detection,25,0,0.5094104295227085,0.005,residual_samples/batch-25-replication-0.csv,null_statistics/batch-25-replication-0.npy,batch-f2-linear-direct-edge-detection,18196580492965823045,5484391084205156656,14977007407091848316,0.1909672999754548,,,batch-f2-linear-direct-edge-detection-20260825-001
F2,X1,X2,f2-linear-direct-edge-detection,25,1,0.5418215690240502,0.005,residual_samples/batch-25-replication-1.csv,null_statistics/batch-25-replication-1.npy,batch-f2-linear-direct-edge-detection,10118952900859350812,13045221430066656678,13966734167169151946,0.19216730003245175,,,batch-f2-linear-direct-edge-detection-20260825-001
F2,X1,X2,f2-linear-direct-edge-detection,25,2,0.4949265134222051,0.005,residual_samples/batch-25-replication-2.csv,null_statistics/batch-25-replication-2.npy,batch-f2-linear-direct-edge-detection,4681683303851635796,16692229783810364821,4057515753562041306,0.1932517999666743,,,batch-f2-linear-direct-edge-detection-20260825-001
F2,X1,X2,f2-linear-direct-edge-detection,25,3,0.5098740129261927,0.005,residual_samples/batch-25-replication-3.csv,null_statistics/batch-25-replication-3.npy,batch-f2-linear-direct-edge-detection,2888392197896012109,4665347760182174769,14799552105247628302,0.19629859999986365,,,batch-f2-linear-direct-edge-detection-20260825-001
F2,X1,X2,f2-linear-direct-edge-detection,25,4,0.5291752725808032,0.005,residual_samples/batch-25-replication-4.csv,null_statistics/batch-25-replication-4.npy,batch-f2-linear-direct-edge-detection,1318855218807767475,1749203365389785400,11557477490087848226,0.19280230003641918,,,batch-f2-linear-direct-edge-detection-20260825-001
F2,X1,X2,f2-linear-direct-edge-detection,25,5,0.5448389123083738,0.005,residual_samples/batch-25-replication-5.csv,null_statistics/batch-25-replication-5.npy,batch-f2-linear-direct-edge-detection,8633695325999612177,15334063510450290373,1725098835932172973,0.19107440003426746,,,batch-f2-linear-direct-edge-detection-20260825-001
F2,X1,X2,f2-linear-direct-edge-detection,25,6,0.5084650492341641,0.005,residual_samples/batch-25-replication-6.csv,null_statistics/batch-25-replication-6.npy,batch-f2-linear-direct-edge-detection,6645854503053891296,9339804949614528454,11830759200764999866,0.19051769998623058,,,batch-f2-linear-direct-edge-detection-20260825-001
F2,X1,X2,f2-linear-direct-edge-detection,25,7,0.5210995408546493,0.005,residual_samples/batch-25-replication-7.csv,null_statistics/batch-25-replication-7.npy,batch-f2-linear-direct-edge-detection,10098175351821703508,2668623514349553437,9875724083361347984,0.19230749999405816,,,batch-f2-linear-direct-edge-detection-20260825-001
F2,X1,X2,f2-linear-direct-edge-detection,25,8,0.5312799743786936,0.005,residual_samples/batch-25-replication-8.csv,null_statistics/batch-25-replication-8.npy,batch-f2-linear-direct-edge-detection,13087017923379623491,12518999230208004795,15724973046848565357,0.19290570000885054,,,batch-f2-linear-direct-edge-detection-20260825-001
F2,X1,X2,f2-linear-direct-edge-detection,25,9,0.5246366528549176,0.005,residual_samples/batch-25-replication-9.csv,null_statistics/batch-25-replication-9.npy,batch-f2-linear-direct-edge-detection,5530616470354728821,8982679129815635860,4880221087540693470,0.1900768000050448,,,batch-f2-linear-direct-edge-detection-20260825-001
F2,X1,X2,f2-linear-direct-edge-detection,26,0,0.5251271912936967,0.005,residual_samples/batch-26-replication-0.csv,null_statistics/batch-26-replication-0.npy,batch-f2-linear-direct-edge-detection,2646552913045492126,32201727829419602,13065240641729538615,0.19328939996194094,,,batch-f2-linear-direct-edge-detection-20260825-001
F2,X1,X2,f2-linear-direct-edge-detection,26,1,0.5422477503499326,0.005,residual_samples/batch-26-replication-1.csv,null_statistics/batch-26-replication-1.npy,batch-f2-linear-direct-edge-detection,16976465031966659302,13446497087145265883,401813173897678313,0.1911202000337653,,,batch-f2-linear-direct-edge-detection-20260825-001
F2,X1,X2,f2-linear-direct-edge-detection,26,2,0.5282512226427896,0.005,residual_samples/batch-26-replication-2.csv,null_statistics/batch-26-replication-2.npy,batch-f2-linear-direct-edge-detection,12876872941590628372,9094580395488371528,1013041062769652263,0.19227160001173615,,,batch-f2-linear-direct-edge-detection-20260825-001
F2,X1,X2,f2-linear-direct-edge-detection,26,3,0.528941310872766,0.005,residual_samples/batch-26-replication-3.csv,null_statistics/batch-26-replication-3.npy,batch-f2-linear-direct-edge-detection,13388242963287242373,1106995923007619326,9178170257350082235,0.19323739997344092,,,batch-f2-linear-direct-edge-detection-20260825-001
F2,X1,X2,f2-linear-direct-edge-detection,26,4,0.49662179728206207,0.005,residual_samples/batch-26-replication-4.csv,null_statistics/batch-26-replication-4.npy,batch-f2-linear-direct-edge-detection,13641781953388092640,18271293891980317281,10195789301657385867,0.19636880001053214,,,batch-f2-linear-direct-edge-detection-20260825-001
F2,X1,X2,f2-linear-direct-edge-detection,26,5,0.4873828329644306,0.005,residual_samples/batch-26-replication-5.csv,null_statistics/batch-26-replication-5.npy,batch-f2-linear-direct-edge-detection,18388781636777355444,16635068379289286582,3166888409254598735,0.190349199983757,,,batch-f2-linear-direct-edge-detection-20260825-001
F2,X1,X2,f2-linear-direct-edge-detection,26,6,0.5307207565651479,0.005,residual_samples/batch-26-replication-6.csv,null_statistics/batch-26-replication-6.npy,batch-f2-linear-direct-edge-detection,14960462762351698521,9766207773971948026,2024916549232262341,0.19050650001736358,,,batch-f2-linear-direct-edge-detection-20260825-001
F2,X1,X2,f2-linear-direct-edge-detection,26,7,0.5534146344513677,0.005,residual_samples/batch-26-replication-7.csv,null_statistics/batch-26-replication-7.npy,batch-f2-linear-direct-edge-detection,14329169995082017945,3222100709870808419,9268775041420280158,0.19223069999134168,,,batch-f2-linear-direct-edge-detection-20260825-001
F2,X1,X2,f2-linear-direct-edge-detection,26,8,0.5256985266820263,0.005,residual_samples/batch-26-replication-8.csv,null_statistics/batch-26-replication-8.npy,batch-f2-linear-direct-edge-detection,6248261190310888175,4446290177033143859,17823838868896215902,0.19513649999862537,,,batch-f2-linear-direct-edge-detection-20260825-001
F2,X1,X2,f2-linear-direct-edge-detection,26,9,0.5110121474828219,0.005,residual_samples/batch-26-replication-9.csv,null_statistics/batch-26-replication-9.npy,batch-f2-linear-direct-edge-detection,5819764597938940966,11885353639306673971,2308331863902963047,0.19234700000379235,,,batch-f2-linear-direct-edge-detection-20260825-001
F2,X1,X2,f2-linear-direct-edge-detection,27,0,0.518447824794255,0.005,residual_samples/batch-27-replication-0.csv,null_statistics/batch-27-replication-0.npy,batch-f2-linear-direct-edge-detection,2976307558484051011,14990769465119344146,17211825409941218346,0.19186189997708425,,,batch-f2-linear-direct-edge-detection-20260825-001
F2,X1,X2,f2-linear-direct-edge-detection,27,1,0.5019382160623427,0.005,residual_samples/batch-27-replication-1.csv,null_statistics/batch-27-replication-1.npy,batch-f2-linear-direct-edge-detection,13345530952608222450,6969363423516864480,15096844688201394487,0.19319260003976524,,,batch-f2-linear-direct-edge-detection-20260825-001
F2,X1,X2,f2-linear-direct-edge-detection,27,2,0.523382390517574,0.005,residual_samples/batch-27-replication-2.csv,null_statistics/batch-27-replication-2.npy,batch-f2-linear-direct-edge-detection,14729455598581737178,4328260731846584280,503832383251738291,0.1924659000360407,,,batch-f2-linear-direct-edge-detection-20260825-001
F2,X1,X2,f2-linear-direct-edge-detection,27,3,0.5210480074428468,0.005,residual_samples/batch-27-replication-3.csv,null_statistics/batch-27-replication-3.npy,batch-f2-linear-direct-edge-detection,1563062429352088491,10717552447100261562,5400191552895073357,0.1944981999695301,,,batch-f2-linear-direct-edge-detection-20260825-001
F2,X1,X2,f2-linear-direct-edge-detection,27,4,0.5673504696069497,0.005,residual_samples/batch-27-replication-4.csv,null_statistics/batch-27-replication-4.npy,batch-f2-linear-direct-edge-detection,11435999152473955135,10890512508830098657,16770973084957168239,0.1946551000000909,,,batch-f2-linear-direct-edge-detection-20260825-001
F2,X1,X2,f2-linear-direct-edge-detection,27,5,0.48105190168914064,0.005,residual_samples/batch-27-replication-5.csv,null_statistics/batch-27-replication-5.npy,batch-f2-linear-direct-edge-detection,17773707972484382073,10095500660397436279,6105583295045760435,0.19188360002590343,,,batch-f2-linear-direct-edge-detection-20260825-001
F2,X1,X2,f2-linear-direct-edge-detection,27,6,0.5268589697863533,0.005,residual_samples/batch-27-replication-6.csv,null_statistics/batch-27-replication-6.npy,batch-f2-linear-direct-edge-detection,10356593620011849899,7710325397607587996,3078867322593989721,0.19127209996804595,,,batch-f2-linear-direct-edge-detection-20260825-001
F2,X1,X2,f2-linear-direct-edge-detection,27,7,0.5126047578172993,0.005,residual_samples/batch-27-replication-7.csv,null_statistics/batch-27-replication-7.npy,batch-f2-linear-direct-edge-detection,4986541077742906129,12799276527013360245,6568588186949899579,0.1924408000195399,,,batch-f2-linear-direct-edge-detection-20260825-001
F2,X1,X2,f2-linear-direct-edge-detection,27,8,0.524413076889675,0.005,residual_samples/batch-27-replication-8.csv,null_statistics/batch-27-replication-8.npy,batch-f2-linear-direct-edge-detection,11278527578862369337,8619911670554307928,10160417753557461527,0.1942196000018157,,,batch-f2-linear-direct-edge-detection-20260825-001
F2,X1,X2,f2-linear-direct-edge-detection,27,9,0.5056876922023904,0.005,residual_samples/batch-27-replication-9.csv,null_statistics/batch-27-replication-9.npy,batch-f2-linear-direct-edge-detection,11276030771570112887,16469735363219658487,8079614185423106953,0.19560009997803718,,,batch-f2-linear-direct-edge-detection-20260825-001
F2,X1,X2,f2-linear-direct-edge-detection,28,0,0.49418788082480986,0.005,residual_samples/batch-28-replication-0.csv,null_statistics/batch-28-replication-0.npy,batch-f2-linear-direct-edge-detection,674284165902732455,4059349777908995410,14453526487283302124,0.19267260003834963,,,batch-f2-linear-direct-edge-detection-20260825-001
F2,X1,X2,f2-linear-direct-edge-detection,28,1,0.5298987208495535,0.005,residual_samples/batch-28-replication-1.csv,null_statistics/batch-28-replication-1.npy,batch-f2-linear-direct-edge-detection,12796557152791477174,13076534672889892874,12621058392829884028,0.19545780000044033,,,batch-f2-linear-direct-edge-detection-20260825-001
F2,X1,X2,f2-linear-direct-edge-detection,28,2,0.5226432961283447,0.005,residual_samples/batch-28-replication-2.csv,null_statistics/batch-28-replication-2.npy,batch-f2-linear-direct-edge-detection,202669430734918228,9143267481107899678,9831728571743920859,0.1907214000239037,,,batch-f2-linear-direct-edge-detection-20260825-001
F2,X1,X2,f2-linear-direct-edge-detection,28,3,0.5134524934485916,0.005,residual_samples/batch-28-replication-3.csv,null_statistics/batch-28-replication-3.npy,batch-f2-linear-direct-edge-detection,10434213368707364281,17318904645094769027,7599082205397052233,0.19147949997568503,,,batch-f2-linear-direct-edge-detection-20260825-001
F2,X1,X2,f2-linear-direct-edge-detection,28,4,0.5249990961386327,0.005,residual_samples/batch-28-replication-4.csv,null_statistics/batch-28-replication-4.npy,batch-f2-linear-direct-edge-detection,14832984406126775614,13161317825066697956,15238554276231424544,0.19424800004344434,,,batch-f2-linear-direct-edge-detection-20260825-001
F2,X1,X2,f2-linear-direct-edge-detection,28,5,0.5511837256322798,0.005,residual_samples/batch-28-replication-5.csv,null_statistics/batch-28-replication-5.npy,batch-f2-linear-direct-edge-detection,11777729204264128693,14507463478160883673,5638674930926449223,0.1932156999828294,,,batch-f2-linear-direct-edge-detection-20260825-001
F2,X1,X2,f2-linear-direct-edge-detection,28,6,0.5375759186079584,0.005,residual_samples/batch-28-replication-6.csv,null_statistics/batch-28-replication-6.npy,batch-f2-linear-direct-edge-detection,11289052675591676622,3169077037016397029,1056212792556100721,0.19387110002571717,,,batch-f2-linear-direct-edge-detection-20260825-001
F2,X1,X2,f2-linear-direct-edge-detection,28,7,0.541671304224231,0.005,residual_samples/batch-28-replication-7.csv,null_statistics/batch-28-replication-7.npy,batch-f2-linear-direct-edge-detection,7304406948755430721,9208130021272137403,7895827279748936630,0.19215419999090955,,,batch-f2-linear-direct-edge-detection-20260825-001
F2,X1,X2,f2-linear-direct-edge-detection,28,8,0.543452284217859,0.005,residual_samples/batch-28-replication-8.csv,null_statistics/batch-28-replication-8.npy,batch-f2-linear-direct-edge-detection,14573413837372932375,7893796197632255062,15085916840559225405,0.19518239999888465,,,batch-f2-linear-direct-edge-detection-20260825-001
F2,X1,X2,f2-linear-direct-edge-detection,28,9,0.5198730204324127,0.005,residual_samples/batch-28-replication-9.csv,null_statistics/batch-28-replication-9.npy,batch-f2-linear-direct-edge-detection,11373952027755276724,3499414897790656702,7467691272689858040,0.19444809999549761,,,batch-f2-linear-direct-edge-detection-20260825-001
F2,X1,X2,f2-linear-direct-edge-detection,29,0,0.48426382069698587,0.005,residual_samples/batch-29-replication-0.csv,null_statistics/batch-29-replication-0.npy,batch-f2-linear-direct-edge-detection,7392484171264809186,10082571966379555866,6917420328325847176,0.19406209996668622,,,batch-f2-linear-direct-edge-detection-20260825-001
F2,X1,X2,f2-linear-direct-edge-detection,29,1,0.5352328361783043,0.005,residual_samples/batch-29-replication-1.csv,null_statistics/batch-29-replication-1.npy,batch-f2-linear-direct-edge-detection,6820816321921075532,1183034159579378771,635931302593181236,0.1920966999605298,,,batch-f2-linear-direct-edge-detection-20260825-001
F2,X1,X2,f2-linear-direct-edge-detection,29,2,0.5684616238472626,0.005,residual_samples/batch-29-replication-2.csv,null_statistics/batch-29-replication-2.npy,batch-f2-linear-direct-edge-detection,17411373493306909319,5113286051569858517,1377982825611578985,0.19091819995082915,,,batch-f2-linear-direct-edge-detection-20260825-001
F2,X1,X2,f2-linear-direct-edge-detection,29,3,0.5124016455418519,0.005,residual_samples/batch-29-replication-3.csv,null_statistics/batch-29-replication-3.npy,batch-f2-linear-direct-edge-detection,711502248192323683,762514218839862626,8504983552645092925,0.19382769998628646,,,batch-f2-linear-direct-edge-detection-20260825-001
F2,X1,X2,f2-linear-direct-edge-detection,29,4,0.522990996035365,0.005,residual_samples/batch-29-replication-4.csv,null_statistics/batch-29-replication-4.npy,batch-f2-linear-direct-edge-detection,11052152524194307876,16990330285999361404,8488236185435796878,0.1954000999685377,,,batch-f2-linear-direct-edge-detection-20260825-001
F2,X1,X2,f2-linear-direct-edge-detection,29,5,0.5253268304123562,0.005,residual_samples/batch-29-replication-5.csv,null_statistics/batch-29-replication-5.npy,batch-f2-linear-direct-edge-detection,13747470805902528127,11803597936574609188,2285821407924902525,0.19225520000327379,,,batch-f2-linear-direct-edge-detection-20260825-001
F2,X1,X2,f2-linear-direct-edge-detection,29,6,0.5205852070450713,0.005,residual_samples/batch-29-replication-6.csv,null_statistics/batch-29-replication-6.npy,batch-f2-linear-direct-edge-detection,17616943463853513632,4639865146468456426,2409895206133459728,0.1911427000304684,,,batch-f2-linear-direct-edge-detection-20260825-001
F2,X1,X2,f2-linear-direct-edge-detection,29,7,0.505661463891963,0.005,residual_samples/batch-29-replication-7.csv,null_statistics/batch-29-replication-7.npy,batch-f2-linear-direct-edge-detection,4449645428966622307,2469516566066241292,5269959325612042952,0.19089259998872876,,,batch-f2-linear-direct-edge-detection-20260825-001
F2,X1,X2,f2-linear-direct-edge-detection,29,8,0.5272489796576011,0.005,residual_samples/batch-29-replication-8.csv,null_statistics/batch-29-replication-8.npy,batch-f2-linear-direct-edge-detection,8888268881825997930,6292403381377515342,2229777807659327909,0.19118999998318031,,,batch-f2-linear-direct-edge-detection-20260825-001
F2,X1,X2,f2-linear-direct-edge-detection,29,9,0.5571742258720584,0.005,residual_samples/batch-29-replication-9.csv,null_statistics/batch-29-replication-9.npy,batch-f2-linear-direct-edge-detection,8045299548533577993,3433596646923482554,960937485225366701,0.1930968000087887,,,batch-f2-linear-direct-edge-detection-20260825-001
F2,X1,X2,f2-linear-direct-edge-detection,30,0,0.5171575007383636,0.005,residual_samples/batch-30-replication-0.csv,null_statistics/batch-30-replication-0.npy,batch-f2-linear-direct-edge-detection,4813934550076738895,13300767908331198271,12433253886045167667,0.19273800001246855,,,batch-f2-linear-direct-edge-detection-20260825-001
F2,X1,X2,f2-linear-direct-edge-detection,30,1,0.53488360157943,0.005,residual_samples/batch-30-replication-1.csv,null_statistics/batch-30-replication-1.npy,batch-f2-linear-direct-edge-detection,6056080753801483976,15606772207890448764,12010127533710320149,0.19007770001189783,,,batch-f2-linear-direct-edge-detection-20260825-001
F2,X1,X2,f2-linear-direct-edge-detection,30,2,0.5434245818316584,0.005,residual_samples/batch-30-replication-2.csv,null_statistics/batch-30-replication-2.npy,batch-f2-linear-direct-edge-detection,4748719205478088605,12334081797932494499,2194120895565546809,0.18966710002860054,,,batch-f2-linear-direct-edge-detection-20260825-001
F2,X1,X2,f2-linear-direct-edge-detection,30,3,0.5173775067719628,0.005,residual_samples/batch-30-replication-3.csv,null_statistics/batch-30-replication-3.npy,batch-f2-linear-direct-edge-detection,17481755206752215010,10952175786176503342,17188156944849765463,0.19122219999553636,,,batch-f2-linear-direct-edge-detection-20260825-001
F2,X1,X2,f2-linear-direct-edge-detection,30,4,0.5360436325353559,0.005,residual_samples/batch-30-replication-4.csv,null_statistics/batch-30-replication-4.npy,batch-f2-linear-direct-edge-detection,2603174948398110290,18289278246365017199,12993691213052619691,0.19272880000062287,,,batch-f2-linear-direct-edge-detection-20260825-001
F2,X1,X2,f2-linear-direct-edge-detection,30,5,0.5323921137269277,0.005,residual_samples/batch-30-replication-5.csv,null_statistics/batch-30-replication-5.npy,batch-f2-linear-direct-edge-detection,221018864944243780,15965353108158407207,8878624023262569659,0.19099450000794604,,,batch-f2-linear-direct-edge-detection-20260825-001
F2,X1,X2,f2-linear-direct-edge-detection,30,6,0.5533766163533231,0.005,residual_samples/batch-30-replication-6.csv,null_statistics/batch-30-replication-6.npy,batch-f2-linear-direct-edge-detection,6153080830268940853,10310747213017310373,11945451882197490437,0.1936814999789931,,,batch-f2-linear-direct-edge-detection-20260825-001
F2,X1,X2,f2-linear-direct-edge-detection,30,7,0.5584643310043375,0.005,residual_samples/batch-30-replication-7.csv,null_statistics/batch-30-replication-7.npy,batch-f2-linear-direct-edge-detection,5626042569834083537,6821778953784009917,2497814344938475524,0.18989009998040274,,,batch-f2-linear-direct-edge-detection-20260825-001
F2,X1,X2,f2-linear-direct-edge-detection,30,8,0.5535807458950952,0.005,residual_samples/batch-30-replication-8.csv,null_statistics/batch-30-replication-8.npy,batch-f2-linear-direct-edge-detection,7264034094211510580,17381622972817881095,6379661164001857827,0.19323969999095425,,,batch-f2-linear-direct-edge-detection-20260825-001
F2,X1,X2,f2-linear-direct-edge-detection,30,9,0.5164346459245727,0.005,residual_samples/batch-30-replication-9.csv,null_statistics/batch-30-replication-9.npy,batch-f2-linear-direct-edge-detection,12916298913155059677,10376324795850167288,8112320170414304482,0.19289619999472052,,,batch-f2-linear-direct-edge-detection-20260825-001
F2,X1,X2,f2-linear-direct-edge-detection,31,0,0.46827236918928095,0.005,residual_samples/batch-31-replication-0.csv,null_statistics/batch-31-replication-0.npy,batch-f2-linear-direct-edge-detection,176344584416241110,16256611227956811432,1596981053300857945,0.19192830001702532,,,batch-f2-linear-direct-edge-detection-20260825-001
F2,X1,X2,f2-linear-direct-edge-detection,31,1,0.4933057481420427,0.005,residual_samples/batch-31-replication-1.csv,null_statistics/batch-31-replication-1.npy,batch-f2-linear-direct-edge-detection,17379894083912862863,6098334959221056862,6621867472355096737,0.19306999997934327,,,batch-f2-linear-direct-edge-detection-20260825-001
F2,X1,X2,f2-linear-direct-edge-detection,31,2,0.5440932432439294,0.005,residual_samples/batch-31-replication-2.csv,null_statistics/batch-31-replication-2.npy,batch-f2-linear-direct-edge-detection,3672489770090101469,10521132002986229970,2704388580578086825,0.19223220000276342,,,batch-f2-linear-direct-edge-detection-20260825-001
F2,X1,X2,f2-linear-direct-edge-detection,31,3,0.5414173145210646,0.005,residual_samples/batch-31-replication-3.csv,null_statistics/batch-31-replication-3.npy,batch-f2-linear-direct-edge-detection,11592893980576139485,3853247792418388631,15549171192792886691,0.19307259999914095,,,batch-f2-linear-direct-edge-detection-20260825-001
F2,X1,X2,f2-linear-direct-edge-detection,31,4,0.5518000709179913,0.005,residual_samples/batch-31-replication-4.csv,null_statistics/batch-31-replication-4.npy,batch-f2-linear-direct-edge-detection,7557419439961235838,14294292073967039748,6099828905434108850,0.19403740001143888,,,batch-f2-linear-direct-edge-detection-20260825-001
F2,X1,X2,f2-linear-direct-edge-detection,31,5,0.5672107014259145,0.005,residual_samples/batch-31-replication-5.csv,null_statistics/batch-31-replication-5.npy,batch-f2-linear-direct-edge-detection,2436292991128130064,2687652600572343307,650457491488300209,0.192865899996832,,,batch-f2-linear-direct-edge-detection-20260825-001
F2,X1,X2,f2-linear-direct-edge-detection,31,6,0.5430753008941674,0.005,residual_samples/batch-31-replication-6.csv,null_statistics/batch-31-replication-6.npy,batch-f2-linear-direct-edge-detection,1267163553101997848,11100444270176240072,4653994821483512939,0.19533930002944544,,,batch-f2-linear-direct-edge-detection-20260825-001
F2,X1,X2,f2-linear-direct-edge-detection,31,7,0.494282428299862,0.005,residual_samples/batch-31-replication-7.csv,null_statistics/batch-31-replication-7.npy,batch-f2-linear-direct-edge-detection,11626646881122663366,13027828373649424277,4258267655593697947,0.19168799999170005,,,batch-f2-linear-direct-edge-detection-20260825-001
F2,X1,X2,f2-linear-direct-edge-detection,31,8,0.4916512290197975,0.005,residual_samples/batch-31-replication-8.csv,null_statistics/batch-31-replication-8.npy,batch-f2-linear-direct-edge-detection,4850189532323237671,6533406956967838141,4007872432703689426,0.19360080000478774,,,batch-f2-linear-direct-edge-detection-20260825-001
F2,X1,X2,f2-linear-direct-edge-detection,31,9,0.5587008123335429,0.005,residual_samples/batch-31-replication-9.csv,null_statistics/batch-31-replication-9.npy,batch-f2-linear-direct-edge-detection,15117578601172835448,1594822287788129902,7791443028475667560,0.19538059999467805,,,batch-f2-linear-direct-edge-detection-20260825-001
F2,X1,X2,f2-linear-direct-edge-detection,32,0,0.49998640178468007,0.005,residual_samples/batch-32-replication-0.csv,null_statistics/batch-32-replication-0.npy,batch-f2-linear-direct-edge-detection,1166056163982174612,10045788746757143750,13991555511285493522,0.19426540000131354,,,batch-f2-linear-direct-edge-detection-20260825-001
F2,X1,X2,f2-linear-direct-edge-detection,32,1,0.5723186925741226,0.005,residual_samples/batch-32-replication-1.csv,null_statistics/batch-32-replication-1.npy,batch-f2-linear-direct-edge-detection,7378537893004603164,4219215653898332994,575492157638935410,0.19519450003281236,,,batch-f2-linear-direct-edge-detection-20260825-001
F2,X1,X2,f2-linear-direct-edge-detection,32,2,0.5087827105523661,0.005,residual_samples/batch-32-replication-2.csv,null_statistics/batch-32-replication-2.npy,batch-f2-linear-direct-edge-detection,12415785884564514407,2580257053946964240,13157152121388558378,0.19306249998044223,,,batch-f2-linear-direct-edge-detection-20260825-001
F2,X1,X2,f2-linear-direct-edge-detection,32,3,0.5135783863559518,0.005,residual_samples/batch-32-replication-3.csv,null_statistics/batch-32-replication-3.npy,batch-f2-linear-direct-edge-detection,7175456250155933460,14435663871619187428,6914660457002978813,0.19274910003878176,,,batch-f2-linear-direct-edge-detection-20260825-001
F2,X1,X2,f2-linear-direct-edge-detection,32,4,0.513032462289013,0.005,residual_samples/batch-32-replication-4.csv,null_statistics/batch-32-replication-4.npy,batch-f2-linear-direct-edge-detection,9923919924141875812,12989463329796808286,4082103479709328927,0.19508070003939793,,,batch-f2-linear-direct-edge-detection-20260825-001
F2,X1,X2,f2-linear-direct-edge-detection,32,5,0.5116905538457788,0.005,residual_samples/batch-32-replication-5.csv,null_statistics/batch-32-replication-5.npy,batch-f2-linear-direct-edge-detection,1148668222847521979,16187498034745744333,16263899490067293652,0.19413580000400543,,,batch-f2-linear-direct-edge-detection-20260825-001
F2,X1,X2,f2-linear-direct-edge-detection,32,6,0.5270541985940016,0.005,residual_samples/batch-32-replication-6.csv,null_statistics/batch-32-replication-6.npy,batch-f2-linear-direct-edge-detection,9846453455615316063,15000025599449921859,16768957036734757532,0.19881430000532418,,,batch-f2-linear-direct-edge-detection-20260825-001
F2,X1,X2,f2-linear-direct-edge-detection,32,7,0.5059565937594038,0.005,residual_samples/batch-32-replication-7.csv,null_statistics/batch-32-replication-7.npy,batch-f2-linear-direct-edge-detection,18208039070064105079,5059751470268644041,3961104223242818138,0.19493769999826327,,,batch-f2-linear-direct-edge-detection-20260825-001
F2,X1,X2,f2-linear-direct-edge-detection,32,8,0.5462368460997652,0.005,residual_samples/batch-32-replication-8.csv,null_statistics/batch-32-replication-8.npy,batch-f2-linear-direct-edge-detection,112785006561015896,6980973258238170695,3134054534103023789,0.19379900000058115,,,batch-f2-linear-direct-edge-detection-20260825-001
F2,X1,X2,f2-linear-direct-edge-detection,32,9,0.5431755529120464,0.005,residual_samples/batch-32-replication-9.csv,null_statistics/batch-32-replication-9.npy,batch-f2-linear-direct-edge-detection,14795440926430732688,1593176453261612558,1549132845365106654,0.1966046000015922,,,batch-f2-linear-direct-edge-detection-20260825-001
F2,X1,X2,f2-linear-direct-edge-detection,33,0,0.567521265189507,0.005,residual_samples/batch-33-replication-0.csv,null_statistics/batch-33-replication-0.npy,batch-f2-linear-direct-edge-detection,740637693639351486,12632330326153580148,16933596959553649053,0.19259440002497286,,,batch-f2-linear-direct-edge-detection-20260825-001
F2,X1,X2,f2-linear-direct-edge-detection,33,1,0.5358065339618262,0.005,residual_samples/batch-33-replication-1.csv,null_statistics/batch-33-replication-1.npy,batch-f2-linear-direct-edge-detection,9313846305780404320,6525603331903172122,13876134519891753217,0.192943700007163,,,batch-f2-linear-direct-edge-detection-20260825-001
F2,X1,X2,f2-linear-direct-edge-detection,33,2,0.5284395168204836,0.005,residual_samples/batch-33-replication-2.csv,null_statistics/batch-33-replication-2.npy,batch-f2-linear-direct-edge-detection,12057955831930078281,12369986737079526570,4323969812390116604,0.19093460001749918,,,batch-f2-linear-direct-edge-detection-20260825-001
F2,X1,X2,f2-linear-direct-edge-detection,33,3,0.5449680329551817,0.005,residual_samples/batch-33-replication-3.csv,null_statistics/batch-33-replication-3.npy,batch-f2-linear-direct-edge-detection,11710845666198400060,16411718822373956074,16029647288408386933,0.19019459997070953,,,batch-f2-linear-direct-edge-detection-20260825-001
F2,X1,X2,f2-linear-direct-edge-detection,33,4,0.5515092250739583,0.005,residual_samples/batch-33-replication-4.csv,null_statistics/batch-33-replication-4.npy,batch-f2-linear-direct-edge-detection,829786574412471061,11174184023674542743,14943615677609076019,0.19184559996938333,,,batch-f2-linear-direct-edge-detection-20260825-001
F2,X1,X2,f2-linear-direct-edge-detection,33,5,0.5479296971016165,0.005,residual_samples/batch-33-replication-5.csv,null_statistics/batch-33-replication-5.npy,batch-f2-linear-direct-edge-detection,18304369455306083035,292954240890453224,9540897044835200121,0.19322810001904145,,,batch-f2-linear-direct-edge-detection-20260825-001
F2,X1,X2,f2-linear-direct-edge-detection,33,6,0.5089349083337457,0.005,residual_samples/batch-33-replication-6.csv,null_statistics/batch-33-replication-6.npy,batch-f2-linear-direct-edge-detection,12942922033829419602,7158837132866755343,8305437277748148867,0.19135939999250695,,,batch-f2-linear-direct-edge-detection-20260825-001
F2,X1,X2,f2-linear-direct-edge-detection,33,7,0.4801124932720334,0.005,residual_samples/batch-33-replication-7.csv,null_statistics/batch-33-replication-7.npy,batch-f2-linear-direct-edge-detection,16836882979344787058,816657342022336833,7459864236300494102,0.19196690001990646,,,batch-f2-linear-direct-edge-detection-20260825-001
F2,X1,X2,f2-linear-direct-edge-detection,33,8,0.5079549101154248,0.005,residual_samples/batch-33-replication-8.csv,null_statistics/batch-33-replication-8.npy,batch-f2-linear-direct-edge-detection,15850430802676320908,17787539450838470357,2878145127870150928,0.19041400001151487,,,batch-f2-linear-direct-edge-detection-20260825-001
F2,X1,X2,f2-linear-direct-edge-detection,33,9,0.4892237292409439,0.005,residual_samples/batch-33-replication-9.csv,null_statistics/batch-33-replication-9.npy,batch-f2-linear-direct-edge-detection,6525041991195833485,9380499501318128021,17002400991605306892,0.19090639997739345,,,batch-f2-linear-direct-edge-detection-20260825-001
F2,X1,X2,f2-linear-direct-edge-detection,34,0,0.5218485074772666,0.005,residual_samples/batch-34-replication-0.csv,null_statistics/batch-34-replication-0.npy,batch-f2-linear-direct-edge-detection,5138307870581833843,8678245550274199216,4318479634817985842,0.19219880003947765,,,batch-f2-linear-direct-edge-detection-20260825-001
F2,X1,X2,f2-linear-direct-edge-detection,34,1,0.5262415163320538,0.005,residual_samples/batch-34-replication-1.csv,null_statistics/batch-34-replication-1.npy,batch-f2-linear-direct-edge-detection,3487872305286677296,18080984838174228578,6920931653724847188,0.19398209999781102,,,batch-f2-linear-direct-edge-detection-20260825-001
F2,X1,X2,f2-linear-direct-edge-detection,34,2,0.5229935262395009,0.005,residual_samples/batch-34-replication-2.csv,null_statistics/batch-34-replication-2.npy,batch-f2-linear-direct-edge-detection,4313699526649848188,12064891671285433532,3264486837465594436,0.19231389998458326,,,batch-f2-linear-direct-edge-detection-20260825-001
F2,X1,X2,f2-linear-direct-edge-detection,34,3,0.5027177104042889,0.005,residual_samples/batch-34-replication-3.csv,null_statistics/batch-34-replication-3.npy,batch-f2-linear-direct-edge-detection,10544423100976936348,9629802621518062136,6281251198900064321,0.19295739999506623,,,batch-f2-linear-direct-edge-detection-20260825-001
F2,X1,X2,f2-linear-direct-edge-detection,34,4,0.5514686354944177,0.005,residual_samples/batch-34-replication-4.csv,null_statistics/batch-34-replication-4.npy,batch-f2-linear-direct-edge-detection,1186065704371811149,10289460550291553197,11755226237847233837,0.19300870003644377,,,batch-f2-linear-direct-edge-detection-20260825-001
F2,X1,X2,f2-linear-direct-edge-detection,34,5,0.5138553494959415,0.005,residual_samples/batch-34-replication-5.csv,null_statistics/batch-34-replication-5.npy,batch-f2-linear-direct-edge-detection,4229306136238518475,9772289626888647334,6950064869427774267,0.19351980002829805,,,batch-f2-linear-direct-edge-detection-20260825-001
F2,X1,X2,f2-linear-direct-edge-detection,34,6,0.4900086357384861,0.005,residual_samples/batch-34-replication-6.csv,null_statistics/batch-34-replication-6.npy,batch-f2-linear-direct-edge-detection,4128348176483857841,7493679228248218652,13404875139253242144,0.19236789998831227,,,batch-f2-linear-direct-edge-detection-20260825-001
F2,X1,X2,f2-linear-direct-edge-detection,34,7,0.5176087287818221,0.005,residual_samples/batch-34-replication-7.csv,null_statistics/batch-34-replication-7.npy,batch-f2-linear-direct-edge-detection,6325062095999499301,2059634292711430856,8480341330892891551,0.19121469999663532,,,batch-f2-linear-direct-edge-detection-20260825-001
F2,X1,X2,f2-linear-direct-edge-detection,34,8,0.5585519300675432,0.005,residual_samples/batch-34-replication-8.csv,null_statistics/batch-34-replication-8.npy,batch-f2-linear-direct-edge-detection,1832676128507167291,2805498889845588083,5276134678807056279,0.1918621999793686,,,batch-f2-linear-direct-edge-detection-20260825-001
F2,X1,X2,f2-linear-direct-edge-detection,34,9,0.5159330316685333,0.005,residual_samples/batch-34-replication-9.csv,null_statistics/batch-34-replication-9.npy,batch-f2-linear-direct-edge-detection,2891610353058921940,9048464810604344625,7987044553343758055,0.19366720004472882,,,batch-f2-linear-direct-edge-detection-20260825-001
F2,X1,X2,f2-linear-direct-edge-detection,35,0,0.5160269607690665,0.005,residual_samples/batch-35-replication-0.csv,null_statistics/batch-35-replication-0.npy,batch-f2-linear-direct-edge-detection,10292821308558550335,5864720827043713194,1843252418560580946,0.19378489995142445,,,batch-f2-linear-direct-edge-detection-20260825-001
F2,X1,X2,f2-linear-direct-edge-detection,35,1,0.5222056429126976,0.005,residual_samples/batch-35-replication-1.csv,null_statistics/batch-35-replication-1.npy,batch-f2-linear-direct-edge-detection,11834736633527075630,15866715707925063123,7793937383137128141,0.1925895000458695,,,batch-f2-linear-direct-edge-detection-20260825-001
F2,X1,X2,f2-linear-direct-edge-detection,35,2,0.5185192345787825,0.005,residual_samples/batch-35-replication-2.csv,null_statistics/batch-35-replication-2.npy,batch-f2-linear-direct-edge-detection,12515877433549633174,16245915661527731454,5109939526360583184,0.1906637999927625,,,batch-f2-linear-direct-edge-detection-20260825-001
F2,X1,X2,f2-linear-direct-edge-detection,35,3,0.4984252674358906,0.005,residual_samples/batch-35-replication-3.csv,null_statistics/batch-35-replication-3.npy,batch-f2-linear-direct-edge-detection,12598280807565204822,12102917661006276523,7287528857328968511,0.19075820001307875,,,batch-f2-linear-direct-edge-detection-20260825-001
F2,X1,X2,f2-linear-direct-edge-detection,35,4,0.5163315019152497,0.005,residual_samples/batch-35-replication-4.csv,null_statistics/batch-35-replication-4.npy,batch-f2-linear-direct-edge-detection,7356167961751718239,4493291431271423454,10198199862957482460,0.18991570000071079,,,batch-f2-linear-direct-edge-detection-20260825-001
F2,X1,X2,f2-linear-direct-edge-detection,35,5,0.5360163163341337,0.005,residual_samples/batch-35-replication-5.csv,null_statistics/batch-35-replication-5.npy,batch-f2-linear-direct-edge-detection,3736994163104586033,13851754899830838774,1100081628260165674,0.19310049997875467,,,batch-f2-linear-direct-edge-detection-20260825-001
F2,X1,X2,f2-linear-direct-edge-detection,35,6,0.5254061629174032,0.005,residual_samples/batch-35-replication-6.csv,null_statistics/batch-35-replication-6.npy,batch-f2-linear-direct-edge-detection,2443403520669222018,16870235303632142489,12053122945957821173,0.19437189999734983,,,batch-f2-linear-direct-edge-detection-20260825-001
F2,X1,X2,f2-linear-direct-edge-detection,35,7,0.5085962800495231,0.005,residual_samples/batch-35-replication-7.csv,null_statistics/batch-35-replication-7.npy,batch-f2-linear-direct-edge-detection,17665415675576603363,7939136371437562259,11949464643658389880,0.19582009996520355,,,batch-f2-linear-direct-edge-detection-20260825-001
F2,X1,X2,f2-linear-direct-edge-detection,35,8,0.5224343242101167,0.005,residual_samples/batch-35-replication-8.csv,null_statistics/batch-35-replication-8.npy,batch-f2-linear-direct-edge-detection,7068411770855645693,18205866325898688169,14043923677641900909,0.19384640001226217,,,batch-f2-linear-direct-edge-detection-20260825-001
F2,X1,X2,f2-linear-direct-edge-detection,35,9,0.5502647666481049,0.005,residual_samples/batch-35-replication-9.csv,null_statistics/batch-35-replication-9.npy,batch-f2-linear-direct-edge-detection,5983526971746854904,14171341970068206024,14047541347161686341,0.19293139997171238,,,batch-f2-linear-direct-edge-detection-20260825-001
F2,X1,X2,f2-linear-direct-edge-detection,36,0,0.5216264622819085,0.005,residual_samples/batch-36-replication-0.csv,null_statistics/batch-36-replication-0.npy,batch-f2-linear-direct-edge-detection,16826130294520049252,13707106770000109799,12626586099479841398,0.1926563000306487,,,batch-f2-linear-direct-edge-detection-20260825-001
F2,X1,X2,f2-linear-direct-edge-detection,36,1,0.5336421413897027,0.005,residual_samples/batch-36-replication-1.csv,null_statistics/batch-36-replication-1.npy,batch-f2-linear-direct-edge-detection,7752478360307723046,5523795766236740623,6537399361466107338,0.19633479998447,,,batch-f2-linear-direct-edge-detection-20260825-001
F2,X1,X2,f2-linear-direct-edge-detection,36,2,0.5417981291051943,0.005,residual_samples/batch-36-replication-2.csv,null_statistics/batch-36-replication-2.npy,batch-f2-linear-direct-edge-detection,17738901179622469429,13496331955762366827,8803853353543202668,0.19595000002300367,,,batch-f2-linear-direct-edge-detection-20260825-001
F2,X1,X2,f2-linear-direct-edge-detection,36,3,0.5128795979664845,0.005,residual_samples/batch-36-replication-3.csv,null_statistics/batch-36-replication-3.npy,batch-f2-linear-direct-edge-detection,12782306733141711236,10679997484132166510,11493253103789344368,0.19417959998827428,,,batch-f2-linear-direct-edge-detection-20260825-001
F2,X1,X2,f2-linear-direct-edge-detection,36,4,0.5566864841959092,0.005,residual_samples/batch-36-replication-4.csv,null_statistics/batch-36-replication-4.npy,batch-f2-linear-direct-edge-detection,9112699179222390453,12334999488672064611,13677062169685636674,0.19286680000368506,,,batch-f2-linear-direct-edge-detection-20260825-001
F2,X1,X2,f2-linear-direct-edge-detection,36,5,0.5047905823663238,0.005,residual_samples/batch-36-replication-5.csv,null_statistics/batch-36-replication-5.npy,batch-f2-linear-direct-edge-detection,8687918226993386369,8968090643722410499,5901101206702885780,0.19530749996192753,,,batch-f2-linear-direct-edge-detection-20260825-001
F2,X1,X2,f2-linear-direct-edge-detection,36,6,0.545456095772278,0.005,residual_samples/batch-36-replication-6.csv,null_statistics/batch-36-replication-6.npy,batch-f2-linear-direct-edge-detection,7818651586222861495,94271955097492069,6335909999185005726,0.1949167000129819,,,batch-f2-linear-direct-edge-detection-20260825-001
F2,X1,X2,f2-linear-direct-edge-detection,36,7,0.4782172314358468,0.005,residual_samples/batch-36-replication-7.csv,null_statistics/batch-36-replication-7.npy,batch-f2-linear-direct-edge-detection,13811571922739823896,2965248481143536011,2876625541277425868,0.19449670001631603,,,batch-f2-linear-direct-edge-detection-20260825-001
F2,X1,X2,f2-linear-direct-edge-detection,36,8,0.5013790583795487,0.005,residual_samples/batch-36-replication-8.csv,null_statistics/batch-36-replication-8.npy,batch-f2-linear-direct-edge-detection,14950945462649670754,10549694212690085539,294902645373086307,0.19259130000136793,,,batch-f2-linear-direct-edge-detection-20260825-001
F2,X1,X2,f2-linear-direct-edge-detection,36,9,0.5000124979189053,0.005,residual_samples/batch-36-replication-9.csv,null_statistics/batch-36-replication-9.npy,batch-f2-linear-direct-edge-detection,64899514625690393,13236726190921070267,12223798503030982699,0.1926437999936752,,,batch-f2-linear-direct-edge-detection-20260825-001
F2,X1,X2,f2-linear-direct-edge-detection,37,0,0.5527547145799256,0.005,residual_samples/batch-37-replication-0.csv,null_statistics/batch-37-replication-0.npy,batch-f2-linear-direct-edge-detection,15574041753406695151,16436244190784333465,13858334602640687919,0.1941350999986753,,,batch-f2-linear-direct-edge-detection-20260825-001
F2,X1,X2,f2-linear-direct-edge-detection,37,1,0.5334311501899084,0.005,residual_samples/batch-37-replication-1.csv,null_statistics/batch-37-replication-1.npy,batch-f2-linear-direct-edge-detection,15787462781115983989,10701398853771407546,7619875741776317659,0.19205710000824183,,,batch-f2-linear-direct-edge-detection-20260825-001
F2,X1,X2,f2-linear-direct-edge-detection,37,2,0.5663933508099676,0.005,residual_samples/batch-37-replication-2.csv,null_statistics/batch-37-replication-2.npy,batch-f2-linear-direct-edge-detection,5910341288826930420,13885301185061053515,1468612772125220603,0.1947280999738723,,,batch-f2-linear-direct-edge-detection-20260825-001
F2,X1,X2,f2-linear-direct-edge-detection,37,3,0.5568815054858062,0.005,residual_samples/batch-37-replication-3.csv,null_statistics/batch-37-replication-3.npy,batch-f2-linear-direct-edge-detection,5141853233878090359,15261810069928170914,3012009841549931057,0.19422529998701066,,,batch-f2-linear-direct-edge-detection-20260825-001
F2,X1,X2,f2-linear-direct-edge-detection,37,4,0.5252751653736719,0.005,residual_samples/batch-37-replication-4.csv,null_statistics/batch-37-replication-4.npy,batch-f2-linear-direct-edge-detection,387967609310615436,10785120148121136678,12684235363579880026,0.19364610000047833,,,batch-f2-linear-direct-edge-detection-20260825-001
F2,X1,X2,f2-linear-direct-edge-detection,37,5,0.5365713964605073,0.005,residual_samples/batch-37-replication-5.csv,null_statistics/batch-37-replication-5.npy,batch-f2-linear-direct-edge-detection,16830924022891640256,2845432738388098847,443451685963027226,0.19329929997911677,,,batch-f2-linear-direct-edge-detection-20260825-001
F2,X1,X2,f2-linear-direct-edge-detection,37,6,0.5462512956024862,0.005,residual_samples/batch-37-replication-6.csv,null_statistics/batch-37-replication-6.npy,batch-f2-linear-direct-edge-detection,3705555764020252834,15890907129902432240,13165412925334078878,0.19224129995564,,,batch-f2-linear-direct-edge-detection-20260825-001
F2,X1,X2,f2-linear-direct-edge-detection,37,7,0.5080680243789037,0.005,residual_samples/batch-37-replication-7.csv,null_statistics/batch-37-replication-7.npy,batch-f2-linear-direct-edge-detection,8992345134732650786,1567256906444744694,3099016800525036876,0.19377790001453832,,,batch-f2-linear-direct-edge-detection-20260825-001
F2,X1,X2,f2-linear-direct-edge-detection,37,8,0.5144428513069002,0.005,residual_samples/batch-37-replication-8.csv,null_statistics/batch-37-replication-8.npy,batch-f2-linear-direct-edge-detection,492391243939517390,3141447421485664617,7840564396478740155,0.19542409997666255,,,batch-f2-linear-direct-edge-detection-20260825-001
F2,X1,X2,f2-linear-direct-edge-detection,37,9,0.5394599207185541,0.005,residual_samples/batch-37-replication-9.csv,null_statistics/batch-37-replication-9.npy,batch-f2-linear-direct-edge-detection,16328467061334280393,6198969623740024492,3898905574384362342,0.19097769999643788,,,batch-f2-linear-direct-edge-detection-20260825-001
F2,X1,X2,f2-linear-direct-edge-detection,38,0,0.5152570739513741,0.005,residual_samples/batch-38-replication-0.csv,null_statistics/batch-38-replication-0.npy,batch-f2-linear-direct-edge-detection,11921558044333084072,3560525949060614325,628073405794800003,0.19250549998832867,,,batch-f2-linear-direct-edge-detection-20260825-001
F2,X1,X2,f2-linear-direct-edge-detection,38,1,0.5010515621314611,0.005,residual_samples/batch-38-replication-1.csv,null_statistics/batch-38-replication-1.npy,batch-f2-linear-direct-edge-detection,4424755327138683519,2987682190918424363,12849938151832809611,0.19021849997807294,,,batch-f2-linear-direct-edge-detection-20260825-001
F2,X1,X2,f2-linear-direct-edge-detection,38,2,0.527694044487331,0.005,residual_samples/batch-38-replication-2.csv,null_statistics/batch-38-replication-2.npy,batch-f2-linear-direct-edge-detection,9837070575575505889,8589971584076605785,4598258522261077336,0.19144389999564737,,,batch-f2-linear-direct-edge-detection-20260825-001
F2,X1,X2,f2-linear-direct-edge-detection,38,3,0.5756740828234863,0.005,residual_samples/batch-38-replication-3.csv,null_statistics/batch-38-replication-3.npy,batch-f2-linear-direct-edge-detection,7275578200025901673,10417872793969423030,7393604397058226289,0.19186560000525787,,,batch-f2-linear-direct-edge-detection-20260825-001
F2,X1,X2,f2-linear-direct-edge-detection,38,4,0.4806550126495026,0.005,residual_samples/batch-38-replication-4.csv,null_statistics/batch-38-replication-4.npy,batch-f2-linear-direct-edge-detection,17405065010259945699,14294537562607381128,5513767738741609894,0.19051909999689087,,,batch-f2-linear-direct-edge-detection-20260825-001
F2,X1,X2,f2-linear-direct-edge-detection,38,5,0.5378719349794854,0.005,residual_samples/batch-38-replication-5.csv,null_statistics/batch-38-replication-5.npy,batch-f2-linear-direct-edge-detection,8101790129025788072,12706991334385011162,13635334064214568541,0.19090330001199618,,,batch-f2-linear-direct-edge-detection-20260825-001
F2,X1,X2,f2-linear-direct-edge-detection,38,6,0.4972213745502138,0.005,residual_samples/batch-38-replication-6.csv,null_statistics/batch-38-replication-6.npy,batch-f2-linear-direct-edge-detection,5308902852998381396,9717259029786061562,3153553640949086246,0.19383070000912994,,,batch-f2-linear-direct-edge-detection-20260825-001
F2,X1,X2,f2-linear-direct-edge-detection,38,7,0.5343887119185445,0.005,residual_samples/batch-38-replication-7.csv,null_statistics/batch-38-replication-7.npy,batch-f2-linear-direct-edge-detection,1308453135480583279,7620656885976414645,625721625666269117,0.19099909998476505,,,batch-f2-linear-direct-edge-detection-20260825-001
F2,X1,X2,f2-linear-direct-edge-detection,38,8,0.5400112344518317,0.005,residual_samples/batch-38-replication-8.csv,null_statistics/batch-38-replication-8.npy,batch-f2-linear-direct-edge-detection,7894166082459783862,4734550885807789960,2803156652243942006,0.1921792000066489,,,batch-f2-linear-direct-edge-detection-20260825-001
F2,X1,X2,f2-linear-direct-edge-detection,38,9,0.5564359119706014,0.005,residual_samples/batch-38-replication-9.csv,null_statistics/batch-38-replication-9.npy,batch-f2-linear-direct-edge-detection,15559243735017653816,7191411408073742437,260733099348291039,0.19071550003718585,,,batch-f2-linear-direct-edge-detection-20260825-001
F2,X1,X2,f2-linear-direct-edge-detection,39,0,0.5325439487587926,0.005,residual_samples/batch-39-replication-0.csv,null_statistics/batch-39-replication-0.npy,batch-f2-linear-direct-edge-detection,6068024150430149445,6681627969581938277,12371754888530209558,0.18985570000950247,,,batch-f2-linear-direct-edge-detection-20260825-001
F2,X1,X2,f2-linear-direct-edge-detection,39,1,0.5311534854815307,0.005,residual_samples/batch-39-replication-1.csv,null_statistics/batch-39-replication-1.npy,batch-f2-linear-direct-edge-detection,8726439211371290795,12871521570060724528,16143110627320311856,0.1905341999954544,,,batch-f2-linear-direct-edge-detection-20260825-001
F2,X1,X2,f2-linear-direct-edge-detection,39,2,0.5569023954027414,0.005,residual_samples/batch-39-replication-2.csv,null_statistics/batch-39-replication-2.npy,batch-f2-linear-direct-edge-detection,8666673286439428787,12443210376426469018,10001227670466798431,0.1979325000429526,,,batch-f2-linear-direct-edge-detection-20260825-001
F2,X1,X2,f2-linear-direct-edge-detection,39,3,0.5386250536463405,0.005,residual_samples/batch-39-replication-3.csv,null_statistics/batch-39-replication-3.npy,batch-f2-linear-direct-edge-detection,9603084355595736294,971131764008097467,6792213299154220867,0.19414169999072328,,,batch-f2-linear-direct-edge-detection-20260825-001
F2,X1,X2,f2-linear-direct-edge-detection,39,4,0.5648296760587692,0.005,residual_samples/batch-39-replication-4.csv,null_statistics/batch-39-replication-4.npy,batch-f2-linear-direct-edge-detection,15727999115764757805,15617885405304470122,9648585520683230757,0.19334860000526533,,,batch-f2-linear-direct-edge-detection-20260825-001
F2,X1,X2,f2-linear-direct-edge-detection,39,5,0.5209561832876726,0.005,residual_samples/batch-39-replication-5.csv,null_statistics/batch-39-replication-5.npy,batch-f2-linear-direct-edge-detection,13825255726366681863,11222015881859769514,17633947955706864361,0.19169920001877472,,,batch-f2-linear-direct-edge-detection-20260825-001
F2,X1,X2,f2-linear-direct-edge-detection,39,6,0.5708030215475536,0.005,residual_samples/batch-39-replication-6.csv,null_statistics/batch-39-replication-6.npy,batch-f2-linear-direct-edge-detection,9102423674002661465,11891516444469413984,17509111189094945895,0.19526950002182275,,,batch-f2-linear-direct-edge-detection-20260825-001
F2,X1,X2,f2-linear-direct-edge-detection,39,7,0.527587806344905,0.005,residual_samples/batch-39-replication-7.csv,null_statistics/batch-39-replication-7.npy,batch-f2-linear-direct-edge-detection,14711285520409577468,14818594779692970521,8194955434314813811,0.19328439998207614,,,batch-f2-linear-direct-edge-detection-20260825-001
F2,X1,X2,f2-linear-direct-edge-detection,39,8,0.4958218220712347,0.005,residual_samples/batch-39-replication-8.csv,null_statistics/batch-39-replication-8.npy,batch-f2-linear-direct-edge-detection,15193227324467145617,6402586406232347580,13645062319499163977,0.19260220002615824,,,batch-f2-linear-direct-edge-detection-20260825-001
F2,X1,X2,f2-linear-direct-edge-detection,39,9,0.5023198388532206,0.005,residual_samples/batch-39-replication-9.csv,null_statistics/batch-39-replication-9.npy,batch-f2-linear-direct-edge-detection,17725155832447900387,10519518804686425735,15877386744861520218,0.1915993999573402,,,batch-f2-linear-direct-edge-detection-20260825-001
F2,X1,X2,f2-linear-direct-edge-detection,40,0,0.5466240850189887,0.005,residual_samples/batch-40-replication-0.csv,null_statistics/batch-40-replication-0.npy,batch-f2-linear-direct-edge-detection,8149686782469060254,6877347722604915909,3199042297423193910,0.19415110000409186,,,batch-f2-linear-direct-edge-detection-20260825-001
F2,X1,X2,f2-linear-direct-edge-detection,40,1,0.49220495387662555,0.005,residual_samples/batch-40-replication-1.csv,null_statistics/batch-40-replication-1.npy,batch-f2-linear-direct-edge-detection,12320500051732277642,8798103136535113981,12835644149734228815,0.19499270000960678,,,batch-f2-linear-direct-edge-detection-20260825-001
F2,X1,X2,f2-linear-direct-edge-detection,40,2,0.5139734151397359,0.005,residual_samples/batch-40-replication-2.csv,null_statistics/batch-40-replication-2.npy,batch-f2-linear-direct-edge-detection,9456018782536236248,13130480860051893714,10087004563878558506,0.19501109997509047,,,batch-f2-linear-direct-edge-detection-20260825-001
F2,X1,X2,f2-linear-direct-edge-detection,40,3,0.5076868312306079,0.005,residual_samples/batch-40-replication-3.csv,null_statistics/batch-40-replication-3.npy,batch-f2-linear-direct-edge-detection,9082386723380773526,15500846181371503518,13805279644158080193,0.19446050003170967,,,batch-f2-linear-direct-edge-detection-20260825-001
F2,X1,X2,f2-linear-direct-edge-detection,40,4,0.47947880424462874,0.005,residual_samples/batch-40-replication-4.csv,null_statistics/batch-40-replication-4.npy,batch-f2-linear-direct-edge-detection,8585344428142945633,3357169722944489794,3627201900111998574,0.19360520003829151,,,batch-f2-linear-direct-edge-detection-20260825-001
F2,X1,X2,f2-linear-direct-edge-detection,40,5,0.5167377058084861,0.005,residual_samples/batch-40-replication-5.csv,null_statistics/batch-40-replication-5.npy,batch-f2-linear-direct-edge-detection,17070732922759612896,10719752571281450387,17164525948620325954,0.1959328000084497,,,batch-f2-linear-direct-edge-detection-20260825-001
F2,X1,X2,f2-linear-direct-edge-detection,40,6,0.5370973310956731,0.005,residual_samples/batch-40-replication-6.csv,null_statistics/batch-40-replication-6.npy,batch-f2-linear-direct-edge-detection,17954169338329848935,8532381662719972620,5723261422763930744,0.1944307999801822,,,batch-f2-linear-direct-edge-detection-20260825-001
F2,X1,X2,f2-linear-direct-edge-detection,40,7,0.5006669822067895,0.005,residual_samples/batch-40-replication-7.csv,null_statistics/batch-40-replication-7.npy,batch-f2-linear-direct-edge-detection,16507241899382294812,15065739975005779616,4831131500948910176,0.1962360999896191,,,batch-f2-linear-direct-edge-detection-20260825-001
F2,X1,X2,f2-linear-direct-edge-detection,40,8,0.46978296953591836,0.005,residual_samples/batch-40-replication-8.csv,null_statistics/batch-40-replication-8.npy,batch-f2-linear-direct-edge-detection,6093199860795351683,5731252677060736930,7266598475296795295,0.19300339999608696,,,batch-f2-linear-direct-edge-detection-20260825-001
F2,X1,X2,f2-linear-direct-edge-detection,40,9,0.5398081310782872,0.005,residual_samples/batch-40-replication-9.csv,null_statistics/batch-40-replication-9.npy,batch-f2-linear-direct-edge-detection,7046251541209562631,16640014424203356513,16795890967291422676,0.19175140000879765,,,batch-f2-linear-direct-edge-detection-20260825-001
F2,X1,X2,f2-linear-direct-edge-detection,41,0,0.48915658416381197,0.005,residual_samples/batch-41-replication-0.csv,null_statistics/batch-41-replication-0.npy,batch-f2-linear-direct-edge-detection,2519492244516628870,11982415045182459358,399712345688227149,0.1909798000124283,,,batch-f2-linear-direct-edge-detection-20260825-001
F2,X1,X2,f2-linear-direct-edge-detection,41,1,0.5306757117975605,0.005,residual_samples/batch-41-replication-1.csv,null_statistics/batch-41-replication-1.npy,batch-f2-linear-direct-edge-detection,10007491766460181214,12018464997105161375,5560402632687745574,0.19190880004316568,,,batch-f2-linear-direct-edge-detection-20260825-001
F2,X1,X2,f2-linear-direct-edge-detection,41,2,0.5157097560276624,0.005,residual_samples/batch-41-replication-2.csv,null_statistics/batch-41-replication-2.npy,batch-f2-linear-direct-edge-detection,2704506285551735195,104849921280095377,2765898430603397189,0.1945807000156492,,,batch-f2-linear-direct-edge-detection-20260825-001
F2,X1,X2,f2-linear-direct-edge-detection,41,3,0.5194871050127995,0.005,residual_samples/batch-41-replication-3.csv,null_statistics/batch-41-replication-3.npy,batch-f2-linear-direct-edge-detection,8068861607682010941,17637474771164354146,2700115791243723396,0.19338440004503354,,,batch-f2-linear-direct-edge-detection-20260825-001
F2,X1,X2,f2-linear-direct-edge-detection,41,4,0.5331825094227427,0.005,residual_samples/batch-41-replication-4.csv,null_statistics/batch-41-replication-4.npy,batch-f2-linear-direct-edge-detection,1546092143853600638,713634312833379193,7567969271435013016,0.1930234000319615,,,batch-f2-linear-direct-edge-detection-20260825-001
F2,X1,X2,f2-linear-direct-edge-detection,41,5,0.5594321663175212,0.005,residual_samples/batch-41-replication-5.csv,null_statistics/batch-41-replication-5.npy,batch-f2-linear-direct-edge-detection,14593239305069104226,5800223367582772381,17074605288606545161,0.19115760002750903,,,batch-f2-linear-direct-edge-detection-20260825-001
F2,X1,X2,f2-linear-direct-edge-detection,41,6,0.5333700391932918,0.005,residual_samples/batch-41-replication-6.csv,null_statistics/batch-41-replication-6.npy,batch-f2-linear-direct-edge-detection,3864416336943398928,14831131443903313354,5549404639122248829,0.19033179996768013,,,batch-f2-linear-direct-edge-detection-20260825-001
F2,X1,X2,f2-linear-direct-edge-detection,41,7,0.5015205590296846,0.005,residual_samples/batch-41-replication-7.csv,null_statistics/batch-41-replication-7.npy,batch-f2-linear-direct-edge-detection,14774431928880394749,6708481763452527486,10640821289835038614,0.19313440000405535,,,batch-f2-linear-direct-edge-detection-20260825-001
F2,X1,X2,f2-linear-direct-edge-detection,41,8,0.5396616449131763,0.005,residual_samples/batch-41-replication-8.csv,null_statistics/batch-41-replication-8.npy,batch-f2-linear-direct-edge-detection,10930001451699935014,18089141728454873863,9685537343804774150,0.19190299999900162,,,batch-f2-linear-direct-edge-detection-20260825-001
F2,X1,X2,f2-linear-direct-edge-detection,41,9,0.560856164625883,0.005,residual_samples/batch-41-replication-9.csv,null_statistics/batch-41-replication-9.npy,batch-f2-linear-direct-edge-detection,2195212341630885003,5343318039707576679,799573089894660229,0.19173500000033528,,,batch-f2-linear-direct-edge-detection-20260825-001
F2,X1,X2,f2-linear-direct-edge-detection,42,0,0.524707463307086,0.005,residual_samples/batch-42-replication-0.csv,null_statistics/batch-42-replication-0.npy,batch-f2-linear-direct-edge-detection,2074663018932231420,8159936686436172917,12102897815345760461,0.19262829999206588,,,batch-f2-linear-direct-edge-detection-20260825-001
F2,X1,X2,f2-linear-direct-edge-detection,42,1,0.5325184930321845,0.005,residual_samples/batch-42-replication-1.csv,null_statistics/batch-42-replication-1.npy,batch-f2-linear-direct-edge-detection,5783363933646397275,10574334832802709988,11530746262461292677,0.19003759999759495,,,batch-f2-linear-direct-edge-detection-20260825-001
F2,X1,X2,f2-linear-direct-edge-detection,42,2,0.516066776432135,0.005,residual_samples/batch-42-replication-2.csv,null_statistics/batch-42-replication-2.npy,batch-f2-linear-direct-edge-detection,7434303232168064889,7748913439442531670,7127358132457511408,0.19163139996817335,,,batch-f2-linear-direct-edge-detection-20260825-001
F2,X1,X2,f2-linear-direct-edge-detection,42,3,0.5699171550792315,0.005,residual_samples/batch-42-replication-3.csv,null_statistics/batch-42-replication-3.npy,batch-f2-linear-direct-edge-detection,11812095596233657770,3182985203307565274,12429961134767233301,0.19340379995992407,,,batch-f2-linear-direct-edge-detection-20260825-001
F2,X1,X2,f2-linear-direct-edge-detection,42,4,0.5407255149664524,0.005,residual_samples/batch-42-replication-4.csv,null_statistics/batch-42-replication-4.npy,batch-f2-linear-direct-edge-detection,12497817547805188151,5259316483843132961,15930169183285229982,0.19454080000286922,,,batch-f2-linear-direct-edge-detection-20260825-001
F2,X1,X2,f2-linear-direct-edge-detection,42,5,0.5165747371684668,0.005,residual_samples/batch-42-replication-5.csv,null_statistics/batch-42-replication-5.npy,batch-f2-linear-direct-edge-detection,14263709197858551374,10697040824645605076,28180869835005600,0.19352959998650476,,,batch-f2-linear-direct-edge-detection-20260825-001
F2,X1,X2,f2-linear-direct-edge-detection,42,6,0.535205591302503,0.005,residual_samples/batch-42-replication-6.csv,null_statistics/batch-42-replication-6.npy,batch-f2-linear-direct-edge-detection,1472702621667548957,773411518611308104,11702409847813659599,0.19068050000350922,,,batch-f2-linear-direct-edge-detection-20260825-001
F2,X1,X2,f2-linear-direct-edge-detection,42,7,0.4883059494642861,0.005,residual_samples/batch-42-replication-7.csv,null_statistics/batch-42-replication-7.npy,batch-f2-linear-direct-edge-detection,5757213997742168465,5571305191812306462,14949636934754693064,0.1926184999756515,,,batch-f2-linear-direct-edge-detection-20260825-001
F2,X1,X2,f2-linear-direct-edge-detection,42,8,0.5333492567127365,0.005,residual_samples/batch-42-replication-8.csv,null_statistics/batch-42-replication-8.npy,batch-f2-linear-direct-edge-detection,1099869549138498053,12687196953441179506,4276296806737878678,0.1945885000168346,,,batch-f2-linear-direct-edge-detection-20260825-001
F2,X1,X2,f2-linear-direct-edge-detection,42,9,0.5131071229644077,0.005,residual_samples/batch-42-replication-9.csv,null_statistics/batch-42-replication-9.npy,batch-f2-linear-direct-edge-detection,6243137440266823329,16422003164189406237,6590492248599986634,0.19345329998759553,,,batch-f2-linear-direct-edge-detection-20260825-001
F2,X1,X2,f2-linear-direct-edge-detection,43,0,0.5143080043951322,0.005,residual_samples/batch-43-replication-0.csv,null_statistics/batch-43-replication-0.npy,batch-f2-linear-direct-edge-detection,9780685111254162995,5318126977000335906,9809370823101271041,0.19384789996547624,,,batch-f2-linear-direct-edge-detection-20260825-001
F2,X1,X2,f2-linear-direct-edge-detection,43,1,0.516759094451137,0.005,residual_samples/batch-43-replication-1.csv,null_statistics/batch-43-replication-1.npy,batch-f2-linear-direct-edge-detection,4826079928270569061,15534928763831732852,75995422103862696,0.19254739995812997,,,batch-f2-linear-direct-edge-detection-20260825-001
F2,X1,X2,f2-linear-direct-edge-detection,43,2,0.546395318663356,0.005,residual_samples/batch-43-replication-2.csv,null_statistics/batch-43-replication-2.npy,batch-f2-linear-direct-edge-detection,18122039213233243712,3516113442403982362,8011033791930101762,0.19074350001756102,,,batch-f2-linear-direct-edge-detection-20260825-001
F2,X1,X2,f2-linear-direct-edge-detection,43,3,0.534487969849144,0.005,residual_samples/batch-43-replication-3.csv,null_statistics/batch-43-replication-3.npy,batch-f2-linear-direct-edge-detection,10567680002513775547,18135207282718629112,1199023157188109854,0.19343610003124923,,,batch-f2-linear-direct-edge-detection-20260825-001
F2,X1,X2,f2-linear-direct-edge-detection,43,4,0.5044214323982812,0.005,residual_samples/batch-43-replication-4.csv,null_statistics/batch-43-replication-4.npy,batch-f2-linear-direct-edge-detection,2868148930419894327,9893163721804519695,3570682388237704845,0.19013239996274933,,,batch-f2-linear-direct-edge-detection-20260825-001
F2,X1,X2,f2-linear-direct-edge-detection,43,5,0.5048995142414315,0.005,residual_samples/batch-43-replication-5.csv,null_statistics/batch-43-replication-5.npy,batch-f2-linear-direct-edge-detection,2271388025446736414,12588926230785873150,10728980461990590103,0.19374070002231747,,,batch-f2-linear-direct-edge-detection-20260825-001
F2,X1,X2,f2-linear-direct-edge-detection,43,6,0.5143530899736038,0.005,residual_samples/batch-43-replication-6.csv,null_statistics/batch-43-replication-6.npy,batch-f2-linear-direct-edge-detection,3062649325426462143,5312093594159448516,11833945478875772226,0.1909307999885641,,,batch-f2-linear-direct-edge-detection-20260825-001
F2,X1,X2,f2-linear-direct-edge-detection,43,7,0.5328817247671196,0.005,residual_samples/batch-43-replication-7.csv,null_statistics/batch-43-replication-7.npy,batch-f2-linear-direct-edge-detection,6778535623611597902,14505537978970803820,2178718691350776177,0.1933901000302285,,,batch-f2-linear-direct-edge-detection-20260825-001
F2,X1,X2,f2-linear-direct-edge-detection,43,8,0.5009608477761486,0.005,residual_samples/batch-43-replication-8.csv,null_statistics/batch-43-replication-8.npy,batch-f2-linear-direct-edge-detection,7823772786678556020,10922096822533438037,5747969421006588259,0.19376940000802279,,,batch-f2-linear-direct-edge-detection-20260825-001
F2,X1,X2,f2-linear-direct-edge-detection,43,9,0.5198872593368237,0.005,residual_samples/batch-43-replication-9.csv,null_statistics/batch-43-replication-9.npy,batch-f2-linear-direct-edge-detection,12404208318658221716,16498424029724789496,4627034822066470102,0.19149900000775233,,,batch-f2-linear-direct-edge-detection-20260825-001
F2,X1,X2,f2-linear-direct-edge-detection,44,0,0.4880775799369819,0.005,residual_samples/batch-44-replication-0.csv,null_statistics/batch-44-replication-0.npy,batch-f2-linear-direct-edge-detection,10991096047146886297,688061018456683463,9902645291360484280,0.19414630002574995,,,batch-f2-linear-direct-edge-detection-20260825-001
F2,X1,X2,f2-linear-direct-edge-detection,44,1,0.5409185178054119,0.005,residual_samples/batch-44-replication-1.csv,null_statistics/batch-44-replication-1.npy,batch-f2-linear-direct-edge-detection,9958939545717511533,2383348449940627515,13040417228182533710,0.1914892999920994,,,batch-f2-linear-direct-edge-detection-20260825-001
F2,X1,X2,f2-linear-direct-edge-detection,44,2,0.5360457552023814,0.005,residual_samples/batch-44-replication-2.csv,null_statistics/batch-44-replication-2.npy,batch-f2-linear-direct-edge-detection,9751381058809730160,5916998889011767290,15696056015626830581,0.1899619000032544,,,batch-f2-linear-direct-edge-detection-20260825-001
F2,X1,X2,f2-linear-direct-edge-detection,44,3,0.49254689846744554,0.005,residual_samples/batch-44-replication-3.csv,null_statistics/batch-44-replication-3.npy,batch-f2-linear-direct-edge-detection,7824370126249027570,3347014615380906898,14614901935548647613,0.19426540000131354,,,batch-f2-linear-direct-edge-detection-20260825-001
F2,X1,X2,f2-linear-direct-edge-detection,44,4,0.5042692362344718,0.005,residual_samples/batch-44-replication-4.csv,null_statistics/batch-44-replication-4.npy,batch-f2-linear-direct-edge-detection,16203327648634797121,15529589152106957046,16319162328238382123,0.1909818000276573,,,batch-f2-linear-direct-edge-detection-20260825-001
F2,X1,X2,f2-linear-direct-edge-detection,44,5,0.48839438278412706,0.005,residual_samples/batch-44-replication-5.csv,null_statistics/batch-44-replication-5.npy,batch-f2-linear-direct-edge-detection,17503581465062395106,13453263468324984635,10247317543958753338,0.1947414000169374,,,batch-f2-linear-direct-edge-detection-20260825-001
F2,X1,X2,f2-linear-direct-edge-detection,44,6,0.5562305026176564,0.005,residual_samples/batch-44-replication-6.csv,null_statistics/batch-44-replication-6.npy,batch-f2-linear-direct-edge-detection,5999212685190474545,580083672069503820,10561764309917571281,0.19426069996552542,,,batch-f2-linear-direct-edge-detection-20260825-001
F2,X1,X2,f2-linear-direct-edge-detection,44,7,0.5130688998975906,0.005,residual_samples/batch-44-replication-7.csv,null_statistics/batch-44-replication-7.npy,batch-f2-linear-direct-edge-detection,15929289747006851029,7429665402271205829,7929080120302062329,0.19045639998512343,,,batch-f2-linear-direct-edge-detection-20260825-001
F2,X1,X2,f2-linear-direct-edge-detection,44,8,0.5364254601428341,0.005,residual_samples/batch-44-replication-8.csv,null_statistics/batch-44-replication-8.npy,batch-f2-linear-direct-edge-detection,6019105759027194528,18144083443705168655,17662767823084559118,0.19351110002025962,,,batch-f2-linear-direct-edge-detection-20260825-001
F2,X1,X2,f2-linear-direct-edge-detection,44,9,0.5143367397058612,0.005,residual_samples/batch-44-replication-9.csv,null_statistics/batch-44-replication-9.npy,batch-f2-linear-direct-edge-detection,16893818663583652096,4902028780503118708,9220960185581942023,0.208280399965588,,,batch-f2-linear-direct-edge-detection-20260825-001
F2,X1,X2,f2-linear-direct-edge-detection,45,0,0.479984671540607,0.005,residual_samples/batch-45-replication-0.csv,null_statistics/batch-45-replication-0.npy,batch-f2-linear-direct-edge-detection,1572503500624744601,15504794964475924338,17334560755892236072,0.19372979999752715,,,batch-f2-linear-direct-edge-detection-20260825-001
F2,X1,X2,f2-linear-direct-edge-detection,45,1,0.5426049545317313,0.005,residual_samples/batch-45-replication-1.csv,null_statistics/batch-45-replication-1.npy,batch-f2-linear-direct-edge-detection,15581682887705633530,814821769027134113,11891822382405360144,0.19427959999302402,,,batch-f2-linear-direct-edge-detection-20260825-001
F2,X1,X2,f2-linear-direct-edge-detection,45,2,0.5512284004677614,0.005,residual_samples/batch-45-replication-2.csv,null_statistics/batch-45-replication-2.npy,batch-f2-linear-direct-edge-detection,11809179908687731375,10012104385546677796,2331012239196205851,0.1922888999688439,,,batch-f2-linear-direct-edge-detection-20260825-001
F2,X1,X2,f2-linear-direct-edge-detection,45,3,0.5544872653002872,0.005,residual_samples/batch-45-replication-3.csv,null_statistics/batch-45-replication-3.npy,batch-f2-linear-direct-edge-detection,3006446181045678454,1302238561749316358,3897182964434716749,0.19120160001330078,,,batch-f2-linear-direct-edge-detection-20260825-001
F2,X1,X2,f2-linear-direct-edge-detection,45,4,0.548776485686735,0.005,residual_samples/batch-45-replication-4.csv,null_statistics/batch-45-replication-4.npy,batch-f2-linear-direct-edge-detection,3739975986536919574,750626770605018668,16228766180658998139,0.1944521000259556,,,batch-f2-linear-direct-edge-detection-20260825-001
F2,X1,X2,f2-linear-direct-edge-detection,45,5,0.5233700069586653,0.005,residual_samples/batch-45-replication-5.csv,null_statistics/batch-45-replication-5.npy,batch-f2-linear-direct-edge-detection,11304935024537478153,11894081683978632717,15676294066701531705,0.19377730000996962,,,batch-f2-linear-direct-edge-detection-20260825-001
F2,X1,X2,f2-linear-direct-edge-detection,45,6,0.5174958256112656,0.005,residual_samples/batch-45-replication-6.csv,null_statistics/batch-45-replication-6.npy,batch-f2-linear-direct-edge-detection,7369395338146723867,16349174227316890597,14713953545305832228,0.19283970003016293,,,batch-f2-linear-direct-edge-detection-20260825-001
F2,X1,X2,f2-linear-direct-edge-detection,45,7,0.4996194687574619,0.005,residual_samples/batch-45-replication-7.csv,null_statistics/batch-45-replication-7.npy,batch-f2-linear-direct-edge-detection,14085523318651084058,14682133876346971576,13958171226880901767,0.1921534999855794,,,batch-f2-linear-direct-edge-detection-20260825-001
F2,X1,X2,f2-linear-direct-edge-detection,45,8,0.5322404150586377,0.005,residual_samples/batch-45-replication-8.csv,null_statistics/batch-45-replication-8.npy,batch-f2-linear-direct-edge-detection,3758379634349183417,3944156171876995758,13126710657374107172,0.19020690000616014,,,batch-f2-linear-direct-edge-detection-20260825-001
F2,X1,X2,f2-linear-direct-edge-detection,45,9,0.5047116995749433,0.005,residual_samples/batch-45-replication-9.csv,null_statistics/batch-45-replication-9.npy,batch-f2-linear-direct-edge-detection,4092933190074847505,14560709564569073947,6573125239233767770,0.19435949996113777,,,batch-f2-linear-direct-edge-detection-20260825-001
F2,X1,X2,f2-linear-direct-edge-detection,46,0,0.5364790840156302,0.005,residual_samples/batch-46-replication-0.csv,null_statistics/batch-46-replication-0.npy,batch-f2-linear-direct-edge-detection,17834331187849144144,17947155508655876915,1973314035541432878,0.19374489999609068,,,batch-f2-linear-direct-edge-detection-20260825-001
F2,X1,X2,f2-linear-direct-edge-detection,46,1,0.5412873382271618,0.005,residual_samples/batch-46-replication-1.csv,null_statistics/batch-46-replication-1.npy,batch-f2-linear-direct-edge-detection,12978672098119433961,15467610587749678806,13106175991829059788,0.19370770000386983,,,batch-f2-linear-direct-edge-detection-20260825-001
F2,X1,X2,f2-linear-direct-edge-detection,46,2,0.4941227164431814,0.005,residual_samples/batch-46-replication-2.csv,null_statistics/batch-46-replication-2.npy,batch-f2-linear-direct-edge-detection,695728820450166301,13287419701037379529,13525214297565039523,0.1920974999666214,,,batch-f2-linear-direct-edge-detection-20260825-001
F2,X1,X2,f2-linear-direct-edge-detection,46,3,0.5178598112318452,0.005,residual_samples/batch-46-replication-3.csv,null_statistics/batch-46-replication-3.npy,batch-f2-linear-direct-edge-detection,6348099933715964669,10591020265508567344,16423663086669508752,0.19142670003930107,,,batch-f2-linear-direct-edge-detection-20260825-001
F2,X1,X2,f2-linear-direct-edge-detection,46,4,0.529325127853986,0.005,residual_samples/batch-46-replication-4.csv,null_statistics/batch-46-replication-4.npy,batch-f2-linear-direct-edge-detection,9561293575667009876,8851150559699412627,4089769760256188847,0.19447819999186322,,,batch-f2-linear-direct-edge-detection-20260825-001
F2,X1,X2,f2-linear-direct-edge-detection,46,5,0.4880697278024237,0.005,residual_samples/batch-46-replication-5.csv,null_statistics/batch-46-replication-5.npy,batch-f2-linear-direct-edge-detection,323287246926512777,8363624919403969876,18285186454796975439,0.19208850001450628,,,batch-f2-linear-direct-edge-detection-20260825-001
F2,X1,X2,f2-linear-direct-edge-detection,46,6,0.5491608878404934,0.005,residual_samples/batch-46-replication-6.csv,null_statistics/batch-46-replication-6.npy,batch-f2-linear-direct-edge-detection,4088373160283141324,18260878735090821013,17807759893115454343,0.19613050000043586,,,batch-f2-linear-direct-edge-detection-20260825-001
F2,X1,X2,f2-linear-direct-edge-detection,46,7,0.5467555227254803,0.005,residual_samples/batch-46-replication-7.csv,null_statistics/batch-46-replication-7.npy,batch-f2-linear-direct-edge-detection,1260085520439332504,5873621938089804228,17401647039328359119,0.1907690999796614,,,batch-f2-linear-direct-edge-detection-20260825-001
F2,X1,X2,f2-linear-direct-edge-detection,46,8,0.5106760090974753,0.005,residual_samples/batch-46-replication-8.csv,null_statistics/batch-46-replication-8.npy,batch-f2-linear-direct-edge-detection,406973481062671149,8960224475966321381,14498181564442004248,0.1919491000007838,,,batch-f2-linear-direct-edge-detection-20260825-001
F2,X1,X2,f2-linear-direct-edge-detection,46,9,0.5364027331207538,0.005,residual_samples/batch-46-replication-9.csv,null_statistics/batch-46-replication-9.npy,batch-f2-linear-direct-edge-detection,9155542644075416966,12420297333627293377,3926237762511836562,0.1938549000187777,,,batch-f2-linear-direct-edge-detection-20260825-001
F2,X1,X2,f2-linear-direct-edge-detection,47,0,0.5428258399322397,0.005,residual_samples/batch-47-replication-0.csv,null_statistics/batch-47-replication-0.npy,batch-f2-linear-direct-edge-detection,8518809761351978087,14587137700105365850,6279368465113987367,0.192192199989222,,,batch-f2-linear-direct-edge-detection-20260825-001
F2,X1,X2,f2-linear-direct-edge-detection,47,1,0.5211628933955469,0.005,residual_samples/batch-47-replication-1.csv,null_statistics/batch-47-replication-1.npy,batch-f2-linear-direct-edge-detection,17730394112496399131,7046511351531397671,4747848422400779188,0.19015859998762608,,,batch-f2-linear-direct-edge-detection-20260825-001
F2,X1,X2,f2-linear-direct-edge-detection,47,2,0.5096843708336465,0.005,residual_samples/batch-47-replication-2.csv,null_statistics/batch-47-replication-2.npy,batch-f2-linear-direct-edge-detection,1343261845174951043,3564668174899781293,16555282256657139448,0.1926186999771744,,,batch-f2-linear-direct-edge-detection-20260825-001
F2,X1,X2,f2-linear-direct-edge-detection,47,3,0.5368558676743792,0.005,residual_samples/batch-47-replication-3.csv,null_statistics/batch-47-replication-3.npy,batch-f2-linear-direct-edge-detection,15027079939148311359,15017589038056869621,5015813131469578931,0.19183999998494983,,,batch-f2-linear-direct-edge-detection-20260825-001
F2,X1,X2,f2-linear-direct-edge-detection,47,4,0.5365283078589447,0.005,residual_samples/batch-47-replication-4.csv,null_statistics/batch-47-replication-4.npy,batch-f2-linear-direct-edge-detection,7091063659575966717,4781575195010688469,2776205282149139687,0.19389609998324886,,,batch-f2-linear-direct-edge-detection-20260825-001
F2,X1,X2,f2-linear-direct-edge-detection,47,5,0.5090901981308699,0.005,residual_samples/batch-47-replication-5.csv,null_statistics/batch-47-replication-5.npy,batch-f2-linear-direct-edge-detection,8316753574989545785,14086768061045957904,17086219678457502069,0.19362209999235347,,,batch-f2-linear-direct-edge-detection-20260825-001
F2,X1,X2,f2-linear-direct-edge-detection,47,6,0.5398770867811925,0.005,residual_samples/batch-47-replication-6.csv,null_statistics/batch-47-replication-6.npy,batch-f2-linear-direct-edge-detection,3272437982596931786,14439079604379400657,560251401699884720,0.1944054000196047,,,batch-f2-linear-direct-edge-detection-20260825-001
F2,X1,X2,f2-linear-direct-edge-detection,47,7,0.5218731991254199,0.005,residual_samples/batch-47-replication-7.csv,null_statistics/batch-47-replication-7.npy,batch-f2-linear-direct-edge-detection,10380841056331620476,1327788338498302758,8905725305874229744,0.1914384999545291,,,batch-f2-linear-direct-edge-detection-20260825-001
F2,X1,X2,f2-linear-direct-edge-detection,47,8,0.5456315816052548,0.005,residual_samples/batch-47-replication-8.csv,null_statistics/batch-47-replication-8.npy,batch-f2-linear-direct-edge-detection,15907625006530896435,3870222667561924151,6694607297948008677,0.18882829998619854,,,batch-f2-linear-direct-edge-detection-20260825-001
F2,X1,X2,f2-linear-direct-edge-detection,47,9,0.5413098392051815,0.005,residual_samples/batch-47-replication-9.csv,null_statistics/batch-47-replication-9.npy,batch-f2-linear-direct-edge-detection,11357953210064907667,10269223094378972689,218881583341678514,0.19307720003416762,,,batch-f2-linear-direct-edge-detection-20260825-001
F2,X1,X2,f2-linear-direct-edge-detection,48,0,0.5014002022105732,0.005,residual_samples/batch-48-replication-0.csv,null_statistics/batch-48-replication-0.npy,batch-f2-linear-direct-edge-detection,13572146938856077325,16549584895794231531,17304043265740766779,0.1934886999661103,,,batch-f2-linear-direct-edge-detection-20260825-001
F2,X1,X2,f2-linear-direct-edge-detection,48,1,0.49582822004174254,0.005,residual_samples/batch-48-replication-1.csv,null_statistics/batch-48-replication-1.npy,batch-f2-linear-direct-edge-detection,8122002194706700920,10001138296352804657,1113220010179882900,0.19248710002284497,,,batch-f2-linear-direct-edge-detection-20260825-001
F2,X1,X2,f2-linear-direct-edge-detection,48,2,0.5348785629748182,0.005,residual_samples/batch-48-replication-2.csv,null_statistics/batch-48-replication-2.npy,batch-f2-linear-direct-edge-detection,17302826134384634386,7684140029266043210,752037087781230143,0.19198549998691306,,,batch-f2-linear-direct-edge-detection-20260825-001
F2,X1,X2,f2-linear-direct-edge-detection,48,3,0.5298943209619106,0.005,residual_samples/batch-48-replication-3.csv,null_statistics/batch-48-replication-3.npy,batch-f2-linear-direct-edge-detection,4492865943952202839,15495726424542022890,17987257220092079876,0.19405429996550083,,,batch-f2-linear-direct-edge-detection-20260825-001
F2,X1,X2,f2-linear-direct-edge-detection,48,4,0.5105193866825481,0.005,residual_samples/batch-48-replication-4.csv,null_statistics/batch-48-replication-4.npy,batch-f2-linear-direct-edge-detection,12492108180214377706,12518227569926463013,8129570090643041856,0.1940584999974817,,,batch-f2-linear-direct-edge-detection-20260825-001
F2,X1,X2,f2-linear-direct-edge-detection,48,5,0.5206059407723068,0.005,residual_samples/batch-48-replication-5.csv,null_statistics/batch-48-replication-5.npy,batch-f2-linear-direct-edge-detection,1093065766447047099,3032581239361041677,14667290068620532136,0.19424789998447523,,,batch-f2-linear-direct-edge-detection-20260825-001
F2,X1,X2,f2-linear-direct-edge-detection,48,6,0.5121818483957886,0.005,residual_samples/batch-48-replication-6.csv,null_statistics/batch-48-replication-6.npy,batch-f2-linear-direct-edge-detection,9300201664224666524,15248922141264179519,15496059538629765145,0.19447749998653308,,,batch-f2-linear-direct-edge-detection-20260825-001
F2,X1,X2,f2-linear-direct-edge-detection,48,7,0.5505171793347584,0.005,residual_samples/batch-48-replication-7.csv,null_statistics/batch-48-replication-7.npy,batch-f2-linear-direct-edge-detection,7920935344508325948,13018802128880755993,5106313859871408242,0.19338289997540414,,,batch-f2-linear-direct-edge-detection-20260825-001
F2,X1,X2,f2-linear-direct-edge-detection,48,8,0.5432701198195482,0.005,residual_samples/batch-48-replication-8.csv,null_statistics/batch-48-replication-8.npy,batch-f2-linear-direct-edge-detection,8786324412703227343,8260221097923991770,9807528466668351060,0.19157319999067113,,,batch-f2-linear-direct-edge-detection-20260825-001
F2,X1,X2,f2-linear-direct-edge-detection,48,9,0.5263707938983322,0.005,residual_samples/batch-48-replication-9.csv,null_statistics/batch-48-replication-9.npy,batch-f2-linear-direct-edge-detection,13631683261196033460,16225624992102465007,14156701211737381431,0.1907142999698408,,,batch-f2-linear-direct-edge-detection-20260825-001
F2,X1,X2,f2-linear-direct-edge-detection,49,0,0.5313497033748772,0.005,residual_samples/batch-49-replication-0.csv,null_statistics/batch-49-replication-0.npy,batch-f2-linear-direct-edge-detection,8724118977755069160,9744615610758907506,2056110035208299648,0.19724330003373325,,,batch-f2-linear-direct-edge-detection-20260825-001
F2,X1,X2,f2-linear-direct-edge-detection,49,1,0.5332457773581534,0.005,residual_samples/batch-49-replication-1.csv,null_statistics/batch-49-replication-1.npy,batch-f2-linear-direct-edge-detection,9136190230323408137,9345816891405361825,11273909518418297209,0.19224609999218956,,,batch-f2-linear-direct-edge-detection-20260825-001
F2,X1,X2,f2-linear-direct-edge-detection,49,2,0.5704751239217273,0.005,residual_samples/batch-49-replication-2.csv,null_statistics/batch-49-replication-2.npy,batch-f2-linear-direct-edge-detection,12996857944877671556,5221870299095881655,14909340512640038404,0.19007990002864972,,,batch-f2-linear-direct-edge-detection-20260825-001
F2,X1,X2,f2-linear-direct-edge-detection,49,3,0.513172657698789,0.005,residual_samples/batch-49-replication-3.csv,null_statistics/batch-49-replication-3.npy,batch-f2-linear-direct-edge-detection,3955097576719134535,13141632581710500458,13157455974989246806,0.19125300005543977,,,batch-f2-linear-direct-edge-detection-20260825-001
F2,X1,X2,f2-linear-direct-edge-detection,49,4,0.5305375871063713,0.005,residual_samples/batch-49-replication-4.csv,null_statistics/batch-49-replication-4.npy,batch-f2-linear-direct-edge-detection,17546297812904268374,3715674291376404642,9784038894898338059,0.19049040001118556,,,batch-f2-linear-direct-edge-detection-20260825-001
F2,X1,X2,f2-linear-direct-edge-detection,49,5,0.5680504054017034,0.005,residual_samples/batch-49-replication-5.csv,null_statistics/batch-49-replication-5.npy,batch-f2-linear-direct-edge-detection,13469464164791221770,4367455401239883483,11741881589831165845,0.1945067999768071,,,batch-f2-linear-direct-edge-detection-20260825-001
F2,X1,X2,f2-linear-direct-edge-detection,49,6,0.5351873931944545,0.005,residual_samples/batch-49-replication-6.csv,null_statistics/batch-49-replication-6.npy,batch-f2-linear-direct-edge-detection,9528827103469931824,16117300424211381728,11193647074243903779,0.19277530000545084,,,batch-f2-linear-direct-edge-detection-20260825-001
F2,X1,X2,f2-linear-direct-edge-detection,49,7,0.528333298606297,0.005,residual_samples/batch-49-replication-7.csv,null_statistics/batch-49-replication-7.npy,batch-f2-linear-direct-edge-detection,5562175302607686588,9618822841679306266,6520679601617412779,0.19550609996076673,,,batch-f2-linear-direct-edge-detection-20260825-001
F2,X1,X2,f2-linear-direct-edge-detection,49,8,0.5534171517641465,0.005,residual_samples/batch-49-replication-8.csv,null_statistics/batch-49-replication-8.npy,batch-f2-linear-direct-edge-detection,11439273894117657040,6463485435344875650,8092491320375100479,0.19263950001914054,,,batch-f2-linear-direct-edge-detection-20260825-001
F2,X1,X2,f2-linear-direct-edge-detection,49,9,0.5108075157420774,0.005,residual_samples/batch-49-replication-9.csv,null_statistics/batch-49-replication-9.npy,batch-f2-linear-direct-edge-detection,14511219076274156293,17562034207159027416,8825346918985848880,0.1908615999855101,,,batch-f2-linear-direct-edge-detection-20260825-001
F2,X1,X2,f2-linear-direct-edge-detection,50,0,0.5382488772258955,0.005,residual_samples/batch-50-replication-0.csv,null_statistics/batch-50-replication-0.npy,batch-f2-linear-direct-edge-detection,8019791323943640880,9481389771871156532,12936592445786087861,0.1908627999946475,,,batch-f2-linear-direct-edge-detection-20260825-001
F2,X1,X2,f2-linear-direct-edge-detection,50,1,0.5068083228708771,0.005,residual_samples/batch-50-replication-1.csv,null_statistics/batch-50-replication-1.npy,batch-f2-linear-direct-edge-detection,15889083062498161141,17361442354993847496,8778259453052591267,0.19182130001718178,,,batch-f2-linear-direct-edge-detection-20260825-001
F2,X1,X2,f2-linear-direct-edge-detection,50,2,0.5475773435387147,0.005,residual_samples/batch-50-replication-2.csv,null_statistics/batch-50-replication-2.npy,batch-f2-linear-direct-edge-detection,9761661112334155733,427708722379855304,16786822042827642884,0.19410740002058446,,,batch-f2-linear-direct-edge-detection-20260825-001
F2,X1,X2,f2-linear-direct-edge-detection,50,3,0.559311771482733,0.005,residual_samples/batch-50-replication-3.csv,null_statistics/batch-50-replication-3.npy,batch-f2-linear-direct-edge-detection,18409791961220128025,12466636678014249880,6844976133138411099,0.19053699995856732,,,batch-f2-linear-direct-edge-detection-20260825-001
F2,X1,X2,f2-linear-direct-edge-detection,50,4,0.5285342871861007,0.005,residual_samples/batch-50-replication-4.csv,null_statistics/batch-50-replication-4.npy,batch-f2-linear-direct-edge-detection,14491758525764764684,6451904724452012405,18308141715974919399,0.19317610003054142,,,batch-f2-linear-direct-edge-detection-20260825-001
F2,X1,X2,f2-linear-direct-edge-detection,50,5,0.5158372668094838,0.005,residual_samples/batch-50-replication-5.csv,null_statistics/batch-50-replication-5.npy,batch-f2-linear-direct-edge-detection,4747269539142661513,4554125493676318195,2653127527420782344,0.19120709999697283,,,batch-f2-linear-direct-edge-detection-20260825-001
F2,X1,X2,f2-linear-direct-edge-detection,50,6,0.5053382159708741,0.005,residual_samples/batch-50-replication-6.csv,null_statistics/batch-50-replication-6.npy,batch-f2-linear-direct-edge-detection,13485680473408097629,10463213723746110380,8843130487028137462,0.1927620000205934,,,batch-f2-linear-direct-edge-detection-20260825-001
F2,X1,X2,f2-linear-direct-edge-detection,50,7,0.5076413653942723,0.005,residual_samples/batch-50-replication-7.csv,null_statistics/batch-50-replication-7.npy,batch-f2-linear-direct-edge-detection,11271809869363273441,11693390819655246748,6731648335001732758,0.19181569997454062,,,batch-f2-linear-direct-edge-detection-20260825-001
F2,X1,X2,f2-linear-direct-edge-detection,50,8,0.5246008579707675,0.005,residual_samples/batch-50-replication-8.csv,null_statistics/batch-50-replication-8.npy,batch-f2-linear-direct-edge-detection,14203106613658290237,5840012559431208493,7176128997787902225,0.1902752000023611,,,batch-f2-linear-direct-edge-detection-20260825-001
F2,X1,X2,f2-linear-direct-edge-detection,50,9,0.5317615520376993,0.005,residual_samples/batch-50-replication-9.csv,null_statistics/batch-50-replication-9.npy,batch-f2-linear-direct-edge-detection,8205903997438156398,7856805119017550345,7188418069034981229,0.1901298000011593,,,batch-f2-linear-direct-edge-detection-20260825-001
F2,X1,X2,f2-linear-direct-edge-detection,51,0,0.5250771180379118,0.005,residual_samples/batch-51-replication-0.csv,null_statistics/batch-51-replication-0.npy,batch-f2-linear-direct-edge-detection,1534569222916777540,9841986323564460502,17147500424420930774,0.1921684000408277,,,batch-f2-linear-direct-edge-detection-20260825-001
F2,X1,X2,f2-linear-direct-edge-detection,51,1,0.5342210960193753,0.005,residual_samples/batch-51-replication-1.csv,null_statistics/batch-51-replication-1.npy,batch-f2-linear-direct-edge-detection,7345413976401815853,12606244247007088319,5708539203573610849,0.1937923000077717,,,batch-f2-linear-direct-edge-detection-20260825-001
F2,X1,X2,f2-linear-direct-edge-detection,51,2,0.5744158430451052,0.005,residual_samples/batch-51-replication-2.csv,null_statistics/batch-51-replication-2.npy,batch-f2-linear-direct-edge-detection,18343382695447428917,8884667931981444819,4197652023099381033,0.19485589995747432,,,batch-f2-linear-direct-edge-detection-20260825-001
F2,X1,X2,f2-linear-direct-edge-detection,51,3,0.541881419988832,0.005,residual_samples/batch-51-replication-3.csv,null_statistics/batch-51-replication-3.npy,batch-f2-linear-direct-edge-detection,9807476987831679401,930923519355102641,9724693119608433525,0.19455229997402057,,,batch-f2-linear-direct-edge-detection-20260825-001
F2,X1,X2,f2-linear-direct-edge-detection,51,4,0.5430135774289886,0.005,residual_samples/batch-51-replication-4.csv,null_statistics/batch-51-replication-4.npy,batch-f2-linear-direct-edge-detection,10924286727115025227,759299264113699916,4408705928927046812,0.19098359998315573,,,batch-f2-linear-direct-edge-detection-20260825-001
F2,X1,X2,f2-linear-direct-edge-detection,51,5,0.5789680549272459,0.005,residual_samples/batch-51-replication-5.csv,null_statistics/batch-51-replication-5.npy,batch-f2-linear-direct-edge-detection,13569708857841584438,847244146827950155,3069563119174821709,0.1902000000118278,,,batch-f2-linear-direct-edge-detection-20260825-001
F2,X1,X2,f2-linear-direct-edge-detection,51,6,0.5298943710340864,0.005,residual_samples/batch-51-replication-6.csv,null_statistics/batch-51-replication-6.npy,batch-f2-linear-direct-edge-detection,1610112377926719048,10904945823888220864,7293521956285769791,0.19404979998944327,,,batch-f2-linear-direct-edge-detection-20260825-001
F2,X1,X2,f2-linear-direct-edge-detection,51,7,0.5214322616561975,0.005,residual_samples/batch-51-replication-7.csv,null_statistics/batch-51-replication-7.npy,batch-f2-linear-direct-edge-detection,11346370275238525517,16013124597661955738,3374692008407643377,0.19033320003654808,,,batch-f2-linear-direct-edge-detection-20260825-001
F2,X1,X2,f2-linear-direct-edge-detection,51,8,0.5122573634585833,0.005,residual_samples/batch-51-replication-8.csv,null_statistics/batch-51-replication-8.npy,batch-f2-linear-direct-edge-detection,677811523918255810,4127392050787998595,1050997852416106309,0.192029400030151,,,batch-f2-linear-direct-edge-detection-20260825-001
F2,X1,X2,f2-linear-direct-edge-detection,51,9,0.4835649963139053,0.005,residual_samples/batch-51-replication-9.csv,null_statistics/batch-51-replication-9.npy,batch-f2-linear-direct-edge-detection,124791812270679109,9625044380921104842,97815058210276306,0.1906400000443682,,,batch-f2-linear-direct-edge-detection-20260825-001
F2,X1,X2,f2-linear-direct-edge-detection,52,0,0.5767610013031229,0.005,residual_samples/batch-52-replication-0.csv,null_statistics/batch-52-replication-0.npy,batch-f2-linear-direct-edge-detection,5477686894788371314,15933046232306307534,1641979803742855441,0.19286100001772866,,,batch-f2-linear-direct-edge-detection-20260825-001
F2,X1,X2,f2-linear-direct-edge-detection,52,1,0.5069327241972049,0.005,residual_samples/batch-52-replication-1.csv,null_statistics/batch-52-replication-1.npy,batch-f2-linear-direct-edge-detection,3798871293918213699,9083468431277395894,11901579164085601628,0.19267830002354458,,,batch-f2-linear-direct-edge-detection-20260825-001
F2,X1,X2,f2-linear-direct-edge-detection,52,2,0.5349869567438127,0.005,residual_samples/batch-52-replication-2.csv,null_statistics/batch-52-replication-2.npy,batch-f2-linear-direct-edge-detection,4630235647814794041,2053156957517813403,13781137018651067812,0.19268330000340939,,,batch-f2-linear-direct-edge-detection-20260825-001
F2,X1,X2,f2-linear-direct-edge-detection,52,3,0.5339322475226226,0.005,residual_samples/batch-52-replication-3.csv,null_statistics/batch-52-replication-3.npy,batch-f2-linear-direct-edge-detection,7697756221418423981,11513130075666529549,2170373547312030199,0.19155079999472946,,,batch-f2-linear-direct-edge-detection-20260825-001
F2,X1,X2,f2-linear-direct-edge-detection,52,4,0.5331466611117662,0.005,residual_samples/batch-52-replication-4.csv,null_statistics/batch-52-replication-4.npy,batch-f2-linear-direct-edge-detection,15903459783844942358,13053117544660618746,10180303989323698137,0.19135709997499362,,,batch-f2-linear-direct-edge-detection-20260825-001
F2,X1,X2,f2-linear-direct-edge-detection,52,5,0.5213830689939739,0.005,residual_samples/batch-52-replication-5.csv,null_statistics/batch-52-replication-5.npy,batch-f2-linear-direct-edge-detection,12769220600791299347,15152741577145713327,773805302625596654,0.1912729000323452,,,batch-f2-linear-direct-edge-detection-20260825-001
F2,X1,X2,f2-linear-direct-edge-detection,52,6,0.4601371643664728,0.005,residual_samples/batch-52-replication-6.csv,null_statistics/batch-52-replication-6.npy,batch-f2-linear-direct-edge-detection,8065326168889894138,2992242359751554296,5698315958875864446,0.19206989998929203,,,batch-f2-linear-direct-edge-detection-20260825-001
F2,X1,X2,f2-linear-direct-edge-detection,52,7,0.5652190463513491,0.005,residual_samples/batch-52-replication-7.csv,null_statistics/batch-52-replication-7.npy,batch-f2-linear-direct-edge-detection,288240181840776643,15547376568019175906,6970152668064541954,0.19403369998326525,,,batch-f2-linear-direct-edge-detection-20260825-001
F2,X1,X2,f2-linear-direct-edge-detection,52,8,0.5085343632343537,0.005,residual_samples/batch-52-replication-8.csv,null_statistics/batch-52-replication-8.npy,batch-f2-linear-direct-edge-detection,13815000888832343454,3827076905856341098,4110395656345343414,0.19257779995677993,,,batch-f2-linear-direct-edge-detection-20260825-001
F2,X1,X2,f2-linear-direct-edge-detection,52,9,0.5206522114471446,0.005,residual_samples/batch-52-replication-9.csv,null_statistics/batch-52-replication-9.npy,batch-f2-linear-direct-edge-detection,16852086897417278954,9186786516602612063,17234480279582533018,0.19230950000928715,,,batch-f2-linear-direct-edge-detection-20260825-001
F2,X1,X2,f2-linear-direct-edge-detection,53,0,0.535905066117826,0.005,residual_samples/batch-53-replication-0.csv,null_statistics/batch-53-replication-0.npy,batch-f2-linear-direct-edge-detection,17253125708756897366,15854875060054313614,18114923754027742189,0.1945226999814622,,,batch-f2-linear-direct-edge-detection-20260825-001
F2,X1,X2,f2-linear-direct-edge-detection,53,1,0.510054248129916,0.005,residual_samples/batch-53-replication-1.csv,null_statistics/batch-53-replication-1.npy,batch-f2-linear-direct-edge-detection,12114272384748556261,14192484975683089656,17107524529984140683,0.19078070000978187,,,batch-f2-linear-direct-edge-detection-20260825-001
F2,X1,X2,f2-linear-direct-edge-detection,53,2,0.5439513580135255,0.005,residual_samples/batch-53-replication-2.csv,null_statistics/batch-53-replication-2.npy,batch-f2-linear-direct-edge-detection,4676520625310314101,6441890529565420725,10638984773457052515,0.1940397000289522,,,batch-f2-linear-direct-edge-detection-20260825-001
F2,X1,X2,f2-linear-direct-edge-detection,53,3,0.5277333879101954,0.005,residual_samples/batch-53-replication-3.csv,null_statistics/batch-53-replication-3.npy,batch-f2-linear-direct-edge-detection,15016101506008849922,4820737675921701195,12733712629760626349,0.1945875000092201,,,batch-f2-linear-direct-edge-detection-20260825-001
F2,X1,X2,f2-linear-direct-edge-detection,53,4,0.532348693290282,0.005,residual_samples/batch-53-replication-4.csv,null_statistics/batch-53-replication-4.npy,batch-f2-linear-direct-edge-detection,5636311486629113499,13829361411669137622,1415840862781153506,0.19186459999764338,,,batch-f2-linear-direct-edge-detection-20260825-001
F2,X1,X2,f2-linear-direct-edge-detection,53,5,0.5229395953725786,0.005,residual_samples/batch-53-replication-5.csv,null_statistics/batch-53-replication-5.npy,batch-f2-linear-direct-edge-detection,11956997451764168639,13681343277875705964,12947109796043614940,0.19040770002175122,,,batch-f2-linear-direct-edge-detection-20260825-001
F2,X1,X2,f2-linear-direct-edge-detection,53,6,0.5234386870385952,0.005,residual_samples/batch-53-replication-6.csv,null_statistics/batch-53-replication-6.npy,batch-f2-linear-direct-edge-detection,17585775348861025755,16378283572197021838,13096624093619315410,0.19182479998562485,,,batch-f2-linear-direct-edge-detection-20260825-001
F2,X1,X2,f2-linear-direct-edge-detection,53,7,0.511865441583402,0.005,residual_samples/batch-53-replication-7.csv,null_statistics/batch-53-replication-7.npy,batch-f2-linear-direct-edge-detection,1587531701899966942,16386252887774162316,4893080411476252410,0.19587420002790168,,,batch-f2-linear-direct-edge-detection-20260825-001
F2,X1,X2,f2-linear-direct-edge-detection,53,8,0.520965311412615,0.005,residual_samples/batch-53-replication-8.csv,null_statistics/batch-53-replication-8.npy,batch-f2-linear-direct-edge-detection,6588560927982897959,4763865719155314884,17076464566778189706,0.19288579997373745,,,batch-f2-linear-direct-edge-detection-20260825-001
F2,X1,X2,f2-linear-direct-edge-detection,53,9,0.5472827499169414,0.005,residual_samples/batch-53-replication-9.csv,null_statistics/batch-53-replication-9.npy,batch-f2-linear-direct-edge-detection,17990408555436099427,16045316114549204921,14505814431977653020,0.19554310000967234,,,batch-f2-linear-direct-edge-detection-20260825-001
F2,X1,X2,f2-linear-direct-edge-detection,54,0,0.5020388901373024,0.005,residual_samples/batch-54-replication-0.csv,null_statistics/batch-54-replication-0.npy,batch-f2-linear-direct-edge-detection,10257496061742252134,11293700517420207247,4650570498154081672,0.196005999983754,,,batch-f2-linear-direct-edge-detection-20260825-001
F2,X1,X2,f2-linear-direct-edge-detection,54,1,0.5318524601578333,0.005,residual_samples/batch-54-replication-1.csv,null_statistics/batch-54-replication-1.npy,batch-f2-linear-direct-edge-detection,2647381796803626452,16813095378524960659,9256563335689439742,0.19266160001279786,,,batch-f2-linear-direct-edge-detection-20260825-001
F2,X1,X2,f2-linear-direct-edge-detection,54,2,0.4776078535732763,0.005,residual_samples/batch-54-replication-2.csv,null_statistics/batch-54-replication-2.npy,batch-f2-linear-direct-edge-detection,9794405862808300072,12882624170121597052,13963690723753641538,0.19385660003172234,,,batch-f2-linear-direct-edge-detection-20260825-001
F2,X1,X2,f2-linear-direct-edge-detection,54,3,0.5552587406029232,0.005,residual_samples/batch-54-replication-3.csv,null_statistics/batch-54-replication-3.npy,batch-f2-linear-direct-edge-detection,5959993757623379163,1269116088047270886,2888205750907949687,0.19156770000699908,,,batch-f2-linear-direct-edge-detection-20260825-001
F2,X1,X2,f2-linear-direct-edge-detection,54,4,0.5044502785522966,0.005,residual_samples/batch-54-replication-4.csv,null_statistics/batch-54-replication-4.npy,batch-f2-linear-direct-edge-detection,3386413090460578474,1906485675191319085,18217346717857044168,0.20831130002625287,,,batch-f2-linear-direct-edge-detection-20260825-001
F2,X1,X2,f2-linear-direct-edge-detection,54,5,0.5015897784541072,0.005,residual_samples/batch-54-replication-5.csv,null_statistics/batch-54-replication-5.npy,batch-f2-linear-direct-edge-detection,4475616378273124947,8705381783777649332,223092429657908193,0.20348899997770786,,,batch-f2-linear-direct-edge-detection-20260825-001
F2,X1,X2,f2-linear-direct-edge-detection,54,6,0.5147545800395879,0.005,residual_samples/batch-54-replication-6.csv,null_statistics/batch-54-replication-6.npy,batch-f2-linear-direct-edge-detection,10009203754153469393,5098141982723172028,16919261869821007489,0.2089572999975644,,,batch-f2-linear-direct-edge-detection-20260825-001
F2,X1,X2,f2-linear-direct-edge-detection,54,7,0.5558405653870947,0.005,residual_samples/batch-54-replication-7.csv,null_statistics/batch-54-replication-7.npy,batch-f2-linear-direct-edge-detection,4280796209122168922,5339985852203238155,1156054143342326604,0.20660279999719933,,,batch-f2-linear-direct-edge-detection-20260825-001
F2,X1,X2,f2-linear-direct-edge-detection,54,8,0.5632957625834012,0.005,residual_samples/batch-54-replication-8.csv,null_statistics/batch-54-replication-8.npy,batch-f2-linear-direct-edge-detection,14900444372668576333,17561716626429469581,5543796972732731789,0.20230650005396456,,,batch-f2-linear-direct-edge-detection-20260825-001
F2,X1,X2,f2-linear-direct-edge-detection,54,9,0.5293178203060848,0.005,residual_samples/batch-54-replication-9.csv,null_statistics/batch-54-replication-9.npy,batch-f2-linear-direct-edge-detection,4655162162602017686,11034533512968202683,14908730306379030209,0.241020200017374,,,batch-f2-linear-direct-edge-detection-20260825-001
F2,X1,X2,f2-linear-direct-edge-detection,55,0,0.5147857592962264,0.005,residual_samples/batch-55-replication-0.csv,null_statistics/batch-55-replication-0.npy,batch-f2-linear-direct-edge-detection,6899459277276812778,17633000510967454524,17128965388156496037,0.23849939997307956,,,batch-f2-linear-direct-edge-detection-20260825-001
F2,X1,X2,f2-linear-direct-edge-detection,55,1,0.523374089655732,0.005,residual_samples/batch-55-replication-1.csv,null_statistics/batch-55-replication-1.npy,batch-f2-linear-direct-edge-detection,13055718188435590505,175388448490131050,4205126195244147618,0.21092879999196157,,,batch-f2-linear-direct-edge-detection-20260825-001
F2,X1,X2,f2-linear-direct-edge-detection,55,2,0.5105966860653346,0.005,residual_samples/batch-55-replication-2.csv,null_statistics/batch-55-replication-2.npy,batch-f2-linear-direct-edge-detection,16231837359482945835,8917136952023330112,14767638972209885753,0.21690289996331558,,,batch-f2-linear-direct-edge-detection-20260825-001
F2,X1,X2,f2-linear-direct-edge-detection,55,3,0.5137574065503372,0.005,residual_samples/batch-55-replication-3.csv,null_statistics/batch-55-replication-3.npy,batch-f2-linear-direct-edge-detection,5865721766325409156,1800105529259585027,11444926359168092558,0.21339970000553876,,,batch-f2-linear-direct-edge-detection-20260825-001
F2,X1,X2,f2-linear-direct-edge-detection,55,4,0.5301439025770028,0.005,residual_samples/batch-55-replication-4.csv,null_statistics/batch-55-replication-4.npy,batch-f2-linear-direct-edge-detection,14519372359908935827,15928668323984157500,9868394164928160787,0.20849830005317926,,,batch-f2-linear-direct-edge-detection-20260825-001
F2,X1,X2,f2-linear-direct-edge-detection,55,5,0.5341908257167606,0.005,residual_samples/batch-55-replication-5.csv,null_statistics/batch-55-replication-5.npy,batch-f2-linear-direct-edge-detection,6034886952300066625,10609543181869789247,2294255619015291240,0.20731049997266382,,,batch-f2-linear-direct-edge-detection-20260825-001
F2,X1,X2,f2-linear-direct-edge-detection,55,6,0.49959162459767437,0.005,residual_samples/batch-55-replication-6.csv,null_statistics/batch-55-replication-6.npy,batch-f2-linear-direct-edge-detection,14485003068573961392,12548489131809795409,13132398924875590039,0.21243489999324083,,,batch-f2-linear-direct-edge-detection-20260825-001
F2,X1,X2,f2-linear-direct-edge-detection,55,7,0.4974690881855329,0.005,residual_samples/batch-55-replication-7.csv,null_statistics/batch-55-replication-7.npy,batch-f2-linear-direct-edge-detection,2049430780476799185,3511159942551851952,887562371424562697,0.2111231000162661,,,batch-f2-linear-direct-edge-detection-20260825-001
F2,X1,X2,f2-linear-direct-edge-detection,55,8,0.5182293592081686,0.005,residual_samples/batch-55-replication-8.csv,null_statistics/batch-55-replication-8.npy,batch-f2-linear-direct-edge-detection,12316586611461604677,12003222487532340058,15546039090035813504,0.1996361999772489,,,batch-f2-linear-direct-edge-detection-20260825-001
F2,X1,X2,f2-linear-direct-edge-detection,55,9,0.5233863093286942,0.005,residual_samples/batch-55-replication-9.csv,null_statistics/batch-55-replication-9.npy,batch-f2-linear-direct-edge-detection,16199772880295497212,7526348164283399264,12930830021618846500,0.21814099996117875,,,batch-f2-linear-direct-edge-detection-20260825-001
F2,X1,X2,f2-linear-direct-edge-detection,56,0,0.5209210347640753,0.005,residual_samples/batch-56-replication-0.csv,null_statistics/batch-56-replication-0.npy,batch-f2-linear-direct-edge-detection,5973209274304812606,6644497224715934706,13779061077551536358,0.2296084000263363,,,batch-f2-linear-direct-edge-detection-20260825-001
F2,X1,X2,f2-linear-direct-edge-detection,56,1,0.5021847860793522,0.005,residual_samples/batch-56-replication-1.csv,null_statistics/batch-56-replication-1.npy,batch-f2-linear-direct-edge-detection,4751392863327767147,13429417668371548053,7829193204384752318,0.23172450001584366,,,batch-f2-linear-direct-edge-detection-20260825-001
F2,X1,X2,f2-linear-direct-edge-detection,56,2,0.531929207464934,0.005,residual_samples/batch-56-replication-2.csv,null_statistics/batch-56-replication-2.npy,batch-f2-linear-direct-edge-detection,5184740777497917853,18398474913112924549,597373945413740949,0.21635140001308173,,,batch-f2-linear-direct-edge-detection-20260825-001
F2,X1,X2,f2-linear-direct-edge-detection,56,3,0.5302936773747423,0.005,residual_samples/batch-56-replication-3.csv,null_statistics/batch-56-replication-3.npy,batch-f2-linear-direct-edge-detection,15595107901220133901,6823724905910881208,14981632052117483230,0.2310297999647446,,,batch-f2-linear-direct-edge-detection-20260825-001
F2,X1,X2,f2-linear-direct-edge-detection,56,4,0.5296822086005616,0.005,residual_samples/batch-56-replication-4.csv,null_statistics/batch-56-replication-4.npy,batch-f2-linear-direct-edge-detection,7955005827888492809,6448053423818264906,10205048582669837907,0.27784489997429773,,,batch-f2-linear-direct-edge-detection-20260825-001
F2,X1,X2,f2-linear-direct-edge-detection,56,5,0.5379142884655603,0.005,residual_samples/batch-56-replication-5.csv,null_statistics/batch-56-replication-5.npy,batch-f2-linear-direct-edge-detection,2033135867426006892,12967885293394062783,9498821126410424459,0.24047879996942356,,,batch-f2-linear-direct-edge-detection-20260825-001
F2,X1,X2,f2-linear-direct-edge-detection,56,6,0.530019433714998,0.005,residual_samples/batch-56-replication-6.csv,null_statistics/batch-56-replication-6.npy,batch-f2-linear-direct-edge-detection,12647501595193704864,12019683498842577883,17050881466133349314,0.2543184999958612,,,batch-f2-linear-direct-edge-detection-20260825-001
F2,X1,X2,f2-linear-direct-edge-detection,56,7,0.5599011148030815,0.005,residual_samples/batch-56-replication-7.csv,null_statistics/batch-56-replication-7.npy,batch-f2-linear-direct-edge-detection,9954006231677694895,17755670532952666313,6684556560810360059,0.233761899988167,,,batch-f2-linear-direct-edge-detection-20260825-001
F2,X1,X2,f2-linear-direct-edge-detection,56,8,0.537407217210418,0.005,residual_samples/batch-56-replication-8.csv,null_statistics/batch-56-replication-8.npy,batch-f2-linear-direct-edge-detection,9658279859469019958,9655058585504420763,7430788465273841505,0.2247332000406459,,,batch-f2-linear-direct-edge-detection-20260825-001
F2,X1,X2,f2-linear-direct-edge-detection,56,9,0.5443423979425248,0.005,residual_samples/batch-56-replication-9.csv,null_statistics/batch-56-replication-9.npy,batch-f2-linear-direct-edge-detection,6149418894832797802,3469219343095821401,8502044623411327252,0.20839990000240505,,,batch-f2-linear-direct-edge-detection-20260825-001
F2,X1,X2,f2-linear-direct-edge-detection,57,0,0.469892126644379,0.005,residual_samples/batch-57-replication-0.csv,null_statistics/batch-57-replication-0.npy,batch-f2-linear-direct-edge-detection,13029627111910024385,5907412495455509703,11390444148041762895,0.20503960002679378,,,batch-f2-linear-direct-edge-detection-20260825-001
F2,X1,X2,f2-linear-direct-edge-detection,57,1,0.5077817473791207,0.005,residual_samples/batch-57-replication-1.csv,null_statistics/batch-57-replication-1.npy,batch-f2-linear-direct-edge-detection,8471172313666719734,9858236529133636883,5648735323818499029,0.2029649000032805,,,batch-f2-linear-direct-edge-detection-20260825-001
F2,X1,X2,f2-linear-direct-edge-detection,57,2,0.526290595586861,0.005,residual_samples/batch-57-replication-2.csv,null_statistics/batch-57-replication-2.npy,batch-f2-linear-direct-edge-detection,6245584298925662984,13244618750600019440,17012627521724817117,0.22323360003065318,,,batch-f2-linear-direct-edge-detection-20260825-001
F2,X1,X2,f2-linear-direct-edge-detection,57,3,0.521461217652036,0.005,residual_samples/batch-57-replication-3.csv,null_statistics/batch-57-replication-3.npy,batch-f2-linear-direct-edge-detection,13387342125679181657,5983402864478010857,12784445722980853774,0.21095959999365732,,,batch-f2-linear-direct-edge-detection-20260825-001
F2,X1,X2,f2-linear-direct-edge-detection,57,4,0.5591641013917908,0.005,residual_samples/batch-57-replication-4.csv,null_statistics/batch-57-replication-4.npy,batch-f2-linear-direct-edge-detection,14197943584867228183,13820358599346133112,12033920100640679736,0.2293821000494063,,,batch-f2-linear-direct-edge-detection-20260825-001
F2,X1,X2,f2-linear-direct-edge-detection,57,5,0.5233683719106064,0.005,residual_samples/batch-57-replication-5.csv,null_statistics/batch-57-replication-5.npy,batch-f2-linear-direct-edge-detection,10653720460456911005,11867179205580200342,17822480102517671274,0.21587400004500523,,,batch-f2-linear-direct-edge-detection-20260825-001
F2,X1,X2,f2-linear-direct-edge-detection,57,6,0.5487000118159671,0.005,residual_samples/batch-57-replication-6.csv,null_statistics/batch-57-replication-6.npy,batch-f2-linear-direct-edge-detection,1531162105163817360,11379721094147530548,10040060059698089945,0.214417900016997,,,batch-f2-linear-direct-edge-detection-20260825-001
F2,X1,X2,f2-linear-direct-edge-detection,57,7,0.5099264343262997,0.005,residual_samples/batch-57-replication-7.csv,null_statistics/batch-57-replication-7.npy,batch-f2-linear-direct-edge-detection,1509095451654663038,9467038814827481176,15420127812384916360,0.20870610000565648,,,batch-f2-linear-direct-edge-detection-20260825-001
F2,X1,X2,f2-linear-direct-edge-detection,57,8,0.5337731142886429,0.005,residual_samples/batch-57-replication-8.csv,null_statistics/batch-57-replication-8.npy,batch-f2-linear-direct-edge-detection,14683771768618927615,14903349008807726454,16532665224652118792,0.20329259999562055,,,batch-f2-linear-direct-edge-detection-20260825-001
F2,X1,X2,f2-linear-direct-edge-detection,57,9,0.5300890659529515,0.005,residual_samples/batch-57-replication-9.csv,null_statistics/batch-57-replication-9.npy,batch-f2-linear-direct-edge-detection,13709460277602551458,6777568309654941056,1604625005330881582,0.20358370000030845,,,batch-f2-linear-direct-edge-detection-20260825-001
F2,X1,X2,f2-linear-direct-edge-detection,58,0,0.5446184180370386,0.005,residual_samples/batch-58-replication-0.csv,null_statistics/batch-58-replication-0.npy,batch-f2-linear-direct-edge-detection,4682902807446084900,11548648462166400123,14821212959729454595,0.2038246999727562,,,batch-f2-linear-direct-edge-detection-20260825-001
F2,X1,X2,f2-linear-direct-edge-detection,58,1,0.5529605455401972,0.005,residual_samples/batch-58-replication-1.csv,null_statistics/batch-58-replication-1.npy,batch-f2-linear-direct-edge-detection,9304631084813555017,12493919262805395660,16734772668203628431,0.23095270001795143,,,batch-f2-linear-direct-edge-detection-20260825-001
F2,X1,X2,f2-linear-direct-edge-detection,58,2,0.5310901546006238,0.005,residual_samples/batch-58-replication-2.csv,null_statistics/batch-58-replication-2.npy,batch-f2-linear-direct-edge-detection,2756475752772148327,3654501844619325918,15549937937819902107,0.20685899996897206,,,batch-f2-linear-direct-edge-detection-20260825-001
F2,X1,X2,f2-linear-direct-edge-detection,58,3,0.48746665811806833,0.005,residual_samples/batch-58-replication-3.csv,null_statistics/batch-58-replication-3.npy,batch-f2-linear-direct-edge-detection,14305406901958077616,14754169875651797276,17930943145345190627,0.19870759994955733,,,batch-f2-linear-direct-edge-detection-20260825-001
F2,X1,X2,f2-linear-direct-edge-detection,58,4,0.5034144431776765,0.005,residual_samples/batch-58-replication-4.csv,null_statistics/batch-58-replication-4.npy,batch-f2-linear-direct-edge-detection,7651050846519806480,5946262072376076147,11325134695674857918,0.19635099999140948,,,batch-f2-linear-direct-edge-detection-20260825-001
F2,X1,X2,f2-linear-direct-edge-detection,58,5,0.5215422182764925,0.005,residual_samples/batch-58-replication-5.csv,null_statistics/batch-58-replication-5.npy,batch-f2-linear-direct-edge-detection,7027806120684863101,14378807165577897180,16367180904908692417,0.20391679997555912,,,batch-f2-linear-direct-edge-detection-20260825-001
F2,X1,X2,f2-linear-direct-edge-detection,58,6,0.5166499941759733,0.005,residual_samples/batch-58-replication-6.csv,null_statistics/batch-58-replication-6.npy,batch-f2-linear-direct-edge-detection,429166119650476400,9575631318034244736,18231546154807244219,0.2123639000346884,,,batch-f2-linear-direct-edge-detection-20260825-001
F2,X1,X2,f2-linear-direct-edge-detection,58,7,0.5445259304364687,0.005,residual_samples/batch-58-replication-7.csv,null_statistics/batch-58-replication-7.npy,batch-f2-linear-direct-edge-detection,13964492214415464749,8215425957274045772,5200520913570497275,0.2122955999802798,,,batch-f2-linear-direct-edge-detection-20260825-001
F2,X1,X2,f2-linear-direct-edge-detection,58,8,0.5474966581804763,0.005,residual_samples/batch-58-replication-8.csv,null_statistics/batch-58-replication-8.npy,batch-f2-linear-direct-edge-detection,7553937119619081564,14596033478415032863,18188525642989716059,0.1956802000058815,,,batch-f2-linear-direct-edge-detection-20260825-001
F2,X1,X2,f2-linear-direct-edge-detection,58,9,0.5510828054473512,0.005,residual_samples/batch-58-replication-9.csv,null_statistics/batch-58-replication-9.npy,batch-f2-linear-direct-edge-detection,3180948249891006031,13239177293712190896,14200031448941734937,0.20928399998228997,,,batch-f2-linear-direct-edge-detection-20260825-001
F2,X1,X2,f2-linear-direct-edge-detection,59,0,0.534830196302835,0.005,residual_samples/batch-59-replication-0.csv,null_statistics/batch-59-replication-0.npy,batch-f2-linear-direct-edge-detection,7428567612968677245,2222546624093874544,3179614241704486504,0.2224041000008583,,,batch-f2-linear-direct-edge-detection-20260825-001
F2,X1,X2,f2-linear-direct-edge-detection,59,1,0.5375277629572146,0.005,residual_samples/batch-59-replication-1.csv,null_statistics/batch-59-replication-1.npy,batch-f2-linear-direct-edge-detection,16463298400128966092,9116601230251477565,16421561036237026032,0.20320180000271648,,,batch-f2-linear-direct-edge-detection-20260825-001
F2,X1,X2,f2-linear-direct-edge-detection,59,2,0.5077439477799425,0.005,residual_samples/batch-59-replication-2.csv,null_statistics/batch-59-replication-2.npy,batch-f2-linear-direct-edge-detection,5006278690551045664,7112760284946376656,7127268309624854043,0.21045980002963915,,,batch-f2-linear-direct-edge-detection-20260825-001
F2,X1,X2,f2-linear-direct-edge-detection,59,3,0.5042253604588135,0.005,residual_samples/batch-59-replication-3.csv,null_statistics/batch-59-replication-3.npy,batch-f2-linear-direct-edge-detection,11739434345649080187,4937791845993316986,1533664877902112808,0.22420769999735057,,,batch-f2-linear-direct-edge-detection-20260825-001
F2,X1,X2,f2-linear-direct-edge-detection,59,4,0.4653834300951404,0.005,residual_samples/batch-59-replication-4.csv,null_statistics/batch-59-replication-4.npy,batch-f2-linear-direct-edge-detection,3507681159906342174,4678435388870147339,4779995530035139241,0.20660350000252947,,,batch-f2-linear-direct-edge-detection-20260825-001
F2,X1,X2,f2-linear-direct-edge-detection,59,5,0.5419362856797386,0.005,residual_samples/batch-59-replication-5.csv,null_statistics/batch-59-replication-5.npy,batch-f2-linear-direct-edge-detection,10618662747079109545,17165483631472117754,15647614040234515894,0.2020817000302486,,,batch-f2-linear-direct-edge-detection-20260825-001
F2,X1,X2,f2-linear-direct-edge-detection,59,6,0.5221620746631483,0.005,residual_samples/batch-59-replication-6.csv,null_statistics/batch-59-replication-6.npy,batch-f2-linear-direct-edge-detection,18044814914622393283,7352656781044784059,15154970143271219394,0.2107640000176616,,,batch-f2-linear-direct-edge-detection-20260825-001
F2,X1,X2,f2-linear-direct-edge-detection,59,7,0.4963066688387946,0.005,residual_samples/batch-59-replication-7.csv,null_statistics/batch-59-replication-7.npy,batch-f2-linear-direct-edge-detection,8550858742704550745,1705527755261602599,16423018706297577165,0.25029759999597445,,,batch-f2-linear-direct-edge-detection-20260825-001
F2,X1,X2,f2-linear-direct-edge-detection,59,8,0.5111473736985026,0.005,residual_samples/batch-59-replication-8.csv,null_statistics/batch-59-replication-8.npy,batch-f2-linear-direct-edge-detection,17716520751746205920,6032331675513542289,12352343275633820434,0.27559460001066327,,,batch-f2-linear-direct-edge-detection-20260825-001
F2,X1,X2,f2-linear-direct-edge-detection,59,9,0.49451104654579986,0.005,residual_samples/batch-59-replication-9.csv,null_statistics/batch-59-replication-9.npy,batch-f2-linear-direct-edge-detection,2864284837523606382,13801999952591768272,1869581962729773750,0.23345290002180263,,,batch-f2-linear-direct-edge-detection-20260825-001
F2,X1,X2,f2-linear-direct-edge-detection,60,0,0.5049644149699855,0.005,residual_samples/batch-60-replication-0.csv,null_statistics/batch-60-replication-0.npy,batch-f2-linear-direct-edge-detection,354493173681257197,1429602241992068720,15918339286131252567,0.2597781000076793,,,batch-f2-linear-direct-edge-detection-20260825-001
F2,X1,X2,f2-linear-direct-edge-detection,60,1,0.49083905474765094,0.005,residual_samples/batch-60-replication-1.csv,null_statistics/batch-60-replication-1.npy,batch-f2-linear-direct-edge-detection,12427834657492718683,18172156735380227807,938042779916922088,0.2469699999783188,,,batch-f2-linear-direct-edge-detection-20260825-001
F2,X1,X2,f2-linear-direct-edge-detection,60,2,0.5037455195077897,0.005,residual_samples/batch-60-replication-2.csv,null_statistics/batch-60-replication-2.npy,batch-f2-linear-direct-edge-detection,4924656402157322822,13293455343478604838,12395597391653381805,0.22711410000920296,,,batch-f2-linear-direct-edge-detection-20260825-001
F2,X1,X2,f2-linear-direct-edge-detection,60,3,0.5307030466587526,0.005,residual_samples/batch-60-replication-3.csv,null_statistics/batch-60-replication-3.npy,batch-f2-linear-direct-edge-detection,3170241073964232423,10016450994248308066,6021982951808371712,0.20474919996922836,,,batch-f2-linear-direct-edge-detection-20260825-001
F2,X1,X2,f2-linear-direct-edge-detection,60,4,0.5549915221912832,0.005,residual_samples/batch-60-replication-4.csv,null_statistics/batch-60-replication-4.npy,batch-f2-linear-direct-edge-detection,4178386494500151013,7054603746689288497,5534210355728912353,0.20095730002503842,,,batch-f2-linear-direct-edge-detection-20260825-001
F2,X1,X2,f2-linear-direct-edge-detection,60,5,0.5058290595508813,0.005,residual_samples/batch-60-replication-5.csv,null_statistics/batch-60-replication-5.npy,batch-f2-linear-direct-edge-detection,5422467706379773956,15692370328874159030,6315090801365548905,0.2093931999988854,,,batch-f2-linear-direct-edge-detection-20260825-001
F2,X1,X2,f2-linear-direct-edge-detection,60,6,0.5529622426324959,0.005,residual_samples/batch-60-replication-6.csv,null_statistics/batch-60-replication-6.npy,batch-f2-linear-direct-edge-detection,5253931765032524186,2820843198286852779,16277153894995002030,0.21523299999535084,,,batch-f2-linear-direct-edge-detection-20260825-001
F2,X1,X2,f2-linear-direct-edge-detection,60,7,0.49860417438334875,0.005,residual_samples/batch-60-replication-7.csv,null_statistics/batch-60-replication-7.npy,batch-f2-linear-direct-edge-detection,2407057221021037731,8907662275943818105,2449382012641710221,0.2164185000001453,,,batch-f2-linear-direct-edge-detection-20260825-001
F2,X1,X2,f2-linear-direct-edge-detection,60,8,0.5300070350678401,0.005,residual_samples/batch-60-replication-8.csv,null_statistics/batch-60-replication-8.npy,batch-f2-linear-direct-edge-detection,15692004365825935351,11805976962173825109,6896652576613965743,0.2080528000369668,,,batch-f2-linear-direct-edge-detection-20260825-001
F2,X1,X2,f2-linear-direct-edge-detection,60,9,0.5210250703591617,0.005,residual_samples/batch-60-replication-9.csv,null_statistics/batch-60-replication-9.npy,batch-f2-linear-direct-edge-detection,17352412898907206632,1495891999060123833,6559005980239079777,0.20434319996275008,,,batch-f2-linear-direct-edge-detection-20260825-001
F2,X1,X2,f2-linear-direct-edge-detection,61,0,0.5624898300161935,0.005,residual_samples/batch-61-replication-0.csv,null_statistics/batch-61-replication-0.npy,batch-f2-linear-direct-edge-detection,11888676995261619471,877369314800428928,6721902144050408730,0.2036206999910064,,,batch-f2-linear-direct-edge-detection-20260825-001
F2,X1,X2,f2-linear-direct-edge-detection,61,1,0.5463924585020004,0.005,residual_samples/batch-61-replication-1.csv,null_statistics/batch-61-replication-1.npy,batch-f2-linear-direct-edge-detection,8840893811912150981,14071863020580744673,18165819556785132792,0.1964121000492014,,,batch-f2-linear-direct-edge-detection-20260825-001
F2,X1,X2,f2-linear-direct-edge-detection,61,2,0.4610575775247505,0.005,residual_samples/batch-61-replication-2.csv,null_statistics/batch-61-replication-2.npy,batch-f2-linear-direct-edge-detection,14509623681155639849,9982124471646841233,14696832309505797760,0.20705399999860674,,,batch-f2-linear-direct-edge-detection-20260825-001
F2,X1,X2,f2-linear-direct-edge-detection,61,3,0.5229130798335165,0.005,residual_samples/batch-61-replication-3.csv,null_statistics/batch-61-replication-3.npy,batch-f2-linear-direct-edge-detection,2408326289624476877,16935937818797298189,16439611238865245236,0.2044160999939777,,,batch-f2-linear-direct-edge-detection-20260825-001
F2,X1,X2,f2-linear-direct-edge-detection,61,4,0.5184608905127499,0.005,residual_samples/batch-61-replication-4.csv,null_statistics/batch-61-replication-4.npy,batch-f2-linear-direct-edge-detection,8571514291600934721,16474776823454028445,5108361624312244486,0.20123599999351427,,,batch-f2-linear-direct-edge-detection-20260825-001
F2,X1,X2,f2-linear-direct-edge-detection,61,5,0.5447003840440369,0.005,residual_samples/batch-61-replication-5.csv,null_statistics/batch-61-replication-5.npy,batch-f2-linear-direct-edge-detection,5737685522003478997,17686731161282132742,10125926674204160182,0.19534039997961372,,,batch-f2-linear-direct-edge-detection-20260825-001
F2,X1,X2,f2-linear-direct-edge-detection,61,6,0.5313109735845739,0.005,residual_samples/batch-61-replication-6.csv,null_statistics/batch-61-replication-6.npy,batch-f2-linear-direct-edge-detection,11955298087130298582,15794546089466230610,14345777570933514319,0.20876790001057088,,,batch-f2-linear-direct-edge-detection-20260825-001
F2,X1,X2,f2-linear-direct-edge-detection,61,7,0.5064460903805789,0.005,residual_samples/batch-61-replication-7.csv,null_statistics/batch-61-replication-7.npy,batch-f2-linear-direct-edge-detection,16219963096183736389,1045400980369703671,5684150250028562838,0.20771399996010587,,,batch-f2-linear-direct-edge-detection-20260825-001
F2,X1,X2,f2-linear-direct-edge-detection,61,8,0.5730898488125792,0.005,residual_samples/batch-61-replication-8.csv,null_statistics/batch-61-replication-8.npy,batch-f2-linear-direct-edge-detection,8878527665755159184,14273038888476183463,17254959326444094805,0.20622950000688434,,,batch-f2-linear-direct-edge-detection-20260825-001
F2,X1,X2,f2-linear-direct-edge-detection,61,9,0.5160882167520072,0.005,residual_samples/batch-61-replication-9.csv,null_statistics/batch-61-replication-9.npy,batch-f2-linear-direct-edge-detection,2949195399299616209,6097477548836213477,689431382272445104,0.1966015999787487,,,batch-f2-linear-direct-edge-detection-20260825-001
F2,X1,X2,f2-linear-direct-edge-detection,62,0,0.5415217736107445,0.005,residual_samples/batch-62-replication-0.csv,null_statistics/batch-62-replication-0.npy,batch-f2-linear-direct-edge-detection,1921616486705008114,17029246664719552964,16323332620767321786,0.19693389994790778,,,batch-f2-linear-direct-edge-detection-20260825-001
F2,X1,X2,f2-linear-direct-edge-detection,62,1,0.5184356556648382,0.005,residual_samples/batch-62-replication-1.csv,null_statistics/batch-62-replication-1.npy,batch-f2-linear-direct-edge-detection,14100541694655943535,6922892114332076153,12562336571968574653,0.2042527999728918,,,batch-f2-linear-direct-edge-detection-20260825-001
F2,X1,X2,f2-linear-direct-edge-detection,62,2,0.5290951579452781,0.005,residual_samples/batch-62-replication-2.csv,null_statistics/batch-62-replication-2.npy,batch-f2-linear-direct-edge-detection,10420259652938790576,11323158883744088350,3801152492732727825,0.2104420000105165,,,batch-f2-linear-direct-edge-detection-20260825-001
F2,X1,X2,f2-linear-direct-edge-detection,62,3,0.5051126799426348,0.005,residual_samples/batch-62-replication-3.csv,null_statistics/batch-62-replication-3.npy,batch-f2-linear-direct-edge-detection,16357950566464615020,5966241558404538580,12720521157873499211,0.20135829999344423,,,batch-f2-linear-direct-edge-detection-20260825-001
F2,X1,X2,f2-linear-direct-edge-detection,62,4,0.5175804639908317,0.005,residual_samples/batch-62-replication-4.csv,null_statistics/batch-62-replication-4.npy,batch-f2-linear-direct-edge-detection,13398998625064027941,11829031319856845448,18040183592355960249,0.20169610000448301,,,batch-f2-linear-direct-edge-detection-20260825-001
F2,X1,X2,f2-linear-direct-edge-detection,62,5,0.5112702433303522,0.005,residual_samples/batch-62-replication-5.csv,null_statistics/batch-62-replication-5.npy,batch-f2-linear-direct-edge-detection,6029185942205245392,14318557610231858457,4022433065532486722,0.19469309999840334,,,batch-f2-linear-direct-edge-detection-20260825-001
F2,X1,X2,f2-linear-direct-edge-detection,62,6,0.5350278555177339,0.005,residual_samples/batch-62-replication-6.csv,null_statistics/batch-62-replication-6.npy,batch-f2-linear-direct-edge-detection,412423951514672300,13822775632227892387,17736411553238093972,0.1957049000193365,,,batch-f2-linear-direct-edge-detection-20260825-001
F2,X1,X2,f2-linear-direct-edge-detection,62,7,0.5556281293009708,0.005,residual_samples/batch-62-replication-7.csv,null_statistics/batch-62-replication-7.npy,batch-f2-linear-direct-edge-detection,1179443733375834875,15391599969281679279,14900924382754079182,0.1930820999550633,,,batch-f2-linear-direct-edge-detection-20260825-001
F2,X1,X2,f2-linear-direct-edge-detection,62,8,0.5384069242592484,0.005,residual_samples/batch-62-replication-8.csv,null_statistics/batch-62-replication-8.npy,batch-f2-linear-direct-edge-detection,17897608188770124013,4143171674889310301,18162645269178822297,0.1930768999736756,,,batch-f2-linear-direct-edge-detection-20260825-001
F2,X1,X2,f2-linear-direct-edge-detection,62,9,0.506027023267163,0.005,residual_samples/batch-62-replication-9.csv,null_statistics/batch-62-replication-9.npy,batch-f2-linear-direct-edge-detection,2329922631187740754,1728127521129334658,3498224731168909409,0.19661720003932714,,,batch-f2-linear-direct-edge-detection-20260825-001
F2,X1,X2,f2-linear-direct-edge-detection,63,0,0.506330900885862,0.005,residual_samples/batch-63-replication-0.csv,null_statistics/batch-63-replication-0.npy,batch-f2-linear-direct-edge-detection,2794882323257760688,13764239178722177830,7024473806888171363,0.19434760004514828,,,batch-f2-linear-direct-edge-detection-20260825-001
F2,X1,X2,f2-linear-direct-edge-detection,63,1,0.49961969526686983,0.005,residual_samples/batch-63-replication-1.csv,null_statistics/batch-63-replication-1.npy,batch-f2-linear-direct-edge-detection,8062983005454723065,13597224814116341240,18418984948624852808,0.19572409999091178,,,batch-f2-linear-direct-edge-detection-20260825-001
F2,X1,X2,f2-linear-direct-edge-detection,63,2,0.49877607782256633,0.005,residual_samples/batch-63-replication-2.csv,null_statistics/batch-63-replication-2.npy,batch-f2-linear-direct-edge-detection,14489772579666952648,17481949562467594189,18025222341084601872,0.19504129997221753,,,batch-f2-linear-direct-edge-detection-20260825-001
F2,X1,X2,f2-linear-direct-edge-detection,63,3,0.5406143357816156,0.005,residual_samples/batch-63-replication-3.csv,null_statistics/batch-63-replication-3.npy,batch-f2-linear-direct-edge-detection,17944327046806533777,8168267029029718937,881020110923883850,0.20087510003941134,,,batch-f2-linear-direct-edge-detection-20260825-001
F2,X1,X2,f2-linear-direct-edge-detection,63,4,0.5153103658544343,0.005,residual_samples/batch-63-replication-4.csv,null_statistics/batch-63-replication-4.npy,batch-f2-linear-direct-edge-detection,9000020169610978368,7707883321734695518,11769890070314815730,0.29003980004927143,,,batch-f2-linear-direct-edge-detection-20260825-001
F2,X1,X2,f2-linear-direct-edge-detection,63,5,0.5031748856248587,0.005,residual_samples/batch-63-replication-5.csv,null_statistics/batch-63-replication-5.npy,batch-f2-linear-direct-edge-detection,10544433227881570899,17706218733805919126,15140752483258888903,0.22923749999608845,,,batch-f2-linear-direct-edge-detection-20260825-001
F2,X1,X2,f2-linear-direct-edge-detection,63,6,0.5340379068494134,0.005,residual_samples/batch-63-replication-6.csv,null_statistics/batch-63-replication-6.npy,batch-f2-linear-direct-edge-detection,3372137804941814011,6100915874367543228,3978992605202073642,0.2013518000021577,,,batch-f2-linear-direct-edge-detection-20260825-001
F2,X1,X2,f2-linear-direct-edge-detection,63,7,0.5470374329030389,0.005,residual_samples/batch-63-replication-7.csv,null_statistics/batch-63-replication-7.npy,batch-f2-linear-direct-edge-detection,3669092314693865295,5577268869214841180,3081180657136615437,0.19932120002340525,,,batch-f2-linear-direct-edge-detection-20260825-001
F2,X1,X2,f2-linear-direct-edge-detection,63,8,0.5410655419652574,0.005,residual_samples/batch-63-replication-8.csv,null_statistics/batch-63-replication-8.npy,batch-f2-linear-direct-edge-detection,6374125382749232267,617990667365454867,16480411287634853502,0.23759810003684834,,,batch-f2-linear-direct-edge-detection-20260825-001
F2,X1,X2,f2-linear-direct-edge-detection,63,9,0.5284207762204624,0.005,residual_samples/batch-63-replication-9.csv,null_statistics/batch-63-replication-9.npy,batch-f2-linear-direct-edge-detection,11896906061524288056,10044674497133834009,11684114251461336864,0.20696219999808818,,,batch-f2-linear-direct-edge-detection-20260825-001
F2,X1,X2,f2-linear-direct-edge-detection,64,0,0.5409681460024837,0.005,residual_samples/batch-64-replication-0.csv,null_statistics/batch-64-replication-0.npy,batch-f2-linear-direct-edge-detection,3156134215053442403,11262942923620131121,10251644338829626981,0.27671380003448576,,,batch-f2-linear-direct-edge-detection-20260825-001
F2,X1,X2,f2-linear-direct-edge-detection,64,1,0.5327023740357935,0.005,residual_samples/batch-64-replication-1.csv,null_statistics/batch-64-replication-1.npy,batch-f2-linear-direct-edge-detection,3156761217094874623,1394167485069496360,12978452457149018971,0.2090376999694854,,,batch-f2-linear-direct-edge-detection-20260825-001
F2,X1,X2,f2-linear-direct-edge-detection,64,2,0.5163130313227673,0.005,residual_samples/batch-64-replication-2.csv,null_statistics/batch-64-replication-2.npy,batch-f2-linear-direct-edge-detection,1919478491055889602,2475927256066156128,5769667273629071063,0.2165598000283353,,,batch-f2-linear-direct-edge-detection-20260825-001
F2,X1,X2,f2-linear-direct-edge-detection,64,3,0.5330505591656727,0.005,residual_samples/batch-64-replication-3.csv,null_statistics/batch-64-replication-3.npy,batch-f2-linear-direct-edge-detection,8554977112525906877,16639124413908780250,2951719160020834143,0.21004269999684766,,,batch-f2-linear-direct-edge-detection-20260825-001
F2,X1,X2,f2-linear-direct-edge-detection,64,4,0.4958693441412543,0.005,residual_samples/batch-64-replication-4.csv,null_statistics/batch-64-replication-4.npy,batch-f2-linear-direct-edge-detection,16619370409835473182,10877992771298264262,15088431971151398984,0.21606020000763237,,,batch-f2-linear-direct-edge-detection-20260825-001
F2,X1,X2,f2-linear-direct-edge-detection,64,5,0.5358455921212056,0.005,residual_samples/batch-64-replication-5.csv,null_statistics/batch-64-replication-5.npy,batch-f2-linear-direct-edge-detection,5966805871625657271,18346708099054075298,6706265054895140663,0.21883600001456216,,,batch-f2-linear-direct-edge-detection-20260825-001
F2,X1,X2,f2-linear-direct-edge-detection,64,6,0.5508977473620852,0.005,residual_samples/batch-64-replication-6.csv,null_statistics/batch-64-replication-6.npy,batch-f2-linear-direct-edge-detection,6902521703969513343,7908752214427182507,8767118286884939884,0.20858039997983724,,,batch-f2-linear-direct-edge-detection-20260825-001
F2,X1,X2,f2-linear-direct-edge-detection,64,7,0.5042059624935856,0.005,residual_samples/batch-64-replication-7.csv,null_statistics/batch-64-replication-7.npy,batch-f2-linear-direct-edge-detection,4148198475793321057,11721596468538619609,12071194189290803210,0.20774089999031276,,,batch-f2-linear-direct-edge-detection-20260825-001
F2,X1,X2,f2-linear-direct-edge-detection,64,8,0.52626121047772,0.005,residual_samples/batch-64-replication-8.csv,null_statistics/batch-64-replication-8.npy,batch-f2-linear-direct-edge-detection,4040183666178814326,316596520590687972,13839282787669857750,0.21302240004297346,,,batch-f2-linear-direct-edge-detection-20260825-001
F2,X1,X2,f2-linear-direct-edge-detection,64,9,0.5300380693745865,0.005,residual_samples/batch-64-replication-9.csv,null_statistics/batch-64-replication-9.npy,batch-f2-linear-direct-edge-detection,13689407277128996841,2762307265168472968,11017459540911514737,0.21248299995204434,,,batch-f2-linear-direct-edge-detection-20260825-001
F2,X1,X2,f2-linear-direct-edge-detection,65,0,0.53160978154716,0.005,residual_samples/batch-65-replication-0.csv,null_statistics/batch-65-replication-0.npy,batch-f2-linear-direct-edge-detection,17260372126817250124,16204513593924600198,10912772236891877308,0.2074925000197254,,,batch-f2-linear-direct-edge-detection-20260825-001
F2,X1,X2,f2-linear-direct-edge-detection,65,1,0.5642104347985041,0.005,residual_samples/batch-65-replication-1.csv,null_statistics/batch-65-replication-1.npy,batch-f2-linear-direct-edge-detection,7025417675474235109,5300604828632277609,3346757289798740254,0.2054876000038348,,,batch-f2-linear-direct-edge-detection-20260825-001
F2,X1,X2,f2-linear-direct-edge-detection,65,2,0.5349890708204339,0.005,residual_samples/batch-65-replication-2.csv,null_statistics/batch-65-replication-2.npy,batch-f2-linear-direct-edge-detection,15544507052340216472,2704121671921420958,14757628005461974954,0.21053680003387854,,,batch-f2-linear-direct-edge-detection-20260825-001
F2,X1,X2,f2-linear-direct-edge-detection,65,3,0.5298476926140065,0.005,residual_samples/batch-65-replication-3.csv,null_statistics/batch-65-replication-3.npy,batch-f2-linear-direct-edge-detection,17647159334397012395,9467174088478430851,2126971643154352609,0.20756849995814264,,,batch-f2-linear-direct-edge-detection-20260825-001
F2,X1,X2,f2-linear-direct-edge-detection,65,4,0.5151114413306938,0.005,residual_samples/batch-65-replication-4.csv,null_statistics/batch-65-replication-4.npy,batch-f2-linear-direct-edge-detection,17331906314458083786,5158087454387565602,1843806560373182005,0.2001287000020966,,,batch-f2-linear-direct-edge-detection-20260825-001
F2,X1,X2,f2-linear-direct-edge-detection,65,5,0.5050394555257532,0.005,residual_samples/batch-65-replication-5.csv,null_statistics/batch-65-replication-5.npy,batch-f2-linear-direct-edge-detection,3471615942968951614,3472034948268432776,6805881399759962015,0.19931920000817627,,,batch-f2-linear-direct-edge-detection-20260825-001
F2,X1,X2,f2-linear-direct-edge-detection,65,6,0.45671162964393497,0.005,residual_samples/batch-65-replication-6.csv,null_statistics/batch-65-replication-6.npy,batch-f2-linear-direct-edge-detection,9036102779128964507,11532232671488979298,950111382125764168,0.19416169996839017,,,batch-f2-linear-direct-edge-detection-20260825-001
F2,X1,X2,f2-linear-direct-edge-detection,65,7,0.5587793963970833,0.005,residual_samples/batch-65-replication-7.csv,null_statistics/batch-65-replication-7.npy,batch-f2-linear-direct-edge-detection,12905333370745390372,1893075971927207621,10159717854924202695,0.19587459997273982,,,batch-f2-linear-direct-edge-detection-20260825-001
F2,X1,X2,f2-linear-direct-edge-detection,65,8,0.49816062273123857,0.005,residual_samples/batch-65-replication-8.csv,null_statistics/batch-65-replication-8.npy,batch-f2-linear-direct-edge-detection,6591581876585371374,3469558573631774259,11906205596138251587,0.19181320001371205,,,batch-f2-linear-direct-edge-detection-20260825-001
F2,X1,X2,f2-linear-direct-edge-detection,65,9,0.5423569213615304,0.005,residual_samples/batch-65-replication-9.csv,null_statistics/batch-65-replication-9.npy,batch-f2-linear-direct-edge-detection,11723614469482327719,7030282332065443692,11607796138096209879,0.1965704999747686,,,batch-f2-linear-direct-edge-detection-20260825-001
F2,X1,X2,f2-linear-direct-edge-detection,66,0,0.5027357763206187,0.005,residual_samples/batch-66-replication-0.csv,null_statistics/batch-66-replication-0.npy,batch-f2-linear-direct-edge-detection,3736723185577586226,5824198713392220939,4019986156874709847,0.19457920000422746,,,batch-f2-linear-direct-edge-detection-20260825-001
F2,X1,X2,f2-linear-direct-edge-detection,66,1,0.5009314617231331,0.005,residual_samples/batch-66-replication-1.csv,null_statistics/batch-66-replication-1.npy,batch-f2-linear-direct-edge-detection,15494666827083348441,517550897821631097,15513226195172625546,0.19599910004762933,,,batch-f2-linear-direct-edge-detection-20260825-001
F2,X1,X2,f2-linear-direct-edge-detection,66,2,0.5405835213968151,0.005,residual_samples/batch-66-replication-2.csv,null_statistics/batch-66-replication-2.npy,batch-f2-linear-direct-edge-detection,17301372470272570502,14911184818875387475,5064695606974483267,0.19725320005090907,,,batch-f2-linear-direct-edge-detection-20260825-001
F2,X1,X2,f2-linear-direct-edge-detection,66,3,0.5622471562676127,0.005,residual_samples/batch-66-replication-3.csv,null_statistics/batch-66-replication-3.npy,batch-f2-linear-direct-edge-detection,14798662383305093901,1247613917821211935,16368009129239223070,0.1934946000110358,,,batch-f2-linear-direct-edge-detection-20260825-001
F2,X1,X2,f2-linear-direct-edge-detection,66,4,0.5503392622252992,0.005,residual_samples/batch-66-replication-4.csv,null_statistics/batch-66-replication-4.npy,batch-f2-linear-direct-edge-detection,9953315963039316796,17022419760502472338,4448965644413065725,0.19343040004605427,,,batch-f2-linear-direct-edge-detection-20260825-001
F2,X1,X2,f2-linear-direct-edge-detection,66,5,0.5045513848789679,0.005,residual_samples/batch-66-replication-5.csv,null_statistics/batch-66-replication-5.npy,batch-f2-linear-direct-edge-detection,10335016300024903927,10320946428218898012,10469429465641728358,0.19326799997361377,,,batch-f2-linear-direct-edge-detection-20260825-001
F2,X1,X2,f2-linear-direct-edge-detection,66,6,0.553871768358151,0.005,residual_samples/batch-66-replication-6.csv,null_statistics/batch-66-replication-6.npy,batch-f2-linear-direct-edge-detection,17406453919448542410,12881286906992021562,10218206020447508444,0.1932105000014417,,,batch-f2-linear-direct-edge-detection-20260825-001
F2,X1,X2,f2-linear-direct-edge-detection,66,7,0.509759885607602,0.005,residual_samples/batch-66-replication-7.csv,null_statistics/batch-66-replication-7.npy,batch-f2-linear-direct-edge-detection,15799305528342521006,7291693641230471311,11571743999983851674,0.19320739997783676,,,batch-f2-linear-direct-edge-detection-20260825-001
F2,X1,X2,f2-linear-direct-edge-detection,66,8,0.5306569039748091,0.005,residual_samples/batch-66-replication-8.csv,null_statistics/batch-66-replication-8.npy,batch-f2-linear-direct-edge-detection,6305104535075225439,1338347407961599190,3061469210697471596,0.19423480000114068,,,batch-f2-linear-direct-edge-detection-20260825-001
F2,X1,X2,f2-linear-direct-edge-detection,66,9,0.5385216187345245,0.005,residual_samples/batch-66-replication-9.csv,null_statistics/batch-66-replication-9.npy,batch-f2-linear-direct-edge-detection,702883102309527399,9317471256199830880,16384484204971225665,0.20735829998739064,,,batch-f2-linear-direct-edge-detection-20260825-001
F2,X1,X2,f2-linear-direct-edge-detection,67,0,0.5460358662936371,0.005,residual_samples/batch-67-replication-0.csv,null_statistics/batch-67-replication-0.npy,batch-f2-linear-direct-edge-detection,313065131972134359,11114844153305104361,2384223869227767747,0.20095539995236322,,,batch-f2-linear-direct-edge-detection-20260825-001
F2,X1,X2,f2-linear-direct-edge-detection,67,1,0.5404676802806778,0.005,residual_samples/batch-67-replication-1.csv,null_statistics/batch-67-replication-1.npy,batch-f2-linear-direct-edge-detection,4951044037213285541,6227054406168023364,13360607106409315692,0.19573430001037195,,,batch-f2-linear-direct-edge-detection-20260825-001
F2,X1,X2,f2-linear-direct-edge-detection,67,2,0.496395480867679,0.005,residual_samples/batch-67-replication-2.csv,null_statistics/batch-67-replication-2.npy,batch-f2-linear-direct-edge-detection,13678503944260347896,18202786770150863454,9941239997525808482,0.201850299956277,,,batch-f2-linear-direct-edge-detection-20260825-001
F2,X1,X2,f2-linear-direct-edge-detection,67,3,0.5599745671147718,0.005,residual_samples/batch-67-replication-3.csv,null_statistics/batch-67-replication-3.npy,batch-f2-linear-direct-edge-detection,13475187280764417774,8490310228893104782,13304086808071592849,0.19527960004052147,,,batch-f2-linear-direct-edge-detection-20260825-001
F2,X1,X2,f2-linear-direct-edge-detection,67,4,0.5565980099741249,0.005,residual_samples/batch-67-replication-4.csv,null_statistics/batch-67-replication-4.npy,batch-f2-linear-direct-edge-detection,10422723488479757682,9411376195112038050,476731762197763244,0.203415900003165,,,batch-f2-linear-direct-edge-detection-20260825-001
F2,X1,X2,f2-linear-direct-edge-detection,67,5,0.49657377100449485,0.005,residual_samples/batch-67-replication-5.csv,null_statistics/batch-67-replication-5.npy,batch-f2-linear-direct-edge-detection,9522284578430149362,11933572639885327060,10860158444971510717,0.2018965000170283,,,batch-f2-linear-direct-edge-detection-20260825-001
F2,X1,X2,f2-linear-direct-edge-detection,67,6,0.5422137843820215,0.005,residual_samples/batch-67-replication-6.csv,null_statistics/batch-67-replication-6.npy,batch-f2-linear-direct-edge-detection,14834044712698868741,2337470251435957992,512526002601020629,0.20161469996673986,,,batch-f2-linear-direct-edge-detection-20260825-001
F2,X1,X2,f2-linear-direct-edge-detection,67,7,0.5463861843444477,0.005,residual_samples/batch-67-replication-7.csv,null_statistics/batch-67-replication-7.npy,batch-f2-linear-direct-edge-detection,15161618300681904732,7546052341469255454,4591811732960094471,0.2019750999752432,,,batch-f2-linear-direct-edge-detection-20260825-001
F2,X1,X2,f2-linear-direct-edge-detection,67,8,0.5146131721291132,0.005,residual_samples/batch-67-replication-8.csv,null_statistics/batch-67-replication-8.npy,batch-f2-linear-direct-edge-detection,11617547338223078261,1259548713239747852,1536806147956850448,0.19852889998583123,,,batch-f2-linear-direct-edge-detection-20260825-001
F2,X1,X2,f2-linear-direct-edge-detection,67,9,0.5481630061580569,0.005,residual_samples/batch-67-replication-9.csv,null_statistics/batch-67-replication-9.npy,batch-f2-linear-direct-edge-detection,4589254890802492452,11595897777042162304,14868335576088589281,0.20245639997301623,,,batch-f2-linear-direct-edge-detection-20260825-001
F2,X1,X2,f2-linear-direct-edge-detection,68,0,0.5244142122014975,0.005,residual_samples/batch-68-replication-0.csv,null_statistics/batch-68-replication-0.npy,batch-f2-linear-direct-edge-detection,11246111869067820409,2346523831538349805,15808595215389672366,0.19942449999507517,,,batch-f2-linear-direct-edge-detection-20260825-001
F2,X1,X2,f2-linear-direct-edge-detection,68,1,0.5331657904997467,0.005,residual_samples/batch-68-replication-1.csv,null_statistics/batch-68-replication-1.npy,batch-f2-linear-direct-edge-detection,9161593111158491971,1108117272703314267,11174375989551291957,0.19513080001343042,,,batch-f2-linear-direct-edge-detection-20260825-001
F2,X1,X2,f2-linear-direct-edge-detection,68,2,0.5399834466289777,0.005,residual_samples/batch-68-replication-2.csv,null_statistics/batch-68-replication-2.npy,batch-f2-linear-direct-edge-detection,11136657865235658309,3178904826495513126,6999204097296223455,0.19631620001746342,,,batch-f2-linear-direct-edge-detection-20260825-001
F2,X1,X2,f2-linear-direct-edge-detection,68,3,0.5012921530355834,0.005,residual_samples/batch-68-replication-3.csv,null_statistics/batch-68-replication-3.npy,batch-f2-linear-direct-edge-detection,7933718409487830860,14984472881766454407,8012094411986622503,0.1967268000007607,,,batch-f2-linear-direct-edge-detection-20260825-001
F2,X1,X2,f2-linear-direct-edge-detection,68,4,0.5076029371695098,0.005,residual_samples/batch-68-replication-4.csv,null_statistics/batch-68-replication-4.npy,batch-f2-linear-direct-edge-detection,6839499047109750202,6450580480105645574,3653367183390066546,0.19847360003041103,,,batch-f2-linear-direct-edge-detection-20260825-001
F2,X1,X2,f2-linear-direct-edge-detection,68,5,0.5177112451288207,0.005,residual_samples/batch-68-replication-5.csv,null_statistics/batch-68-replication-5.npy,batch-f2-linear-direct-edge-detection,3729625373851487489,7864706023840960772,9514040940116401227,0.19477760000154376,,,batch-f2-linear-direct-edge-detection-20260825-001
F2,X1,X2,f2-linear-direct-edge-detection,68,6,0.5174045018361123,0.005,residual_samples/batch-68-replication-6.csv,null_statistics/batch-68-replication-6.npy,batch-f2-linear-direct-edge-detection,14142508152924032733,14079344690206905038,3011929100976467352,0.20057560002896935,,,batch-f2-linear-direct-edge-detection-20260825-001
F2,X1,X2,f2-linear-direct-edge-detection,68,7,0.5788673344915486,0.005,residual_samples/batch-68-replication-7.csv,null_statistics/batch-68-replication-7.npy,batch-f2-linear-direct-edge-detection,10831607436815261234,2383483247233896824,15894875820307390029,0.20117859996389598,,,batch-f2-linear-direct-edge-detection-20260825-001
F2,X1,X2,f2-linear-direct-edge-detection,68,8,0.49309673639278484,0.005,residual_samples/batch-68-replication-8.csv,null_statistics/batch-68-replication-8.npy,batch-f2-linear-direct-edge-detection,13220263891244068674,6160056822460996534,8859914117343380457,0.20027430000482127,,,batch-f2-linear-direct-edge-detection-20260825-001
F2,X1,X2,f2-linear-direct-edge-detection,68,9,0.5116290699042114,0.005,residual_samples/batch-68-replication-9.csv,null_statistics/batch-68-replication-9.npy,batch-f2-linear-direct-edge-detection,4437874472454477651,6519086852831446490,16459128334169173297,0.2000836000079289,,,batch-f2-linear-direct-edge-detection-20260825-001
F2,X1,X2,f2-linear-direct-edge-detection,69,0,0.5243641518566877,0.005,residual_samples/batch-69-replication-0.csv,null_statistics/batch-69-replication-0.npy,batch-f2-linear-direct-edge-detection,1766024136862886657,326322326186077838,1273800823919728025,0.20499629998812452,,,batch-f2-linear-direct-edge-detection-20260825-001
F2,X1,X2,f2-linear-direct-edge-detection,69,1,0.5783756208166233,0.005,residual_samples/batch-69-replication-1.csv,null_statistics/batch-69-replication-1.npy,batch-f2-linear-direct-edge-detection,2066960257831270133,16638255974283990475,3829029892360571596,0.2052908000187017,,,batch-f2-linear-direct-edge-detection-20260825-001
F2,X1,X2,f2-linear-direct-edge-detection,69,2,0.5470517840715697,0.005,residual_samples/batch-69-replication-2.csv,null_statistics/batch-69-replication-2.npy,batch-f2-linear-direct-edge-detection,8825418048824480029,16655019827320681980,17521627731841562305,0.20091810001758859,,,batch-f2-linear-direct-edge-detection-20260825-001
F2,X1,X2,f2-linear-direct-edge-detection,69,3,0.5471072516988682,0.005,residual_samples/batch-69-replication-3.csv,null_statistics/batch-69-replication-3.npy,batch-f2-linear-direct-edge-detection,9687535923389301843,3054835815212071266,13565754141814044852,0.1997921000001952,,,batch-f2-linear-direct-edge-detection-20260825-001
F2,X1,X2,f2-linear-direct-edge-detection,69,4,0.5046276815763635,0.005,residual_samples/batch-69-replication-4.csv,null_statistics/batch-69-replication-4.npy,batch-f2-linear-direct-edge-detection,11405184336418782522,9411332039338855131,758992581439750818,0.20144299999810755,,,batch-f2-linear-direct-edge-detection-20260825-001
F2,X1,X2,f2-linear-direct-edge-detection,69,5,0.5031569220038389,0.005,residual_samples/batch-69-replication-5.csv,null_statistics/batch-69-replication-5.npy,batch-f2-linear-direct-edge-detection,1164631841719711395,5643378204519082822,14295794703874676026,0.20115520001854748,,,batch-f2-linear-direct-edge-detection-20260825-001
F2,X1,X2,f2-linear-direct-edge-detection,69,6,0.5344038164860255,0.005,residual_samples/batch-69-replication-6.csv,null_statistics/batch-69-replication-6.npy,batch-f2-linear-direct-edge-detection,7121392137892498239,7292028065927156715,13157738920211501220,0.19957469997461885,,,batch-f2-linear-direct-edge-detection-20260825-001
F2,X1,X2,f2-linear-direct-edge-detection,69,7,0.5163132158896873,0.005,residual_samples/batch-69-replication-7.csv,null_statistics/batch-69-replication-7.npy,batch-f2-linear-direct-edge-detection,16298076746420590141,12757523847072419302,11828696633004376400,0.1982117000152357,,,batch-f2-linear-direct-edge-detection-20260825-001
F2,X1,X2,f2-linear-direct-edge-detection,69,8,0.5520040992305995,0.005,residual_samples/batch-69-replication-8.csv,null_statistics/batch-69-replication-8.npy,batch-f2-linear-direct-edge-detection,17377606107149588114,14436305440392551899,11683816733549755896,0.196524600032717,,,batch-f2-linear-direct-edge-detection-20260825-001
F2,X1,X2,f2-linear-direct-edge-detection,69,9,0.5268157081040152,0.005,residual_samples/batch-69-replication-9.csv,null_statistics/batch-69-replication-9.npy,batch-f2-linear-direct-edge-detection,5928961350135201803,4379045106281260297,5135822010607089896,0.19695760001195595,,,batch-f2-linear-direct-edge-detection-20260825-001
F2,X1,X2,f2-linear-direct-edge-detection,70,0,0.5316024681767418,0.005,residual_samples/batch-70-replication-0.csv,null_statistics/batch-70-replication-0.npy,batch-f2-linear-direct-edge-detection,7293489435407510391,17710775567432239482,14256022553371261147,0.19360100000631064,,,batch-f2-linear-direct-edge-detection-20260825-001
F2,X1,X2,f2-linear-direct-edge-detection,70,1,0.5306429599843765,0.005,residual_samples/batch-70-replication-1.csv,null_statistics/batch-70-replication-1.npy,batch-f2-linear-direct-edge-detection,6488708187459383328,2274332389464227588,7279784251832573282,0.19369049998931587,,,batch-f2-linear-direct-edge-detection-20260825-001
F2,X1,X2,f2-linear-direct-edge-detection,70,2,0.5009190109188725,0.005,residual_samples/batch-70-replication-2.csv,null_statistics/batch-70-replication-2.npy,batch-f2-linear-direct-edge-detection,16343932229021849534,5929685438672739649,8563564139078332601,0.19445889996131882,,,batch-f2-linear-direct-edge-detection-20260825-001
F2,X1,X2,f2-linear-direct-edge-detection,70,3,0.546019437174806,0.005,residual_samples/batch-70-replication-3.csv,null_statistics/batch-70-replication-3.npy,batch-f2-linear-direct-edge-detection,15020560787728224438,1960574324214178111,15078449626654545386,0.1926326000248082,,,batch-f2-linear-direct-edge-detection-20260825-001
F2,X1,X2,f2-linear-direct-edge-detection,70,4,0.5543536743804617,0.005,residual_samples/batch-70-replication-4.csv,null_statistics/batch-70-replication-4.npy,batch-f2-linear-direct-edge-detection,16584050494885493932,15510977327466650960,1982465893684410170,0.19319269998231903,,,batch-f2-linear-direct-edge-detection-20260825-001
F2,X1,X2,f2-linear-direct-edge-detection,70,5,0.5042377489382016,0.005,residual_samples/batch-70-replication-5.csv,null_statistics/batch-70-replication-5.npy,batch-f2-linear-direct-edge-detection,10866995195938609423,13079006402705837645,15616494122341359297,0.1951759000075981,,,batch-f2-linear-direct-edge-detection-20260825-001
F2,X1,X2,f2-linear-direct-edge-detection,70,6,0.5123303311370674,0.005,residual_samples/batch-70-replication-6.csv,null_statistics/batch-70-replication-6.npy,batch-f2-linear-direct-edge-detection,10902683005229494019,7869893694948151798,7147297381466899385,0.19575549999717623,,,batch-f2-linear-direct-edge-detection-20260825-001
F2,X1,X2,f2-linear-direct-edge-detection,70,7,0.4956748549998613,0.005,residual_samples/batch-70-replication-7.csv,null_statistics/batch-70-replication-7.npy,batch-f2-linear-direct-edge-detection,5663655567912143033,6608906034571596064,11893927511635767709,0.19399279996287078,,,batch-f2-linear-direct-edge-detection-20260825-001
F2,X1,X2,f2-linear-direct-edge-detection,70,8,0.4654213091908463,0.005,residual_samples/batch-70-replication-8.csv,null_statistics/batch-70-replication-8.npy,batch-f2-linear-direct-edge-detection,7590617679487196406,3964585340838604436,15170288672348476855,0.19429610000224784,,,batch-f2-linear-direct-edge-detection-20260825-001
F2,X1,X2,f2-linear-direct-edge-detection,70,9,0.5330993388568218,0.005,residual_samples/batch-70-replication-9.csv,null_statistics/batch-70-replication-9.npy,batch-f2-linear-direct-edge-detection,12593284703330571724,11879528284745799399,6927453403701455664,0.1925522000528872,,,batch-f2-linear-direct-edge-detection-20260825-001
F2,X1,X2,f2-linear-direct-edge-detection,71,0,0.5713233510746826,0.005,residual_samples/batch-71-replication-0.csv,null_statistics/batch-71-replication-0.npy,batch-f2-linear-direct-edge-detection,3570584664623065980,18202968682355818482,13162365259169261370,0.1957924000453204,,,batch-f2-linear-direct-edge-detection-20260825-001
F2,X1,X2,f2-linear-direct-edge-detection,71,1,0.5073204002493513,0.005,residual_samples/batch-71-replication-1.csv,null_statistics/batch-71-replication-1.npy,batch-f2-linear-direct-edge-detection,2628753742400395990,10397747460541770770,1267866560581186613,0.19369609997374937,,,batch-f2-linear-direct-edge-detection-20260825-001
F2,X1,X2,f2-linear-direct-edge-detection,71,2,0.502668335218312,0.005,residual_samples/batch-71-replication-2.csv,null_statistics/batch-71-replication-2.npy,batch-f2-linear-direct-edge-detection,14966545239191319693,18112747599393194978,7085898115410962121,0.19647049997001886,,,batch-f2-linear-direct-edge-detection-20260825-001
F2,X1,X2,f2-linear-direct-edge-detection,71,3,0.5587637396539521,0.005,residual_samples/batch-71-replication-3.csv,null_statistics/batch-71-replication-3.npy,batch-f2-linear-direct-edge-detection,11245932320742866570,316262820055771815,10812528356110996750,0.1966915000230074,,,batch-f2-linear-direct-edge-detection-20260825-001
F2,X1,X2,f2-linear-direct-edge-detection,71,4,0.5251027114491947,0.005,residual_samples/batch-71-replication-4.csv,null_statistics/batch-71-replication-4.npy,batch-f2-linear-direct-edge-detection,704539557367080472,4812458372499771577,4080999937963676304,0.19266020000213757,,,batch-f2-linear-direct-edge-detection-20260825-001
F2,X1,X2,f2-linear-direct-edge-detection,71,5,0.511655446058153,0.005,residual_samples/batch-71-replication-5.csv,null_statistics/batch-71-replication-5.npy,batch-f2-linear-direct-edge-detection,13070924548642306671,8239705835979669138,10119356646081483049,0.19585120002739131,,,batch-f2-linear-direct-edge-detection-20260825-001
F2,X1,X2,f2-linear-direct-edge-detection,71,6,0.5130795378152743,0.005,residual_samples/batch-71-replication-6.csv,null_statistics/batch-71-replication-6.npy,batch-f2-linear-direct-edge-detection,14935917528676094384,4990237416231134253,6562765955147692979,0.19519519997993484,,,batch-f2-linear-direct-edge-detection-20260825-001
F2,X1,X2,f2-linear-direct-edge-detection,71,7,0.5297724821336477,0.005,residual_samples/batch-71-replication-7.csv,null_statistics/batch-71-replication-7.npy,batch-f2-linear-direct-edge-detection,13086126248404028795,3247910278753000506,609306963552011642,0.19389589998172596,,,batch-f2-linear-direct-edge-detection-20260825-001
F2,X1,X2,f2-linear-direct-edge-detection,71,8,0.49695236647248686,0.005,residual_samples/batch-71-replication-8.csv,null_statistics/batch-71-replication-8.npy,batch-f2-linear-direct-edge-detection,5347633318332434257,9820179475947880851,7060980364259306557,0.1952383000170812,,,batch-f2-linear-direct-edge-detection-20260825-001
F2,X1,X2,f2-linear-direct-edge-detection,71,9,0.49651861043208495,0.005,residual_samples/batch-71-replication-9.csv,null_statistics/batch-71-replication-9.npy,batch-f2-linear-direct-edge-detection,4952932872421125319,9172010368591729207,7040895637435647559,0.19538399996235967,,,batch-f2-linear-direct-edge-detection-20260825-001
F2,X1,X2,f2-linear-direct-edge-detection,72,0,0.5500404247558198,0.005,residual_samples/batch-72-replication-0.csv,null_statistics/batch-72-replication-0.npy,batch-f2-linear-direct-edge-detection,17039789480114607848,5955107422750826340,8181095471856418495,0.19436100003076717,,,batch-f2-linear-direct-edge-detection-20260825-001
F2,X1,X2,f2-linear-direct-edge-detection,72,1,0.5449632591437553,0.005,residual_samples/batch-72-replication-1.csv,null_statistics/batch-72-replication-1.npy,batch-f2-linear-direct-edge-detection,13160349687913524935,14895082181748504830,18347659443889432435,0.1951276999898255,,,batch-f2-linear-direct-edge-detection-20260825-001
F2,X1,X2,f2-linear-direct-edge-detection,72,2,0.5305650563666581,0.005,residual_samples/batch-72-replication-2.csv,null_statistics/batch-72-replication-2.npy,batch-f2-linear-direct-edge-detection,7279516772317498464,4002148048885879736,5445835744710556259,0.19609400001354516,,,batch-f2-linear-direct-edge-detection-20260825-001
F2,X1,X2,f2-linear-direct-edge-detection,72,3,0.5354505710139046,0.005,residual_samples/batch-72-replication-3.csv,null_statistics/batch-72-replication-3.npy,batch-f2-linear-direct-edge-detection,16774424321513590254,11749732670671544153,1316606996465238811,0.19475720002083108,,,batch-f2-linear-direct-edge-detection-20260825-001
F2,X1,X2,f2-linear-direct-edge-detection,72,4,0.5325519172700081,0.005,residual_samples/batch-72-replication-4.csv,null_statistics/batch-72-replication-4.npy,batch-f2-linear-direct-edge-detection,16579986964554694588,1542432849573168796,14050819603364874558,0.19624099996872246,,,batch-f2-linear-direct-edge-detection-20260825-001
F2,X1,X2,f2-linear-direct-edge-detection,72,5,0.537801237207881,0.005,residual_samples/batch-72-replication-5.csv,null_statistics/batch-72-replication-5.npy,batch-f2-linear-direct-edge-detection,13913644150875357220,4882558594770493560,4072500009994686225,0.1942574999993667,,,batch-f2-linear-direct-edge-detection-20260825-001
F2,X1,X2,f2-linear-direct-edge-detection,72,6,0.5268853279262029,0.005,residual_samples/batch-72-replication-6.csv,null_statistics/batch-72-replication-6.npy,batch-f2-linear-direct-edge-detection,523659512408255953,4600775479375405270,13762665654300317660,0.1947099999524653,,,batch-f2-linear-direct-edge-detection-20260825-001
F2,X1,X2,f2-linear-direct-edge-detection,72,7,0.5423058464223365,0.005,residual_samples/batch-72-replication-7.csv,null_statistics/batch-72-replication-7.npy,batch-f2-linear-direct-edge-detection,8250151887325219358,6049902856590784983,17834981780647991772,0.19498020003084093,,,batch-f2-linear-direct-edge-detection-20260825-001
F2,X1,X2,f2-linear-direct-edge-detection,72,8,0.5265869194827101,0.005,residual_samples/batch-72-replication-8.csv,null_statistics/batch-72-replication-8.npy,batch-f2-linear-direct-edge-detection,13804577534946644449,16873133804535811313,5614892143481434258,0.20454760000575334,,,batch-f2-linear-direct-edge-detection-20260825-001
F2,X1,X2,f2-linear-direct-edge-detection,72,9,0.547622180708041,0.005,residual_samples/batch-72-replication-9.csv,null_statistics/batch-72-replication-9.npy,batch-f2-linear-direct-edge-detection,3395824105870785521,10699544746605345186,11755555852200059166,0.1959878000197932,,,batch-f2-linear-direct-edge-detection-20260825-001
F2,X1,X2,f2-linear-direct-edge-detection,73,0,0.5692522477440625,0.005,residual_samples/batch-73-replication-0.csv,null_statistics/batch-73-replication-0.npy,batch-f2-linear-direct-edge-detection,3217422243999200985,8339834069031390165,5500775723127052563,0.19871669996064156,,,batch-f2-linear-direct-edge-detection-20260825-001
F2,X1,X2,f2-linear-direct-edge-detection,73,1,0.5622096840586154,0.005,residual_samples/batch-73-replication-1.csv,null_statistics/batch-73-replication-1.npy,batch-f2-linear-direct-edge-detection,12152425480703297041,7012093342758413722,3206674804977904457,0.19674799998756498,,,batch-f2-linear-direct-edge-detection-20260825-001
F2,X1,X2,f2-linear-direct-edge-detection,73,2,0.5006393025784052,0.005,residual_samples/batch-73-replication-2.csv,null_statistics/batch-73-replication-2.npy,batch-f2-linear-direct-edge-detection,227855533016423715,2028267628389051282,17956535212311550689,0.19268420001026243,,,batch-f2-linear-direct-edge-detection-20260825-001
F2,X1,X2,f2-linear-direct-edge-detection,73,3,0.5413049102595577,0.005,residual_samples/batch-73-replication-3.csv,null_statistics/batch-73-replication-3.npy,batch-f2-linear-direct-edge-detection,10885084067490882985,8316081346448745064,901106485946634269,0.1961252000182867,,,batch-f2-linear-direct-edge-detection-20260825-001
F2,X1,X2,f2-linear-direct-edge-detection,73,4,0.5184639081962088,0.005,residual_samples/batch-73-replication-4.csv,null_statistics/batch-73-replication-4.npy,batch-f2-linear-direct-edge-detection,11044557289108973627,16062091465757094165,13373226746464620992,0.19985020003514364,,,batch-f2-linear-direct-edge-detection-20260825-001
F2,X1,X2,f2-linear-direct-edge-detection,73,5,0.5159784332917356,0.005,residual_samples/batch-73-replication-5.csv,null_statistics/batch-73-replication-5.npy,batch-f2-linear-direct-edge-detection,16592144695018996010,7023551159088861966,10953888216469552852,0.19625959999393672,,,batch-f2-linear-direct-edge-detection-20260825-001
F2,X1,X2,f2-linear-direct-edge-detection,73,6,0.5551818607213763,0.005,residual_samples/batch-73-replication-6.csv,null_statistics/batch-73-replication-6.npy,batch-f2-linear-direct-edge-detection,2950728020559618780,12907575683456491225,5483556932766369022,0.19613879994722083,,,batch-f2-linear-direct-edge-detection-20260825-001
F2,X1,X2,f2-linear-direct-edge-detection,73,7,0.5467566135026052,0.005,residual_samples/batch-73-replication-7.csv,null_statistics/batch-73-replication-7.npy,batch-f2-linear-direct-edge-detection,549324519634164131,5330349184493139852,6483053104233804782,0.1955607999698259,,,batch-f2-linear-direct-edge-detection-20260825-001
F2,X1,X2,f2-linear-direct-edge-detection,73,8,0.5226469165842161,0.005,residual_samples/batch-73-replication-8.csv,null_statistics/batch-73-replication-8.npy,batch-f2-linear-direct-edge-detection,8795173526370969964,7670024993913658388,14434799267598246357,0.19915649999165908,,,batch-f2-linear-direct-edge-detection-20260825-001
F2,X1,X2,f2-linear-direct-edge-detection,73,9,0.558011864437202,0.005,residual_samples/batch-73-replication-9.csv,null_statistics/batch-73-replication-9.npy,batch-f2-linear-direct-edge-detection,17691998497357360907,5621191367544006677,9721562726679894795,0.19435830001020804,,,batch-f2-linear-direct-edge-detection-20260825-001
F2,X1,X2,f2-linear-direct-edge-detection,74,0,0.5267114685323883,0.005,residual_samples/batch-74-replication-0.csv,null_statistics/batch-74-replication-0.npy,batch-f2-linear-direct-edge-detection,12628338389862696124,18326702915367876684,7748681120072517555,0.1968265000032261,,,batch-f2-linear-direct-edge-detection-20260825-001
F2,X1,X2,f2-linear-direct-edge-detection,74,1,0.5119733104216159,0.005,residual_samples/batch-74-replication-1.csv,null_statistics/batch-74-replication-1.npy,batch-f2-linear-direct-edge-detection,5683127952966995665,12934112310450071466,1555025467088295946,0.19750639999983832,,,batch-f2-linear-direct-edge-detection-20260825-001
F2,X1,X2,f2-linear-direct-edge-detection,74,2,0.5050349764736662,0.005,residual_samples/batch-74-replication-2.csv,null_statistics/batch-74-replication-2.npy,batch-f2-linear-direct-edge-detection,10741053333275874879,2045479049045461627,9030157706326130529,0.19451469997875392,,,batch-f2-linear-direct-edge-detection-20260825-001
F2,X1,X2,f2-linear-direct-edge-detection,74,3,0.5450279655998193,0.005,residual_samples/batch-74-replication-3.csv,null_statistics/batch-74-replication-3.npy,batch-f2-linear-direct-edge-detection,5656177742056167357,13969323599570315573,1993243794099814101,0.19541049998952076,,,batch-f2-linear-direct-edge-detection-20260825-001
F2,X1,X2,f2-linear-direct-edge-detection,74,4,0.5178319901679517,0.005,residual_samples/batch-74-replication-4.csv,null_statistics/batch-74-replication-4.npy,batch-f2-linear-direct-edge-detection,9097236672638443756,14823582687222826753,14077160369880404374,0.19601740001235157,,,batch-f2-linear-direct-edge-detection-20260825-001
F2,X1,X2,f2-linear-direct-edge-detection,74,5,0.5456551839320637,0.005,residual_samples/batch-74-replication-5.csv,null_statistics/batch-74-replication-5.npy,batch-f2-linear-direct-edge-detection,16603389669735053019,9044419998473398758,18141395406532660000,0.19828599999891594,,,batch-f2-linear-direct-edge-detection-20260825-001
F2,X1,X2,f2-linear-direct-edge-detection,74,6,0.5060907828440502,0.005,residual_samples/batch-74-replication-6.csv,null_statistics/batch-74-replication-6.npy,batch-f2-linear-direct-edge-detection,16526566051830045577,1227521675929955103,7960322878287420616,0.19548880000365898,,,batch-f2-linear-direct-edge-detection-20260825-001
F2,X1,X2,f2-linear-direct-edge-detection,74,7,0.5633451115445832,0.005,residual_samples/batch-74-replication-7.csv,null_statistics/batch-74-replication-7.npy,batch-f2-linear-direct-edge-detection,10154242252032614840,1893219516836400472,4680024064623521007,0.19683490000898018,,,batch-f2-linear-direct-edge-detection-20260825-001
F2,X1,X2,f2-linear-direct-edge-detection,74,8,0.5438056616552863,0.005,residual_samples/batch-74-replication-8.csv,null_statistics/batch-74-replication-8.npy,batch-f2-linear-direct-edge-detection,9702546347435773141,17901907698207860792,5227710013390015532,0.19725870003458112,,,batch-f2-linear-direct-edge-detection-20260825-001
F2,X1,X2,f2-linear-direct-edge-detection,74,9,0.571984375357557,0.005,residual_samples/batch-74-replication-9.csv,null_statistics/batch-74-replication-9.npy,batch-f2-linear-direct-edge-detection,6124720719581028033,12824251916787979070,6720813552261341396,0.19716579996747896,,,batch-f2-linear-direct-edge-detection-20260825-001
F2,X1,X2,f2-linear-direct-edge-detection,75,0,0.533748495287614,0.005,residual_samples/batch-75-replication-0.csv,null_statistics/batch-75-replication-0.npy,batch-f2-linear-direct-edge-detection,735369355132149259,16106812626900778505,11370141728417799635,0.19654389994684607,,,batch-f2-linear-direct-edge-detection-20260825-001
F2,X1,X2,f2-linear-direct-edge-detection,75,1,0.5268874475562328,0.005,residual_samples/batch-75-replication-1.csv,null_statistics/batch-75-replication-1.npy,batch-f2-linear-direct-edge-detection,1169318273828885435,10858450746095084445,7222036219966826258,0.20083569997223094,,,batch-f2-linear-direct-edge-detection-20260825-001
F2,X1,X2,f2-linear-direct-edge-detection,75,2,0.4921086283069985,0.005,residual_samples/batch-75-replication-2.csv,null_statistics/batch-75-replication-2.npy,batch-f2-linear-direct-edge-detection,12501063130464072781,7860192544239207780,13646426511218596691,0.19663749996107072,,,batch-f2-linear-direct-edge-detection-20260825-001
F2,X1,X2,f2-linear-direct-edge-detection,75,3,0.5237444129725493,0.005,residual_samples/batch-75-replication-3.csv,null_statistics/batch-75-replication-3.npy,batch-f2-linear-direct-edge-detection,16727791669871900682,13897633891794077448,6040406930388300239,0.1964727000449784,,,batch-f2-linear-direct-edge-detection-20260825-001
F2,X1,X2,f2-linear-direct-edge-detection,75,4,0.4756655491570459,0.005,residual_samples/batch-75-replication-4.csv,null_statistics/batch-75-replication-4.npy,batch-f2-linear-direct-edge-detection,2787814850958069141,15412751852653043498,16598913879862517679,0.19541210000170395,,,batch-f2-linear-direct-edge-detection-20260825-001
F2,X1,X2,f2-linear-direct-edge-detection,75,5,0.5682543465560087,0.005,residual_samples/batch-75-replication-5.csv,null_statistics/batch-75-replication-5.npy,batch-f2-linear-direct-edge-detection,17034839057986931719,10608036900529316289,1364198982531892486,0.1955579999485053,,,batch-f2-linear-direct-edge-detection-20260825-001
F2,X1,X2,f2-linear-direct-edge-detection,75,6,0.5139504586809058,0.005,residual_samples/batch-75-replication-6.csv,null_statistics/batch-75-replication-6.npy,batch-f2-linear-direct-edge-detection,16286655815003077269,12582460553050770804,8668540343059908108,0.19824190001236275,,,batch-f2-linear-direct-edge-detection-20260825-001
F2,X1,X2,f2-linear-direct-edge-detection,75,7,0.5041777576721905,0.005,residual_samples/batch-75-replication-7.csv,null_statistics/batch-75-replication-7.npy,batch-f2-linear-direct-edge-detection,9767053303534179985,12834539574730660093,6341648455885185296,0.19555750000290573,,,batch-f2-linear-direct-edge-detection-20260825-001
F2,X1,X2,f2-linear-direct-edge-detection,75,8,0.5374735010187174,0.005,residual_samples/batch-75-replication-8.csv,null_statistics/batch-75-replication-8.npy,batch-f2-linear-direct-edge-detection,13139067782743656713,7893132340848831170,14542094114747706573,0.1971862000063993,,,batch-f2-linear-direct-edge-detection-20260825-001
F2,X1,X2,f2-linear-direct-edge-detection,75,9,0.5184413726760877,0.005,residual_samples/batch-75-replication-9.csv,null_statistics/batch-75-replication-9.npy,batch-f2-linear-direct-edge-detection,18090508861820906663,16637880886063958546,17110467791076298908,0.20132200000807643,,,batch-f2-linear-direct-edge-detection-20260825-001
F2,X1,X2,f2-linear-direct-edge-detection,76,0,0.5288587963215468,0.005,residual_samples/batch-76-replication-0.csv,null_statistics/batch-76-replication-0.npy,batch-f2-linear-direct-edge-detection,18146012917352236235,10256021849215637434,16125083861811581671,0.20009610004490241,,,batch-f2-linear-direct-edge-detection-20260825-001
F2,X1,X2,f2-linear-direct-edge-detection,76,1,0.5338862660709122,0.005,residual_samples/batch-76-replication-1.csv,null_statistics/batch-76-replication-1.npy,batch-f2-linear-direct-edge-detection,2103407758984315430,6385632100378244990,5856583757657331019,0.19885759998578578,,,batch-f2-linear-direct-edge-detection-20260825-001
F2,X1,X2,f2-linear-direct-edge-detection,76,2,0.5499606556130542,0.005,residual_samples/batch-76-replication-2.csv,null_statistics/batch-76-replication-2.npy,batch-f2-linear-direct-edge-detection,6053206686034559564,4159535605375414816,18445992930091703407,0.19623920001322404,,,batch-f2-linear-direct-edge-detection-20260825-001
F2,X1,X2,f2-linear-direct-edge-detection,76,3,0.547595094119582,0.005,residual_samples/batch-76-replication-3.csv,null_statistics/batch-76-replication-3.npy,batch-f2-linear-direct-edge-detection,3968089372212945335,15770885423363538429,14934827381790325455,0.1971381999901496,,,batch-f2-linear-direct-edge-detection-20260825-001
F2,X1,X2,f2-linear-direct-edge-detection,76,4,0.5325501325049179,0.005,residual_samples/batch-76-replication-4.csv,null_statistics/batch-76-replication-4.npy,batch-f2-linear-direct-edge-detection,15059937051811417548,8039361828995439077,11919595484997433631,0.1980244999867864,,,batch-f2-linear-direct-edge-detection-20260825-001
F2,X1,X2,f2-linear-direct-edge-detection,76,5,0.5345341259661376,0.005,residual_samples/batch-76-replication-5.csv,null_statistics/batch-76-replication-5.npy,batch-f2-linear-direct-edge-detection,6708124520798120466,12379272867806804139,9956693133747165617,0.19490800000494346,,,batch-f2-linear-direct-edge-detection-20260825-001
F2,X1,X2,f2-linear-direct-edge-detection,76,6,0.537464488365996,0.005,residual_samples/batch-76-replication-6.csv,null_statistics/batch-76-replication-6.npy,batch-f2-linear-direct-edge-detection,7968328304067834608,1160857481356672956,1456053711588795739,0.19636640005046502,,,batch-f2-linear-direct-edge-detection-20260825-001
F2,X1,X2,f2-linear-direct-edge-detection,76,7,0.5343236056359978,0.005,residual_samples/batch-76-replication-7.csv,null_statistics/batch-76-replication-7.npy,batch-f2-linear-direct-edge-detection,7355302730642104206,10593158760217911388,7844953213073921398,0.1936718999641016,,,batch-f2-linear-direct-edge-detection-20260825-001
F2,X1,X2,f2-linear-direct-edge-detection,76,8,0.528151630514328,0.005,residual_samples/batch-76-replication-8.csv,null_statistics/batch-76-replication-8.npy,batch-f2-linear-direct-edge-detection,7163436872747899404,4977455970264087379,10479882982266475680,0.19467599998461083,,,batch-f2-linear-direct-edge-detection-20260825-001
F2,X1,X2,f2-linear-direct-edge-detection,76,9,0.5198724072941009,0.005,residual_samples/batch-76-replication-9.csv,null_statistics/batch-76-replication-9.npy,batch-f2-linear-direct-edge-detection,2875610193857529747,16764573342941177502,2926715358287274424,0.19601849996251985,,,batch-f2-linear-direct-edge-detection-20260825-001
F2,X1,X2,f2-linear-direct-edge-detection,77,0,0.5397175252332307,0.005,residual_samples/batch-77-replication-0.csv,null_statistics/batch-77-replication-0.npy,batch-f2-linear-direct-edge-detection,15479034037558164712,15741985538261036076,12588427889812542007,0.19582500000251457,,,batch-f2-linear-direct-edge-detection-20260825-001
F2,X1,X2,f2-linear-direct-edge-detection,77,1,0.541014100731054,0.005,residual_samples/batch-77-replication-1.csv,null_statistics/batch-77-replication-1.npy,batch-f2-linear-direct-edge-detection,16248456449446526232,5227751200295783678,9896214434621961679,0.1973483000183478,,,batch-f2-linear-direct-edge-detection-20260825-001
F2,X1,X2,f2-linear-direct-edge-detection,77,2,0.5268821739620158,0.005,residual_samples/batch-77-replication-2.csv,null_statistics/batch-77-replication-2.npy,batch-f2-linear-direct-edge-detection,17270597737709186150,10592835154390781167,17698788337200224094,0.1987173999659717,,,batch-f2-linear-direct-edge-detection-20260825-001
F2,X1,X2,f2-linear-direct-edge-detection,77,3,0.5117977976282007,0.005,residual_samples/batch-77-replication-3.csv,null_statistics/batch-77-replication-3.npy,batch-f2-linear-direct-edge-detection,8656497825853690394,12694515758571780747,3107515532209344484,0.19728180003585294,,,batch-f2-linear-direct-edge-detection-20260825-001
F2,X1,X2,f2-linear-direct-edge-detection,77,4,0.5219692544657527,0.005,residual_samples/batch-77-replication-4.csv,null_statistics/batch-77-replication-4.npy,batch-f2-linear-direct-edge-detection,14087740072127354373,2221932346006570155,4457895756704111326,0.19630579999648035,,,batch-f2-linear-direct-edge-detection-20260825-001
F2,X1,X2,f2-linear-direct-edge-detection,77,5,0.5123682109291512,0.005,residual_samples/batch-77-replication-5.csv,null_statistics/batch-77-replication-5.npy,batch-f2-linear-direct-edge-detection,7895835593621434432,8959744619846222253,10272286178910754398,0.1957784999976866,,,batch-f2-linear-direct-edge-detection-20260825-001
F2,X1,X2,f2-linear-direct-edge-detection,77,6,0.5204784059686679,0.005,residual_samples/batch-77-replication-6.csv,null_statistics/batch-77-replication-6.npy,batch-f2-linear-direct-edge-detection,4447569281968109168,10209858276326597911,11724724990749385135,0.1961728999740444,,,batch-f2-linear-direct-edge-detection-20260825-001
F2,X1,X2,f2-linear-direct-edge-detection,77,7,0.5388013586000642,0.005,residual_samples/batch-77-replication-7.csv,null_statistics/batch-77-replication-7.npy,batch-f2-linear-direct-edge-detection,1647590887625920592,9207390803551953178,12314489207476048386,0.19520710001233965,,,batch-f2-linear-direct-edge-detection-20260825-001
F2,X1,X2,f2-linear-direct-edge-detection,77,8,0.5327383656502308,0.005,residual_samples/batch-77-replication-8.csv,null_statistics/batch-77-replication-8.npy,batch-f2-linear-direct-edge-detection,1230586152445849922,16698034065492028150,3011298634848186634,0.19422890001442283,,,batch-f2-linear-direct-edge-detection-20260825-001
F2,X1,X2,f2-linear-direct-edge-detection,77,9,0.5401619528000409,0.005,residual_samples/batch-77-replication-9.csv,null_statistics/batch-77-replication-9.npy,batch-f2-linear-direct-edge-detection,13854438733719654782,11827905216571010723,15322130181098209613,0.19626569998217747,,,batch-f2-linear-direct-edge-detection-20260825-001
F2,X1,X2,f2-linear-direct-edge-detection,78,0,0.5276876296539889,0.005,residual_samples/batch-78-replication-0.csv,null_statistics/batch-78-replication-0.npy,batch-f2-linear-direct-edge-detection,9667970446774963273,1124816319367832648,7920130582148724290,0.19839080004021525,,,batch-f2-linear-direct-edge-detection-20260825-001
F2,X1,X2,f2-linear-direct-edge-detection,78,1,0.503834328887372,0.005,residual_samples/batch-78-replication-1.csv,null_statistics/batch-78-replication-1.npy,batch-f2-linear-direct-edge-detection,12144011746792842733,9411429564286940900,12236192005950188999,0.1955770999775268,,,batch-f2-linear-direct-edge-detection-20260825-001
F2,X1,X2,f2-linear-direct-edge-detection,78,2,0.5028897571748442,0.005,residual_samples/batch-78-replication-2.csv,null_statistics/batch-78-replication-2.npy,batch-f2-linear-direct-edge-detection,8176172875091225622,15360154866255237947,10158279193685796594,0.19538779999129474,,,batch-f2-linear-direct-edge-detection-20260825-001
F2,X1,X2,f2-linear-direct-edge-detection,78,3,0.4865518485402419,0.005,residual_samples/batch-78-replication-3.csv,null_statistics/batch-78-replication-3.npy,batch-f2-linear-direct-edge-detection,9668743927855776473,16720566812580125596,13256387017939311892,0.19424679997609928,,,batch-f2-linear-direct-edge-detection-20260825-001
F2,X1,X2,f2-linear-direct-edge-detection,78,4,0.5049507161678155,0.005,residual_samples/batch-78-replication-4.csv,null_statistics/batch-78-replication-4.npy,batch-f2-linear-direct-edge-detection,6065682228709831950,2617458128094284278,7350535358345946193,0.19507419998990372,,,batch-f2-linear-direct-edge-detection-20260825-001
F2,X1,X2,f2-linear-direct-edge-detection,78,5,0.513253984263682,0.005,residual_samples/batch-78-replication-5.csv,null_statistics/batch-78-replication-5.npy,batch-f2-linear-direct-edge-detection,17437454591034908861,1615692426537876440,624729213482803624,0.1977012999705039,,,batch-f2-linear-direct-edge-detection-20260825-001
F2,X1,X2,f2-linear-direct-edge-detection,78,6,0.5064884177693821,0.005,residual_samples/batch-78-replication-6.csv,null_statistics/batch-78-replication-6.npy,batch-f2-linear-direct-edge-detection,12610249336203622554,2921816819522065994,6639258316858639182,0.19665389996953309,,,batch-f2-linear-direct-edge-detection-20260825-001
F2,X1,X2,f2-linear-direct-edge-detection,78,7,0.5250457198008149,0.005,residual_samples/batch-78-replication-7.csv,null_statistics/batch-78-replication-7.npy,batch-f2-linear-direct-edge-detection,3969279417903552044,7613126469857383774,15033229981180265127,0.1924165000091307,,,batch-f2-linear-direct-edge-detection-20260825-001
F2,X1,X2,f2-linear-direct-edge-detection,78,8,0.5151793824087922,0.005,residual_samples/batch-78-replication-8.csv,null_statistics/batch-78-replication-8.npy,batch-f2-linear-direct-edge-detection,511867146338381028,923656587111884984,18121919333719346715,0.1951693000155501,,,batch-f2-linear-direct-edge-detection-20260825-001
F2,X1,X2,f2-linear-direct-edge-detection,78,9,0.5385443909530985,0.005,residual_samples/batch-78-replication-9.csv,null_statistics/batch-78-replication-9.npy,batch-f2-linear-direct-edge-detection,4829153885239779784,17209173092776994230,14517259740836766373,0.1945436000241898,,,batch-f2-linear-direct-edge-detection-20260825-001
F2,X1,X2,f2-linear-direct-edge-detection,79,0,0.48031248901389306,0.005,residual_samples/batch-79-replication-0.csv,null_statistics/batch-79-replication-0.npy,batch-f2-linear-direct-edge-detection,12747284406791836189,7238124920551834628,2715491409943358833,0.19484429998556152,,,batch-f2-linear-direct-edge-detection-20260825-001
F2,X1,X2,f2-linear-direct-edge-detection,79,1,0.5195214872937727,0.005,residual_samples/batch-79-replication-1.csv,null_statistics/batch-79-replication-1.npy,batch-f2-linear-direct-edge-detection,9283888192126767055,9155931071542234395,5140882775593708329,0.19158570002764463,,,batch-f2-linear-direct-edge-detection-20260825-001
F2,X1,X2,f2-linear-direct-edge-detection,79,2,0.5357213341451992,0.005,residual_samples/batch-79-replication-2.csv,null_statistics/batch-79-replication-2.npy,batch-f2-linear-direct-edge-detection,14857781802292753160,14444881045370270183,10257564218433368554,0.19349800003692508,,,batch-f2-linear-direct-edge-detection-20260825-001
F2,X1,X2,f2-linear-direct-edge-detection,79,3,0.5622318679641377,0.005,residual_samples/batch-79-replication-3.csv,null_statistics/batch-79-replication-3.npy,batch-f2-linear-direct-edge-detection,10837935056133164906,5395300231853779580,1853315961055405365,0.19398849998833612,,,batch-f2-linear-direct-edge-detection-20260825-001
F2,X1,X2,f2-linear-direct-edge-detection,79,4,0.5078184203470277,0.005,residual_samples/batch-79-replication-4.csv,null_statistics/batch-79-replication-4.npy,batch-f2-linear-direct-edge-detection,8140208633171882998,1378496049417322655,5426334039603264035,0.20393479999620467,,,batch-f2-linear-direct-edge-detection-20260825-001
F2,X1,X2,f2-linear-direct-edge-detection,79,5,0.5198467704010344,0.005,residual_samples/batch-79-replication-5.csv,null_statistics/batch-79-replication-5.npy,batch-f2-linear-direct-edge-detection,16931829381508447263,10292533528906938069,15832325638813627533,0.19208980002440512,,,batch-f2-linear-direct-edge-detection-20260825-001
F2,X1,X2,f2-linear-direct-edge-detection,79,6,0.5086492047289809,0.005,residual_samples/batch-79-replication-6.csv,null_statistics/batch-79-replication-6.npy,batch-f2-linear-direct-edge-detection,13917760056947972390,4630139567081672521,5828824694023413859,0.19338000001152977,,,batch-f2-linear-direct-edge-detection-20260825-001
F2,X1,X2,f2-linear-direct-edge-detection,79,7,0.47822455095062233,0.005,residual_samples/batch-79-replication-7.csv,null_statistics/batch-79-replication-7.npy,batch-f2-linear-direct-edge-detection,16695979561932605132,15030777800473995809,13763950666160768016,0.19447290000971407,,,batch-f2-linear-direct-edge-detection-20260825-001
F2,X1,X2,f2-linear-direct-edge-detection,79,8,0.5165655374509234,0.005,residual_samples/batch-79-replication-8.csv,null_statistics/batch-79-replication-8.npy,batch-f2-linear-direct-edge-detection,8082428818525370338,8376019105169143757,968822303917790594,0.19442850002087653,,,batch-f2-linear-direct-edge-detection-20260825-001
F2,X1,X2,f2-linear-direct-edge-detection,79,9,0.5521545114596288,0.005,residual_samples/batch-79-replication-9.csv,null_statistics/batch-79-replication-9.npy,batch-f2-linear-direct-edge-detection,11559316361860347389,5064840901025855633,6903281081279690349,0.2025978000019677,,,batch-f2-linear-direct-edge-detection-20260825-001
F2,X1,X2,f2-linear-direct-edge-detection,80,0,0.5212199398211899,0.005,residual_samples/batch-80-replication-0.csv,null_statistics/batch-80-replication-0.npy,batch-f2-linear-direct-edge-detection,13703220658177182357,1514122573467904520,2627041909912098752,0.19923450000351295,,,batch-f2-linear-direct-edge-detection-20260825-001
F2,X1,X2,f2-linear-direct-edge-detection,80,1,0.4911321467015116,0.005,residual_samples/batch-80-replication-1.csv,null_statistics/batch-80-replication-1.npy,batch-f2-linear-direct-edge-detection,14309336960130474191,17742006118574721135,2542513020255868679,0.19320090004475787,,,batch-f2-linear-direct-edge-detection-20260825-001
F2,X1,X2,f2-linear-direct-edge-detection,80,2,0.5141557417629959,0.005,residual_samples/batch-80-replication-2.csv,null_statistics/batch-80-replication-2.npy,batch-f2-linear-direct-edge-detection,1736820815433943937,5009066654122063524,11206637553449096012,0.19326849997742102,,,batch-f2-linear-direct-edge-detection-20260825-001
F2,X1,X2,f2-linear-direct-edge-detection,80,3,0.5085746469574844,0.005,residual_samples/batch-80-replication-3.csv,null_statistics/batch-80-replication-3.npy,batch-f2-linear-direct-edge-detection,18207892165502859924,13409622001224092408,17519224389622729402,0.192841199983377,,,batch-f2-linear-direct-edge-detection-20260825-001
F2,X1,X2,f2-linear-direct-edge-detection,80,4,0.5045719587122061,0.005,residual_samples/batch-80-replication-4.csv,null_statistics/batch-80-replication-4.npy,batch-f2-linear-direct-edge-detection,9653361547450169997,18190106487812228007,5423545252661213755,0.19590260001132265,,,batch-f2-linear-direct-edge-detection-20260825-001
F2,X1,X2,f2-linear-direct-edge-detection,80,5,0.5309932744247757,0.005,residual_samples/batch-80-replication-5.csv,null_statistics/batch-80-replication-5.npy,batch-f2-linear-direct-edge-detection,641343322499026959,14207413160230455134,1169769561394178659,0.19686200004070997,,,batch-f2-linear-direct-edge-detection-20260825-001
F2,X1,X2,f2-linear-direct-edge-detection,80,6,0.4929320406681756,0.005,residual_samples/batch-80-replication-6.csv,null_statistics/batch-80-replication-6.npy,batch-f2-linear-direct-edge-detection,6823836708600737215,11959123763464374811,4850377050129228881,0.19546250003622845,,,batch-f2-linear-direct-edge-detection-20260825-001
F2,X1,X2,f2-linear-direct-edge-detection,80,7,0.5461324315437348,0.005,residual_samples/batch-80-replication-7.csv,null_statistics/batch-80-replication-7.npy,batch-f2-linear-direct-edge-detection,11836240859058159654,15631590377899560393,6390428143193850066,0.19447430002037436,,,batch-f2-linear-direct-edge-detection-20260825-001
F2,X1,X2,f2-linear-direct-edge-detection,80,8,0.5227827807405608,0.005,residual_samples/batch-80-replication-8.csv,null_statistics/batch-80-replication-8.npy,batch-f2-linear-direct-edge-detection,9974895792975753132,17404432413185097401,11066055564214231129,0.19562860002042726,,,batch-f2-linear-direct-edge-detection-20260825-001
F2,X1,X2,f2-linear-direct-edge-detection,80,9,0.5156379579983246,0.005,residual_samples/batch-80-replication-9.csv,null_statistics/batch-80-replication-9.npy,batch-f2-linear-direct-edge-detection,12288033601631106067,14251177730804601009,10693209854632259121,0.19142999994801357,,,batch-f2-linear-direct-edge-detection-20260825-001
F2,X1,X2,f2-linear-direct-edge-detection,81,0,0.5349278476245086,0.005,residual_samples/batch-81-replication-0.csv,null_statistics/batch-81-replication-0.npy,batch-f2-linear-direct-edge-detection,2858486191368837361,5067813684638069392,12330512085310672998,0.19485150004038587,,,batch-f2-linear-direct-edge-detection-20260825-001
F2,X1,X2,f2-linear-direct-edge-detection,81,1,0.5004539693441323,0.005,residual_samples/batch-81-replication-1.csv,null_statistics/batch-81-replication-1.npy,batch-f2-linear-direct-edge-detection,734217135356605922,14219797888812529745,16741492842239355601,0.19509469997137785,,,batch-f2-linear-direct-edge-detection-20260825-001
F2,X1,X2,f2-linear-direct-edge-detection,81,2,0.5432987765642031,0.005,residual_samples/batch-81-replication-2.csv,null_statistics/batch-81-replication-2.npy,batch-f2-linear-direct-edge-detection,4059977577475195333,18321939627605856641,10269495610980085855,0.19723719998728484,,,batch-f2-linear-direct-edge-detection-20260825-001
F2,X1,X2,f2-linear-direct-edge-detection,81,3,0.5055525333129711,0.005,residual_samples/batch-81-replication-3.csv,null_statistics/batch-81-replication-3.npy,batch-f2-linear-direct-edge-detection,9367445790342842064,15218424309260517402,4454221841130317608,0.1965850000269711,,,batch-f2-linear-direct-edge-detection-20260825-001
F2,X1,X2,f2-linear-direct-edge-detection,81,4,0.553475568867372,0.005,residual_samples/batch-81-replication-4.csv,null_statistics/batch-81-replication-4.npy,batch-f2-linear-direct-edge-detection,16370364306119282711,1465737902723511956,943661356884146305,0.19868550001410767,,,batch-f2-linear-direct-edge-detection-20260825-001
F2,X1,X2,f2-linear-direct-edge-detection,81,5,0.4971884378395506,0.005,residual_samples/batch-81-replication-5.csv,null_statistics/batch-81-replication-5.npy,batch-f2-linear-direct-edge-detection,5426396127857545942,7236648960422703872,8465762748174090376,0.19957279996015131,,,batch-f2-linear-direct-edge-detection-20260825-001
F2,X1,X2,f2-linear-direct-edge-detection,81,6,0.5248040263850468,0.005,residual_samples/batch-81-replication-6.csv,null_statistics/batch-81-replication-6.npy,batch-f2-linear-direct-edge-detection,18207230196742797961,17646552801187395919,11603035403994100295,0.19491679995553568,,,batch-f2-linear-direct-edge-detection-20260825-001
F2,X1,X2,f2-linear-direct-edge-detection,81,7,0.5151355659298634,0.005,residual_samples/batch-81-replication-7.csv,null_statistics/batch-81-replication-7.npy,batch-f2-linear-direct-edge-detection,13887607307343109614,9759893364763181056,17904004701222163168,0.19823360000737011,,,batch-f2-linear-direct-edge-detection-20260825-001
F2,X1,X2,f2-linear-direct-edge-detection,81,8,0.51095424168015,0.005,residual_samples/batch-81-replication-8.csv,null_statistics/batch-81-replication-8.npy,batch-f2-linear-direct-edge-detection,3855068817602198263,12396346617744782073,9476285751559190823,0.1934531000442803,,,batch-f2-linear-direct-edge-detection-20260825-001
F2,X1,X2,f2-linear-direct-edge-detection,81,9,0.49896392706514187,0.005,residual_samples/batch-81-replication-9.csv,null_statistics/batch-81-replication-9.npy,batch-f2-linear-direct-edge-detection,13657813441855951887,15275159157125872136,2742915146394810252,0.1910354999708943,,,batch-f2-linear-direct-edge-detection-20260825-001
F2,X1,X2,f2-linear-direct-edge-detection,82,0,0.5230396126759392,0.005,residual_samples/batch-82-replication-0.csv,null_statistics/batch-82-replication-0.npy,batch-f2-linear-direct-edge-detection,3819648571574326018,6859819341502536231,16570283262629462788,0.19429949996992946,,,batch-f2-linear-direct-edge-detection-20260825-001
F2,X1,X2,f2-linear-direct-edge-detection,82,1,0.5323412875026474,0.005,residual_samples/batch-82-replication-1.csv,null_statistics/batch-82-replication-1.npy,batch-f2-linear-direct-edge-detection,4161618170046172623,2849143748590919089,13989047821637112116,0.1995691999909468,,,batch-f2-linear-direct-edge-detection-20260825-001
F2,X1,X2,f2-linear-direct-edge-detection,82,2,0.5382355616021934,0.005,residual_samples/batch-82-replication-2.csv,null_statistics/batch-82-replication-2.npy,batch-f2-linear-direct-edge-detection,16769486617574920379,13138879004093995372,128985965900655028,0.1993073999765329,,,batch-f2-linear-direct-edge-detection-20260825-001
F2,X1,X2,f2-linear-direct-edge-detection,82,3,0.5497216369908797,0.005,residual_samples/batch-82-replication-3.csv,null_statistics/batch-82-replication-3.npy,batch-f2-linear-direct-edge-detection,13304721561609359445,6720648897622471085,12928550568931773566,0.19253669999307021,,,batch-f2-linear-direct-edge-detection-20260825-001
F2,X1,X2,f2-linear-direct-edge-detection,82,4,0.54304922282724,0.005,residual_samples/batch-82-replication-4.csv,null_statistics/batch-82-replication-4.npy,batch-f2-linear-direct-edge-detection,12558680878117137954,5522810912983349893,12756017983856878333,0.19331210001837462,,,batch-f2-linear-direct-edge-detection-20260825-001
F2,X1,X2,f2-linear-direct-edge-detection,82,5,0.5344363761910667,0.005,residual_samples/batch-82-replication-5.csv,null_statistics/batch-82-replication-5.npy,batch-f2-linear-direct-edge-detection,4381157784927200975,2841666257881581486,7102157944191847336,0.19702189997769892,,,batch-f2-linear-direct-edge-detection-20260825-001
F2,X1,X2,f2-linear-direct-edge-detection,82,6,0.5428190016869364,0.005,residual_samples/batch-82-replication-6.csv,null_statistics/batch-82-replication-6.npy,batch-f2-linear-direct-edge-detection,11191320942352338579,10430630545723801582,12795488125019954433,0.2017366000218317,,,batch-f2-linear-direct-edge-detection-20260825-001
F2,X1,X2,f2-linear-direct-edge-detection,82,7,0.5427160459095921,0.005,residual_samples/batch-82-replication-7.csv,null_statistics/batch-82-replication-7.npy,batch-f2-linear-direct-edge-detection,3411831959277453090,13969033568439220973,4236927290519998776,0.19830629997886717,,,batch-f2-linear-direct-edge-detection-20260825-001
F2,X1,X2,f2-linear-direct-edge-detection,82,8,0.5142214401970259,0.005,residual_samples/batch-82-replication-8.csv,null_statistics/batch-82-replication-8.npy,batch-f2-linear-direct-edge-detection,8365686797931394614,9243855627368433126,4245960039956657835,0.19067299994640052,,,batch-f2-linear-direct-edge-detection-20260825-001
F2,X1,X2,f2-linear-direct-edge-detection,82,9,0.5569280603545516,0.005,residual_samples/batch-82-replication-9.csv,null_statistics/batch-82-replication-9.npy,batch-f2-linear-direct-edge-detection,15893296772181831966,3810518822822004078,12350766040091923867,0.1925901000504382,,,batch-f2-linear-direct-edge-detection-20260825-001
F2,X1,X2,f2-linear-direct-edge-detection,83,0,0.5499705512388018,0.005,residual_samples/batch-83-replication-0.csv,null_statistics/batch-83-replication-0.npy,batch-f2-linear-direct-edge-detection,9509522772259611160,11688309374478534769,6822671631914013367,0.19352119998075068,,,batch-f2-linear-direct-edge-detection-20260825-001
F2,X1,X2,f2-linear-direct-edge-detection,83,1,0.5275794910062296,0.005,residual_samples/batch-83-replication-1.csv,null_statistics/batch-83-replication-1.npy,batch-f2-linear-direct-edge-detection,12425041885383032847,3209287964374085796,2498062429879277929,0.1969020999968052,,,batch-f2-linear-direct-edge-detection-20260825-001
F2,X1,X2,f2-linear-direct-edge-detection,83,2,0.521951167733257,0.005,residual_samples/batch-83-replication-2.csv,null_statistics/batch-83-replication-2.npy,batch-f2-linear-direct-edge-detection,5473470145380505082,6521278236573146368,6716859198723010775,0.19928170001367107,,,batch-f2-linear-direct-edge-detection-20260825-001
F2,X1,X2,f2-linear-direct-edge-detection,83,3,0.5139278005905034,0.005,residual_samples/batch-83-replication-3.csv,null_statistics/batch-83-replication-3.npy,batch-f2-linear-direct-edge-detection,4467431809006882768,5248634142189708354,3737309588831430857,0.1928114999900572,,,batch-f2-linear-direct-edge-detection-20260825-001
F2,X1,X2,f2-linear-direct-edge-detection,83,4,0.5382845060692587,0.005,residual_samples/batch-83-replication-4.csv,null_statistics/batch-83-replication-4.npy,batch-f2-linear-direct-edge-detection,8369631695782232905,6397186273630443800,15035272131505696655,0.19116619997657835,,,batch-f2-linear-direct-edge-detection-20260825-001
F2,X1,X2,f2-linear-direct-edge-detection,83,5,0.5612668484240537,0.005,residual_samples/batch-83-replication-5.csv,null_statistics/batch-83-replication-5.npy,batch-f2-linear-direct-edge-detection,17191460745548522246,13740072634905900510,14788270614417344044,0.1952187999850139,,,batch-f2-linear-direct-edge-detection-20260825-001
F2,X1,X2,f2-linear-direct-edge-detection,83,6,0.5129302040742285,0.005,residual_samples/batch-83-replication-6.csv,null_statistics/batch-83-replication-6.npy,batch-f2-linear-direct-edge-detection,10136355353070818337,13389625852996753168,3404327049489266603,0.2020741999731399,,,batch-f2-linear-direct-edge-detection-20260825-001
F2,X1,X2,f2-linear-direct-edge-detection,83,7,0.5720175807399143,0.005,residual_samples/batch-83-replication-7.csv,null_statistics/batch-83-replication-7.npy,batch-f2-linear-direct-edge-detection,13653721386034901795,2251037153862530193,16385360045372037073,0.19683359999908134,,,batch-f2-linear-direct-edge-detection-20260825-001
F2,X1,X2,f2-linear-direct-edge-detection,83,8,0.5492547420341127,0.005,residual_samples/batch-83-replication-8.csv,null_statistics/batch-83-replication-8.npy,batch-f2-linear-direct-edge-detection,17480777541468261395,16741230960484123300,635611473985459483,0.19040730001870543,,,batch-f2-linear-direct-edge-detection-20260825-001
F2,X1,X2,f2-linear-direct-edge-detection,83,9,0.5210201414199945,0.005,residual_samples/batch-83-replication-9.csv,null_statistics/batch-83-replication-9.npy,batch-f2-linear-direct-edge-detection,6543503363828109894,17816958184437464207,2129548063278953624,0.1923883999697864,,,batch-f2-linear-direct-edge-detection-20260825-001
F2,X1,X2,f2-linear-direct-edge-detection,84,0,0.5406428235968962,0.005,residual_samples/batch-84-replication-0.csv,null_statistics/batch-84-replication-0.npy,batch-f2-linear-direct-edge-detection,14786387008717542245,4258589098379960029,14898768063473169469,0.1969455999787897,,,batch-f2-linear-direct-edge-detection-20260825-001
F2,X1,X2,f2-linear-direct-edge-detection,84,1,0.6072279659018625,0.005,residual_samples/batch-84-replication-1.csv,null_statistics/batch-84-replication-1.npy,batch-f2-linear-direct-edge-detection,11323425183098651442,15336656693935731616,12307235504407102122,0.20636770001146942,,,batch-f2-linear-direct-edge-detection-20260825-001
F2,X1,X2,f2-linear-direct-edge-detection,84,2,0.5214874624436441,0.005,residual_samples/batch-84-replication-2.csv,null_statistics/batch-84-replication-2.npy,batch-f2-linear-direct-edge-detection,17441274921674100705,5803759974985211925,4961092717885561116,0.20874370000092313,,,batch-f2-linear-direct-edge-detection-20260825-001
F2,X1,X2,f2-linear-direct-edge-detection,84,3,0.5156661497797244,0.005,residual_samples/batch-84-replication-3.csv,null_statistics/batch-84-replication-3.npy,batch-f2-linear-direct-edge-detection,4832601188168894929,3313431939580742419,12997454889436695070,0.19982779998099431,,,batch-f2-linear-direct-edge-detection-20260825-001
F2,X1,X2,f2-linear-direct-edge-detection,84,4,0.5443586368603001,0.005,residual_samples/batch-84-replication-4.csv,null_statistics/batch-84-replication-4.npy,batch-f2-linear-direct-edge-detection,3385993379136684361,9924323265866095966,8610213834502427298,0.19394989998545498,,,batch-f2-linear-direct-edge-detection-20260825-001
F2,X1,X2,f2-linear-direct-edge-detection,84,5,0.5426873839701613,0.005,residual_samples/batch-84-replication-5.csv,null_statistics/batch-84-replication-5.npy,batch-f2-linear-direct-edge-detection,6803241455003681102,6264567849787909052,12584362882967355813,0.2022929000086151,,,batch-f2-linear-direct-edge-detection-20260825-001
F2,X1,X2,f2-linear-direct-edge-detection,84,6,0.5158110358468321,0.005,residual_samples/batch-84-replication-6.csv,null_statistics/batch-84-replication-6.npy,batch-f2-linear-direct-edge-detection,2975049689858832560,1323641321307944105,14694620071247577487,0.1967577000032179,,,batch-f2-linear-direct-edge-detection-20260825-001
F2,X1,X2,f2-linear-direct-edge-detection,84,7,0.5142880610845169,0.005,residual_samples/batch-84-replication-7.csv,null_statistics/batch-84-replication-7.npy,batch-f2-linear-direct-edge-detection,16488994199842926993,3882016659701864414,12417270050366645551,0.20537430001422763,,,batch-f2-linear-direct-edge-detection-20260825-001
F2,X1,X2,f2-linear-direct-edge-detection,84,8,0.4958148183498409,0.005,residual_samples/batch-84-replication-8.csv,null_statistics/batch-84-replication-8.npy,batch-f2-linear-direct-edge-detection,4549098213503167187,408213725144917606,7398975809965354572,0.20639599999412894,,,batch-f2-linear-direct-edge-detection-20260825-001
F2,X1,X2,f2-linear-direct-edge-detection,84,9,0.5220520128720221,0.005,residual_samples/batch-84-replication-9.csv,null_statistics/batch-84-replication-9.npy,batch-f2-linear-direct-edge-detection,6154229930059436124,1343165239210354944,2454997771214954509,0.20153459999710321,,,batch-f2-linear-direct-edge-detection-20260825-001
F2,X1,X2,f2-linear-direct-edge-detection,85,0,0.5110831290716666,0.005,residual_samples/batch-85-replication-0.csv,null_statistics/batch-85-replication-0.npy,batch-f2-linear-direct-edge-detection,16295255853630374811,16591146331958506767,7361904419374208730,0.20331050001550466,,,batch-f2-linear-direct-edge-detection-20260825-001
F2,X1,X2,f2-linear-direct-edge-detection,85,1,0.5214953288842086,0.005,residual_samples/batch-85-replication-1.csv,null_statistics/batch-85-replication-1.npy,batch-f2-linear-direct-edge-detection,18249731052296671234,1460672454454401752,18295472805568144089,0.1949938999605365,,,batch-f2-linear-direct-edge-detection-20260825-001
F2,X1,X2,f2-linear-direct-edge-detection,85,2,0.5346115192941603,0.005,residual_samples/batch-85-replication-2.csv,null_statistics/batch-85-replication-2.npy,batch-f2-linear-direct-edge-detection,3039812086046244039,9402904643780989921,3787846564529670037,0.1964235999621451,,,batch-f2-linear-direct-edge-detection-20260825-001
F2,X1,X2,f2-linear-direct-edge-detection,85,3,0.5447302691327393,0.005,residual_samples/batch-85-replication-3.csv,null_statistics/batch-85-replication-3.npy,batch-f2-linear-direct-edge-detection,7294336791742182881,9936899704627380006,16506762795668640766,0.20130199997220188,,,batch-f2-linear-direct-edge-detection-20260825-001
F2,X1,X2,f2-linear-direct-edge-detection,85,4,0.4751558549568307,0.005,residual_samples/batch-85-replication-4.csv,null_statistics/batch-85-replication-4.npy,batch-f2-linear-direct-edge-detection,3536801696301734858,9137591658954640852,16547206721777789094,0.1977028000401333,,,batch-f2-linear-direct-edge-detection-20260825-001
F2,X1,X2,f2-linear-direct-edge-detection,85,5,0.5259401910332439,0.005,residual_samples/batch-85-replication-5.csv,null_statistics/batch-85-replication-5.npy,batch-f2-linear-direct-edge-detection,10041526126748994766,4564502741847849055,11775009625191955235,0.1990413999883458,,,batch-f2-linear-direct-edge-detection-20260825-001
F2,X1,X2,f2-linear-direct-edge-detection,85,6,0.489072702706337,0.005,residual_samples/batch-85-replication-6.csv,null_statistics/batch-85-replication-6.npy,batch-f2-linear-direct-edge-detection,18073006407226434730,15720135665437061153,12744231840256760339,0.20023909996962175,,,batch-f2-linear-direct-edge-detection-20260825-001
F2,X1,X2,f2-linear-direct-edge-detection,85,7,0.5214437464974789,0.005,residual_samples/batch-85-replication-7.csv,null_statistics/batch-85-replication-7.npy,batch-f2-linear-direct-edge-detection,162669006020154486,4745019756146203273,18171064580377937530,0.19813400000566617,,,batch-f2-linear-direct-edge-detection-20260825-001
F2,X1,X2,f2-linear-direct-edge-detection,85,8,0.4955228385851759,0.005,residual_samples/batch-85-replication-8.csv,null_statistics/batch-85-replication-8.npy,batch-f2-linear-direct-edge-detection,7598843236338432406,16087766443143357386,8189392546397462830,0.19769450003514066,,,batch-f2-linear-direct-edge-detection-20260825-001
F2,X1,X2,f2-linear-direct-edge-detection,85,9,0.4891885891899194,0.005,residual_samples/batch-85-replication-9.csv,null_statistics/batch-85-replication-9.npy,batch-f2-linear-direct-edge-detection,17027205578264499439,13998886042565336556,3174368268866460870,0.2007867000065744,,,batch-f2-linear-direct-edge-detection-20260825-001
F2,X1,X2,f2-linear-direct-edge-detection,86,0,0.4724081451525034,0.005,residual_samples/batch-86-replication-0.csv,null_statistics/batch-86-replication-0.npy,batch-f2-linear-direct-edge-detection,1282751480340887926,393829030455317142,15935888720625241429,0.20955999998841435,,,batch-f2-linear-direct-edge-detection-20260825-001
F2,X1,X2,f2-linear-direct-edge-detection,86,1,0.5329420347182063,0.005,residual_samples/batch-86-replication-1.csv,null_statistics/batch-86-replication-1.npy,batch-f2-linear-direct-edge-detection,15999408130311627145,10062616688775325903,1470084069183207084,0.2124321000301279,,,batch-f2-linear-direct-edge-detection-20260825-001
F2,X1,X2,f2-linear-direct-edge-detection,86,2,0.5269585821030895,0.005,residual_samples/batch-86-replication-2.csv,null_statistics/batch-86-replication-2.npy,batch-f2-linear-direct-edge-detection,8642295152608738759,17426898831155828205,13193745730634020489,0.20425650000106543,,,batch-f2-linear-direct-edge-detection-20260825-001
F2,X1,X2,f2-linear-direct-edge-detection,86,3,0.5291353128827139,0.005,residual_samples/batch-86-replication-3.csv,null_statistics/batch-86-replication-3.npy,batch-f2-linear-direct-edge-detection,10739262137209010171,10213603462887545690,11442341303624473534,0.19942949997493997,,,batch-f2-linear-direct-edge-detection-20260825-001
F2,X1,X2,f2-linear-direct-edge-detection,86,4,0.5366705339900656,0.005,residual_samples/batch-86-replication-4.csv,null_statistics/batch-86-replication-4.npy,batch-f2-linear-direct-edge-detection,17863658699111179901,2587346994678347654,12671287725344217594,0.20169359998544678,,,batch-f2-linear-direct-edge-detection-20260825-001
F2,X1,X2,f2-linear-direct-edge-detection,86,5,0.5036261372272536,0.005,residual_samples/batch-86-replication-5.csv,null_statistics/batch-86-replication-5.npy,batch-f2-linear-direct-edge-detection,16841534061088194828,181162223901810093,15515584803995634118,0.19862079998711124,,,batch-f2-linear-direct-edge-detection-20260825-001
F2,X1,X2,f2-linear-direct-edge-detection,86,6,0.5553464645408545,0.005,residual_samples/batch-86-replication-6.csv,null_statistics/batch-86-replication-6.npy,batch-f2-linear-direct-edge-detection,4376578426966127003,6486235916685608663,673066065255295473,0.1933157999883406,,,batch-f2-linear-direct-edge-detection-20260825-001
F2,X1,X2,f2-linear-direct-edge-detection,86,7,0.5444152733236856,0.005,residual_samples/batch-86-replication-7.csv,null_statistics/batch-86-replication-7.npy,batch-f2-linear-direct-edge-detection,7832495048795754416,1738082372998294858,16643226673134208676,0.19533070002216846,,,batch-f2-linear-direct-edge-detection-20260825-001
F2,X1,X2,f2-linear-direct-edge-detection,86,8,0.49224966092184624,0.005,residual_samples/batch-86-replication-8.csv,null_statistics/batch-86-replication-8.npy,batch-f2-linear-direct-edge-detection,12068939769285262571,5829848403723954493,5070405253364952055,0.19296979997307062,,,batch-f2-linear-direct-edge-detection-20260825-001
F2,X1,X2,f2-linear-direct-edge-detection,86,9,0.5140976748512815,0.005,residual_samples/batch-86-replication-9.csv,null_statistics/batch-86-replication-9.npy,batch-f2-linear-direct-edge-detection,1291095831849808755,16761024088586071051,14006287378166265,0.19249559997115284,,,batch-f2-linear-direct-edge-detection-20260825-001
F2,X1,X2,f2-linear-direct-edge-detection,87,0,0.5058547795725217,0.005,residual_samples/batch-87-replication-0.csv,null_statistics/batch-87-replication-0.npy,batch-f2-linear-direct-edge-detection,371136000018051713,6512851461868726853,2159264663026393989,0.19461190002039075,,,batch-f2-linear-direct-edge-detection-20260825-001
F2,X1,X2,f2-linear-direct-edge-detection,87,1,0.5344141053117586,0.005,residual_samples/batch-87-replication-1.csv,null_statistics/batch-87-replication-1.npy,batch-f2-linear-direct-edge-detection,9053361505252765886,12024904535479876348,13151846066953272902,0.1949330000206828,,,batch-f2-linear-direct-edge-detection-20260825-001
F2,X1,X2,f2-linear-direct-edge-detection,87,2,0.4854462496020171,0.005,residual_samples/batch-87-replication-2.csv,null_statistics/batch-87-replication-2.npy,batch-f2-linear-direct-edge-detection,6506557597121676758,1571620166872701144,14964041805223055244,0.19661740004085004,,,batch-f2-linear-direct-edge-detection-20260825-001
F2,X1,X2,f2-linear-direct-edge-detection,87,3,0.5290716444419696,0.005,residual_samples/batch-87-replication-3.csv,null_statistics/batch-87-replication-3.npy,batch-f2-linear-direct-edge-detection,1422149117955117045,15709945538695548798,2904579668306295170,0.20033630001125857,,,batch-f2-linear-direct-edge-detection-20260825-001
F2,X1,X2,f2-linear-direct-edge-detection,87,4,0.5360977734173611,0.005,residual_samples/batch-87-replication-4.csv,null_statistics/batch-87-replication-4.npy,batch-f2-linear-direct-edge-detection,10418902454280618606,15739828702893782182,9632592342029862725,0.19759389996761456,,,batch-f2-linear-direct-edge-detection-20260825-001
F2,X1,X2,f2-linear-direct-edge-detection,87,5,0.5410879546195652,0.005,residual_samples/batch-87-replication-5.csv,null_statistics/batch-87-replication-5.npy,batch-f2-linear-direct-edge-detection,16040948537577314063,15647110084557168189,10178146373331264365,0.19515419995877892,,,batch-f2-linear-direct-edge-detection-20260825-001
F2,X1,X2,f2-linear-direct-edge-detection,87,6,0.5266305467831358,0.005,residual_samples/batch-87-replication-6.csv,null_statistics/batch-87-replication-6.npy,batch-f2-linear-direct-edge-detection,8868372093466059098,17783869767280866115,16233335774603881335,0.19634389999555424,,,batch-f2-linear-direct-edge-detection-20260825-001
F2,X1,X2,f2-linear-direct-edge-detection,87,7,0.49383050828185354,0.005,residual_samples/batch-87-replication-7.csv,null_statistics/batch-87-replication-7.npy,batch-f2-linear-direct-edge-detection,13000940394029211287,4112802272537559641,11308945895505078899,0.19360180001240224,,,batch-f2-linear-direct-edge-detection-20260825-001
F2,X1,X2,f2-linear-direct-edge-detection,87,8,0.5617766410139589,0.005,residual_samples/batch-87-replication-8.csv,null_statistics/batch-87-replication-8.npy,batch-f2-linear-direct-edge-detection,2189386490482448659,6539607453739659283,4079288813148944825,0.19768380001187325,,,batch-f2-linear-direct-edge-detection-20260825-001
F2,X1,X2,f2-linear-direct-edge-detection,87,9,0.55553241909024,0.005,residual_samples/batch-87-replication-9.csv,null_statistics/batch-87-replication-9.npy,batch-f2-linear-direct-edge-detection,15834837365301115664,5604386637097028726,2292895673953449470,0.19893329998012632,,,batch-f2-linear-direct-edge-detection-20260825-001
F2,X1,X2,f2-linear-direct-edge-detection,88,0,0.5482006186026069,0.005,residual_samples/batch-88-replication-0.csv,null_statistics/batch-88-replication-0.npy,batch-f2-linear-direct-edge-detection,478553268447502537,6608079447401224208,1898309092613470343,0.19713029998820275,,,batch-f2-linear-direct-edge-detection-20260825-001
F2,X1,X2,f2-linear-direct-edge-detection,88,1,0.5431472967368384,0.005,residual_samples/batch-88-replication-1.csv,null_statistics/batch-88-replication-1.npy,batch-f2-linear-direct-edge-detection,11624551955160873787,13265946949339737879,13820677296961355555,0.191955299989786,,,batch-f2-linear-direct-edge-detection-20260825-001
F2,X1,X2,f2-linear-direct-edge-detection,88,2,0.5220184241124166,0.005,residual_samples/batch-88-replication-2.csv,null_statistics/batch-88-replication-2.npy,batch-f2-linear-direct-edge-detection,4655352920041104243,12013701485891998322,8888089637283341541,0.1920749000273645,,,batch-f2-linear-direct-edge-detection-20260825-001
F2,X1,X2,f2-linear-direct-edge-detection,88,3,0.5311128987767775,0.005,residual_samples/batch-88-replication-3.csv,null_statistics/batch-88-replication-3.npy,batch-f2-linear-direct-edge-detection,8678203582307448379,8690501419216803950,70750344192772176,0.19380800001090392,,,batch-f2-linear-direct-edge-detection-20260825-001
F2,X1,X2,f2-linear-direct-edge-detection,88,4,0.5105448463991517,0.005,residual_samples/batch-88-replication-4.csv,null_statistics/batch-88-replication-4.npy,batch-f2-linear-direct-edge-detection,3940028577590349324,941718953982447166,14206851178259268312,0.1926382000092417,,,batch-f2-linear-direct-edge-detection-20260825-001
F2,X1,X2,f2-linear-direct-edge-detection,88,5,0.5403563592030327,0.005,residual_samples/batch-88-replication-5.csv,null_statistics/batch-88-replication-5.npy,batch-f2-linear-direct-edge-detection,8800379933587266739,5352149074767523202,3220663708002456942,0.1929490999900736,,,batch-f2-linear-direct-edge-detection-20260825-001
F2,X1,X2,f2-linear-direct-edge-detection,88,6,0.5126736067939609,0.005,residual_samples/batch-88-replication-6.csv,null_statistics/batch-88-replication-6.npy,batch-f2-linear-direct-edge-detection,5712457658573076330,6301305284178733420,17427280847583856505,0.1937688000034541,,,batch-f2-linear-direct-edge-detection-20260825-001
F2,X1,X2,f2-linear-direct-edge-detection,88,7,0.5025630836071139,0.005,residual_samples/batch-88-replication-7.csv,null_statistics/batch-88-replication-7.npy,batch-f2-linear-direct-edge-detection,6393549821016461204,4841289380297733121,10763955955226064215,0.19277070002863184,,,batch-f2-linear-direct-edge-detection-20260825-001
F2,X1,X2,f2-linear-direct-edge-detection,88,8,0.534620094837343,0.005,residual_samples/batch-88-replication-8.csv,null_statistics/batch-88-replication-8.npy,batch-f2-linear-direct-edge-detection,3609204985425306594,5672020491907155464,4288891906674146653,0.19525370001792908,,,batch-f2-linear-direct-edge-detection-20260825-001
F2,X1,X2,f2-linear-direct-edge-detection,88,9,0.4922824107823536,0.005,residual_samples/batch-88-replication-9.csv,null_statistics/batch-88-replication-9.npy,batch-f2-linear-direct-edge-detection,14239213274544876392,9811550186424066642,9863693784515605714,0.18943379999836907,,,batch-f2-linear-direct-edge-detection-20260825-001
F2,X1,X2,f2-linear-direct-edge-detection,89,0,0.5102810704267239,0.005,residual_samples/batch-89-replication-0.csv,null_statistics/batch-89-replication-0.npy,batch-f2-linear-direct-edge-detection,15384405777028459864,11137298183842079284,6953887087812020904,0.19466490001650527,,,batch-f2-linear-direct-edge-detection-20260825-001
F2,X1,X2,f2-linear-direct-edge-detection,89,1,0.5085546496066063,0.005,residual_samples/batch-89-replication-1.csv,null_statistics/batch-89-replication-1.npy,batch-f2-linear-direct-edge-detection,14546622725275341563,2822545185627503186,14024064430927651851,0.19451609998941422,,,batch-f2-linear-direct-edge-detection-20260825-001
F2,X1,X2,f2-linear-direct-edge-detection,89,2,0.4955540690116058,0.005,residual_samples/batch-89-replication-2.csv,null_statistics/batch-89-replication-2.npy,batch-f2-linear-direct-edge-detection,10399617059668291031,11957353837556786902,13047109316909188703,0.19440650002798066,,,batch-f2-linear-direct-edge-detection-20260825-001
F2,X1,X2,f2-linear-direct-edge-detection,89,3,0.495133428776181,0.005,residual_samples/batch-89-replication-3.csv,null_statistics/batch-89-replication-3.npy,batch-f2-linear-direct-edge-detection,9081953272342473917,17711455103990771089,5044131709801094551,0.1933201999636367,,,batch-f2-linear-direct-edge-detection-20260825-001
F2,X1,X2,f2-linear-direct-edge-detection,89,4,0.5692328093749349,0.005,residual_samples/batch-89-replication-4.csv,null_statistics/batch-89-replication-4.npy,batch-f2-linear-direct-edge-detection,4301561498087145077,6119576456788986018,5944729972967378567,0.1921528999810107,,,batch-f2-linear-direct-edge-detection-20260825-001
F2,X1,X2,f2-linear-direct-edge-detection,89,5,0.4707765444632163,0.005,residual_samples/batch-89-replication-5.csv,null_statistics/batch-89-replication-5.npy,batch-f2-linear-direct-edge-detection,18348505290288821661,980726463471331648,11016001653531976451,0.19064950000029057,,,batch-f2-linear-direct-edge-detection-20260825-001
F2,X1,X2,f2-linear-direct-edge-detection,89,6,0.5323321596275629,0.005,residual_samples/batch-89-replication-6.csv,null_statistics/batch-89-replication-6.npy,batch-f2-linear-direct-edge-detection,12554722999612021164,3031616922007373412,3137619248850705958,0.19554610003251582,,,batch-f2-linear-direct-edge-detection-20260825-001
F2,X1,X2,f2-linear-direct-edge-detection,89,7,0.48528847269189496,0.005,residual_samples/batch-89-replication-7.csv,null_statistics/batch-89-replication-7.npy,batch-f2-linear-direct-edge-detection,12795405185327780399,16757053274107348525,12581885579894024322,0.1927566999802366,,,batch-f2-linear-direct-edge-detection-20260825-001
F2,X1,X2,f2-linear-direct-edge-detection,89,8,0.5440957350219788,0.005,residual_samples/batch-89-replication-8.csv,null_statistics/batch-89-replication-8.npy,batch-f2-linear-direct-edge-detection,11488665376988111439,9924344600056948168,11529364296569609752,0.1915708999731578,,,batch-f2-linear-direct-edge-detection-20260825-001
F2,X1,X2,f2-linear-direct-edge-detection,89,9,0.4909611224212936,0.005,residual_samples/batch-89-replication-9.csv,null_statistics/batch-89-replication-9.npy,batch-f2-linear-direct-edge-detection,4659006651944319285,12134802374217091471,1437351554983764053,0.19110100000398234,,,batch-f2-linear-direct-edge-detection-20260825-001
F2,X1,X2,f2-linear-direct-edge-detection,90,0,0.5286217946059047,0.005,residual_samples/batch-90-replication-0.csv,null_statistics/batch-90-replication-0.npy,batch-f2-linear-direct-edge-detection,18177491111854334635,6925616450497167445,3445691914255880111,0.19319849996827543,,,batch-f2-linear-direct-edge-detection-20260825-001
F2,X1,X2,f2-linear-direct-edge-detection,90,1,0.5301167842622412,0.005,residual_samples/batch-90-replication-1.csv,null_statistics/batch-90-replication-1.npy,batch-f2-linear-direct-edge-detection,4628234434904944471,7321432001100497490,11353133906576776660,0.1930038999998942,,,batch-f2-linear-direct-edge-detection-20260825-001
F2,X1,X2,f2-linear-direct-edge-detection,90,2,0.5551991993810192,0.005,residual_samples/batch-90-replication-2.csv,null_statistics/batch-90-replication-2.npy,batch-f2-linear-direct-edge-detection,15354698474906445807,3915979315603776564,12276725801319468679,0.19372050004312769,,,batch-f2-linear-direct-edge-detection-20260825-001
F2,X1,X2,f2-linear-direct-edge-detection,90,3,0.555142643274036,0.005,residual_samples/batch-90-replication-3.csv,null_statistics/batch-90-replication-3.npy,batch-f2-linear-direct-edge-detection,10631037443656748436,12996466791062827410,11552940946257915793,0.2009085000026971,,,batch-f2-linear-direct-edge-detection-20260825-001
F2,X1,X2,f2-linear-direct-edge-detection,90,4,0.5512045365904443,0.005,residual_samples/batch-90-replication-4.csv,null_statistics/batch-90-replication-4.npy,batch-f2-linear-direct-edge-detection,1372677474866600903,12987507551015440562,7542708537274285800,0.19828150002285838,,,batch-f2-linear-direct-edge-detection-20260825-001
F2,X1,X2,f2-linear-direct-edge-detection,90,5,0.49240863654366157,0.005,residual_samples/batch-90-replication-5.csv,null_statistics/batch-90-replication-5.npy,batch-f2-linear-direct-edge-detection,3480000682799284361,14612860711406405873,14373133974799665094,0.19718950003152713,,,batch-f2-linear-direct-edge-detection-20260825-001
F2,X1,X2,f2-linear-direct-edge-detection,90,6,0.5165950432673729,0.005,residual_samples/batch-90-replication-6.csv,null_statistics/batch-90-replication-6.npy,batch-f2-linear-direct-edge-detection,14180228420487639734,15635227301378435820,2336482462029926235,0.21205460000783205,,,batch-f2-linear-direct-edge-detection-20260825-001
F2,X1,X2,f2-linear-direct-edge-detection,90,7,0.5447709791946058,0.005,residual_samples/batch-90-replication-7.csv,null_statistics/batch-90-replication-7.npy,batch-f2-linear-direct-edge-detection,4066345965762652792,12510383456283891241,11015688102550323291,0.20857760001672432,,,batch-f2-linear-direct-edge-detection-20260825-001
F2,X1,X2,f2-linear-direct-edge-detection,90,8,0.5762333437033675,0.005,residual_samples/batch-90-replication-8.csv,null_statistics/batch-90-replication-8.npy,batch-f2-linear-direct-edge-detection,3673392609348144045,7549843320128474104,6521624616238956845,0.20139770000241697,,,batch-f2-linear-direct-edge-detection-20260825-001
F2,X1,X2,f2-linear-direct-edge-detection,90,9,0.5349239792924024,0.005,residual_samples/batch-90-replication-9.csv,null_statistics/batch-90-replication-9.npy,batch-f2-linear-direct-edge-detection,6384288183144672350,17844138123293545419,1206798606935399547,0.20155349996639416,,,batch-f2-linear-direct-edge-detection-20260825-001
F2,X1,X2,f2-linear-direct-edge-detection,91,0,0.4757224445794877,0.005,residual_samples/batch-91-replication-0.csv,null_statistics/batch-91-replication-0.npy,batch-f2-linear-direct-edge-detection,3554795100654413734,12853978709899831387,11522007938955071052,0.21161739999661222,,,batch-f2-linear-direct-edge-detection-20260825-001
F2,X1,X2,f2-linear-direct-edge-detection,91,1,0.5473712440978694,0.005,residual_samples/batch-91-replication-1.csv,null_statistics/batch-91-replication-1.npy,batch-f2-linear-direct-edge-detection,10893177760376937050,7608664236276071353,8608033244039928182,0.20488839998142794,,,batch-f2-linear-direct-edge-detection-20260825-001
F2,X1,X2,f2-linear-direct-edge-detection,91,2,0.5032179083140493,0.005,residual_samples/batch-91-replication-2.csv,null_statistics/batch-91-replication-2.npy,batch-f2-linear-direct-edge-detection,3615218699426982927,5502044266529631747,9209108841165448263,0.2055827000294812,,,batch-f2-linear-direct-edge-detection-20260825-001
F2,X1,X2,f2-linear-direct-edge-detection,91,3,0.5204489860500746,0.005,residual_samples/batch-91-replication-3.csv,null_statistics/batch-91-replication-3.npy,batch-f2-linear-direct-edge-detection,3625910047878495714,3674019891221765708,7891702083318838037,0.19476290000602603,,,batch-f2-linear-direct-edge-detection-20260825-001
F2,X1,X2,f2-linear-direct-edge-detection,91,4,0.4663563635033883,0.005,residual_samples/batch-91-replication-4.csv,null_statistics/batch-91-replication-4.npy,batch-f2-linear-direct-edge-detection,6533965073637896920,3140330077649207666,9395565623834512027,0.1931267000036314,,,batch-f2-linear-direct-edge-detection-20260825-001
F2,X1,X2,f2-linear-direct-edge-detection,91,5,0.5480137073548174,0.005,residual_samples/batch-91-replication-5.csv,null_statistics/batch-91-replication-5.npy,batch-f2-linear-direct-edge-detection,11357661984636772529,1275160416624850637,15369880065546420153,0.19777389999944717,,,batch-f2-linear-direct-edge-detection-20260825-001
F2,X1,X2,f2-linear-direct-edge-detection,91,6,0.4993463395714068,0.005,residual_samples/batch-91-replication-6.csv,null_statistics/batch-91-replication-6.npy,batch-f2-linear-direct-edge-detection,6067262254532108166,15707618071693404806,3101600979432025563,0.20246850000694394,,,batch-f2-linear-direct-edge-detection-20260825-001
F2,X1,X2,f2-linear-direct-edge-detection,91,7,0.4804184966934113,0.005,residual_samples/batch-91-replication-7.csv,null_statistics/batch-91-replication-7.npy,batch-f2-linear-direct-edge-detection,7580651700546398066,5161072714467910482,2434089108782470711,0.19578950002323836,,,batch-f2-linear-direct-edge-detection-20260825-001
F2,X1,X2,f2-linear-direct-edge-detection,91,8,0.5357336958534137,0.005,residual_samples/batch-91-replication-8.csv,null_statistics/batch-91-replication-8.npy,batch-f2-linear-direct-edge-detection,4761258339763609110,4917602349378342885,4252832417793630023,0.1996618999983184,,,batch-f2-linear-direct-edge-detection-20260825-001
F2,X1,X2,f2-linear-direct-edge-detection,91,9,0.49653694644018276,0.005,residual_samples/batch-91-replication-9.csv,null_statistics/batch-91-replication-9.npy,batch-f2-linear-direct-edge-detection,15054380793433751329,39666445928624959,10811909735823274258,0.19260720000602305,,,batch-f2-linear-direct-edge-detection-20260825-001
F2,X1,X2,f2-linear-direct-edge-detection,92,0,0.5447974201843051,0.005,residual_samples/batch-92-replication-0.csv,null_statistics/batch-92-replication-0.npy,batch-f2-linear-direct-edge-detection,11765956011877896449,4752927295303707883,15164762453521655505,0.20284859999082983,,,batch-f2-linear-direct-edge-detection-20260825-001
F2,X1,X2,f2-linear-direct-edge-detection,92,1,0.4769538230309483,0.005,residual_samples/batch-92-replication-1.csv,null_statistics/batch-92-replication-1.npy,batch-f2-linear-direct-edge-detection,14975733823398477551,13493099875278900463,12026983074714741343,0.20816979999653995,,,batch-f2-linear-direct-edge-detection-20260825-001
F2,X1,X2,f2-linear-direct-edge-detection,92,2,0.5140501265523405,0.005,residual_samples/batch-92-replication-2.csv,null_statistics/batch-92-replication-2.npy,batch-f2-linear-direct-edge-detection,3820269011316190333,4234499389740956210,13215174150217902229,0.2061536999535747,,,batch-f2-linear-direct-edge-detection-20260825-001
F2,X1,X2,f2-linear-direct-edge-detection,92,3,0.54309206228067,0.005,residual_samples/batch-92-replication-3.csv,null_statistics/batch-92-replication-3.npy,batch-f2-linear-direct-edge-detection,7249054365357200789,4013112852551364898,12804574793780956552,0.19956009997986257,,,batch-f2-linear-direct-edge-detection-20260825-001
F2,X1,X2,f2-linear-direct-edge-detection,92,4,0.5126294679568727,0.005,residual_samples/batch-92-replication-4.csv,null_statistics/batch-92-replication-4.npy,batch-f2-linear-direct-edge-detection,4336579022615608008,15543927611435732956,10338707833875227216,0.20410089998040348,,,batch-f2-linear-direct-edge-detection-20260825-001
F2,X1,X2,f2-linear-direct-edge-detection,92,5,0.5233433424771464,0.005,residual_samples/batch-92-replication-5.csv,null_statistics/batch-92-replication-5.npy,batch-f2-linear-direct-edge-detection,7915847232584015623,11975345279311016600,12229091762765404652,0.21185299998614937,,,batch-f2-linear-direct-edge-detection-20260825-001
F2,X1,X2,f2-linear-direct-edge-detection,92,6,0.5345083113634302,0.005,residual_samples/batch-92-replication-6.csv,null_statistics/batch-92-replication-6.npy,batch-f2-linear-direct-edge-detection,288956042530718853,2745434897139113341,4248898360247305781,0.20768880000105128,,,batch-f2-linear-direct-edge-detection-20260825-001
F2,X1,X2,f2-linear-direct-edge-detection,92,7,0.5557528608593603,0.005,residual_samples/batch-92-replication-7.csv,null_statistics/batch-92-replication-7.npy,batch-f2-linear-direct-edge-detection,1817663141630154070,10774774791828737566,2126998857009577254,0.2084428000380285,,,batch-f2-linear-direct-edge-detection-20260825-001
F2,X1,X2,f2-linear-direct-edge-detection,92,8,0.5207956501172245,0.005,residual_samples/batch-92-replication-8.csv,null_statistics/batch-92-replication-8.npy,batch-f2-linear-direct-edge-detection,14529620364356500112,13157648822320557077,16180526611261680393,0.20166019996395335,,,batch-f2-linear-direct-edge-detection-20260825-001
F2,X1,X2,f2-linear-direct-edge-detection,92,9,0.5588498558373405,0.005,residual_samples/batch-92-replication-9.csv,null_statistics/batch-92-replication-9.npy,batch-f2-linear-direct-edge-detection,9938976077734491033,14925058885661083246,290877951439066371,0.20095479994779453,,,batch-f2-linear-direct-edge-detection-20260825-001
F2,X1,X2,f2-linear-direct-edge-detection,93,0,0.5305030101265679,0.005,residual_samples/batch-93-replication-0.csv,null_statistics/batch-93-replication-0.npy,batch-f2-linear-direct-edge-detection,14142215393691997472,7571409161516956661,4091272884545648590,0.2079731000121683,,,batch-f2-linear-direct-edge-detection-20260825-001
F2,X1,X2,f2-linear-direct-edge-detection,93,1,0.5126142500393371,0.005,residual_samples/batch-93-replication-1.csv,null_statistics/batch-93-replication-1.npy,batch-f2-linear-direct-edge-detection,12370893046476945454,507335525236937866,554697679634990748,0.19708239997271448,,,batch-f2-linear-direct-edge-detection-20260825-001
F2,X1,X2,f2-linear-direct-edge-detection,93,2,0.5647945377688922,0.005,residual_samples/batch-93-replication-2.csv,null_statistics/batch-93-replication-2.npy,batch-f2-linear-direct-edge-detection,13109157205118612312,9127956955500508548,60126922390961468,0.19417410000460222,,,batch-f2-linear-direct-edge-detection-20260825-001
F2,X1,X2,f2-linear-direct-edge-detection,93,3,0.4749058680382504,0.005,residual_samples/batch-93-replication-3.csv,null_statistics/batch-93-replication-3.npy,batch-f2-linear-direct-edge-detection,17258286506744682592,486037371441012782,15969703981339078599,0.194120500003919,,,batch-f2-linear-direct-edge-detection-20260825-001
F2,X1,X2,f2-linear-direct-edge-detection,93,4,0.543519513532042,0.005,residual_samples/batch-93-replication-4.csv,null_statistics/batch-93-replication-4.npy,batch-f2-linear-direct-edge-detection,12882665563005294376,2682009823085112531,17152284322534484133,0.1898100000107661,,,batch-f2-linear-direct-edge-detection-20260825-001
F2,X1,X2,f2-linear-direct-edge-detection,93,5,0.5071015875389742,0.005,residual_samples/batch-93-replication-5.csv,null_statistics/batch-93-replication-5.npy,batch-f2-linear-direct-edge-detection,16952948334376796837,11977095453621354095,7397238786314291561,0.200957799970638,,,batch-f2-linear-direct-edge-detection-20260825-001
F2,X1,X2,f2-linear-direct-edge-detection,93,6,0.5143781714760088,0.005,residual_samples/batch-93-replication-6.csv,null_statistics/batch-93-replication-6.npy,batch-f2-linear-direct-edge-detection,9336222425838602248,5042397287125157860,17257891748178109685,0.20577070000581443,,,batch-f2-linear-direct-edge-detection-20260825-001
F2,X1,X2,f2-linear-direct-edge-detection,93,7,0.5489972348316282,0.005,residual_samples/batch-93-replication-7.csv,null_statistics/batch-93-replication-7.npy,batch-f2-linear-direct-edge-detection,12989823040202058617,4406619103265846854,15103103916123271553,0.19727740000234917,,,batch-f2-linear-direct-edge-detection-20260825-001
F2,X1,X2,f2-linear-direct-edge-detection,93,8,0.5522875606235388,0.005,residual_samples/batch-93-replication-8.csv,null_statistics/batch-93-replication-8.npy,batch-f2-linear-direct-edge-detection,4408804615045978637,16832538282313176655,5867635266618444383,0.20628769998438656,,,batch-f2-linear-direct-edge-detection-20260825-001
F2,X1,X2,f2-linear-direct-edge-detection,93,9,0.5250295588748994,0.005,residual_samples/batch-93-replication-9.csv,null_statistics/batch-93-replication-9.npy,batch-f2-linear-direct-edge-detection,5826286306184593008,13651903156499536908,15399940455044393522,0.1990300000179559,,,batch-f2-linear-direct-edge-detection-20260825-001
F2,X1,X2,f2-linear-direct-edge-detection,94,0,0.5201131320899954,0.005,residual_samples/batch-94-replication-0.csv,null_statistics/batch-94-replication-0.npy,batch-f2-linear-direct-edge-detection,16557014878957626957,17864008295223939919,8228155089316285834,0.19851030001882464,,,batch-f2-linear-direct-edge-detection-20260825-001
F2,X1,X2,f2-linear-direct-edge-detection,94,1,0.5584826987603191,0.005,residual_samples/batch-94-replication-1.csv,null_statistics/batch-94-replication-1.npy,batch-f2-linear-direct-edge-detection,2909737920417108619,4575700578300335775,6310310231812322280,0.20449370000278577,,,batch-f2-linear-direct-edge-detection-20260825-001
F2,X1,X2,f2-linear-direct-edge-detection,94,2,0.5349208644662291,0.005,residual_samples/batch-94-replication-2.csv,null_statistics/batch-94-replication-2.npy,batch-f2-linear-direct-edge-detection,14276392242001789028,8817574624758776264,13327634588408485494,0.2012690999545157,,,batch-f2-linear-direct-edge-detection-20260825-001
F2,X1,X2,f2-linear-direct-edge-detection,94,3,0.5705703450460713,0.005,residual_samples/batch-94-replication-3.csv,null_statistics/batch-94-replication-3.npy,batch-f2-linear-direct-edge-detection,17868818875449105775,17368548612618010277,16290229207107929345,0.20386050001252443,,,batch-f2-linear-direct-edge-detection-20260825-001
F2,X1,X2,f2-linear-direct-edge-detection,94,4,0.5393538050801018,0.005,residual_samples/batch-94-replication-4.csv,null_statistics/batch-94-replication-4.npy,batch-f2-linear-direct-edge-detection,13856595569408010600,16896672186116604546,5367924936360061263,0.21115170000120997,,,batch-f2-linear-direct-edge-detection-20260825-001
F2,X1,X2,f2-linear-direct-edge-detection,94,5,0.5638447958129847,0.005,residual_samples/batch-94-replication-5.csv,null_statistics/batch-94-replication-5.npy,batch-f2-linear-direct-edge-detection,11876101103256768899,7501288526525331523,4979479151253792915,0.21506849996512756,,,batch-f2-linear-direct-edge-detection-20260825-001
F2,X1,X2,f2-linear-direct-edge-detection,94,6,0.5030006798128485,0.005,residual_samples/batch-94-replication-6.csv,null_statistics/batch-94-replication-6.npy,batch-f2-linear-direct-edge-detection,15617510689912655602,4071275930532100101,11182034563199883519,0.21002149995183572,,,batch-f2-linear-direct-edge-detection-20260825-001
F2,X1,X2,f2-linear-direct-edge-detection,94,7,0.5400734996988116,0.005,residual_samples/batch-94-replication-7.csv,null_statistics/batch-94-replication-7.npy,batch-f2-linear-direct-edge-detection,11487158219562201204,5348621610031768268,4401854644970350646,0.21458559995517135,,,batch-f2-linear-direct-edge-detection-20260825-001
F2,X1,X2,f2-linear-direct-edge-detection,94,8,0.5084901011987327,0.005,residual_samples/batch-94-replication-8.csv,null_statistics/batch-94-replication-8.npy,batch-f2-linear-direct-edge-detection,15837720597902914951,7797039938333462824,4048910643472703597,0.23024680005619302,,,batch-f2-linear-direct-edge-detection-20260825-001
F2,X1,X2,f2-linear-direct-edge-detection,94,9,0.4661774273581262,0.005,residual_samples/batch-94-replication-9.csv,null_statistics/batch-94-replication-9.npy,batch-f2-linear-direct-edge-detection,2985867740808244928,9067265476920500222,9516543395905273206,0.2093748999759555,,,batch-f2-linear-direct-edge-detection-20260825-001
F2,X1,X2,f2-linear-direct-edge-detection,95,0,0.5162384847739183,0.005,residual_samples/batch-95-replication-0.csv,null_statistics/batch-95-replication-0.npy,batch-f2-linear-direct-edge-detection,7120173287291423804,11780504561192140667,3880934547327473793,0.21367619995726272,,,batch-f2-linear-direct-edge-detection-20260825-001
F2,X1,X2,f2-linear-direct-edge-detection,95,1,0.5413666396953432,0.005,residual_samples/batch-95-replication-1.csv,null_statistics/batch-95-replication-1.npy,batch-f2-linear-direct-edge-detection,87394052602791564,9445165746785506466,16664397051881530125,0.2047442000475712,,,batch-f2-linear-direct-edge-detection-20260825-001
F2,X1,X2,f2-linear-direct-edge-detection,95,2,0.5421932951315681,0.005,residual_samples/batch-95-replication-2.csv,null_statistics/batch-95-replication-2.npy,batch-f2-linear-direct-edge-detection,13734690354240050641,12268749815471902889,16327485400456242044,0.22089480003342032,,,batch-f2-linear-direct-edge-detection-20260825-001
F2,X1,X2,f2-linear-direct-edge-detection,95,3,0.5573193652091981,0.005,residual_samples/batch-95-replication-3.csv,null_statistics/batch-95-replication-3.npy,batch-f2-linear-direct-edge-detection,10074708659312490353,5948725680679053093,17916163307360336737,0.20762629999080673,,,batch-f2-linear-direct-edge-detection-20260825-001
F2,X1,X2,f2-linear-direct-edge-detection,95,4,0.5148286388288043,0.005,residual_samples/batch-95-replication-4.csv,null_statistics/batch-95-replication-4.npy,batch-f2-linear-direct-edge-detection,12535897096609491093,11511521848374263806,5525331367047866819,0.19996509997872636,,,batch-f2-linear-direct-edge-detection-20260825-001
F2,X1,X2,f2-linear-direct-edge-detection,95,5,0.5303669719048919,0.005,residual_samples/batch-95-replication-5.csv,null_statistics/batch-95-replication-5.npy,batch-f2-linear-direct-edge-detection,1867059779548184356,2065715795646484012,10544086291628871064,0.20924699999159202,,,batch-f2-linear-direct-edge-detection-20260825-001
F2,X1,X2,f2-linear-direct-edge-detection,95,6,0.5041595558875193,0.005,residual_samples/batch-95-replication-6.csv,null_statistics/batch-95-replication-6.npy,batch-f2-linear-direct-edge-detection,6966799909113710371,6640097260592802713,2622002536538965847,0.20464509999146685,,,batch-f2-linear-direct-edge-detection-20260825-001
F2,X1,X2,f2-linear-direct-edge-detection,95,7,0.5330094350460322,0.005,residual_samples/batch-95-replication-7.csv,null_statistics/batch-95-replication-7.npy,batch-f2-linear-direct-edge-detection,4029550252991179288,12396801418244519098,10022459876269699694,0.20564120000926778,,,batch-f2-linear-direct-edge-detection-20260825-001
F2,X1,X2,f2-linear-direct-edge-detection,95,8,0.5252578616179241,0.005,residual_samples/batch-95-replication-8.csv,null_statistics/batch-95-replication-8.npy,batch-f2-linear-direct-edge-detection,4327550278156383011,17007790781970368001,6933775238146525978,0.2181601999909617,,,batch-f2-linear-direct-edge-detection-20260825-001
F2,X1,X2,f2-linear-direct-edge-detection,95,9,0.5269468621621054,0.005,residual_samples/batch-95-replication-9.csv,null_statistics/batch-95-replication-9.npy,batch-f2-linear-direct-edge-detection,8032304037072686190,2627825686981679471,16597322136279949046,0.20322060002945364,,,batch-f2-linear-direct-edge-detection-20260825-001
F2,X1,X2,f2-linear-direct-edge-detection,96,0,0.5245698293993525,0.005,residual_samples/batch-96-replication-0.csv,null_statistics/batch-96-replication-0.npy,batch-f2-linear-direct-edge-detection,15523264486893497585,15007391319225273530,12692441615762476549,0.20132789999479428,,,batch-f2-linear-direct-edge-detection-20260825-001
F2,X1,X2,f2-linear-direct-edge-detection,96,1,0.5095890426386739,0.005,residual_samples/batch-96-replication-1.csv,null_statistics/batch-96-replication-1.npy,batch-f2-linear-direct-edge-detection,18211931596470939814,10665229533719060295,8475693584526533869,0.21765760000562295,,,batch-f2-linear-direct-edge-detection-20260825-001
F2,X1,X2,f2-linear-direct-edge-detection,96,2,0.5547358043988311,0.005,residual_samples/batch-96-replication-2.csv,null_statistics/batch-96-replication-2.npy,batch-f2-linear-direct-edge-detection,2272775507324913717,910036164541682578,15784055896697476709,0.22827100002905354,,,batch-f2-linear-direct-edge-detection-20260825-001
F2,X1,X2,f2-linear-direct-edge-detection,96,3,0.5495915801343771,0.005,residual_samples/batch-96-replication-3.csv,null_statistics/batch-96-replication-3.npy,batch-f2-linear-direct-edge-detection,14620744607019323539,2817958028308406538,7910544039252201411,0.21948349999729544,,,batch-f2-linear-direct-edge-detection-20260825-001
F2,X1,X2,f2-linear-direct-edge-detection,96,4,0.5348703991602036,0.005,residual_samples/batch-96-replication-4.csv,null_statistics/batch-96-replication-4.npy,batch-f2-linear-direct-edge-detection,16828389226447659873,6109862690365446631,13329473869844709188,0.21914350002771243,,,batch-f2-linear-direct-edge-detection-20260825-001
F2,X1,X2,f2-linear-direct-edge-detection,96,5,0.5438092587224092,0.005,residual_samples/batch-96-replication-5.csv,null_statistics/batch-96-replication-5.npy,batch-f2-linear-direct-edge-detection,13825072689657607755,803954325918087674,3562462214192498234,0.21903320000274107,,,batch-f2-linear-direct-edge-detection-20260825-001
F2,X1,X2,f2-linear-direct-edge-detection,96,6,0.5448678478183372,0.005,residual_samples/batch-96-replication-6.csv,null_statistics/batch-96-replication-6.npy,batch-f2-linear-direct-edge-detection,1738803161784565922,17431374190504108193,8051728324045399979,0.21189649996813387,,,batch-f2-linear-direct-edge-detection-20260825-001
F2,X1,X2,f2-linear-direct-edge-detection,96,7,0.5088410038420059,0.005,residual_samples/batch-96-replication-7.csv,null_statistics/batch-96-replication-7.npy,batch-f2-linear-direct-edge-detection,7598827872276891103,7889227997501856766,18344260888305434290,0.2080400999984704,,,batch-f2-linear-direct-edge-detection-20260825-001
F2,X1,X2,f2-linear-direct-edge-detection,96,8,0.5530238877976889,0.005,residual_samples/batch-96-replication-8.csv,null_statistics/batch-96-replication-8.npy,batch-f2-linear-direct-edge-detection,13915475080447976754,1746783390380327704,7039694586825456091,0.21092270000372082,,,batch-f2-linear-direct-edge-detection-20260825-001
F2,X1,X2,f2-linear-direct-edge-detection,96,9,0.531330581953476,0.005,residual_samples/batch-96-replication-9.csv,null_statistics/batch-96-replication-9.npy,batch-f2-linear-direct-edge-detection,1245266946367381365,1453103770407987664,6960804276275828364,0.2076750000123866,,,batch-f2-linear-direct-edge-detection-20260825-001
F2,X1,X2,f2-linear-direct-edge-detection,97,0,0.5328828697282305,0.005,residual_samples/batch-97-replication-0.csv,null_statistics/batch-97-replication-0.npy,batch-f2-linear-direct-edge-detection,1261801996498453365,8878737943627188642,14551007571057093576,0.2257184000336565,,,batch-f2-linear-direct-edge-detection-20260825-001
F2,X1,X2,f2-linear-direct-edge-detection,97,1,0.5786234150485546,0.005,residual_samples/batch-97-replication-1.csv,null_statistics/batch-97-replication-1.npy,batch-f2-linear-direct-edge-detection,8052594972981557007,15392379434144435738,9271231366001595628,0.2213295999681577,,,batch-f2-linear-direct-edge-detection-20260825-001
F2,X1,X2,f2-linear-direct-edge-detection,97,2,0.5149743504895867,0.005,residual_samples/batch-97-replication-2.csv,null_statistics/batch-97-replication-2.npy,batch-f2-linear-direct-edge-detection,2854967797119599389,4681954187244753895,10659941181211507043,0.21757939999224618,,,batch-f2-linear-direct-edge-detection-20260825-001
F2,X1,X2,f2-linear-direct-edge-detection,97,3,0.5473892773097556,0.005,residual_samples/batch-97-replication-3.csv,null_statistics/batch-97-replication-3.npy,batch-f2-linear-direct-edge-detection,18162456873127423570,5596733926526831310,2221675786202434186,0.28233519999776036,,,batch-f2-linear-direct-edge-detection-20260825-001
F2,X1,X2,f2-linear-direct-edge-detection,97,4,0.5457903532774904,0.005,residual_samples/batch-97-replication-4.csv,null_statistics/batch-97-replication-4.npy,batch-f2-linear-direct-edge-detection,9469792209644441919,14741971640164732064,8770782747707741494,0.27252040000166744,,,batch-f2-linear-direct-edge-detection-20260825-001
F2,X1,X2,f2-linear-direct-edge-detection,97,5,0.5223336928826463,0.005,residual_samples/batch-97-replication-5.csv,null_statistics/batch-97-replication-5.npy,batch-f2-linear-direct-edge-detection,4124177370250876007,6994710976612523766,5166598748567404068,0.2550860000192188,,,batch-f2-linear-direct-edge-detection-20260825-001
F2,X1,X2,f2-linear-direct-edge-detection,97,6,0.529224562585285,0.005,residual_samples/batch-97-replication-6.csv,null_statistics/batch-97-replication-6.npy,batch-f2-linear-direct-edge-detection,35956877929800473,17818697490332247304,9389880265306254077,0.27777480002259836,,,batch-f2-linear-direct-edge-detection-20260825-001
F2,X1,X2,f2-linear-direct-edge-detection,97,7,0.5263139976076104,0.005,residual_samples/batch-97-replication-7.csv,null_statistics/batch-97-replication-7.npy,batch-f2-linear-direct-edge-detection,18031045319006494737,4671128345297592907,13147327321565110456,0.25139500002842396,,,batch-f2-linear-direct-edge-detection-20260825-001
F2,X1,X2,f2-linear-direct-edge-detection,97,8,0.48725935866495623,0.005,residual_samples/batch-97-replication-8.csv,null_statistics/batch-97-replication-8.npy,batch-f2-linear-direct-edge-detection,16601047645229488673,13446253148569278829,12894643306745829015,0.2274115000036545,,,batch-f2-linear-direct-edge-detection-20260825-001
F2,X1,X2,f2-linear-direct-edge-detection,97,9,0.5619765890363735,0.005,residual_samples/batch-97-replication-9.csv,null_statistics/batch-97-replication-9.npy,batch-f2-linear-direct-edge-detection,5103932530480602729,12312596737263778485,14019721074830657610,0.23085510003147647,,,batch-f2-linear-direct-edge-detection-20260825-001
F2,X1,X2,f2-linear-direct-edge-detection,98,0,0.5395097618094773,0.005,residual_samples/batch-98-replication-0.csv,null_statistics/batch-98-replication-0.npy,batch-f2-linear-direct-edge-detection,11504478983502288018,4927850345825474766,12396891184969217312,0.2167691999929957,,,batch-f2-linear-direct-edge-detection-20260825-001
F2,X1,X2,f2-linear-direct-edge-detection,98,1,0.5148323069218254,0.005,residual_samples/batch-98-replication-1.csv,null_statistics/batch-98-replication-1.npy,batch-f2-linear-direct-edge-detection,2770549930861370147,974225329469880102,15504016802884286237,0.21353430004091933,,,batch-f2-linear-direct-edge-detection-20260825-001
F2,X1,X2,f2-linear-direct-edge-detection,98,2,0.5320615894379905,0.005,residual_samples/batch-98-replication-2.csv,null_statistics/batch-98-replication-2.npy,batch-f2-linear-direct-edge-detection,11509430402940881352,12013517901245548427,15291354452147870254,0.21079109999118373,,,batch-f2-linear-direct-edge-detection-20260825-001
F2,X1,X2,f2-linear-direct-edge-detection,98,3,0.5400766392066237,0.005,residual_samples/batch-98-replication-3.csv,null_statistics/batch-98-replication-3.npy,batch-f2-linear-direct-edge-detection,349477851697898402,8076720902766774303,17035162558064764029,0.20424089999869466,,,batch-f2-linear-direct-edge-detection-20260825-001
F2,X1,X2,f2-linear-direct-edge-detection,98,4,0.5292449286161126,0.005,residual_samples/batch-98-replication-4.csv,null_statistics/batch-98-replication-4.npy,batch-f2-linear-direct-edge-detection,16319378217787155870,5193585268809151918,11098771314905688910,0.2052529000211507,,,batch-f2-linear-direct-edge-detection-20260825-001
F2,X1,X2,f2-linear-direct-edge-detection,98,5,0.5336385836845776,0.005,residual_samples/batch-98-replication-5.csv,null_statistics/batch-98-replication-5.npy,batch-f2-linear-direct-edge-detection,1277193231438802836,2714888338925021799,163521240267257565,0.1968446999671869,,,batch-f2-linear-direct-edge-detection-20260825-001
F2,X1,X2,f2-linear-direct-edge-detection,98,6,0.556820627334571,0.005,residual_samples/batch-98-replication-6.csv,null_statistics/batch-98-replication-6.npy,batch-f2-linear-direct-edge-detection,5261213504406832377,16442122630785588936,2872001736956923928,0.1970998999895528,,,batch-f2-linear-direct-edge-detection-20260825-001
F2,X1,X2,f2-linear-direct-edge-detection,98,7,0.5477929505230144,0.005,residual_samples/batch-98-replication-7.csv,null_statistics/batch-98-replication-7.npy,batch-f2-linear-direct-edge-detection,8175048497825850496,17431686108416409278,16775254003183075658,0.20891589997336268,,,batch-f2-linear-direct-edge-detection-20260825-001
F2,X1,X2,f2-linear-direct-edge-detection,98,8,0.5278506321943751,0.005,residual_samples/batch-98-replication-8.csv,null_statistics/batch-98-replication-8.npy,batch-f2-linear-direct-edge-detection,17405466919465713566,15577149329092658503,18313416791453914466,0.20518320001428947,,,batch-f2-linear-direct-edge-detection-20260825-001
F2,X1,X2,f2-linear-direct-edge-detection,98,9,0.5339138137231338,0.005,residual_samples/batch-98-replication-9.csv,null_statistics/batch-98-replication-9.npy,batch-f2-linear-direct-edge-detection,13976427142887863553,14038860756873539983,5892768198016550739,0.199450500018429,,,batch-f2-linear-direct-edge-detection-20260825-001
F2,X1,X2,f2-linear-direct-edge-detection,99,0,0.5142126196226268,0.005,residual_samples/batch-99-replication-0.csv,null_statistics/batch-99-replication-0.npy,batch-f2-linear-direct-edge-detection,6372186661164307636,15041509342753201786,15965838635010139450,0.19593860005261377,,,batch-f2-linear-direct-edge-detection-20260825-001
F2,X1,X2,f2-linear-direct-edge-detection,99,1,0.5577856788425893,0.005,residual_samples/batch-99-replication-1.csv,null_statistics/batch-99-replication-1.npy,batch-f2-linear-direct-edge-detection,17000659547435038294,757115453241396280,10121650832791900990,0.194712900032755,,,batch-f2-linear-direct-edge-detection-20260825-001
F2,X1,X2,f2-linear-direct-edge-detection,99,2,0.5311261108854658,0.005,residual_samples/batch-99-replication-2.csv,null_statistics/batch-99-replication-2.npy,batch-f2-linear-direct-edge-detection,10945504303044320571,3975824172467010574,8242838596449027232,0.2044577999622561,,,batch-f2-linear-direct-edge-detection-20260825-001
F2,X1,X2,f2-linear-direct-edge-detection,99,3,0.495894643921843,0.005,residual_samples/batch-99-replication-3.csv,null_statistics/batch-99-replication-3.npy,batch-f2-linear-direct-edge-detection,5217184908718111407,17623780880352107020,11494006682571480394,0.20734690001700073,,,batch-f2-linear-direct-edge-detection-20260825-001
F2,X1,X2,f2-linear-direct-edge-detection,99,4,0.5402831597471854,0.005,residual_samples/batch-99-replication-4.csv,null_statistics/batch-99-replication-4.npy,batch-f2-linear-direct-edge-detection,17347800445678762457,14957401198330455892,12278081211773707457,0.20988530002068728,,,batch-f2-linear-direct-edge-detection-20260825-001
F2,X1,X2,f2-linear-direct-edge-detection,99,5,0.5162497293108481,0.005,residual_samples/batch-99-replication-5.csv,null_statistics/batch-99-replication-5.npy,batch-f2-linear-direct-edge-detection,8440745124587406305,5549719445583147072,13464772182096408647,0.1980729000060819,,,batch-f2-linear-direct-edge-detection-20260825-001
F2,X1,X2,f2-linear-direct-edge-detection,99,6,0.5385073694402712,0.005,residual_samples/batch-99-replication-6.csv,null_statistics/batch-99-replication-6.npy,batch-f2-linear-direct-edge-detection,5283613465989875010,8103145851626029910,14647627925053097467,0.19409810000797734,,,batch-f2-linear-direct-edge-detection-20260825-001
F2,X1,X2,f2-linear-direct-edge-detection,99,7,0.5608750507518163,0.005,residual_samples/batch-99-replication-7.csv,null_statistics/batch-99-replication-7.npy,batch-f2-linear-direct-edge-detection,15744438898162445294,488852342436216694,15120040196768496336,0.19931930000893772,,,batch-f2-linear-direct-edge-detection-20260825-001
F2,X1,X2,f2-linear-direct-edge-detection,99,8,0.5343755265637993,0.005,residual_samples/batch-99-replication-8.csv,null_statistics/batch-99-replication-8.npy,batch-f2-linear-direct-edge-detection,178043129184412693,29174780441202713,560755173422978556,0.20155290002003312,,,batch-f2-linear-direct-edge-detection-20260825-001
F2,X1,X2,f2-linear-direct-edge-detection,99,9,0.5137915507495749,0.005,residual_samples/batch-99-replication-9.csv,null_statistics/batch-99-replication-9.npy,batch-f2-linear-direct-edge-detection,12734535831676577611,4426721699730837510,15937132993433308184,0.21618540002964437,,,batch-f2-linear-direct-edge-detection-20260825-001
