fixture_id,left,right,phase,batch,replication,observed_statistic,permutation_p_value,residual_samples_path,null_statistics_path,seed_namespace,fixture_seed,residual_seed,permutation_seed,elapsed_seconds,warnings,exception_text,run_id
F5,X1,X2,f5-null-transfer,0,0,0.05948555476902104,0.31,residual_samples/batch-0-replication-0.csv,null_statistics/batch-0-replication-0.npy,batch-f5-null-transfer,18033124118810664315,17700256160751516573,4979755166722706768,0.20668210001895204,,,batch-f5-null-transfer-20260821-001
F5,X1,X2,f5-null-transfer,0,1,0.08368411718410662,0.035,residual_samples/batch-0-replication-1.csv,null_statistics/batch-0-replication-1.npy,batch-f5-null-transfer,11089536749877971647,2245830480066690307,8373493670135429896,0.1893069999932777,,,batch-f5-null-transfer-20260821-001
F5,X1,X2,f5-null-transfer,0,2,0.04498538274479541,0.865,residual_samples/batch-0-replication-2.csv,null_statistics/batch-0-replication-2.npy,batch-f5-null-transfer,16197464524778887985,10209191449460588247,14080592846574487400,0.19015139999100938,,,batch-f5-null-transfer-20260821-001
F5,X1,X2,f5-null-transfer,0,3,0.04031382518913134,0.975,residual_samples/batch-0-replication-3.csv,null_statistics/batch-0-replication-3.npy,batch-f5-null-transfer,6763575751185671966,11010453963112930408,10231387338702589079,0.19526599999517202,,,batch-f5-null-transfer-20260821-001
F5,X1,X2,f5-null-transfer,0,4,0.07110988025334722,0.09,residual_samples/batch-0-replication-4.csv,null_statistics/batch-0-replication-4.npy,batch-f5-null-transfer,1744260343064991806,12209663773886400051,15186785945373404946,0.19786290000774898,,,batch-f5-null-transfer-20260821-001
F5,X1,X2,f5-null-transfer,0,5,0.05252680532493387,0.565,residual_samples/batch-0-replication-5.csv,null_statistics/batch-0-replication-5.npy,batch-f5-null-transfer,17816704752441717066,479210962198762608,8102455474295559671,0.19309819999034517,,,batch-f5-null-transfer-20260821-001
F5,X1,X2,f5-null-transfer,0,6,0.07114646896800544,0.105,residual_samples/batch-0-replication-6.csv,null_statistics/batch-0-replication-6.npy,batch-f5-null-transfer,12911692443307157682,16774979759984264213,15360452760723262619,0.1944466000131797,,,batch-f5-null-transfer-20260821-001
F5,X1,X2,f5-null-transfer,0,7,0.06625703338257391,0.145,residual_samples/batch-0-replication-7.csv,null_statistics/batch-0-replication-7.npy,batch-f5-null-transfer,6263928212067915593,13301426581932023763,14987958660537550293,0.18577250000089407,,,batch-f5-null-transfer-20260821-001
F5,X1,X2,f5-null-transfer,0,8,0.051887376169480415,0.545,residual_samples/batch-0-replication-8.csv,null_statistics/batch-0-replication-8.npy,batch-f5-null-transfer,5849736033007047899,18417522403695476965,15285334333443169807,0.18501370001467876,,,batch-f5-null-transfer-20260821-001
F5,X1,X2,f5-null-transfer,0,9,0.04073356451203823,0.955,residual_samples/batch-0-replication-9.csv,null_statistics/batch-0-replication-9.npy,batch-f5-null-transfer,17854161321795590525,1512724197458315023,7299033432273829779,0.18543400001362897,,,batch-f5-null-transfer-20260821-001
F5,X1,X2,f5-null-transfer,1,0,0.046238259879252924,0.81,residual_samples/batch-1-replication-0.csv,null_statistics/batch-1-replication-0.npy,batch-f5-null-transfer,13170230361004632620,18231343631579725274,5879016602827148587,0.18768579998868518,,,batch-f5-null-transfer-20260821-001
F5,X1,X2,f5-null-transfer,1,1,0.07009240036978064,0.09,residual_samples/batch-1-replication-1.csv,null_statistics/batch-1-replication-1.npy,batch-f5-null-transfer,5379245551376050423,1041713066177074837,8100123147662705189,0.18522429998847656,,,batch-f5-null-transfer-20260821-001
F5,X1,X2,f5-null-transfer,1,2,0.06978176844312124,0.12,residual_samples/batch-1-replication-2.csv,null_statistics/batch-1-replication-2.npy,batch-f5-null-transfer,2708997406073616336,15036448143534904720,11911724384250738585,0.18779880000511184,,,batch-f5-null-transfer-20260821-001
F5,X1,X2,f5-null-transfer,1,3,0.06846856007032878,0.13,residual_samples/batch-1-replication-3.csv,null_statistics/batch-1-replication-3.npy,batch-f5-null-transfer,12211258741212428820,6402163688779039470,6047725307045439636,0.18640169998980127,,,batch-f5-null-transfer-20260821-001
F5,X1,X2,f5-null-transfer,1,4,0.06236790590507301,0.185,residual_samples/batch-1-replication-4.csv,null_statistics/batch-1-replication-4.npy,batch-f5-null-transfer,11006640214671912956,13149269614365751794,15830796952981166506,0.1917296999890823,,,batch-f5-null-transfer-20260821-001
F5,X1,X2,f5-null-transfer,1,5,0.06567126305547874,0.17,residual_samples/batch-1-replication-5.csv,null_statistics/batch-1-replication-5.npy,batch-f5-null-transfer,2602402017208039453,17884309950635301486,7406160283426712660,0.1881686999986414,,,batch-f5-null-transfer-20260821-001
F5,X1,X2,f5-null-transfer,1,6,0.04139707078869913,0.95,residual_samples/batch-1-replication-6.csv,null_statistics/batch-1-replication-6.npy,batch-f5-null-transfer,2538297450231901991,17547676438065334602,6627560086694654734,0.1878242999955546,,,batch-f5-null-transfer-20260821-001
F5,X1,X2,f5-null-transfer,1,7,0.055399317401559164,0.37,residual_samples/batch-1-replication-7.csv,null_statistics/batch-1-replication-7.npy,batch-f5-null-transfer,13452874499276534414,1118918150505220191,11939941754506704385,0.18950649999896996,,,batch-f5-null-transfer-20260821-001
F5,X1,X2,f5-null-transfer,1,8,0.06942404618031807,0.105,residual_samples/batch-1-replication-8.csv,null_statistics/batch-1-replication-8.npy,batch-f5-null-transfer,2965558158749315261,8891712664961686780,6948155349552424854,0.18978129999595694,,,batch-f5-null-transfer-20260821-001
F5,X1,X2,f5-null-transfer,1,9,0.04828629760349615,0.735,residual_samples/batch-1-replication-9.csv,null_statistics/batch-1-replication-9.npy,batch-f5-null-transfer,10509452609531884365,13397516033586553668,301838157337025765,0.19005840001045726,,,batch-f5-null-transfer-20260821-001
F5,X1,X2,f5-null-transfer,2,0,0.06351836018043742,0.185,residual_samples/batch-2-replication-0.csv,null_statistics/batch-2-replication-0.npy,batch-f5-null-transfer,6180641676890662238,15274432942671797774,14802111095407394997,0.18832680000923574,,,batch-f5-null-transfer-20260821-001
F5,X1,X2,f5-null-transfer,2,1,0.0552016677795876,0.415,residual_samples/batch-2-replication-1.csv,null_statistics/batch-2-replication-1.npy,batch-f5-null-transfer,5068169006695166652,10517276831487032573,663762397119228885,0.19894279999425635,,,batch-f5-null-transfer-20260821-001
F5,X1,X2,f5-null-transfer,2,2,0.06709320326585644,0.15,residual_samples/batch-2-replication-2.csv,null_statistics/batch-2-replication-2.npy,batch-f5-null-transfer,16108398935732957367,8676520777678246265,18082734429019215124,0.19031010000617243,,,batch-f5-null-transfer-20260821-001
F5,X1,X2,f5-null-transfer,2,3,0.043458373360803444,0.865,residual_samples/batch-2-replication-3.csv,null_statistics/batch-2-replication-3.npy,batch-f5-null-transfer,1230320616329726406,7173603404017861659,947243806417261323,0.18979179998859763,,,batch-f5-null-transfer-20260821-001
F5,X1,X2,f5-null-transfer,2,4,0.039025265243568835,0.97,residual_samples/batch-2-replication-4.csv,null_statistics/batch-2-replication-4.npy,batch-f5-null-transfer,17893676967050749567,3425014729333241349,12066908987164075468,0.1873516999767162,,,batch-f5-null-transfer-20260821-001
F5,X1,X2,f5-null-transfer,2,5,0.05618678538189174,0.39,residual_samples/batch-2-replication-5.csv,null_statistics/batch-2-replication-5.npy,batch-f5-null-transfer,13577567095014110847,14881506098046745374,10784868333915146663,0.188142799976049,,,batch-f5-null-transfer-20260821-001
F5,X1,X2,f5-null-transfer,2,6,0.05657857999078277,0.375,residual_samples/batch-2-replication-6.csv,null_statistics/batch-2-replication-6.npy,batch-f5-null-transfer,8670138501491395141,14735255569761942919,4976784753871549256,0.18766200001118705,,,batch-f5-null-transfer-20260821-001
F5,X1,X2,f5-null-transfer,2,7,0.06376713942656773,0.21,residual_samples/batch-2-replication-7.csv,null_statistics/batch-2-replication-7.npy,batch-f5-null-transfer,10720544777153223061,16341892425644968213,6921781924455774906,0.19302259999676608,,,batch-f5-null-transfer-20260821-001
F5,X1,X2,f5-null-transfer,2,8,0.04443916466234174,0.86,residual_samples/batch-2-replication-8.csv,null_statistics/batch-2-replication-8.npy,batch-f5-null-transfer,44289493948908364,4704753653593824951,13187091296259421067,0.19959489998291247,,,batch-f5-null-transfer-20260821-001
F5,X1,X2,f5-null-transfer,2,9,0.05059420250109424,0.65,residual_samples/batch-2-replication-9.csv,null_statistics/batch-2-replication-9.npy,batch-f5-null-transfer,8656097437998309351,13393938339928473097,16150064440918308853,0.20678590002353303,,,batch-f5-null-transfer-20260821-001
F5,X1,X2,f5-null-transfer,3,0,0.05001822449887163,0.635,residual_samples/batch-3-replication-0.csv,null_statistics/batch-3-replication-0.npy,batch-f5-null-transfer,14925310556499394854,16574674522774777661,14405724116746460573,0.20866669999668375,,,batch-f5-null-transfer-20260821-001
F5,X1,X2,f5-null-transfer,3,1,0.07120269405369899,0.11,residual_samples/batch-3-replication-1.csv,null_statistics/batch-3-replication-1.npy,batch-f5-null-transfer,18058594018021416813,10409205617726566133,5251199266617409857,0.1926699000177905,,,batch-f5-null-transfer-20260821-001
F5,X1,X2,f5-null-transfer,3,2,0.0483433018760271,0.75,residual_samples/batch-3-replication-2.csv,null_statistics/batch-3-replication-2.npy,batch-f5-null-transfer,17532889505373848376,17165371686464940871,2876599619678383005,0.18728129999362864,,,batch-f5-null-transfer-20260821-001
F5,X1,X2,f5-null-transfer,3,3,0.0483792857227621,0.71,residual_samples/batch-3-replication-3.csv,null_statistics/batch-3-replication-3.npy,batch-f5-null-transfer,5727998567561203447,7584092611348452736,3175258064483234468,0.1870212000212632,,,batch-f5-null-transfer-20260821-001
F5,X1,X2,f5-null-transfer,3,4,0.07306358464221022,0.105,residual_samples/batch-3-replication-4.csv,null_statistics/batch-3-replication-4.npy,batch-f5-null-transfer,3921111059267480218,1824905268104545761,11225552879486465760,0.18803610000759363,,,batch-f5-null-transfer-20260821-001
F5,X1,X2,f5-null-transfer,3,5,0.05872666936733855,0.265,residual_samples/batch-3-replication-5.csv,null_statistics/batch-3-replication-5.npy,batch-f5-null-transfer,2453401364943621361,4181332391668307746,15994765416273040835,0.1905411999905482,,,batch-f5-null-transfer-20260821-001
F5,X1,X2,f5-null-transfer,3,6,0.059920609205222054,0.25,residual_samples/batch-3-replication-6.csv,null_statistics/batch-3-replication-6.npy,batch-f5-null-transfer,1393102012290914290,8068559684258607352,15701513369141961227,0.18723250000039116,,,batch-f5-null-transfer-20260821-001
F5,X1,X2,f5-null-transfer,3,7,0.1167091324023853,0.005,residual_samples/batch-3-replication-7.csv,null_statistics/batch-3-replication-7.npy,batch-f5-null-transfer,10722718412723175423,3361576374086869397,4378923698322255460,0.18519290001131594,,,batch-f5-null-transfer-20260821-001
F5,X1,X2,f5-null-transfer,3,8,0.037962906369423004,0.99,residual_samples/batch-3-replication-8.csv,null_statistics/batch-3-replication-8.npy,batch-f5-null-transfer,191456042047413092,4665920582961175245,10626607588823519988,0.18855570000596344,,,batch-f5-null-transfer-20260821-001
F5,X1,X2,f5-null-transfer,3,9,0.06050656780883385,0.275,residual_samples/batch-3-replication-9.csv,null_statistics/batch-3-replication-9.npy,batch-f5-null-transfer,1316192028230340700,5416960689631484975,15856566575108502675,0.1905927000043448,,,batch-f5-null-transfer-20260821-001
F5,X1,X2,f5-null-transfer,4,0,0.08191146393977365,0.03,residual_samples/batch-4-replication-0.csv,null_statistics/batch-4-replication-0.npy,batch-f5-null-transfer,18282248174084772201,1634236682305501199,12408943306098217819,0.19297540001571178,,,batch-f5-null-transfer-20260821-001
F5,X1,X2,f5-null-transfer,4,1,0.04926807884357305,0.7,residual_samples/batch-4-replication-1.csv,null_statistics/batch-4-replication-1.npy,batch-f5-null-transfer,4645651301034505677,10403074558054791413,9405627171614496308,0.19324940000660717,,,batch-f5-null-transfer-20260821-001
F5,X1,X2,f5-null-transfer,4,2,0.04292379952809396,0.915,residual_samples/batch-4-replication-2.csv,null_statistics/batch-4-replication-2.npy,batch-f5-null-transfer,7558031526368876179,5704325910048494630,6987321824323567766,0.18869380000978708,,,batch-f5-null-transfer-20260821-001
F5,X1,X2,f5-null-transfer,4,3,0.08389745416129842,0.01,residual_samples/batch-4-replication-3.csv,null_statistics/batch-4-replication-3.npy,batch-f5-null-transfer,2276885674975489209,1724459102898186261,9410560451465037765,0.19117220002226532,,,batch-f5-null-transfer-20260821-001
F5,X1,X2,f5-null-transfer,4,4,0.05972580053672666,0.235,residual_samples/batch-4-replication-4.csv,null_statistics/batch-4-replication-4.npy,batch-f5-null-transfer,16257752037794473372,13856894931650948256,8791439699464824,0.18501429999014363,,,batch-f5-null-transfer-20260821-001
F5,X1,X2,f5-null-transfer,4,5,0.06231437444098038,0.28,residual_samples/batch-4-replication-5.csv,null_statistics/batch-4-replication-5.npy,batch-f5-null-transfer,15883203108634561182,1887035145085018673,11586000161810339401,0.18643729999894276,,,batch-f5-null-transfer-20260821-001
F5,X1,X2,f5-null-transfer,4,6,0.05932827104327696,0.36,residual_samples/batch-4-replication-6.csv,null_statistics/batch-4-replication-6.npy,batch-f5-null-transfer,8294365180788943782,3177001202251368114,14868035653527948468,0.1841386999876704,,,batch-f5-null-transfer-20260821-001
F5,X1,X2,f5-null-transfer,4,7,0.051091386762589654,0.56,residual_samples/batch-4-replication-7.csv,null_statistics/batch-4-replication-7.npy,batch-f5-null-transfer,13276969503432723673,8809074403853089053,18315381481940107344,0.18430459999945015,,,batch-f5-null-transfer-20260821-001
F5,X1,X2,f5-null-transfer,4,8,0.05605715563601195,0.39,residual_samples/batch-4-replication-8.csv,null_statistics/batch-4-replication-8.npy,batch-f5-null-transfer,5798186990698140812,1956705321530487932,8786098022588260045,0.18405209999764338,,,batch-f5-null-transfer-20260821-001
F5,X1,X2,f5-null-transfer,4,9,0.07103869605710082,0.085,residual_samples/batch-4-replication-9.csv,null_statistics/batch-4-replication-9.npy,batch-f5-null-transfer,1880146976529089306,7478640525098410610,15678617595921132499,0.18711150001036003,,,batch-f5-null-transfer-20260821-001
F5,X1,X2,f5-null-transfer,5,0,0.056628515148407006,0.375,residual_samples/batch-5-replication-0.csv,null_statistics/batch-5-replication-0.npy,batch-f5-null-transfer,3551547751814794237,2124890492198343118,7287450316678962947,0.18429009997635148,,,batch-f5-null-transfer-20260821-001
F5,X1,X2,f5-null-transfer,5,1,0.051452216345143624,0.565,residual_samples/batch-5-replication-1.csv,null_statistics/batch-5-replication-1.npy,batch-f5-null-transfer,978703618963146382,17691697496314567689,6117119326947442259,0.18892899999627843,,,batch-f5-null-transfer-20260821-001
F5,X1,X2,f5-null-transfer,5,2,0.046321618030230494,0.83,residual_samples/batch-5-replication-2.csv,null_statistics/batch-5-replication-2.npy,batch-f5-null-transfer,2076479451968829799,4291318696911639132,9415518220500478067,0.18783999999868684,,,batch-f5-null-transfer-20260821-001
F5,X1,X2,f5-null-transfer,5,3,0.04768658708275563,0.74,residual_samples/batch-5-replication-3.csv,null_statistics/batch-5-replication-3.npy,batch-f5-null-transfer,6316515778255428675,4031224299839706126,9201540027758359959,0.1854814999969676,,,batch-f5-null-transfer-20260821-001
F5,X1,X2,f5-null-transfer,5,4,0.05574720693227081,0.43,residual_samples/batch-5-replication-4.csv,null_statistics/batch-5-replication-4.npy,batch-f5-null-transfer,5228278055242587633,13782783764654474359,14596007051045184575,0.18717069999547675,,,batch-f5-null-transfer-20260821-001
F5,X1,X2,f5-null-transfer,5,5,0.0709285994616779,0.08,residual_samples/batch-5-replication-5.csv,null_statistics/batch-5-replication-5.npy,batch-f5-null-transfer,6400999033497943313,2042144009477426635,5618486379122360956,0.18706189998192713,,,batch-f5-null-transfer-20260821-001
F5,X1,X2,f5-null-transfer,5,6,0.06568645292434151,0.18,residual_samples/batch-5-replication-6.csv,null_statistics/batch-5-replication-6.npy,batch-f5-null-transfer,3475714633290705010,11560563240005546994,4348632396062816686,0.18878979998407885,,,batch-f5-null-transfer-20260821-001
F5,X1,X2,f5-null-transfer,5,7,0.05330017990083018,0.49,residual_samples/batch-5-replication-7.csv,null_statistics/batch-5-replication-7.npy,batch-f5-null-transfer,5330260337693652343,4332772792199669929,3993405865555423753,0.18571910000173375,,,batch-f5-null-transfer-20260821-001
F5,X1,X2,f5-null-transfer,5,8,0.057628860789207016,0.365,residual_samples/batch-5-replication-8.csv,null_statistics/batch-5-replication-8.npy,batch-f5-null-transfer,10331505422784468417,7648089626807430408,9159340292523544380,0.18391110000084154,,,batch-f5-null-transfer-20260821-001
F5,X1,X2,f5-null-transfer,5,9,0.052057446490433534,0.545,residual_samples/batch-5-replication-9.csv,null_statistics/batch-5-replication-9.npy,batch-f5-null-transfer,4713950424368064950,10533372747546664184,15199404123130628941,0.1872165000240784,,,batch-f5-null-transfer-20260821-001
F5,X1,X2,f5-null-transfer,6,0,0.04315962926913597,0.88,residual_samples/batch-6-replication-0.csv,null_statistics/batch-6-replication-0.npy,batch-f5-null-transfer,4156305634693416266,3020867034205344689,11977480875909428031,0.18796879998990335,,,batch-f5-null-transfer-20260821-001
F5,X1,X2,f5-null-transfer,6,1,0.046740537426026546,0.78,residual_samples/batch-6-replication-1.csv,null_statistics/batch-6-replication-1.npy,batch-f5-null-transfer,12995855072707176504,1863951455687400882,6388145741119008251,0.18832330001168884,,,batch-f5-null-transfer-20260821-001
F5,X1,X2,f5-null-transfer,6,2,0.05878163841724479,0.355,residual_samples/batch-6-replication-2.csv,null_statistics/batch-6-replication-2.npy,batch-f5-null-transfer,8495907905583092416,2255954298344043314,5992425463713850255,0.1869738999812398,,,batch-f5-null-transfer-20260821-001
F5,X1,X2,f5-null-transfer,6,3,0.052967781920841825,0.53,residual_samples/batch-6-replication-3.csv,null_statistics/batch-6-replication-3.npy,batch-f5-null-transfer,5271253501584911982,4881398128984490765,3208762116130094078,0.18798990000505,,,batch-f5-null-transfer-20260821-001
F5,X1,X2,f5-null-transfer,6,4,0.056576896091738986,0.43,residual_samples/batch-6-replication-4.csv,null_statistics/batch-6-replication-4.npy,batch-f5-null-transfer,2473570729148916387,9572416923104565305,6110841880854977211,0.1864122000115458,,,batch-f5-null-transfer-20260821-001
F5,X1,X2,f5-null-transfer,6,5,0.05547764914679955,0.475,residual_samples/batch-6-replication-5.csv,null_statistics/batch-6-replication-5.npy,batch-f5-null-transfer,8315421297822822537,852554654445972369,8528782770101569193,0.18750549998367205,,,batch-f5-null-transfer-20260821-001
F5,X1,X2,f5-null-transfer,6,6,0.07286120949460068,0.04,residual_samples/batch-6-replication-6.csv,null_statistics/batch-6-replication-6.npy,batch-f5-null-transfer,102720243025965366,15017895473422351105,8387724315592362631,0.1873149999883026,,,batch-f5-null-transfer-20260821-001
F5,X1,X2,f5-null-transfer,6,7,0.0548959142467757,0.495,residual_samples/batch-6-replication-7.csv,null_statistics/batch-6-replication-7.npy,batch-f5-null-transfer,16713120965988934687,10719835666629772824,6431298856975201275,0.1861520000093151,,,batch-f5-null-transfer-20260821-001
F5,X1,X2,f5-null-transfer,6,8,0.050885800888891136,0.505,residual_samples/batch-6-replication-8.csv,null_statistics/batch-6-replication-8.npy,batch-f5-null-transfer,12350436586061250434,7771035035762721195,514053863818342216,0.18711530001019128,,,batch-f5-null-transfer-20260821-001
F5,X1,X2,f5-null-transfer,6,9,0.07616480235781596,0.055,residual_samples/batch-6-replication-9.csv,null_statistics/batch-6-replication-9.npy,batch-f5-null-transfer,17562911559526240353,8158149338239151851,4533238293926613239,0.18516680001630448,,,batch-f5-null-transfer-20260821-001
F5,X1,X2,f5-null-transfer,7,0,0.06837567345259607,0.135,residual_samples/batch-7-replication-0.csv,null_statistics/batch-7-replication-0.npy,batch-f5-null-transfer,4000828818353140428,362437993189719769,214000911142575957,0.18850970000494272,,,batch-f5-null-transfer-20260821-001
F5,X1,X2,f5-null-transfer,7,1,0.056759010642224945,0.3,residual_samples/batch-7-replication-1.csv,null_statistics/batch-7-replication-1.npy,batch-f5-null-transfer,9568743009611641087,6195849154851618063,5903302269502696343,0.1846376000030432,,,batch-f5-null-transfer-20260821-001
F5,X1,X2,f5-null-transfer,7,2,0.045319200205678596,0.825,residual_samples/batch-7-replication-2.csv,null_statistics/batch-7-replication-2.npy,batch-f5-null-transfer,6899345799921892530,8879129918303922512,7466960376419231604,0.18638500000815839,,,batch-f5-null-transfer-20260821-001
F5,X1,X2,f5-null-transfer,7,3,0.04816750574278262,0.71,residual_samples/batch-7-replication-3.csv,null_statistics/batch-7-replication-3.npy,batch-f5-null-transfer,2419580692655453782,6495494088892859745,15644109623207624729,0.18766289998893626,,,batch-f5-null-transfer-20260821-001
F5,X1,X2,f5-null-transfer,7,4,0.06233745388098274,0.165,residual_samples/batch-7-replication-4.csv,null_statistics/batch-7-replication-4.npy,batch-f5-null-transfer,13140869614347589413,224474287610349068,14522977934100924308,0.18716510001104325,,,batch-f5-null-transfer-20260821-001
F5,X1,X2,f5-null-transfer,7,5,0.04389752458235741,0.915,residual_samples/batch-7-replication-5.csv,null_statistics/batch-7-replication-5.npy,batch-f5-null-transfer,10135955951415340530,7239095822531323001,5627844766070412202,0.1875075999996625,,,batch-f5-null-transfer-20260821-001
F5,X1,X2,f5-null-transfer,7,6,0.04623865769856667,0.795,residual_samples/batch-7-replication-6.csv,null_statistics/batch-7-replication-6.npy,batch-f5-null-transfer,2034432901949116860,6554922864066263668,6025050977672044055,0.18991320001077838,,,batch-f5-null-transfer-20260821-001
F5,X1,X2,f5-null-transfer,7,7,0.07190447523090185,0.09,residual_samples/batch-7-replication-7.csv,null_statistics/batch-7-replication-7.npy,batch-f5-null-transfer,4509552935294314054,6279364216953191917,491576631103555700,0.19357989999116398,,,batch-f5-null-transfer-20260821-001
F5,X1,X2,f5-null-transfer,7,8,0.06448566116175694,0.175,residual_samples/batch-7-replication-8.csv,null_statistics/batch-7-replication-8.npy,batch-f5-null-transfer,8558036192464357428,785358606283836403,3474398397873207929,0.19460170000093058,,,batch-f5-null-transfer-20260821-001
F5,X1,X2,f5-null-transfer,7,9,0.08003957651871191,0.03,residual_samples/batch-7-replication-9.csv,null_statistics/batch-7-replication-9.npy,batch-f5-null-transfer,17381057837990871493,13029327838065462266,15218671979900228491,0.1932944000000134,,,batch-f5-null-transfer-20260821-001
F5,X1,X2,f5-null-transfer,8,0,0.0467705304771056,0.725,residual_samples/batch-8-replication-0.csv,null_statistics/batch-8-replication-0.npy,batch-f5-null-transfer,2631867307997917688,9730397143870358425,18231492292469535552,0.19503370000165887,,,batch-f5-null-transfer-20260821-001
F5,X1,X2,f5-null-transfer,8,1,0.04198615087361551,0.91,residual_samples/batch-8-replication-1.csv,null_statistics/batch-8-replication-1.npy,batch-f5-null-transfer,3266200084951062637,5790652678251760445,8289136332223693685,0.18857860000571236,,,batch-f5-null-transfer-20260821-001
F5,X1,X2,f5-null-transfer,8,2,0.06690386670615232,0.16,residual_samples/batch-8-replication-2.csv,null_statistics/batch-8-replication-2.npy,batch-f5-null-transfer,1463806999560506393,16383611373932610898,3976993006793751754,0.18717750001815148,,,batch-f5-null-transfer-20260821-001
F5,X1,X2,f5-null-transfer,8,3,0.06633180782069306,0.115,residual_samples/batch-8-replication-3.csv,null_statistics/batch-8-replication-3.npy,batch-f5-null-transfer,6111424445080302461,2384567883984453729,7862546644402456846,0.18458420000388287,,,batch-f5-null-transfer-20260821-001
F5,X1,X2,f5-null-transfer,8,4,0.0867955008769222,0.035,residual_samples/batch-8-replication-4.csv,null_statistics/batch-8-replication-4.npy,batch-f5-null-transfer,8091915321815272706,7760528019180549374,12541491275790710176,0.18623709998792037,,,batch-f5-null-transfer-20260821-001
F5,X1,X2,f5-null-transfer,8,5,0.054849473355459845,0.42,residual_samples/batch-8-replication-5.csv,null_statistics/batch-8-replication-5.npy,batch-f5-null-transfer,9134998454735777473,4605249455375224276,12391689094450055225,0.18663179999566637,,,batch-f5-null-transfer-20260821-001
F5,X1,X2,f5-null-transfer,8,6,0.06916462156564677,0.135,residual_samples/batch-8-replication-6.csv,null_statistics/batch-8-replication-6.npy,batch-f5-null-transfer,6266403049844289306,12718134915472686931,16036262216510880459,0.18628549997811206,,,batch-f5-null-transfer-20260821-001
F5,X1,X2,f5-null-transfer,8,7,0.05155017843049203,0.635,residual_samples/batch-8-replication-7.csv,null_statistics/batch-8-replication-7.npy,batch-f5-null-transfer,15883793061629661588,12827137985931589253,4604132356077545505,0.18718549999175593,,,batch-f5-null-transfer-20260821-001
F5,X1,X2,f5-null-transfer,8,8,0.047708806471174606,0.71,residual_samples/batch-8-replication-8.csv,null_statistics/batch-8-replication-8.npy,batch-f5-null-transfer,1435465209056797300,8690849965394918398,1975977951860942249,0.18511759999091737,,,batch-f5-null-transfer-20260821-001
F5,X1,X2,f5-null-transfer,8,9,0.058593044921110164,0.28,residual_samples/batch-8-replication-9.csv,null_statistics/batch-8-replication-9.npy,batch-f5-null-transfer,2423439855172018382,1001946859538393705,13688362191247673452,0.18409460000111721,,,batch-f5-null-transfer-20260821-001
F5,X1,X2,f5-null-transfer,9,0,0.05143302349947617,0.575,residual_samples/batch-9-replication-0.csv,null_statistics/batch-9-replication-0.npy,batch-f5-null-transfer,4538311167764139091,11272154624415040014,17408363071650979563,0.18406050000339746,,,batch-f5-null-transfer-20260821-001
F5,X1,X2,f5-null-transfer,9,1,0.04287046221602189,0.895,residual_samples/batch-9-replication-1.csv,null_statistics/batch-9-replication-1.npy,batch-f5-null-transfer,12822507804209285953,15903510590198875509,5956261617364183926,0.18449309997959062,,,batch-f5-null-transfer-20260821-001
F5,X1,X2,f5-null-transfer,9,2,0.07295125971484606,0.055,residual_samples/batch-9-replication-2.csv,null_statistics/batch-9-replication-2.npy,batch-f5-null-transfer,3406946966182146805,3883162483317653560,10723560673759136518,0.18775989999994636,,,batch-f5-null-transfer-20260821-001
F5,X1,X2,f5-null-transfer,9,3,0.06532103311824074,0.125,residual_samples/batch-9-replication-3.csv,null_statistics/batch-9-replication-3.npy,batch-f5-null-transfer,14652447832883900003,14075382033885069605,12933222451289022817,0.18494330000248738,,,batch-f5-null-transfer-20260821-001
F5,X1,X2,f5-null-transfer,9,4,0.057115674008021006,0.31,residual_samples/batch-9-replication-4.csv,null_statistics/batch-9-replication-4.npy,batch-f5-null-transfer,3843219262220626883,1178843704919720297,12785183114364442101,0.18351840000832453,,,batch-f5-null-transfer-20260821-001
F5,X1,X2,f5-null-transfer,9,5,0.04783580844134065,0.73,residual_samples/batch-9-replication-5.csv,null_statistics/batch-9-replication-5.npy,batch-f5-null-transfer,11242532864845680386,17527489638052372645,5495165759390398780,0.1841098000004422,,,batch-f5-null-transfer-20260821-001
F5,X1,X2,f5-null-transfer,9,6,0.05400425714859959,0.46,residual_samples/batch-9-replication-6.csv,null_statistics/batch-9-replication-6.npy,batch-f5-null-transfer,9634372488269051820,4932923236667333119,13184044403908614108,0.18369810000876896,,,batch-f5-null-transfer-20260821-001
F5,X1,X2,f5-null-transfer,9,7,0.05371650702831631,0.475,residual_samples/batch-9-replication-7.csv,null_statistics/batch-9-replication-7.npy,batch-f5-null-transfer,637736686946643915,9383137166962882362,10605241930362538721,0.185545300017111,,,batch-f5-null-transfer-20260821-001
F5,X1,X2,f5-null-transfer,9,8,0.07131377592013506,0.11,residual_samples/batch-9-replication-8.csv,null_statistics/batch-9-replication-8.npy,batch-f5-null-transfer,15602803957728327200,5072804811890734157,18286887374697571321,0.188317400024971,,,batch-f5-null-transfer-20260821-001
F5,X1,X2,f5-null-transfer,9,9,0.05683514826494913,0.335,residual_samples/batch-9-replication-9.csv,null_statistics/batch-9-replication-9.npy,batch-f5-null-transfer,2970316144157042636,15837037847899510020,7005104976166930547,0.19056329998420551,,,batch-f5-null-transfer-20260821-001
F5,X1,X2,f5-null-transfer,10,0,0.07177832145979422,0.125,residual_samples/batch-10-replication-0.csv,null_statistics/batch-10-replication-0.npy,batch-f5-null-transfer,12005700629596158293,11224657937129657382,8537889458181940684,0.18561650000629015,,,batch-f5-null-transfer-20260821-001
F5,X1,X2,f5-null-transfer,10,1,0.05725359905138086,0.435,residual_samples/batch-10-replication-1.csv,null_statistics/batch-10-replication-1.npy,batch-f5-null-transfer,2962402290731460843,14733936684456451265,6711411242984074269,0.18615609998232685,,,batch-f5-null-transfer-20260821-001
F5,X1,X2,f5-null-transfer,10,2,0.06706574411419941,0.09,residual_samples/batch-10-replication-2.csv,null_statistics/batch-10-replication-2.npy,batch-f5-null-transfer,5206154699941956993,16533691981685946326,8015889668835420718,0.18768329999875277,,,batch-f5-null-transfer-20260821-001
F5,X1,X2,f5-null-transfer,10,3,0.047350139953762194,0.745,residual_samples/batch-10-replication-3.csv,null_statistics/batch-10-replication-3.npy,batch-f5-null-transfer,999705520666529840,18255078333289381907,5965013005473896282,0.18783030001213774,,,batch-f5-null-transfer-20260821-001
F5,X1,X2,f5-null-transfer,10,4,0.05571020621794432,0.38,residual_samples/batch-10-replication-4.csv,null_statistics/batch-10-replication-4.npy,batch-f5-null-transfer,1199055242295551814,12394019799021355072,11750409230467307810,0.18870300002163276,,,batch-f5-null-transfer-20260821-001
F5,X1,X2,f5-null-transfer,10,5,0.053607519263493206,0.45,residual_samples/batch-10-replication-5.csv,null_statistics/batch-10-replication-5.npy,batch-f5-null-transfer,2938322152777594122,9614678282118272519,4630222027219435116,0.18736499999067746,,,batch-f5-null-transfer-20260821-001
F5,X1,X2,f5-null-transfer,10,6,0.034548667557751746,1.0,residual_samples/batch-10-replication-6.csv,null_statistics/batch-10-replication-6.npy,batch-f5-null-transfer,14938058393930551552,7923000543998407545,6240123199956573970,0.18771669999114238,,,batch-f5-null-transfer-20260821-001
F5,X1,X2,f5-null-transfer,10,7,0.057434326653974674,0.375,residual_samples/batch-10-replication-7.csv,null_statistics/batch-10-replication-7.npy,batch-f5-null-transfer,2393064985242201636,6441135277097353113,2880886489903905193,0.18687059998046607,,,batch-f5-null-transfer-20260821-001
F5,X1,X2,f5-null-transfer,10,8,0.04046179410270553,0.945,residual_samples/batch-10-replication-8.csv,null_statistics/batch-10-replication-8.npy,batch-f5-null-transfer,4714426167731451998,4561276559282460425,4793077776806766948,0.18740180000895634,,,batch-f5-null-transfer-20260821-001
F5,X1,X2,f5-null-transfer,10,9,0.053722946411896656,0.45,residual_samples/batch-10-replication-9.csv,null_statistics/batch-10-replication-9.npy,batch-f5-null-transfer,15302097025662752790,8297690937827416157,1645086733314712449,0.18635030000586994,,,batch-f5-null-transfer-20260821-001
F5,X1,X2,f5-null-transfer,11,0,0.042909932684878305,0.915,residual_samples/batch-11-replication-0.csv,null_statistics/batch-11-replication-0.npy,batch-f5-null-transfer,15722548275385981621,4825374250492045677,16374050895403351152,0.18818299999111332,,,batch-f5-null-transfer-20260821-001
F5,X1,X2,f5-null-transfer,11,1,0.05193413864797144,0.645,residual_samples/batch-11-replication-1.csv,null_statistics/batch-11-replication-1.npy,batch-f5-null-transfer,14539593899048103889,4574935493678104737,4739959738977603976,0.18663209999795072,,,batch-f5-null-transfer-20260821-001
F5,X1,X2,f5-null-transfer,11,2,0.06453212522727271,0.185,residual_samples/batch-11-replication-2.csv,null_statistics/batch-11-replication-2.npy,batch-f5-null-transfer,16480815792548292153,15298566658429668838,6755342837878682314,0.18758130000787787,,,batch-f5-null-transfer-20260821-001
F5,X1,X2,f5-null-transfer,11,3,0.06487122763876461,0.19,residual_samples/batch-11-replication-3.csv,null_statistics/batch-11-replication-3.npy,batch-f5-null-transfer,8354317549903319837,563776954977713727,12340820776705936995,0.18639689998235554,,,batch-f5-null-transfer-20260821-001
F5,X1,X2,f5-null-transfer,11,4,0.05932173608831334,0.3,residual_samples/batch-11-replication-4.csv,null_statistics/batch-11-replication-4.npy,batch-f5-null-transfer,5760711083686365217,11543361827306553811,3248304559192488138,0.19311880000168458,,,batch-f5-null-transfer-20260821-001
F5,X1,X2,f5-null-transfer,11,5,0.05183925616577319,0.525,residual_samples/batch-11-replication-5.csv,null_statistics/batch-11-replication-5.npy,batch-f5-null-transfer,1035353843462846830,3873149826099290092,6401838835417489670,0.19468739998410456,,,batch-f5-null-transfer-20260821-001
F5,X1,X2,f5-null-transfer,11,6,0.047445095488975964,0.69,residual_samples/batch-11-replication-6.csv,null_statistics/batch-11-replication-6.npy,batch-f5-null-transfer,6324482421676993188,10130272202703937452,9331693009820715751,0.1941606999898795,,,batch-f5-null-transfer-20260821-001
F5,X1,X2,f5-null-transfer,11,7,0.055217893306193686,0.44,residual_samples/batch-11-replication-7.csv,null_statistics/batch-11-replication-7.npy,batch-f5-null-transfer,2932022466099552875,7438370757843568864,10523960616847145278,0.19154639999032952,,,batch-f5-null-transfer-20260821-001
F5,X1,X2,f5-null-transfer,11,8,0.04345057270681255,0.865,residual_samples/batch-11-replication-8.csv,null_statistics/batch-11-replication-8.npy,batch-f5-null-transfer,10921347406604534908,5892845424696419297,5985272972066673210,0.18904150000889786,,,batch-f5-null-transfer-20260821-001
F5,X1,X2,f5-null-transfer,11,9,0.05074963517016118,0.585,residual_samples/batch-11-replication-9.csv,null_statistics/batch-11-replication-9.npy,batch-f5-null-transfer,9677931670303170989,5329240008926683237,13850497448065355875,0.18783420001273043,,,batch-f5-null-transfer-20260821-001
F5,X1,X2,f5-null-transfer,12,0,0.06785760441357575,0.14,residual_samples/batch-12-replication-0.csv,null_statistics/batch-12-replication-0.npy,batch-f5-null-transfer,14580769558589344154,5327911923059389613,11310123750958886017,0.19090800001868047,,,batch-f5-null-transfer-20260821-001
F5,X1,X2,f5-null-transfer,12,1,0.049369655441205695,0.66,residual_samples/batch-12-replication-1.csv,null_statistics/batch-12-replication-1.npy,batch-f5-null-transfer,7728365553859246318,6943530303751483626,9575445369556037078,0.1873026000102982,,,batch-f5-null-transfer-20260821-001
F5,X1,X2,f5-null-transfer,12,2,0.049580044305541034,0.675,residual_samples/batch-12-replication-2.csv,null_statistics/batch-12-replication-2.npy,batch-f5-null-transfer,2642689909604909480,18102706277690899940,8560893564991481346,0.18737470000633039,,,batch-f5-null-transfer-20260821-001
F5,X1,X2,f5-null-transfer,12,3,0.05087491648793715,0.62,residual_samples/batch-12-replication-3.csv,null_statistics/batch-12-replication-3.npy,batch-f5-null-transfer,15050303373473404143,5843754483128792368,10429755218835435877,0.18688220001058653,,,batch-f5-null-transfer-20260821-001
F5,X1,X2,f5-null-transfer,12,4,0.06215988613314142,0.2,residual_samples/batch-12-replication-4.csv,null_statistics/batch-12-replication-4.npy,batch-f5-null-transfer,4117763174850037807,2105869244205747121,3958729010729159472,0.1869384000019636,,,batch-f5-null-transfer-20260821-001
F5,X1,X2,f5-null-transfer,12,5,0.06413541659355176,0.18,residual_samples/batch-12-replication-5.csv,null_statistics/batch-12-replication-5.npy,batch-f5-null-transfer,1108794694464195075,11913340718020726491,12495864214935227256,0.1897014999995008,,,batch-f5-null-transfer-20260821-001
F5,X1,X2,f5-null-transfer,12,6,0.07207038672809003,0.06,residual_samples/batch-12-replication-6.csv,null_statistics/batch-12-replication-6.npy,batch-f5-null-transfer,11067067582203996073,18400276939032821123,10065561346730842522,0.18567939999047667,,,batch-f5-null-transfer-20260821-001
F5,X1,X2,f5-null-transfer,12,7,0.04442928827212077,0.865,residual_samples/batch-12-replication-7.csv,null_statistics/batch-12-replication-7.npy,batch-f5-null-transfer,14802490157402504712,11863915413678988061,6419334338533334298,0.18596540001453832,,,batch-f5-null-transfer-20260821-001
F5,X1,X2,f5-null-transfer,12,8,0.04928145837855497,0.67,residual_samples/batch-12-replication-8.csv,null_statistics/batch-12-replication-8.npy,batch-f5-null-transfer,18133279853916325981,6997862537367190887,10321183105631713880,0.1957704999949783,,,batch-f5-null-transfer-20260821-001
F5,X1,X2,f5-null-transfer,12,9,0.05481638897634354,0.45,residual_samples/batch-12-replication-9.csv,null_statistics/batch-12-replication-9.npy,batch-f5-null-transfer,12414836223702996972,14905574487449816320,6535038977377102202,0.18593700000201352,,,batch-f5-null-transfer-20260821-001
F5,X1,X2,f5-null-transfer,13,0,0.07097524076340866,0.095,residual_samples/batch-13-replication-0.csv,null_statistics/batch-13-replication-0.npy,batch-f5-null-transfer,3620182914168554360,10297571926608434412,7724699132185347927,0.18866080002044328,,,batch-f5-null-transfer-20260821-001
F5,X1,X2,f5-null-transfer,13,1,0.07161955224533417,0.11,residual_samples/batch-13-replication-1.csv,null_statistics/batch-13-replication-1.npy,batch-f5-null-transfer,1443555044995548849,2069996834617319320,12001830485414777847,0.18854619999183342,,,batch-f5-null-transfer-20260821-001
F5,X1,X2,f5-null-transfer,13,2,0.05056414921513639,0.615,residual_samples/batch-13-replication-2.csv,null_statistics/batch-13-replication-2.npy,batch-f5-null-transfer,14503537424206096233,11941375850064390832,9468711554872157674,0.1857968999829609,,,batch-f5-null-transfer-20260821-001
F5,X1,X2,f5-null-transfer,13,3,0.066547595965014,0.12,residual_samples/batch-13-replication-3.csv,null_statistics/batch-13-replication-3.npy,batch-f5-null-transfer,5147526112987381227,10161883453850208576,4423969179036382211,0.1864965000131633,,,batch-f5-null-transfer-20260821-001
F5,X1,X2,f5-null-transfer,13,4,0.05481612133453479,0.455,residual_samples/batch-13-replication-4.csv,null_statistics/batch-13-replication-4.npy,batch-f5-null-transfer,11766088999579754667,15505083228292751003,9458516854982275713,0.1860871000098996,,,batch-f5-null-transfer-20260821-001
F5,X1,X2,f5-null-transfer,13,5,0.04583365765148784,0.805,residual_samples/batch-13-replication-5.csv,null_statistics/batch-13-replication-5.npy,batch-f5-null-transfer,14020254624110375170,8568276965632678295,5300794740608455967,0.1878638000052888,,,batch-f5-null-transfer-20260821-001
F5,X1,X2,f5-null-transfer,13,6,0.06355098123348155,0.175,residual_samples/batch-13-replication-6.csv,null_statistics/batch-13-replication-6.npy,batch-f5-null-transfer,18247387302752648980,7054005209937754861,2942008985650817815,0.19032439999864437,,,batch-f5-null-transfer-20260821-001
F5,X1,X2,f5-null-transfer,13,7,0.07887158769128397,0.025,residual_samples/batch-13-replication-7.csv,null_statistics/batch-13-replication-7.npy,batch-f5-null-transfer,16680935448035120964,18264187051361143861,17178750282574704403,0.18896890000905842,,,batch-f5-null-transfer-20260821-001
F5,X1,X2,f5-null-transfer,13,8,0.047736973788105014,0.7,residual_samples/batch-13-replication-8.csv,null_statistics/batch-13-replication-8.npy,batch-f5-null-transfer,14146311105580614625,5024763021509239854,13043747420974877864,0.18654000002425164,,,batch-f5-null-transfer-20260821-001
F5,X1,X2,f5-null-transfer,13,9,0.0724311109161461,0.11,residual_samples/batch-13-replication-9.csv,null_statistics/batch-13-replication-9.npy,batch-f5-null-transfer,10535741788429802841,10139096442459346995,10121828820381895294,0.18775359998107888,,,batch-f5-null-transfer-20260821-001
F5,X1,X2,f5-null-transfer,14,0,0.0753491531611765,0.07,residual_samples/batch-14-replication-0.csv,null_statistics/batch-14-replication-0.npy,batch-f5-null-transfer,8017713724117417206,10081565084947961329,14409966704102519150,0.18775449998793192,,,batch-f5-null-transfer-20260821-001
F5,X1,X2,f5-null-transfer,14,1,0.042569948301915274,0.925,residual_samples/batch-14-replication-1.csv,null_statistics/batch-14-replication-1.npy,batch-f5-null-transfer,15655191299611517955,1727057708560572672,5950956825011279169,0.1875544000067748,,,batch-f5-null-transfer-20260821-001
F5,X1,X2,f5-null-transfer,14,2,0.0604348022291807,0.265,residual_samples/batch-14-replication-2.csv,null_statistics/batch-14-replication-2.npy,batch-f5-null-transfer,5428906658041131792,1475650187840371535,15091794143286446519,0.18798409998998977,,,batch-f5-null-transfer-20260821-001
F5,X1,X2,f5-null-transfer,14,3,0.053656205085051645,0.485,residual_samples/batch-14-replication-3.csv,null_statistics/batch-14-replication-3.npy,batch-f5-null-transfer,15185877909738403176,15281249356877782362,10701699669239846750,0.18536560001666658,,,batch-f5-null-transfer-20260821-001
F5,X1,X2,f5-null-transfer,14,4,0.05333385927123679,0.44,residual_samples/batch-14-replication-4.csv,null_statistics/batch-14-replication-4.npy,batch-f5-null-transfer,505019621798036951,13860532609462204911,17810277782609249220,0.18682350000017323,,,batch-f5-null-transfer-20260821-001
F5,X1,X2,f5-null-transfer,14,5,0.08324661591385234,0.035,residual_samples/batch-14-replication-5.csv,null_statistics/batch-14-replication-5.npy,batch-f5-null-transfer,3569636160267447571,10355995794956022270,9335046843068481354,0.18722669998533092,,,batch-f5-null-transfer-20260821-001
F5,X1,X2,f5-null-transfer,14,6,0.05800546386139364,0.255,residual_samples/batch-14-replication-6.csv,null_statistics/batch-14-replication-6.npy,batch-f5-null-transfer,9727029012440958264,5641027478126045939,16500035241279031276,0.18675380002241582,,,batch-f5-null-transfer-20260821-001
F5,X1,X2,f5-null-transfer,14,7,0.040426772705506535,0.96,residual_samples/batch-14-replication-7.csv,null_statistics/batch-14-replication-7.npy,batch-f5-null-transfer,5305330032927693755,9416362652015203335,1283056978735274593,0.19369419998838566,,,batch-f5-null-transfer-20260821-001
F5,X1,X2,f5-null-transfer,14,8,0.09833643948131557,0.015,residual_samples/batch-14-replication-8.csv,null_statistics/batch-14-replication-8.npy,batch-f5-null-transfer,16053633026645328191,16406722346034540521,13961725183600194572,0.18727930000750348,,,batch-f5-null-transfer-20260821-001
F5,X1,X2,f5-null-transfer,14,9,0.04931976142175161,0.67,residual_samples/batch-14-replication-9.csv,null_statistics/batch-14-replication-9.npy,batch-f5-null-transfer,951728309111803145,10120782953513999718,3638484509597261495,0.18874039998627268,,,batch-f5-null-transfer-20260821-001
F5,X1,X2,f5-null-transfer,15,0,0.09606228771498913,0.015,residual_samples/batch-15-replication-0.csv,null_statistics/batch-15-replication-0.npy,batch-f5-null-transfer,17672890277950040339,1167232112228316500,2907216319827716902,0.18813829999999143,,,batch-f5-null-transfer-20260821-001
F5,X1,X2,f5-null-transfer,15,1,0.06806893034923656,0.12,residual_samples/batch-15-replication-1.csv,null_statistics/batch-15-replication-1.npy,batch-f5-null-transfer,14048352892378276939,3681596332152169666,2724311558316031481,0.19476250000298023,,,batch-f5-null-transfer-20260821-001
F5,X1,X2,f5-null-transfer,15,2,0.053560266538337016,0.445,residual_samples/batch-15-replication-2.csv,null_statistics/batch-15-replication-2.npy,batch-f5-null-transfer,13084549860705182371,7015827576666917661,3329114982728097328,0.194876599998679,,,batch-f5-null-transfer-20260821-001
F5,X1,X2,f5-null-transfer,15,3,0.08322838270821846,0.03,residual_samples/batch-15-replication-3.csv,null_statistics/batch-15-replication-3.npy,batch-f5-null-transfer,2676400347555620585,4587525162649778261,8616009186038583867,0.19252899999264628,,,batch-f5-null-transfer-20260821-001
F5,X1,X2,f5-null-transfer,15,4,0.043939715506835786,0.88,residual_samples/batch-15-replication-4.csv,null_statistics/batch-15-replication-4.npy,batch-f5-null-transfer,1348452186799066013,15662294592062591097,10238962594071018802,0.19309650000650436,,,batch-f5-null-transfer-20260821-001
F5,X1,X2,f5-null-transfer,15,5,0.0700494495498555,0.105,residual_samples/batch-15-replication-5.csv,null_statistics/batch-15-replication-5.npy,batch-f5-null-transfer,3691997894275997756,6518729024979666982,9681136177896561822,0.18936449999455363,,,batch-f5-null-transfer-20260821-001
F5,X1,X2,f5-null-transfer,15,6,0.054157833034187045,0.42,residual_samples/batch-15-replication-6.csv,null_statistics/batch-15-replication-6.npy,batch-f5-null-transfer,4573868898874375146,5852391313744651921,386317307852376599,0.18756270001176745,,,batch-f5-null-transfer-20260821-001
F5,X1,X2,f5-null-transfer,15,7,0.047383707642891404,0.82,residual_samples/batch-15-replication-7.csv,null_statistics/batch-15-replication-7.npy,batch-f5-null-transfer,9617442802616329943,11128909407033719557,13458809127186653436,0.18812430000980385,,,batch-f5-null-transfer-20260821-001
F5,X1,X2,f5-null-transfer,15,8,0.06837734893487427,0.14,residual_samples/batch-15-replication-8.csv,null_statistics/batch-15-replication-8.npy,batch-f5-null-transfer,9416315009946426067,11486515778077730135,1153256656664353831,0.18666820001089945,,,batch-f5-null-transfer-20260821-001
F5,X1,X2,f5-null-transfer,15,9,0.058093630510724796,0.28,residual_samples/batch-15-replication-9.csv,null_statistics/batch-15-replication-9.npy,batch-f5-null-transfer,3940340422546373628,11390499031358401197,2736398390294479274,0.18719060000148602,,,batch-f5-null-transfer-20260821-001
F5,X1,X2,f5-null-transfer,16,0,0.04533357025440734,0.78,residual_samples/batch-16-replication-0.csv,null_statistics/batch-16-replication-0.npy,batch-f5-null-transfer,14815193093638042245,2378352321198416333,9325355622941529932,0.1886917999945581,,,batch-f5-null-transfer-20260821-001
F5,X1,X2,f5-null-transfer,16,1,0.05313226792268888,0.57,residual_samples/batch-16-replication-1.csv,null_statistics/batch-16-replication-1.npy,batch-f5-null-transfer,3499571786458679266,9246489893015286311,815689153556059031,0.1876914000022225,,,batch-f5-null-transfer-20260821-001
F5,X1,X2,f5-null-transfer,16,2,0.0598878382459486,0.24,residual_samples/batch-16-replication-2.csv,null_statistics/batch-16-replication-2.npy,batch-f5-null-transfer,2055003910037933438,12902520103037628483,1537579516500503732,0.18982530001085252,,,batch-f5-null-transfer-20260821-001
F5,X1,X2,f5-null-transfer,16,3,0.05466987073198373,0.47,residual_samples/batch-16-replication-3.csv,null_statistics/batch-16-replication-3.npy,batch-f5-null-transfer,9678726024930733712,5481040167979755326,13427691271645402608,0.19125140001415275,,,batch-f5-null-transfer-20260821-001
F5,X1,X2,f5-null-transfer,16,4,0.0524969796703599,0.52,residual_samples/batch-16-replication-4.csv,null_statistics/batch-16-replication-4.npy,batch-f5-null-transfer,288839242494620361,11444159048374023883,8836281764417606576,0.18896679999306798,,,batch-f5-null-transfer-20260821-001
F5,X1,X2,f5-null-transfer,16,5,0.043917238215350804,0.87,residual_samples/batch-16-replication-5.csv,null_statistics/batch-16-replication-5.npy,batch-f5-null-transfer,8041280375639754636,135153399997249867,16549705670916901520,0.18813480000244454,,,batch-f5-null-transfer-20260821-001
F5,X1,X2,f5-null-transfer,16,6,0.05134297622353752,0.545,residual_samples/batch-16-replication-6.csv,null_statistics/batch-16-replication-6.npy,batch-f5-null-transfer,6049828001179189383,16070047649720793325,8973501969419368162,0.18892820001929067,,,batch-f5-null-transfer-20260821-001
F5,X1,X2,f5-null-transfer,16,7,0.03908353308944647,0.985,residual_samples/batch-16-replication-7.csv,null_statistics/batch-16-replication-7.npy,batch-f5-null-transfer,16125201954783991673,17259796248124583318,12289762244819510738,0.1883135000243783,,,batch-f5-null-transfer-20260821-001
F5,X1,X2,f5-null-transfer,16,8,0.0656050617754243,0.185,residual_samples/batch-16-replication-8.csv,null_statistics/batch-16-replication-8.npy,batch-f5-null-transfer,5173107959356573874,10448260144401553083,1178830308277816949,0.1904768999957014,,,batch-f5-null-transfer-20260821-001
F5,X1,X2,f5-null-transfer,16,9,0.05467397494591869,0.49,residual_samples/batch-16-replication-9.csv,null_statistics/batch-16-replication-9.npy,batch-f5-null-transfer,2311722496184688721,16577947148452898600,1809731366461593199,0.18857949998346157,,,batch-f5-null-transfer-20260821-001
F5,X1,X2,f5-null-transfer,17,0,0.05109219191124434,0.565,residual_samples/batch-17-replication-0.csv,null_statistics/batch-17-replication-0.npy,batch-f5-null-transfer,2156409415454660798,163676143777475695,3383646200051743249,0.18948400000226684,,,batch-f5-null-transfer-20260821-001
F5,X1,X2,f5-null-transfer,17,1,0.050129232957374745,0.685,residual_samples/batch-17-replication-1.csv,null_statistics/batch-17-replication-1.npy,batch-f5-null-transfer,12377087817414647790,1486615343613652713,17420799098805242108,0.188287400000263,,,batch-f5-null-transfer-20260821-001
F5,X1,X2,f5-null-transfer,17,2,0.05043778801078791,0.65,residual_samples/batch-17-replication-2.csv,null_statistics/batch-17-replication-2.npy,batch-f5-null-transfer,9837687264591864230,11898315957759347440,16650791537886597047,0.1948495999968145,,,batch-f5-null-transfer-20260821-001
F5,X1,X2,f5-null-transfer,17,3,0.05132150964819437,0.585,residual_samples/batch-17-replication-3.csv,null_statistics/batch-17-replication-3.npy,batch-f5-null-transfer,13518332515573553726,8761407319751957312,12954558505632936150,0.19260229999781586,,,batch-f5-null-transfer-20260821-001
F5,X1,X2,f5-null-transfer,17,4,0.044095845023495076,0.865,residual_samples/batch-17-replication-4.csv,null_statistics/batch-17-replication-4.npy,batch-f5-null-transfer,6895433875323727163,14321581176419902528,7162350239156041020,0.19792199999210425,,,batch-f5-null-transfer-20260821-001
F5,X1,X2,f5-null-transfer,17,5,0.07071200064497736,0.09,residual_samples/batch-17-replication-5.csv,null_statistics/batch-17-replication-5.npy,batch-f5-null-transfer,600021442914741741,9783342038241262622,5195285903881610140,0.19356470002094284,,,batch-f5-null-transfer-20260821-001
F5,X1,X2,f5-null-transfer,17,6,0.05098510113293444,0.565,residual_samples/batch-17-replication-6.csv,null_statistics/batch-17-replication-6.npy,batch-f5-null-transfer,7814978087457943318,14885923622734499268,5942725105073089133,0.18710619999910705,,,batch-f5-null-transfer-20260821-001
F5,X1,X2,f5-null-transfer,17,7,0.04524072800041853,0.885,residual_samples/batch-17-replication-7.csv,null_statistics/batch-17-replication-7.npy,batch-f5-null-transfer,7788181211589772868,18261557963409415233,14783351502894780334,0.1858399000193458,,,batch-f5-null-transfer-20260821-001
F5,X1,X2,f5-null-transfer,17,8,0.0517726710459662,0.51,residual_samples/batch-17-replication-8.csv,null_statistics/batch-17-replication-8.npy,batch-f5-null-transfer,8092814715962146658,184351163615881246,2882385728736259882,0.18716410000342876,,,batch-f5-null-transfer-20260821-001
F5,X1,X2,f5-null-transfer,17,9,0.0935063652819727,0.015,residual_samples/batch-17-replication-9.csv,null_statistics/batch-17-replication-9.npy,batch-f5-null-transfer,1750155716642741231,589307549686562482,15176052589099267739,0.18905989997438155,,,batch-f5-null-transfer-20260821-001
F5,X1,X2,f5-null-transfer,18,0,0.041916272129702815,0.935,residual_samples/batch-18-replication-0.csv,null_statistics/batch-18-replication-0.npy,batch-f5-null-transfer,4401337010479072244,17989989635068186322,13549271083032001810,0.1850337999931071,,,batch-f5-null-transfer-20260821-001
F5,X1,X2,f5-null-transfer,18,1,0.05073401178599979,0.595,residual_samples/batch-18-replication-1.csv,null_statistics/batch-18-replication-1.npy,batch-f5-null-transfer,13202628186879229423,18189691800667845341,6558685704295630622,0.18806000001495704,,,batch-f5-null-transfer-20260821-001
F5,X1,X2,f5-null-transfer,18,2,0.05069827648675665,0.645,residual_samples/batch-18-replication-2.csv,null_statistics/batch-18-replication-2.npy,batch-f5-null-transfer,13829333780658328989,5081992422929570341,3394861904172340439,0.18689480001921766,,,batch-f5-null-transfer-20260821-001
F5,X1,X2,f5-null-transfer,18,3,0.04835637295969473,0.73,residual_samples/batch-18-replication-3.csv,null_statistics/batch-18-replication-3.npy,batch-f5-null-transfer,5606392447762804208,5123409130396250472,1497182613829603773,0.18679669999983162,,,batch-f5-null-transfer-20260821-001
F5,X1,X2,f5-null-transfer,18,4,0.05708058238316085,0.38,residual_samples/batch-18-replication-4.csv,null_statistics/batch-18-replication-4.npy,batch-f5-null-transfer,5314735654494061589,1102562038390747498,10477693503486611327,0.18948110000928864,,,batch-f5-null-transfer-20260821-001
F5,X1,X2,f5-null-transfer,18,5,0.05029868341673535,0.665,residual_samples/batch-18-replication-5.csv,null_statistics/batch-18-replication-5.npy,batch-f5-null-transfer,7050050328964127910,3047366517071055824,10893830488157143818,0.18820299999788404,,,batch-f5-null-transfer-20260821-001
F5,X1,X2,f5-null-transfer,18,6,0.07335402452598332,0.07,residual_samples/batch-18-replication-6.csv,null_statistics/batch-18-replication-6.npy,batch-f5-null-transfer,4833387482018578634,2507680281634561829,2677155170200339598,0.18695460000890307,,,batch-f5-null-transfer-20260821-001
F5,X1,X2,f5-null-transfer,18,7,0.052857763193360614,0.49,residual_samples/batch-18-replication-7.csv,null_statistics/batch-18-replication-7.npy,batch-f5-null-transfer,15156608600846849962,9433740616371360920,14861508872692161036,0.18670099999872036,,,batch-f5-null-transfer-20260821-001
F5,X1,X2,f5-null-transfer,18,8,0.04899453582090001,0.72,residual_samples/batch-18-replication-8.csv,null_statistics/batch-18-replication-8.npy,batch-f5-null-transfer,5055733335016252405,12865789798318364353,11600012235809092212,0.19291750001139008,,,batch-f5-null-transfer-20260821-001
F5,X1,X2,f5-null-transfer,18,9,0.060245514712538015,0.34,residual_samples/batch-18-replication-9.csv,null_statistics/batch-18-replication-9.npy,batch-f5-null-transfer,5384183672695164098,12107318458050681539,9315917357482060579,0.19537729999865405,,,batch-f5-null-transfer-20260821-001
F5,X1,X2,f5-null-transfer,19,0,0.049110181603509245,0.64,residual_samples/batch-19-replication-0.csv,null_statistics/batch-19-replication-0.npy,batch-f5-null-transfer,12560116457050528366,10741138840254992321,4949377283358707083,0.1917752000153996,,,batch-f5-null-transfer-20260821-001
F5,X1,X2,f5-null-transfer,19,1,0.05448497677985102,0.38,residual_samples/batch-19-replication-1.csv,null_statistics/batch-19-replication-1.npy,batch-f5-null-transfer,9928993428750596808,2759029814583823846,16599342338304593875,0.1919386000081431,,,batch-f5-null-transfer-20260821-001
F5,X1,X2,f5-null-transfer,19,2,0.05829370598628602,0.36,residual_samples/batch-19-replication-2.csv,null_statistics/batch-19-replication-2.npy,batch-f5-null-transfer,7551955484267607803,739124585551660366,2921429937619100001,0.19339869997929782,,,batch-f5-null-transfer-20260821-001
F5,X1,X2,f5-null-transfer,19,3,0.03952082174936798,0.94,residual_samples/batch-19-replication-3.csv,null_statistics/batch-19-replication-3.npy,batch-f5-null-transfer,4762517974714020403,2387765795669765782,12795544991511222324,0.18965460002073087,,,batch-f5-null-transfer-20260821-001
F5,X1,X2,f5-null-transfer,19,4,0.058522611341938605,0.305,residual_samples/batch-19-replication-4.csv,null_statistics/batch-19-replication-4.npy,batch-f5-null-transfer,10643473913242077713,11872822910795297340,8787269046753886536,0.18774359999224544,,,batch-f5-null-transfer-20260821-001
F5,X1,X2,f5-null-transfer,19,5,0.05699698459345025,0.415,residual_samples/batch-19-replication-5.csv,null_statistics/batch-19-replication-5.npy,batch-f5-null-transfer,9437521287314743873,17909386364110058350,8429427411666455944,0.1909070999827236,,,batch-f5-null-transfer-20260821-001
F5,X1,X2,f5-null-transfer,19,6,0.10196444935403882,0.005,residual_samples/batch-19-replication-6.csv,null_statistics/batch-19-replication-6.npy,batch-f5-null-transfer,10749565014531559331,6925647269766882097,14194763992114458463,0.18844980001449585,,,batch-f5-null-transfer-20260821-001
F5,X1,X2,f5-null-transfer,19,7,0.054345877354490396,0.49,residual_samples/batch-19-replication-7.csv,null_statistics/batch-19-replication-7.npy,batch-f5-null-transfer,15031426889030340324,2693829492849061159,7196374802182667653,0.18771460000425577,,,batch-f5-null-transfer-20260821-001
F5,X1,X2,f5-null-transfer,19,8,0.0653965665989727,0.16,residual_samples/batch-19-replication-8.csv,null_statistics/batch-19-replication-8.npy,batch-f5-null-transfer,11136007328312679619,3159193931958426171,935308687845239873,0.18787069999962114,,,batch-f5-null-transfer-20260821-001
F5,X1,X2,f5-null-transfer,19,9,0.05734740533207976,0.355,residual_samples/batch-19-replication-9.csv,null_statistics/batch-19-replication-9.npy,batch-f5-null-transfer,14715365079415253185,100822630360505578,10829394452844349867,0.18797319999430329,,,batch-f5-null-transfer-20260821-001
F5,X1,X2,f5-null-transfer,20,0,0.04475968955110426,0.83,residual_samples/batch-20-replication-0.csv,null_statistics/batch-20-replication-0.npy,batch-f5-null-transfer,8657040854083121884,12662303949509577291,2574223193084337476,0.18846369997481816,,,batch-f5-null-transfer-20260821-001
F5,X1,X2,f5-null-transfer,20,1,0.04460366671456181,0.875,residual_samples/batch-20-replication-1.csv,null_statistics/batch-20-replication-1.npy,batch-f5-null-transfer,10098309932884642672,4813016228469372881,12272398348197245548,0.19229939999058843,,,batch-f5-null-transfer-20260821-001
F5,X1,X2,f5-null-transfer,20,2,0.04610672673264319,0.79,residual_samples/batch-20-replication-2.csv,null_statistics/batch-20-replication-2.npy,batch-f5-null-transfer,3066091557622503656,1484879144678961876,3804553762980963936,0.18878460000269115,,,batch-f5-null-transfer-20260821-001
F5,X1,X2,f5-null-transfer,20,3,0.08400093249567656,0.02,residual_samples/batch-20-replication-3.csv,null_statistics/batch-20-replication-3.npy,batch-f5-null-transfer,7780382986049995153,9659539333329518663,15949228846133872167,0.1886987999896519,,,batch-f5-null-transfer-20260821-001
F5,X1,X2,f5-null-transfer,20,4,0.05205599320237912,0.56,residual_samples/batch-20-replication-4.csv,null_statistics/batch-20-replication-4.npy,batch-f5-null-transfer,9711067968241487232,3133735604032782138,12591064658271252902,0.19034410000313073,,,batch-f5-null-transfer-20260821-001
F5,X1,X2,f5-null-transfer,20,5,0.05400266480354632,0.525,residual_samples/batch-20-replication-5.csv,null_statistics/batch-20-replication-5.npy,batch-f5-null-transfer,15668144891904792053,2568463732468835890,7464908731428619810,0.1907037000055425,,,batch-f5-null-transfer-20260821-001
F5,X1,X2,f5-null-transfer,20,6,0.06038344594388527,0.255,residual_samples/batch-20-replication-6.csv,null_statistics/batch-20-replication-6.npy,batch-f5-null-transfer,9770872960067545512,2057937898745042552,10068650397381142389,0.18793919999734499,,,batch-f5-null-transfer-20260821-001
F5,X1,X2,f5-null-transfer,20,7,0.044291664795104733,0.915,residual_samples/batch-20-replication-7.csv,null_statistics/batch-20-replication-7.npy,batch-f5-null-transfer,5188537937668415473,5256585392842115760,153783477167034148,0.18801169999642298,,,batch-f5-null-transfer-20260821-001
F5,X1,X2,f5-null-transfer,20,8,0.059041948813989005,0.33,residual_samples/batch-20-replication-8.csv,null_statistics/batch-20-replication-8.npy,batch-f5-null-transfer,7218188746422086568,10377743853151233319,3593452222834788540,0.18973519999417476,,,batch-f5-null-transfer-20260821-001
F5,X1,X2,f5-null-transfer,20,9,0.038601577044254015,0.985,residual_samples/batch-20-replication-9.csv,null_statistics/batch-20-replication-9.npy,batch-f5-null-transfer,2955072310574424572,2884785618400731892,16761794169225497719,0.18788549999590032,,,batch-f5-null-transfer-20260821-001
F5,X1,X2,f5-null-transfer,21,0,0.06240540511170861,0.18,residual_samples/batch-21-replication-0.csv,null_statistics/batch-21-replication-0.npy,batch-f5-null-transfer,9469660601281812253,5759198329202729710,10282939278912500420,0.1939995999855455,,,batch-f5-null-transfer-20260821-001
F5,X1,X2,f5-null-transfer,21,1,0.05589774971791685,0.365,residual_samples/batch-21-replication-1.csv,null_statistics/batch-21-replication-1.npy,batch-f5-null-transfer,12408719788017932963,14460676681199116456,12455343047913578951,0.18813850000151433,,,batch-f5-null-transfer-20260821-001
F5,X1,X2,f5-null-transfer,21,2,0.06912892394965493,0.11,residual_samples/batch-21-replication-2.csv,null_statistics/batch-21-replication-2.npy,batch-f5-null-transfer,162750272531532363,8185964047887311467,12395380166107882055,0.1873016000026837,,,batch-f5-null-transfer-20260821-001
F5,X1,X2,f5-null-transfer,21,3,0.04413437793195716,0.835,residual_samples/batch-21-replication-3.csv,null_statistics/batch-21-replication-3.npy,batch-f5-null-transfer,11705030774202677273,8461349557728946042,3855026165716588949,0.18831849997513928,,,batch-f5-null-transfer-20260821-001
F5,X1,X2,f5-null-transfer,21,4,0.055132809728247426,0.475,residual_samples/batch-21-replication-4.csv,null_statistics/batch-21-replication-4.npy,batch-f5-null-transfer,13426511058600001862,6120401939734803243,10133103770244172011,0.18725139999878593,,,batch-f5-null-transfer-20260821-001
F5,X1,X2,f5-null-transfer,21,5,0.04394235910039003,0.865,residual_samples/batch-21-replication-5.csv,null_statistics/batch-21-replication-5.npy,batch-f5-null-transfer,9936404852153941823,13559081292206443501,1884337762424886111,0.185647100006463,,,batch-f5-null-transfer-20260821-001
F5,X1,X2,f5-null-transfer,21,6,0.047618713431057655,0.715,residual_samples/batch-21-replication-6.csv,null_statistics/batch-21-replication-6.npy,batch-f5-null-transfer,9879536895137499240,3311649191597391280,15928585280889493842,0.18378510000184178,,,batch-f5-null-transfer-20260821-001
F5,X1,X2,f5-null-transfer,21,7,0.04362776978844584,0.895,residual_samples/batch-21-replication-7.csv,null_statistics/batch-21-replication-7.npy,batch-f5-null-transfer,1562748876830602960,3130468334531132130,17780311860609874336,0.18756370001938194,,,batch-f5-null-transfer-20260821-001
F5,X1,X2,f5-null-transfer,21,8,0.08599481005002095,0.03,residual_samples/batch-21-replication-8.csv,null_statistics/batch-21-replication-8.npy,batch-f5-null-transfer,12538422181264747882,7150478967952641449,13204214035250428982,0.1889044000126887,,,batch-f5-null-transfer-20260821-001
F5,X1,X2,f5-null-transfer,21,9,0.06741819995714032,0.14,residual_samples/batch-21-replication-9.csv,null_statistics/batch-21-replication-9.npy,batch-f5-null-transfer,17460351214732148380,13535488101427229699,13427494374654057832,0.18643679999513552,,,batch-f5-null-transfer-20260821-001
F5,X1,X2,f5-null-transfer,22,0,0.051428162494700135,0.52,residual_samples/batch-22-replication-0.csv,null_statistics/batch-22-replication-0.npy,batch-f5-null-transfer,9109645339568384789,15218149425099020340,15872172614425674634,0.18741029998636805,,,batch-f5-null-transfer-20260821-001
F5,X1,X2,f5-null-transfer,22,1,0.056218323716640435,0.42,residual_samples/batch-22-replication-1.csv,null_statistics/batch-22-replication-1.npy,batch-f5-null-transfer,8490072452469207533,15428285879512579110,9200091030479259319,0.18832459999248385,,,batch-f5-null-transfer-20260821-001
F5,X1,X2,f5-null-transfer,22,2,0.05111892319937881,0.58,residual_samples/batch-22-replication-2.csv,null_statistics/batch-22-replication-2.npy,batch-f5-null-transfer,653717057371263874,17687969417180340696,2421646071108821561,0.18741049998789094,,,batch-f5-null-transfer-20260821-001
F5,X1,X2,f5-null-transfer,22,3,0.04568030279888223,0.795,residual_samples/batch-22-replication-3.csv,null_statistics/batch-22-replication-3.npy,batch-f5-null-transfer,5543041993313490901,6843498260230672703,9559256641328001362,0.19118529997649603,,,batch-f5-null-transfer-20260821-001
F5,X1,X2,f5-null-transfer,22,4,0.04193071006347496,0.94,residual_samples/batch-22-replication-4.csv,null_statistics/batch-22-replication-4.npy,batch-f5-null-transfer,14761093433236024034,5092345593888756596,7628948998515686879,0.18844259998877533,,,batch-f5-null-transfer-20260821-001
F5,X1,X2,f5-null-transfer,22,5,0.0666056106955661,0.14,residual_samples/batch-22-replication-5.csv,null_statistics/batch-22-replication-5.npy,batch-f5-null-transfer,2584898486337054773,5901381544840625086,6964902439010303062,0.2027310999983456,,,batch-f5-null-transfer-20260821-001
F5,X1,X2,f5-null-transfer,22,6,0.04357889737129544,0.87,residual_samples/batch-22-replication-6.csv,null_statistics/batch-22-replication-6.npy,batch-f5-null-transfer,7481943482631779828,7304972367344434210,2119983539272010180,0.1965085999981966,,,batch-f5-null-transfer-20260821-001
F5,X1,X2,f5-null-transfer,22,7,0.04415969663476828,0.865,residual_samples/batch-22-replication-7.csv,null_statistics/batch-22-replication-7.npy,batch-f5-null-transfer,1271182690805909928,13462157975122294629,4827045724355757401,0.19250770000508055,,,batch-f5-null-transfer-20260821-001
F5,X1,X2,f5-null-transfer,22,8,0.05491823719900372,0.49,residual_samples/batch-22-replication-8.csv,null_statistics/batch-22-replication-8.npy,batch-f5-null-transfer,11299050108711480075,543390582935167416,12158769080873884336,0.19116080002277158,,,batch-f5-null-transfer-20260821-001
F5,X1,X2,f5-null-transfer,22,9,0.08960243962717468,0.02,residual_samples/batch-22-replication-9.csv,null_statistics/batch-22-replication-9.npy,batch-f5-null-transfer,14128851670799073331,11341299951225630536,9389470274103133892,0.18974520001211204,,,batch-f5-null-transfer-20260821-001
F5,X1,X2,f5-null-transfer,23,0,0.05580932562175037,0.44,residual_samples/batch-23-replication-0.csv,null_statistics/batch-23-replication-0.npy,batch-f5-null-transfer,5276410932300522717,402277182733979463,381993504026818867,0.18638249998912215,,,batch-f5-null-transfer-20260821-001
F5,X1,X2,f5-null-transfer,23,1,0.05349865911295334,0.465,residual_samples/batch-23-replication-1.csv,null_statistics/batch-23-replication-1.npy,batch-f5-null-transfer,12519278942518809767,2073731807743483370,3329684552024691511,0.1871083999867551,,,batch-f5-null-transfer-20260821-001
F5,X1,X2,f5-null-transfer,23,2,0.06461414235866443,0.19,residual_samples/batch-23-replication-2.csv,null_statistics/batch-23-replication-2.npy,batch-f5-null-transfer,14610176236321438171,9994147757395597011,1889896079824597478,0.18688789999578148,,,batch-f5-null-transfer-20260821-001
F5,X1,X2,f5-null-transfer,23,3,0.055423136031176545,0.415,residual_samples/batch-23-replication-3.csv,null_statistics/batch-23-replication-3.npy,batch-f5-null-transfer,15951838499366783163,13266754980753983209,12401042170233872523,0.18811649997951463,,,batch-f5-null-transfer-20260821-001
F5,X1,X2,f5-null-transfer,23,4,0.058368365391063694,0.29,residual_samples/batch-23-replication-4.csv,null_statistics/batch-23-replication-4.npy,batch-f5-null-transfer,13785897269467117608,2515663079480282897,14720315356560172476,0.1879692999937106,,,batch-f5-null-transfer-20260821-001
F5,X1,X2,f5-null-transfer,23,5,0.07590742951748984,0.045,residual_samples/batch-23-replication-5.csv,null_statistics/batch-23-replication-5.npy,batch-f5-null-transfer,874139603709352504,13478864492459464996,6836155301158363871,0.18719149997923523,,,batch-f5-null-transfer-20260821-001
F5,X1,X2,f5-null-transfer,23,6,0.06397328692777916,0.245,residual_samples/batch-23-replication-6.csv,null_statistics/batch-23-replication-6.npy,batch-f5-null-transfer,16026912230165031862,1518789282305032078,6953202685612257416,0.18716960001620464,,,batch-f5-null-transfer-20260821-001
F5,X1,X2,f5-null-transfer,23,7,0.06547007442108303,0.2,residual_samples/batch-23-replication-7.csv,null_statistics/batch-23-replication-7.npy,batch-f5-null-transfer,14376652795263872308,12780062315853994830,7765778573680174031,0.1878114999854006,,,batch-f5-null-transfer-20260821-001
F5,X1,X2,f5-null-transfer,23,8,0.04495748868982778,0.83,residual_samples/batch-23-replication-8.csv,null_statistics/batch-23-replication-8.npy,batch-f5-null-transfer,7438154748259278036,15309272714710570429,9661986328209395836,0.1867089000006672,,,batch-f5-null-transfer-20260821-001
F5,X1,X2,f5-null-transfer,23,9,0.06940863733314957,0.15,residual_samples/batch-23-replication-9.csv,null_statistics/batch-23-replication-9.npy,batch-f5-null-transfer,12769349769271262574,12204400105654436867,16578083721778311683,0.188996099983342,,,batch-f5-null-transfer-20260821-001
F5,X1,X2,f5-null-transfer,24,0,0.07696859608341446,0.045,residual_samples/batch-24-replication-0.csv,null_statistics/batch-24-replication-0.npy,batch-f5-null-transfer,8273932849445285256,7835236537630967004,1829975664443798556,0.18919740000274032,,,batch-f5-null-transfer-20260821-001
F5,X1,X2,f5-null-transfer,24,1,0.06249376550533517,0.21,residual_samples/batch-24-replication-1.csv,null_statistics/batch-24-replication-1.npy,batch-f5-null-transfer,17338351701125576036,14304531791608163310,10599799631555634523,0.18694260000484064,,,batch-f5-null-transfer-20260821-001
F5,X1,X2,f5-null-transfer,24,2,0.04725656909089043,0.745,residual_samples/batch-24-replication-2.csv,null_statistics/batch-24-replication-2.npy,batch-f5-null-transfer,10811294977969646605,8561485257369398549,13757100134292248796,0.18869390001054853,,,batch-f5-null-transfer-20260821-001
F5,X1,X2,f5-null-transfer,24,3,0.047948117642663046,0.795,residual_samples/batch-24-replication-3.csv,null_statistics/batch-24-replication-3.npy,batch-f5-null-transfer,16177614907595673890,12675098905612179065,8853277567469767005,0.18919120001373813,,,batch-f5-null-transfer-20260821-001
F5,X1,X2,f5-null-transfer,24,4,0.04586994341568357,0.835,residual_samples/batch-24-replication-4.csv,null_statistics/batch-24-replication-4.npy,batch-f5-null-transfer,15016161978596738678,11039044447575531439,16523156893778266450,0.1910865000099875,,,batch-f5-null-transfer-20260821-001
F5,X1,X2,f5-null-transfer,24,5,0.04146939982237548,0.945,residual_samples/batch-24-replication-5.csv,null_statistics/batch-24-replication-5.npy,batch-f5-null-transfer,2143582265869829651,7738233292750328860,14570366890892086176,0.19167660002131015,,,batch-f5-null-transfer-20260821-001
F5,X1,X2,f5-null-transfer,24,6,0.04580023775134419,0.81,residual_samples/batch-24-replication-6.csv,null_statistics/batch-24-replication-6.npy,batch-f5-null-transfer,9100299873944377548,14296788820375337800,15853432419695907351,0.19100479999906383,,,batch-f5-null-transfer-20260821-001
F5,X1,X2,f5-null-transfer,24,7,0.06467717971741535,0.215,residual_samples/batch-24-replication-7.csv,null_statistics/batch-24-replication-7.npy,batch-f5-null-transfer,3616964638688398510,12230954319589690637,11147828897342606337,0.18778020000900142,,,batch-f5-null-transfer-20260821-001
F5,X1,X2,f5-null-transfer,24,8,0.04881817965005702,0.705,residual_samples/batch-24-replication-8.csv,null_statistics/batch-24-replication-8.npy,batch-f5-null-transfer,8530532013717540340,12464276897276096570,4964117843934491485,0.1893026000179816,,,batch-f5-null-transfer-20260821-001
F5,X1,X2,f5-null-transfer,24,9,0.074523918097842,0.06,residual_samples/batch-24-replication-9.csv,null_statistics/batch-24-replication-9.npy,batch-f5-null-transfer,9111612378369391807,249545839204419647,10741238674892233168,0.18953219999093562,,,batch-f5-null-transfer-20260821-001
F5,X1,X2,f5-null-transfer,25,0,0.04565513403197822,0.79,residual_samples/batch-25-replication-0.csv,null_statistics/batch-25-replication-0.npy,batch-f5-null-transfer,13650148970753134014,17915581989637837852,10088176713998928649,0.1898125000006985,,,batch-f5-null-transfer-20260821-001
F5,X1,X2,f5-null-transfer,25,1,0.09294588725520961,0.005,residual_samples/batch-25-replication-1.csv,null_statistics/batch-25-replication-1.npy,batch-f5-null-transfer,11273751176644380208,1893159265246414723,16292117670960022099,0.18833159998757765,,,batch-f5-null-transfer-20260821-001
F5,X1,X2,f5-null-transfer,25,2,0.04583027546808048,0.8,residual_samples/batch-25-replication-2.csv,null_statistics/batch-25-replication-2.npy,batch-f5-null-transfer,13392566200252125867,10896345462230702389,9083936116480871947,0.18863469999632798,,,batch-f5-null-transfer-20260821-001
F5,X1,X2,f5-null-transfer,25,3,0.06934095633109039,0.13,residual_samples/batch-25-replication-3.csv,null_statistics/batch-25-replication-3.npy,batch-f5-null-transfer,15881939960006242301,12391617736275885134,12203589264780703062,0.18648549998761155,,,batch-f5-null-transfer-20260821-001
F5,X1,X2,f5-null-transfer,25,4,0.07417003509979962,0.08,residual_samples/batch-25-replication-4.csv,null_statistics/batch-25-replication-4.npy,batch-f5-null-transfer,1975978620619207878,4288726912098708977,12847286445210164464,0.1867727999924682,,,batch-f5-null-transfer-20260821-001
F5,X1,X2,f5-null-transfer,25,5,0.05333812012502619,0.505,residual_samples/batch-25-replication-5.csv,null_statistics/batch-25-replication-5.npy,batch-f5-null-transfer,10142038666100698750,7999679958562132206,15843563752059584121,0.18751690001226962,,,batch-f5-null-transfer-20260821-001
F5,X1,X2,f5-null-transfer,25,6,0.07953691456998614,0.05,residual_samples/batch-25-replication-6.csv,null_statistics/batch-25-replication-6.npy,batch-f5-null-transfer,12080296395162255747,15211063865767361243,15450681361678114809,0.1861295999842696,,,batch-f5-null-transfer-20260821-001
F5,X1,X2,f5-null-transfer,25,7,0.06583637928055876,0.19,residual_samples/batch-25-replication-7.csv,null_statistics/batch-25-replication-7.npy,batch-f5-null-transfer,12154308315278820335,7408259245744722442,7403395972351564711,0.18827310000779107,,,batch-f5-null-transfer-20260821-001
F5,X1,X2,f5-null-transfer,25,8,0.08590976497189873,0.015,residual_samples/batch-25-replication-8.csv,null_statistics/batch-25-replication-8.npy,batch-f5-null-transfer,6701284688870229301,3518633191587031607,7486996290547837871,0.18693619998521172,,,batch-f5-null-transfer-20260821-001
F5,X1,X2,f5-null-transfer,25,9,0.09152031799769068,0.025,residual_samples/batch-25-replication-9.csv,null_statistics/batch-25-replication-9.npy,batch-f5-null-transfer,15950979378913938372,4480460898175609822,10176753948216076883,0.18516510000335984,,,batch-f5-null-transfer-20260821-001
F5,X1,X2,f5-null-transfer,26,0,0.05680025145653458,0.42,residual_samples/batch-26-replication-0.csv,null_statistics/batch-26-replication-0.npy,batch-f5-null-transfer,13404561020148070563,10769198082555637741,1203088508884165122,0.18564450001576915,,,batch-f5-null-transfer-20260821-001
F5,X1,X2,f5-null-transfer,26,1,0.0519792632662637,0.58,residual_samples/batch-26-replication-1.csv,null_statistics/batch-26-replication-1.npy,batch-f5-null-transfer,4645210105019446549,11801825535121406542,5730251784454499968,0.18661259999498725,,,batch-f5-null-transfer-20260821-001
F5,X1,X2,f5-null-transfer,26,2,0.07325181566962104,0.085,residual_samples/batch-26-replication-2.csv,null_statistics/batch-26-replication-2.npy,batch-f5-null-transfer,11035258378287757008,6227829385068779688,17023569566688908382,0.1926171999948565,,,batch-f5-null-transfer-20260821-001
F5,X1,X2,f5-null-transfer,26,3,0.07277219687305127,0.08,residual_samples/batch-26-replication-3.csv,null_statistics/batch-26-replication-3.npy,batch-f5-null-transfer,13759702574749193050,11908003735766346482,10905507335175407812,0.1919021000212524,,,batch-f5-null-transfer-20260821-001
F5,X1,X2,f5-null-transfer,26,4,0.03602969451411733,1.0,residual_samples/batch-26-replication-4.csv,null_statistics/batch-26-replication-4.npy,batch-f5-null-transfer,5627658513271883347,15631743361488855337,17652772152417116732,0.192865899996832,,,batch-f5-null-transfer-20260821-001
F5,X1,X2,f5-null-transfer,26,5,0.07732895649279484,0.045,residual_samples/batch-26-replication-5.csv,null_statistics/batch-26-replication-5.npy,batch-f5-null-transfer,16354058169361122029,14867125716936081015,16318362764809116736,0.1907368999964092,,,batch-f5-null-transfer-20260821-001
F5,X1,X2,f5-null-transfer,26,6,0.05031964599748599,0.595,residual_samples/batch-26-replication-6.csv,null_statistics/batch-26-replication-6.npy,batch-f5-null-transfer,18036957001908308270,227362948855189197,18161788628026643377,0.18977060000179335,,,batch-f5-null-transfer-20260821-001
F5,X1,X2,f5-null-transfer,26,7,0.07493495220369432,0.055,residual_samples/batch-26-replication-7.csv,null_statistics/batch-26-replication-7.npy,batch-f5-null-transfer,272052168450570340,4692133627429905388,7709386246663183918,0.18527079999330454,,,batch-f5-null-transfer-20260821-001
F5,X1,X2,f5-null-transfer,26,8,0.05109133988513552,0.57,residual_samples/batch-26-replication-8.csv,null_statistics/batch-26-replication-8.npy,batch-f5-null-transfer,11510339033492506780,2056906529071027892,13634958299391451999,0.18961010000202805,,,batch-f5-null-transfer-20260821-001
F5,X1,X2,f5-null-transfer,26,9,0.07108128464712858,0.105,residual_samples/batch-26-replication-9.csv,null_statistics/batch-26-replication-9.npy,batch-f5-null-transfer,3759180378254711772,15584529815654813192,15256392679007588766,0.18734639999456704,,,batch-f5-null-transfer-20260821-001
F5,X1,X2,f5-null-transfer,27,0,0.06118751410354883,0.235,residual_samples/batch-27-replication-0.csv,null_statistics/batch-27-replication-0.npy,batch-f5-null-transfer,4749926322292892115,5022073413544721511,10958528589445195252,0.18537570000626147,,,batch-f5-null-transfer-20260821-001
F5,X1,X2,f5-null-transfer,27,1,0.053067252009546644,0.535,residual_samples/batch-27-replication-1.csv,null_statistics/batch-27-replication-1.npy,batch-f5-null-transfer,8089963466841040355,15992259141354180491,9273855741028598245,0.1837361000070814,,,batch-f5-null-transfer-20260821-001
F5,X1,X2,f5-null-transfer,27,2,0.08899045996205535,0.01,residual_samples/batch-27-replication-2.csv,null_statistics/batch-27-replication-2.npy,batch-f5-null-transfer,1459401635175973319,7705782926333766852,17304011468170899767,0.18461689999094233,,,batch-f5-null-transfer-20260821-001
F5,X1,X2,f5-null-transfer,27,3,0.05061651664228811,0.63,residual_samples/batch-27-replication-3.csv,null_statistics/batch-27-replication-3.npy,batch-f5-null-transfer,13218386633910886199,4752447492656687672,5321321640259669202,0.1852290999959223,,,batch-f5-null-transfer-20260821-001
F5,X1,X2,f5-null-transfer,27,4,0.06839639807636375,0.12,residual_samples/batch-27-replication-4.csv,null_statistics/batch-27-replication-4.npy,batch-f5-null-transfer,1290793335335690619,3328049582553106929,13345499494764041653,0.18415409998851828,,,batch-f5-null-transfer-20260821-001
F5,X1,X2,f5-null-transfer,27,5,0.04521710266325111,0.84,residual_samples/batch-27-replication-5.csv,null_statistics/batch-27-replication-5.npy,batch-f5-null-transfer,15457840533852809710,427899929732932978,323585288761406515,0.18605119999847375,,,batch-f5-null-transfer-20260821-001
F5,X1,X2,f5-null-transfer,27,6,0.06367702190431382,0.16,residual_samples/batch-27-replication-6.csv,null_statistics/batch-27-replication-6.npy,batch-f5-null-transfer,6108894544394007128,1882066919503243904,14466680988988809727,0.18336669998825528,,,batch-f5-null-transfer-20260821-001
F5,X1,X2,f5-null-transfer,27,7,0.06790956419179651,0.11,residual_samples/batch-27-replication-7.csv,null_statistics/batch-27-replication-7.npy,batch-f5-null-transfer,4946569338930767387,17573538415254833222,14885974989990295056,0.18661239999346435,,,batch-f5-null-transfer-20260821-001
F5,X1,X2,f5-null-transfer,27,8,0.05995988297724853,0.275,residual_samples/batch-27-replication-8.csv,null_statistics/batch-27-replication-8.npy,batch-f5-null-transfer,13999711083535059927,9023202583229269650,4527136898083462575,0.18668509999406524,,,batch-f5-null-transfer-20260821-001
F5,X1,X2,f5-null-transfer,27,9,0.06518655455451308,0.145,residual_samples/batch-27-replication-9.csv,null_statistics/batch-27-replication-9.npy,batch-f5-null-transfer,3018584819350801897,16346936139991329786,18025890181111723774,0.185660299990559,,,batch-f5-null-transfer-20260821-001
F5,X1,X2,f5-null-transfer,28,0,0.06484578003866592,0.205,residual_samples/batch-28-replication-0.csv,null_statistics/batch-28-replication-0.npy,batch-f5-null-transfer,5638185755982587239,14474496756325647579,208969119186450458,0.18643649999285117,,,batch-f5-null-transfer-20260821-001
F5,X1,X2,f5-null-transfer,28,1,0.060363742613819264,0.27,residual_samples/batch-28-replication-1.csv,null_statistics/batch-28-replication-1.npy,batch-f5-null-transfer,11685599229896838167,5408896732978895189,9125955289704409370,0.1875030999945011,,,batch-f5-null-transfer-20260821-001
F5,X1,X2,f5-null-transfer,28,2,0.059283420757331035,0.285,residual_samples/batch-28-replication-2.csv,null_statistics/batch-28-replication-2.npy,batch-f5-null-transfer,11054274660740930480,5354469806747354188,10551934787357630737,0.1877558999985922,,,batch-f5-null-transfer-20260821-001
F5,X1,X2,f5-null-transfer,28,3,0.057575419738687676,0.33,residual_samples/batch-28-replication-3.csv,null_statistics/batch-28-replication-3.npy,batch-f5-null-transfer,12640203690658668011,7581535886786471436,6987065867298345899,0.18718880001688376,,,batch-f5-null-transfer-20260821-001
F5,X1,X2,f5-null-transfer,28,4,0.0582316965511885,0.325,residual_samples/batch-28-replication-4.csv,null_statistics/batch-28-replication-4.npy,batch-f5-null-transfer,11519398854978877464,18352305759646549954,11060104093209582574,0.18962809999356978,,,batch-f5-null-transfer-20260821-001
F5,X1,X2,f5-null-transfer,28,5,0.0630018044838585,0.195,residual_samples/batch-28-replication-5.csv,null_statistics/batch-28-replication-5.npy,batch-f5-null-transfer,577164930785766841,7788798168183284190,16131597944281523497,0.1881668999849353,,,batch-f5-null-transfer-20260821-001
F5,X1,X2,f5-null-transfer,28,6,0.05600505277968928,0.375,residual_samples/batch-28-replication-6.csv,null_statistics/batch-28-replication-6.npy,batch-f5-null-transfer,6051647959357634703,14198818502225134623,9503706018096789962,0.18922250001924112,,,batch-f5-null-transfer-20260821-001
F5,X1,X2,f5-null-transfer,28,7,0.06076221533341263,0.2,residual_samples/batch-28-replication-7.csv,null_statistics/batch-28-replication-7.npy,batch-f5-null-transfer,14231689540162643506,4454238271517861890,3822980832154886531,0.18744050001259893,,,batch-f5-null-transfer-20260821-001
F5,X1,X2,f5-null-transfer,28,8,0.056842287065297,0.37,residual_samples/batch-28-replication-8.csv,null_statistics/batch-28-replication-8.npy,batch-f5-null-transfer,16880189746550691484,12084592417621407495,14785900807631941106,0.1869971000123769,,,batch-f5-null-transfer-20260821-001
F5,X1,X2,f5-null-transfer,28,9,0.055399976860029336,0.455,residual_samples/batch-28-replication-9.csv,null_statistics/batch-28-replication-9.npy,batch-f5-null-transfer,118958749634707796,14838760076741351896,16851940860109537490,0.18837819999316707,,,batch-f5-null-transfer-20260821-001
F5,X1,X2,f5-null-transfer,29,0,0.05989667686617881,0.255,residual_samples/batch-29-replication-0.csv,null_statistics/batch-29-replication-0.npy,batch-f5-null-transfer,15158152902402617205,8508428336405165978,14779700544548694692,0.1941164000018034,,,batch-f5-null-transfer-20260821-001
F5,X1,X2,f5-null-transfer,29,1,0.06448882796243156,0.205,residual_samples/batch-29-replication-1.csv,null_statistics/batch-29-replication-1.npy,batch-f5-null-transfer,15723658594001271232,13323211181760346656,6202093541958656694,0.18725509999785572,,,batch-f5-null-transfer-20260821-001
F5,X1,X2,f5-null-transfer,29,2,0.05562371735420148,0.4,residual_samples/batch-29-replication-2.csv,null_statistics/batch-29-replication-2.npy,batch-f5-null-transfer,7154245145998986271,16185585708247877535,7578876491984876468,0.1877686999796424,,,batch-f5-null-transfer-20260821-001
F5,X1,X2,f5-null-transfer,29,3,0.05021427609234147,0.615,residual_samples/batch-29-replication-3.csv,null_statistics/batch-29-replication-3.npy,batch-f5-null-transfer,13474870200629484195,11014790691143135206,13885941089547567998,0.18718989999615587,,,batch-f5-null-transfer-20260821-001
F5,X1,X2,f5-null-transfer,29,4,0.04888997374930837,0.62,residual_samples/batch-29-replication-4.csv,null_statistics/batch-29-replication-4.npy,batch-f5-null-transfer,3388231646005073855,6788576160675969773,5128217714954390689,0.1854344999883324,,,batch-f5-null-transfer-20260821-001
F5,X1,X2,f5-null-transfer,29,5,0.05061783493011231,0.655,residual_samples/batch-29-replication-5.csv,null_statistics/batch-29-replication-5.npy,batch-f5-null-transfer,2873190174872459789,5521007390764937387,8779455503267940422,0.19165279998560436,,,batch-f5-null-transfer-20260821-001
F5,X1,X2,f5-null-transfer,29,6,0.05793471033010181,0.355,residual_samples/batch-29-replication-6.csv,null_statistics/batch-29-replication-6.npy,batch-f5-null-transfer,3252993139598539015,17314358854041737422,16216362924702024860,0.18730499999946915,,,batch-f5-null-transfer-20260821-001
F5,X1,X2,f5-null-transfer,29,7,0.05836405137793674,0.305,residual_samples/batch-29-replication-7.csv,null_statistics/batch-29-replication-7.npy,batch-f5-null-transfer,3462704044802564820,8346394157018054131,6246160621829907323,0.18817400000989437,,,batch-f5-null-transfer-20260821-001
F5,X1,X2,f5-null-transfer,29,8,0.09349381089143437,0.005,residual_samples/batch-29-replication-8.csv,null_statistics/batch-29-replication-8.npy,batch-f5-null-transfer,6620448293336387833,1811297093407473350,15022273836363024943,0.1899801999970805,,,batch-f5-null-transfer-20260821-001
F5,X1,X2,f5-null-transfer,29,9,0.04819595281345492,0.75,residual_samples/batch-29-replication-9.csv,null_statistics/batch-29-replication-9.npy,batch-f5-null-transfer,2207519151786841190,15104313451672226032,5783024680606689413,0.1930628000118304,,,batch-f5-null-transfer-20260821-001
F5,X1,X2,f5-null-transfer,30,0,0.04614108104507,0.805,residual_samples/batch-30-replication-0.csv,null_statistics/batch-30-replication-0.npy,batch-f5-null-transfer,14333894535851329104,10755169427058951883,9431667934124989517,0.19669829998747446,,,batch-f5-null-transfer-20260821-001
F5,X1,X2,f5-null-transfer,30,1,0.04571522584663274,0.785,residual_samples/batch-30-replication-1.csv,null_statistics/batch-30-replication-1.npy,batch-f5-null-transfer,854640755587485439,13045906102506634528,1567708466607203091,0.19322479999391362,,,batch-f5-null-transfer-20260821-001
F5,X1,X2,f5-null-transfer,30,2,0.05965337889629331,0.33,residual_samples/batch-30-replication-2.csv,null_statistics/batch-30-replication-2.npy,batch-f5-null-transfer,10756262254775779478,1863985428131986593,10678274684449533134,0.1928665000014007,,,batch-f5-null-transfer-20260821-001
F5,X1,X2,f5-null-transfer,30,3,0.04171632477703185,0.915,residual_samples/batch-30-replication-3.csv,null_statistics/batch-30-replication-3.npy,batch-f5-null-transfer,14885039718113533613,9402368682335023401,12061189911186679349,0.19257830001879483,,,batch-f5-null-transfer-20260821-001
F5,X1,X2,f5-null-transfer,30,4,0.050232626403652246,0.68,residual_samples/batch-30-replication-4.csv,null_statistics/batch-30-replication-4.npy,batch-f5-null-transfer,12931071362203418715,8645519560955868831,6234335937373161130,0.18677249999018386,,,batch-f5-null-transfer-20260821-001
F5,X1,X2,f5-null-transfer,30,5,0.05430177261354154,0.455,residual_samples/batch-30-replication-5.csv,null_statistics/batch-30-replication-5.npy,batch-f5-null-transfer,8447936953432991688,14336990814415027422,11309458847763602092,0.18790839999564923,,,batch-f5-null-transfer-20260821-001
F5,X1,X2,f5-null-transfer,30,6,0.049224265743806,0.675,residual_samples/batch-30-replication-6.csv,null_statistics/batch-30-replication-6.npy,batch-f5-null-transfer,8561685398911419016,13211701310442774107,10260230831697242048,0.18483839998953044,,,batch-f5-null-transfer-20260821-001
F5,X1,X2,f5-null-transfer,30,7,0.0480847449854217,0.705,residual_samples/batch-30-replication-7.csv,null_statistics/batch-30-replication-7.npy,batch-f5-null-transfer,8574907165191494129,4783583884521733680,6582695835099378400,0.1852587000175845,,,batch-f5-null-transfer-20260821-001
F5,X1,X2,f5-null-transfer,30,8,0.05968519610282693,0.33,residual_samples/batch-30-replication-8.csv,null_statistics/batch-30-replication-8.npy,batch-f5-null-transfer,9961020441770454952,16323138342994146888,2527839700805785015,0.18582620000233874,,,batch-f5-null-transfer-20260821-001
F5,X1,X2,f5-null-transfer,30,9,0.04367904911099708,0.915,residual_samples/batch-30-replication-9.csv,null_statistics/batch-30-replication-9.npy,batch-f5-null-transfer,17060186014316876982,1030165381943738630,10985396408017367230,0.18440349999582395,,,batch-f5-null-transfer-20260821-001
F5,X1,X2,f5-null-transfer,31,0,0.04851730779476155,0.71,residual_samples/batch-31-replication-0.csv,null_statistics/batch-31-replication-0.npy,batch-f5-null-transfer,12519529749132476914,5626693672104811462,17578937940214288666,0.18669660002342425,,,batch-f5-null-transfer-20260821-001
F5,X1,X2,f5-null-transfer,31,1,0.04896079130769768,0.715,residual_samples/batch-31-replication-1.csv,null_statistics/batch-31-replication-1.npy,batch-f5-null-transfer,3988363666195248609,9275274415940300851,11873173594786606474,0.18847389999427833,,,batch-f5-null-transfer-20260821-001
F5,X1,X2,f5-null-transfer,31,2,0.04947211203875392,0.65,residual_samples/batch-31-replication-2.csv,null_statistics/batch-31-replication-2.npy,batch-f5-null-transfer,17250907896016671701,16257855524242861151,16569789925707472733,0.18748600000981241,,,batch-f5-null-transfer-20260821-001
F5,X1,X2,f5-null-transfer,31,3,0.05820115709565453,0.31,residual_samples/batch-31-replication-3.csv,null_statistics/batch-31-replication-3.npy,batch-f5-null-transfer,10143252931582513730,12573984552700854705,9873904145194420381,0.18635179998818785,,,batch-f5-null-transfer-20260821-001
F5,X1,X2,f5-null-transfer,31,4,0.04896418039295324,0.695,residual_samples/batch-31-replication-4.csv,null_statistics/batch-31-replication-4.npy,batch-f5-null-transfer,5949768256285474649,15215020248865931138,16307666135867629454,0.18482789999688976,,,batch-f5-null-transfer-20260821-001
F5,X1,X2,f5-null-transfer,31,5,0.05770968089511268,0.335,residual_samples/batch-31-replication-5.csv,null_statistics/batch-31-replication-5.npy,batch-f5-null-transfer,4233636561978383354,763915283353991902,10938354469286246524,0.18743359998916276,,,batch-f5-null-transfer-20260821-001
F5,X1,X2,f5-null-transfer,31,6,0.05932066493654176,0.32,residual_samples/batch-31-replication-6.csv,null_statistics/batch-31-replication-6.npy,batch-f5-null-transfer,4311593768014956673,1124514224789555427,13568736225899737371,0.18650429998524487,,,batch-f5-null-transfer-20260821-001
F5,X1,X2,f5-null-transfer,31,7,0.0431959834471734,0.93,residual_samples/batch-31-replication-7.csv,null_statistics/batch-31-replication-7.npy,batch-f5-null-transfer,10590993555996202917,5210386989710115489,13806950837153445211,0.18643810000503436,,,batch-f5-null-transfer-20260821-001
F5,X1,X2,f5-null-transfer,31,8,0.05630769203051477,0.385,residual_samples/batch-31-replication-8.csv,null_statistics/batch-31-replication-8.npy,batch-f5-null-transfer,13924135204408000457,4562362270230765735,8783822815526805275,0.18850499999825843,,,batch-f5-null-transfer-20260821-001
F5,X1,X2,f5-null-transfer,31,9,0.05177810789187257,0.595,residual_samples/batch-31-replication-9.csv,null_statistics/batch-31-replication-9.npy,batch-f5-null-transfer,10246471366627609905,14092270808620025576,18332047651545799560,0.18738859999575652,,,batch-f5-null-transfer-20260821-001
F5,X1,X2,f5-null-transfer,32,0,0.0797957729874118,0.035,residual_samples/batch-32-replication-0.csv,null_statistics/batch-32-replication-0.npy,batch-f5-null-transfer,8921987973970564001,402264829001012836,14331922734544758825,0.1859386000141967,,,batch-f5-null-transfer-20260821-001
F5,X1,X2,f5-null-transfer,32,1,0.07436065413930222,0.085,residual_samples/batch-32-replication-1.csv,null_statistics/batch-32-replication-1.npy,batch-f5-null-transfer,14722843926742032201,9271127426875990796,13392476356048615907,0.18497189998743124,,,batch-f5-null-transfer-20260821-001
F5,X1,X2,f5-null-transfer,32,2,0.046182723394554176,0.825,residual_samples/batch-32-replication-2.csv,null_statistics/batch-32-replication-2.npy,batch-f5-null-transfer,17903153810578763604,13677110960398149350,1241339389183209365,0.18599749999702908,,,batch-f5-null-transfer-20260821-001
F5,X1,X2,f5-null-transfer,32,3,0.07183100608584561,0.105,residual_samples/batch-32-replication-3.csv,null_statistics/batch-32-replication-3.npy,batch-f5-null-transfer,6334431953741696075,10088928662296246769,16176292683392620642,0.1856262999936007,,,batch-f5-null-transfer-20260821-001
F5,X1,X2,f5-null-transfer,32,4,0.061320959413662085,0.28,residual_samples/batch-32-replication-4.csv,null_statistics/batch-32-replication-4.npy,batch-f5-null-transfer,12714036359770394519,8023456820752131564,4874605072661638975,0.18682709999848157,,,batch-f5-null-transfer-20260821-001
F5,X1,X2,f5-null-transfer,32,5,0.07025060387722636,0.095,residual_samples/batch-32-replication-5.csv,null_statistics/batch-32-replication-5.npy,batch-f5-null-transfer,16632652013520556684,8575618193999410670,5806922931381706858,0.1898405000101775,,,batch-f5-null-transfer-20260821-001
F5,X1,X2,f5-null-transfer,32,6,0.04967684003355456,0.615,residual_samples/batch-32-replication-6.csv,null_statistics/batch-32-replication-6.npy,batch-f5-null-transfer,15453906978386540954,9477154838440848811,13595616284979825099,0.18859660002635792,,,batch-f5-null-transfer-20260821-001
F5,X1,X2,f5-null-transfer,32,7,0.062021498275382385,0.245,residual_samples/batch-32-replication-7.csv,null_statistics/batch-32-replication-7.npy,batch-f5-null-transfer,11278257224384642656,11289268328094080159,14308712846009825853,0.18961729999864474,,,batch-f5-null-transfer-20260821-001
F5,X1,X2,f5-null-transfer,32,8,0.04554558772792284,0.765,residual_samples/batch-32-replication-8.csv,null_statistics/batch-32-replication-8.npy,batch-f5-null-transfer,16884484816312455651,203393439205307753,16187480265787008105,0.1871388999861665,,,batch-f5-null-transfer-20260821-001
F5,X1,X2,f5-null-transfer,32,9,0.044499993487060796,0.845,residual_samples/batch-32-replication-9.csv,null_statistics/batch-32-replication-9.npy,batch-f5-null-transfer,14268824016887924357,2962016765825733615,750992744832891342,0.1882190000033006,,,batch-f5-null-transfer-20260821-001
F5,X1,X2,f5-null-transfer,33,0,0.0535938154477387,0.495,residual_samples/batch-33-replication-0.csv,null_statistics/batch-33-replication-0.npy,batch-f5-null-transfer,16885297797333065333,3608037067831874550,9594398859760412390,0.18607900000642985,,,batch-f5-null-transfer-20260821-001
F5,X1,X2,f5-null-transfer,33,1,0.038574859789242084,0.99,residual_samples/batch-33-replication-1.csv,null_statistics/batch-33-replication-1.npy,batch-f5-null-transfer,16711940485784482753,5781476892454223927,15256549303821576980,0.18699029998970218,,,batch-f5-null-transfer-20260821-001
F5,X1,X2,f5-null-transfer,33,2,0.05718490017180023,0.36,residual_samples/batch-33-replication-2.csv,null_statistics/batch-33-replication-2.npy,batch-f5-null-transfer,4382047763280462467,3820756962123171025,12572261056210112198,0.1889837000053376,,,batch-f5-null-transfer-20260821-001
F5,X1,X2,f5-null-transfer,33,3,0.05120021494710293,0.61,residual_samples/batch-33-replication-3.csv,null_statistics/batch-33-replication-3.npy,batch-f5-null-transfer,9456241790804674247,1840385529402035295,7956872845005298280,0.18543599999975413,,,batch-f5-null-transfer-20260821-001
F5,X1,X2,f5-null-transfer,33,4,0.04204119476888578,0.95,residual_samples/batch-33-replication-4.csv,null_statistics/batch-33-replication-4.npy,batch-f5-null-transfer,12775954234054356552,14065954037331597791,2070611466717666718,0.18737840000540018,,,batch-f5-null-transfer-20260821-001
F5,X1,X2,f5-null-transfer,33,5,0.05480973199602755,0.45,residual_samples/batch-33-replication-5.csv,null_statistics/batch-33-replication-5.npy,batch-f5-null-transfer,13336720594959697031,16465953518038393294,16665594358439827085,0.1869114000000991,,,batch-f5-null-transfer-20260821-001
F5,X1,X2,f5-null-transfer,33,6,0.07087306448575613,0.085,residual_samples/batch-33-replication-6.csv,null_statistics/batch-33-replication-6.npy,batch-f5-null-transfer,5358562696562731859,2550974427123047073,8892997123369840058,0.18806849999236874,,,batch-f5-null-transfer-20260821-001
F5,X1,X2,f5-null-transfer,33,7,0.04706636973645355,0.75,residual_samples/batch-33-replication-7.csv,null_statistics/batch-33-replication-7.npy,batch-f5-null-transfer,8842399475595418272,9671888860899921008,11000837717541186995,0.19711539999116212,,,batch-f5-null-transfer-20260821-001
F5,X1,X2,f5-null-transfer,33,8,0.06965875577764184,0.07,residual_samples/batch-33-replication-8.csv,null_statistics/batch-33-replication-8.npy,batch-f5-null-transfer,1518560330848571111,7208081836412780889,8835840393668877862,0.19658819999312982,,,batch-f5-null-transfer-20260821-001
F5,X1,X2,f5-null-transfer,33,9,0.060345453176051986,0.275,residual_samples/batch-33-replication-9.csv,null_statistics/batch-33-replication-9.npy,batch-f5-null-transfer,13573740563997481455,1811631450370532060,1295031632323097260,0.193836199992802,,,batch-f5-null-transfer-20260821-001
F5,X1,X2,f5-null-transfer,34,0,0.04624477607641026,0.775,residual_samples/batch-34-replication-0.csv,null_statistics/batch-34-replication-0.npy,batch-f5-null-transfer,3087782275550825814,13416628176903341659,645184855368383696,0.1951575999846682,,,batch-f5-null-transfer-20260821-001
F5,X1,X2,f5-null-transfer,34,1,0.06369695671869992,0.265,residual_samples/batch-34-replication-1.csv,null_statistics/batch-34-replication-1.npy,batch-f5-null-transfer,10816546237633442969,5796042158309470022,7127754920874238816,0.18801119999261573,,,batch-f5-null-transfer-20260821-001
F5,X1,X2,f5-null-transfer,34,2,0.05236494151642728,0.565,residual_samples/batch-34-replication-2.csv,null_statistics/batch-34-replication-2.npy,batch-f5-null-transfer,7485992007616766264,3449251602415200472,2953105900922706413,0.18730750001850538,,,batch-f5-null-transfer-20260821-001
F5,X1,X2,f5-null-transfer,34,3,0.05806996978660978,0.4,residual_samples/batch-34-replication-3.csv,null_statistics/batch-34-replication-3.npy,batch-f5-null-transfer,8252074960423697039,4147691945167987984,593012109242942074,0.187713800027268,,,batch-f5-null-transfer-20260821-001
F5,X1,X2,f5-null-transfer,34,4,0.05158614221565522,0.58,residual_samples/batch-34-replication-4.csv,null_statistics/batch-34-replication-4.npy,batch-f5-null-transfer,13164170646019481745,11408998028054252409,17280366692248132194,0.18774399999529123,,,batch-f5-null-transfer-20260821-001
F5,X1,X2,f5-null-transfer,34,5,0.05428699112956228,0.43,residual_samples/batch-34-replication-5.csv,null_statistics/batch-34-replication-5.npy,batch-f5-null-transfer,18089377014848667760,6841414143980433827,10970997446708934285,0.18892720001167618,,,batch-f5-null-transfer-20260821-001
F5,X1,X2,f5-null-transfer,34,6,0.04217024804434467,0.975,residual_samples/batch-34-replication-6.csv,null_statistics/batch-34-replication-6.npy,batch-f5-null-transfer,18265033867137942675,5586206434682951674,5432464275125788412,0.18780230000265874,,,batch-f5-null-transfer-20260821-001
F5,X1,X2,f5-null-transfer,34,7,0.06644055819535682,0.17,residual_samples/batch-34-replication-7.csv,null_statistics/batch-34-replication-7.npy,batch-f5-null-transfer,11072160680510402900,8309832173451693492,1178730893548701185,0.18590390001190826,,,batch-f5-null-transfer-20260821-001
F5,X1,X2,f5-null-transfer,34,8,0.05254545464107456,0.55,residual_samples/batch-34-replication-8.csv,null_statistics/batch-34-replication-8.npy,batch-f5-null-transfer,17753351714084295273,735680657976912517,10355766863230094010,0.18757639999967068,,,batch-f5-null-transfer-20260821-001
F5,X1,X2,f5-null-transfer,34,9,0.09449155337769335,0.01,residual_samples/batch-34-replication-9.csv,null_statistics/batch-34-replication-9.npy,batch-f5-null-transfer,17741984266025672080,13576614081337201870,622385430040476502,0.18620709999231622,,,batch-f5-null-transfer-20260821-001
F5,X1,X2,f5-null-transfer,35,0,0.06194003987057092,0.235,residual_samples/batch-35-replication-0.csv,null_statistics/batch-35-replication-0.npy,batch-f5-null-transfer,13871159563667190420,10145232976097407276,11137893648494070195,0.18749189999653026,,,batch-f5-null-transfer-20260821-001
F5,X1,X2,f5-null-transfer,35,1,0.0691446831195781,0.09,residual_samples/batch-35-replication-1.csv,null_statistics/batch-35-replication-1.npy,batch-f5-null-transfer,3681182061055129977,5542905299572271432,10300521831636257534,0.18969639998977073,,,batch-f5-null-transfer-20260821-001
F5,X1,X2,f5-null-transfer,35,2,0.07027616102408649,0.09,residual_samples/batch-35-replication-2.csv,null_statistics/batch-35-replication-2.npy,batch-f5-null-transfer,17081721950753895470,508217375258755492,1209983131728424384,0.18644750001840293,,,batch-f5-null-transfer-20260821-001
F5,X1,X2,f5-null-transfer,35,3,0.08041326929897111,0.04,residual_samples/batch-35-replication-3.csv,null_statistics/batch-35-replication-3.npy,batch-f5-null-transfer,15755856146525635672,11328789529801932256,3085113016769418116,0.18881120000150986,,,batch-f5-null-transfer-20260821-001
F5,X1,X2,f5-null-transfer,35,4,0.053945352320325816,0.45,residual_samples/batch-35-replication-4.csv,null_statistics/batch-35-replication-4.npy,batch-f5-null-transfer,13439687806602939044,15666536632204231611,16894437954175248511,0.18852940000942908,,,batch-f5-null-transfer-20260821-001
F5,X1,X2,f5-null-transfer,35,5,0.06598976401753352,0.14,residual_samples/batch-35-replication-5.csv,null_statistics/batch-35-replication-5.npy,batch-f5-null-transfer,2027465916062018158,2237938015224207437,4155693266413124213,0.18664410000201315,,,batch-f5-null-transfer-20260821-001
F5,X1,X2,f5-null-transfer,35,6,0.05551106360554494,0.43,residual_samples/batch-35-replication-6.csv,null_statistics/batch-35-replication-6.npy,batch-f5-null-transfer,16426039000053412188,7058647737443711788,11912130913856928540,0.18602500000270084,,,batch-f5-null-transfer-20260821-001
F5,X1,X2,f5-null-transfer,35,7,0.050369867228087443,0.645,residual_samples/batch-35-replication-7.csv,null_statistics/batch-35-replication-7.npy,batch-f5-null-transfer,3573529740817639640,522844118332572173,3470464641315255699,0.18548449999070726,,,batch-f5-null-transfer-20260821-001
F5,X1,X2,f5-null-transfer,35,8,0.0682475976942563,0.175,residual_samples/batch-35-replication-8.csv,null_statistics/batch-35-replication-8.npy,batch-f5-null-transfer,7260050673582408642,1165579120426334013,5734959929219840033,0.1850739999790676,,,batch-f5-null-transfer-20260821-001
F5,X1,X2,f5-null-transfer,35,9,0.05288099578309123,0.53,residual_samples/batch-35-replication-9.csv,null_statistics/batch-35-replication-9.npy,batch-f5-null-transfer,2198638654873567910,105719586708223507,2123804034539047467,0.18675979998079129,,,batch-f5-null-transfer-20260821-001
F5,X1,X2,f5-null-transfer,36,0,0.056072589385868475,0.29,residual_samples/batch-36-replication-0.csv,null_statistics/batch-36-replication-0.npy,batch-f5-null-transfer,14087780642047994140,8882925746016632660,9195209919320326232,0.18512619999819435,,,batch-f5-null-transfer-20260821-001
F5,X1,X2,f5-null-transfer,36,1,0.058465602943192835,0.31,residual_samples/batch-36-replication-1.csv,null_statistics/batch-36-replication-1.npy,batch-f5-null-transfer,7533087545468922605,6930124861012076008,7431025623023133050,0.1867428999976255,,,batch-f5-null-transfer-20260821-001
F5,X1,X2,f5-null-transfer,36,2,0.05586295585719621,0.445,residual_samples/batch-36-replication-2.csv,null_statistics/batch-36-replication-2.npy,batch-f5-null-transfer,13971392608261660,10668248577944933621,5279516808630737448,0.1871615000127349,,,batch-f5-null-transfer-20260821-001
F5,X1,X2,f5-null-transfer,36,3,0.07512031246759775,0.05,residual_samples/batch-36-replication-3.csv,null_statistics/batch-36-replication-3.npy,batch-f5-null-transfer,10298242378721433760,15178005916726771205,11390769716701770247,0.18618269998114556,,,batch-f5-null-transfer-20260821-001
F5,X1,X2,f5-null-transfer,36,4,0.06279875428112842,0.225,residual_samples/batch-36-replication-4.csv,null_statistics/batch-36-replication-4.npy,batch-f5-null-transfer,4945969132225016123,12863921790458659990,3751326074809537799,0.18728589999955148,,,batch-f5-null-transfer-20260821-001
F5,X1,X2,f5-null-transfer,36,5,0.07287023181425721,0.11,residual_samples/batch-36-replication-5.csv,null_statistics/batch-36-replication-5.npy,batch-f5-null-transfer,4605030940304275287,1249094177485097822,14745034980004770503,0.186316600011196,,,batch-f5-null-transfer-20260821-001
F5,X1,X2,f5-null-transfer,36,6,0.10589052659120232,0.005,residual_samples/batch-36-replication-6.csv,null_statistics/batch-36-replication-6.npy,batch-f5-null-transfer,11233056565447422133,1935376119541017140,10072960771775012710,0.1870581000111997,,,batch-f5-null-transfer-20260821-001
F5,X1,X2,f5-null-transfer,36,7,0.07378344269614036,0.05,residual_samples/batch-36-replication-7.csv,null_statistics/batch-36-replication-7.npy,batch-f5-null-transfer,10518753852918435746,1938696319912993262,13395867424871132969,0.18608580000000075,,,batch-f5-null-transfer-20260821-001
F5,X1,X2,f5-null-transfer,36,8,0.04846353657804162,0.64,residual_samples/batch-36-replication-8.csv,null_statistics/batch-36-replication-8.npy,batch-f5-null-transfer,2453876198710572553,12932898038609429876,6094438091912729507,0.18604279999271967,,,batch-f5-null-transfer-20260821-001
F5,X1,X2,f5-null-transfer,36,9,0.03840909165362267,0.995,residual_samples/batch-36-replication-9.csv,null_statistics/batch-36-replication-9.npy,batch-f5-null-transfer,16799003505532936609,2466141200911398102,8851895349192904186,0.1878322999982629,,,batch-f5-null-transfer-20260821-001
F5,X1,X2,f5-null-transfer,37,0,0.042957007276362424,0.92,residual_samples/batch-37-replication-0.csv,null_statistics/batch-37-replication-0.npy,batch-f5-null-transfer,17607690693604532966,7683402544001140862,363811640228478779,0.18742179998662323,,,batch-f5-null-transfer-20260821-001
F5,X1,X2,f5-null-transfer,37,1,0.049365422469870475,0.7,residual_samples/batch-37-replication-1.csv,null_statistics/batch-37-replication-1.npy,batch-f5-null-transfer,17536542090387737916,7267045597075927459,14921352313063990400,0.1901623000157997,,,batch-f5-null-transfer-20260821-001
F5,X1,X2,f5-null-transfer,37,2,0.07995018109420865,0.035,residual_samples/batch-37-replication-2.csv,null_statistics/batch-37-replication-2.npy,batch-f5-null-transfer,464154345444705475,10722588283078749957,17536570393575359652,0.18767990000196733,,,batch-f5-null-transfer-20260821-001
F5,X1,X2,f5-null-transfer,37,3,0.04431119847657312,0.84,residual_samples/batch-37-replication-3.csv,null_statistics/batch-37-replication-3.npy,batch-f5-null-transfer,8255342922578586634,17092542095651466573,4847984337206255562,0.19684249997953884,,,batch-f5-null-transfer-20260821-001
F5,X1,X2,f5-null-transfer,37,4,0.04565917654088283,0.795,residual_samples/batch-37-replication-4.csv,null_statistics/batch-37-replication-4.npy,batch-f5-null-transfer,12013457741843516933,4420328270662083309,5072722083693448300,0.19487649999791756,,,batch-f5-null-transfer-20260821-001
F5,X1,X2,f5-null-transfer,37,5,0.04835418760950044,0.725,residual_samples/batch-37-replication-5.csv,null_statistics/batch-37-replication-5.npy,batch-f5-null-transfer,1904983953802622654,18242483115561924216,6416092915155743436,0.19634100000257604,,,batch-f5-null-transfer-20260821-001
F5,X1,X2,f5-null-transfer,37,6,0.039890782874427856,0.945,residual_samples/batch-37-replication-6.csv,null_statistics/batch-37-replication-6.npy,batch-f5-null-transfer,8001616680592481972,16697572768279238527,17673422935844227888,0.19207079999614507,,,batch-f5-null-transfer-20260821-001
F5,X1,X2,f5-null-transfer,37,7,0.052548407712121124,0.515,residual_samples/batch-37-replication-7.csv,null_statistics/batch-37-replication-7.npy,batch-f5-null-transfer,4629627622732431918,8326345183461953878,11447911789077490206,0.19487269999808632,,,batch-f5-null-transfer-20260821-001
F5,X1,X2,f5-null-transfer,37,8,0.054285036317569785,0.41,residual_samples/batch-37-replication-8.csv,null_statistics/batch-37-replication-8.npy,batch-f5-null-transfer,12694483147048632194,13381842422077617558,13296483314618781770,0.18728539999574423,,,batch-f5-null-transfer-20260821-001
F5,X1,X2,f5-null-transfer,37,9,0.04663090223649079,0.76,residual_samples/batch-37-replication-9.csv,null_statistics/batch-37-replication-9.npy,batch-f5-null-transfer,2287599512061707838,17474318009334572507,17727791045057725750,0.18564290000358596,,,batch-f5-null-transfer-20260821-001
F5,X1,X2,f5-null-transfer,38,0,0.051303230378031923,0.56,residual_samples/batch-38-replication-0.csv,null_statistics/batch-38-replication-0.npy,batch-f5-null-transfer,5905529170936749343,14588845052219803426,15297208473490413203,0.18789689999539405,,,batch-f5-null-transfer-20260821-001
F5,X1,X2,f5-null-transfer,38,1,0.04787180076100322,0.765,residual_samples/batch-38-replication-1.csv,null_statistics/batch-38-replication-1.npy,batch-f5-null-transfer,9204753310193025858,2338883618764602344,6391773196489858666,0.18779389999690466,,,batch-f5-null-transfer-20260821-001
F5,X1,X2,f5-null-transfer,38,2,0.05839716704137611,0.32,residual_samples/batch-38-replication-2.csv,null_statistics/batch-38-replication-2.npy,batch-f5-null-transfer,3547179722417579036,13141335765616220724,5984281329346054411,0.18916780001018196,,,batch-f5-null-transfer-20260821-001
F5,X1,X2,f5-null-transfer,38,3,0.05922240658222173,0.28,residual_samples/batch-38-replication-3.csv,null_statistics/batch-38-replication-3.npy,batch-f5-null-transfer,16789692118425691027,854822800309137734,360712577169875410,0.18920169997727498,,,batch-f5-null-transfer-20260821-001
F5,X1,X2,f5-null-transfer,38,4,0.047016048178646304,0.765,residual_samples/batch-38-replication-4.csv,null_statistics/batch-38-replication-4.npy,batch-f5-null-transfer,7629012420564003190,14990937656336792820,18149057752437220473,0.19042260001879185,,,batch-f5-null-transfer-20260821-001
F5,X1,X2,f5-null-transfer,38,5,0.04862523974674177,0.71,residual_samples/batch-38-replication-5.csv,null_statistics/batch-38-replication-5.npy,batch-f5-null-transfer,6910788462545202007,6988272210518321378,2415486796925474540,0.1892593999800738,,,batch-f5-null-transfer-20260821-001
F5,X1,X2,f5-null-transfer,38,6,0.07853479165089267,0.045,residual_samples/batch-38-replication-6.csv,null_statistics/batch-38-replication-6.npy,batch-f5-null-transfer,16707150405824169439,9873215683646296067,12287798494732965562,0.1867173999780789,,,batch-f5-null-transfer-20260821-001
F5,X1,X2,f5-null-transfer,38,7,0.05836489897326079,0.295,residual_samples/batch-38-replication-7.csv,null_statistics/batch-38-replication-7.npy,batch-f5-null-transfer,14212987942246313570,597314170781678976,3117743094930739047,0.18632579999393784,,,batch-f5-null-transfer-20260821-001
F5,X1,X2,f5-null-transfer,38,8,0.04368006034820769,0.885,residual_samples/batch-38-replication-8.csv,null_statistics/batch-38-replication-8.npy,batch-f5-null-transfer,10717291418468510847,10114445320457487922,1716855033038242658,0.19086909998441115,,,batch-f5-null-transfer-20260821-001
F5,X1,X2,f5-null-transfer,38,9,0.04287057368654952,0.95,residual_samples/batch-38-replication-9.csv,null_statistics/batch-38-replication-9.npy,batch-f5-null-transfer,5797309976103371731,2310713324802550077,14859505198871826424,0.18573500000638887,,,batch-f5-null-transfer-20260821-001
F5,X1,X2,f5-null-transfer,39,0,0.058186332430903896,0.285,residual_samples/batch-39-replication-0.csv,null_statistics/batch-39-replication-0.npy,batch-f5-null-transfer,1694727008611132648,2675949639731679785,18016331205535928016,0.18647439999040216,,,batch-f5-null-transfer-20260821-001
F5,X1,X2,f5-null-transfer,39,1,0.05381293522936414,0.51,residual_samples/batch-39-replication-1.csv,null_statistics/batch-39-replication-1.npy,batch-f5-null-transfer,2489792212571273217,17305224594741587409,185982330106435069,0.1887272000021767,,,batch-f5-null-transfer-20260821-001
F5,X1,X2,f5-null-transfer,39,2,0.053923764550378984,0.42,residual_samples/batch-39-replication-2.csv,null_statistics/batch-39-replication-2.npy,batch-f5-null-transfer,9228501322092157073,16026446777619025818,2420595349174701246,0.18807309999829158,,,batch-f5-null-transfer-20260821-001
F5,X1,X2,f5-null-transfer,39,3,0.04636118575410935,0.785,residual_samples/batch-39-replication-3.csv,null_statistics/batch-39-replication-3.npy,batch-f5-null-transfer,665785390458047630,9114665535858922558,14080489174492349986,0.18679570002132095,,,batch-f5-null-transfer-20260821-001
F5,X1,X2,f5-null-transfer,39,4,0.05425109364636584,0.455,residual_samples/batch-39-replication-4.csv,null_statistics/batch-39-replication-4.npy,batch-f5-null-transfer,3534454019159536981,15440610633297068001,16976161650822181696,0.18586920000961982,,,batch-f5-null-transfer-20260821-001
F5,X1,X2,f5-null-transfer,39,5,0.07898968509543725,0.035,residual_samples/batch-39-replication-5.csv,null_statistics/batch-39-replication-5.npy,batch-f5-null-transfer,2195095223725945828,15938095567523986074,10896966658381843367,0.1858531000034418,,,batch-f5-null-transfer-20260821-001
F5,X1,X2,f5-null-transfer,39,6,0.04882964003812301,0.615,residual_samples/batch-39-replication-6.csv,null_statistics/batch-39-replication-6.npy,batch-f5-null-transfer,17516077432498173296,2499120170745967090,14333420088306128453,0.19060960001661442,,,batch-f5-null-transfer-20260821-001
F5,X1,X2,f5-null-transfer,39,7,0.060078685382253076,0.255,residual_samples/batch-39-replication-7.csv,null_statistics/batch-39-replication-7.npy,batch-f5-null-transfer,17489553398985122357,10903162760168393583,494161230506367441,0.18890400000964291,,,batch-f5-null-transfer-20260821-001
F5,X1,X2,f5-null-transfer,39,8,0.04977309701503743,0.65,residual_samples/batch-39-replication-8.csv,null_statistics/batch-39-replication-8.npy,batch-f5-null-transfer,226206275882808319,14638476374978149355,111836907487866956,0.18614940001862124,,,batch-f5-null-transfer-20260821-001
F5,X1,X2,f5-null-transfer,39,9,0.04460932142325945,0.82,residual_samples/batch-39-replication-9.csv,null_statistics/batch-39-replication-9.npy,batch-f5-null-transfer,3980928227592349304,14528394532840647213,6482274723258666772,0.186182799981907,,,batch-f5-null-transfer-20260821-001
F5,X1,X2,f5-null-transfer,40,0,0.055105732775087374,0.425,residual_samples/batch-40-replication-0.csv,null_statistics/batch-40-replication-0.npy,batch-f5-null-transfer,13267189780628129470,7855363490388651684,2258700365594855858,0.18601470001158305,,,batch-f5-null-transfer-20260821-001
F5,X1,X2,f5-null-transfer,40,1,0.04493241252613257,0.825,residual_samples/batch-40-replication-1.csv,null_statistics/batch-40-replication-1.npy,batch-f5-null-transfer,4242846805219991908,3630227101510407489,46443840859736862,0.1864153000060469,,,batch-f5-null-transfer-20260821-001
F5,X1,X2,f5-null-transfer,40,2,0.050993636894463915,0.59,residual_samples/batch-40-replication-2.csv,null_statistics/batch-40-replication-2.npy,batch-f5-null-transfer,2275990098655218555,8137657605907978005,14225328141119203625,0.18764920000103302,,,batch-f5-null-transfer-20260821-001
F5,X1,X2,f5-null-transfer,40,3,0.06162967155894332,0.205,residual_samples/batch-40-replication-3.csv,null_statistics/batch-40-replication-3.npy,batch-f5-null-transfer,18327772914743514333,18294603894343989034,17857143472341753929,0.1884534000128042,,,batch-f5-null-transfer-20260821-001
F5,X1,X2,f5-null-transfer,40,4,0.060209884130922396,0.315,residual_samples/batch-40-replication-4.csv,null_statistics/batch-40-replication-4.npy,batch-f5-null-transfer,7507960601480460976,16543323664763536043,10635533706701694677,0.18672060000244528,,,batch-f5-null-transfer-20260821-001
F5,X1,X2,f5-null-transfer,40,5,0.050820602562735996,0.64,residual_samples/batch-40-replication-5.csv,null_statistics/batch-40-replication-5.npy,batch-f5-null-transfer,9946165786549808626,6395375463270134745,11082338999857808501,0.18801660000463016,,,batch-f5-null-transfer-20260821-001
F5,X1,X2,f5-null-transfer,40,6,0.06161757478762725,0.27,residual_samples/batch-40-replication-6.csv,null_statistics/batch-40-replication-6.npy,batch-f5-null-transfer,2689606648241287520,8557074276722402870,9159337046335876233,0.18697040001279674,,,batch-f5-null-transfer-20260821-001
F5,X1,X2,f5-null-transfer,40,7,0.04655209784402324,0.75,residual_samples/batch-40-replication-7.csv,null_statistics/batch-40-replication-7.npy,batch-f5-null-transfer,117709466509148533,8551104794797792254,17832988016822418543,0.18694690000847913,,,batch-f5-null-transfer-20260821-001
F5,X1,X2,f5-null-transfer,40,8,0.04286803601226791,0.895,residual_samples/batch-40-replication-8.csv,null_statistics/batch-40-replication-8.npy,batch-f5-null-transfer,448808019899494150,2409387705252309836,654299537224528984,0.18702630000188947,,,batch-f5-null-transfer-20260821-001
F5,X1,X2,f5-null-transfer,40,9,0.05910911769598315,0.3,residual_samples/batch-40-replication-9.csv,null_statistics/batch-40-replication-9.npy,batch-f5-null-transfer,17731438554132942633,9564984251076925014,10185865697152515011,0.18759890002547763,,,batch-f5-null-transfer-20260821-001
F5,X1,X2,f5-null-transfer,41,0,0.09536755289837473,0.025,residual_samples/batch-41-replication-0.csv,null_statistics/batch-41-replication-0.npy,batch-f5-null-transfer,6481718332950582504,11165893053119095394,14535204916165716100,0.1864759000018239,,,batch-f5-null-transfer-20260821-001
F5,X1,X2,f5-null-transfer,41,1,0.04179252716771066,0.945,residual_samples/batch-41-replication-1.csv,null_statistics/batch-41-replication-1.npy,batch-f5-null-transfer,7164876376843014923,6876539218360757861,12108716643089304867,0.19139880000147969,,,batch-f5-null-transfer-20260821-001
F5,X1,X2,f5-null-transfer,41,2,0.05796903252435508,0.375,residual_samples/batch-41-replication-2.csv,null_statistics/batch-41-replication-2.npy,batch-f5-null-transfer,17368729017397703508,17160995479047346110,4784720942727170719,0.19260449998546392,,,batch-f5-null-transfer-20260821-001
F5,X1,X2,f5-null-transfer,41,3,0.051132413899749596,0.55,residual_samples/batch-41-replication-3.csv,null_statistics/batch-41-replication-3.npy,batch-f5-null-transfer,6374512675909625494,3840534842673944268,2068072665647832537,0.19326749999891035,,,batch-f5-null-transfer-20260821-001
F5,X1,X2,f5-null-transfer,41,4,0.05077942796497883,0.635,residual_samples/batch-41-replication-4.csv,null_statistics/batch-41-replication-4.npy,batch-f5-null-transfer,12214574647590647639,9133817159639963710,10452273557316845738,0.19368120000581257,,,batch-f5-null-transfer-20260821-001
F5,X1,X2,f5-null-transfer,41,5,0.04287899857459973,0.915,residual_samples/batch-41-replication-5.csv,null_statistics/batch-41-replication-5.npy,batch-f5-null-transfer,14962955938906979592,9390270348033558092,12696641988201875779,0.1901114999782294,,,batch-f5-null-transfer-20260821-001
F5,X1,X2,f5-null-transfer,41,6,0.044812508866468606,0.845,residual_samples/batch-41-replication-6.csv,null_statistics/batch-41-replication-6.npy,batch-f5-null-transfer,16045835521781244994,14455041751775540025,6476814891678845162,0.18908019998343661,,,batch-f5-null-transfer-20260821-001
F5,X1,X2,f5-null-transfer,41,7,0.05021322623308535,0.675,residual_samples/batch-41-replication-7.csv,null_statistics/batch-41-replication-7.npy,batch-f5-null-transfer,8283450240846390169,10960083936441081199,1312460379823199555,0.19182330000330694,,,batch-f5-null-transfer-20260821-001
F5,X1,X2,f5-null-transfer,41,8,0.07096747855420027,0.135,residual_samples/batch-41-replication-8.csv,null_statistics/batch-41-replication-8.npy,batch-f5-null-transfer,10248040994388091046,7287730886885231642,11535868541623554274,0.1904934000049252,,,batch-f5-null-transfer-20260821-001
F5,X1,X2,f5-null-transfer,41,9,0.06190589733433759,0.285,residual_samples/batch-41-replication-9.csv,null_statistics/batch-41-replication-9.npy,batch-f5-null-transfer,16928459995298137232,12173789707910587219,1856347802263089117,0.1878331000043545,,,batch-f5-null-transfer-20260821-001
F5,X1,X2,f5-null-transfer,42,0,0.059268632012531755,0.255,residual_samples/batch-42-replication-0.csv,null_statistics/batch-42-replication-0.npy,batch-f5-null-transfer,4109242026154762738,9150137214453788225,11534528863169763697,0.1877929999900516,,,batch-f5-null-transfer-20260821-001
F5,X1,X2,f5-null-transfer,42,1,0.055264591866771816,0.435,residual_samples/batch-42-replication-1.csv,null_statistics/batch-42-replication-1.npy,batch-f5-null-transfer,10324556334028444199,7995000676619697805,14145756759805523486,0.1872529999818653,,,batch-f5-null-transfer-20260821-001
F5,X1,X2,f5-null-transfer,42,2,0.04992265540912746,0.69,residual_samples/batch-42-replication-2.csv,null_statistics/batch-42-replication-2.npy,batch-f5-null-transfer,3799978835351025462,1043176007421811153,1425214116823117090,0.18741700000828132,,,batch-f5-null-transfer-20260821-001
F5,X1,X2,f5-null-transfer,42,3,0.04481326821797203,0.83,residual_samples/batch-42-replication-3.csv,null_statistics/batch-42-replication-3.npy,batch-f5-null-transfer,5504593827778378488,11473746633598980030,14755661585075975190,0.1887369000178296,,,batch-f5-null-transfer-20260821-001
F5,X1,X2,f5-null-transfer,42,4,0.05102491521165402,0.635,residual_samples/batch-42-replication-4.csv,null_statistics/batch-42-replication-4.npy,batch-f5-null-transfer,7387793169678019787,12258874580821301878,5552774263686015128,0.18736159999389201,,,batch-f5-null-transfer-20260821-001
F5,X1,X2,f5-null-transfer,42,5,0.08590664903582058,0.03,residual_samples/batch-42-replication-5.csv,null_statistics/batch-42-replication-5.npy,batch-f5-null-transfer,6168440625950791181,2719089622070002804,5610293031114227424,0.18892760001472197,,,batch-f5-null-transfer-20260821-001
F5,X1,X2,f5-null-transfer,42,6,0.08725374878299781,0.02,residual_samples/batch-42-replication-6.csv,null_statistics/batch-42-replication-6.npy,batch-f5-null-transfer,10899543505989678485,5427919125700809161,1695771464017920464,0.1876590000174474,,,batch-f5-null-transfer-20260821-001
F5,X1,X2,f5-null-transfer,42,7,0.053039538307206334,0.49,residual_samples/batch-42-replication-7.csv,null_statistics/batch-42-replication-7.npy,batch-f5-null-transfer,2583724151161237506,10436808646284868647,10954323228243520182,0.18904009999823757,,,batch-f5-null-transfer-20260821-001
F5,X1,X2,f5-null-transfer,42,8,0.07111318066075482,0.13,residual_samples/batch-42-replication-8.csv,null_statistics/batch-42-replication-8.npy,batch-f5-null-transfer,13262211922012955114,9630415078059456573,18421913722621904860,0.18510570001672022,,,batch-f5-null-transfer-20260821-001
F5,X1,X2,f5-null-transfer,42,9,0.05450606081989848,0.485,residual_samples/batch-42-replication-9.csv,null_statistics/batch-42-replication-9.npy,batch-f5-null-transfer,14910762341578460602,15495970961464168211,15027287426774637813,0.1882597999938298,,,batch-f5-null-transfer-20260821-001
F5,X1,X2,f5-null-transfer,43,0,0.04841036637372932,0.685,residual_samples/batch-43-replication-0.csv,null_statistics/batch-43-replication-0.npy,batch-f5-null-transfer,8704053948054667077,6477353749512867306,17079530653556575466,0.1924769000033848,,,batch-f5-null-transfer-20260821-001
F5,X1,X2,f5-null-transfer,43,1,0.07749574625173834,0.055,residual_samples/batch-43-replication-1.csv,null_statistics/batch-43-replication-1.npy,batch-f5-null-transfer,4967422596824619365,18252069660010734836,16226395799581345339,0.1991553000116255,,,batch-f5-null-transfer-20260821-001
F5,X1,X2,f5-null-transfer,43,2,0.06915629751077362,0.11,residual_samples/batch-43-replication-2.csv,null_statistics/batch-43-replication-2.npy,batch-f5-null-transfer,9356584584483592204,7554520911375752868,5966333845975294100,0.18921209999825805,,,batch-f5-null-transfer-20260821-001
F5,X1,X2,f5-null-transfer,43,3,0.04813181470196377,0.685,residual_samples/batch-43-replication-3.csv,null_statistics/batch-43-replication-3.npy,batch-f5-null-transfer,6985158588162938172,9307975174263078793,12263878610156733572,0.18863210000563413,,,batch-f5-null-transfer-20260821-001
F5,X1,X2,f5-null-transfer,43,4,0.05443195960578743,0.47,residual_samples/batch-43-replication-4.csv,null_statistics/batch-43-replication-4.npy,batch-f5-null-transfer,14990926324949421523,3971944192368321949,5525438920208498318,0.18853260000469163,,,batch-f5-null-transfer-20260821-001
F5,X1,X2,f5-null-transfer,43,5,0.08122290140498648,0.04,residual_samples/batch-43-replication-5.csv,null_statistics/batch-43-replication-5.npy,batch-f5-null-transfer,16277126192766948950,12092838477032236940,16105148555462625429,0.1865910999767948,,,batch-f5-null-transfer-20260821-001
F5,X1,X2,f5-null-transfer,43,6,0.05122790513205496,0.625,residual_samples/batch-43-replication-6.csv,null_statistics/batch-43-replication-6.npy,batch-f5-null-transfer,10179433789985600239,7866937085528655088,1312083567222707713,0.18746139999711886,,,batch-f5-null-transfer-20260821-001
F5,X1,X2,f5-null-transfer,43,7,0.05189035989982941,0.625,residual_samples/batch-43-replication-7.csv,null_statistics/batch-43-replication-7.npy,batch-f5-null-transfer,12074333703070323674,17770384703178336450,4851537353583801320,0.18722150000394322,,,batch-f5-null-transfer-20260821-001
F5,X1,X2,f5-null-transfer,43,8,0.04635851798546069,0.81,residual_samples/batch-43-replication-8.csv,null_statistics/batch-43-replication-8.npy,batch-f5-null-transfer,11375338856998981898,7770234415073511206,16865298295231563334,0.18646650001755916,,,batch-f5-null-transfer-20260821-001
F5,X1,X2,f5-null-transfer,43,9,0.06034262810036369,0.275,residual_samples/batch-43-replication-9.csv,null_statistics/batch-43-replication-9.npy,batch-f5-null-transfer,5891679267711197465,4113913275303248874,6428453206211899849,0.1937747999909334,,,batch-f5-null-transfer-20260821-001
F5,X1,X2,f5-null-transfer,44,0,0.051441835535721715,0.59,residual_samples/batch-44-replication-0.csv,null_statistics/batch-44-replication-0.npy,batch-f5-null-transfer,4988263318209366248,10305632096097864779,4092800950715619210,0.18709409999428317,,,batch-f5-null-transfer-20260821-001
F5,X1,X2,f5-null-transfer,44,1,0.04463498943680884,0.85,residual_samples/batch-44-replication-1.csv,null_statistics/batch-44-replication-1.npy,batch-f5-null-transfer,3309273559008227084,15957387094758991155,15825653362045555986,0.18642589999944903,,,batch-f5-null-transfer-20260821-001
F5,X1,X2,f5-null-transfer,44,2,0.07932325958889234,0.06,residual_samples/batch-44-replication-2.csv,null_statistics/batch-44-replication-2.npy,batch-f5-null-transfer,2750048546259522315,12314118329438136551,2896248183454367103,0.18691129999933764,,,batch-f5-null-transfer-20260821-001
F5,X1,X2,f5-null-transfer,44,3,0.049379356710792355,0.675,residual_samples/batch-44-replication-3.csv,null_statistics/batch-44-replication-3.npy,batch-f5-null-transfer,18057020570245769642,3196881306198474030,12043322435245807325,0.18704680001246743,,,batch-f5-null-transfer-20260821-001
F5,X1,X2,f5-null-transfer,44,4,0.0776735319069475,0.075,residual_samples/batch-44-replication-4.csv,null_statistics/batch-44-replication-4.npy,batch-f5-null-transfer,17641860134310584528,5218599036689898282,14548636897275830560,0.18702620000112802,,,batch-f5-null-transfer-20260821-001
F5,X1,X2,f5-null-transfer,44,5,0.051346118286376835,0.565,residual_samples/batch-44-replication-5.csv,null_statistics/batch-44-replication-5.npy,batch-f5-null-transfer,13568823334303246469,9163696009286350849,2813880481754858248,0.18851169999106787,,,batch-f5-null-transfer-20260821-001
F5,X1,X2,f5-null-transfer,44,6,0.06651305453401536,0.15,residual_samples/batch-44-replication-6.csv,null_statistics/batch-44-replication-6.npy,batch-f5-null-transfer,6439991337306852774,13104318143698275021,18313471424048474454,0.18638650001958013,,,batch-f5-null-transfer-20260821-001
F5,X1,X2,f5-null-transfer,44,7,0.05813495305827021,0.28,residual_samples/batch-44-replication-7.csv,null_statistics/batch-44-replication-7.npy,batch-f5-null-transfer,17613591068071163763,58315688864337769,6232108658127717853,0.1921909999800846,,,batch-f5-null-transfer-20260821-001
F5,X1,X2,f5-null-transfer,44,8,0.05556696313778237,0.385,residual_samples/batch-44-replication-8.csv,null_statistics/batch-44-replication-8.npy,batch-f5-null-transfer,17745998316144487297,4025702101879047309,2249993604079243701,0.19485709999571554,,,batch-f5-null-transfer-20260821-001
F5,X1,X2,f5-null-transfer,44,9,0.04516381489125523,0.88,residual_samples/batch-44-replication-9.csv,null_statistics/batch-44-replication-9.npy,batch-f5-null-transfer,10836640894806491264,14678766297246235569,4592121213755080533,0.19499340001493692,,,batch-f5-null-transfer-20260821-001
F5,X1,X2,f5-null-transfer,45,0,0.0414449920235831,0.95,residual_samples/batch-45-replication-0.csv,null_statistics/batch-45-replication-0.npy,batch-f5-null-transfer,12545608323969855954,1388565935797053126,708979070133986749,0.1919904999958817,,,batch-f5-null-transfer-20260821-001
F5,X1,X2,f5-null-transfer,45,1,0.053477013286032625,0.57,residual_samples/batch-45-replication-1.csv,null_statistics/batch-45-replication-1.npy,batch-f5-null-transfer,7452047952066390604,17976341141882973310,353241498006818910,0.19440370000666007,,,batch-f5-null-transfer-20260821-001
F5,X1,X2,f5-null-transfer,45,2,0.04674845515458897,0.725,residual_samples/batch-45-replication-2.csv,null_statistics/batch-45-replication-2.npy,batch-f5-null-transfer,18159390034754475822,6523543438907817803,382035524766083429,0.18890470001497306,,,batch-f5-null-transfer-20260821-001
F5,X1,X2,f5-null-transfer,45,3,0.058848408177637104,0.345,residual_samples/batch-45-replication-3.csv,null_statistics/batch-45-replication-3.npy,batch-f5-null-transfer,4522810914458521676,3486740685030174191,12923839239293223154,0.18638780000037514,,,batch-f5-null-transfer-20260821-001
F5,X1,X2,f5-null-transfer,45,4,0.04956919355743909,0.705,residual_samples/batch-45-replication-4.csv,null_statistics/batch-45-replication-4.npy,batch-f5-null-transfer,14610900708503017521,3516043094617331778,18318401916316148844,0.1889855999907013,,,batch-f5-null-transfer-20260821-001
F5,X1,X2,f5-null-transfer,45,5,0.05922891502437033,0.23,residual_samples/batch-45-replication-5.csv,null_statistics/batch-45-replication-5.npy,batch-f5-null-transfer,3221044100969350139,18416280257916060494,12763879365533756887,0.1888166000135243,,,batch-f5-null-transfer-20260821-001
F5,X1,X2,f5-null-transfer,45,6,0.05634424153768156,0.355,residual_samples/batch-45-replication-6.csv,null_statistics/batch-45-replication-6.npy,batch-f5-null-transfer,9408145903040983350,763528071791110188,4188435310786694555,0.18759400001727045,,,batch-f5-null-transfer-20260821-001
F5,X1,X2,f5-null-transfer,45,7,0.08402796828898647,0.005,residual_samples/batch-45-replication-7.csv,null_statistics/batch-45-replication-7.npy,batch-f5-null-transfer,17700995073517702087,7264563830506984937,7063229464010401061,0.18890280000050552,,,batch-f5-null-transfer-20260821-001
F5,X1,X2,f5-null-transfer,45,8,0.046673189782450726,0.785,residual_samples/batch-45-replication-8.csv,null_statistics/batch-45-replication-8.npy,batch-f5-null-transfer,4575466748935350073,12977130587757819358,10094414306831007215,0.1859829000022728,,,batch-f5-null-transfer-20260821-001
F5,X1,X2,f5-null-transfer,45,9,0.06697159649712935,0.145,residual_samples/batch-45-replication-9.csv,null_statistics/batch-45-replication-9.npy,batch-f5-null-transfer,3048825454481478155,17032454630070097766,3870944539550621011,0.18749949999619275,,,batch-f5-null-transfer-20260821-001
F5,X1,X2,f5-null-transfer,46,0,0.06428510866470513,0.155,residual_samples/batch-46-replication-0.csv,null_statistics/batch-46-replication-0.npy,batch-f5-null-transfer,12234024028730508904,5590463515739887014,7780312553220405184,0.19080959999701008,,,batch-f5-null-transfer-20260821-001
F5,X1,X2,f5-null-transfer,46,1,0.06638567253826631,0.1,residual_samples/batch-46-replication-1.csv,null_statistics/batch-46-replication-1.npy,batch-f5-null-transfer,7810981173868858667,9967692943680914220,9650054609268283358,0.18746379998628981,,,batch-f5-null-transfer-20260821-001
F5,X1,X2,f5-null-transfer,46,2,0.049340311816239484,0.615,residual_samples/batch-46-replication-2.csv,null_statistics/batch-46-replication-2.npy,batch-f5-null-transfer,10936281749244711559,8666252412004275634,2122550107120096038,0.19139399999403395,,,batch-f5-null-transfer-20260821-001
F5,X1,X2,f5-null-transfer,46,3,0.0611574021291814,0.23,residual_samples/batch-46-replication-3.csv,null_statistics/batch-46-replication-3.npy,batch-f5-null-transfer,8307960803071385283,4925322312980070208,10581974685299022696,0.18755539998528548,,,batch-f5-null-transfer-20260821-001
F5,X1,X2,f5-null-transfer,46,4,0.08325124221581238,0.02,residual_samples/batch-46-replication-4.csv,null_statistics/batch-46-replication-4.npy,batch-f5-null-transfer,15507316961911223225,6173337446294305602,8403971247950304723,0.18547209998359904,,,batch-f5-null-transfer-20260821-001
F5,X1,X2,f5-null-transfer,46,5,0.05178097137695302,0.6,residual_samples/batch-46-replication-5.csv,null_statistics/batch-46-replication-5.npy,batch-f5-null-transfer,7495693706849700790,9186803851126430839,17457579508686754619,0.18764920000103302,,,batch-f5-null-transfer-20260821-001
F5,X1,X2,f5-null-transfer,46,6,0.06017268715779377,0.255,residual_samples/batch-46-replication-6.csv,null_statistics/batch-46-replication-6.npy,batch-f5-null-transfer,4977020374055782267,9028922019957526038,14462210661308857832,0.1878214000025764,,,batch-f5-null-transfer-20260821-001
F5,X1,X2,f5-null-transfer,46,7,0.049059727782702955,0.665,residual_samples/batch-46-replication-7.csv,null_statistics/batch-46-replication-7.npy,batch-f5-null-transfer,232882509636711303,3329969617224081381,446396684159313247,0.18788579999818467,,,batch-f5-null-transfer-20260821-001
F5,X1,X2,f5-null-transfer,46,8,0.05776923677871445,0.36,residual_samples/batch-46-replication-8.csv,null_statistics/batch-46-replication-8.npy,batch-f5-null-transfer,18172828505663110478,4363899480969252405,4179370781726652133,0.18717809999361634,,,batch-f5-null-transfer-20260821-001
F5,X1,X2,f5-null-transfer,46,9,0.05540408914960444,0.43,residual_samples/batch-46-replication-9.csv,null_statistics/batch-46-replication-9.npy,batch-f5-null-transfer,3333543778590794581,12407567339051333468,3730391365348130556,0.18715319997863844,,,batch-f5-null-transfer-20260821-001
F5,X1,X2,f5-null-transfer,47,0,0.07109198715851575,0.105,residual_samples/batch-47-replication-0.csv,null_statistics/batch-47-replication-0.npy,batch-f5-null-transfer,2770951773510671340,8876951090562260463,14046538097862358084,0.18683280001278035,,,batch-f5-null-transfer-20260821-001
F5,X1,X2,f5-null-transfer,47,1,0.05649907042712229,0.34,residual_samples/batch-47-replication-1.csv,null_statistics/batch-47-replication-1.npy,batch-f5-null-transfer,911523404121324864,14763534686638855182,9793291004038137171,0.18865689999074675,,,batch-f5-null-transfer-20260821-001
F5,X1,X2,f5-null-transfer,47,2,0.051821466331154,0.49,residual_samples/batch-47-replication-2.csv,null_statistics/batch-47-replication-2.npy,batch-f5-null-transfer,1964843551830038315,13032989656063036438,15688423640859002818,0.18801570002688095,,,batch-f5-null-transfer-20260821-001
F5,X1,X2,f5-null-transfer,47,3,0.047795238847059295,0.7,residual_samples/batch-47-replication-3.csv,null_statistics/batch-47-replication-3.npy,batch-f5-null-transfer,15529409417120178597,750142020610312068,17515703142768755352,0.18977840000297874,,,batch-f5-null-transfer-20260821-001
F5,X1,X2,f5-null-transfer,47,4,0.051882397255379506,0.55,residual_samples/batch-47-replication-4.csv,null_statistics/batch-47-replication-4.npy,batch-f5-null-transfer,10111595763355596406,10493607723333678903,1907880148822755376,0.18927390000317246,,,batch-f5-null-transfer-20260821-001
F5,X1,X2,f5-null-transfer,47,5,0.0545555102100026,0.44,residual_samples/batch-47-replication-5.csv,null_statistics/batch-47-replication-5.npy,batch-f5-null-transfer,920378831347785031,13702840885097346191,6228626319105700491,0.18813009999576025,,,batch-f5-null-transfer-20260821-001
F5,X1,X2,f5-null-transfer,47,6,0.05772660517637621,0.32,residual_samples/batch-47-replication-6.csv,null_statistics/batch-47-replication-6.npy,batch-f5-null-transfer,2472595957266090677,4692083169638173447,12403019475081047736,0.19025640000472777,,,batch-f5-null-transfer-20260821-001
F5,X1,X2,f5-null-transfer,47,7,0.04928092286598594,0.765,residual_samples/batch-47-replication-7.csv,null_statistics/batch-47-replication-7.npy,batch-f5-null-transfer,15433991528843001795,9272267579490025283,8592909289053971285,0.19073670002399012,,,batch-f5-null-transfer-20260821-001
F5,X1,X2,f5-null-transfer,47,8,0.05995393707936596,0.3,residual_samples/batch-47-replication-8.csv,null_statistics/batch-47-replication-8.npy,batch-f5-null-transfer,3292264073707324658,9523077750008618389,8243204525676046147,0.1876359999878332,,,batch-f5-null-transfer-20260821-001
F5,X1,X2,f5-null-transfer,47,9,0.05282168397664439,0.51,residual_samples/batch-47-replication-9.csv,null_statistics/batch-47-replication-9.npy,batch-f5-null-transfer,9153585193969676247,10182265435748653474,9786931637762623773,0.1847894000238739,,,batch-f5-null-transfer-20260821-001
F5,X1,X2,f5-null-transfer,48,0,0.051130386092144625,0.585,residual_samples/batch-48-replication-0.csv,null_statistics/batch-48-replication-0.npy,batch-f5-null-transfer,2767635341630083406,9834052895017178348,8245272809862794238,0.18926479999208823,,,batch-f5-null-transfer-20260821-001
F5,X1,X2,f5-null-transfer,48,1,0.057147292180390795,0.355,residual_samples/batch-48-replication-1.csv,null_statistics/batch-48-replication-1.npy,batch-f5-null-transfer,10729185449051122159,4295644087389939904,9777488941822987108,0.18632710000383668,,,batch-f5-null-transfer-20260821-001
F5,X1,X2,f5-null-transfer,48,2,0.07202642138753222,0.05,residual_samples/batch-48-replication-2.csv,null_statistics/batch-48-replication-2.npy,batch-f5-null-transfer,2193537712719944486,15354245227971837274,4818092184780539039,0.18821779999416322,,,batch-f5-null-transfer-20260821-001
F5,X1,X2,f5-null-transfer,48,3,0.09592631053994267,0.005,residual_samples/batch-48-replication-3.csv,null_statistics/batch-48-replication-3.npy,batch-f5-null-transfer,11379950396057243623,8100701735814417061,8253573539636279736,0.18764019999071024,,,batch-f5-null-transfer-20260821-001
F5,X1,X2,f5-null-transfer,48,4,0.057875055050033264,0.35,residual_samples/batch-48-replication-4.csv,null_statistics/batch-48-replication-4.npy,batch-f5-null-transfer,13968135521451946135,9939548071431203545,9893295136710590846,0.1883516999951098,,,batch-f5-null-transfer-20260821-001
F5,X1,X2,f5-null-transfer,48,5,0.0565869221694799,0.365,residual_samples/batch-48-replication-5.csv,null_statistics/batch-48-replication-5.npy,batch-f5-null-transfer,8432005668007357701,4958949398401034774,12154884783075959618,0.1929126000031829,,,batch-f5-null-transfer-20260821-001
F5,X1,X2,f5-null-transfer,48,6,0.05615205866582435,0.405,residual_samples/batch-48-replication-6.csv,null_statistics/batch-48-replication-6.npy,batch-f5-null-transfer,15775336691705503393,2246936990508893250,7450052410428618131,0.19303699998999946,,,batch-f5-null-transfer-20260821-001
F5,X1,X2,f5-null-transfer,48,7,0.05588646738217483,0.395,residual_samples/batch-48-replication-7.csv,null_statistics/batch-48-replication-7.npy,batch-f5-null-transfer,8495683733622509768,13339195145146761732,11489050435346818339,0.19156210002256557,,,batch-f5-null-transfer-20260821-001
F5,X1,X2,f5-null-transfer,48,8,0.07374088645059267,0.08,residual_samples/batch-48-replication-8.csv,null_statistics/batch-48-replication-8.npy,batch-f5-null-transfer,6026734884759581816,14663585165892675952,9017485626544341697,0.19248090000473894,,,batch-f5-null-transfer-20260821-001
F5,X1,X2,f5-null-transfer,48,9,0.05671929848373727,0.375,residual_samples/batch-48-replication-9.csv,null_statistics/batch-48-replication-9.npy,batch-f5-null-transfer,4056886673829002116,936432602413104119,3955054789398420959,0.19331719999900088,,,batch-f5-null-transfer-20260821-001
F5,X1,X2,f5-null-transfer,49,0,0.04689707590071478,0.765,residual_samples/batch-49-replication-0.csv,null_statistics/batch-49-replication-0.npy,batch-f5-null-transfer,5529630978184439543,9294349622004946981,8638394314442782775,0.19606299998122267,,,batch-f5-null-transfer-20260821-001
F5,X1,X2,f5-null-transfer,49,1,0.050841377502695455,0.615,residual_samples/batch-49-replication-1.csv,null_statistics/batch-49-replication-1.npy,batch-f5-null-transfer,11158745745085386394,150736960210409847,3628780734607921711,0.18632480001542717,,,batch-f5-null-transfer-20260821-001
F5,X1,X2,f5-null-transfer,49,2,0.042986795889780605,0.87,residual_samples/batch-49-replication-2.csv,null_statistics/batch-49-replication-2.npy,batch-f5-null-transfer,6574035966297070549,12787926913540152619,14281557359980661596,0.18750629998976365,,,batch-f5-null-transfer-20260821-001
F5,X1,X2,f5-null-transfer,49,3,0.04534466240040585,0.83,residual_samples/batch-49-replication-3.csv,null_statistics/batch-49-replication-3.npy,batch-f5-null-transfer,4413580084754296818,15473256884549056275,13454122625261066789,0.18679090001387522,,,batch-f5-null-transfer-20260821-001
F5,X1,X2,f5-null-transfer,49,4,0.048252634601252724,0.655,residual_samples/batch-49-replication-4.csv,null_statistics/batch-49-replication-4.npy,batch-f5-null-transfer,11864715779070203757,6667214377014860345,7923454533940940133,0.18589950000750832,,,batch-f5-null-transfer-20260821-001
F5,X1,X2,f5-null-transfer,49,5,0.058923564629326096,0.31,residual_samples/batch-49-replication-5.csv,null_statistics/batch-49-replication-5.npy,batch-f5-null-transfer,1864791801753985139,4389441599496753520,9210931719006579396,0.18611449998570606,,,batch-f5-null-transfer-20260821-001
F5,X1,X2,f5-null-transfer,49,6,0.0626876875744448,0.19,residual_samples/batch-49-replication-6.csv,null_statistics/batch-49-replication-6.npy,batch-f5-null-transfer,17651926564612004982,2620098833971306681,5853714245647201038,0.18600200000219047,,,batch-f5-null-transfer-20260821-001
F5,X1,X2,f5-null-transfer,49,7,0.07846189181002891,0.03,residual_samples/batch-49-replication-7.csv,null_statistics/batch-49-replication-7.npy,batch-f5-null-transfer,16983420878223935252,13168600088931167395,4847872486876338200,0.18652009998913854,,,batch-f5-null-transfer-20260821-001
F5,X1,X2,f5-null-transfer,49,8,0.04980641223909488,0.665,residual_samples/batch-49-replication-8.csv,null_statistics/batch-49-replication-8.npy,batch-f5-null-transfer,13769965362057611244,18383470381498158245,16396403889906059889,0.18579200000385754,,,batch-f5-null-transfer-20260821-001
F5,X1,X2,f5-null-transfer,49,9,0.05764175563510561,0.33,residual_samples/batch-49-replication-9.csv,null_statistics/batch-49-replication-9.npy,batch-f5-null-transfer,16126221789991190137,12212128211436852453,3533852366877446271,0.18390129998442717,,,batch-f5-null-transfer-20260821-001
F5,X1,X2,f5-null-transfer,50,0,0.048207410278238064,0.72,residual_samples/batch-50-replication-0.csv,null_statistics/batch-50-replication-0.npy,batch-f5-null-transfer,12179705468825240340,10926579219349178611,2472982491277205429,0.18654660001629964,,,batch-f5-null-transfer-20260821-001
F5,X1,X2,f5-null-transfer,50,1,0.04712102591104546,0.81,residual_samples/batch-50-replication-1.csv,null_statistics/batch-50-replication-1.npy,batch-f5-null-transfer,14279047264368542784,16379308536401791454,9908908210871286968,0.18783629999961704,,,batch-f5-null-transfer-20260821-001
F5,X1,X2,f5-null-transfer,50,2,0.04219928383201572,0.92,residual_samples/batch-50-replication-2.csv,null_statistics/batch-50-replication-2.npy,batch-f5-null-transfer,803109159046144618,8919296316541767570,15397257716272712677,0.18863190000411123,,,batch-f5-null-transfer-20260821-001
F5,X1,X2,f5-null-transfer,50,3,0.04973472758704255,0.645,residual_samples/batch-50-replication-3.csv,null_statistics/batch-50-replication-3.npy,batch-f5-null-transfer,15902297134427724473,17471400644019021362,13718524345634721373,0.18828609999036416,,,batch-f5-null-transfer-20260821-001
F5,X1,X2,f5-null-transfer,50,4,0.04572212110844079,0.84,residual_samples/batch-50-replication-4.csv,null_statistics/batch-50-replication-4.npy,batch-f5-null-transfer,8539155270588750073,14445138317287282242,10614079307150777158,0.187003500002902,,,batch-f5-null-transfer-20260821-001
F5,X1,X2,f5-null-transfer,50,5,0.04102476957826922,0.915,residual_samples/batch-50-replication-5.csv,null_statistics/batch-50-replication-5.npy,batch-f5-null-transfer,16292611701023100589,764959607316766834,6957287114894284187,0.18811630000709556,,,batch-f5-null-transfer-20260821-001
F5,X1,X2,f5-null-transfer,50,6,0.046332302149879566,0.82,residual_samples/batch-50-replication-6.csv,null_statistics/batch-50-replication-6.npy,batch-f5-null-transfer,7847500198616387925,10299012910498708875,16639875620059921093,0.18613859999459237,,,batch-f5-null-transfer-20260821-001
F5,X1,X2,f5-null-transfer,50,7,0.07533551637868387,0.04,residual_samples/batch-50-replication-7.csv,null_statistics/batch-50-replication-7.npy,batch-f5-null-transfer,5046850147878730686,14252915822038774468,16299978258918860056,0.18715179999708198,,,batch-f5-null-transfer-20260821-001
F5,X1,X2,f5-null-transfer,50,8,0.04368440576603894,0.875,residual_samples/batch-50-replication-8.csv,null_statistics/batch-50-replication-8.npy,batch-f5-null-transfer,13498485148784935222,12508942785038450164,17532118955543711112,0.1875331000192091,,,batch-f5-null-transfer-20260821-001
F5,X1,X2,f5-null-transfer,50,9,0.045999401691924284,0.835,residual_samples/batch-50-replication-9.csv,null_statistics/batch-50-replication-9.npy,batch-f5-null-transfer,16385919222280408350,11913888115027999006,5562030918500656397,0.18744989999686368,,,batch-f5-null-transfer-20260821-001
F5,X1,X2,f5-null-transfer,51,0,0.05379242667963148,0.51,residual_samples/batch-51-replication-0.csv,null_statistics/batch-51-replication-0.npy,batch-f5-null-transfer,11240378097109054131,15960334378100941647,5957620770424651594,0.1875548000098206,,,batch-f5-null-transfer-20260821-001
F5,X1,X2,f5-null-transfer,51,1,0.04432214256694197,0.845,residual_samples/batch-51-replication-1.csv,null_statistics/batch-51-replication-1.npy,batch-f5-null-transfer,17522775033561134358,12528810336873983001,7549616000343672682,0.18660289997933432,,,batch-f5-null-transfer-20260821-001
F5,X1,X2,f5-null-transfer,51,2,0.09944460791773921,0.005,residual_samples/batch-51-replication-2.csv,null_statistics/batch-51-replication-2.npy,batch-f5-null-transfer,2692445892320097175,14692454125429314343,16567338129139819110,0.18699060002109036,,,batch-f5-null-transfer-20260821-001
F5,X1,X2,f5-null-transfer,51,3,0.07453381842271042,0.07,residual_samples/batch-51-replication-3.csv,null_statistics/batch-51-replication-3.npy,batch-f5-null-transfer,10021734382024200171,4545096311131744156,9250916674689401114,0.18853420001687482,,,batch-f5-null-transfer-20260821-001
F5,X1,X2,f5-null-transfer,51,4,0.0648497664140147,0.135,residual_samples/batch-51-replication-4.csv,null_statistics/batch-51-replication-4.npy,batch-f5-null-transfer,15995089708055735392,17983877241414249077,17254884564587446079,0.18754499999340624,,,batch-f5-null-transfer-20260821-001
F5,X1,X2,f5-null-transfer,51,5,0.052728022396570505,0.545,residual_samples/batch-51-replication-5.csv,null_statistics/batch-51-replication-5.npy,batch-f5-null-transfer,8043380146465625531,13992122949150281922,8973911083302842413,0.1861800999904517,,,batch-f5-null-transfer-20260821-001
F5,X1,X2,f5-null-transfer,51,6,0.0981344507884298,0.01,residual_samples/batch-51-replication-6.csv,null_statistics/batch-51-replication-6.npy,batch-f5-null-transfer,15109094248612033837,7259988764565173585,2761084961549991455,0.18708629999309778,,,batch-f5-null-transfer-20260821-001
F5,X1,X2,f5-null-transfer,51,7,0.060183361679964936,0.29,residual_samples/batch-51-replication-7.csv,null_statistics/batch-51-replication-7.npy,batch-f5-null-transfer,5998253746031587452,15956237759179646696,11574504661867332675,0.18710909999208525,,,batch-f5-null-transfer-20260821-001
F5,X1,X2,f5-null-transfer,51,8,0.04595931640514159,0.81,residual_samples/batch-51-replication-8.csv,null_statistics/batch-51-replication-8.npy,batch-f5-null-transfer,3504709386282512456,11884369120697319433,12235334043440352297,0.19471159999375232,,,batch-f5-null-transfer-20260821-001
F5,X1,X2,f5-null-transfer,51,9,0.04871115343828869,0.66,residual_samples/batch-51-replication-9.csv,null_statistics/batch-51-replication-9.npy,batch-f5-null-transfer,2970922325133996328,11358318543935350052,3355106941929464688,0.18783989999792539,,,batch-f5-null-transfer-20260821-001
F5,X1,X2,f5-null-transfer,52,0,0.042870140601482684,0.92,residual_samples/batch-52-replication-0.csv,null_statistics/batch-52-replication-0.npy,batch-f5-null-transfer,13635278053603635146,14141152616307341496,9269095147993997686,0.18849309999495745,,,batch-f5-null-transfer-20260821-001
F5,X1,X2,f5-null-transfer,52,1,0.0896563748701992,0.03,residual_samples/batch-52-replication-1.csv,null_statistics/batch-52-replication-1.npy,batch-f5-null-transfer,316383575718746112,15315873951882350287,15769169016273498390,0.18741579999914393,,,batch-f5-null-transfer-20260821-001
F5,X1,X2,f5-null-transfer,52,2,0.0670664767658193,0.185,residual_samples/batch-52-replication-2.csv,null_statistics/batch-52-replication-2.npy,batch-f5-null-transfer,11590482185395478848,5695994682697214699,3427204633469150927,0.19209099997533485,,,batch-f5-null-transfer-20260821-001
F5,X1,X2,f5-null-transfer,52,3,0.059582053793320634,0.27,residual_samples/batch-52-replication-3.csv,null_statistics/batch-52-replication-3.npy,batch-f5-null-transfer,9100966603434914861,10445119290269216961,2334973363897159374,0.19500119998701848,,,batch-f5-null-transfer-20260821-001
F5,X1,X2,f5-null-transfer,52,4,0.04585868705734416,0.845,residual_samples/batch-52-replication-4.csv,null_statistics/batch-52-replication-4.npy,batch-f5-null-transfer,1677172071875293430,16452630414255395230,2824974024727408295,0.19710530000156723,,,batch-f5-null-transfer-20260821-001
F5,X1,X2,f5-null-transfer,52,5,0.07074512273694837,0.065,residual_samples/batch-52-replication-5.csv,null_statistics/batch-52-replication-5.npy,batch-f5-null-transfer,8687242913713409680,13135081019527113155,5983743097655307248,0.19336200001998805,,,batch-f5-null-transfer-20260821-001
F5,X1,X2,f5-null-transfer,52,6,0.06302164692758525,0.175,residual_samples/batch-52-replication-6.csv,null_statistics/batch-52-replication-6.npy,batch-f5-null-transfer,9820921759144539455,9854568823865638450,6259049364725968441,0.1896988000080455,,,batch-f5-null-transfer-20260821-001
F5,X1,X2,f5-null-transfer,52,7,0.05291731250508271,0.455,residual_samples/batch-52-replication-7.csv,null_statistics/batch-52-replication-7.npy,batch-f5-null-transfer,7588032946450355083,17373184422290557513,9145495110327400241,0.18688429999747314,,,batch-f5-null-transfer-20260821-001
F5,X1,X2,f5-null-transfer,52,8,0.07410076799116762,0.065,residual_samples/batch-52-replication-8.csv,null_statistics/batch-52-replication-8.npy,batch-f5-null-transfer,10195494646911169035,12403181688459609374,17400049068235014503,0.18754419998731464,,,batch-f5-null-transfer-20260821-001
F5,X1,X2,f5-null-transfer,52,9,0.07957753974228952,0.065,residual_samples/batch-52-replication-9.csv,null_statistics/batch-52-replication-9.npy,batch-f5-null-transfer,14955592565329077576,7568771477696791604,7827074042366074693,0.1865371000021696,,,batch-f5-null-transfer-20260821-001
F5,X1,X2,f5-null-transfer,53,0,0.05354808465601858,0.505,residual_samples/batch-53-replication-0.csv,null_statistics/batch-53-replication-0.npy,batch-f5-null-transfer,16707134252349690803,2151509383008662936,14697199581041080312,0.18770779998158105,,,batch-f5-null-transfer-20260821-001
F5,X1,X2,f5-null-transfer,53,1,0.07486723120960015,0.085,residual_samples/batch-53-replication-1.csv,null_statistics/batch-53-replication-1.npy,batch-f5-null-transfer,13336269778799944661,8513536713407317461,4961316973627399364,0.18723330000648275,,,batch-f5-null-transfer-20260821-001
F5,X1,X2,f5-null-transfer,53,2,0.056942788101630976,0.385,residual_samples/batch-53-replication-2.csv,null_statistics/batch-53-replication-2.npy,batch-f5-null-transfer,8814806954565598004,2527003650674532221,15899669940775991831,0.1893487999914214,,,batch-f5-null-transfer-20260821-001
F5,X1,X2,f5-null-transfer,53,3,0.05413415340388348,0.47,residual_samples/batch-53-replication-3.csv,null_statistics/batch-53-replication-3.npy,batch-f5-null-transfer,12650625192330349497,6574471576142358986,2266449717911964786,0.1899930000072345,,,batch-f5-null-transfer-20260821-001
F5,X1,X2,f5-null-transfer,53,4,0.05556012860015949,0.415,residual_samples/batch-53-replication-4.csv,null_statistics/batch-53-replication-4.npy,batch-f5-null-transfer,18380461932312495987,6555096881173861684,2550554324946872877,0.18974089997936971,,,batch-f5-null-transfer-20260821-001
F5,X1,X2,f5-null-transfer,53,5,0.07338334517545517,0.07,residual_samples/batch-53-replication-5.csv,null_statistics/batch-53-replication-5.npy,batch-f5-null-transfer,17757780290298791434,17818010231505180175,1922431925033233308,0.18674159998772666,,,batch-f5-null-transfer-20260821-001
F5,X1,X2,f5-null-transfer,53,6,0.04869852450599838,0.71,residual_samples/batch-53-replication-6.csv,null_statistics/batch-53-replication-6.npy,batch-f5-null-transfer,8165004422813184113,18441789497181533538,11467325840533158521,0.1868712000141386,,,batch-f5-null-transfer-20260821-001
F5,X1,X2,f5-null-transfer,53,7,0.046680115020057214,0.825,residual_samples/batch-53-replication-7.csv,null_statistics/batch-53-replication-7.npy,batch-f5-null-transfer,14410619417463726869,12535470262411662775,13033197225854432497,0.18827680000686087,,,batch-f5-null-transfer-20260821-001
F5,X1,X2,f5-null-transfer,53,8,0.04367069296697748,0.935,residual_samples/batch-53-replication-8.csv,null_statistics/batch-53-replication-8.npy,batch-f5-null-transfer,11485030657816303418,3904830618911824310,6271204451936758897,0.18739130001631565,,,batch-f5-null-transfer-20260821-001
F5,X1,X2,f5-null-transfer,53,9,0.05357210077777045,0.49,residual_samples/batch-53-replication-9.csv,null_statistics/batch-53-replication-9.npy,batch-f5-null-transfer,3641456759183116491,3671245960629100743,16212061376938006262,0.18647720001172274,,,batch-f5-null-transfer-20260821-001
F5,X1,X2,f5-null-transfer,54,0,0.057283422851408965,0.38,residual_samples/batch-54-replication-0.csv,null_statistics/batch-54-replication-0.npy,batch-f5-null-transfer,109553478732620223,10348978321302849899,16741677944154031078,0.18669810000574216,,,batch-f5-null-transfer-20260821-001
F5,X1,X2,f5-null-transfer,54,1,0.07984968527152901,0.045,residual_samples/batch-54-replication-1.csv,null_statistics/batch-54-replication-1.npy,batch-f5-null-transfer,9060354198555223472,12647018825289104944,5105654121755346769,0.18663609999930486,,,batch-f5-null-transfer-20260821-001
F5,X1,X2,f5-null-transfer,54,2,0.06302930817451576,0.21,residual_samples/batch-54-replication-2.csv,null_statistics/batch-54-replication-2.npy,batch-f5-null-transfer,12725995829128790596,14608941903311260095,2598919546125050863,0.1877754999732133,,,batch-f5-null-transfer-20260821-001
F5,X1,X2,f5-null-transfer,54,3,0.07683917714967163,0.055,residual_samples/batch-54-replication-3.csv,null_statistics/batch-54-replication-3.npy,batch-f5-null-transfer,14946449832834686817,10940550441102004058,795841155951567855,0.185943300020881,,,batch-f5-null-transfer-20260821-001
F5,X1,X2,f5-null-transfer,54,4,0.06483380777310324,0.185,residual_samples/batch-54-replication-4.csv,null_statistics/batch-54-replication-4.npy,batch-f5-null-transfer,2216287198208901776,12202758931715953138,1788260322248488237,0.18771999998716637,,,batch-f5-null-transfer-20260821-001
F5,X1,X2,f5-null-transfer,54,5,0.06863398401236943,0.125,residual_samples/batch-54-replication-5.csv,null_statistics/batch-54-replication-5.npy,batch-f5-null-transfer,6775927735361471698,11196737444216628546,15929303775426087196,0.19244349998189136,,,batch-f5-null-transfer-20260821-001
F5,X1,X2,f5-null-transfer,54,6,0.045463544976832984,0.745,residual_samples/batch-54-replication-6.csv,null_statistics/batch-54-replication-6.npy,batch-f5-null-transfer,7099154391020543103,12074186598027450885,13102257759269550821,0.1882521999941673,,,batch-f5-null-transfer-20260821-001
F5,X1,X2,f5-null-transfer,54,7,0.06945286750552424,0.11,residual_samples/batch-54-replication-7.csv,null_statistics/batch-54-replication-7.npy,batch-f5-null-transfer,6716286251409714582,11053752278149271340,407805723272384367,0.18809919999330305,,,batch-f5-null-transfer-20260821-001
F5,X1,X2,f5-null-transfer,54,8,0.05769658302583319,0.32,residual_samples/batch-54-replication-8.csv,null_statistics/batch-54-replication-8.npy,batch-f5-null-transfer,7620027436320167754,11003371810205107673,290400470733016999,0.18982990001677535,,,batch-f5-null-transfer-20260821-001
F5,X1,X2,f5-null-transfer,54,9,0.05405181370147851,0.46,residual_samples/batch-54-replication-9.csv,null_statistics/batch-54-replication-9.npy,batch-f5-null-transfer,7702795647789753142,2076890913785839776,5094494277691438728,0.18897849999484606,,,batch-f5-null-transfer-20260821-001
F5,X1,X2,f5-null-transfer,55,0,0.062135858661209444,0.21,residual_samples/batch-55-replication-0.csv,null_statistics/batch-55-replication-0.npy,batch-f5-null-transfer,16563460276146595986,14667656507711511939,9917966333094143394,0.18756640001083724,,,batch-f5-null-transfer-20260821-001
F5,X1,X2,f5-null-transfer,55,1,0.0581758608927688,0.335,residual_samples/batch-55-replication-1.csv,null_statistics/batch-55-replication-1.npy,batch-f5-null-transfer,11350335229444050547,6152146317491665321,4344312080106481206,0.18673019998823293,,,batch-f5-null-transfer-20260821-001
F5,X1,X2,f5-null-transfer,55,2,0.07041532815169885,0.08,residual_samples/batch-55-replication-2.csv,null_statistics/batch-55-replication-2.npy,batch-f5-null-transfer,2948613589869595940,5675641120865645529,12631083117163117125,0.18740429999888875,,,batch-f5-null-transfer-20260821-001
F5,X1,X2,f5-null-transfer,55,3,0.05606373875070522,0.435,residual_samples/batch-55-replication-3.csv,null_statistics/batch-55-replication-3.npy,batch-f5-null-transfer,5549429059877411571,5099935035780666715,5739860390941076456,0.18761230001109652,,,batch-f5-null-transfer-20260821-001
F5,X1,X2,f5-null-transfer,55,4,0.048936216081803395,0.68,residual_samples/batch-55-replication-4.csv,null_statistics/batch-55-replication-4.npy,batch-f5-null-transfer,15702890915365784042,6730957822865219013,3074417817122552251,0.1905012000061106,,,batch-f5-null-transfer-20260821-001
F5,X1,X2,f5-null-transfer,55,5,0.03854730327219231,0.985,residual_samples/batch-55-replication-5.csv,null_statistics/batch-55-replication-5.npy,batch-f5-null-transfer,6993461862720958635,2992495394386461246,7019380928149826059,0.1888590999878943,,,batch-f5-null-transfer-20260821-001
F5,X1,X2,f5-null-transfer,55,6,0.04118485512036914,0.96,residual_samples/batch-55-replication-6.csv,null_statistics/batch-55-replication-6.npy,batch-f5-null-transfer,6351932620031970401,13672019382625020156,838805310537762901,0.18530320000718348,,,batch-f5-null-transfer-20260821-001
F5,X1,X2,f5-null-transfer,55,7,0.044534919911817204,0.855,residual_samples/batch-55-replication-7.csv,null_statistics/batch-55-replication-7.npy,batch-f5-null-transfer,1035685064402959681,10063274507770634819,2950870833448105205,0.18477769999299198,,,batch-f5-null-transfer-20260821-001
F5,X1,X2,f5-null-transfer,55,8,0.060987437347109756,0.255,residual_samples/batch-55-replication-8.csv,null_statistics/batch-55-replication-8.npy,batch-f5-null-transfer,12433564177670234794,14361959621938177446,15033640348099195598,0.18578980001620948,,,batch-f5-null-transfer-20260821-001
F5,X1,X2,f5-null-transfer,55,9,0.05618412971083112,0.455,residual_samples/batch-55-replication-9.csv,null_statistics/batch-55-replication-9.npy,batch-f5-null-transfer,5776683285025236813,7767390376759201160,3961230443005107340,0.191322400001809,,,batch-f5-null-transfer-20260821-001
F5,X1,X2,f5-null-transfer,56,0,0.0546076647571098,0.455,residual_samples/batch-56-replication-0.csv,null_statistics/batch-56-replication-0.npy,batch-f5-null-transfer,14943597604820126784,11388057756203730618,8909163020955297512,0.1940996999910567,,,batch-f5-null-transfer-20260821-001
F5,X1,X2,f5-null-transfer,56,1,0.08227735822363194,0.025,residual_samples/batch-56-replication-1.csv,null_statistics/batch-56-replication-1.npy,batch-f5-null-transfer,9020969913777739387,2607035259941397440,5391607569825145831,0.1927743999985978,,,batch-f5-null-transfer-20260821-001
F5,X1,X2,f5-null-transfer,56,2,0.0929868403037119,0.015,residual_samples/batch-56-replication-2.csv,null_statistics/batch-56-replication-2.npy,batch-f5-null-transfer,1558777240153342132,10283863673351639904,14453900269874058306,0.19175139997969382,,,batch-f5-null-transfer-20260821-001
F5,X1,X2,f5-null-transfer,56,3,0.0448484487035553,0.85,residual_samples/batch-56-replication-3.csv,null_statistics/batch-56-replication-3.npy,batch-f5-null-transfer,6769828401610354929,9357628829140323894,3370732015279910806,0.19346919999225065,,,batch-f5-null-transfer-20260821-001
F5,X1,X2,f5-null-transfer,56,4,0.044694493106829374,0.86,residual_samples/batch-56-replication-4.csv,null_statistics/batch-56-replication-4.npy,batch-f5-null-transfer,6004219900420052214,12354315671103914958,7623518355926057027,0.18621169999823906,,,batch-f5-null-transfer-20260821-001
F5,X1,X2,f5-null-transfer,56,5,0.04945028849872403,0.665,residual_samples/batch-56-replication-5.csv,null_statistics/batch-56-replication-5.npy,batch-f5-null-transfer,16132062897510032692,7901937810586148497,14003991432689314163,0.18734849998145364,,,batch-f5-null-transfer-20260821-001
F5,X1,X2,f5-null-transfer,56,6,0.04735319773119271,0.735,residual_samples/batch-56-replication-6.csv,null_statistics/batch-56-replication-6.npy,batch-f5-null-transfer,7137484134580724001,12532046951687640494,314103582543423758,0.19001160000334494,,,batch-f5-null-transfer-20260821-001
F5,X1,X2,f5-null-transfer,56,7,0.07322527100077106,0.08,residual_samples/batch-56-replication-7.csv,null_statistics/batch-56-replication-7.npy,batch-f5-null-transfer,17867163905201738612,17115538967701843432,10908979226395637751,0.18653209999320097,,,batch-f5-null-transfer-20260821-001
F5,X1,X2,f5-null-transfer,56,8,0.06635881473175283,0.18,residual_samples/batch-56-replication-8.csv,null_statistics/batch-56-replication-8.npy,batch-f5-null-transfer,2730301851993377778,1586160271994571716,936254043870526073,0.18549860001076013,,,batch-f5-null-transfer-20260821-001
F5,X1,X2,f5-null-transfer,56,9,0.06701304727326658,0.14,residual_samples/batch-56-replication-9.csv,null_statistics/batch-56-replication-9.npy,batch-f5-null-transfer,2082785017693708959,4775521902194775858,12649512372355105845,0.1859108000062406,,,batch-f5-null-transfer-20260821-001
F5,X1,X2,f5-null-transfer,57,0,0.05798594980166581,0.375,residual_samples/batch-57-replication-0.csv,null_statistics/batch-57-replication-0.npy,batch-f5-null-transfer,2966086446423525795,2920173683321140053,8879177385699408691,0.1864376000012271,,,batch-f5-null-transfer-20260821-001
F5,X1,X2,f5-null-transfer,57,1,0.055458373456291434,0.41,residual_samples/batch-57-replication-1.csv,null_statistics/batch-57-replication-1.npy,batch-f5-null-transfer,5689896341119408022,3523517939552840748,11121186408326809870,0.18712430002051406,,,batch-f5-null-transfer-20260821-001
F5,X1,X2,f5-null-transfer,57,2,0.08399047863886815,0.04,residual_samples/batch-57-replication-2.csv,null_statistics/batch-57-replication-2.npy,batch-f5-null-transfer,15411021534277380621,9737791344094287013,868207035433888835,0.18635820000781678,,,batch-f5-null-transfer-20260821-001
F5,X1,X2,f5-null-transfer,57,3,0.04699200224555976,0.81,residual_samples/batch-57-replication-3.csv,null_statistics/batch-57-replication-3.npy,batch-f5-null-transfer,1469064373454174011,9045104462393439699,1158518938851974018,0.18587359998491593,,,batch-f5-null-transfer-20260821-001
F5,X1,X2,f5-null-transfer,57,4,0.0589422799561413,0.295,residual_samples/batch-57-replication-4.csv,null_statistics/batch-57-replication-4.npy,batch-f5-null-transfer,2927465175648271719,14360401887525659612,13470450794979557469,0.1872008999926038,,,batch-f5-null-transfer-20260821-001
F5,X1,X2,f5-null-transfer,57,5,0.05560306837403202,0.37,residual_samples/batch-57-replication-5.csv,null_statistics/batch-57-replication-5.npy,batch-f5-null-transfer,7610117326540892727,16258919344190791018,18216854443318413663,0.18612349999602884,,,batch-f5-null-transfer-20260821-001
F5,X1,X2,f5-null-transfer,57,6,0.04888321045538112,0.705,residual_samples/batch-57-replication-6.csv,null_statistics/batch-57-replication-6.npy,batch-f5-null-transfer,18386856360459334537,16286082113285486781,6243236341232917508,0.18669430000591092,,,batch-f5-null-transfer-20260821-001
F5,X1,X2,f5-null-transfer,57,7,0.10149441425805139,0.015,residual_samples/batch-57-replication-7.csv,null_statistics/batch-57-replication-7.npy,batch-f5-null-transfer,17450939288761017428,10810586454184659678,10874249286947742802,0.18750400000135414,,,batch-f5-null-transfer-20260821-001
F5,X1,X2,f5-null-transfer,57,8,0.0788838298965006,0.045,residual_samples/batch-57-replication-8.csv,null_statistics/batch-57-replication-8.npy,batch-f5-null-transfer,4223875469463711294,14643204945872609776,15003571822293363915,0.18676129999221303,,,batch-f5-null-transfer-20260821-001
F5,X1,X2,f5-null-transfer,57,9,0.07074013528804105,0.115,residual_samples/batch-57-replication-9.csv,null_statistics/batch-57-replication-9.npy,batch-f5-null-transfer,10516865597672095019,3214070980824229563,4447251945147065157,0.18377590001909994,,,batch-f5-null-transfer-20260821-001
F5,X1,X2,f5-null-transfer,58,0,0.06813257035453799,0.12,residual_samples/batch-58-replication-0.csv,null_statistics/batch-58-replication-0.npy,batch-f5-null-transfer,7865469508004503075,13952132161715749037,8218214319242340597,0.18512149999151006,,,batch-f5-null-transfer-20260821-001
F5,X1,X2,f5-null-transfer,58,1,0.047607995742911406,0.745,residual_samples/batch-58-replication-1.csv,null_statistics/batch-58-replication-1.npy,batch-f5-null-transfer,5525155106755335208,8941522242244569693,8300130665238805024,0.18508709999150597,,,batch-f5-null-transfer-20260821-001
F5,X1,X2,f5-null-transfer,58,2,0.047121136581378474,0.77,residual_samples/batch-58-replication-2.csv,null_statistics/batch-58-replication-2.npy,batch-f5-null-transfer,9126405609199992215,16698315723671582896,11725912169638552125,0.18460709997452796,,,batch-f5-null-transfer-20260821-001
F5,X1,X2,f5-null-transfer,58,3,0.05541919836142598,0.39,residual_samples/batch-58-replication-3.csv,null_statistics/batch-58-replication-3.npy,batch-f5-null-transfer,2664260772289035827,11974182083262914355,3429115469586511998,0.1845679999969434,,,batch-f5-null-transfer-20260821-001
F5,X1,X2,f5-null-transfer,58,4,0.047579365818897525,0.71,residual_samples/batch-58-replication-4.csv,null_statistics/batch-58-replication-4.npy,batch-f5-null-transfer,18431286311173657332,33620298590616360,17626575378306812841,0.18624859998817556,,,batch-f5-null-transfer-20260821-001
F5,X1,X2,f5-null-transfer,58,5,0.0511128838812467,0.675,residual_samples/batch-58-replication-5.csv,null_statistics/batch-58-replication-5.npy,batch-f5-null-transfer,722705870877596512,7203380680986135681,5571892708064317339,0.18370369999320246,,,batch-f5-null-transfer-20260821-001
F5,X1,X2,f5-null-transfer,58,6,0.06332579173607668,0.215,residual_samples/batch-58-replication-6.csv,null_statistics/batch-58-replication-6.npy,batch-f5-null-transfer,5431788117962836106,378295903746797635,14111429090253991105,0.1876971000165213,,,batch-f5-null-transfer-20260821-001
F5,X1,X2,f5-null-transfer,58,7,0.04549984813960442,0.84,residual_samples/batch-58-replication-7.csv,null_statistics/batch-58-replication-7.npy,batch-f5-null-transfer,17848783438317516362,1949525837630808460,17693777237971365735,0.18538310000440106,,,batch-f5-null-transfer-20260821-001
F5,X1,X2,f5-null-transfer,58,8,0.04261544320848809,0.9,residual_samples/batch-58-replication-8.csv,null_statistics/batch-58-replication-8.npy,batch-f5-null-transfer,3349381293731762038,8537221462649408880,12663797249479559290,0.1912329999904614,,,batch-f5-null-transfer-20260821-001
F5,X1,X2,f5-null-transfer,58,9,0.05450941622224042,0.455,residual_samples/batch-58-replication-9.csv,null_statistics/batch-58-replication-9.npy,batch-f5-null-transfer,17519485832542272437,3999061903165374509,13921703527581924551,0.1876771999814082,,,batch-f5-null-transfer-20260821-001
F5,X1,X2,f5-null-transfer,59,0,0.05698522191097053,0.385,residual_samples/batch-59-replication-0.csv,null_statistics/batch-59-replication-0.npy,batch-f5-null-transfer,18202602316969113890,14928496937635250193,9541846292752304678,0.18751170000177808,,,batch-f5-null-transfer-20260821-001
F5,X1,X2,f5-null-transfer,59,1,0.05080434748086136,0.59,residual_samples/batch-59-replication-1.csv,null_statistics/batch-59-replication-1.npy,batch-f5-null-transfer,1046296560044995531,8676691485424922397,12569593661784220150,0.18681500002276152,,,batch-f5-null-transfer-20260821-001
F5,X1,X2,f5-null-transfer,59,2,0.06330753343103185,0.235,residual_samples/batch-59-replication-2.csv,null_statistics/batch-59-replication-2.npy,batch-f5-null-transfer,13524361150928351823,3367399994089139375,1021467570639723000,0.18768370000179857,,,batch-f5-null-transfer-20260821-001
F5,X1,X2,f5-null-transfer,59,3,0.05931489334861547,0.37,residual_samples/batch-59-replication-3.csv,null_statistics/batch-59-replication-3.npy,batch-f5-null-transfer,13895323637432236336,10951400969324461175,7547454381786500639,0.18583689999650232,,,batch-f5-null-transfer-20260821-001
F5,X1,X2,f5-null-transfer,59,4,0.05380004003521891,0.52,residual_samples/batch-59-replication-4.csv,null_statistics/batch-59-replication-4.npy,batch-f5-null-transfer,10391846850255352146,2954254489448836802,16959214053135727579,0.1875041000021156,,,batch-f5-null-transfer-20260821-001
F5,X1,X2,f5-null-transfer,59,5,0.05120915631063332,0.545,residual_samples/batch-59-replication-5.csv,null_statistics/batch-59-replication-5.npy,batch-f5-null-transfer,13356452875770608818,5786708454618591055,16088891164845513269,0.18623110000044107,,,batch-f5-null-transfer-20260821-001
F5,X1,X2,f5-null-transfer,59,6,0.045150270051918066,0.855,residual_samples/batch-59-replication-6.csv,null_statistics/batch-59-replication-6.npy,batch-f5-null-transfer,12860169832377944347,6967536206937881631,10664054468336331892,0.19086719999904744,,,batch-f5-null-transfer-20260821-001
F5,X1,X2,f5-null-transfer,59,7,0.11608338590354499,0.005,residual_samples/batch-59-replication-7.csv,null_statistics/batch-59-replication-7.npy,batch-f5-null-transfer,15639317659315893873,3133888095949562354,14002617552543853024,0.19529979999060743,,,batch-f5-null-transfer-20260821-001
F5,X1,X2,f5-null-transfer,59,8,0.03728329630431179,0.995,residual_samples/batch-59-replication-8.csv,null_statistics/batch-59-replication-8.npy,batch-f5-null-transfer,12612744041530095656,15151257141422061143,15177359860258893937,0.19357719999970868,,,batch-f5-null-transfer-20260821-001
F5,X1,X2,f5-null-transfer,59,9,0.0580640676569722,0.35,residual_samples/batch-59-replication-9.csv,null_statistics/batch-59-replication-9.npy,batch-f5-null-transfer,3708862256268752837,4159524471843095141,14817639781531081117,0.1910537000221666,,,batch-f5-null-transfer-20260821-001
F5,X1,X2,f5-null-transfer,60,0,0.054691911822308426,0.47,residual_samples/batch-60-replication-0.csv,null_statistics/batch-60-replication-0.npy,batch-f5-null-transfer,4703071754356989282,8694967035405662084,15691186037563927446,0.19532080000499263,,,batch-f5-null-transfer-20260821-001
F5,X1,X2,f5-null-transfer,60,1,0.055838872412736267,0.46,residual_samples/batch-60-replication-1.csv,null_statistics/batch-60-replication-1.npy,batch-f5-null-transfer,6462481993245426770,5145346383253420430,8668457655433905083,0.18485749998944812,,,batch-f5-null-transfer-20260821-001
F5,X1,X2,f5-null-transfer,60,2,0.053920991914674844,0.51,residual_samples/batch-60-replication-2.csv,null_statistics/batch-60-replication-2.npy,batch-f5-null-transfer,1040851973281041704,5472024054409434416,13419716227747803223,0.1865133999963291,,,batch-f5-null-transfer-20260821-001
F5,X1,X2,f5-null-transfer,60,3,0.042537749260957484,0.895,residual_samples/batch-60-replication-3.csv,null_statistics/batch-60-replication-3.npy,batch-f5-null-transfer,15065561874036382941,6565168439648465899,10477673003578834278,0.18825980002293363,,,batch-f5-null-transfer-20260821-001
F5,X1,X2,f5-null-transfer,60,4,0.05800212468294763,0.31,residual_samples/batch-60-replication-4.csv,null_statistics/batch-60-replication-4.npy,batch-f5-null-transfer,3384573481905039295,17658555464816820585,1260831881994949086,0.18535119999432936,,,batch-f5-null-transfer-20260821-001
F5,X1,X2,f5-null-transfer,60,5,0.03769237502203092,0.985,residual_samples/batch-60-replication-5.csv,null_statistics/batch-60-replication-5.npy,batch-f5-null-transfer,7077219658420720283,526925044579972479,9416846931306812819,0.18524650001199916,,,batch-f5-null-transfer-20260821-001
F5,X1,X2,f5-null-transfer,60,6,0.07640463149603569,0.075,residual_samples/batch-60-replication-6.csv,null_statistics/batch-60-replication-6.npy,batch-f5-null-transfer,16301580133889927198,3706843875006195133,11845306708985716745,0.1870457000040915,,,batch-f5-null-transfer-20260821-001
F5,X1,X2,f5-null-transfer,60,7,0.054765004782971076,0.465,residual_samples/batch-60-replication-7.csv,null_statistics/batch-60-replication-7.npy,batch-f5-null-transfer,14826921015933233496,8121881761967502120,17283355294593606422,0.18488539999816567,,,batch-f5-null-transfer-20260821-001
F5,X1,X2,f5-null-transfer,60,8,0.04559928232795283,0.78,residual_samples/batch-60-replication-8.csv,null_statistics/batch-60-replication-8.npy,batch-f5-null-transfer,8986192014619869294,3204390013312939525,6718793340285766706,0.1902604000060819,,,batch-f5-null-transfer-20260821-001
F5,X1,X2,f5-null-transfer,60,9,0.05096763105647555,0.58,residual_samples/batch-60-replication-9.csv,null_statistics/batch-60-replication-9.npy,batch-f5-null-transfer,18304507224158510495,17586495122158293807,1803607895684732558,0.19133339999825694,,,batch-f5-null-transfer-20260821-001
F5,X1,X2,f5-null-transfer,61,0,0.050639408421138024,0.645,residual_samples/batch-61-replication-0.csv,null_statistics/batch-61-replication-0.npy,batch-f5-null-transfer,3445396259543039777,11879658013666281608,16901215311779791355,0.1860154999885708,,,batch-f5-null-transfer-20260821-001
F5,X1,X2,f5-null-transfer,61,1,0.047235233848397624,0.73,residual_samples/batch-61-replication-1.csv,null_statistics/batch-61-replication-1.npy,batch-f5-null-transfer,3178610828548018297,17671647779986589345,12015842268229383219,0.18562059997930191,,,batch-f5-null-transfer-20260821-001
F5,X1,X2,f5-null-transfer,61,2,0.06650905665511923,0.125,residual_samples/batch-61-replication-2.csv,null_statistics/batch-61-replication-2.npy,batch-f5-null-transfer,5019736004942035744,11363364692514640691,7635017216724619385,0.18459770001936704,,,batch-f5-null-transfer-20260821-001
F5,X1,X2,f5-null-transfer,61,3,0.053856274209625764,0.485,residual_samples/batch-61-replication-3.csv,null_statistics/batch-61-replication-3.npy,batch-f5-null-transfer,16787611174950105664,2441285369047110478,8893042027801101724,0.1869619000062812,,,batch-f5-null-transfer-20260821-001
F5,X1,X2,f5-null-transfer,61,4,0.04229355412094122,0.93,residual_samples/batch-61-replication-4.csv,null_statistics/batch-61-replication-4.npy,batch-f5-null-transfer,13398220044364470528,1627424037869150260,11944555116208117742,0.18589700001757592,,,batch-f5-null-transfer-20260821-001
F5,X1,X2,f5-null-transfer,61,5,0.057988989565429805,0.345,residual_samples/batch-61-replication-5.csv,null_statistics/batch-61-replication-5.npy,batch-f5-null-transfer,5466479608416049873,1840752820243538815,8802803399172893878,0.1865523000014946,,,batch-f5-null-transfer-20260821-001
F5,X1,X2,f5-null-transfer,61,6,0.051510253187476686,0.515,residual_samples/batch-61-replication-6.csv,null_statistics/batch-61-replication-6.npy,batch-f5-null-transfer,9096402575117004733,10806390450628671187,12896208775906372022,0.1859241999918595,,,batch-f5-null-transfer-20260821-001
F5,X1,X2,f5-null-transfer,61,7,0.048616742293083104,0.715,residual_samples/batch-61-replication-7.csv,null_statistics/batch-61-replication-7.npy,batch-f5-null-transfer,16776408092624088596,9075869347883186079,7435451278658158025,0.18615789999603294,,,batch-f5-null-transfer-20260821-001
F5,X1,X2,f5-null-transfer,61,8,0.052399811187548336,0.485,residual_samples/batch-61-replication-8.csv,null_statistics/batch-61-replication-8.npy,batch-f5-null-transfer,12067116696603297242,7948863297680638275,17360003781239901776,0.18988699998590164,,,batch-f5-null-transfer-20260821-001
F5,X1,X2,f5-null-transfer,61,9,0.05386567047122604,0.44,residual_samples/batch-61-replication-9.csv,null_statistics/batch-61-replication-9.npy,batch-f5-null-transfer,14959916266296309285,1248538603305834277,3691088944340234069,0.18681939999805763,,,batch-f5-null-transfer-20260821-001
F5,X1,X2,f5-null-transfer,62,0,0.06548133646432618,0.155,residual_samples/batch-62-replication-0.csv,null_statistics/batch-62-replication-0.npy,batch-f5-null-transfer,9329076874416484878,13797870965121368086,1384867030538694989,0.18756410002242774,,,batch-f5-null-transfer-20260821-001
F5,X1,X2,f5-null-transfer,62,1,0.05664957060925999,0.325,residual_samples/batch-62-replication-1.csv,null_statistics/batch-62-replication-1.npy,batch-f5-null-transfer,359711057242732635,13155217369361983116,17036381533010292084,0.18589590000919998,,,batch-f5-null-transfer-20260821-001
F5,X1,X2,f5-null-transfer,62,2,0.04974552486163418,0.62,residual_samples/batch-62-replication-2.csv,null_statistics/batch-62-replication-2.npy,batch-f5-null-transfer,394897415577763365,4716992268684951553,1662152129892926720,0.18756820002454333,,,batch-f5-null-transfer-20260821-001
F5,X1,X2,f5-null-transfer,62,3,0.050643192410764454,0.575,residual_samples/batch-62-replication-3.csv,null_statistics/batch-62-replication-3.npy,batch-f5-null-transfer,3049034999609207655,8246819798106308656,8819141520814438988,0.18604709999635816,,,batch-f5-null-transfer-20260821-001
F5,X1,X2,f5-null-transfer,62,4,0.06512741138774876,0.175,residual_samples/batch-62-replication-4.csv,null_statistics/batch-62-replication-4.npy,batch-f5-null-transfer,8767842206757803971,3970597205974506243,5906359279887143386,0.18757330000516959,,,batch-f5-null-transfer-20260821-001
F5,X1,X2,f5-null-transfer,62,5,0.043493563017335965,0.89,residual_samples/batch-62-replication-5.csv,null_statistics/batch-62-replication-5.npy,batch-f5-null-transfer,10002222090660999964,709267440609375598,7734105282149797848,0.18683669998426922,,,batch-f5-null-transfer-20260821-001
F5,X1,X2,f5-null-transfer,62,6,0.04701430614612286,0.78,residual_samples/batch-62-replication-6.csv,null_statistics/batch-62-replication-6.npy,batch-f5-null-transfer,10637949291104924326,8599469873086893637,550363258348036181,0.18752690000110306,,,batch-f5-null-transfer-20260821-001
F5,X1,X2,f5-null-transfer,62,7,0.06577513011879055,0.15,residual_samples/batch-62-replication-7.csv,null_statistics/batch-62-replication-7.npy,batch-f5-null-transfer,12160027457021306282,10000305092774247482,2202926412631409967,0.1872365000017453,,,batch-f5-null-transfer-20260821-001
F5,X1,X2,f5-null-transfer,62,8,0.07826129788952253,0.045,residual_samples/batch-62-replication-8.csv,null_statistics/batch-62-replication-8.npy,batch-f5-null-transfer,5535089657426835883,1042998312078246360,2682167229621870241,0.18503839999902993,,,batch-f5-null-transfer-20260821-001
F5,X1,X2,f5-null-transfer,62,9,0.05776355593389237,0.31,residual_samples/batch-62-replication-9.csv,null_statistics/batch-62-replication-9.npy,batch-f5-null-transfer,15567686930772415499,17789368175018779785,12607701591987687629,0.18421340000350028,,,batch-f5-null-transfer-20260821-001
F5,X1,X2,f5-null-transfer,63,0,0.05650842750765484,0.335,residual_samples/batch-63-replication-0.csv,null_statistics/batch-63-replication-0.npy,batch-f5-null-transfer,4156229374303986289,8184704927457256022,4374396120813641426,0.18694019998656586,,,batch-f5-null-transfer-20260821-001
F5,X1,X2,f5-null-transfer,63,1,0.06390767719162656,0.18,residual_samples/batch-63-replication-1.csv,null_statistics/batch-63-replication-1.npy,batch-f5-null-transfer,13590558279021123103,4671247092716099454,12950413246873237904,0.19158789998618886,,,batch-f5-null-transfer-20260821-001
F5,X1,X2,f5-null-transfer,63,2,0.06254689380017553,0.24,residual_samples/batch-63-replication-2.csv,null_statistics/batch-63-replication-2.npy,batch-f5-null-transfer,1633813394472308796,8252809704842598428,4936400454004626442,0.1855171000061091,,,batch-f5-null-transfer-20260821-001
F5,X1,X2,f5-null-transfer,63,3,0.04531328782970426,0.84,residual_samples/batch-63-replication-3.csv,null_statistics/batch-63-replication-3.npy,batch-f5-null-transfer,3744256600169290097,2559161994479787335,12017177347130479946,0.18701510000391863,,,batch-f5-null-transfer-20260821-001
F5,X1,X2,f5-null-transfer,63,4,0.05834265610539943,0.32,residual_samples/batch-63-replication-4.csv,null_statistics/batch-63-replication-4.npy,batch-f5-null-transfer,10505711566523039149,13509195883267248282,8908234486285178721,0.1926736000168603,,,batch-f5-null-transfer-20260821-001
F5,X1,X2,f5-null-transfer,63,5,0.056215737021783785,0.37,residual_samples/batch-63-replication-5.csv,null_statistics/batch-63-replication-5.npy,batch-f5-null-transfer,12074659562696317103,16600608031419890886,5490062978428047901,0.191292399977101,,,batch-f5-null-transfer-20260821-001
F5,X1,X2,f5-null-transfer,63,6,0.0596052576216969,0.265,residual_samples/batch-63-replication-6.csv,null_statistics/batch-63-replication-6.npy,batch-f5-null-transfer,12776625838533334309,13213397374093822323,7102528076121155863,0.1908246999955736,,,batch-f5-null-transfer-20260821-001
F5,X1,X2,f5-null-transfer,63,7,0.0513501475294028,0.665,residual_samples/batch-63-replication-7.csv,null_statistics/batch-63-replication-7.npy,batch-f5-null-transfer,5603926214966701571,7394561307933517500,12867220141475044600,0.1905354000045918,,,batch-f5-null-transfer-20260821-001
F5,X1,X2,f5-null-transfer,63,8,0.05435816576441927,0.45,residual_samples/batch-63-replication-8.csv,null_statistics/batch-63-replication-8.npy,batch-f5-null-transfer,10173008928356385651,7086404243676665130,3858293536913147642,0.18921390001196414,,,batch-f5-null-transfer-20260821-001
F5,X1,X2,f5-null-transfer,63,9,0.07188978088751358,0.1,residual_samples/batch-63-replication-9.csv,null_statistics/batch-63-replication-9.npy,batch-f5-null-transfer,8439620143597714095,6529733066067009516,12224517321161217744,0.1860721000120975,,,batch-f5-null-transfer-20260821-001
F5,X1,X2,f5-null-transfer,64,0,0.052496058321362844,0.56,residual_samples/batch-64-replication-0.csv,null_statistics/batch-64-replication-0.npy,batch-f5-null-transfer,17204958504407970812,16314997254692488343,15173615714958428750,0.1869062000187114,,,batch-f5-null-transfer-20260821-001
F5,X1,X2,f5-null-transfer,64,1,0.05627611345046085,0.36,residual_samples/batch-64-replication-1.csv,null_statistics/batch-64-replication-1.npy,batch-f5-null-transfer,15696613099795800580,11362090178624783764,52869595625627315,0.1866751000052318,,,batch-f5-null-transfer-20260821-001
F5,X1,X2,f5-null-transfer,64,2,0.06033518216850243,0.27,residual_samples/batch-64-replication-2.csv,null_statistics/batch-64-replication-2.npy,batch-f5-null-transfer,17369987133126565844,6107702860065783874,10689481192287082859,0.18930180001189,,,batch-f5-null-transfer-20260821-001
F5,X1,X2,f5-null-transfer,64,3,0.054238526204807264,0.45,residual_samples/batch-64-replication-3.csv,null_statistics/batch-64-replication-3.npy,batch-f5-null-transfer,5842879196609511398,2077301915881032337,12105511671894157677,0.18645290000131354,,,batch-f5-null-transfer-20260821-001
F5,X1,X2,f5-null-transfer,64,4,0.07408395015421708,0.09,residual_samples/batch-64-replication-4.csv,null_statistics/batch-64-replication-4.npy,batch-f5-null-transfer,14354155852442688755,1355936959056110209,1303759306743820970,0.18574760001502,,,batch-f5-null-transfer-20260821-001
F5,X1,X2,f5-null-transfer,64,5,0.06400659950376111,0.13,residual_samples/batch-64-replication-5.csv,null_statistics/batch-64-replication-5.npy,batch-f5-null-transfer,2711918448838918301,12987978150949246572,14171085024680744273,0.18600329998298548,,,batch-f5-null-transfer-20260821-001
F5,X1,X2,f5-null-transfer,64,6,0.042739572926587296,0.93,residual_samples/batch-64-replication-6.csv,null_statistics/batch-64-replication-6.npy,batch-f5-null-transfer,3855858756788396064,9639661518623393382,16253997118953342147,0.18793909999658354,,,batch-f5-null-transfer-20260821-001
F5,X1,X2,f5-null-transfer,64,7,0.04496215012304498,0.835,residual_samples/batch-64-replication-7.csv,null_statistics/batch-64-replication-7.npy,batch-f5-null-transfer,9072483666374691072,12024595273567305711,1931096326144316030,0.1865405999997165,,,batch-f5-null-transfer-20260821-001
F5,X1,X2,f5-null-transfer,64,8,0.05709246022082259,0.36,residual_samples/batch-64-replication-8.csv,null_statistics/batch-64-replication-8.npy,batch-f5-null-transfer,11972860374628113993,16196038398664046248,17349925765502681277,0.18817889998899773,,,batch-f5-null-transfer-20260821-001
F5,X1,X2,f5-null-transfer,64,9,0.05682414311069447,0.435,residual_samples/batch-64-replication-9.csv,null_statistics/batch-64-replication-9.npy,batch-f5-null-transfer,7314142236986275471,15030181122261056284,792620415563256574,0.18523619999177754,,,batch-f5-null-transfer-20260821-001
F5,X1,X2,f5-null-transfer,65,0,0.1059479511739674,0.005,residual_samples/batch-65-replication-0.csv,null_statistics/batch-65-replication-0.npy,batch-f5-null-transfer,7168640194693768634,8434336069749672340,10377568619181441460,0.18552870000712574,,,batch-f5-null-transfer-20260821-001
F5,X1,X2,f5-null-transfer,65,1,0.05751861237371753,0.37,residual_samples/batch-65-replication-1.csv,null_statistics/batch-65-replication-1.npy,batch-f5-null-transfer,16618012643353955327,9383763426890080125,18293439430225526818,0.18876530000125058,,,batch-f5-null-transfer-20260821-001
F5,X1,X2,f5-null-transfer,65,2,0.06342332533627007,0.215,residual_samples/batch-65-replication-2.csv,null_statistics/batch-65-replication-2.npy,batch-f5-null-transfer,5324614461469880002,10183630217962039908,5692650960907978871,0.19271000000298955,,,batch-f5-null-transfer-20260821-001
F5,X1,X2,f5-null-transfer,65,3,0.04990188323963019,0.685,residual_samples/batch-65-replication-3.csv,null_statistics/batch-65-replication-3.npy,batch-f5-null-transfer,9624185773978325583,16253594919575492046,11547155878948478351,0.18543339997995645,,,batch-f5-null-transfer-20260821-001
F5,X1,X2,f5-null-transfer,65,4,0.06063122481485036,0.275,residual_samples/batch-65-replication-4.csv,null_statistics/batch-65-replication-4.npy,batch-f5-null-transfer,16780517698615346543,9579708501047813302,9623207836084043148,0.18609659999492578,,,batch-f5-null-transfer-20260821-001
F5,X1,X2,f5-null-transfer,65,5,0.05106843586308915,0.58,residual_samples/batch-65-replication-5.csv,null_statistics/batch-65-replication-5.npy,batch-f5-null-transfer,5655392079261271974,7716650935306911446,12791525872970733629,0.18554730000323616,,,batch-f5-null-transfer-20260821-001
F5,X1,X2,f5-null-transfer,65,6,0.04332311074442102,0.88,residual_samples/batch-65-replication-6.csv,null_statistics/batch-65-replication-6.npy,batch-f5-null-transfer,13633973672200265098,15433492105572320642,17310282389865399630,0.18841339999926277,,,batch-f5-null-transfer-20260821-001
F5,X1,X2,f5-null-transfer,65,7,0.040303146664304054,0.97,residual_samples/batch-65-replication-7.csv,null_statistics/batch-65-replication-7.npy,batch-f5-null-transfer,12866796439225657983,17878248638167294620,12534770616070652569,0.18616139999357983,,,batch-f5-null-transfer-20260821-001
F5,X1,X2,f5-null-transfer,65,8,0.04042445943811166,0.985,residual_samples/batch-65-replication-8.csv,null_statistics/batch-65-replication-8.npy,batch-f5-null-transfer,10052977286634329916,2413048697019044412,13327826138346764228,0.18699760001618415,,,batch-f5-null-transfer-20260821-001
F5,X1,X2,f5-null-transfer,65,9,0.05084118842203023,0.66,residual_samples/batch-65-replication-9.csv,null_statistics/batch-65-replication-9.npy,batch-f5-null-transfer,10256760402322249572,5135224014368383300,12190496841808220667,0.18852130000595935,,,batch-f5-null-transfer-20260821-001
F5,X1,X2,f5-null-transfer,66,0,0.04897716815278994,0.675,residual_samples/batch-66-replication-0.csv,null_statistics/batch-66-replication-0.npy,batch-f5-null-transfer,16707237788107794405,11070751581877930865,6183198889398169491,0.1874002999975346,,,batch-f5-null-transfer-20260821-001
F5,X1,X2,f5-null-transfer,66,1,0.04763195229761874,0.74,residual_samples/batch-66-replication-1.csv,null_statistics/batch-66-replication-1.npy,batch-f5-null-transfer,18143589046633923154,8970163083628408601,13378187884900591809,0.18630870000924915,,,batch-f5-null-transfer-20260821-001
F5,X1,X2,f5-null-transfer,66,2,0.04638976651007814,0.73,residual_samples/batch-66-replication-2.csv,null_statistics/batch-66-replication-2.npy,batch-f5-null-transfer,4347611382562064037,13826386882430050387,2350567827396538883,0.1915871000092011,,,batch-f5-null-transfer-20260821-001
F5,X1,X2,f5-null-transfer,66,3,0.04831710387863675,0.745,residual_samples/batch-66-replication-3.csv,null_statistics/batch-66-replication-3.npy,batch-f5-null-transfer,5293462286399129679,9386417702940565825,8478712804050020386,0.18920610001077875,,,batch-f5-null-transfer-20260821-001
F5,X1,X2,f5-null-transfer,66,4,0.04946592514510092,0.62,residual_samples/batch-66-replication-4.csv,null_statistics/batch-66-replication-4.npy,batch-f5-null-transfer,8711453190722856573,7949264731152078387,17238657654639773576,0.1881199000054039,,,batch-f5-null-transfer-20260821-001
F5,X1,X2,f5-null-transfer,66,5,0.05409373233107578,0.485,residual_samples/batch-66-replication-5.csv,null_statistics/batch-66-replication-5.npy,batch-f5-null-transfer,12841644666348960242,3567560876015190929,13954153245186069208,0.18810709999524988,,,batch-f5-null-transfer-20260821-001
F5,X1,X2,f5-null-transfer,66,6,0.048948923685273815,0.71,residual_samples/batch-66-replication-6.csv,null_statistics/batch-66-replication-6.npy,batch-f5-null-transfer,6135730512506841986,4997243178091307006,5659438975202490328,0.18648159998701885,,,batch-f5-null-transfer-20260821-001
F5,X1,X2,f5-null-transfer,66,7,0.056887176007596185,0.36,residual_samples/batch-66-replication-7.csv,null_statistics/batch-66-replication-7.npy,batch-f5-null-transfer,4201780444321520241,10296768451423633641,6843115189400573829,0.18714530000579543,,,batch-f5-null-transfer-20260821-001
F5,X1,X2,f5-null-transfer,66,8,0.054546132271249145,0.415,residual_samples/batch-66-replication-8.csv,null_statistics/batch-66-replication-8.npy,batch-f5-null-transfer,11781010532987374622,7705587119806377276,13133702258319728703,0.18678859999636188,,,batch-f5-null-transfer-20260821-001
F5,X1,X2,f5-null-transfer,66,9,0.058552977758749694,0.385,residual_samples/batch-66-replication-9.csv,null_statistics/batch-66-replication-9.npy,batch-f5-null-transfer,11232779181203990135,15170853517504550143,12419672483023817228,0.18852339999284595,,,batch-f5-null-transfer-20260821-001
F5,X1,X2,f5-null-transfer,67,0,0.06388961581139138,0.18,residual_samples/batch-67-replication-0.csv,null_statistics/batch-67-replication-0.npy,batch-f5-null-transfer,4872220983534386108,527844459217324480,16453785288341514644,0.1867662000004202,,,batch-f5-null-transfer-20260821-001
F5,X1,X2,f5-null-transfer,67,1,0.05237241592985318,0.56,residual_samples/batch-67-replication-1.csv,null_statistics/batch-67-replication-1.npy,batch-f5-null-transfer,1026533533943258189,973205392340472197,966215332073191696,0.19048439999460243,,,batch-f5-null-transfer-20260821-001
F5,X1,X2,f5-null-transfer,67,2,0.058945864116611214,0.315,residual_samples/batch-67-replication-2.csv,null_statistics/batch-67-replication-2.npy,batch-f5-null-transfer,4196482195849972708,7569149922351178245,12966625672677785605,0.19426170000224374,,,batch-f5-null-transfer-20260821-001
F5,X1,X2,f5-null-transfer,67,3,0.03769471100833651,0.995,residual_samples/batch-67-replication-3.csv,null_statistics/batch-67-replication-3.npy,batch-f5-null-transfer,3898123422962244128,14681591082919465368,11167742706401266235,0.1929367000120692,,,batch-f5-null-transfer-20260821-001
F5,X1,X2,f5-null-transfer,67,4,0.05588351254364591,0.45,residual_samples/batch-67-replication-4.csv,null_statistics/batch-67-replication-4.npy,batch-f5-null-transfer,331464312716229418,13072065312640854017,11857152720709410499,0.19471140002133325,,,batch-f5-null-transfer-20260821-001
F5,X1,X2,f5-null-transfer,67,5,0.05213695332541027,0.635,residual_samples/batch-67-replication-5.csv,null_statistics/batch-67-replication-5.npy,batch-f5-null-transfer,11431988611680695101,5956748044288187857,6542334303960638208,0.19081299999379553,,,batch-f5-null-transfer-20260821-001
F5,X1,X2,f5-null-transfer,67,6,0.052585652930573996,0.57,residual_samples/batch-67-replication-6.csv,null_statistics/batch-67-replication-6.npy,batch-f5-null-transfer,3006783717396360925,7295444073236744945,1110669868470025364,0.1879274999955669,,,batch-f5-null-transfer-20260821-001
F5,X1,X2,f5-null-transfer,67,7,0.06691997921369418,0.1,residual_samples/batch-67-replication-7.csv,null_statistics/batch-67-replication-7.npy,batch-f5-null-transfer,5749811229380377977,4832399965736703148,12578916305841621191,0.18735069999820553,,,batch-f5-null-transfer-20260821-001
F5,X1,X2,f5-null-transfer,67,8,0.04948207399429502,0.68,residual_samples/batch-67-replication-8.csv,null_statistics/batch-67-replication-8.npy,batch-f5-null-transfer,6534709772145433616,5410028432705219173,7767010179248353027,0.1887661999789998,,,batch-f5-null-transfer-20260821-001
F5,X1,X2,f5-null-transfer,67,9,0.05129089577263833,0.6,residual_samples/batch-67-replication-9.csv,null_statistics/batch-67-replication-9.npy,batch-f5-null-transfer,11592914485139964285,3062514261764310879,11753458460848699465,0.18728290000581183,,,batch-f5-null-transfer-20260821-001
F5,X1,X2,f5-null-transfer,68,0,0.05512426734341538,0.46,residual_samples/batch-68-replication-0.csv,null_statistics/batch-68-replication-0.npy,batch-f5-null-transfer,8158350524459511809,7077478052969221795,13675265009364844072,0.18833460001042113,,,batch-f5-null-transfer-20260821-001
F5,X1,X2,f5-null-transfer,68,1,0.04381171526468934,0.85,residual_samples/batch-68-replication-1.csv,null_statistics/batch-68-replication-1.npy,batch-f5-null-transfer,4465676787815088020,10550243755090554413,17585916745076069502,0.18571870002779178,,,batch-f5-null-transfer-20260821-001
F5,X1,X2,f5-null-transfer,68,2,0.06101619950590697,0.33,residual_samples/batch-68-replication-2.csv,null_statistics/batch-68-replication-2.npy,batch-f5-null-transfer,15852593165386534665,1976842769939750786,15941579811214566039,0.1869938000163529,,,batch-f5-null-transfer-20260821-001
F5,X1,X2,f5-null-transfer,68,3,0.05054428976447429,0.54,residual_samples/batch-68-replication-3.csv,null_statistics/batch-68-replication-3.npy,batch-f5-null-transfer,5632728450508556000,13687079865160309351,11136551140385856451,0.1904041999951005,,,batch-f5-null-transfer-20260821-001
F5,X1,X2,f5-null-transfer,68,4,0.06103703721212846,0.31,residual_samples/batch-68-replication-4.csv,null_statistics/batch-68-replication-4.npy,batch-f5-null-transfer,17770847397595881198,3350603944374239111,6495344570838142156,0.18844030000036582,,,batch-f5-null-transfer-20260821-001
F5,X1,X2,f5-null-transfer,68,5,0.07765542919010053,0.055,residual_samples/batch-68-replication-5.csv,null_statistics/batch-68-replication-5.npy,batch-f5-null-transfer,11159817024062898749,18150523208535868911,9811695159448145750,0.1876376000000164,,,batch-f5-null-transfer-20260821-001
F5,X1,X2,f5-null-transfer,68,6,0.043733168895274566,0.875,residual_samples/batch-68-replication-6.csv,null_statistics/batch-68-replication-6.npy,batch-f5-null-transfer,10924970410654325395,1576777680468874827,2835940021528260529,0.18774640001356602,,,batch-f5-null-transfer-20260821-001
F5,X1,X2,f5-null-transfer,68,7,0.054470925556013454,0.505,residual_samples/batch-68-replication-7.csv,null_statistics/batch-68-replication-7.npy,batch-f5-null-transfer,1050797048569615220,10944253921811453137,17341018141220510036,0.18619239999679849,,,batch-f5-null-transfer-20260821-001
F5,X1,X2,f5-null-transfer,68,8,0.07824211391721904,0.045,residual_samples/batch-68-replication-8.csv,null_statistics/batch-68-replication-8.npy,batch-f5-null-transfer,11713741514017203134,10041957539988668411,2348851787432013441,0.18758060000254773,,,batch-f5-null-transfer-20260821-001
F5,X1,X2,f5-null-transfer,68,9,0.07111623267332036,0.055,residual_samples/batch-68-replication-9.csv,null_statistics/batch-68-replication-9.npy,batch-f5-null-transfer,11151474647138099705,1063381124092983131,17706696177899672969,0.1883108999754768,,,batch-f5-null-transfer-20260821-001
F5,X1,X2,f5-null-transfer,69,0,0.045052435445664354,0.885,residual_samples/batch-69-replication-0.csv,null_statistics/batch-69-replication-0.npy,batch-f5-null-transfer,6458464077066443459,10082387337107634832,17574338766867148376,0.1867015000025276,,,batch-f5-null-transfer-20260821-001
F5,X1,X2,f5-null-transfer,69,1,0.05141038608510183,0.555,residual_samples/batch-69-replication-1.csv,null_statistics/batch-69-replication-1.npy,batch-f5-null-transfer,13368990731681373684,3182256023743996104,16429816963939244464,0.18838819998200051,,,batch-f5-null-transfer-20260821-001
F5,X1,X2,f5-null-transfer,69,2,0.04632394624844699,0.82,residual_samples/batch-69-replication-2.csv,null_statistics/batch-69-replication-2.npy,batch-f5-null-transfer,6940041279907924625,4424314781630106679,13174293213877185709,0.18739320000167936,,,batch-f5-null-transfer-20260821-001
F5,X1,X2,f5-null-transfer,69,3,0.057241420974385136,0.32,residual_samples/batch-69-replication-3.csv,null_statistics/batch-69-replication-3.npy,batch-f5-null-transfer,11939842745127920217,687689650291636944,6171746554212709688,0.18870250001782551,,,batch-f5-null-transfer-20260821-001
F5,X1,X2,f5-null-transfer,69,4,0.060830972679212975,0.26,residual_samples/batch-69-replication-4.csv,null_statistics/batch-69-replication-4.npy,batch-f5-null-transfer,15976047162417861715,3395193275379395243,10659565311783016223,0.18958820000989363,,,batch-f5-null-transfer-20260821-001
F5,X1,X2,f5-null-transfer,69,5,0.08459608540674832,0.025,residual_samples/batch-69-replication-5.csv,null_statistics/batch-69-replication-5.npy,batch-f5-null-transfer,16936413707723339846,15759350089926309713,16089842475881338181,0.1871038999815937,,,batch-f5-null-transfer-20260821-001
F5,X1,X2,f5-null-transfer,69,6,0.05040277264670664,0.59,residual_samples/batch-69-replication-6.csv,null_statistics/batch-69-replication-6.npy,batch-f5-null-transfer,7936359191220372737,16314031435018966896,6545616514292383964,0.1901130999904126,,,batch-f5-null-transfer-20260821-001
F5,X1,X2,f5-null-transfer,69,7,0.053151041696501485,0.41,residual_samples/batch-69-replication-7.csv,null_statistics/batch-69-replication-7.npy,batch-f5-null-transfer,14599785499527595054,10688662287107033707,14066333301969030029,0.20205920000444166,,,batch-f5-null-transfer-20260821-001
F5,X1,X2,f5-null-transfer,69,8,0.0786773253932088,0.06,residual_samples/batch-69-replication-8.csv,null_statistics/batch-69-replication-8.npy,batch-f5-null-transfer,12706658518369111405,7582628320356382433,1451817812705748699,0.19338240000070073,,,batch-f5-null-transfer-20260821-001
F5,X1,X2,f5-null-transfer,69,9,0.053892789289023385,0.38,residual_samples/batch-69-replication-9.csv,null_statistics/batch-69-replication-9.npy,batch-f5-null-transfer,1634673807194936934,3960652178723048602,6157464751694600916,0.19061670001246966,,,batch-f5-null-transfer-20260821-001
F5,X1,X2,f5-null-transfer,70,0,0.06573543561607272,0.165,residual_samples/batch-70-replication-0.csv,null_statistics/batch-70-replication-0.npy,batch-f5-null-transfer,5071095018111873681,11284760876528918191,17635109061490709777,0.18946839999989606,,,batch-f5-null-transfer-20260821-001
F5,X1,X2,f5-null-transfer,70,1,0.062316457505300495,0.205,residual_samples/batch-70-replication-1.csv,null_statistics/batch-70-replication-1.npy,batch-f5-null-transfer,206228521318584027,10602994091413299447,15618564014703616217,0.1866258999798447,,,batch-f5-null-transfer-20260821-001
F5,X1,X2,f5-null-transfer,70,2,0.07189291971188051,0.07,residual_samples/batch-70-replication-2.csv,null_statistics/batch-70-replication-2.npy,batch-f5-null-transfer,11849751779758147533,14610021009281723124,17874573827857317328,0.1872099000029266,,,batch-f5-null-transfer-20260821-001
F5,X1,X2,f5-null-transfer,70,3,0.06048673718445933,0.24,residual_samples/batch-70-replication-3.csv,null_statistics/batch-70-replication-3.npy,batch-f5-null-transfer,10540482299430744962,9202064789881073149,5721835039014631514,0.185328199993819,,,batch-f5-null-transfer-20260821-001
F5,X1,X2,f5-null-transfer,70,4,0.04758176668761633,0.74,residual_samples/batch-70-replication-4.csv,null_statistics/batch-70-replication-4.npy,batch-f5-null-transfer,13220162680546525330,13204996808183773203,16741187398151856509,0.18793700000969693,,,batch-f5-null-transfer-20260821-001
F5,X1,X2,f5-null-transfer,70,5,0.06795871838038897,0.135,residual_samples/batch-70-replication-5.csv,null_statistics/batch-70-replication-5.npy,batch-f5-null-transfer,4823036300847995582,9581158277736520615,16327014484587141040,0.18379379998077638,,,batch-f5-null-transfer-20260821-001
F5,X1,X2,f5-null-transfer,70,6,0.04922446100500951,0.72,residual_samples/batch-70-replication-6.csv,null_statistics/batch-70-replication-6.npy,batch-f5-null-transfer,10411985731749722092,582619741464740883,16646976973380742158,0.1880319000047166,,,batch-f5-null-transfer-20260821-001
F5,X1,X2,f5-null-transfer,70,7,0.0502609950345931,0.61,residual_samples/batch-70-replication-7.csv,null_statistics/batch-70-replication-7.npy,batch-f5-null-transfer,12912883536511315590,13015937685256457332,2091388733807377377,0.18991320001077838,,,batch-f5-null-transfer-20260821-001
F5,X1,X2,f5-null-transfer,70,8,0.06742315252847854,0.14,residual_samples/batch-70-replication-8.csv,null_statistics/batch-70-replication-8.npy,batch-f5-null-transfer,14208166158366468671,4805860086631871644,3632035471105105311,0.19155449999379925,,,batch-f5-null-transfer-20260821-001
F5,X1,X2,f5-null-transfer,70,9,0.042975370943116105,0.9,residual_samples/batch-70-replication-9.csv,null_statistics/batch-70-replication-9.npy,batch-f5-null-transfer,15075600445484017002,2298552998612689463,5306604626855188405,0.19357629999285564,,,batch-f5-null-transfer-20260821-001
F5,X1,X2,f5-null-transfer,71,0,0.06624867245310369,0.23,residual_samples/batch-71-replication-0.csv,null_statistics/batch-71-replication-0.npy,batch-f5-null-transfer,13592772433784306104,17793709102080538734,15506079223702134643,0.19322610000381246,,,batch-f5-null-transfer-20260821-001
F5,X1,X2,f5-null-transfer,71,1,0.0523161327880956,0.545,residual_samples/batch-71-replication-1.csv,null_statistics/batch-71-replication-1.npy,batch-f5-null-transfer,1897999735463993238,7428569149414686612,6315878317360142721,0.192238300020108,,,batch-f5-null-transfer-20260821-001
F5,X1,X2,f5-null-transfer,71,2,0.06407111745465428,0.175,residual_samples/batch-71-replication-2.csv,null_statistics/batch-71-replication-2.npy,batch-f5-null-transfer,9793270926162724224,11692270528488058843,13041197512055549571,0.1937231000047177,,,batch-f5-null-transfer-20260821-001
F5,X1,X2,f5-null-transfer,71,3,0.045850185067648784,0.84,residual_samples/batch-71-replication-3.csv,null_statistics/batch-71-replication-3.npy,batch-f5-null-transfer,8512797106461180632,3585469208317379295,7326879838510042183,0.18748839999898337,,,batch-f5-null-transfer-20260821-001
F5,X1,X2,f5-null-transfer,71,4,0.08070415527441455,0.055,residual_samples/batch-71-replication-4.csv,null_statistics/batch-71-replication-4.npy,batch-f5-null-transfer,13133335147513535212,4197209094528118953,13228654520216828912,0.186087599984603,,,batch-f5-null-transfer-20260821-001
F5,X1,X2,f5-null-transfer,71,5,0.06673105509125678,0.16,residual_samples/batch-71-replication-5.csv,null_statistics/batch-71-replication-5.npy,batch-f5-null-transfer,5139260435199806517,15114460816029679123,9173884404148467581,0.19342530000722036,,,batch-f5-null-transfer-20260821-001
F5,X1,X2,f5-null-transfer,71,6,0.09091059918826828,0.01,residual_samples/batch-71-replication-6.csv,null_statistics/batch-71-replication-6.npy,batch-f5-null-transfer,7928110469462293785,1692604169838403647,12342446315729353846,0.18776880000950769,,,batch-f5-null-transfer-20260821-001
F5,X1,X2,f5-null-transfer,71,7,0.053058576933067654,0.53,residual_samples/batch-71-replication-7.csv,null_statistics/batch-71-replication-7.npy,batch-f5-null-transfer,15013203527080343441,240309257518661133,5416300702051396311,0.18709960000705905,,,batch-f5-null-transfer-20260821-001
F5,X1,X2,f5-null-transfer,71,8,0.051540044927484,0.57,residual_samples/batch-71-replication-8.csv,null_statistics/batch-71-replication-8.npy,batch-f5-null-transfer,7617367174775635839,1314100725326836471,8705077080839648532,0.18744720000540838,,,batch-f5-null-transfer-20260821-001
F5,X1,X2,f5-null-transfer,71,9,0.06418125172611189,0.175,residual_samples/batch-71-replication-9.csv,null_statistics/batch-71-replication-9.npy,batch-f5-null-transfer,16303664526309252311,17760188755857601039,7143200429897483806,0.18675320001784712,,,batch-f5-null-transfer-20260821-001
F5,X1,X2,f5-null-transfer,72,0,0.0677053942466915,0.18,residual_samples/batch-72-replication-0.csv,null_statistics/batch-72-replication-0.npy,batch-f5-null-transfer,14471220755000006952,15150753645838985738,1711454946782431820,0.18699170000036247,,,batch-f5-null-transfer-20260821-001
F5,X1,X2,f5-null-transfer,72,1,0.08888497320549257,0.02,residual_samples/batch-72-replication-1.csv,null_statistics/batch-72-replication-1.npy,batch-f5-null-transfer,12018191963726139734,646527039322153107,1857210410601313167,0.19086280002375133,,,batch-f5-null-transfer-20260821-001
F5,X1,X2,f5-null-transfer,72,2,0.06904337936867753,0.08,residual_samples/batch-72-replication-2.csv,null_statistics/batch-72-replication-2.npy,batch-f5-null-transfer,1936065650111023016,401326065183396506,7092473039862618120,0.18827620000229217,,,batch-f5-null-transfer-20260821-001
F5,X1,X2,f5-null-transfer,72,3,0.060097153447969856,0.27,residual_samples/batch-72-replication-3.csv,null_statistics/batch-72-replication-3.npy,batch-f5-null-transfer,8556449578906022675,8268638855717870829,12514066194072911100,0.1887406000168994,,,batch-f5-null-transfer-20260821-001
F5,X1,X2,f5-null-transfer,72,4,0.05139839742192067,0.475,residual_samples/batch-72-replication-4.csv,null_statistics/batch-72-replication-4.npy,batch-f5-null-transfer,17685988779034735370,15589622691891516991,3973362482924056819,0.18553570000221953,,,batch-f5-null-transfer-20260821-001
F5,X1,X2,f5-null-transfer,72,5,0.0670061401617838,0.135,residual_samples/batch-72-replication-5.csv,null_statistics/batch-72-replication-5.npy,batch-f5-null-transfer,13073116687080119735,6245704251505042917,1563701291374359699,0.1875372999929823,,,batch-f5-null-transfer-20260821-001
F5,X1,X2,f5-null-transfer,72,6,0.045877540157813444,0.815,residual_samples/batch-72-replication-6.csv,null_statistics/batch-72-replication-6.npy,batch-f5-null-transfer,13243335667446154408,2738210673430576911,8552221279584498625,0.1884208999981638,,,batch-f5-null-transfer-20260821-001
F5,X1,X2,f5-null-transfer,72,7,0.04792361217038076,0.675,residual_samples/batch-72-replication-7.csv,null_statistics/batch-72-replication-7.npy,batch-f5-null-transfer,785191938354362347,4346120906066884826,1363454701414086424,0.18835099998977967,,,batch-f5-null-transfer-20260821-001
F5,X1,X2,f5-null-transfer,72,8,0.04959733287956808,0.65,residual_samples/batch-72-replication-8.csv,null_statistics/batch-72-replication-8.npy,batch-f5-null-transfer,13371177394764919293,10973751674643493562,9331936680718138152,0.18946219998179004,,,batch-f5-null-transfer-20260821-001
F5,X1,X2,f5-null-transfer,72,9,0.09178879932684236,0.01,residual_samples/batch-72-replication-9.csv,null_statistics/batch-72-replication-9.npy,batch-f5-null-transfer,15976861289132419462,12864475880271453331,1175555553709557830,0.18693249998614192,,,batch-f5-null-transfer-20260821-001
F5,X1,X2,f5-null-transfer,73,0,0.06372771051714261,0.145,residual_samples/batch-73-replication-0.csv,null_statistics/batch-73-replication-0.npy,batch-f5-null-transfer,1379836681812852959,2252354190019607380,13804205255201472222,0.18585650000022724,,,batch-f5-null-transfer-20260821-001
F5,X1,X2,f5-null-transfer,73,1,0.054015707110673,0.44,residual_samples/batch-73-replication-1.csv,null_statistics/batch-73-replication-1.npy,batch-f5-null-transfer,15149859004346142968,13495404441134306829,5582476876833460027,0.1892418000206817,,,batch-f5-null-transfer-20260821-001
F5,X1,X2,f5-null-transfer,73,2,0.06453249804962444,0.175,residual_samples/batch-73-replication-2.csv,null_statistics/batch-73-replication-2.npy,batch-f5-null-transfer,18140737194118717876,6038858940446419966,16642224355519482183,0.19194409999181516,,,batch-f5-null-transfer-20260821-001
F5,X1,X2,f5-null-transfer,73,3,0.053705189011415,0.525,residual_samples/batch-73-replication-3.csv,null_statistics/batch-73-replication-3.npy,batch-f5-null-transfer,14761893062523279566,4803289541797659585,4741247121297199443,0.18917899997904897,,,batch-f5-null-transfer-20260821-001
F5,X1,X2,f5-null-transfer,73,4,0.04699922874807607,0.785,residual_samples/batch-73-replication-4.csv,null_statistics/batch-73-replication-4.npy,batch-f5-null-transfer,3591332595191882415,4939341000530784533,11325338673963303542,0.18732160000945441,,,batch-f5-null-transfer-20260821-001
F5,X1,X2,f5-null-transfer,73,5,0.04638979727119758,0.815,residual_samples/batch-73-replication-5.csv,null_statistics/batch-73-replication-5.npy,batch-f5-null-transfer,4128278534060085480,12991664104536938091,13170367867431237155,0.18610930000431836,,,batch-f5-null-transfer-20260821-001
F5,X1,X2,f5-null-transfer,73,6,0.06995484793792335,0.085,residual_samples/batch-73-replication-6.csv,null_statistics/batch-73-replication-6.npy,batch-f5-null-transfer,2056108088088093716,9246431261223457300,6466561844019612862,0.18860590000986122,,,batch-f5-null-transfer-20260821-001
F5,X1,X2,f5-null-transfer,73,7,0.0575898828962598,0.365,residual_samples/batch-73-replication-7.csv,null_statistics/batch-73-replication-7.npy,batch-f5-null-transfer,6223466343237616626,11882216497807370239,17182807146385132400,0.1905008000030648,,,batch-f5-null-transfer-20260821-001
F5,X1,X2,f5-null-transfer,73,8,0.04773022132358851,0.775,residual_samples/batch-73-replication-8.csv,null_statistics/batch-73-replication-8.npy,batch-f5-null-transfer,10930843300864640720,3897132512433082528,17404737709127230446,0.1892169000057038,,,batch-f5-null-transfer-20260821-001
F5,X1,X2,f5-null-transfer,73,9,0.050111520810214284,0.65,residual_samples/batch-73-replication-9.csv,null_statistics/batch-73-replication-9.npy,batch-f5-null-transfer,2860920208089537646,12080420011446159558,2044191781436687305,0.1882212999917101,,,batch-f5-null-transfer-20260821-001
F5,X1,X2,f5-null-transfer,74,0,0.05608632309061658,0.425,residual_samples/batch-74-replication-0.csv,null_statistics/batch-74-replication-0.npy,batch-f5-null-transfer,17366588235076349650,1455790130595295365,13716658720903646616,0.18738070002291352,,,batch-f5-null-transfer-20260821-001
F5,X1,X2,f5-null-transfer,74,1,0.04714548801992986,0.775,residual_samples/batch-74-replication-1.csv,null_statistics/batch-74-replication-1.npy,batch-f5-null-transfer,4520663631841076380,12622145751251026235,13178196536605430261,0.18786350000300445,,,batch-f5-null-transfer-20260821-001
F5,X1,X2,f5-null-transfer,74,2,0.06765957468554994,0.165,residual_samples/batch-74-replication-2.csv,null_statistics/batch-74-replication-2.npy,batch-f5-null-transfer,12600969031858133388,1873904858499865934,4526539623364596380,0.1895414000027813,,,batch-f5-null-transfer-20260821-001
F5,X1,X2,f5-null-transfer,74,3,0.05476386899194137,0.49,residual_samples/batch-74-replication-3.csv,null_statistics/batch-74-replication-3.npy,batch-f5-null-transfer,7338959657970102944,13324069213132362439,9005138035090924503,0.1882585999846924,,,batch-f5-null-transfer-20260821-001
F5,X1,X2,f5-null-transfer,74,4,0.05794947569619962,0.325,residual_samples/batch-74-replication-4.csv,null_statistics/batch-74-replication-4.npy,batch-f5-null-transfer,3238083408638130062,13063075593118946587,7006765143631836918,0.18695619999198243,,,batch-f5-null-transfer-20260821-001
F5,X1,X2,f5-null-transfer,74,5,0.07118667418623303,0.1,residual_samples/batch-74-replication-5.csv,null_statistics/batch-74-replication-5.npy,batch-f5-null-transfer,965396304585949481,9050164790360202314,9486491379305335668,0.19141030000173487,,,batch-f5-null-transfer-20260821-001
F5,X1,X2,f5-null-transfer,74,6,0.06274546500755813,0.205,residual_samples/batch-74-replication-6.csv,null_statistics/batch-74-replication-6.npy,batch-f5-null-transfer,1871882757575702638,12038889210812457071,40019070777612744,0.19267419999232516,,,batch-f5-null-transfer-20260821-001
F5,X1,X2,f5-null-transfer,74,7,0.0599964229744935,0.31,residual_samples/batch-74-replication-7.csv,null_statistics/batch-74-replication-7.npy,batch-f5-null-transfer,5571767819612435831,17271803824445863409,17650680966559967758,0.20197329999064095,,,batch-f5-null-transfer-20260821-001
F5,X1,X2,f5-null-transfer,74,8,0.06075296552014817,0.25,residual_samples/batch-74-replication-8.csv,null_statistics/batch-74-replication-8.npy,batch-f5-null-transfer,5778750821534045552,8620933259863277188,11632034089507602644,0.19350870000198483,,,batch-f5-null-transfer-20260821-001
F5,X1,X2,f5-null-transfer,74,9,0.062033486780689116,0.21,residual_samples/batch-74-replication-9.csv,null_statistics/batch-74-replication-9.npy,batch-f5-null-transfer,7306011358849970381,8904187316329618320,5936712979163705011,0.19243269998696633,,,batch-f5-null-transfer-20260821-001
F5,X1,X2,f5-null-transfer,75,0,0.05618650163837138,0.415,residual_samples/batch-75-replication-0.csv,null_statistics/batch-75-replication-0.npy,batch-f5-null-transfer,758203259428230248,15566913504927497504,17874334234616028086,0.1877618000144139,,,batch-f5-null-transfer-20260821-001
F5,X1,X2,f5-null-transfer,75,1,0.06493126383577062,0.155,residual_samples/batch-75-replication-1.csv,null_statistics/batch-75-replication-1.npy,batch-f5-null-transfer,3560203460547326579,3711991500130146004,15239443008112149216,0.1869464000046719,,,batch-f5-null-transfer-20260821-001
F5,X1,X2,f5-null-transfer,75,2,0.05603426644645929,0.475,residual_samples/batch-75-replication-2.csv,null_statistics/batch-75-replication-2.npy,batch-f5-null-transfer,6612469851051082205,6881231269480407412,8564928598098040284,0.18931389998761006,,,batch-f5-null-transfer-20260821-001
F5,X1,X2,f5-null-transfer,75,3,0.067828638084782,0.105,residual_samples/batch-75-replication-3.csv,null_statistics/batch-75-replication-3.npy,batch-f5-null-transfer,13453070490113019220,6137655203339873049,11539196815912567867,0.18532540000160225,,,batch-f5-null-transfer-20260821-001
F5,X1,X2,f5-null-transfer,75,4,0.05735374631110126,0.345,residual_samples/batch-75-replication-4.csv,null_statistics/batch-75-replication-4.npy,batch-f5-null-transfer,1897166352585786442,7962374678793412680,11837247920107060124,0.18619060001219623,,,batch-f5-null-transfer-20260821-001
F5,X1,X2,f5-null-transfer,75,5,0.04728234432305555,0.775,residual_samples/batch-75-replication-5.csv,null_statistics/batch-75-replication-5.npy,batch-f5-null-transfer,14361837627890136914,10208881626442827517,10367813403760027596,0.18641729999217205,,,batch-f5-null-transfer-20260821-001
F5,X1,X2,f5-null-transfer,75,6,0.04911379038999256,0.665,residual_samples/batch-75-replication-6.csv,null_statistics/batch-75-replication-6.npy,batch-f5-null-transfer,4007274155620461488,16573491679504436237,1900535659308037078,0.18455299999914132,,,batch-f5-null-transfer-20260821-001
F5,X1,X2,f5-null-transfer,75,7,0.05255401087446616,0.54,residual_samples/batch-75-replication-7.csv,null_statistics/batch-75-replication-7.npy,batch-f5-null-transfer,6711162932603672403,18064028782657358238,16297114279047917283,0.18622810000670142,,,batch-f5-null-transfer-20260821-001
F5,X1,X2,f5-null-transfer,75,8,0.06815460309639214,0.07,residual_samples/batch-75-replication-8.csv,null_statistics/batch-75-replication-8.npy,batch-f5-null-transfer,6176593969014916288,72849467820429226,7478474742783064985,0.19186019999324344,,,batch-f5-null-transfer-20260821-001
F5,X1,X2,f5-null-transfer,75,9,0.05597695840042584,0.42,residual_samples/batch-75-replication-9.csv,null_statistics/batch-75-replication-9.npy,batch-f5-null-transfer,12487645704619184669,18125958214761606716,1139909289568957677,0.18382450001081452,,,batch-f5-null-transfer-20260821-001
F5,X1,X2,f5-null-transfer,76,0,0.056001103469405414,0.345,residual_samples/batch-76-replication-0.csv,null_statistics/batch-76-replication-0.npy,batch-f5-null-transfer,4486503706778358703,12729600223528288758,11950502379277332063,0.18665390001842752,,,batch-f5-null-transfer-20260821-001
F5,X1,X2,f5-null-transfer,76,1,0.058060834275851674,0.34,residual_samples/batch-76-replication-1.csv,null_statistics/batch-76-replication-1.npy,batch-f5-null-transfer,12727678097644447455,16729140929621243004,124893333614489106,0.1856788000150118,,,batch-f5-null-transfer-20260821-001
F5,X1,X2,f5-null-transfer,76,2,0.06665648933793498,0.15,residual_samples/batch-76-replication-2.csv,null_statistics/batch-76-replication-2.npy,batch-f5-null-transfer,6813321527184628604,16113848555187898007,2266505135555169273,0.1855654999963008,,,batch-f5-null-transfer-20260821-001
F5,X1,X2,f5-null-transfer,76,3,0.056972015296624795,0.34,residual_samples/batch-76-replication-3.csv,null_statistics/batch-76-replication-3.npy,batch-f5-null-transfer,5262871355464107378,16198535032212932659,12411155727054715424,0.1870321000169497,,,batch-f5-null-transfer-20260821-001
F5,X1,X2,f5-null-transfer,76,4,0.07291769840583616,0.06,residual_samples/batch-76-replication-4.csv,null_statistics/batch-76-replication-4.npy,batch-f5-null-transfer,16153856695602742656,688599463372042803,3499020273440510229,0.1874551000073552,,,batch-f5-null-transfer-20260821-001
F5,X1,X2,f5-null-transfer,76,5,0.06284557910048572,0.215,residual_samples/batch-76-replication-5.csv,null_statistics/batch-76-replication-5.npy,batch-f5-null-transfer,15841962383454670014,15074711443373299209,16189984517661221760,0.18853280000621453,,,batch-f5-null-transfer-20260821-001
F5,X1,X2,f5-null-transfer,76,6,0.05674989488620402,0.31,residual_samples/batch-76-replication-6.csv,null_statistics/batch-76-replication-6.npy,batch-f5-null-transfer,5662185386151901915,1943941061729802291,16265507820422522641,0.1849907000141684,,,batch-f5-null-transfer-20260821-001
F5,X1,X2,f5-null-transfer,76,7,0.047749555407185534,0.735,residual_samples/batch-76-replication-7.csv,null_statistics/batch-76-replication-7.npy,batch-f5-null-transfer,2739242589015692657,5452232807267593664,12307199039513259285,0.18646470000385307,,,batch-f5-null-transfer-20260821-001
F5,X1,X2,f5-null-transfer,76,8,0.058117203959183045,0.32,residual_samples/batch-76-replication-8.csv,null_statistics/batch-76-replication-8.npy,batch-f5-null-transfer,8520750872880027605,3623420827914432505,2205654113619786746,0.18797610001638532,,,batch-f5-null-transfer-20260821-001
F5,X1,X2,f5-null-transfer,76,9,0.04079419709097459,0.94,residual_samples/batch-76-replication-9.csv,null_statistics/batch-76-replication-9.npy,batch-f5-null-transfer,17670370862110534375,13430818688776909220,1282962547125338249,0.18779329999233596,,,batch-f5-null-transfer-20260821-001
F5,X1,X2,f5-null-transfer,77,0,0.04305978810814789,0.895,residual_samples/batch-77-replication-0.csv,null_statistics/batch-77-replication-0.npy,batch-f5-null-transfer,8098988965219410908,16181754449385521917,7652730410188309090,0.18677160001243465,,,batch-f5-null-transfer-20260821-001
F5,X1,X2,f5-null-transfer,77,1,0.06384109474959618,0.18,residual_samples/batch-77-replication-1.csv,null_statistics/batch-77-replication-1.npy,batch-f5-null-transfer,3254125846432068759,4155035892924887662,12977503382658812718,0.18711050000274554,,,batch-f5-null-transfer-20260821-001
F5,X1,X2,f5-null-transfer,77,2,0.06931831144307396,0.115,residual_samples/batch-77-replication-2.csv,null_statistics/batch-77-replication-2.npy,batch-f5-null-transfer,12233669807404891905,14910541682776513245,7617662847716566222,0.18650759998126887,,,batch-f5-null-transfer-20260821-001
F5,X1,X2,f5-null-transfer,77,3,0.04762837472100587,0.75,residual_samples/batch-77-replication-3.csv,null_statistics/batch-77-replication-3.npy,batch-f5-null-transfer,15025601235615081854,12946351360322242615,7004810010691512073,0.1873279999999795,,,batch-f5-null-transfer-20260821-001
F5,X1,X2,f5-null-transfer,77,4,0.05296709127844708,0.595,residual_samples/batch-77-replication-4.csv,null_statistics/batch-77-replication-4.npy,batch-f5-null-transfer,13538595640731016616,14903230337367604440,5896255496849086364,0.1864126000145916,,,batch-f5-null-transfer-20260821-001
F5,X1,X2,f5-null-transfer,77,5,0.04952771012153435,0.66,residual_samples/batch-77-replication-5.csv,null_statistics/batch-77-replication-5.npy,batch-f5-null-transfer,12686420452560633321,13930361185223356543,3897956139198687990,0.18700029997853562,,,batch-f5-null-transfer-20260821-001
F5,X1,X2,f5-null-transfer,77,6,0.04276154536243581,0.935,residual_samples/batch-77-replication-6.csv,null_statistics/batch-77-replication-6.npy,batch-f5-null-transfer,4216134621815522145,16838340067379658227,13099366608927498582,0.1875335999939125,,,batch-f5-null-transfer-20260821-001
F5,X1,X2,f5-null-transfer,77,7,0.04267890022957274,0.9,residual_samples/batch-77-replication-7.csv,null_statistics/batch-77-replication-7.npy,batch-f5-null-transfer,13554620052814764848,13314565414300374038,14281165273500987717,0.1875690000015311,,,batch-f5-null-transfer-20260821-001
F5,X1,X2,f5-null-transfer,77,8,0.05559563794582599,0.375,residual_samples/batch-77-replication-8.csv,null_statistics/batch-77-replication-8.npy,batch-f5-null-transfer,4794585960027857986,1486634941947793046,3601630062643660147,0.18963489998714067,,,batch-f5-null-transfer-20260821-001
F5,X1,X2,f5-null-transfer,77,9,0.06310803556284764,0.23,residual_samples/batch-77-replication-9.csv,null_statistics/batch-77-replication-9.npy,batch-f5-null-transfer,2485569900913120271,8149274976717475089,3689252195387962056,0.18813520000549033,,,batch-f5-null-transfer-20260821-001
F5,X1,X2,f5-null-transfer,78,0,0.06870233191564966,0.1,residual_samples/batch-78-replication-0.csv,null_statistics/batch-78-replication-0.npy,batch-f5-null-transfer,17226595307396021694,17104404481755598647,7623425859618657456,0.1887861999857705,,,batch-f5-null-transfer-20260821-001
F5,X1,X2,f5-null-transfer,78,1,0.0445787306036543,0.855,residual_samples/batch-78-replication-1.csv,null_statistics/batch-78-replication-1.npy,batch-f5-null-transfer,15157847982361274471,17856662701217265672,14917503606122194872,0.18616489999112673,,,batch-f5-null-transfer-20260821-001
F5,X1,X2,f5-null-transfer,78,2,0.06647092369138295,0.17,residual_samples/batch-78-replication-2.csv,null_statistics/batch-78-replication-2.npy,batch-f5-null-transfer,4411165338166738893,14811497970602660372,2562115276692864199,0.19014719998813234,,,batch-f5-null-transfer-20260821-001
F5,X1,X2,f5-null-transfer,78,3,0.04346953322300177,0.84,residual_samples/batch-78-replication-3.csv,null_statistics/batch-78-replication-3.npy,batch-f5-null-transfer,493610591693133108,12401299596663641080,10772500523147103744,0.19410100000095554,,,batch-f5-null-transfer-20260821-001
F5,X1,X2,f5-null-transfer,78,4,0.04551559182334231,0.805,residual_samples/batch-78-replication-4.csv,null_statistics/batch-78-replication-4.npy,batch-f5-null-transfer,11291268199823350689,16821167223892273294,9177988290254356307,0.19461169998976402,,,batch-f5-null-transfer-20260821-001
F5,X1,X2,f5-null-transfer,78,5,0.05200783840382187,0.485,residual_samples/batch-78-replication-5.csv,null_statistics/batch-78-replication-5.npy,batch-f5-null-transfer,7404180556375803037,159958056809687425,4447358858939868855,0.19153929999447428,,,batch-f5-null-transfer-20260821-001
F5,X1,X2,f5-null-transfer,78,6,0.07976882618378704,0.035,residual_samples/batch-78-replication-6.csv,null_statistics/batch-78-replication-6.npy,batch-f5-null-transfer,6066066083949958526,16425778172601850014,2822609257375206670,0.19612649999908172,,,batch-f5-null-transfer-20260821-001
F5,X1,X2,f5-null-transfer,78,7,0.051099532700364075,0.51,residual_samples/batch-78-replication-7.csv,null_statistics/batch-78-replication-7.npy,batch-f5-null-transfer,14721978599522187618,13181607151471266160,1655364251254241038,0.18680209998274222,,,batch-f5-null-transfer-20260821-001
F5,X1,X2,f5-null-transfer,78,8,0.05767746823278648,0.3,residual_samples/batch-78-replication-8.csv,null_statistics/batch-78-replication-8.npy,batch-f5-null-transfer,10558262652125555156,2948810250029475979,12834285167903889302,0.1866071000113152,,,batch-f5-null-transfer-20260821-001
F5,X1,X2,f5-null-transfer,78,9,0.061356609271055705,0.265,residual_samples/batch-78-replication-9.csv,null_statistics/batch-78-replication-9.npy,batch-f5-null-transfer,13070154151532832305,8892298089692655436,18130566832126176101,0.18567669999902137,,,batch-f5-null-transfer-20260821-001
F5,X1,X2,f5-null-transfer,79,0,0.051681553722864385,0.6,residual_samples/batch-79-replication-0.csv,null_statistics/batch-79-replication-0.npy,batch-f5-null-transfer,11475460608924677542,6028362299208789152,2416505899984698259,0.1869120000046678,,,batch-f5-null-transfer-20260821-001
F5,X1,X2,f5-null-transfer,79,1,0.04414899704084448,0.87,residual_samples/batch-79-replication-1.csv,null_statistics/batch-79-replication-1.npy,batch-f5-null-transfer,5177029807245405732,9871799337353688372,4734269962011752991,0.18520859998534434,,,batch-f5-null-transfer-20260821-001
F5,X1,X2,f5-null-transfer,79,2,0.07354169099219399,0.08,residual_samples/batch-79-replication-2.csv,null_statistics/batch-79-replication-2.npy,batch-f5-null-transfer,14023520558705124856,5738196230102653560,4930206500239665151,0.18693319999147207,,,batch-f5-null-transfer-20260821-001
F5,X1,X2,f5-null-transfer,79,3,0.051518927941587356,0.615,residual_samples/batch-79-replication-3.csv,null_statistics/batch-79-replication-3.npy,batch-f5-null-transfer,16828474049606235525,14921004783751918945,4197755937320134729,0.18775230000028387,,,batch-f5-null-transfer-20260821-001
F5,X1,X2,f5-null-transfer,79,4,0.04516951778434732,0.84,residual_samples/batch-79-replication-4.csv,null_statistics/batch-79-replication-4.npy,batch-f5-null-transfer,4792186299954013510,11152944502500173817,8783054778323524198,0.18663099998957478,,,batch-f5-null-transfer-20260821-001
F5,X1,X2,f5-null-transfer,79,5,0.05879444454291566,0.385,residual_samples/batch-79-replication-5.csv,null_statistics/batch-79-replication-5.npy,batch-f5-null-transfer,6325540892538705360,15221053256984294079,11769384996144960422,0.18511090002721176,,,batch-f5-null-transfer-20260821-001
F5,X1,X2,f5-null-transfer,79,6,0.05723481849645669,0.375,residual_samples/batch-79-replication-6.csv,null_statistics/batch-79-replication-6.npy,batch-f5-null-transfer,7438361603223319578,8518034949715241666,11095266884368035168,0.1841349999886006,,,batch-f5-null-transfer-20260821-001
F5,X1,X2,f5-null-transfer,79,7,0.03860295983938539,0.98,residual_samples/batch-79-replication-7.csv,null_statistics/batch-79-replication-7.npy,batch-f5-null-transfer,13039873551934475807,16582358652229704999,13838536507693226933,0.18648810000740923,,,batch-f5-null-transfer-20260821-001
F5,X1,X2,f5-null-transfer,79,8,0.04653481529241044,0.8,residual_samples/batch-79-replication-8.csv,null_statistics/batch-79-replication-8.npy,batch-f5-null-transfer,10258007544267414157,7105209716712624920,17792243637109632323,0.18556809998699464,,,batch-f5-null-transfer-20260821-001
F5,X1,X2,f5-null-transfer,79,9,0.05007481190936785,0.63,residual_samples/batch-79-replication-9.csv,null_statistics/batch-79-replication-9.npy,batch-f5-null-transfer,8101457143982006136,1514862110929584430,2999433535684508762,0.1852972999913618,,,batch-f5-null-transfer-20260821-001
F5,X1,X2,f5-null-transfer,80,0,0.056719639891674556,0.43,residual_samples/batch-80-replication-0.csv,null_statistics/batch-80-replication-0.npy,batch-f5-null-transfer,1504007660660263398,15330581313672018053,17047496664035539041,0.1854973999725189,,,batch-f5-null-transfer-20260821-001
F5,X1,X2,f5-null-transfer,80,1,0.05289747196760345,0.425,residual_samples/batch-80-replication-1.csv,null_statistics/batch-80-replication-1.npy,batch-f5-null-transfer,11601152378246752634,17994055231374034280,7760265345895043976,0.18717830002424307,,,batch-f5-null-transfer-20260821-001
F5,X1,X2,f5-null-transfer,80,2,0.08839804772422637,0.025,residual_samples/batch-80-replication-2.csv,null_statistics/batch-80-replication-2.npy,batch-f5-null-transfer,13284792166956967372,7814608247279379879,6887943603738097867,0.18449600000167266,,,batch-f5-null-transfer-20260821-001
F5,X1,X2,f5-null-transfer,80,3,0.054291458999050815,0.415,residual_samples/batch-80-replication-3.csv,null_statistics/batch-80-replication-3.npy,batch-f5-null-transfer,11577644924190754528,4200893772133753241,9301160702579764441,0.18467979997512884,,,batch-f5-null-transfer-20260821-001
F5,X1,X2,f5-null-transfer,80,4,0.061939056652501275,0.295,residual_samples/batch-80-replication-4.csv,null_statistics/batch-80-replication-4.npy,batch-f5-null-transfer,12337426646006928643,15522222729885848686,1661829889043967873,0.1879151000175625,,,batch-f5-null-transfer-20260821-001
F5,X1,X2,f5-null-transfer,80,5,0.059262676279986985,0.315,residual_samples/batch-80-replication-5.csv,null_statistics/batch-80-replication-5.npy,batch-f5-null-transfer,5510995029186748757,3673320498104142883,16352237073780820571,0.18455050000920892,,,batch-f5-null-transfer-20260821-001
F5,X1,X2,f5-null-transfer,80,6,0.05385609015927135,0.48,residual_samples/batch-80-replication-6.csv,null_statistics/batch-80-replication-6.npy,batch-f5-null-transfer,723018796061086554,10340677254860699688,11267461520522139290,0.18710450001526624,,,batch-f5-null-transfer-20260821-001
F5,X1,X2,f5-null-transfer,80,7,0.04370979560212998,0.91,residual_samples/batch-80-replication-7.csv,null_statistics/batch-80-replication-7.npy,batch-f5-null-transfer,15292079308576970414,3933869897439361749,1997119321515236675,0.1835473999963142,,,batch-f5-null-transfer-20260821-001
F5,X1,X2,f5-null-transfer,80,8,0.060778910895526284,0.28,residual_samples/batch-80-replication-8.csv,null_statistics/batch-80-replication-8.npy,batch-f5-null-transfer,15037537986967006964,9066646798443805539,9869335540664394746,0.18421919998945668,,,batch-f5-null-transfer-20260821-001
F5,X1,X2,f5-null-transfer,80,9,0.05523285775607566,0.44,residual_samples/batch-80-replication-9.csv,null_statistics/batch-80-replication-9.npy,batch-f5-null-transfer,16624303333038195234,13835992866698090101,16787290220052976480,0.1880737999745179,,,batch-f5-null-transfer-20260821-001
F5,X1,X2,f5-null-transfer,81,0,0.0751843498049942,0.06,residual_samples/batch-81-replication-0.csv,null_statistics/batch-81-replication-0.npy,batch-f5-null-transfer,13744870295409578946,3232567577111852873,17363547303873719239,0.18663839998771437,,,batch-f5-null-transfer-20260821-001
F5,X1,X2,f5-null-transfer,81,1,0.04690298666823658,0.83,residual_samples/batch-81-replication-1.csv,null_statistics/batch-81-replication-1.npy,batch-f5-null-transfer,14181913735358314450,15629383681753827942,18175632284441071344,0.1867832999851089,,,batch-f5-null-transfer-20260821-001
F5,X1,X2,f5-null-transfer,81,2,0.05654646443174367,0.435,residual_samples/batch-81-replication-2.csv,null_statistics/batch-81-replication-2.npy,batch-f5-null-transfer,12216091156214413403,7078051963130294734,7280141491768358156,0.18692710000323132,,,batch-f5-null-transfer-20260821-001
F5,X1,X2,f5-null-transfer,81,3,0.04119431934306424,0.975,residual_samples/batch-81-replication-3.csv,null_statistics/batch-81-replication-3.npy,batch-f5-null-transfer,6479195023070084281,18020680540232730228,9691566517603961548,0.18613030001870357,,,batch-f5-null-transfer-20260821-001
F5,X1,X2,f5-null-transfer,81,4,0.06468666532178323,0.165,residual_samples/batch-81-replication-4.csv,null_statistics/batch-81-replication-4.npy,batch-f5-null-transfer,11160747304806777242,16845783176761629768,13985842849734458943,0.1867875999887474,,,batch-f5-null-transfer-20260821-001
F5,X1,X2,f5-null-transfer,81,5,0.061128958126091856,0.255,residual_samples/batch-81-replication-5.csv,null_statistics/batch-81-replication-5.npy,batch-f5-null-transfer,12220212221244944998,10418764450860971913,17702294277146876506,0.1871394999907352,,,batch-f5-null-transfer-20260821-001
F5,X1,X2,f5-null-transfer,81,6,0.06938888509937223,0.125,residual_samples/batch-81-replication-6.csv,null_statistics/batch-81-replication-6.npy,batch-f5-null-transfer,9243841471352286108,6560076805502519152,6627094413533361833,0.18608600000152364,,,batch-f5-null-transfer-20260821-001
F5,X1,X2,f5-null-transfer,81,7,0.05377726037723933,0.44,residual_samples/batch-81-replication-7.csv,null_statistics/batch-81-replication-7.npy,batch-f5-null-transfer,2954941998796357756,18403385973173003985,237196634526236869,0.18585860001621768,,,batch-f5-null-transfer-20260821-001
F5,X1,X2,f5-null-transfer,81,8,0.0642665403682777,0.21,residual_samples/batch-81-replication-8.csv,null_statistics/batch-81-replication-8.npy,batch-f5-null-transfer,17683185761464976145,4719011192281722652,15647358003729726973,0.18813940000836737,,,batch-f5-null-transfer-20260821-001
F5,X1,X2,f5-null-transfer,81,9,0.06978938602137091,0.065,residual_samples/batch-81-replication-9.csv,null_statistics/batch-81-replication-9.npy,batch-f5-null-transfer,11993176779046158236,16010108277071071003,16768057450683513389,0.18514709998271428,,,batch-f5-null-transfer-20260821-001
F5,X1,X2,f5-null-transfer,82,0,0.09227569090923388,0.015,residual_samples/batch-82-replication-0.csv,null_statistics/batch-82-replication-0.npy,batch-f5-null-transfer,1360012055260665337,11769579877795873993,17083765288230937374,0.19179810001514852,,,batch-f5-null-transfer-20260821-001
F5,X1,X2,f5-null-transfer,82,1,0.04841199558383039,0.73,residual_samples/batch-82-replication-1.csv,null_statistics/batch-82-replication-1.npy,batch-f5-null-transfer,11778742072705774672,15883199008344303347,1069364785004166444,0.19105139997554943,,,batch-f5-null-transfer-20260821-001
F5,X1,X2,f5-null-transfer,82,2,0.06344339021669514,0.205,residual_samples/batch-82-replication-2.csv,null_statistics/batch-82-replication-2.npy,batch-f5-null-transfer,2773613281291073104,6516081141026543369,13497938569627349293,0.19277289998717606,,,batch-f5-null-transfer-20260821-001
F5,X1,X2,f5-null-transfer,82,3,0.05076233542249734,0.64,residual_samples/batch-82-replication-3.csv,null_statistics/batch-82-replication-3.npy,batch-f5-null-transfer,13102021393699559352,10909713807234925678,1842633842192449779,0.19243090000236407,,,batch-f5-null-transfer-20260821-001
F5,X1,X2,f5-null-transfer,82,4,0.0787673019051468,0.045,residual_samples/batch-82-replication-4.csv,null_statistics/batch-82-replication-4.npy,batch-f5-null-transfer,5601773070999393686,16411124920438642874,14654546551740467493,0.18947350000962615,,,batch-f5-null-transfer-20260821-001
F5,X1,X2,f5-null-transfer,82,5,0.036189565797121445,0.995,residual_samples/batch-82-replication-5.csv,null_statistics/batch-82-replication-5.npy,batch-f5-null-transfer,3696072723750352333,7106979382604851869,14170817098244976350,0.1875457000278402,,,batch-f5-null-transfer-20260821-001
F5,X1,X2,f5-null-transfer,82,6,0.07470168709081558,0.09,residual_samples/batch-82-replication-6.csv,null_statistics/batch-82-replication-6.npy,batch-f5-null-transfer,11252091817982331491,6098376521725699931,16163392368518426769,0.18639200000325218,,,batch-f5-null-transfer-20260821-001
F5,X1,X2,f5-null-transfer,82,7,0.07683388412627096,0.035,residual_samples/batch-82-replication-7.csv,null_statistics/batch-82-replication-7.npy,batch-f5-null-transfer,14843880013872082839,3512594296609498093,9266854846447020683,0.18788949999725446,,,batch-f5-null-transfer-20260821-001
F5,X1,X2,f5-null-transfer,82,8,0.04921579571603351,0.67,residual_samples/batch-82-replication-8.csv,null_statistics/batch-82-replication-8.npy,batch-f5-null-transfer,14359467195779077096,11552271171734151251,15658390473022724315,0.18666340000345372,,,batch-f5-null-transfer-20260821-001
F5,X1,X2,f5-null-transfer,82,9,0.042294777163496264,0.945,residual_samples/batch-82-replication-9.csv,null_statistics/batch-82-replication-9.npy,batch-f5-null-transfer,1292796603644962196,13321118762848582377,2821180842554222934,0.18761300001642667,,,batch-f5-null-transfer-20260821-001
F5,X1,X2,f5-null-transfer,83,0,0.04342460136139786,0.9,residual_samples/batch-83-replication-0.csv,null_statistics/batch-83-replication-0.npy,batch-f5-null-transfer,10972756143483930657,6972901445162986778,6416810637115880069,0.1863751000200864,,,batch-f5-null-transfer-20260821-001
F5,X1,X2,f5-null-transfer,83,1,0.04210010153022436,0.945,residual_samples/batch-83-replication-1.csv,null_statistics/batch-83-replication-1.npy,batch-f5-null-transfer,3454118346498184791,7045484520687573704,4420094125008000234,0.1860634999757167,,,batch-f5-null-transfer-20260821-001
F5,X1,X2,f5-null-transfer,83,2,0.05370249480420195,0.51,residual_samples/batch-83-replication-2.csv,null_statistics/batch-83-replication-2.npy,batch-f5-null-transfer,284656426026056067,4517093093573062534,3083897483876408716,0.18603340000845492,,,batch-f5-null-transfer-20260821-001
F5,X1,X2,f5-null-transfer,83,3,0.05307939089411368,0.63,residual_samples/batch-83-replication-3.csv,null_statistics/batch-83-replication-3.npy,batch-f5-null-transfer,3223080998678431173,12176761667546604691,1386688233768619856,0.18401920000906102,,,batch-f5-null-transfer-20260821-001
F5,X1,X2,f5-null-transfer,83,4,0.045463875634411025,0.825,residual_samples/batch-83-replication-4.csv,null_statistics/batch-83-replication-4.npy,batch-f5-null-transfer,4233420460362226111,10280906341839950876,14133251559644241277,0.1856802999973297,,,batch-f5-null-transfer-20260821-001
F5,X1,X2,f5-null-transfer,83,5,0.06291381503720846,0.205,residual_samples/batch-83-replication-5.csv,null_statistics/batch-83-replication-5.npy,batch-f5-null-transfer,7459083312348544049,2177012611517906327,7380429964239374134,0.18363189999945462,,,batch-f5-null-transfer-20260821-001
F5,X1,X2,f5-null-transfer,83,6,0.05725510214189115,0.335,residual_samples/batch-83-replication-6.csv,null_statistics/batch-83-replication-6.npy,batch-f5-null-transfer,14745343842306689353,9676996623276994259,6936554859818048758,0.1861693000246305,,,batch-f5-null-transfer-20260821-001
F5,X1,X2,f5-null-transfer,83,7,0.06394119474068245,0.195,residual_samples/batch-83-replication-7.csv,null_statistics/batch-83-replication-7.npy,batch-f5-null-transfer,839744732712981319,11696689276886988994,13116224612182466516,0.18805629998678342,,,batch-f5-null-transfer-20260821-001
F5,X1,X2,f5-null-transfer,83,8,0.09029862115767112,0.015,residual_samples/batch-83-replication-8.csv,null_statistics/batch-83-replication-8.npy,batch-f5-null-transfer,3339563252075138015,2546050873564150928,6831478066200848119,0.18619209999451414,,,batch-f5-null-transfer-20260821-001
F5,X1,X2,f5-null-transfer,83,9,0.0647377458600657,0.165,residual_samples/batch-83-replication-9.csv,null_statistics/batch-83-replication-9.npy,batch-f5-null-transfer,7702362589994184991,2177883419540929794,1989646328790180784,0.18408720000297762,,,batch-f5-null-transfer-20260821-001
F5,X1,X2,f5-null-transfer,84,0,0.07688274459127555,0.06,residual_samples/batch-84-replication-0.csv,null_statistics/batch-84-replication-0.npy,batch-f5-null-transfer,3362545661319943789,7950569495907625455,1638804917758452803,0.18698220001533628,,,batch-f5-null-transfer-20260821-001
F5,X1,X2,f5-null-transfer,84,1,0.048747152733218495,0.61,residual_samples/batch-84-replication-1.csv,null_statistics/batch-84-replication-1.npy,batch-f5-null-transfer,17685107681797549482,11425944772629577901,11996941170611218745,0.1918145000236109,,,batch-f5-null-transfer-20260821-001
F5,X1,X2,f5-null-transfer,84,2,0.04280890640273827,0.89,residual_samples/batch-84-replication-2.csv,null_statistics/batch-84-replication-2.npy,batch-f5-null-transfer,14404578530293073793,16274369909985264605,16812182472820299239,0.18468479998409748,,,batch-f5-null-transfer-20260821-001
F5,X1,X2,f5-null-transfer,84,3,0.042406418171219394,0.895,residual_samples/batch-84-replication-3.csv,null_statistics/batch-84-replication-3.npy,batch-f5-null-transfer,17473287121628091458,5688790149677321561,10264978543596359469,0.18890000000828877,,,batch-f5-null-transfer-20260821-001
F5,X1,X2,f5-null-transfer,84,4,0.09741397907399106,0.02,residual_samples/batch-84-replication-4.csv,null_statistics/batch-84-replication-4.npy,batch-f5-null-transfer,7564785327708624035,7602123115785090061,22888366607880349,0.18888229998992756,,,batch-f5-null-transfer-20260821-001
F5,X1,X2,f5-null-transfer,84,5,0.044118564896778116,0.88,residual_samples/batch-84-replication-5.csv,null_statistics/batch-84-replication-5.npy,batch-f5-null-transfer,15029564632447960607,5898186667731351730,6378414803179378008,0.18802810000488535,,,batch-f5-null-transfer-20260821-001
F5,X1,X2,f5-null-transfer,84,6,0.0641406761381981,0.185,residual_samples/batch-84-replication-6.csv,null_statistics/batch-84-replication-6.npy,batch-f5-null-transfer,6160945826105150912,2954088848169128927,6189652496592799992,0.18529930000659078,,,batch-f5-null-transfer-20260821-001
F5,X1,X2,f5-null-transfer,84,7,0.05057006071699503,0.67,residual_samples/batch-84-replication-7.csv,null_statistics/batch-84-replication-7.npy,batch-f5-null-transfer,16211006863592710617,7328759464804247529,1987359308234222062,0.18592300001182593,,,batch-f5-null-transfer-20260821-001
F5,X1,X2,f5-null-transfer,84,8,0.055312313597205516,0.355,residual_samples/batch-84-replication-8.csv,null_statistics/batch-84-replication-8.npy,batch-f5-null-transfer,14839401847397752353,15758099601299136072,13441963678278886365,0.18695600001956336,,,batch-f5-null-transfer-20260821-001
F5,X1,X2,f5-null-transfer,84,9,0.05253457295291741,0.545,residual_samples/batch-84-replication-9.csv,null_statistics/batch-84-replication-9.npy,batch-f5-null-transfer,11628965844793889811,13499639796148328227,16322884232446110173,0.18639419999090023,,,batch-f5-null-transfer-20260821-001
F5,X1,X2,f5-null-transfer,85,0,0.04908779978531486,0.685,residual_samples/batch-85-replication-0.csv,null_statistics/batch-85-replication-0.npy,batch-f5-null-transfer,7994226151007346642,4766048022219955307,13703939322362074049,0.18529610001132824,,,batch-f5-null-transfer-20260821-001
F5,X1,X2,f5-null-transfer,85,1,0.05016731763185018,0.68,residual_samples/batch-85-replication-1.csv,null_statistics/batch-85-replication-1.npy,batch-f5-null-transfer,18230540506549309001,10522949027192821749,350173866203079911,0.1863722999987658,,,batch-f5-null-transfer-20260821-001
F5,X1,X2,f5-null-transfer,85,2,0.04743444683869766,0.745,residual_samples/batch-85-replication-2.csv,null_statistics/batch-85-replication-2.npy,batch-f5-null-transfer,17721825249747437773,4126201551332118148,6055525872886123753,0.18557179998606443,,,batch-f5-null-transfer-20260821-001
F5,X1,X2,f5-null-transfer,85,3,0.09463092860871088,0.01,residual_samples/batch-85-replication-3.csv,null_statistics/batch-85-replication-3.npy,batch-f5-null-transfer,4134193449102032678,6331983012904705357,16216788920551190824,0.18638180001289584,,,batch-f5-null-transfer-20260821-001
F5,X1,X2,f5-null-transfer,85,4,0.057133836635436946,0.405,residual_samples/batch-85-replication-4.csv,null_statistics/batch-85-replication-4.npy,batch-f5-null-transfer,4561158570265800025,10941115762553977469,2496720023058467613,0.18721630002255552,,,batch-f5-null-transfer-20260821-001
F5,X1,X2,f5-null-transfer,85,5,0.060209763064906496,0.29,residual_samples/batch-85-replication-5.csv,null_statistics/batch-85-replication-5.npy,batch-f5-null-transfer,816048670889047586,1072850396755363424,17640408402867524809,0.1865172999969218,,,batch-f5-null-transfer-20260821-001
F5,X1,X2,f5-null-transfer,85,6,0.06244623611636313,0.21,residual_samples/batch-85-replication-6.csv,null_statistics/batch-85-replication-6.npy,batch-f5-null-transfer,10813911065722197932,7212307230744228898,8068495829320612053,0.1873378999880515,,,batch-f5-null-transfer-20260821-001
F5,X1,X2,f5-null-transfer,85,7,0.06212678333086143,0.235,residual_samples/batch-85-replication-7.csv,null_statistics/batch-85-replication-7.npy,batch-f5-null-transfer,17593848776352112985,1889942068102195195,16403492366169430516,0.19008440000470728,,,batch-f5-null-transfer-20260821-001
F5,X1,X2,f5-null-transfer,85,8,0.047777691836883976,0.715,residual_samples/batch-85-replication-8.csv,null_statistics/batch-85-replication-8.npy,batch-f5-null-transfer,9605869252270787166,339855555579442617,9105086492969970540,0.19464609998976812,,,batch-f5-null-transfer-20260821-001
F5,X1,X2,f5-null-transfer,85,9,0.04685435824516178,0.775,residual_samples/batch-85-replication-9.csv,null_statistics/batch-85-replication-9.npy,batch-f5-null-transfer,16552557031948379699,6123612898765593678,2249568791585124107,0.193499500019243,,,batch-f5-null-transfer-20260821-001
F5,X1,X2,f5-null-transfer,86,0,0.0503560856202479,0.64,residual_samples/batch-86-replication-0.csv,null_statistics/batch-86-replication-0.npy,batch-f5-null-transfer,1536017246984279515,2143849634945204857,3922708805236050596,0.1917609999945853,,,batch-f5-null-transfer-20260821-001
F5,X1,X2,f5-null-transfer,86,1,0.04187822126521712,0.925,residual_samples/batch-86-replication-1.csv,null_statistics/batch-86-replication-1.npy,batch-f5-null-transfer,4208736929504941558,2345540652117978857,14530219479696388408,0.19010229999548756,,,batch-f5-null-transfer-20260821-001
F5,X1,X2,f5-null-transfer,86,2,0.04954998029645948,0.66,residual_samples/batch-86-replication-2.csv,null_statistics/batch-86-replication-2.npy,batch-f5-null-transfer,10486334783258139772,9382399146791628890,10270375173001321272,0.18775310000637546,,,batch-f5-null-transfer-20260821-001
F5,X1,X2,f5-null-transfer,86,3,0.049015560786885494,0.685,residual_samples/batch-86-replication-3.csv,null_statistics/batch-86-replication-3.npy,batch-f5-null-transfer,893944820407654009,17928357132230181950,9248985137478635427,0.18633939998107962,,,batch-f5-null-transfer-20260821-001
F5,X1,X2,f5-null-transfer,86,4,0.05480787886288914,0.415,residual_samples/batch-86-replication-4.csv,null_statistics/batch-86-replication-4.npy,batch-f5-null-transfer,10276523640739104928,12397081336080724128,4373037584071625384,0.1901944999990519,,,batch-f5-null-transfer-20260821-001
F5,X1,X2,f5-null-transfer,86,5,0.047490789581536824,0.625,residual_samples/batch-86-replication-5.csv,null_statistics/batch-86-replication-5.npy,batch-f5-null-transfer,8793329610232700148,14769195360109521269,9330269165063741933,0.19200310000451282,,,batch-f5-null-transfer-20260821-001
F5,X1,X2,f5-null-transfer,86,6,0.049115327258545734,0.725,residual_samples/batch-86-replication-6.csv,null_statistics/batch-86-replication-6.npy,batch-f5-null-transfer,373589178494219100,1782837408777864493,10846968058734431489,0.18910119999782182,,,batch-f5-null-transfer-20260821-001
F5,X1,X2,f5-null-transfer,86,7,0.07696778674551316,0.05,residual_samples/batch-86-replication-7.csv,null_statistics/batch-86-replication-7.npy,batch-f5-null-transfer,5399904969096646538,9281983833552539000,10543931052022984021,0.19002219999674708,,,batch-f5-null-transfer-20260821-001
F5,X1,X2,f5-null-transfer,86,8,0.0576143123594083,0.385,residual_samples/batch-86-replication-8.csv,null_statistics/batch-86-replication-8.npy,batch-f5-null-transfer,2970722611897318921,8442126058783153486,9414289252293160283,0.19032419999712147,,,batch-f5-null-transfer-20260821-001
F5,X1,X2,f5-null-transfer,86,9,0.07629917911625875,0.035,residual_samples/batch-86-replication-9.csv,null_statistics/batch-86-replication-9.npy,batch-f5-null-transfer,11794543715690017932,14476898613068275497,17330100059258011675,0.1858764000062365,,,batch-f5-null-transfer-20260821-001
F5,X1,X2,f5-null-transfer,87,0,0.06045816301642582,0.285,residual_samples/batch-87-replication-0.csv,null_statistics/batch-87-replication-0.npy,batch-f5-null-transfer,13979124813784624994,12853352077136167590,3375449734264221707,0.18882379998103715,,,batch-f5-null-transfer-20260821-001
F5,X1,X2,f5-null-transfer,87,1,0.0487838108574168,0.755,residual_samples/batch-87-replication-1.csv,null_statistics/batch-87-replication-1.npy,batch-f5-null-transfer,15439773416698555456,10942306535341354836,6272478034971610894,0.1854344999883324,,,batch-f5-null-transfer-20260821-001
F5,X1,X2,f5-null-transfer,87,2,0.044857808421033506,0.84,residual_samples/batch-87-replication-2.csv,null_statistics/batch-87-replication-2.npy,batch-f5-null-transfer,16306893541034660248,4571748466690235404,14691769827595293130,0.18561069999122992,,,batch-f5-null-transfer-20260821-001
F5,X1,X2,f5-null-transfer,87,3,0.05556529849194993,0.43,residual_samples/batch-87-replication-3.csv,null_statistics/batch-87-replication-3.npy,batch-f5-null-transfer,4100193243810068338,9892756701199599240,7319045963348706262,0.18846740000299178,,,batch-f5-null-transfer-20260821-001
F5,X1,X2,f5-null-transfer,87,4,0.049604121713578676,0.625,residual_samples/batch-87-replication-4.csv,null_statistics/batch-87-replication-4.npy,batch-f5-null-transfer,3037790050727977541,582258577072500129,15203651647262607941,0.18746690000989474,,,batch-f5-null-transfer-20260821-001
F5,X1,X2,f5-null-transfer,87,5,0.045970423421187914,0.815,residual_samples/batch-87-replication-5.csv,null_statistics/batch-87-replication-5.npy,batch-f5-null-transfer,9051084001158082034,1019116991575896143,5779649687650800076,0.18543809998664074,,,batch-f5-null-transfer-20260821-001
F5,X1,X2,f5-null-transfer,87,6,0.05321430865963801,0.465,residual_samples/batch-87-replication-6.csv,null_statistics/batch-87-replication-6.npy,batch-f5-null-transfer,17213639791886113443,5160358444981147928,2813470978296074277,0.1858160000119824,,,batch-f5-null-transfer-20260821-001
F5,X1,X2,f5-null-transfer,87,7,0.07014558221477174,0.105,residual_samples/batch-87-replication-7.csv,null_statistics/batch-87-replication-7.npy,batch-f5-null-transfer,13793369271911394533,14314772280651272089,17327883791266006153,0.18496440001763403,,,batch-f5-null-transfer-20260821-001
F5,X1,X2,f5-null-transfer,87,8,0.08138292459885918,0.05,residual_samples/batch-87-replication-8.csv,null_statistics/batch-87-replication-8.npy,batch-f5-null-transfer,6493484908377176588,7656431155869028385,8901065768014282314,0.18482599998242222,,,batch-f5-null-transfer-20260821-001
F5,X1,X2,f5-null-transfer,87,9,0.07420098019679898,0.07,residual_samples/batch-87-replication-9.csv,null_statistics/batch-87-replication-9.npy,batch-f5-null-transfer,5879352440235760146,16714124432143066949,1508168372613311077,0.18451910000294447,,,batch-f5-null-transfer-20260821-001
F5,X1,X2,f5-null-transfer,88,0,0.06976464649420026,0.125,residual_samples/batch-88-replication-0.csv,null_statistics/batch-88-replication-0.npy,batch-f5-null-transfer,1668697571912830095,8872825228949416951,16093337159182076152,0.18553059999248944,,,batch-f5-null-transfer-20260821-001
F5,X1,X2,f5-null-transfer,88,1,0.05577243278769831,0.405,residual_samples/batch-88-replication-1.csv,null_statistics/batch-88-replication-1.npy,batch-f5-null-transfer,13820233996103299581,9394780993653712070,14226212238635118442,0.1846994000079576,,,batch-f5-null-transfer-20260821-001
F5,X1,X2,f5-null-transfer,88,2,0.06470105500029069,0.2,residual_samples/batch-88-replication-2.csv,null_statistics/batch-88-replication-2.npy,batch-f5-null-transfer,1478427658889938636,5493664276819408740,17529058215305261631,0.18474910000804812,,,batch-f5-null-transfer-20260821-001
F5,X1,X2,f5-null-transfer,88,3,0.0782200895488596,0.07,residual_samples/batch-88-replication-3.csv,null_statistics/batch-88-replication-3.npy,batch-f5-null-transfer,5389224604260101558,9161001862836954811,6016217173396821244,0.1832019000139553,,,batch-f5-null-transfer-20260821-001
F5,X1,X2,f5-null-transfer,88,4,0.09898863357139359,0.005,residual_samples/batch-88-replication-4.csv,null_statistics/batch-88-replication-4.npy,batch-f5-null-transfer,1706341287319661451,14879238997951685152,18233326560223799080,0.18616949999704957,,,batch-f5-null-transfer-20260821-001
F5,X1,X2,f5-null-transfer,88,5,0.05734814794175713,0.305,residual_samples/batch-88-replication-5.csv,null_statistics/batch-88-replication-5.npy,batch-f5-null-transfer,10815529761105500305,3206646622798632706,2589290808527495345,0.1843656999990344,,,batch-f5-null-transfer-20260821-001
F5,X1,X2,f5-null-transfer,88,6,0.053359992633890914,0.51,residual_samples/batch-88-replication-6.csv,null_statistics/batch-88-replication-6.npy,batch-f5-null-transfer,16592250003705103936,18172408631325641187,9137219746764567587,0.18878729999414645,,,batch-f5-null-transfer-20260821-001
F5,X1,X2,f5-null-transfer,88,7,0.04300598260601775,0.875,residual_samples/batch-88-replication-7.csv,null_statistics/batch-88-replication-7.npy,batch-f5-null-transfer,4368097677151224136,17717993041344944007,9486223183765339764,0.18789129998185672,,,batch-f5-null-transfer-20260821-001
F5,X1,X2,f5-null-transfer,88,8,0.06536685513806668,0.22,residual_samples/batch-88-replication-8.csv,null_statistics/batch-88-replication-8.npy,batch-f5-null-transfer,17298505517462632881,9176002011976600034,17511394055856110820,0.1869715000211727,,,batch-f5-null-transfer-20260821-001
F5,X1,X2,f5-null-transfer,88,9,0.06596363700320708,0.155,residual_samples/batch-88-replication-9.csv,null_statistics/batch-88-replication-9.npy,batch-f5-null-transfer,6263084965438813379,14446143680681169041,6284930763430394235,0.18486450001364574,,,batch-f5-null-transfer-20260821-001
F5,X1,X2,f5-null-transfer,89,0,0.04881782629476448,0.695,residual_samples/batch-89-replication-0.csv,null_statistics/batch-89-replication-0.npy,batch-f5-null-transfer,16305708097776771965,18393864269174367675,15817038248216834514,0.18657369998982176,,,batch-f5-null-transfer-20260821-001
F5,X1,X2,f5-null-transfer,89,1,0.05105963719478296,0.625,residual_samples/batch-89-replication-1.csv,null_statistics/batch-89-replication-1.npy,batch-f5-null-transfer,6814442644903133509,98318871959904509,5587432123048798948,0.18659099997603334,,,batch-f5-null-transfer-20260821-001
F5,X1,X2,f5-null-transfer,89,2,0.055769377953926946,0.43,residual_samples/batch-89-replication-2.csv,null_statistics/batch-89-replication-2.npy,batch-f5-null-transfer,15688840021924245092,15976314060692134336,1872235588026392177,0.18650979999802075,,,batch-f5-null-transfer-20260821-001
F5,X1,X2,f5-null-transfer,89,3,0.06756285691819013,0.13,residual_samples/batch-89-replication-3.csv,null_statistics/batch-89-replication-3.npy,batch-f5-null-transfer,9842228025589543743,15283319631267853791,481252989578741349,0.18613789998926222,,,batch-f5-null-transfer-20260821-001
F5,X1,X2,f5-null-transfer,89,4,0.04221703064132075,0.955,residual_samples/batch-89-replication-4.csv,null_statistics/batch-89-replication-4.npy,batch-f5-null-transfer,7264384189483709882,13775674356130214500,3618417737278167761,0.18848839998827316,,,batch-f5-null-transfer-20260821-001
F5,X1,X2,f5-null-transfer,89,5,0.06986007576856347,0.075,residual_samples/batch-89-replication-5.csv,null_statistics/batch-89-replication-5.npy,batch-f5-null-transfer,16084447663323506153,3675007102731762946,1411405704732139544,0.19300589998601936,,,batch-f5-null-transfer-20260821-001
F5,X1,X2,f5-null-transfer,89,6,0.048562880749704954,0.65,residual_samples/batch-89-replication-6.csv,null_statistics/batch-89-replication-6.npy,batch-f5-null-transfer,8321958906280663241,12213166397956672173,11198166627804935582,0.19423059999826364,,,batch-f5-null-transfer-20260821-001
F5,X1,X2,f5-null-transfer,89,7,0.06753492462900028,0.13,residual_samples/batch-89-replication-7.csv,null_statistics/batch-89-replication-7.npy,batch-f5-null-transfer,2846671576751813508,18424039243338336962,8588999866344761077,0.19064519999665208,,,batch-f5-null-transfer-20260821-001
F5,X1,X2,f5-null-transfer,89,8,0.0951731321008258,0.02,residual_samples/batch-89-replication-8.csv,null_statistics/batch-89-replication-8.npy,batch-f5-null-transfer,2259115890994379500,12965036515292991926,9087658474863955573,0.1953516000066884,,,batch-f5-null-transfer-20260821-001
F5,X1,X2,f5-null-transfer,89,9,0.05742448714609225,0.305,residual_samples/batch-89-replication-9.csv,null_statistics/batch-89-replication-9.npy,batch-f5-null-transfer,8160410793794674926,216883667336541034,10376302001876351429,0.18764710001414642,,,batch-f5-null-transfer-20260821-001
F5,X1,X2,f5-null-transfer,90,0,0.04586778880456087,0.83,residual_samples/batch-90-replication-0.csv,null_statistics/batch-90-replication-0.npy,batch-f5-null-transfer,3165330446547619533,12804369575494409179,16801866692938028049,0.18590310000581667,,,batch-f5-null-transfer-20260821-001
F5,X1,X2,f5-null-transfer,90,1,0.06610148164762855,0.21,residual_samples/batch-90-replication-1.csv,null_statistics/batch-90-replication-1.npy,batch-f5-null-transfer,16896963775228940156,16748528284844922675,17274070774930558990,0.18585110001731664,,,batch-f5-null-transfer-20260821-001
F5,X1,X2,f5-null-transfer,90,2,0.0729504610088729,0.1,residual_samples/batch-90-replication-2.csv,null_statistics/batch-90-replication-2.npy,batch-f5-null-transfer,10756731426603851228,8523859529823652839,1301550924493917945,0.18698850000509992,,,batch-f5-null-transfer-20260821-001
F5,X1,X2,f5-null-transfer,90,3,0.061104383201059397,0.245,residual_samples/batch-90-replication-3.csv,null_statistics/batch-90-replication-3.npy,batch-f5-null-transfer,1500644264132460822,9978139859809847587,17517504969937635391,0.19086120001156814,,,batch-f5-null-transfer-20260821-001
F5,X1,X2,f5-null-transfer,90,4,0.057567572647783824,0.43,residual_samples/batch-90-replication-4.csv,null_statistics/batch-90-replication-4.npy,batch-f5-null-transfer,3641141559281630816,4779654419006517841,12341109291376203418,0.18652160000056028,,,batch-f5-null-transfer-20260821-001
F5,X1,X2,f5-null-transfer,90,5,0.04237299328018111,0.915,residual_samples/batch-90-replication-5.csv,null_statistics/batch-90-replication-5.npy,batch-f5-null-transfer,7316815284614434002,6477021748245664629,17399800895710898365,0.18643869998049922,,,batch-f5-null-transfer-20260821-001
F5,X1,X2,f5-null-transfer,90,6,0.050740430962767105,0.665,residual_samples/batch-90-replication-6.csv,null_statistics/batch-90-replication-6.npy,batch-f5-null-transfer,7999088491086166240,14864510384838681000,7819672805514738399,0.18831999998656102,,,batch-f5-null-transfer-20260821-001
F5,X1,X2,f5-null-transfer,90,7,0.05944286996190624,0.22,residual_samples/batch-90-replication-7.csv,null_statistics/batch-90-replication-7.npy,batch-f5-null-transfer,7994521819902660651,7465677917382786833,5714081725696702951,0.1897138000058476,,,batch-f5-null-transfer-20260821-001
F5,X1,X2,f5-null-transfer,90,8,0.048517743810269846,0.645,residual_samples/batch-90-replication-8.csv,null_statistics/batch-90-replication-8.npy,batch-f5-null-transfer,4223349160351492802,8269453997898999363,10012644458471197505,0.18575789997703396,,,batch-f5-null-transfer-20260821-001
F5,X1,X2,f5-null-transfer,90,9,0.05393163023172345,0.45,residual_samples/batch-90-replication-9.csv,null_statistics/batch-90-replication-9.npy,batch-f5-null-transfer,4348067966070267460,4741291944702218459,7331290990542376288,0.19230039999820292,,,batch-f5-null-transfer-20260821-001
F5,X1,X2,f5-null-transfer,91,0,0.06196601890811296,0.27,residual_samples/batch-91-replication-0.csv,null_statistics/batch-91-replication-0.npy,batch-f5-null-transfer,17320516639631640128,13089352145094155314,6191622946506884225,0.19041680000373162,,,batch-f5-null-transfer-20260821-001
F5,X1,X2,f5-null-transfer,91,1,0.04857642669528357,0.665,residual_samples/batch-91-replication-1.csv,null_statistics/batch-91-replication-1.npy,batch-f5-null-transfer,10868103751945134462,9462057857054443414,4797742496856124246,0.18846589999157004,,,batch-f5-null-transfer-20260821-001
F5,X1,X2,f5-null-transfer,91,2,0.06552448667645784,0.2,residual_samples/batch-91-replication-2.csv,null_statistics/batch-91-replication-2.npy,batch-f5-null-transfer,1130907992252806359,9730290743256625081,10901469164065074790,0.18808089999947697,,,batch-f5-null-transfer-20260821-001
F5,X1,X2,f5-null-transfer,91,3,0.04975417774590488,0.68,residual_samples/batch-91-replication-3.csv,null_statistics/batch-91-replication-3.npy,batch-f5-null-transfer,263235374171020426,6627195060726466025,6195317399013645521,0.18830380000872537,,,batch-f5-null-transfer-20260821-001
F5,X1,X2,f5-null-transfer,91,4,0.06504679626921848,0.18,residual_samples/batch-91-replication-4.csv,null_statistics/batch-91-replication-4.npy,batch-f5-null-transfer,2476329586257376394,15617724402459913886,15435350322653288822,0.18678650000947528,,,batch-f5-null-transfer-20260821-001
F5,X1,X2,f5-null-transfer,91,5,0.05816300336443927,0.365,residual_samples/batch-91-replication-5.csv,null_statistics/batch-91-replication-5.npy,batch-f5-null-transfer,16961965869151180455,8964561855636560733,2800408275736539521,0.18549289999646135,,,batch-f5-null-transfer-20260821-001
F5,X1,X2,f5-null-transfer,91,6,0.04585969396946349,0.795,residual_samples/batch-91-replication-6.csv,null_statistics/batch-91-replication-6.npy,batch-f5-null-transfer,13570890393593398710,1512379315584033458,10485385007762299017,0.18685670002014376,,,batch-f5-null-transfer-20260821-001
F5,X1,X2,f5-null-transfer,91,7,0.06146634150992654,0.235,residual_samples/batch-91-replication-7.csv,null_statistics/batch-91-replication-7.npy,batch-f5-null-transfer,413424936127909899,13854132500099213076,3986615044004184345,0.1878673000028357,,,batch-f5-null-transfer-20260821-001
F5,X1,X2,f5-null-transfer,91,8,0.042697989487011846,0.935,residual_samples/batch-91-replication-8.csv,null_statistics/batch-91-replication-8.npy,batch-f5-null-transfer,9655293409626758592,2297343213335440272,10727753709613366717,0.18604830000549555,,,batch-f5-null-transfer-20260821-001
F5,X1,X2,f5-null-transfer,91,9,0.05165419728802154,0.54,residual_samples/batch-91-replication-9.csv,null_statistics/batch-91-replication-9.npy,batch-f5-null-transfer,10266776284451232519,4216206657987712929,15509946373696667665,0.18767949999892153,,,batch-f5-null-transfer-20260821-001
F5,X1,X2,f5-null-transfer,92,0,0.07204816773926678,0.115,residual_samples/batch-92-replication-0.csv,null_statistics/batch-92-replication-0.npy,batch-f5-null-transfer,741826816718129667,5943302871038389138,11290568070449503171,0.18698470000526868,,,batch-f5-null-transfer-20260821-001
F5,X1,X2,f5-null-transfer,92,1,0.05000414196267198,0.63,residual_samples/batch-92-replication-1.csv,null_statistics/batch-92-replication-1.npy,batch-f5-null-transfer,9090355441108399462,3489922388103463148,1749531872639672561,0.18608720001066104,,,batch-f5-null-transfer-20260821-001
F5,X1,X2,f5-null-transfer,92,2,0.07991479797532569,0.045,residual_samples/batch-92-replication-2.csv,null_statistics/batch-92-replication-2.npy,batch-f5-null-transfer,16298614474263204111,11032058380493821155,3882979964650398721,0.1863213999895379,,,batch-f5-null-transfer-20260821-001
F5,X1,X2,f5-null-transfer,92,3,0.06645024304043717,0.135,residual_samples/batch-92-replication-3.csv,null_statistics/batch-92-replication-3.npy,batch-f5-null-transfer,1283655026131633651,15533435780614181543,17526093518144882966,0.18864320000284351,,,batch-f5-null-transfer-20260821-001
F5,X1,X2,f5-null-transfer,92,4,0.04442218685996552,0.865,residual_samples/batch-92-replication-4.csv,null_statistics/batch-92-replication-4.npy,batch-f5-null-transfer,3549720989416424920,12096311436810951066,13282152484690946161,0.1869386000034865,,,batch-f5-null-transfer-20260821-001
F5,X1,X2,f5-null-transfer,92,5,0.051577674554322626,0.59,residual_samples/batch-92-replication-5.csv,null_statistics/batch-92-replication-5.npy,batch-f5-null-transfer,14025900980666756564,5837369690409253943,4046369631487203334,0.18912739999359474,,,batch-f5-null-transfer-20260821-001
F5,X1,X2,f5-null-transfer,92,6,0.06248672261995248,0.22,residual_samples/batch-92-replication-6.csv,null_statistics/batch-92-replication-6.npy,batch-f5-null-transfer,11446846447808193463,9422987815085303791,10152614787746071565,0.18672469997545704,,,batch-f5-null-transfer-20260821-001
F5,X1,X2,f5-null-transfer,92,7,0.04616222493911534,0.83,residual_samples/batch-92-replication-7.csv,null_statistics/batch-92-replication-7.npy,batch-f5-null-transfer,12319488444575375791,15222085790708474678,13511318820407265690,0.1871664999925997,,,batch-f5-null-transfer-20260821-001
F5,X1,X2,f5-null-transfer,92,8,0.04730049111954317,0.78,residual_samples/batch-92-replication-8.csv,null_statistics/batch-92-replication-8.npy,batch-f5-null-transfer,7548119578825584583,13705765124930492271,9038800926740668217,0.18741189999855123,,,batch-f5-null-transfer-20260821-001
F5,X1,X2,f5-null-transfer,92,9,0.04912586091368983,0.71,residual_samples/batch-92-replication-9.csv,null_statistics/batch-92-replication-9.npy,batch-f5-null-transfer,153896193679686408,4458260649417622559,6918122136307843934,0.19208450001315214,,,batch-f5-null-transfer-20260821-001
F5,X1,X2,f5-null-transfer,93,0,0.0609551715298815,0.24,residual_samples/batch-93-replication-0.csv,null_statistics/batch-93-replication-0.npy,batch-f5-null-transfer,432081064765211266,11051795639543054729,2419806892585397189,0.18998729999293573,,,batch-f5-null-transfer-20260821-001
F5,X1,X2,f5-null-transfer,93,1,0.042840392372858985,0.885,residual_samples/batch-93-replication-1.csv,null_statistics/batch-93-replication-1.npy,batch-f5-null-transfer,12499928957355592470,18411103702901329601,13051300529444039336,0.19028870001784526,,,batch-f5-null-transfer-20260821-001
F5,X1,X2,f5-null-transfer,93,2,0.056844235591402066,0.3,residual_samples/batch-93-replication-2.csv,null_statistics/batch-93-replication-2.npy,batch-f5-null-transfer,15190756501699458163,14954529674783207962,3640493170143717664,0.1950242999882903,,,batch-f5-null-transfer-20260821-001
F5,X1,X2,f5-null-transfer,93,3,0.055935878253925785,0.445,residual_samples/batch-93-replication-3.csv,null_statistics/batch-93-replication-3.npy,batch-f5-null-transfer,4402676134588585282,9304735462227879712,5695224685100941622,0.19686260001617484,,,batch-f5-null-transfer-20260821-001
F5,X1,X2,f5-null-transfer,93,4,0.05974397220856973,0.305,residual_samples/batch-93-replication-4.csv,null_statistics/batch-93-replication-4.npy,batch-f5-null-transfer,11130109459692123364,1573243469631290361,4933138903377330771,0.19364059998770244,,,batch-f5-null-transfer-20260821-001
F5,X1,X2,f5-null-transfer,93,5,0.05852079398022074,0.31,residual_samples/batch-93-replication-5.csv,null_statistics/batch-93-replication-5.npy,batch-f5-null-transfer,8411055714900086852,15630132481420960339,6843055017589773821,0.19865109998499975,,,batch-f5-null-transfer-20260821-001
F5,X1,X2,f5-null-transfer,93,6,0.05108287617878223,0.635,residual_samples/batch-93-replication-6.csv,null_statistics/batch-93-replication-6.npy,batch-f5-null-transfer,11412590547956433372,10895123449055311470,1885518505151121465,0.18786149998777546,,,batch-f5-null-transfer-20260821-001
F5,X1,X2,f5-null-transfer,93,7,0.0678548563539081,0.115,residual_samples/batch-93-replication-7.csv,null_statistics/batch-93-replication-7.npy,batch-f5-null-transfer,197510614852895736,12044151346035114989,11622444073032560495,0.18991010001627728,,,batch-f5-null-transfer-20260821-001
F5,X1,X2,f5-null-transfer,93,8,0.062426890099059947,0.21,residual_samples/batch-93-replication-8.csv,null_statistics/batch-93-replication-8.npy,batch-f5-null-transfer,6565169311864585479,15124317749172409027,2248739070118551052,0.18833569998969324,,,batch-f5-null-transfer-20260821-001
F5,X1,X2,f5-null-transfer,93,9,0.04722647107301408,0.805,residual_samples/batch-93-replication-9.csv,null_statistics/batch-93-replication-9.npy,batch-f5-null-transfer,9212632212699504683,17479326714767016806,12955882503429805009,0.18841500001144595,,,batch-f5-null-transfer-20260821-001
F5,X1,X2,f5-null-transfer,94,0,0.04307862277894808,0.865,residual_samples/batch-94-replication-0.csv,null_statistics/batch-94-replication-0.npy,batch-f5-null-transfer,897373436644834771,17765836921456415917,16647854726285889993,0.18712719998438843,,,batch-f5-null-transfer-20260821-001
F5,X1,X2,f5-null-transfer,94,1,0.044967583419925024,0.855,residual_samples/batch-94-replication-1.csv,null_statistics/batch-94-replication-1.npy,batch-f5-null-transfer,3898132343192943447,9379445214230204139,1023287759018306792,0.19600029999855906,,,batch-f5-null-transfer-20260821-001
F5,X1,X2,f5-null-transfer,94,2,0.06049614658107297,0.265,residual_samples/batch-94-replication-2.csv,null_statistics/batch-94-replication-2.npy,batch-f5-null-transfer,8540702277324890517,12419010488544653637,10377657180682802578,0.19129720001365058,,,batch-f5-null-transfer-20260821-001
F5,X1,X2,f5-null-transfer,94,3,0.04721780002416803,0.78,residual_samples/batch-94-replication-3.csv,null_statistics/batch-94-replication-3.npy,batch-f5-null-transfer,6753693347366069340,2053326550024687994,12738965365873962027,0.18897540000034496,,,batch-f5-null-transfer-20260821-001
F5,X1,X2,f5-null-transfer,94,4,0.05526175531643964,0.435,residual_samples/batch-94-replication-4.csv,null_statistics/batch-94-replication-4.npy,batch-f5-null-transfer,2825466535515650777,260868138250446727,7950364589106689466,0.18898199999239296,,,batch-f5-null-transfer-20260821-001
F5,X1,X2,f5-null-transfer,94,5,0.059985571993138455,0.295,residual_samples/batch-94-replication-5.csv,null_statistics/batch-94-replication-5.npy,batch-f5-null-transfer,17395370309094830094,13837553369742433267,11208649028556657999,0.18841689999680966,,,batch-f5-null-transfer-20260821-001
F5,X1,X2,f5-null-transfer,94,6,0.055769987957652534,0.44,residual_samples/batch-94-replication-6.csv,null_statistics/batch-94-replication-6.npy,batch-f5-null-transfer,4971426789723463528,1614369609961292320,13934795560788372779,0.19022119999863207,,,batch-f5-null-transfer-20260821-001
F5,X1,X2,f5-null-transfer,94,7,0.07266996300304701,0.07,residual_samples/batch-94-replication-7.csv,null_statistics/batch-94-replication-7.npy,batch-f5-null-transfer,15455558023514099059,16081979796883272114,10118360882205877567,0.187539199978346,,,batch-f5-null-transfer-20260821-001
F5,X1,X2,f5-null-transfer,94,8,0.05600578518529848,0.37,residual_samples/batch-94-replication-8.csv,null_statistics/batch-94-replication-8.npy,batch-f5-null-transfer,6789186233907273833,14418263522870220978,5252797163561562847,0.18708709999918938,,,batch-f5-null-transfer-20260821-001
F5,X1,X2,f5-null-transfer,94,9,0.07624095013299093,0.055,residual_samples/batch-94-replication-9.csv,null_statistics/batch-94-replication-9.npy,batch-f5-null-transfer,14646411610423922906,10450231659426569225,8168300134238355987,0.18758870000601746,,,batch-f5-null-transfer-20260821-001
F5,X1,X2,f5-null-transfer,95,0,0.06141103162732678,0.2,residual_samples/batch-95-replication-0.csv,null_statistics/batch-95-replication-0.npy,batch-f5-null-transfer,3263572392705189854,15272284539078682097,14599746337635901857,0.19261649998952635,,,batch-f5-null-transfer-20260821-001
F5,X1,X2,f5-null-transfer,95,1,0.05504397531105214,0.38,residual_samples/batch-95-replication-1.csv,null_statistics/batch-95-replication-1.npy,batch-f5-null-transfer,18050654287978828188,11737504799279712405,66263229282271839,0.18749059998663142,,,batch-f5-null-transfer-20260821-001
F5,X1,X2,f5-null-transfer,95,2,0.06006036878460413,0.315,residual_samples/batch-95-replication-2.csv,null_statistics/batch-95-replication-2.npy,batch-f5-null-transfer,15710058898107217068,15613117714398673528,16683717560823420229,0.20063430001027882,,,batch-f5-null-transfer-20260821-001
F5,X1,X2,f5-null-transfer,95,3,0.05782057358563519,0.285,residual_samples/batch-95-replication-3.csv,null_statistics/batch-95-replication-3.npy,batch-f5-null-transfer,3812207854653805775,7117175408404392107,5711906918301141016,0.1917235999717377,,,batch-f5-null-transfer-20260821-001
F5,X1,X2,f5-null-transfer,95,4,0.06147525142719882,0.23,residual_samples/batch-95-replication-4.csv,null_statistics/batch-95-replication-4.npy,batch-f5-null-transfer,7059753405655396976,13062631247069086387,12363961441250626307,0.19103429999086075,,,batch-f5-null-transfer-20260821-001
F5,X1,X2,f5-null-transfer,95,5,0.0792643666351908,0.055,residual_samples/batch-95-replication-5.csv,null_statistics/batch-95-replication-5.npy,batch-f5-null-transfer,6092659680897838661,4319265437355823535,6187631877961360828,0.19061260001035407,,,batch-f5-null-transfer-20260821-001
F5,X1,X2,f5-null-transfer,95,6,0.047980990026909136,0.735,residual_samples/batch-95-replication-6.csv,null_statistics/batch-95-replication-6.npy,batch-f5-null-transfer,5910072216928920955,7306434547382866640,5250966683463736249,0.188233399996534,,,batch-f5-null-transfer-20260821-001
F5,X1,X2,f5-null-transfer,95,7,0.04038263601706851,0.975,residual_samples/batch-95-replication-7.csv,null_statistics/batch-95-replication-7.npy,batch-f5-null-transfer,3586879202809469889,12771647219249069287,8301049017266705944,0.1857202000101097,,,batch-f5-null-transfer-20260821-001
F5,X1,X2,f5-null-transfer,95,8,0.038056251268516375,0.995,residual_samples/batch-95-replication-8.csv,null_statistics/batch-95-replication-8.npy,batch-f5-null-transfer,16274953084048203151,16143119135987576749,2672322501524201579,0.18653740000445396,,,batch-f5-null-transfer-20260821-001
F5,X1,X2,f5-null-transfer,95,9,0.04557981185171227,0.82,residual_samples/batch-95-replication-9.csv,null_statistics/batch-95-replication-9.npy,batch-f5-null-transfer,14370422284386692691,5280206396724910181,1470705393717066808,0.18795740001951344,,,batch-f5-null-transfer-20260821-001
F5,X1,X2,f5-null-transfer,96,0,0.07009527573329641,0.105,residual_samples/batch-96-replication-0.csv,null_statistics/batch-96-replication-0.npy,batch-f5-null-transfer,17251435804372254013,17493155278073227049,7871159379263260093,0.18734020000556484,,,batch-f5-null-transfer-20260821-001
F5,X1,X2,f5-null-transfer,96,1,0.050879399356454164,0.555,residual_samples/batch-96-replication-1.csv,null_statistics/batch-96-replication-1.npy,batch-f5-null-transfer,857784425234936932,11193373780547805483,15456616396835037665,0.18665630000759847,,,batch-f5-null-transfer-20260821-001
F5,X1,X2,f5-null-transfer,96,2,0.0468466935264479,0.815,residual_samples/batch-96-replication-2.csv,null_statistics/batch-96-replication-2.npy,batch-f5-null-transfer,14296727809384634290,7200011042208974,10961873163302462466,0.18988210000679828,,,batch-f5-null-transfer-20260821-001
F5,X1,X2,f5-null-transfer,96,3,0.07862164268554483,0.035,residual_samples/batch-96-replication-3.csv,null_statistics/batch-96-replication-3.npy,batch-f5-null-transfer,807559326240756069,4484512707115346925,4748386542086459351,0.18510580001748167,,,batch-f5-null-transfer-20260821-001
F5,X1,X2,f5-null-transfer,96,4,0.053103104121814286,0.53,residual_samples/batch-96-replication-4.csv,null_statistics/batch-96-replication-4.npy,batch-f5-null-transfer,2892987028902112228,13576271465138087436,9318752399708100607,0.18771080000442453,,,batch-f5-null-transfer-20260821-001
F5,X1,X2,f5-null-transfer,96,5,0.06194267822097089,0.25,residual_samples/batch-96-replication-5.csv,null_statistics/batch-96-replication-5.npy,batch-f5-null-transfer,5076731974719340271,15029737355026303318,635770803431037138,0.18618140000035055,,,batch-f5-null-transfer-20260821-001
F5,X1,X2,f5-null-transfer,96,6,0.05567162828216296,0.445,residual_samples/batch-96-replication-6.csv,null_statistics/batch-96-replication-6.npy,batch-f5-null-transfer,11844211926113368628,3821190729951136347,14950221243261773645,0.18479020000086166,,,batch-f5-null-transfer-20260821-001
F5,X1,X2,f5-null-transfer,96,7,0.0807199942939382,0.05,residual_samples/batch-96-replication-7.csv,null_statistics/batch-96-replication-7.npy,batch-f5-null-transfer,6705308369941217075,9636338200025385156,15421426280369966393,0.1883827999990899,,,batch-f5-null-transfer-20260821-001
F5,X1,X2,f5-null-transfer,96,8,0.04245433005844938,0.935,residual_samples/batch-96-replication-8.csv,null_statistics/batch-96-replication-8.npy,batch-f5-null-transfer,4968403133974642399,14072565102450405699,3094120128897810447,0.18968520002090372,,,batch-f5-null-transfer-20260821-001
F5,X1,X2,f5-null-transfer,96,9,0.04875580256273201,0.67,residual_samples/batch-96-replication-9.csv,null_statistics/batch-96-replication-9.npy,batch-f5-null-transfer,13337727014406469540,412849263493232515,4767779400822957392,0.1949181999952998,,,batch-f5-null-transfer-20260821-001
F5,X1,X2,f5-null-transfer,97,0,0.06822941153494057,0.15,residual_samples/batch-97-replication-0.csv,null_statistics/batch-97-replication-0.npy,batch-f5-null-transfer,15376891772026130428,4964006854903706032,14121998910770258837,0.19522069999948144,,,batch-f5-null-transfer-20260821-001
F5,X1,X2,f5-null-transfer,97,1,0.043309490437995826,0.815,residual_samples/batch-97-replication-1.csv,null_statistics/batch-97-replication-1.npy,batch-f5-null-transfer,2126844781331639362,17225951857656563005,5323979901546220299,0.19136140000773594,,,batch-f5-null-transfer-20260821-001
F5,X1,X2,f5-null-transfer,97,2,0.06285179296746161,0.27,residual_samples/batch-97-replication-2.csv,null_statistics/batch-97-replication-2.npy,batch-f5-null-transfer,13293757638936653529,5445609572663239457,12251916956567078397,0.1917288999829907,,,batch-f5-null-transfer-20260821-001
F5,X1,X2,f5-null-transfer,97,3,0.049681622037754614,0.645,residual_samples/batch-97-replication-3.csv,null_statistics/batch-97-replication-3.npy,batch-f5-null-transfer,17834025525610205226,8774214040268282961,5429283053100274920,0.1877352999872528,,,batch-f5-null-transfer-20260821-001
F5,X1,X2,f5-null-transfer,97,4,0.07011400784896347,0.11,residual_samples/batch-97-replication-4.csv,null_statistics/batch-97-replication-4.npy,batch-f5-null-transfer,16176136594281234710,9036972706502381757,7194575996276508089,0.18771669999114238,,,batch-f5-null-transfer-20260821-001
F5,X1,X2,f5-null-transfer,97,5,0.04357078518133307,0.88,residual_samples/batch-97-replication-5.csv,null_statistics/batch-97-replication-5.npy,batch-f5-null-transfer,11174979481804792557,13621320442750559496,11250454922669174478,0.1866407000052277,,,batch-f5-null-transfer-20260821-001
F5,X1,X2,f5-null-transfer,97,6,0.06393781229753753,0.17,residual_samples/batch-97-replication-6.csv,null_statistics/batch-97-replication-6.npy,batch-f5-null-transfer,9836526096301461250,4615046018990468077,2869131930402400511,0.18577330000698566,,,batch-f5-null-transfer-20260821-001
F5,X1,X2,f5-null-transfer,97,7,0.050813783226143994,0.605,residual_samples/batch-97-replication-7.csv,null_statistics/batch-97-replication-7.npy,batch-f5-null-transfer,4649394696690199147,15600768561985005869,134692555465267577,0.18574240000452846,,,batch-f5-null-transfer-20260821-001
F5,X1,X2,f5-null-transfer,97,8,0.04733664450959661,0.675,residual_samples/batch-97-replication-8.csv,null_statistics/batch-97-replication-8.npy,batch-f5-null-transfer,10620825112444009331,10296001180722709417,7801695742211847873,0.19156680000014603,,,batch-f5-null-transfer-20260821-001
F5,X1,X2,f5-null-transfer,97,9,0.06649414241648907,0.155,residual_samples/batch-97-replication-9.csv,null_statistics/batch-97-replication-9.npy,batch-f5-null-transfer,12116114088557528422,18415263606751139414,5927763897517814880,0.18536230002064258,,,batch-f5-null-transfer-20260821-001
F5,X1,X2,f5-null-transfer,98,0,0.06265643526075398,0.21,residual_samples/batch-98-replication-0.csv,null_statistics/batch-98-replication-0.npy,batch-f5-null-transfer,3939343787600600336,4867503620262742919,12073432510409101211,0.1862144000187982,,,batch-f5-null-transfer-20260821-001
F5,X1,X2,f5-null-transfer,98,1,0.041403428359451815,0.925,residual_samples/batch-98-replication-1.csv,null_statistics/batch-98-replication-1.npy,batch-f5-null-transfer,7588232100839860604,338082956771381881,4119866271196848675,0.1866843999887351,,,batch-f5-null-transfer-20260821-001
F5,X1,X2,f5-null-transfer,98,2,0.08677588560101998,0.035,residual_samples/batch-98-replication-2.csv,null_statistics/batch-98-replication-2.npy,batch-f5-null-transfer,16009416072752451300,14293424775101107893,2236541547774810219,0.18659859997569583,,,batch-f5-null-transfer-20260821-001
F5,X1,X2,f5-null-transfer,98,3,0.05274496499163047,0.395,residual_samples/batch-98-replication-3.csv,null_statistics/batch-98-replication-3.npy,batch-f5-null-transfer,1564311892921030585,10751719286982311905,8040045532685584113,0.18708810000680387,,,batch-f5-null-transfer-20260821-001
F5,X1,X2,f5-null-transfer,98,4,0.04836716938215235,0.745,residual_samples/batch-98-replication-4.csv,null_statistics/batch-98-replication-4.npy,batch-f5-null-transfer,3894843123130793928,2704881979605668719,16706245582046969723,0.18527490002452396,,,batch-f5-null-transfer-20260821-001
F5,X1,X2,f5-null-transfer,98,5,0.0442499629344261,0.82,residual_samples/batch-98-replication-5.csv,null_statistics/batch-98-replication-5.npy,batch-f5-null-transfer,10835755190924111761,3401032739518659293,1999259859764011624,0.1880935000081081,,,batch-f5-null-transfer-20260821-001
F5,X1,X2,f5-null-transfer,98,6,0.07176764169972542,0.065,residual_samples/batch-98-replication-6.csv,null_statistics/batch-98-replication-6.npy,batch-f5-null-transfer,16201642262938543498,1431481187242792905,9172361094559052576,0.18850210000528023,,,batch-f5-null-transfer-20260821-001
F5,X1,X2,f5-null-transfer,98,7,0.04916653648404104,0.685,residual_samples/batch-98-replication-7.csv,null_statistics/batch-98-replication-7.npy,batch-f5-null-transfer,15983045446192125558,4420707848592660161,7251822520712727041,0.18835750001017004,,,batch-f5-null-transfer-20260821-001
F5,X1,X2,f5-null-transfer,98,8,0.05235319284127692,0.5,residual_samples/batch-98-replication-8.csv,null_statistics/batch-98-replication-8.npy,batch-f5-null-transfer,16236571996492085462,15607638870641163868,8172779017397291044,0.18903649999992922,,,batch-f5-null-transfer-20260821-001
F5,X1,X2,f5-null-transfer,98,9,0.043894419299391696,0.895,residual_samples/batch-98-replication-9.csv,null_statistics/batch-98-replication-9.npy,batch-f5-null-transfer,9306955175573847035,15353491481402180787,17603218600164489666,0.18584089999785647,,,batch-f5-null-transfer-20260821-001
F5,X1,X2,f5-null-transfer,99,0,0.051940731309008364,0.57,residual_samples/batch-99-replication-0.csv,null_statistics/batch-99-replication-0.npy,batch-f5-null-transfer,15369518185285472606,9153080173889004415,13179279369537878281,0.189605899999151,,,batch-f5-null-transfer-20260821-001
F5,X1,X2,f5-null-transfer,99,1,0.06343825271050758,0.195,residual_samples/batch-99-replication-1.csv,null_statistics/batch-99-replication-1.npy,batch-f5-null-transfer,9317786442301374526,2775453584185660106,6873662499809255067,0.18760500001371838,,,batch-f5-null-transfer-20260821-001
F5,X1,X2,f5-null-transfer,99,2,0.08047573579203642,0.04,residual_samples/batch-99-replication-2.csv,null_statistics/batch-99-replication-2.npy,batch-f5-null-transfer,9575546743831602318,12643220097245541263,15595751035883692514,0.18931470002280548,,,batch-f5-null-transfer-20260821-001
F5,X1,X2,f5-null-transfer,99,3,0.08419849189022603,0.01,residual_samples/batch-99-replication-3.csv,null_statistics/batch-99-replication-3.npy,batch-f5-null-transfer,9147068286294382959,13484651638376347880,5787818562755040552,0.18598139999085106,,,batch-f5-null-transfer-20260821-001
F5,X1,X2,f5-null-transfer,99,4,0.05458903422861931,0.455,residual_samples/batch-99-replication-4.csv,null_statistics/batch-99-replication-4.npy,batch-f5-null-transfer,11286875369844906291,15208307700898834690,3262644455493961568,0.19267800002126023,,,batch-f5-null-transfer-20260821-001
F5,X1,X2,f5-null-transfer,99,5,0.05855045792391292,0.325,residual_samples/batch-99-replication-5.csv,null_statistics/batch-99-replication-5.npy,batch-f5-null-transfer,9957079335972907584,10354942245213587091,10306787068425037500,0.1894464000070002,,,batch-f5-null-transfer-20260821-001
F5,X1,X2,f5-null-transfer,99,6,0.038517826092265506,0.955,residual_samples/batch-99-replication-6.csv,null_statistics/batch-99-replication-6.npy,batch-f5-null-transfer,837174341412088183,15518682823132597384,14837181870012520203,0.1896769999875687,,,batch-f5-null-transfer-20260821-001
F5,X1,X2,f5-null-transfer,99,7,0.051002528147233106,0.595,residual_samples/batch-99-replication-7.csv,null_statistics/batch-99-replication-7.npy,batch-f5-null-transfer,6663052724158499711,12005954724700602105,6933191286193527548,0.1882270000060089,,,batch-f5-null-transfer-20260821-001
F5,X1,X2,f5-null-transfer,99,8,0.05212695103427389,0.52,residual_samples/batch-99-replication-8.csv,null_statistics/batch-99-replication-8.npy,batch-f5-null-transfer,4508153373382508466,14125103885958342776,13354165421863763253,0.1862943999876734,,,batch-f5-null-transfer-20260821-001
F5,X1,X2,f5-null-transfer,99,9,0.04539145979176642,0.835,residual_samples/batch-99-replication-9.csv,null_statistics/batch-99-replication-9.npy,batch-f5-null-transfer,2138353740455667961,3362535970437114755,9196179331526776916,0.18727840000065044,,,batch-f5-null-transfer-20260821-001
