fixture_id,left,right,phase,batch,replication,observed_statistic,permutation_p_value,residual_samples_path,null_statistics_path,seed_namespace,fixture_seed,residual_seed,permutation_seed,elapsed_seconds,warnings,exception_text,run_id
F5-quadratic-residual-link,X1,X2,f5-quadratic-residual-link,0,0,0.31262287974670094,0.005,residual_samples/batch-0-replication-0.csv,null_statistics/batch-0-replication-0.npy,batch-f5-quadratic-residual-link,5493461080822958846,10851589624484503771,10020553499002000663,0.2006062000291422,,,batch-f5-quadratic-residual-link-20260824-001
F5-quadratic-residual-link,X1,X2,f5-quadratic-residual-link,0,1,0.32301240406361187,0.005,residual_samples/batch-0-replication-1.csv,null_statistics/batch-0-replication-1.npy,batch-f5-quadratic-residual-link,2747005361911163277,6858609833478434229,9411471915705609701,0.17845190002117306,,,batch-f5-quadratic-residual-link-20260824-001
F5-quadratic-residual-link,X1,X2,f5-quadratic-residual-link,0,2,0.31535915738621434,0.005,residual_samples/batch-0-replication-2.csv,null_statistics/batch-0-replication-2.npy,batch-f5-quadratic-residual-link,6273256092375288039,7786102987390829028,14170677308477763881,0.1747560000512749,,,batch-f5-quadratic-residual-link-20260824-001
F5-quadratic-residual-link,X1,X2,f5-quadratic-residual-link,0,3,0.2972996656713894,0.005,residual_samples/batch-0-replication-3.csv,null_statistics/batch-0-replication-3.npy,batch-f5-quadratic-residual-link,13590689310035331867,2662757739090552375,12039473964672071693,0.1804178999736905,,,batch-f5-quadratic-residual-link-20260824-001
F5-quadratic-residual-link,X1,X2,f5-quadratic-residual-link,0,4,0.3127757067903222,0.005,residual_samples/batch-0-replication-4.csv,null_statistics/batch-0-replication-4.npy,batch-f5-quadratic-residual-link,2898889168598999262,12059370424690884702,11360863946918375093,0.17515520000597462,,,batch-f5-quadratic-residual-link-20260824-001
F5-quadratic-residual-link,X1,X2,f5-quadratic-residual-link,0,5,0.3210017931454052,0.005,residual_samples/batch-0-replication-5.csv,null_statistics/batch-0-replication-5.npy,batch-f5-quadratic-residual-link,5331458370573350256,429078399777286534,248096731916519786,0.17796399997314438,,,batch-f5-quadratic-residual-link-20260824-001
F5-quadratic-residual-link,X1,X2,f5-quadratic-residual-link,0,6,0.31720461731453636,0.005,residual_samples/batch-0-replication-6.csv,null_statistics/batch-0-replication-6.npy,batch-f5-quadratic-residual-link,7860331154550903090,4046175723289684790,8515764351614637919,0.18480869999621063,,,batch-f5-quadratic-residual-link-20260824-001
F5-quadratic-residual-link,X1,X2,f5-quadratic-residual-link,0,7,0.3217585662395088,0.005,residual_samples/batch-0-replication-7.csv,null_statistics/batch-0-replication-7.npy,batch-f5-quadratic-residual-link,5469930311997283877,2400708955338809356,18415471998433590925,0.17916370002785698,,,batch-f5-quadratic-residual-link-20260824-001
F5-quadratic-residual-link,X1,X2,f5-quadratic-residual-link,0,8,0.3238868278505175,0.005,residual_samples/batch-0-replication-8.csv,null_statistics/batch-0-replication-8.npy,batch-f5-quadratic-residual-link,1991999616755113456,480065312916003088,8394591022698302113,0.17517059994861484,,,batch-f5-quadratic-residual-link-20260824-001
F5-quadratic-residual-link,X1,X2,f5-quadratic-residual-link,0,9,0.33631119044804014,0.005,residual_samples/batch-0-replication-9.csv,null_statistics/batch-0-replication-9.npy,batch-f5-quadratic-residual-link,10611380151141005819,17677192323904801615,14502206875457502356,0.17813509999541566,,,batch-f5-quadratic-residual-link-20260824-001
F5-quadratic-residual-link,X1,X2,f5-quadratic-residual-link,1,0,0.3242226115857823,0.005,residual_samples/batch-1-replication-0.csv,null_statistics/batch-1-replication-0.npy,batch-f5-quadratic-residual-link,7529462336306947180,767428844683677961,8856023428475655632,0.18003990000579506,,,batch-f5-quadratic-residual-link-20260824-001
F5-quadratic-residual-link,X1,X2,f5-quadratic-residual-link,1,1,0.3063509513397508,0.005,residual_samples/batch-1-replication-1.csv,null_statistics/batch-1-replication-1.npy,batch-f5-quadratic-residual-link,901709682028767720,11037915809287490987,16580518074320725792,0.17811179999262094,,,batch-f5-quadratic-residual-link-20260824-001
F5-quadratic-residual-link,X1,X2,f5-quadratic-residual-link,1,2,0.3496072043468528,0.005,residual_samples/batch-1-replication-2.csv,null_statistics/batch-1-replication-2.npy,batch-f5-quadratic-residual-link,9210826965906932419,6059876389179155012,12797689977887564097,0.17743029998382553,,,batch-f5-quadratic-residual-link-20260824-001
F5-quadratic-residual-link,X1,X2,f5-quadratic-residual-link,1,3,0.30359256876415114,0.005,residual_samples/batch-1-replication-3.csv,null_statistics/batch-1-replication-3.npy,batch-f5-quadratic-residual-link,9523047576900964231,16523959423596428728,15204743306011020112,0.17555839999113232,,,batch-f5-quadratic-residual-link-20260824-001
F5-quadratic-residual-link,X1,X2,f5-quadratic-residual-link,1,4,0.32230144214644185,0.005,residual_samples/batch-1-replication-4.csv,null_statistics/batch-1-replication-4.npy,batch-f5-quadratic-residual-link,10665108960845708005,4570935314671509960,9219990387723105269,0.17848420003429055,,,batch-f5-quadratic-residual-link-20260824-001
F5-quadratic-residual-link,X1,X2,f5-quadratic-residual-link,1,5,0.31476798083952023,0.005,residual_samples/batch-1-replication-5.csv,null_statistics/batch-1-replication-5.npy,batch-f5-quadratic-residual-link,6730099545742345062,4644136177605663445,172166241599974617,0.17680399998789653,,,batch-f5-quadratic-residual-link-20260824-001
F5-quadratic-residual-link,X1,X2,f5-quadratic-residual-link,1,6,0.2964971533825301,0.005,residual_samples/batch-1-replication-6.csv,null_statistics/batch-1-replication-6.npy,batch-f5-quadratic-residual-link,282049061617139011,7266466914027317884,4288142220935162659,0.18060419999528676,,,batch-f5-quadratic-residual-link-20260824-001
F5-quadratic-residual-link,X1,X2,f5-quadratic-residual-link,1,7,0.3042032594150103,0.005,residual_samples/batch-1-replication-7.csv,null_statistics/batch-1-replication-7.npy,batch-f5-quadratic-residual-link,6643792494262507528,13519804373622709241,11090612480216485761,0.17923330003395677,,,batch-f5-quadratic-residual-link-20260824-001
F5-quadratic-residual-link,X1,X2,f5-quadratic-residual-link,1,8,0.3324721971206252,0.005,residual_samples/batch-1-replication-8.csv,null_statistics/batch-1-replication-8.npy,batch-f5-quadratic-residual-link,10124680500879968838,14791659499995415386,2547514594854714360,0.1796751000219956,,,batch-f5-quadratic-residual-link-20260824-001
F5-quadratic-residual-link,X1,X2,f5-quadratic-residual-link,1,9,0.3189134488186463,0.005,residual_samples/batch-1-replication-9.csv,null_statistics/batch-1-replication-9.npy,batch-f5-quadratic-residual-link,7695634101121541430,2842586103957121955,988731725755576292,0.18593289999989793,,,batch-f5-quadratic-residual-link-20260824-001
F5-quadratic-residual-link,X1,X2,f5-quadratic-residual-link,2,0,0.3325159984778901,0.005,residual_samples/batch-2-replication-0.csv,null_statistics/batch-2-replication-0.npy,batch-f5-quadratic-residual-link,9238354477371339477,10895586771205607532,9891028724212287214,0.181989100005012,,,batch-f5-quadratic-residual-link-20260824-001
F5-quadratic-residual-link,X1,X2,f5-quadratic-residual-link,2,1,0.31592802099441847,0.005,residual_samples/batch-2-replication-1.csv,null_statistics/batch-2-replication-1.npy,batch-f5-quadratic-residual-link,7132669646724358864,12958498737400079338,3352245305933199219,0.18294329999480397,,,batch-f5-quadratic-residual-link-20260824-001
F5-quadratic-residual-link,X1,X2,f5-quadratic-residual-link,2,2,0.30953053807937525,0.005,residual_samples/batch-2-replication-2.csv,null_statistics/batch-2-replication-2.npy,batch-f5-quadratic-residual-link,11902470226010313724,2428499014409572926,5282113496199415892,0.18145169998751953,,,batch-f5-quadratic-residual-link-20260824-001
F5-quadratic-residual-link,X1,X2,f5-quadratic-residual-link,2,3,0.2847978869539672,0.005,residual_samples/batch-2-replication-3.csv,null_statistics/batch-2-replication-3.npy,batch-f5-quadratic-residual-link,16008493865940778177,1576110754257918850,225232145936105877,0.1803125999867916,,,batch-f5-quadratic-residual-link-20260824-001
F5-quadratic-residual-link,X1,X2,f5-quadratic-residual-link,2,4,0.3196390632175468,0.005,residual_samples/batch-2-replication-4.csv,null_statistics/batch-2-replication-4.npy,batch-f5-quadratic-residual-link,2723185221765214986,5395506574240908747,4084820496792593384,0.1789864000165835,,,batch-f5-quadratic-residual-link-20260824-001
F5-quadratic-residual-link,X1,X2,f5-quadratic-residual-link,2,5,0.32438726993496103,0.005,residual_samples/batch-2-replication-5.csv,null_statistics/batch-2-replication-5.npy,batch-f5-quadratic-residual-link,17440045286960469235,10225412052952794273,18071672945601702255,0.18116050004027784,,,batch-f5-quadratic-residual-link-20260824-001
F5-quadratic-residual-link,X1,X2,f5-quadratic-residual-link,2,6,0.3351569192329714,0.005,residual_samples/batch-2-replication-6.csv,null_statistics/batch-2-replication-6.npy,batch-f5-quadratic-residual-link,17773903988418848482,6780179002336314240,17767269145541399412,0.18474300001980737,,,batch-f5-quadratic-residual-link-20260824-001
F5-quadratic-residual-link,X1,X2,f5-quadratic-residual-link,2,7,0.34237898783889387,0.005,residual_samples/batch-2-replication-7.csv,null_statistics/batch-2-replication-7.npy,batch-f5-quadratic-residual-link,497563764255493683,11189438671847565746,3978695250753262496,0.18542080000042915,,,batch-f5-quadratic-residual-link-20260824-001
F5-quadratic-residual-link,X1,X2,f5-quadratic-residual-link,2,8,0.3339160064004836,0.005,residual_samples/batch-2-replication-8.csv,null_statistics/batch-2-replication-8.npy,batch-f5-quadratic-residual-link,13014287053637297459,13598433996916839878,14671542165739596810,0.17987190000712872,,,batch-f5-quadratic-residual-link-20260824-001
F5-quadratic-residual-link,X1,X2,f5-quadratic-residual-link,2,9,0.29295262829137664,0.005,residual_samples/batch-2-replication-9.csv,null_statistics/batch-2-replication-9.npy,batch-f5-quadratic-residual-link,11348577195296323437,15148804871471497789,6698558694258519154,0.18054650002159178,,,batch-f5-quadratic-residual-link-20260824-001
F5-quadratic-residual-link,X1,X2,f5-quadratic-residual-link,3,0,0.33859024189892506,0.005,residual_samples/batch-3-replication-0.csv,null_statistics/batch-3-replication-0.npy,batch-f5-quadratic-residual-link,11432164669658501767,13606997510544882190,941562058540190225,0.188327300013043,,,batch-f5-quadratic-residual-link-20260824-001
F5-quadratic-residual-link,X1,X2,f5-quadratic-residual-link,3,1,0.30057022276366235,0.005,residual_samples/batch-3-replication-1.csv,null_statistics/batch-3-replication-1.npy,batch-f5-quadratic-residual-link,10473657666402538925,11796107164841387733,4874900723399568434,0.1834859000518918,,,batch-f5-quadratic-residual-link-20260824-001
F5-quadratic-residual-link,X1,X2,f5-quadratic-residual-link,3,2,0.31500970189001953,0.005,residual_samples/batch-3-replication-2.csv,null_statistics/batch-3-replication-2.npy,batch-f5-quadratic-residual-link,8645476827988373453,21048080339062836,1654134415000721464,0.17456970002967864,,,batch-f5-quadratic-residual-link-20260824-001
F5-quadratic-residual-link,X1,X2,f5-quadratic-residual-link,3,3,0.33207171416230036,0.005,residual_samples/batch-3-replication-3.csv,null_statistics/batch-3-replication-3.npy,batch-f5-quadratic-residual-link,13345072509993599676,9269619337608487092,17032450808603753798,0.17844310001237318,,,batch-f5-quadratic-residual-link-20260824-001
F5-quadratic-residual-link,X1,X2,f5-quadratic-residual-link,3,4,0.3123809274352454,0.005,residual_samples/batch-3-replication-4.csv,null_statistics/batch-3-replication-4.npy,batch-f5-quadratic-residual-link,5882146865122305144,7359546996067232486,3394480010477474050,0.18143179995240644,,,batch-f5-quadratic-residual-link-20260824-001
F5-quadratic-residual-link,X1,X2,f5-quadratic-residual-link,3,5,0.2971540941002379,0.005,residual_samples/batch-3-replication-5.csv,null_statistics/batch-3-replication-5.npy,batch-f5-quadratic-residual-link,15398898440051253170,3285681910121508810,14791515596797281990,0.1785401999950409,,,batch-f5-quadratic-residual-link-20260824-001
F5-quadratic-residual-link,X1,X2,f5-quadratic-residual-link,3,6,0.34666337671327885,0.005,residual_samples/batch-3-replication-6.csv,null_statistics/batch-3-replication-6.npy,batch-f5-quadratic-residual-link,13899619841918685559,6293088742841596978,17542440670079805897,0.18098529998678714,,,batch-f5-quadratic-residual-link-20260824-001
F5-quadratic-residual-link,X1,X2,f5-quadratic-residual-link,3,7,0.3035626108261888,0.005,residual_samples/batch-3-replication-7.csv,null_statistics/batch-3-replication-7.npy,batch-f5-quadratic-residual-link,1930764261320734977,3752735938335572731,16652772319162370888,0.1804924999596551,,,batch-f5-quadratic-residual-link-20260824-001
F5-quadratic-residual-link,X1,X2,f5-quadratic-residual-link,3,8,0.3216964577093991,0.005,residual_samples/batch-3-replication-8.csv,null_statistics/batch-3-replication-8.npy,batch-f5-quadratic-residual-link,4113650853788089163,15034314578717179516,10087403208103172562,0.17890150001039729,,,batch-f5-quadratic-residual-link-20260824-001
F5-quadratic-residual-link,X1,X2,f5-quadratic-residual-link,3,9,0.32148283745517564,0.005,residual_samples/batch-3-replication-9.csv,null_statistics/batch-3-replication-9.npy,batch-f5-quadratic-residual-link,17431007034341152463,16467369708992815719,5648539562710725570,0.17766330001177266,,,batch-f5-quadratic-residual-link-20260824-001
F5-quadratic-residual-link,X1,X2,f5-quadratic-residual-link,4,0,0.3180745014007218,0.005,residual_samples/batch-4-replication-0.csv,null_statistics/batch-4-replication-0.npy,batch-f5-quadratic-residual-link,9577751530679431915,11857282365726202549,3984915495000044428,0.17577160004293546,,,batch-f5-quadratic-residual-link-20260824-001
F5-quadratic-residual-link,X1,X2,f5-quadratic-residual-link,4,1,0.31845800706907595,0.005,residual_samples/batch-4-replication-1.csv,null_statistics/batch-4-replication-1.npy,batch-f5-quadratic-residual-link,17787494995424292989,148345110064754616,18016733014728675280,0.1763203000300564,,,batch-f5-quadratic-residual-link-20260824-001
F5-quadratic-residual-link,X1,X2,f5-quadratic-residual-link,4,2,0.3219096140673388,0.005,residual_samples/batch-4-replication-2.csv,null_statistics/batch-4-replication-2.npy,batch-f5-quadratic-residual-link,11193211533058429071,11281963710680375186,1588173764911535674,0.18336200003977865,,,batch-f5-quadratic-residual-link-20260824-001
F5-quadratic-residual-link,X1,X2,f5-quadratic-residual-link,4,3,0.31591320107014326,0.005,residual_samples/batch-4-replication-3.csv,null_statistics/batch-4-replication-3.npy,batch-f5-quadratic-residual-link,13976412231028606062,18147546687173106419,1702056358298425486,0.18351260002236813,,,batch-f5-quadratic-residual-link-20260824-001
F5-quadratic-residual-link,X1,X2,f5-quadratic-residual-link,4,4,0.31187659307004767,0.005,residual_samples/batch-4-replication-4.csv,null_statistics/batch-4-replication-4.npy,batch-f5-quadratic-residual-link,2761124365265040772,2608861706483092203,9853457538222926342,0.18137779994867742,,,batch-f5-quadratic-residual-link-20260824-001
F5-quadratic-residual-link,X1,X2,f5-quadratic-residual-link,4,5,0.30447677768784676,0.005,residual_samples/batch-4-replication-5.csv,null_statistics/batch-4-replication-5.npy,batch-f5-quadratic-residual-link,13991138839567679253,764502496753090981,7227733814309281345,0.17997629998717457,,,batch-f5-quadratic-residual-link-20260824-001
F5-quadratic-residual-link,X1,X2,f5-quadratic-residual-link,4,6,0.34427028069679666,0.005,residual_samples/batch-4-replication-6.csv,null_statistics/batch-4-replication-6.npy,batch-f5-quadratic-residual-link,1451302683093342288,5521686168041524795,5435359984977482492,0.17707289999816567,,,batch-f5-quadratic-residual-link-20260824-001
F5-quadratic-residual-link,X1,X2,f5-quadratic-residual-link,4,7,0.30082404487394915,0.005,residual_samples/batch-4-replication-7.csv,null_statistics/batch-4-replication-7.npy,batch-f5-quadratic-residual-link,12994911487039831991,8135687320541428733,5666943925477512353,0.1770750999567099,,,batch-f5-quadratic-residual-link-20260824-001
F5-quadratic-residual-link,X1,X2,f5-quadratic-residual-link,4,8,0.3137017817234085,0.005,residual_samples/batch-4-replication-8.csv,null_statistics/batch-4-replication-8.npy,batch-f5-quadratic-residual-link,16450746590439813533,5842465918115993561,2377331193360424341,0.18195439997361973,,,batch-f5-quadratic-residual-link-20260824-001
F5-quadratic-residual-link,X1,X2,f5-quadratic-residual-link,4,9,0.33891674997990573,0.005,residual_samples/batch-4-replication-9.csv,null_statistics/batch-4-replication-9.npy,batch-f5-quadratic-residual-link,1235326951957645665,4911539355914842944,10812754969040676356,0.18196720001287758,,,batch-f5-quadratic-residual-link-20260824-001
F5-quadratic-residual-link,X1,X2,f5-quadratic-residual-link,5,0,0.30811424594595554,0.005,residual_samples/batch-5-replication-0.csv,null_statistics/batch-5-replication-0.npy,batch-f5-quadratic-residual-link,3949847329843263740,18093741887492875074,540279640651980956,0.18060849996982142,,,batch-f5-quadratic-residual-link-20260824-001
F5-quadratic-residual-link,X1,X2,f5-quadratic-residual-link,5,1,0.2980356072840884,0.005,residual_samples/batch-5-replication-1.csv,null_statistics/batch-5-replication-1.npy,batch-f5-quadratic-residual-link,727129491134399621,10271921733199397775,10401594918506524025,0.1754545000148937,,,batch-f5-quadratic-residual-link-20260824-001
F5-quadratic-residual-link,X1,X2,f5-quadratic-residual-link,5,2,0.308214429000651,0.005,residual_samples/batch-5-replication-2.csv,null_statistics/batch-5-replication-2.npy,batch-f5-quadratic-residual-link,16383468183842442712,6467113516952613753,4027439109306009360,0.17912640003487468,,,batch-f5-quadratic-residual-link-20260824-001
F5-quadratic-residual-link,X1,X2,f5-quadratic-residual-link,5,3,0.3236504293947281,0.005,residual_samples/batch-5-replication-3.csv,null_statistics/batch-5-replication-3.npy,batch-f5-quadratic-residual-link,16647350678011649242,12159370205618508834,17071084989158891782,0.17610400001285598,,,batch-f5-quadratic-residual-link-20260824-001
F5-quadratic-residual-link,X1,X2,f5-quadratic-residual-link,5,4,0.3347448142595464,0.005,residual_samples/batch-5-replication-4.csv,null_statistics/batch-5-replication-4.npy,batch-f5-quadratic-residual-link,2012049222947435948,1518103004768960831,7898590593462741238,0.18313510000007227,,,batch-f5-quadratic-residual-link-20260824-001
F5-quadratic-residual-link,X1,X2,f5-quadratic-residual-link,5,5,0.32382912814319925,0.005,residual_samples/batch-5-replication-5.csv,null_statistics/batch-5-replication-5.npy,batch-f5-quadratic-residual-link,7896782286661296345,12709695564849487690,8367382172191833170,0.17849359998945147,,,batch-f5-quadratic-residual-link-20260824-001
F5-quadratic-residual-link,X1,X2,f5-quadratic-residual-link,5,6,0.3160515776085742,0.005,residual_samples/batch-5-replication-6.csv,null_statistics/batch-5-replication-6.npy,batch-f5-quadratic-residual-link,14402524029050796991,7859944897731081658,15536681845609892713,0.17838679999113083,,,batch-f5-quadratic-residual-link-20260824-001
F5-quadratic-residual-link,X1,X2,f5-quadratic-residual-link,5,7,0.31979258756346496,0.005,residual_samples/batch-5-replication-7.csv,null_statistics/batch-5-replication-7.npy,batch-f5-quadratic-residual-link,12024470557267507002,14246400158137982368,9787360531407039511,0.1838147999951616,,,batch-f5-quadratic-residual-link-20260824-001
F5-quadratic-residual-link,X1,X2,f5-quadratic-residual-link,5,8,0.33144375991495634,0.005,residual_samples/batch-5-replication-8.csv,null_statistics/batch-5-replication-8.npy,batch-f5-quadratic-residual-link,14985777723367555053,13194735072391113135,3143596276365777053,0.17429350002203137,,,batch-f5-quadratic-residual-link-20260824-001
F5-quadratic-residual-link,X1,X2,f5-quadratic-residual-link,5,9,0.32045493484783294,0.005,residual_samples/batch-5-replication-9.csv,null_statistics/batch-5-replication-9.npy,batch-f5-quadratic-residual-link,9250253541917264527,2850623960699677494,1254313152100855689,0.17593669996131212,,,batch-f5-quadratic-residual-link-20260824-001
F5-quadratic-residual-link,X1,X2,f5-quadratic-residual-link,6,0,0.3047436003796125,0.005,residual_samples/batch-6-replication-0.csv,null_statistics/batch-6-replication-0.npy,batch-f5-quadratic-residual-link,13350478021428406311,12376484253244681515,7870718172771926648,0.17824360000668094,,,batch-f5-quadratic-residual-link-20260824-001
F5-quadratic-residual-link,X1,X2,f5-quadratic-residual-link,6,1,0.31217494272526286,0.005,residual_samples/batch-6-replication-1.csv,null_statistics/batch-6-replication-1.npy,batch-f5-quadratic-residual-link,6640850970900408212,12700363855833632456,14583053604664158962,0.17699040001025423,,,batch-f5-quadratic-residual-link-20260824-001
F5-quadratic-residual-link,X1,X2,f5-quadratic-residual-link,6,2,0.3450750858981965,0.005,residual_samples/batch-6-replication-2.csv,null_statistics/batch-6-replication-2.npy,batch-f5-quadratic-residual-link,6014992587363320797,9889211226526769182,13640977561924075661,0.17875209997873753,,,batch-f5-quadratic-residual-link-20260824-001
F5-quadratic-residual-link,X1,X2,f5-quadratic-residual-link,6,3,0.30932031939172927,0.005,residual_samples/batch-6-replication-3.csv,null_statistics/batch-6-replication-3.npy,batch-f5-quadratic-residual-link,3990559357618682648,15139579937252634173,15075168737870013933,0.18048059998545796,,,batch-f5-quadratic-residual-link-20260824-001
F5-quadratic-residual-link,X1,X2,f5-quadratic-residual-link,6,4,0.2904514595432706,0.005,residual_samples/batch-6-replication-4.csv,null_statistics/batch-6-replication-4.npy,batch-f5-quadratic-residual-link,10170716764795090163,11437551046367281074,16148389135211874441,0.18018369999481365,,,batch-f5-quadratic-residual-link-20260824-001
F5-quadratic-residual-link,X1,X2,f5-quadratic-residual-link,6,5,0.3088419727842087,0.005,residual_samples/batch-6-replication-5.csv,null_statistics/batch-6-replication-5.npy,batch-f5-quadratic-residual-link,4920875260561645871,9330896465182528173,5945820939976531525,0.17876780004007742,,,batch-f5-quadratic-residual-link-20260824-001
F5-quadratic-residual-link,X1,X2,f5-quadratic-residual-link,6,6,0.32696091777089725,0.005,residual_samples/batch-6-replication-6.csv,null_statistics/batch-6-replication-6.npy,batch-f5-quadratic-residual-link,2507453397837728430,1409258367585415449,12867343139654128104,0.17964019998908043,,,batch-f5-quadratic-residual-link-20260824-001
F5-quadratic-residual-link,X1,X2,f5-quadratic-residual-link,6,7,0.3036016973507164,0.005,residual_samples/batch-6-replication-7.csv,null_statistics/batch-6-replication-7.npy,batch-f5-quadratic-residual-link,15825845138084957189,11258947565686761321,298719531041773615,0.1777756999945268,,,batch-f5-quadratic-residual-link-20260824-001
F5-quadratic-residual-link,X1,X2,f5-quadratic-residual-link,6,8,0.32470746520552335,0.005,residual_samples/batch-6-replication-8.csv,null_statistics/batch-6-replication-8.npy,batch-f5-quadratic-residual-link,1151027844337034238,2033132479284573632,9788173816821926805,0.183530000038445,,,batch-f5-quadratic-residual-link-20260824-001
F5-quadratic-residual-link,X1,X2,f5-quadratic-residual-link,6,9,0.3516743253432592,0.005,residual_samples/batch-6-replication-9.csv,null_statistics/batch-6-replication-9.npy,batch-f5-quadratic-residual-link,10578513449771100999,3824912261624383703,1889973525561255548,0.18178729998180643,,,batch-f5-quadratic-residual-link-20260824-001
F5-quadratic-residual-link,X1,X2,f5-quadratic-residual-link,7,0,0.30620167395238407,0.005,residual_samples/batch-7-replication-0.csv,null_statistics/batch-7-replication-0.npy,batch-f5-quadratic-residual-link,5709312823605129005,5528934602507505802,912603459486954752,0.18180670001311228,,,batch-f5-quadratic-residual-link-20260824-001
F5-quadratic-residual-link,X1,X2,f5-quadratic-residual-link,7,1,0.2998212630746846,0.005,residual_samples/batch-7-replication-1.csv,null_statistics/batch-7-replication-1.npy,batch-f5-quadratic-residual-link,12163219764139045690,11420965623945663076,16922407106443240814,0.1806487000430934,,,batch-f5-quadratic-residual-link-20260824-001
F5-quadratic-residual-link,X1,X2,f5-quadratic-residual-link,7,2,0.3068524350928164,0.005,residual_samples/batch-7-replication-2.csv,null_statistics/batch-7-replication-2.npy,batch-f5-quadratic-residual-link,2137301754087920388,6967752641084329118,9799790651361346853,0.18939700000919402,,,batch-f5-quadratic-residual-link-20260824-001
F5-quadratic-residual-link,X1,X2,f5-quadratic-residual-link,7,3,0.3147751477990444,0.005,residual_samples/batch-7-replication-3.csv,null_statistics/batch-7-replication-3.npy,batch-f5-quadratic-residual-link,2412962127269740632,16623546182438921331,16700747500276514743,0.1818673000088893,,,batch-f5-quadratic-residual-link-20260824-001
F5-quadratic-residual-link,X1,X2,f5-quadratic-residual-link,7,4,0.30451479093688616,0.005,residual_samples/batch-7-replication-4.csv,null_statistics/batch-7-replication-4.npy,batch-f5-quadratic-residual-link,13000723904499618366,12645094454388272655,2007040998732941854,0.17848440003581345,,,batch-f5-quadratic-residual-link-20260824-001
F5-quadratic-residual-link,X1,X2,f5-quadratic-residual-link,7,5,0.3082467644922335,0.005,residual_samples/batch-7-replication-5.csv,null_statistics/batch-7-replication-5.npy,batch-f5-quadratic-residual-link,7052360988606642581,13692505860237835221,9011087049593398758,0.18735650001326576,,,batch-f5-quadratic-residual-link-20260824-001
F5-quadratic-residual-link,X1,X2,f5-quadratic-residual-link,7,6,0.30473684469195284,0.005,residual_samples/batch-7-replication-6.csv,null_statistics/batch-7-replication-6.npy,batch-f5-quadratic-residual-link,14762749479330219365,13062724726725728439,6456628822164477846,0.1955743000144139,,,batch-f5-quadratic-residual-link-20260824-001
F5-quadratic-residual-link,X1,X2,f5-quadratic-residual-link,7,7,0.3206291305694907,0.005,residual_samples/batch-7-replication-7.csv,null_statistics/batch-7-replication-7.npy,batch-f5-quadratic-residual-link,2336079494145992919,3257658443878063196,7177641546833852439,0.18545029999222606,,,batch-f5-quadratic-residual-link-20260824-001
F5-quadratic-residual-link,X1,X2,f5-quadratic-residual-link,7,8,0.3315403692570555,0.005,residual_samples/batch-7-replication-8.csv,null_statistics/batch-7-replication-8.npy,batch-f5-quadratic-residual-link,1566601577409202535,15322755732087518349,13797481660720951743,0.18623120000120252,,,batch-f5-quadratic-residual-link-20260824-001
F5-quadratic-residual-link,X1,X2,f5-quadratic-residual-link,7,9,0.31075777618357014,0.005,residual_samples/batch-7-replication-9.csv,null_statistics/batch-7-replication-9.npy,batch-f5-quadratic-residual-link,10345961004400673010,89449266414664838,17001058978386822079,0.18780099996365607,,,batch-f5-quadratic-residual-link-20260824-001
F5-quadratic-residual-link,X1,X2,f5-quadratic-residual-link,8,0,0.3121445981637643,0.005,residual_samples/batch-8-replication-0.csv,null_statistics/batch-8-replication-0.npy,batch-f5-quadratic-residual-link,9995044468626880181,7955505272581210426,11002889223446414585,0.18470859999069944,,,batch-f5-quadratic-residual-link-20260824-001
F5-quadratic-residual-link,X1,X2,f5-quadratic-residual-link,8,1,0.3199543658675482,0.005,residual_samples/batch-8-replication-1.csv,null_statistics/batch-8-replication-1.npy,batch-f5-quadratic-residual-link,6361450865982141364,16306004353984544513,12519592857107287411,0.18671889998950064,,,batch-f5-quadratic-residual-link-20260824-001
F5-quadratic-residual-link,X1,X2,f5-quadratic-residual-link,8,2,0.3074498525461167,0.005,residual_samples/batch-8-replication-2.csv,null_statistics/batch-8-replication-2.npy,batch-f5-quadratic-residual-link,9536025923139220346,2248676463779299122,11931829081376386168,0.1829645999823697,,,batch-f5-quadratic-residual-link-20260824-001
F5-quadratic-residual-link,X1,X2,f5-quadratic-residual-link,8,3,0.3056661791055659,0.005,residual_samples/batch-8-replication-3.csv,null_statistics/batch-8-replication-3.npy,batch-f5-quadratic-residual-link,13177317227737982779,7761480209922671956,18137536615477077065,0.18665180000243708,,,batch-f5-quadratic-residual-link-20260824-001
F5-quadratic-residual-link,X1,X2,f5-quadratic-residual-link,8,4,0.3133159277399913,0.005,residual_samples/batch-8-replication-4.csv,null_statistics/batch-8-replication-4.npy,batch-f5-quadratic-residual-link,5405218333611968543,18149391084167560592,5220291775861901916,0.18770770000992343,,,batch-f5-quadratic-residual-link-20260824-001
F5-quadratic-residual-link,X1,X2,f5-quadratic-residual-link,8,5,0.347470882730231,0.005,residual_samples/batch-8-replication-5.csv,null_statistics/batch-8-replication-5.npy,batch-f5-quadratic-residual-link,8237615848920472323,15895095256361692410,4173705995133804942,0.18297999998321757,,,batch-f5-quadratic-residual-link-20260824-001
F5-quadratic-residual-link,X1,X2,f5-quadratic-residual-link,8,6,0.3365940775398785,0.005,residual_samples/batch-8-replication-6.csv,null_statistics/batch-8-replication-6.npy,batch-f5-quadratic-residual-link,16452358115437557530,12220697416323412303,2577756425341463924,0.1792406999738887,,,batch-f5-quadratic-residual-link-20260824-001
F5-quadratic-residual-link,X1,X2,f5-quadratic-residual-link,8,7,0.30900558827217034,0.005,residual_samples/batch-8-replication-7.csv,null_statistics/batch-8-replication-7.npy,batch-f5-quadratic-residual-link,6536461398644104410,16055835037340072378,16497674804437863017,0.18268239998724312,,,batch-f5-quadratic-residual-link-20260824-001
F5-quadratic-residual-link,X1,X2,f5-quadratic-residual-link,8,8,0.3123785030930147,0.005,residual_samples/batch-8-replication-8.csv,null_statistics/batch-8-replication-8.npy,batch-f5-quadratic-residual-link,15618969879400349316,11944556191289944978,4810685828288575772,0.18594570003915578,,,batch-f5-quadratic-residual-link-20260824-001
F5-quadratic-residual-link,X1,X2,f5-quadratic-residual-link,8,9,0.3052177966744396,0.005,residual_samples/batch-8-replication-9.csv,null_statistics/batch-8-replication-9.npy,batch-f5-quadratic-residual-link,12918927998307821969,7044178423922886230,1161723686678700564,0.18125389999477193,,,batch-f5-quadratic-residual-link-20260824-001
F5-quadratic-residual-link,X1,X2,f5-quadratic-residual-link,9,0,0.31208855065064595,0.005,residual_samples/batch-9-replication-0.csv,null_statistics/batch-9-replication-0.npy,batch-f5-quadratic-residual-link,14353362888700214891,13905479080744731301,16721425783221476560,0.1771593999583274,,,batch-f5-quadratic-residual-link-20260824-001
F5-quadratic-residual-link,X1,X2,f5-quadratic-residual-link,9,1,0.3249780468490455,0.005,residual_samples/batch-9-replication-1.csv,null_statistics/batch-9-replication-1.npy,batch-f5-quadratic-residual-link,8038546545593940404,18217694905283791344,2057282891477753950,0.18106540001463145,,,batch-f5-quadratic-residual-link-20260824-001
F5-quadratic-residual-link,X1,X2,f5-quadratic-residual-link,9,2,0.33583963251820154,0.005,residual_samples/batch-9-replication-2.csv,null_statistics/batch-9-replication-2.npy,batch-f5-quadratic-residual-link,17030984590666289782,10750821554971588186,1094064316446510078,0.17759249999653548,,,batch-f5-quadratic-residual-link-20260824-001
F5-quadratic-residual-link,X1,X2,f5-quadratic-residual-link,9,3,0.346246637594506,0.005,residual_samples/batch-9-replication-3.csv,null_statistics/batch-9-replication-3.npy,batch-f5-quadratic-residual-link,333420182038468128,7401615966696062985,7130960255557454577,0.1846207000198774,,,batch-f5-quadratic-residual-link-20260824-001
F5-quadratic-residual-link,X1,X2,f5-quadratic-residual-link,9,4,0.30583912831200954,0.005,residual_samples/batch-9-replication-4.csv,null_statistics/batch-9-replication-4.npy,batch-f5-quadratic-residual-link,16809437526612285707,5362977791358125000,8032533261627548142,0.18059030000586063,,,batch-f5-quadratic-residual-link-20260824-001
F5-quadratic-residual-link,X1,X2,f5-quadratic-residual-link,9,5,0.31528451515429784,0.005,residual_samples/batch-9-replication-5.csv,null_statistics/batch-9-replication-5.npy,batch-f5-quadratic-residual-link,13087541515939542142,15301702292436578626,1414428086324753633,0.18404839996946976,,,batch-f5-quadratic-residual-link-20260824-001
F5-quadratic-residual-link,X1,X2,f5-quadratic-residual-link,9,6,0.3466310968667544,0.005,residual_samples/batch-9-replication-6.csv,null_statistics/batch-9-replication-6.npy,batch-f5-quadratic-residual-link,6802046691608426995,945757001804117914,4237701477253552644,0.18336729996372014,,,batch-f5-quadratic-residual-link-20260824-001
F5-quadratic-residual-link,X1,X2,f5-quadratic-residual-link,9,7,0.3284289299773573,0.005,residual_samples/batch-9-replication-7.csv,null_statistics/batch-9-replication-7.npy,batch-f5-quadratic-residual-link,12786754930935063091,8902200092580516129,15523948617947125393,0.1820754999644123,,,batch-f5-quadratic-residual-link-20260824-001
F5-quadratic-residual-link,X1,X2,f5-quadratic-residual-link,9,8,0.30369522836892743,0.005,residual_samples/batch-9-replication-8.csv,null_statistics/batch-9-replication-8.npy,batch-f5-quadratic-residual-link,4685024484058210069,4215131015783451204,1053465463241127358,0.18088559998432174,,,batch-f5-quadratic-residual-link-20260824-001
F5-quadratic-residual-link,X1,X2,f5-quadratic-residual-link,9,9,0.3129430186804406,0.005,residual_samples/batch-9-replication-9.csv,null_statistics/batch-9-replication-9.npy,batch-f5-quadratic-residual-link,3541798339449646836,3799276653814553006,17745042527488128944,0.18359179998515174,,,batch-f5-quadratic-residual-link-20260824-001
F5-quadratic-residual-link,X1,X2,f5-quadratic-residual-link,10,0,0.324450372405233,0.005,residual_samples/batch-10-replication-0.csv,null_statistics/batch-10-replication-0.npy,batch-f5-quadratic-residual-link,17532772380629697269,4245652941394648539,17238383743570466247,0.1903489999822341,,,batch-f5-quadratic-residual-link-20260824-001
F5-quadratic-residual-link,X1,X2,f5-quadratic-residual-link,10,1,0.3248753516041554,0.005,residual_samples/batch-10-replication-1.csv,null_statistics/batch-10-replication-1.npy,batch-f5-quadratic-residual-link,12437722793285044466,16261050618192913675,11665344808996491728,0.18761929997708648,,,batch-f5-quadratic-residual-link-20260824-001
F5-quadratic-residual-link,X1,X2,f5-quadratic-residual-link,10,2,0.32355782566275754,0.005,residual_samples/batch-10-replication-2.csv,null_statistics/batch-10-replication-2.npy,batch-f5-quadratic-residual-link,11044046770751375093,2721952985941507045,17119197092462054016,0.1840243999613449,,,batch-f5-quadratic-residual-link-20260824-001
F5-quadratic-residual-link,X1,X2,f5-quadratic-residual-link,10,3,0.322003793314673,0.005,residual_samples/batch-10-replication-3.csv,null_statistics/batch-10-replication-3.npy,batch-f5-quadratic-residual-link,9146839042893581592,3576758505993200609,10068256295700594590,0.18115239997860044,,,batch-f5-quadratic-residual-link-20260824-001
F5-quadratic-residual-link,X1,X2,f5-quadratic-residual-link,10,4,0.29424974312170293,0.005,residual_samples/batch-10-replication-4.csv,null_statistics/batch-10-replication-4.npy,batch-f5-quadratic-residual-link,2750412540846576926,1784023150372786300,17109904720175661460,0.18519370001740754,,,batch-f5-quadratic-residual-link-20260824-001
F5-quadratic-residual-link,X1,X2,f5-quadratic-residual-link,10,5,0.334418003105278,0.005,residual_samples/batch-10-replication-5.csv,null_statistics/batch-10-replication-5.npy,batch-f5-quadratic-residual-link,2459372972932128638,14785415095078979631,5557104672567744571,0.18888039997546002,,,batch-f5-quadratic-residual-link-20260824-001
F5-quadratic-residual-link,X1,X2,f5-quadratic-residual-link,10,6,0.3267476916844999,0.005,residual_samples/batch-10-replication-6.csv,null_statistics/batch-10-replication-6.npy,batch-f5-quadratic-residual-link,5761498092332430784,10865668024259290790,15671760295546244343,0.18493729998590425,,,batch-f5-quadratic-residual-link-20260824-001
F5-quadratic-residual-link,X1,X2,f5-quadratic-residual-link,10,7,0.3121964733646388,0.005,residual_samples/batch-10-replication-7.csv,null_statistics/batch-10-replication-7.npy,batch-f5-quadratic-residual-link,17007970715962674000,15293311284848344777,5901618737248002801,0.201393699971959,,,batch-f5-quadratic-residual-link-20260824-001
F5-quadratic-residual-link,X1,X2,f5-quadratic-residual-link,10,8,0.33009647032334705,0.005,residual_samples/batch-10-replication-8.csv,null_statistics/batch-10-replication-8.npy,batch-f5-quadratic-residual-link,5521122579712440960,4894365458172709942,7085535206790364003,0.1846071999752894,,,batch-f5-quadratic-residual-link-20260824-001
F5-quadratic-residual-link,X1,X2,f5-quadratic-residual-link,10,9,0.29708872735763137,0.005,residual_samples/batch-10-replication-9.csv,null_statistics/batch-10-replication-9.npy,batch-f5-quadratic-residual-link,7302768850287550769,8747054492232367772,14219040818401180640,0.19146400003228337,,,batch-f5-quadratic-residual-link-20260824-001
F5-quadratic-residual-link,X1,X2,f5-quadratic-residual-link,11,0,0.3281311720407332,0.005,residual_samples/batch-11-replication-0.csv,null_statistics/batch-11-replication-0.npy,batch-f5-quadratic-residual-link,5992229833117392317,17412965297345136105,6948512842538503234,0.1954596999567002,,,batch-f5-quadratic-residual-link-20260824-001
F5-quadratic-residual-link,X1,X2,f5-quadratic-residual-link,11,1,0.3018396225378775,0.005,residual_samples/batch-11-replication-1.csv,null_statistics/batch-11-replication-1.npy,batch-f5-quadratic-residual-link,8637231589310282589,11407898907278549928,7880809731409364093,0.18488449999131262,,,batch-f5-quadratic-residual-link-20260824-001
F5-quadratic-residual-link,X1,X2,f5-quadratic-residual-link,11,2,0.3198524813763695,0.005,residual_samples/batch-11-replication-2.csv,null_statistics/batch-11-replication-2.npy,batch-f5-quadratic-residual-link,11893905614724518514,244083062871781714,7511107058429586493,0.18664889998035505,,,batch-f5-quadratic-residual-link-20260824-001
F5-quadratic-residual-link,X1,X2,f5-quadratic-residual-link,11,3,0.31512648278145494,0.005,residual_samples/batch-11-replication-3.csv,null_statistics/batch-11-replication-3.npy,batch-f5-quadratic-residual-link,10231846857204705741,2000612574867314610,7672365069951686166,0.19894609996117651,,,batch-f5-quadratic-residual-link-20260824-001
F5-quadratic-residual-link,X1,X2,f5-quadratic-residual-link,11,4,0.32943427226840905,0.005,residual_samples/batch-11-replication-4.csv,null_statistics/batch-11-replication-4.npy,batch-f5-quadratic-residual-link,811881913956865103,6520254508227125535,3137877030140703142,0.18791340000461787,,,batch-f5-quadratic-residual-link-20260824-001
F5-quadratic-residual-link,X1,X2,f5-quadratic-residual-link,11,5,0.32037286190483794,0.005,residual_samples/batch-11-replication-5.csv,null_statistics/batch-11-replication-5.npy,batch-f5-quadratic-residual-link,18239934689410411399,6555496101703128305,4772515976072832295,0.18924129998777062,,,batch-f5-quadratic-residual-link-20260824-001
F5-quadratic-residual-link,X1,X2,f5-quadratic-residual-link,11,6,0.29829640194108326,0.005,residual_samples/batch-11-replication-6.csv,null_statistics/batch-11-replication-6.npy,batch-f5-quadratic-residual-link,12221456433306461336,16072120390828714143,14554549336236000988,0.1933327000006102,,,batch-f5-quadratic-residual-link-20260824-001
F5-quadratic-residual-link,X1,X2,f5-quadratic-residual-link,11,7,0.3228468455190465,0.005,residual_samples/batch-11-replication-7.csv,null_statistics/batch-11-replication-7.npy,batch-f5-quadratic-residual-link,9089880007784711105,15517600867761324010,14133930502603606373,0.18576950003625825,,,batch-f5-quadratic-residual-link-20260824-001
F5-quadratic-residual-link,X1,X2,f5-quadratic-residual-link,11,8,0.3387371605522674,0.005,residual_samples/batch-11-replication-8.csv,null_statistics/batch-11-replication-8.npy,batch-f5-quadratic-residual-link,2976722623422609588,9139957839079752137,4435689023464169317,0.19461090001277626,,,batch-f5-quadratic-residual-link-20260824-001
F5-quadratic-residual-link,X1,X2,f5-quadratic-residual-link,11,9,0.317904856586746,0.005,residual_samples/batch-11-replication-9.csv,null_statistics/batch-11-replication-9.npy,batch-f5-quadratic-residual-link,13484997303251513623,3766591090328552280,10208142147879901366,0.1960883000283502,,,batch-f5-quadratic-residual-link-20260824-001
F5-quadratic-residual-link,X1,X2,f5-quadratic-residual-link,12,0,0.35046406876765457,0.005,residual_samples/batch-12-replication-0.csv,null_statistics/batch-12-replication-0.npy,batch-f5-quadratic-residual-link,14346967882602154985,2506122153518014739,14897117080322051620,0.19195539999054745,,,batch-f5-quadratic-residual-link-20260824-001
F5-quadratic-residual-link,X1,X2,f5-quadratic-residual-link,12,1,0.32102054666689894,0.005,residual_samples/batch-12-replication-1.csv,null_statistics/batch-12-replication-1.npy,batch-f5-quadratic-residual-link,680205172991932646,18010071824770439327,3963534820768119759,0.2068658999633044,,,batch-f5-quadratic-residual-link-20260824-001
F5-quadratic-residual-link,X1,X2,f5-quadratic-residual-link,12,2,0.3232840437605678,0.005,residual_samples/batch-12-replication-2.csv,null_statistics/batch-12-replication-2.npy,batch-f5-quadratic-residual-link,2616938382746864875,1405627030888685951,3711386928816971132,0.19404219998978078,,,batch-f5-quadratic-residual-link-20260824-001
F5-quadratic-residual-link,X1,X2,f5-quadratic-residual-link,12,3,0.3193585596834826,0.005,residual_samples/batch-12-replication-3.csv,null_statistics/batch-12-replication-3.npy,batch-f5-quadratic-residual-link,17496542625020815907,13498587752206395951,3622715824924350699,0.20364729996072128,,,batch-f5-quadratic-residual-link-20260824-001
F5-quadratic-residual-link,X1,X2,f5-quadratic-residual-link,12,4,0.3251007863811992,0.005,residual_samples/batch-12-replication-4.csv,null_statistics/batch-12-replication-4.npy,batch-f5-quadratic-residual-link,2459133251985989751,86370827222348119,13755231731490295670,0.18623970000771806,,,batch-f5-quadratic-residual-link-20260824-001
F5-quadratic-residual-link,X1,X2,f5-quadratic-residual-link,12,5,0.3109670329963716,0.005,residual_samples/batch-12-replication-5.csv,null_statistics/batch-12-replication-5.npy,batch-f5-quadratic-residual-link,438569076236184101,2197595400988940329,14648642166724340829,0.1849136000382714,,,batch-f5-quadratic-residual-link-20260824-001
F5-quadratic-residual-link,X1,X2,f5-quadratic-residual-link,12,6,0.32602740592583246,0.005,residual_samples/batch-12-replication-6.csv,null_statistics/batch-12-replication-6.npy,batch-f5-quadratic-residual-link,3791016847937593604,2439803654060803412,9184430280864326454,0.18813049996970221,,,batch-f5-quadratic-residual-link-20260824-001
F5-quadratic-residual-link,X1,X2,f5-quadratic-residual-link,12,7,0.3191557677399997,0.005,residual_samples/batch-12-replication-7.csv,null_statistics/batch-12-replication-7.npy,batch-f5-quadratic-residual-link,4994556574597311938,16422595627096627918,4803726819497334217,0.18298679997678846,,,batch-f5-quadratic-residual-link-20260824-001
F5-quadratic-residual-link,X1,X2,f5-quadratic-residual-link,12,8,0.3063197437093029,0.005,residual_samples/batch-12-replication-8.csv,null_statistics/batch-12-replication-8.npy,batch-f5-quadratic-residual-link,4753490187937946647,6306088814843505091,14981300735438730461,0.18802130001131445,,,batch-f5-quadratic-residual-link-20260824-001
F5-quadratic-residual-link,X1,X2,f5-quadratic-residual-link,12,9,0.3196599941168251,0.005,residual_samples/batch-12-replication-9.csv,null_statistics/batch-12-replication-9.npy,batch-f5-quadratic-residual-link,14066302894485407338,330046257473925001,4254392974484704634,0.18985580001026392,,,batch-f5-quadratic-residual-link-20260824-001
F5-quadratic-residual-link,X1,X2,f5-quadratic-residual-link,13,0,0.2939050900575728,0.005,residual_samples/batch-13-replication-0.csv,null_statistics/batch-13-replication-0.npy,batch-f5-quadratic-residual-link,12424910030192708402,1404095887666322110,16386808491421918667,0.1911132000386715,,,batch-f5-quadratic-residual-link-20260824-001
F5-quadratic-residual-link,X1,X2,f5-quadratic-residual-link,13,1,0.3120984714674656,0.005,residual_samples/batch-13-replication-1.csv,null_statistics/batch-13-replication-1.npy,batch-f5-quadratic-residual-link,2502978485065256152,16714574672958722188,11634083876952359847,0.19413630000781268,,,batch-f5-quadratic-residual-link-20260824-001
F5-quadratic-residual-link,X1,X2,f5-quadratic-residual-link,13,2,0.3204919507163898,0.005,residual_samples/batch-13-replication-2.csv,null_statistics/batch-13-replication-2.npy,batch-f5-quadratic-residual-link,4835181158131528781,17662067141373075871,1146258424318797704,0.2068851999938488,,,batch-f5-quadratic-residual-link-20260824-001
F5-quadratic-residual-link,X1,X2,f5-quadratic-residual-link,13,3,0.32836318956882293,0.005,residual_samples/batch-13-replication-3.csv,null_statistics/batch-13-replication-3.npy,batch-f5-quadratic-residual-link,337430783962991488,8428049991649791799,10732748561196357127,0.1865714000305161,,,batch-f5-quadratic-residual-link-20260824-001
F5-quadratic-residual-link,X1,X2,f5-quadratic-residual-link,13,4,0.3331843019895318,0.005,residual_samples/batch-13-replication-4.csv,null_statistics/batch-13-replication-4.npy,batch-f5-quadratic-residual-link,3450482708921487123,8918857960371443585,1880865726465417725,0.18452890001935884,,,batch-f5-quadratic-residual-link-20260824-001
F5-quadratic-residual-link,X1,X2,f5-quadratic-residual-link,13,5,0.2981631327949331,0.005,residual_samples/batch-13-replication-5.csv,null_statistics/batch-13-replication-5.npy,batch-f5-quadratic-residual-link,14961096630228028231,12973382592405308482,7947255703804760677,0.1864258999703452,,,batch-f5-quadratic-residual-link-20260824-001
F5-quadratic-residual-link,X1,X2,f5-quadratic-residual-link,13,6,0.3269567237928909,0.005,residual_samples/batch-13-replication-6.csv,null_statistics/batch-13-replication-6.npy,batch-f5-quadratic-residual-link,5903762790668188622,16618633555838188965,18370260886205540392,0.18279699998674914,,,batch-f5-quadratic-residual-link-20260824-001
F5-quadratic-residual-link,X1,X2,f5-quadratic-residual-link,13,7,0.3007396843974485,0.005,residual_samples/batch-13-replication-7.csv,null_statistics/batch-13-replication-7.npy,batch-f5-quadratic-residual-link,7308188910676803551,13211204623640481497,3019993737749072405,0.18869809998432174,,,batch-f5-quadratic-residual-link-20260824-001
F5-quadratic-residual-link,X1,X2,f5-quadratic-residual-link,13,8,0.33339836308583487,0.005,residual_samples/batch-13-replication-8.csv,null_statistics/batch-13-replication-8.npy,batch-f5-quadratic-residual-link,1229497166800072704,4868894455550798605,299831589767226954,0.18717029999243096,,,batch-f5-quadratic-residual-link-20260824-001
F5-quadratic-residual-link,X1,X2,f5-quadratic-residual-link,13,9,0.32122138238129905,0.005,residual_samples/batch-13-replication-9.csv,null_statistics/batch-13-replication-9.npy,batch-f5-quadratic-residual-link,12706617965226212875,3168035691273931557,17902650016944605522,0.1828971999930218,,,batch-f5-quadratic-residual-link-20260824-001
F5-quadratic-residual-link,X1,X2,f5-quadratic-residual-link,14,0,0.3116454242072591,0.005,residual_samples/batch-14-replication-0.csv,null_statistics/batch-14-replication-0.npy,batch-f5-quadratic-residual-link,16337699593395111341,4384024729918824571,124255320514749014,0.18653569999150932,,,batch-f5-quadratic-residual-link-20260824-001
F5-quadratic-residual-link,X1,X2,f5-quadratic-residual-link,14,1,0.3244191168890107,0.005,residual_samples/batch-14-replication-1.csv,null_statistics/batch-14-replication-1.npy,batch-f5-quadratic-residual-link,2597463684046802461,13232457090668769243,5308445028204274142,0.18460370000684634,,,batch-f5-quadratic-residual-link-20260824-001
F5-quadratic-residual-link,X1,X2,f5-quadratic-residual-link,14,2,0.33530763678538716,0.005,residual_samples/batch-14-replication-2.csv,null_statistics/batch-14-replication-2.npy,batch-f5-quadratic-residual-link,7274878611104942825,11798696686819186984,3846350937479012745,0.18953849998069927,,,batch-f5-quadratic-residual-link-20260824-001
F5-quadratic-residual-link,X1,X2,f5-quadratic-residual-link,14,3,0.33027518972346676,0.005,residual_samples/batch-14-replication-3.csv,null_statistics/batch-14-replication-3.npy,batch-f5-quadratic-residual-link,3389854421572043519,252757852278819672,7508760142691232487,0.19023419998120517,,,batch-f5-quadratic-residual-link-20260824-001
F5-quadratic-residual-link,X1,X2,f5-quadratic-residual-link,14,4,0.3187061298378025,0.005,residual_samples/batch-14-replication-4.csv,null_statistics/batch-14-replication-4.npy,batch-f5-quadratic-residual-link,15139331008425291562,16786272358367583034,3827297737009229466,0.18407180003123358,,,batch-f5-quadratic-residual-link-20260824-001
F5-quadratic-residual-link,X1,X2,f5-quadratic-residual-link,14,5,0.3086481991145436,0.005,residual_samples/batch-14-replication-5.csv,null_statistics/batch-14-replication-5.npy,batch-f5-quadratic-residual-link,7879505041617852922,13297557568289706085,5952058249109283285,0.187951699947007,,,batch-f5-quadratic-residual-link-20260824-001
F5-quadratic-residual-link,X1,X2,f5-quadratic-residual-link,14,6,0.30978609525694395,0.005,residual_samples/batch-14-replication-6.csv,null_statistics/batch-14-replication-6.npy,batch-f5-quadratic-residual-link,6262621300420428489,11472508792918874573,14126841641627702840,0.18503759999293834,,,batch-f5-quadratic-residual-link-20260824-001
F5-quadratic-residual-link,X1,X2,f5-quadratic-residual-link,14,7,0.3156881811210371,0.005,residual_samples/batch-14-replication-7.csv,null_statistics/batch-14-replication-7.npy,batch-f5-quadratic-residual-link,4381086176251116075,9824982590008620364,2379167892545468858,0.1869650000007823,,,batch-f5-quadratic-residual-link-20260824-001
F5-quadratic-residual-link,X1,X2,f5-quadratic-residual-link,14,8,0.3254183587093786,0.005,residual_samples/batch-14-replication-8.csv,null_statistics/batch-14-replication-8.npy,batch-f5-quadratic-residual-link,9982647797192076204,4462622880809112946,6003020729416748289,0.1805235999636352,,,batch-f5-quadratic-residual-link-20260824-001
F5-quadratic-residual-link,X1,X2,f5-quadratic-residual-link,14,9,0.3263201357794982,0.005,residual_samples/batch-14-replication-9.csv,null_statistics/batch-14-replication-9.npy,batch-f5-quadratic-residual-link,2273384533821013859,6239957266265488354,7369633124443271734,0.18386200000531971,,,batch-f5-quadratic-residual-link-20260824-001
F5-quadratic-residual-link,X1,X2,f5-quadratic-residual-link,15,0,0.32719712493723446,0.005,residual_samples/batch-15-replication-0.csv,null_statistics/batch-15-replication-0.npy,batch-f5-quadratic-residual-link,13785647971003079271,1220402572111963442,6187422298399291197,0.18582810001680627,,,batch-f5-quadratic-residual-link-20260824-001
F5-quadratic-residual-link,X1,X2,f5-quadratic-residual-link,15,1,0.31226466494696387,0.005,residual_samples/batch-15-replication-1.csv,null_statistics/batch-15-replication-1.npy,batch-f5-quadratic-residual-link,4001947370298838274,12371756428018079462,62350073020050504,0.18654120003338903,,,batch-f5-quadratic-residual-link-20260824-001
F5-quadratic-residual-link,X1,X2,f5-quadratic-residual-link,15,2,0.34249699116812027,0.005,residual_samples/batch-15-replication-2.csv,null_statistics/batch-15-replication-2.npy,batch-f5-quadratic-residual-link,4913078157224928998,2149537718425077091,5121434434144741960,0.1871829000301659,,,batch-f5-quadratic-residual-link-20260824-001
F5-quadratic-residual-link,X1,X2,f5-quadratic-residual-link,15,3,0.3196158885008032,0.005,residual_samples/batch-15-replication-3.csv,null_statistics/batch-15-replication-3.npy,batch-f5-quadratic-residual-link,18219889234343215627,17437967993396495392,17225925842181037154,0.22776410001097247,,,batch-f5-quadratic-residual-link-20260824-001
F5-quadratic-residual-link,X1,X2,f5-quadratic-residual-link,15,4,0.3081786955761008,0.005,residual_samples/batch-15-replication-4.csv,null_statistics/batch-15-replication-4.npy,batch-f5-quadratic-residual-link,7498179073354966896,8866866189028810682,9203302209661509114,0.19922609999775887,,,batch-f5-quadratic-residual-link-20260824-001
F5-quadratic-residual-link,X1,X2,f5-quadratic-residual-link,15,5,0.3100773396898875,0.005,residual_samples/batch-15-replication-5.csv,null_statistics/batch-15-replication-5.npy,batch-f5-quadratic-residual-link,14025118191448225400,2498076912160008988,15905967897498531558,0.18755709996912628,,,batch-f5-quadratic-residual-link-20260824-001
F5-quadratic-residual-link,X1,X2,f5-quadratic-residual-link,15,6,0.30591815974385506,0.005,residual_samples/batch-15-replication-6.csv,null_statistics/batch-15-replication-6.npy,batch-f5-quadratic-residual-link,7730548486512130660,8873778795159028401,4867709559129427899,0.17972969997208565,,,batch-f5-quadratic-residual-link-20260824-001
F5-quadratic-residual-link,X1,X2,f5-quadratic-residual-link,15,7,0.3141205774481029,0.005,residual_samples/batch-15-replication-7.csv,null_statistics/batch-15-replication-7.npy,batch-f5-quadratic-residual-link,1375509754049757249,11546759563068627805,17876143616734436240,0.19281529996078461,,,batch-f5-quadratic-residual-link-20260824-001
F5-quadratic-residual-link,X1,X2,f5-quadratic-residual-link,15,8,0.3111460400231019,0.005,residual_samples/batch-15-replication-8.csv,null_statistics/batch-15-replication-8.npy,batch-f5-quadratic-residual-link,11830604114214830564,17131950237991950250,15989329229737649323,0.19147550000343472,,,batch-f5-quadratic-residual-link-20260824-001
F5-quadratic-residual-link,X1,X2,f5-quadratic-residual-link,15,9,0.2976475119313953,0.005,residual_samples/batch-15-replication-9.csv,null_statistics/batch-15-replication-9.npy,batch-f5-quadratic-residual-link,634361761330876074,11127950826888095292,6457845154914553855,0.18802660005167127,,,batch-f5-quadratic-residual-link-20260824-001
F5-quadratic-residual-link,X1,X2,f5-quadratic-residual-link,16,0,0.3448351318373484,0.005,residual_samples/batch-16-replication-0.csv,null_statistics/batch-16-replication-0.npy,batch-f5-quadratic-residual-link,17023521737646936104,643854685058132896,10571633989314399849,0.19738889997825027,,,batch-f5-quadratic-residual-link-20260824-001
F5-quadratic-residual-link,X1,X2,f5-quadratic-residual-link,16,1,0.31191654776659694,0.005,residual_samples/batch-16-replication-1.csv,null_statistics/batch-16-replication-1.npy,batch-f5-quadratic-residual-link,11927646341313432864,3150409697085081666,11867232431245686758,0.1959328000084497,,,batch-f5-quadratic-residual-link-20260824-001
F5-quadratic-residual-link,X1,X2,f5-quadratic-residual-link,16,2,0.32466566807065994,0.005,residual_samples/batch-16-replication-2.csv,null_statistics/batch-16-replication-2.npy,batch-f5-quadratic-residual-link,3524258086890818942,13256186002653533674,7290651311647878731,0.1904359000036493,,,batch-f5-quadratic-residual-link-20260824-001
F5-quadratic-residual-link,X1,X2,f5-quadratic-residual-link,16,3,0.28013600180431686,0.005,residual_samples/batch-16-replication-3.csv,null_statistics/batch-16-replication-3.npy,batch-f5-quadratic-residual-link,7079977055766339203,940101810668724068,17860904718581098378,0.18380450003314763,,,batch-f5-quadratic-residual-link-20260824-001
F5-quadratic-residual-link,X1,X2,f5-quadratic-residual-link,16,4,0.31953129565898514,0.005,residual_samples/batch-16-replication-4.csv,null_statistics/batch-16-replication-4.npy,batch-f5-quadratic-residual-link,10058333178666740690,12248557419422469328,13529215560343021737,0.18430500000249594,,,batch-f5-quadratic-residual-link-20260824-001
F5-quadratic-residual-link,X1,X2,f5-quadratic-residual-link,16,5,0.3302840791460234,0.005,residual_samples/batch-16-replication-5.csv,null_statistics/batch-16-replication-5.npy,batch-f5-quadratic-residual-link,8629028842417869651,7198478055611745953,10552847563681560960,0.18065789999673143,,,batch-f5-quadratic-residual-link-20260824-001
F5-quadratic-residual-link,X1,X2,f5-quadratic-residual-link,16,6,0.32152579327806374,0.005,residual_samples/batch-16-replication-6.csv,null_statistics/batch-16-replication-6.npy,batch-f5-quadratic-residual-link,13509570612292039452,10425710039352918009,12597136158119599061,0.18613649997860193,,,batch-f5-quadratic-residual-link-20260824-001
F5-quadratic-residual-link,X1,X2,f5-quadratic-residual-link,16,7,0.30672518629519063,0.005,residual_samples/batch-16-replication-7.csv,null_statistics/batch-16-replication-7.npy,batch-f5-quadratic-residual-link,15031771242397930662,5979742132181521551,6453606880162727714,0.18509550002636388,,,batch-f5-quadratic-residual-link-20260824-001
F5-quadratic-residual-link,X1,X2,f5-quadratic-residual-link,16,8,0.28152847537157155,0.005,residual_samples/batch-16-replication-8.csv,null_statistics/batch-16-replication-8.npy,batch-f5-quadratic-residual-link,11235375870978346902,1717841580497214328,16599953315963133521,0.18462839996209368,,,batch-f5-quadratic-residual-link-20260824-001
F5-quadratic-residual-link,X1,X2,f5-quadratic-residual-link,16,9,0.30795696002652395,0.005,residual_samples/batch-16-replication-9.csv,null_statistics/batch-16-replication-9.npy,batch-f5-quadratic-residual-link,7752639803175278138,5838366977799061950,565887732028217460,0.18864899995969608,,,batch-f5-quadratic-residual-link-20260824-001
F5-quadratic-residual-link,X1,X2,f5-quadratic-residual-link,17,0,0.33214299067135133,0.005,residual_samples/batch-17-replication-0.csv,null_statistics/batch-17-replication-0.npy,batch-f5-quadratic-residual-link,9833226348901383328,6267580262742062839,4932996006826310845,0.19272900000214577,,,batch-f5-quadratic-residual-link-20260824-001
F5-quadratic-residual-link,X1,X2,f5-quadratic-residual-link,17,1,0.3104871589167137,0.005,residual_samples/batch-17-replication-1.csv,null_statistics/batch-17-replication-1.npy,batch-f5-quadratic-residual-link,12745328202603349125,1029350353346637861,16879700885979913550,0.1926202999893576,,,batch-f5-quadratic-residual-link-20260824-001
F5-quadratic-residual-link,X1,X2,f5-quadratic-residual-link,17,2,0.31594008567546117,0.005,residual_samples/batch-17-replication-2.csv,null_statistics/batch-17-replication-2.npy,batch-f5-quadratic-residual-link,3285516490909090011,6772916106214015405,6612958643019435483,0.18679399997927248,,,batch-f5-quadratic-residual-link-20260824-001
F5-quadratic-residual-link,X1,X2,f5-quadratic-residual-link,17,3,0.30910089296790205,0.005,residual_samples/batch-17-replication-3.csv,null_statistics/batch-17-replication-3.npy,batch-f5-quadratic-residual-link,4159657500563342662,1633959015891159503,17796688032329844631,0.191143199976068,,,batch-f5-quadratic-residual-link-20260824-001
F5-quadratic-residual-link,X1,X2,f5-quadratic-residual-link,17,4,0.3648003711863002,0.005,residual_samples/batch-17-replication-4.csv,null_statistics/batch-17-replication-4.npy,batch-f5-quadratic-residual-link,4044327039810220082,720674441321303352,6656482181372154657,0.18488259997684509,,,batch-f5-quadratic-residual-link-20260824-001
F5-quadratic-residual-link,X1,X2,f5-quadratic-residual-link,17,5,0.3333751155248469,0.005,residual_samples/batch-17-replication-5.csv,null_statistics/batch-17-replication-5.npy,batch-f5-quadratic-residual-link,11372337574008092650,4495909014269717142,4713679896271977027,0.17995580000570044,,,batch-f5-quadratic-residual-link-20260824-001
F5-quadratic-residual-link,X1,X2,f5-quadratic-residual-link,17,6,0.3243764187119657,0.005,residual_samples/batch-17-replication-6.csv,null_statistics/batch-17-replication-6.npy,batch-f5-quadratic-residual-link,16290382511368391624,9608429922295907680,3302426676949292297,0.17876590002560988,,,batch-f5-quadratic-residual-link-20260824-001
F5-quadratic-residual-link,X1,X2,f5-quadratic-residual-link,17,7,0.31677002205239346,0.005,residual_samples/batch-17-replication-7.csv,null_statistics/batch-17-replication-7.npy,batch-f5-quadratic-residual-link,2583204150535470182,1724632496743875465,1719796378802164842,0.17974409996531904,,,batch-f5-quadratic-residual-link-20260824-001
F5-quadratic-residual-link,X1,X2,f5-quadratic-residual-link,17,8,0.34122743014869983,0.005,residual_samples/batch-17-replication-8.csv,null_statistics/batch-17-replication-8.npy,batch-f5-quadratic-residual-link,16953622273734259491,1769255221319301098,9903343485291304766,0.18286599998828024,,,batch-f5-quadratic-residual-link-20260824-001
F5-quadratic-residual-link,X1,X2,f5-quadratic-residual-link,17,9,0.33176763124333764,0.005,residual_samples/batch-17-replication-9.csv,null_statistics/batch-17-replication-9.npy,batch-f5-quadratic-residual-link,1909513736937276085,14574153248039533481,11535955653067073865,0.18312239996157587,,,batch-f5-quadratic-residual-link-20260824-001
F5-quadratic-residual-link,X1,X2,f5-quadratic-residual-link,18,0,0.3024287128708862,0.005,residual_samples/batch-18-replication-0.csv,null_statistics/batch-18-replication-0.npy,batch-f5-quadratic-residual-link,8029260027251314190,9122851837654338158,3765171509810612757,0.18336259998613968,,,batch-f5-quadratic-residual-link-20260824-001
F5-quadratic-residual-link,X1,X2,f5-quadratic-residual-link,18,1,0.32275840111144344,0.005,residual_samples/batch-18-replication-1.csv,null_statistics/batch-18-replication-1.npy,batch-f5-quadratic-residual-link,8260753449645885577,7902376260324895202,16790770962358012387,0.18314659997122362,,,batch-f5-quadratic-residual-link-20260824-001
F5-quadratic-residual-link,X1,X2,f5-quadratic-residual-link,18,2,0.32925421891092027,0.005,residual_samples/batch-18-replication-2.csv,null_statistics/batch-18-replication-2.npy,batch-f5-quadratic-residual-link,558569177970995110,4060349538992135115,16813785507510273932,0.18011329998262227,,,batch-f5-quadratic-residual-link-20260824-001
F5-quadratic-residual-link,X1,X2,f5-quadratic-residual-link,18,3,0.31441426753806345,0.005,residual_samples/batch-18-replication-3.csv,null_statistics/batch-18-replication-3.npy,batch-f5-quadratic-residual-link,7913940132139184664,9714491580143183609,9209353068520106692,0.1818288000067696,,,batch-f5-quadratic-residual-link-20260824-001
F5-quadratic-residual-link,X1,X2,f5-quadratic-residual-link,18,4,0.319894330346236,0.005,residual_samples/batch-18-replication-4.csv,null_statistics/batch-18-replication-4.npy,batch-f5-quadratic-residual-link,11768475876056405137,1466661437649913221,971583209019740343,0.18024010001681745,,,batch-f5-quadratic-residual-link-20260824-001
F5-quadratic-residual-link,X1,X2,f5-quadratic-residual-link,18,5,0.3228186450178602,0.005,residual_samples/batch-18-replication-5.csv,null_statistics/batch-18-replication-5.npy,batch-f5-quadratic-residual-link,16538047972581170467,15728075953073795862,18429650271345836993,0.17995219997828826,,,batch-f5-quadratic-residual-link-20260824-001
F5-quadratic-residual-link,X1,X2,f5-quadratic-residual-link,18,6,0.3337390071980174,0.005,residual_samples/batch-18-replication-6.csv,null_statistics/batch-18-replication-6.npy,batch-f5-quadratic-residual-link,4992319168594618953,9714662785378664,6160318298791585421,0.17967680003494024,,,batch-f5-quadratic-residual-link-20260824-001
F5-quadratic-residual-link,X1,X2,f5-quadratic-residual-link,18,7,0.3199470257772544,0.005,residual_samples/batch-18-replication-7.csv,null_statistics/batch-18-replication-7.npy,batch-f5-quadratic-residual-link,2627966470318324474,16966482140731934372,12682099893174651076,0.18219209997914732,,,batch-f5-quadratic-residual-link-20260824-001
F5-quadratic-residual-link,X1,X2,f5-quadratic-residual-link,18,8,0.3275120552131196,0.005,residual_samples/batch-18-replication-8.csv,null_statistics/batch-18-replication-8.npy,batch-f5-quadratic-residual-link,7004840736933932758,17017520920493682169,15445010871298213724,0.18309649999719113,,,batch-f5-quadratic-residual-link-20260824-001
F5-quadratic-residual-link,X1,X2,f5-quadratic-residual-link,18,9,0.3119626358845761,0.005,residual_samples/batch-18-replication-9.csv,null_statistics/batch-18-replication-9.npy,batch-f5-quadratic-residual-link,375919981375220288,12924895376652398975,7156796927957583803,0.18242980004288256,,,batch-f5-quadratic-residual-link-20260824-001
F5-quadratic-residual-link,X1,X2,f5-quadratic-residual-link,19,0,0.3132035027196028,0.005,residual_samples/batch-19-replication-0.csv,null_statistics/batch-19-replication-0.npy,batch-f5-quadratic-residual-link,15869814382105835910,729018198329031818,2696417039654630517,0.1848875000141561,,,batch-f5-quadratic-residual-link-20260824-001
F5-quadratic-residual-link,X1,X2,f5-quadratic-residual-link,19,1,0.3271786911038468,0.005,residual_samples/batch-19-replication-1.csv,null_statistics/batch-19-replication-1.npy,batch-f5-quadratic-residual-link,2627969093922687670,10352135104473830340,7558255814479284958,0.18220190005376935,,,batch-f5-quadratic-residual-link-20260824-001
F5-quadratic-residual-link,X1,X2,f5-quadratic-residual-link,19,2,0.31286494769591655,0.005,residual_samples/batch-19-replication-2.csv,null_statistics/batch-19-replication-2.npy,batch-f5-quadratic-residual-link,17316268931884258023,3616965886489276449,17887593201918916271,0.18632249999791384,,,batch-f5-quadratic-residual-link-20260824-001
F5-quadratic-residual-link,X1,X2,f5-quadratic-residual-link,19,3,0.32385298538630447,0.005,residual_samples/batch-19-replication-3.csv,null_statistics/batch-19-replication-3.npy,batch-f5-quadratic-residual-link,16218546434010243186,14503033949390619385,8718208131703121619,0.18594209995353594,,,batch-f5-quadratic-residual-link-20260824-001
F5-quadratic-residual-link,X1,X2,f5-quadratic-residual-link,19,4,0.3047510460580957,0.005,residual_samples/batch-19-replication-4.csv,null_statistics/batch-19-replication-4.npy,batch-f5-quadratic-residual-link,4909875970127151640,2691613033285341426,6359237327801139153,0.17982920003123581,,,batch-f5-quadratic-residual-link-20260824-001
F5-quadratic-residual-link,X1,X2,f5-quadratic-residual-link,19,5,0.3509042747808871,0.005,residual_samples/batch-19-replication-5.csv,null_statistics/batch-19-replication-5.npy,batch-f5-quadratic-residual-link,10765127831100045399,17283276044772026052,5759892465914353098,0.18296849995385855,,,batch-f5-quadratic-residual-link-20260824-001
F5-quadratic-residual-link,X1,X2,f5-quadratic-residual-link,19,6,0.32574476093558424,0.005,residual_samples/batch-19-replication-6.csv,null_statistics/batch-19-replication-6.npy,batch-f5-quadratic-residual-link,3612726766227817135,10167906610755066286,15906999951042796894,0.1833047000109218,,,batch-f5-quadratic-residual-link-20260824-001
F5-quadratic-residual-link,X1,X2,f5-quadratic-residual-link,19,7,0.32292127716779256,0.005,residual_samples/batch-19-replication-7.csv,null_statistics/batch-19-replication-7.npy,batch-f5-quadratic-residual-link,6769980288802447390,14981567061075056137,8608241904946221178,0.1797698000445962,,,batch-f5-quadratic-residual-link-20260824-001
F5-quadratic-residual-link,X1,X2,f5-quadratic-residual-link,19,8,0.3094462945205295,0.005,residual_samples/batch-19-replication-8.csv,null_statistics/batch-19-replication-8.npy,batch-f5-quadratic-residual-link,13500728217635326308,11479071953441864771,15413649392896297244,0.18565530003979802,,,batch-f5-quadratic-residual-link-20260824-001
F5-quadratic-residual-link,X1,X2,f5-quadratic-residual-link,19,9,0.30981978823774464,0.005,residual_samples/batch-19-replication-9.csv,null_statistics/batch-19-replication-9.npy,batch-f5-quadratic-residual-link,11041923439637536782,16856610658692991841,3535689633283174725,0.18379209999693558,,,batch-f5-quadratic-residual-link-20260824-001
F5-quadratic-residual-link,X1,X2,f5-quadratic-residual-link,20,0,0.31106938060103245,0.005,residual_samples/batch-20-replication-0.csv,null_statistics/batch-20-replication-0.npy,batch-f5-quadratic-residual-link,6865485196860014855,10073635158761914545,13169711432912938293,0.1830193999921903,,,batch-f5-quadratic-residual-link-20260824-001
F5-quadratic-residual-link,X1,X2,f5-quadratic-residual-link,20,1,0.3050960028657761,0.005,residual_samples/batch-20-replication-1.csv,null_statistics/batch-20-replication-1.npy,batch-f5-quadratic-residual-link,8227435361966375400,991748158725047597,17055200488941468725,0.19122479995712638,,,batch-f5-quadratic-residual-link-20260824-001
F5-quadratic-residual-link,X1,X2,f5-quadratic-residual-link,20,2,0.3191892634737399,0.005,residual_samples/batch-20-replication-2.csv,null_statistics/batch-20-replication-2.npy,batch-f5-quadratic-residual-link,7440391451510986275,7557215729284176467,213793339047207127,0.18280439998488873,,,batch-f5-quadratic-residual-link-20260824-001
F5-quadratic-residual-link,X1,X2,f5-quadratic-residual-link,20,3,0.31054847829154997,0.005,residual_samples/batch-20-replication-3.csv,null_statistics/batch-20-replication-3.npy,batch-f5-quadratic-residual-link,14555072410539978910,12148969774358233308,18069522664187501188,0.18530099996132776,,,batch-f5-quadratic-residual-link-20260824-001
F5-quadratic-residual-link,X1,X2,f5-quadratic-residual-link,20,4,0.3183480228100541,0.005,residual_samples/batch-20-replication-4.csv,null_statistics/batch-20-replication-4.npy,batch-f5-quadratic-residual-link,17935589712489241307,16335446333360276750,1346289698266933370,0.18554959999164566,,,batch-f5-quadratic-residual-link-20260824-001
F5-quadratic-residual-link,X1,X2,f5-quadratic-residual-link,20,5,0.3475825943346107,0.005,residual_samples/batch-20-replication-5.csv,null_statistics/batch-20-replication-5.npy,batch-f5-quadratic-residual-link,15514595156941606807,10708287777482200711,1408113961597572304,0.18210860004182905,,,batch-f5-quadratic-residual-link-20260824-001
F5-quadratic-residual-link,X1,X2,f5-quadratic-residual-link,20,6,0.32742444368731827,0.005,residual_samples/batch-20-replication-6.csv,null_statistics/batch-20-replication-6.npy,batch-f5-quadratic-residual-link,7046239752365943907,10999139276283980099,6993133978177952685,0.1867185999872163,,,batch-f5-quadratic-residual-link-20260824-001
F5-quadratic-residual-link,X1,X2,f5-quadratic-residual-link,20,7,0.3205812025032062,0.005,residual_samples/batch-20-replication-7.csv,null_statistics/batch-20-replication-7.npy,batch-f5-quadratic-residual-link,856995121457150285,13075443316388844443,5308311220520745694,0.1848197000217624,,,batch-f5-quadratic-residual-link-20260824-001
F5-quadratic-residual-link,X1,X2,f5-quadratic-residual-link,20,8,0.33450172701122205,0.005,residual_samples/batch-20-replication-8.csv,null_statistics/batch-20-replication-8.npy,batch-f5-quadratic-residual-link,869112965082826366,663034773742503226,1286543141157576288,0.18393009999999776,,,batch-f5-quadratic-residual-link-20260824-001
F5-quadratic-residual-link,X1,X2,f5-quadratic-residual-link,20,9,0.3499579824199977,0.005,residual_samples/batch-20-replication-9.csv,null_statistics/batch-20-replication-9.npy,batch-f5-quadratic-residual-link,8718548278288139567,15484044532779969368,17049033492987790198,0.18433229997754097,,,batch-f5-quadratic-residual-link-20260824-001
F5-quadratic-residual-link,X1,X2,f5-quadratic-residual-link,21,0,0.3070084475235544,0.005,residual_samples/batch-21-replication-0.csv,null_statistics/batch-21-replication-0.npy,batch-f5-quadratic-residual-link,686641535969946862,18074739413818745997,17408430747782735259,0.18477419996634126,,,batch-f5-quadratic-residual-link-20260824-001
F5-quadratic-residual-link,X1,X2,f5-quadratic-residual-link,21,1,0.32407365406668687,0.005,residual_samples/batch-21-replication-1.csv,null_statistics/batch-21-replication-1.npy,batch-f5-quadratic-residual-link,11870846282723355495,1457381057811311326,1313623591769017217,0.1828889000462368,,,batch-f5-quadratic-residual-link-20260824-001
F5-quadratic-residual-link,X1,X2,f5-quadratic-residual-link,21,2,0.30934121130272535,0.005,residual_samples/batch-21-replication-2.csv,null_statistics/batch-21-replication-2.npy,batch-f5-quadratic-residual-link,16373675068913381374,2120919799147859147,4000299164136778962,0.18399240000871941,,,batch-f5-quadratic-residual-link-20260824-001
F5-quadratic-residual-link,X1,X2,f5-quadratic-residual-link,21,3,0.34044668048266746,0.005,residual_samples/batch-21-replication-3.csv,null_statistics/batch-21-replication-3.npy,batch-f5-quadratic-residual-link,13720677308730544452,12365010384242510605,17475418724979174907,0.17770140001084656,,,batch-f5-quadratic-residual-link-20260824-001
F5-quadratic-residual-link,X1,X2,f5-quadratic-residual-link,21,4,0.3438780071743656,0.005,residual_samples/batch-21-replication-4.csv,null_statistics/batch-21-replication-4.npy,batch-f5-quadratic-residual-link,682889517096866322,14681562489935768129,7723932915642347049,0.18164550000801682,,,batch-f5-quadratic-residual-link-20260824-001
F5-quadratic-residual-link,X1,X2,f5-quadratic-residual-link,21,5,0.30833745730476514,0.005,residual_samples/batch-21-replication-5.csv,null_statistics/batch-21-replication-5.npy,batch-f5-quadratic-residual-link,3691626122251022488,6849510360847254168,332493517450721082,0.1844277000054717,,,batch-f5-quadratic-residual-link-20260824-001
F5-quadratic-residual-link,X1,X2,f5-quadratic-residual-link,21,6,0.3146084222164178,0.005,residual_samples/batch-21-replication-6.csv,null_statistics/batch-21-replication-6.npy,batch-f5-quadratic-residual-link,1829157277506121975,9506050894433539626,9897684416605602267,0.1818850999698043,,,batch-f5-quadratic-residual-link-20260824-001
F5-quadratic-residual-link,X1,X2,f5-quadratic-residual-link,21,7,0.30767715477313223,0.005,residual_samples/batch-21-replication-7.csv,null_statistics/batch-21-replication-7.npy,batch-f5-quadratic-residual-link,615820998130488720,4537686922066235706,4851958532662809765,0.18139799998607486,,,batch-f5-quadratic-residual-link-20260824-001
F5-quadratic-residual-link,X1,X2,f5-quadratic-residual-link,21,8,0.32544246034892815,0.005,residual_samples/batch-21-replication-8.csv,null_statistics/batch-21-replication-8.npy,batch-f5-quadratic-residual-link,599574488208231514,16608962007281488498,7066008746679832894,0.18104970001149923,,,batch-f5-quadratic-residual-link-20260824-001
F5-quadratic-residual-link,X1,X2,f5-quadratic-residual-link,21,9,0.340891209305364,0.005,residual_samples/batch-21-replication-9.csv,null_statistics/batch-21-replication-9.npy,batch-f5-quadratic-residual-link,9888667060221072852,16789692219601978805,4175356106805907280,0.18004649999784306,,,batch-f5-quadratic-residual-link-20260824-001
F5-quadratic-residual-link,X1,X2,f5-quadratic-residual-link,22,0,0.3229337465817088,0.005,residual_samples/batch-22-replication-0.csv,null_statistics/batch-22-replication-0.npy,batch-f5-quadratic-residual-link,18315509935137595887,15572594882763803114,13093639785725603601,0.18081140000140294,,,batch-f5-quadratic-residual-link-20260824-001
F5-quadratic-residual-link,X1,X2,f5-quadratic-residual-link,22,1,0.3317754691865023,0.005,residual_samples/batch-22-replication-1.csv,null_statistics/batch-22-replication-1.npy,batch-f5-quadratic-residual-link,14046788611778881979,7015143218657280145,18137428810801476554,0.18244639999466017,,,batch-f5-quadratic-residual-link-20260824-001
F5-quadratic-residual-link,X1,X2,f5-quadratic-residual-link,22,2,0.29848442753860893,0.005,residual_samples/batch-22-replication-2.csv,null_statistics/batch-22-replication-2.npy,batch-f5-quadratic-residual-link,3878307802647989984,8964322678909953723,12111509332568488335,0.1798733999603428,,,batch-f5-quadratic-residual-link-20260824-001
F5-quadratic-residual-link,X1,X2,f5-quadratic-residual-link,22,3,0.28907643102861175,0.005,residual_samples/batch-22-replication-3.csv,null_statistics/batch-22-replication-3.npy,batch-f5-quadratic-residual-link,13459514554170265695,16972497426498415943,913683760310871057,0.18073359999107197,,,batch-f5-quadratic-residual-link-20260824-001
F5-quadratic-residual-link,X1,X2,f5-quadratic-residual-link,22,4,0.32257212299526405,0.005,residual_samples/batch-22-replication-4.csv,null_statistics/batch-22-replication-4.npy,batch-f5-quadratic-residual-link,1107026895044561493,2842656340592203917,5048535801399095391,0.185927799961064,,,batch-f5-quadratic-residual-link-20260824-001
F5-quadratic-residual-link,X1,X2,f5-quadratic-residual-link,22,5,0.3412485991412513,0.005,residual_samples/batch-22-replication-5.csv,null_statistics/batch-22-replication-5.npy,batch-f5-quadratic-residual-link,17730380111568834554,6903976300533158250,1718908258457199006,0.18219930003397167,,,batch-f5-quadratic-residual-link-20260824-001
F5-quadratic-residual-link,X1,X2,f5-quadratic-residual-link,22,6,0.3160355051678448,0.005,residual_samples/batch-22-replication-6.csv,null_statistics/batch-22-replication-6.npy,batch-f5-quadratic-residual-link,12734686831001776533,9247843430591311597,8403963263651458783,0.18103010003687814,,,batch-f5-quadratic-residual-link-20260824-001
F5-quadratic-residual-link,X1,X2,f5-quadratic-residual-link,22,7,0.3058656892767032,0.005,residual_samples/batch-22-replication-7.csv,null_statistics/batch-22-replication-7.npy,batch-f5-quadratic-residual-link,13887207041020357591,8866252173951220927,1994851728919166625,0.17944889998761937,,,batch-f5-quadratic-residual-link-20260824-001
F5-quadratic-residual-link,X1,X2,f5-quadratic-residual-link,22,8,0.3168008009689861,0.005,residual_samples/batch-22-replication-8.csv,null_statistics/batch-22-replication-8.npy,batch-f5-quadratic-residual-link,13079915004074309273,1667832343617857457,10652245426794124818,0.1811590000288561,,,batch-f5-quadratic-residual-link-20260824-001
F5-quadratic-residual-link,X1,X2,f5-quadratic-residual-link,22,9,0.3064553385598264,0.005,residual_samples/batch-22-replication-9.csv,null_statistics/batch-22-replication-9.npy,batch-f5-quadratic-residual-link,563792150889298246,14438581388485759780,7742914496019732176,0.18092249997425824,,,batch-f5-quadratic-residual-link-20260824-001
F5-quadratic-residual-link,X1,X2,f5-quadratic-residual-link,23,0,0.3055986051490735,0.005,residual_samples/batch-23-replication-0.csv,null_statistics/batch-23-replication-0.npy,batch-f5-quadratic-residual-link,10817634111928523842,3963836446178046349,17760010066118916828,0.17984789999900386,,,batch-f5-quadratic-residual-link-20260824-001
F5-quadratic-residual-link,X1,X2,f5-quadratic-residual-link,23,1,0.3526234668978999,0.005,residual_samples/batch-23-replication-1.csv,null_statistics/batch-23-replication-1.npy,batch-f5-quadratic-residual-link,9990542992555396046,2894445015619345182,16234827342441886515,0.1811067999806255,,,batch-f5-quadratic-residual-link-20260824-001
F5-quadratic-residual-link,X1,X2,f5-quadratic-residual-link,23,2,0.3370977786326083,0.005,residual_samples/batch-23-replication-2.csv,null_statistics/batch-23-replication-2.npy,batch-f5-quadratic-residual-link,14537503766748152984,18301256463835350717,10415256412528534133,0.1842416999861598,,,batch-f5-quadratic-residual-link-20260824-001
F5-quadratic-residual-link,X1,X2,f5-quadratic-residual-link,23,3,0.32449327176379017,0.005,residual_samples/batch-23-replication-3.csv,null_statistics/batch-23-replication-3.npy,batch-f5-quadratic-residual-link,1553201693712912411,8963387100736774402,17505215430849939081,0.1812258999561891,,,batch-f5-quadratic-residual-link-20260824-001
F5-quadratic-residual-link,X1,X2,f5-quadratic-residual-link,23,4,0.31604656987517993,0.005,residual_samples/batch-23-replication-4.csv,null_statistics/batch-23-replication-4.npy,batch-f5-quadratic-residual-link,8481623568480316628,11748132612038227348,4190443414968203534,0.1788992999936454,,,batch-f5-quadratic-residual-link-20260824-001
F5-quadratic-residual-link,X1,X2,f5-quadratic-residual-link,23,5,0.3201750502429454,0.005,residual_samples/batch-23-replication-5.csv,null_statistics/batch-23-replication-5.npy,batch-f5-quadratic-residual-link,1720701165128707049,7047699576286631096,6722760972842257871,0.18106289999559522,,,batch-f5-quadratic-residual-link-20260824-001
F5-quadratic-residual-link,X1,X2,f5-quadratic-residual-link,23,6,0.32799433834192104,0.005,residual_samples/batch-23-replication-6.csv,null_statistics/batch-23-replication-6.npy,batch-f5-quadratic-residual-link,10617402472826526365,3962605110539160029,7277147896396009380,0.18216140003642067,,,batch-f5-quadratic-residual-link-20260824-001
F5-quadratic-residual-link,X1,X2,f5-quadratic-residual-link,23,7,0.3190679426656007,0.005,residual_samples/batch-23-replication-7.csv,null_statistics/batch-23-replication-7.npy,batch-f5-quadratic-residual-link,4639418383948610437,14174970355762269133,13869121363799681103,0.1794194999965839,,,batch-f5-quadratic-residual-link-20260824-001
F5-quadratic-residual-link,X1,X2,f5-quadratic-residual-link,23,8,0.3168359578257802,0.005,residual_samples/batch-23-replication-8.csv,null_statistics/batch-23-replication-8.npy,batch-f5-quadratic-residual-link,17712234324627962031,4098856612177472338,17865614914969749794,0.17952980002155527,,,batch-f5-quadratic-residual-link-20260824-001
F5-quadratic-residual-link,X1,X2,f5-quadratic-residual-link,23,9,0.32933028986896706,0.005,residual_samples/batch-23-replication-9.csv,null_statistics/batch-23-replication-9.npy,batch-f5-quadratic-residual-link,9713883087087368247,11037077841518294367,11106735972273417226,0.1821165000437759,,,batch-f5-quadratic-residual-link-20260824-001
F5-quadratic-residual-link,X1,X2,f5-quadratic-residual-link,24,0,0.3193710758692511,0.005,residual_samples/batch-24-replication-0.csv,null_statistics/batch-24-replication-0.npy,batch-f5-quadratic-residual-link,10317372571900746458,7443192377315801138,13385014660752622218,0.18179209996014833,,,batch-f5-quadratic-residual-link-20260824-001
F5-quadratic-residual-link,X1,X2,f5-quadratic-residual-link,24,1,0.3373804427595198,0.005,residual_samples/batch-24-replication-1.csv,null_statistics/batch-24-replication-1.npy,batch-f5-quadratic-residual-link,10393235676009693109,10661434055586607535,3238114920777670259,0.18396540003595874,,,batch-f5-quadratic-residual-link-20260824-001
F5-quadratic-residual-link,X1,X2,f5-quadratic-residual-link,24,2,0.31967632989990763,0.005,residual_samples/batch-24-replication-2.csv,null_statistics/batch-24-replication-2.npy,batch-f5-quadratic-residual-link,4646291226470540379,2865672562493223204,445928866528562506,0.18322120001539588,,,batch-f5-quadratic-residual-link-20260824-001
F5-quadratic-residual-link,X1,X2,f5-quadratic-residual-link,24,3,0.33553778931794703,0.005,residual_samples/batch-24-replication-3.csv,null_statistics/batch-24-replication-3.npy,batch-f5-quadratic-residual-link,1534662936111138709,15393268942328484375,1377697116907857247,0.18003019999014214,,,batch-f5-quadratic-residual-link-20260824-001
F5-quadratic-residual-link,X1,X2,f5-quadratic-residual-link,24,4,0.3255670498315378,0.005,residual_samples/batch-24-replication-4.csv,null_statistics/batch-24-replication-4.npy,batch-f5-quadratic-residual-link,6090806577035311924,6735861970777839598,8521970353909234526,0.1806057000067085,,,batch-f5-quadratic-residual-link-20260824-001
F5-quadratic-residual-link,X1,X2,f5-quadratic-residual-link,24,5,0.317156197286927,0.005,residual_samples/batch-24-replication-5.csv,null_statistics/batch-24-replication-5.npy,batch-f5-quadratic-residual-link,2858050153333666859,3575899821773184532,7020065634641533947,0.18174319999525324,,,batch-f5-quadratic-residual-link-20260824-001
F5-quadratic-residual-link,X1,X2,f5-quadratic-residual-link,24,6,0.3155464036691028,0.005,residual_samples/batch-24-replication-6.csv,null_statistics/batch-24-replication-6.npy,batch-f5-quadratic-residual-link,13339504280318355753,10183924049513985491,9951921771636338526,0.18162129999836907,,,batch-f5-quadratic-residual-link-20260824-001
F5-quadratic-residual-link,X1,X2,f5-quadratic-residual-link,24,7,0.32457154270726,0.005,residual_samples/batch-24-replication-7.csv,null_statistics/batch-24-replication-7.npy,batch-f5-quadratic-residual-link,6266376888281986175,2475574701001339990,13083379254249230250,0.18400429998291656,,,batch-f5-quadratic-residual-link-20260824-001
F5-quadratic-residual-link,X1,X2,f5-quadratic-residual-link,24,8,0.3084220382493888,0.005,residual_samples/batch-24-replication-8.csv,null_statistics/batch-24-replication-8.npy,batch-f5-quadratic-residual-link,38283658239397591,7992403611530712326,4246995787984003930,0.18171540001640096,,,batch-f5-quadratic-residual-link-20260824-001
F5-quadratic-residual-link,X1,X2,f5-quadratic-residual-link,24,9,0.3232099141345229,0.005,residual_samples/batch-24-replication-9.csv,null_statistics/batch-24-replication-9.npy,batch-f5-quadratic-residual-link,5576542363860318696,8184608203224289427,9928907168052771278,0.17961049999576062,,,batch-f5-quadratic-residual-link-20260824-001
F5-quadratic-residual-link,X1,X2,f5-quadratic-residual-link,25,0,0.333633699734859,0.005,residual_samples/batch-25-replication-0.csv,null_statistics/batch-25-replication-0.npy,batch-f5-quadratic-residual-link,2627097740904867363,13684954632936283511,10651629317245855757,0.17942409997340292,,,batch-f5-quadratic-residual-link-20260824-001
F5-quadratic-residual-link,X1,X2,f5-quadratic-residual-link,25,1,0.31681302244005516,0.005,residual_samples/batch-25-replication-1.csv,null_statistics/batch-25-replication-1.npy,batch-f5-quadratic-residual-link,17686785623205639393,2915097353265277446,16129138135853257552,0.18278239999199286,,,batch-f5-quadratic-residual-link-20260824-001
F5-quadratic-residual-link,X1,X2,f5-quadratic-residual-link,25,2,0.3196473326454803,0.005,residual_samples/batch-25-replication-2.csv,null_statistics/batch-25-replication-2.npy,batch-f5-quadratic-residual-link,4646338756431770452,12081726327738464607,14144582630672864445,0.1797309999819845,,,batch-f5-quadratic-residual-link-20260824-001
F5-quadratic-residual-link,X1,X2,f5-quadratic-residual-link,25,3,0.319930645745916,0.005,residual_samples/batch-25-replication-3.csv,null_statistics/batch-25-replication-3.npy,batch-f5-quadratic-residual-link,5753287021910247080,5416200188858517544,5527002240979121478,0.18236000003525987,,,batch-f5-quadratic-residual-link-20260824-001
F5-quadratic-residual-link,X1,X2,f5-quadratic-residual-link,25,4,0.32189412121272476,0.005,residual_samples/batch-25-replication-4.csv,null_statistics/batch-25-replication-4.npy,batch-f5-quadratic-residual-link,1600800268646792185,3275232713121695962,11809098216003412076,0.1818090999731794,,,batch-f5-quadratic-residual-link-20260824-001
F5-quadratic-residual-link,X1,X2,f5-quadratic-residual-link,25,5,0.322298436293277,0.005,residual_samples/batch-25-replication-5.csv,null_statistics/batch-25-replication-5.npy,batch-f5-quadratic-residual-link,6204581123945092782,8168807880528494969,12798729805679393047,0.17957419995218515,,,batch-f5-quadratic-residual-link-20260824-001
F5-quadratic-residual-link,X1,X2,f5-quadratic-residual-link,25,6,0.3173813043775239,0.005,residual_samples/batch-25-replication-6.csv,null_statistics/batch-25-replication-6.npy,batch-f5-quadratic-residual-link,6596572997926512357,18327851727824183002,13056413511744041499,0.18548960000043735,,,batch-f5-quadratic-residual-link-20260824-001
F5-quadratic-residual-link,X1,X2,f5-quadratic-residual-link,25,7,0.32242385065161805,0.005,residual_samples/batch-25-replication-7.csv,null_statistics/batch-25-replication-7.npy,batch-f5-quadratic-residual-link,1535243471537341435,3778901489338457667,5552395560534042097,0.18084780004573986,,,batch-f5-quadratic-residual-link-20260824-001
F5-quadratic-residual-link,X1,X2,f5-quadratic-residual-link,25,8,0.3151042807256484,0.005,residual_samples/batch-25-replication-8.csv,null_statistics/batch-25-replication-8.npy,batch-f5-quadratic-residual-link,14707382660349664602,11786519661558491091,17712675610667816091,0.19027630001073703,,,batch-f5-quadratic-residual-link-20260824-001
F5-quadratic-residual-link,X1,X2,f5-quadratic-residual-link,25,9,0.3142040916019245,0.005,residual_samples/batch-25-replication-9.csv,null_statistics/batch-25-replication-9.npy,batch-f5-quadratic-residual-link,16139039257377200345,5125171264881454035,363113314158801570,0.20397239999147132,,,batch-f5-quadratic-residual-link-20260824-001
F5-quadratic-residual-link,X1,X2,f5-quadratic-residual-link,26,0,0.3096728277082589,0.005,residual_samples/batch-26-replication-0.csv,null_statistics/batch-26-replication-0.npy,batch-f5-quadratic-residual-link,16980039254150134520,15217345765647974964,15513483979110113180,0.18904899997869506,,,batch-f5-quadratic-residual-link-20260824-001
F5-quadratic-residual-link,X1,X2,f5-quadratic-residual-link,26,1,0.34269183813065845,0.005,residual_samples/batch-26-replication-1.csv,null_statistics/batch-26-replication-1.npy,batch-f5-quadratic-residual-link,599193099526172158,8812188121663799199,3062429281279195943,0.18721630005165935,,,batch-f5-quadratic-residual-link-20260824-001
F5-quadratic-residual-link,X1,X2,f5-quadratic-residual-link,26,2,0.33158018320930965,0.005,residual_samples/batch-26-replication-2.csv,null_statistics/batch-26-replication-2.npy,batch-f5-quadratic-residual-link,4325161497601912900,8759412016939279894,143453490461806311,0.18318490003002807,,,batch-f5-quadratic-residual-link-20260824-001
F5-quadratic-residual-link,X1,X2,f5-quadratic-residual-link,26,3,0.3250735082468792,0.005,residual_samples/batch-26-replication-3.csv,null_statistics/batch-26-replication-3.npy,batch-f5-quadratic-residual-link,11958052123276435458,13663310606651371196,1547585388836600252,0.1810109000070952,,,batch-f5-quadratic-residual-link-20260824-001
F5-quadratic-residual-link,X1,X2,f5-quadratic-residual-link,26,4,0.3101334660295459,0.005,residual_samples/batch-26-replication-4.csv,null_statistics/batch-26-replication-4.npy,batch-f5-quadratic-residual-link,2873936226733907446,17114865603858984191,773183758471829405,0.1809402999933809,,,batch-f5-quadratic-residual-link-20260824-001
F5-quadratic-residual-link,X1,X2,f5-quadratic-residual-link,26,5,0.31380176987915553,0.005,residual_samples/batch-26-replication-5.csv,null_statistics/batch-26-replication-5.npy,batch-f5-quadratic-residual-link,3656586871226777829,17905548597303319089,692715986303713464,0.1834239999880083,,,batch-f5-quadratic-residual-link-20260824-001
F5-quadratic-residual-link,X1,X2,f5-quadratic-residual-link,26,6,0.3299951367700322,0.005,residual_samples/batch-26-replication-6.csv,null_statistics/batch-26-replication-6.npy,batch-f5-quadratic-residual-link,18230950479623700936,16408838329384532697,4990356397047753317,0.18241549999220297,,,batch-f5-quadratic-residual-link-20260824-001
F5-quadratic-residual-link,X1,X2,f5-quadratic-residual-link,26,7,0.31621810670832046,0.005,residual_samples/batch-26-replication-7.csv,null_statistics/batch-26-replication-7.npy,batch-f5-quadratic-residual-link,17062928803572794434,12295353843742122134,2309332846914272494,0.18023729999549687,,,batch-f5-quadratic-residual-link-20260824-001
F5-quadratic-residual-link,X1,X2,f5-quadratic-residual-link,26,8,0.3360535998439799,0.005,residual_samples/batch-26-replication-8.csv,null_statistics/batch-26-replication-8.npy,batch-f5-quadratic-residual-link,15775158209048574419,11351758642749116097,11975605702077787122,0.17919749999418855,,,batch-f5-quadratic-residual-link-20260824-001
F5-quadratic-residual-link,X1,X2,f5-quadratic-residual-link,26,9,0.33083175859421127,0.005,residual_samples/batch-26-replication-9.csv,null_statistics/batch-26-replication-9.npy,batch-f5-quadratic-residual-link,12093422970608124355,8003950155217480191,9348975795337651770,0.18326570000499487,,,batch-f5-quadratic-residual-link-20260824-001
F5-quadratic-residual-link,X1,X2,f5-quadratic-residual-link,27,0,0.309053061849684,0.005,residual_samples/batch-27-replication-0.csv,null_statistics/batch-27-replication-0.npy,batch-f5-quadratic-residual-link,3495467652334894810,13897034010439270034,8003393464435687075,0.18249009997816756,,,batch-f5-quadratic-residual-link-20260824-001
F5-quadratic-residual-link,X1,X2,f5-quadratic-residual-link,27,1,0.32040570980880967,0.005,residual_samples/batch-27-replication-1.csv,null_statistics/batch-27-replication-1.npy,batch-f5-quadratic-residual-link,4510863070352407845,12248541722464750484,3747577912816056334,0.17978010000661016,,,batch-f5-quadratic-residual-link-20260824-001
F5-quadratic-residual-link,X1,X2,f5-quadratic-residual-link,27,2,0.2940703571281975,0.005,residual_samples/batch-27-replication-2.csv,null_statistics/batch-27-replication-2.npy,batch-f5-quadratic-residual-link,6795745337896062931,6645830400376593563,12820865459267276179,0.1821940000518225,,,batch-f5-quadratic-residual-link-20260824-001
F5-quadratic-residual-link,X1,X2,f5-quadratic-residual-link,27,3,0.3084250130594562,0.005,residual_samples/batch-27-replication-3.csv,null_statistics/batch-27-replication-3.npy,batch-f5-quadratic-residual-link,13745374833580305373,11086818673958121421,16677164701931964739,0.18064639996737242,,,batch-f5-quadratic-residual-link-20260824-001
F5-quadratic-residual-link,X1,X2,f5-quadratic-residual-link,27,4,0.3327436249117687,0.005,residual_samples/batch-27-replication-4.csv,null_statistics/batch-27-replication-4.npy,batch-f5-quadratic-residual-link,12456558603597044964,5314539222747444182,1926306321006281968,0.17938159999903291,,,batch-f5-quadratic-residual-link-20260824-001
F5-quadratic-residual-link,X1,X2,f5-quadratic-residual-link,27,5,0.338294273243897,0.005,residual_samples/batch-27-replication-5.csv,null_statistics/batch-27-replication-5.npy,batch-f5-quadratic-residual-link,6590834776526950550,2344625068684617903,13231026965825176108,0.1851110000279732,,,batch-f5-quadratic-residual-link-20260824-001
F5-quadratic-residual-link,X1,X2,f5-quadratic-residual-link,27,6,0.337662677475111,0.005,residual_samples/batch-27-replication-6.csv,null_statistics/batch-27-replication-6.npy,batch-f5-quadratic-residual-link,9699570706864116285,10539218247234808501,10611520144062564772,0.18038269999669865,,,batch-f5-quadratic-residual-link-20260824-001
F5-quadratic-residual-link,X1,X2,f5-quadratic-residual-link,27,7,0.3022792246622955,0.005,residual_samples/batch-27-replication-7.csv,null_statistics/batch-27-replication-7.npy,batch-f5-quadratic-residual-link,13711848928851412843,2135263133844329923,11818779702699778587,0.18386740004643798,,,batch-f5-quadratic-residual-link-20260824-001
F5-quadratic-residual-link,X1,X2,f5-quadratic-residual-link,27,8,0.31513787000550036,0.005,residual_samples/batch-27-replication-8.csv,null_statistics/batch-27-replication-8.npy,batch-f5-quadratic-residual-link,6901022440477055953,6011463433018083046,3750582538386019755,0.1841555000282824,,,batch-f5-quadratic-residual-link-20260824-001
F5-quadratic-residual-link,X1,X2,f5-quadratic-residual-link,27,9,0.32153503786198306,0.005,residual_samples/batch-27-replication-9.csv,null_statistics/batch-27-replication-9.npy,batch-f5-quadratic-residual-link,10732283998243059929,10361024143681422802,10936360792318347748,0.18400110001675785,,,batch-f5-quadratic-residual-link-20260824-001
F5-quadratic-residual-link,X1,X2,f5-quadratic-residual-link,28,0,0.31873540063513167,0.005,residual_samples/batch-28-replication-0.csv,null_statistics/batch-28-replication-0.npy,batch-f5-quadratic-residual-link,9397657920934473820,960458455660612395,4664314257640503378,0.18440089997602627,,,batch-f5-quadratic-residual-link-20260824-001
F5-quadratic-residual-link,X1,X2,f5-quadratic-residual-link,28,1,0.3144651530852477,0.005,residual_samples/batch-28-replication-1.csv,null_statistics/batch-28-replication-1.npy,batch-f5-quadratic-residual-link,15553541193310291944,13246164676687369784,2297745686045137703,0.18186920002335683,,,batch-f5-quadratic-residual-link-20260824-001
F5-quadratic-residual-link,X1,X2,f5-quadratic-residual-link,28,2,0.32415249604972496,0.005,residual_samples/batch-28-replication-2.csv,null_statistics/batch-28-replication-2.npy,batch-f5-quadratic-residual-link,13036857279041639316,16624830899334729253,7135906193592393669,0.1829493999830447,,,batch-f5-quadratic-residual-link-20260824-001
F5-quadratic-residual-link,X1,X2,f5-quadratic-residual-link,28,3,0.2931003358347087,0.005,residual_samples/batch-28-replication-3.csv,null_statistics/batch-28-replication-3.npy,batch-f5-quadratic-residual-link,3758823365541365007,15403379727684020205,1563691350338895014,0.18071460002101958,,,batch-f5-quadratic-residual-link-20260824-001
F5-quadratic-residual-link,X1,X2,f5-quadratic-residual-link,28,4,0.3530807292770667,0.005,residual_samples/batch-28-replication-4.csv,null_statistics/batch-28-replication-4.npy,batch-f5-quadratic-residual-link,7224258671426685557,11937107185613317125,7701750297722290243,0.18390460003865883,,,batch-f5-quadratic-residual-link-20260824-001
F5-quadratic-residual-link,X1,X2,f5-quadratic-residual-link,28,5,0.31337345732699917,0.005,residual_samples/batch-28-replication-5.csv,null_statistics/batch-28-replication-5.npy,batch-f5-quadratic-residual-link,5633273324062712282,4286166339029622089,15774905227253095365,0.18106240004999563,,,batch-f5-quadratic-residual-link-20260824-001
F5-quadratic-residual-link,X1,X2,f5-quadratic-residual-link,28,6,0.3082862257898504,0.005,residual_samples/batch-28-replication-6.csv,null_statistics/batch-28-replication-6.npy,batch-f5-quadratic-residual-link,8886338440178764061,1654496277736894192,12188999962019294131,0.18151940003735945,,,batch-f5-quadratic-residual-link-20260824-001
F5-quadratic-residual-link,X1,X2,f5-quadratic-residual-link,28,7,0.35150983901097393,0.005,residual_samples/batch-28-replication-7.csv,null_statistics/batch-28-replication-7.npy,batch-f5-quadratic-residual-link,18113820147091758995,2642235710555026215,14427658310869126981,0.181358200032264,,,batch-f5-quadratic-residual-link-20260824-001
F5-quadratic-residual-link,X1,X2,f5-quadratic-residual-link,28,8,0.3171680078897112,0.005,residual_samples/batch-28-replication-8.csv,null_statistics/batch-28-replication-8.npy,batch-f5-quadratic-residual-link,16799244521988103730,15641094359873098526,551590954763398476,0.181501200015191,,,batch-f5-quadratic-residual-link-20260824-001
F5-quadratic-residual-link,X1,X2,f5-quadratic-residual-link,28,9,0.30808911190262084,0.005,residual_samples/batch-28-replication-9.csv,null_statistics/batch-28-replication-9.npy,batch-f5-quadratic-residual-link,6664382025100178016,654497646776895393,4876638082926959477,0.18247639999026433,,,batch-f5-quadratic-residual-link-20260824-001
F5-quadratic-residual-link,X1,X2,f5-quadratic-residual-link,29,0,0.31860870355661997,0.005,residual_samples/batch-29-replication-0.csv,null_statistics/batch-29-replication-0.npy,batch-f5-quadratic-residual-link,16188160384611546209,1242498555203744146,14796102122165595248,0.18205740000121295,,,batch-f5-quadratic-residual-link-20260824-001
F5-quadratic-residual-link,X1,X2,f5-quadratic-residual-link,29,1,0.3256225542547485,0.005,residual_samples/batch-29-replication-1.csv,null_statistics/batch-29-replication-1.npy,batch-f5-quadratic-residual-link,9755852080609105953,13370678086201366360,10759644549745772817,0.18246059998637065,,,batch-f5-quadratic-residual-link-20260824-001
F5-quadratic-residual-link,X1,X2,f5-quadratic-residual-link,29,2,0.30091611060882567,0.005,residual_samples/batch-29-replication-2.csv,null_statistics/batch-29-replication-2.npy,batch-f5-quadratic-residual-link,9738191297089445667,1743710328960540883,2204466427902978709,0.18428719998337328,,,batch-f5-quadratic-residual-link-20260824-001
F5-quadratic-residual-link,X1,X2,f5-quadratic-residual-link,29,3,0.3328581469586511,0.005,residual_samples/batch-29-replication-3.csv,null_statistics/batch-29-replication-3.npy,batch-f5-quadratic-residual-link,14737327105948264087,14453006819930629694,4116903200273192447,0.18177280004601926,,,batch-f5-quadratic-residual-link-20260824-001
F5-quadratic-residual-link,X1,X2,f5-quadratic-residual-link,29,4,0.3341573845171827,0.005,residual_samples/batch-29-replication-4.csv,null_statistics/batch-29-replication-4.npy,batch-f5-quadratic-residual-link,13339069111809293990,16782895924564078020,2333116677377216566,0.18333510000957176,,,batch-f5-quadratic-residual-link-20260824-001
F5-quadratic-residual-link,X1,X2,f5-quadratic-residual-link,29,5,0.3298170630029208,0.005,residual_samples/batch-29-replication-5.csv,null_statistics/batch-29-replication-5.npy,batch-f5-quadratic-residual-link,15291004738482348416,16301553899274562026,447880010281385677,0.1814695000066422,,,batch-f5-quadratic-residual-link-20260824-001
F5-quadratic-residual-link,X1,X2,f5-quadratic-residual-link,29,6,0.3098542050905259,0.005,residual_samples/batch-29-replication-6.csv,null_statistics/batch-29-replication-6.npy,batch-f5-quadratic-residual-link,6346323098072972171,13016376174582148987,8358469230677432813,0.18201200000476092,,,batch-f5-quadratic-residual-link-20260824-001
F5-quadratic-residual-link,X1,X2,f5-quadratic-residual-link,29,7,0.32006568751696923,0.005,residual_samples/batch-29-replication-7.csv,null_statistics/batch-29-replication-7.npy,batch-f5-quadratic-residual-link,15323458463473803629,17119400317708157816,1460102366524273771,0.1829476000275463,,,batch-f5-quadratic-residual-link-20260824-001
F5-quadratic-residual-link,X1,X2,f5-quadratic-residual-link,29,8,0.33529300691555597,0.005,residual_samples/batch-29-replication-8.csv,null_statistics/batch-29-replication-8.npy,batch-f5-quadratic-residual-link,310057779593146441,12226586702770416605,13301510745182121257,0.1832913999678567,,,batch-f5-quadratic-residual-link-20260824-001
F5-quadratic-residual-link,X1,X2,f5-quadratic-residual-link,29,9,0.32540456936063206,0.005,residual_samples/batch-29-replication-9.csv,null_statistics/batch-29-replication-9.npy,batch-f5-quadratic-residual-link,16534258335450681835,13012755266432127728,17720140383406864786,0.1814936000155285,,,batch-f5-quadratic-residual-link-20260824-001
F5-quadratic-residual-link,X1,X2,f5-quadratic-residual-link,30,0,0.32997144015670604,0.005,residual_samples/batch-30-replication-0.csv,null_statistics/batch-30-replication-0.npy,batch-f5-quadratic-residual-link,17845906077779366253,17251035696886204892,4054240770361863062,0.1824441000353545,,,batch-f5-quadratic-residual-link-20260824-001
F5-quadratic-residual-link,X1,X2,f5-quadratic-residual-link,30,1,0.31830259990515947,0.005,residual_samples/batch-30-replication-1.csv,null_statistics/batch-30-replication-1.npy,batch-f5-quadratic-residual-link,3544594085971495042,3042777474729865552,4195782187020111391,0.18138069997075945,,,batch-f5-quadratic-residual-link-20260824-001
F5-quadratic-residual-link,X1,X2,f5-quadratic-residual-link,30,2,0.3325674370302992,0.005,residual_samples/batch-30-replication-2.csv,null_statistics/batch-30-replication-2.npy,batch-f5-quadratic-residual-link,13677653745715682814,5808744743866750424,17789787755788049412,0.18917219998547807,,,batch-f5-quadratic-residual-link-20260824-001
F5-quadratic-residual-link,X1,X2,f5-quadratic-residual-link,30,3,0.3301068552682151,0.005,residual_samples/batch-30-replication-3.csv,null_statistics/batch-30-replication-3.npy,batch-f5-quadratic-residual-link,12315841820418343335,5355588391206662576,17494331484535831920,0.18318289995659143,,,batch-f5-quadratic-residual-link-20260824-001
F5-quadratic-residual-link,X1,X2,f5-quadratic-residual-link,30,4,0.3065090324459882,0.005,residual_samples/batch-30-replication-4.csv,null_statistics/batch-30-replication-4.npy,batch-f5-quadratic-residual-link,6098415462423590571,4043115809529114459,11702673618607363191,0.18333900003926829,,,batch-f5-quadratic-residual-link-20260824-001
F5-quadratic-residual-link,X1,X2,f5-quadratic-residual-link,30,5,0.3362253646601795,0.005,residual_samples/batch-30-replication-5.csv,null_statistics/batch-30-replication-5.npy,batch-f5-quadratic-residual-link,723101483327228085,3673145781486625028,15845877893233514285,0.1829960999893956,,,batch-f5-quadratic-residual-link-20260824-001
F5-quadratic-residual-link,X1,X2,f5-quadratic-residual-link,30,6,0.32188385295425287,0.005,residual_samples/batch-30-replication-6.csv,null_statistics/batch-30-replication-6.npy,batch-f5-quadratic-residual-link,1237132922422513661,10676482874324413794,5528731712343518579,0.18330520001472905,,,batch-f5-quadratic-residual-link-20260824-001
F5-quadratic-residual-link,X1,X2,f5-quadratic-residual-link,30,7,0.34301862948751743,0.005,residual_samples/batch-30-replication-7.csv,null_statistics/batch-30-replication-7.npy,batch-f5-quadratic-residual-link,11731954058966614934,6968632766694679986,15940503390642055002,0.18133229995146394,,,batch-f5-quadratic-residual-link-20260824-001
F5-quadratic-residual-link,X1,X2,f5-quadratic-residual-link,30,8,0.31218088250708537,0.005,residual_samples/batch-30-replication-8.csv,null_statistics/batch-30-replication-8.npy,batch-f5-quadratic-residual-link,14081786571524368260,3697476962347965586,16666229812382054822,0.18453649996081367,,,batch-f5-quadratic-residual-link-20260824-001
F5-quadratic-residual-link,X1,X2,f5-quadratic-residual-link,30,9,0.3140830299425496,0.005,residual_samples/batch-30-replication-9.csv,null_statistics/batch-30-replication-9.npy,batch-f5-quadratic-residual-link,8506109674923953170,6393486190350193590,16835737322563457413,0.18128259998047724,,,batch-f5-quadratic-residual-link-20260824-001
F5-quadratic-residual-link,X1,X2,f5-quadratic-residual-link,31,0,0.32826129673721893,0.005,residual_samples/batch-31-replication-0.csv,null_statistics/batch-31-replication-0.npy,batch-f5-quadratic-residual-link,13408871159005894022,4720707670909929017,5298880565421385165,0.1820949999964796,,,batch-f5-quadratic-residual-link-20260824-001
F5-quadratic-residual-link,X1,X2,f5-quadratic-residual-link,31,1,0.3316878486014885,0.005,residual_samples/batch-31-replication-1.csv,null_statistics/batch-31-replication-1.npy,batch-f5-quadratic-residual-link,39786812706122487,4513416314360374697,6388985166707943774,0.18405690003419295,,,batch-f5-quadratic-residual-link-20260824-001
F5-quadratic-residual-link,X1,X2,f5-quadratic-residual-link,31,2,0.32165417329624524,0.005,residual_samples/batch-31-replication-2.csv,null_statistics/batch-31-replication-2.npy,batch-f5-quadratic-residual-link,13154016608004384734,10485014572078357565,2208193153919941201,0.18000989995198324,,,batch-f5-quadratic-residual-link-20260824-001
F5-quadratic-residual-link,X1,X2,f5-quadratic-residual-link,31,3,0.32196321614436324,0.005,residual_samples/batch-31-replication-3.csv,null_statistics/batch-31-replication-3.npy,batch-f5-quadratic-residual-link,17977715094266318692,13749091666864978688,5684891382533420531,0.18362490000436082,,,batch-f5-quadratic-residual-link-20260824-001
F5-quadratic-residual-link,X1,X2,f5-quadratic-residual-link,31,4,0.30680764898620305,0.005,residual_samples/batch-31-replication-4.csv,null_statistics/batch-31-replication-4.npy,batch-f5-quadratic-residual-link,4919620821255274896,14890921525437644243,5629841006083194737,0.1828469000174664,,,batch-f5-quadratic-residual-link-20260824-001
F5-quadratic-residual-link,X1,X2,f5-quadratic-residual-link,31,5,0.3248765188093601,0.005,residual_samples/batch-31-replication-5.csv,null_statistics/batch-31-replication-5.npy,batch-f5-quadratic-residual-link,2325404539667107548,2738915334226838717,13153579362314573957,0.18242389999795705,,,batch-f5-quadratic-residual-link-20260824-001
F5-quadratic-residual-link,X1,X2,f5-quadratic-residual-link,31,6,0.30227481060092887,0.005,residual_samples/batch-31-replication-6.csv,null_statistics/batch-31-replication-6.npy,batch-f5-quadratic-residual-link,8349108655364635677,171241375486118285,11852181471989829737,0.1834905999712646,,,batch-f5-quadratic-residual-link-20260824-001
F5-quadratic-residual-link,X1,X2,f5-quadratic-residual-link,31,7,0.31560892742629604,0.005,residual_samples/batch-31-replication-7.csv,null_statistics/batch-31-replication-7.npy,batch-f5-quadratic-residual-link,18416928362235075096,6459310434570847051,778856772251963914,0.18197049997979775,,,batch-f5-quadratic-residual-link-20260824-001
F5-quadratic-residual-link,X1,X2,f5-quadratic-residual-link,31,8,0.3115763475927138,0.005,residual_samples/batch-31-replication-8.csv,null_statistics/batch-31-replication-8.npy,batch-f5-quadratic-residual-link,14159115542434752787,12218227474693956126,1092142054015843201,0.17998789995908737,,,batch-f5-quadratic-residual-link-20260824-001
F5-quadratic-residual-link,X1,X2,f5-quadratic-residual-link,31,9,0.3325037283003604,0.005,residual_samples/batch-31-replication-9.csv,null_statistics/batch-31-replication-9.npy,batch-f5-quadratic-residual-link,12998154012818076805,1280440864103658217,3893472564105351589,0.181798700010404,,,batch-f5-quadratic-residual-link-20260824-001
F5-quadratic-residual-link,X1,X2,f5-quadratic-residual-link,32,0,0.3244560805170358,0.005,residual_samples/batch-32-replication-0.csv,null_statistics/batch-32-replication-0.npy,batch-f5-quadratic-residual-link,18406023476487518211,1151480878795061781,18020656201962183587,0.18141449999529868,,,batch-f5-quadratic-residual-link-20260824-001
F5-quadratic-residual-link,X1,X2,f5-quadratic-residual-link,32,1,0.34905330573426946,0.005,residual_samples/batch-32-replication-1.csv,null_statistics/batch-32-replication-1.npy,batch-f5-quadratic-residual-link,3794494746768454106,4800638786715448130,17504167299734651824,0.1817297000088729,,,batch-f5-quadratic-residual-link-20260824-001
F5-quadratic-residual-link,X1,X2,f5-quadratic-residual-link,32,2,0.3421446947048445,0.005,residual_samples/batch-32-replication-2.csv,null_statistics/batch-32-replication-2.npy,batch-f5-quadratic-residual-link,13941035214734247316,13286076150323022806,14841287725672624180,0.18181849998654798,,,batch-f5-quadratic-residual-link-20260824-001
F5-quadratic-residual-link,X1,X2,f5-quadratic-residual-link,32,3,0.31243008281546375,0.005,residual_samples/batch-32-replication-3.csv,null_statistics/batch-32-replication-3.npy,batch-f5-quadratic-residual-link,12089135165327668426,18345471498065743543,5748975185226634880,0.18107399996370077,,,batch-f5-quadratic-residual-link-20260824-001
F5-quadratic-residual-link,X1,X2,f5-quadratic-residual-link,32,4,0.3119479909460123,0.005,residual_samples/batch-32-replication-4.csv,null_statistics/batch-32-replication-4.npy,batch-f5-quadratic-residual-link,437164107250566039,17194206612285630516,6297275277250513198,0.18274869996821508,,,batch-f5-quadratic-residual-link-20260824-001
F5-quadratic-residual-link,X1,X2,f5-quadratic-residual-link,32,5,0.30507275112787197,0.005,residual_samples/batch-32-replication-5.csv,null_statistics/batch-32-replication-5.npy,batch-f5-quadratic-residual-link,7467456437696757146,6103604898887927874,8875238613156071154,0.1818290000082925,,,batch-f5-quadratic-residual-link-20260824-001
F5-quadratic-residual-link,X1,X2,f5-quadratic-residual-link,32,6,0.3281234966515683,0.005,residual_samples/batch-32-replication-6.csv,null_statistics/batch-32-replication-6.npy,batch-f5-quadratic-residual-link,5540163593861370665,17975706229055639297,17694325374500094525,0.18644690001383424,,,batch-f5-quadratic-residual-link-20260824-001
F5-quadratic-residual-link,X1,X2,f5-quadratic-residual-link,32,7,0.3361144292978914,0.005,residual_samples/batch-32-replication-7.csv,null_statistics/batch-32-replication-7.npy,batch-f5-quadratic-residual-link,3173963275014823579,9961576053207166387,9151395536734455191,0.1815464999526739,,,batch-f5-quadratic-residual-link-20260824-001
F5-quadratic-residual-link,X1,X2,f5-quadratic-residual-link,32,8,0.34929710779557044,0.005,residual_samples/batch-32-replication-8.csv,null_statistics/batch-32-replication-8.npy,batch-f5-quadratic-residual-link,4579686299828615460,5405596863423361789,9878331661529869777,0.1802019000169821,,,batch-f5-quadratic-residual-link-20260824-001
F5-quadratic-residual-link,X1,X2,f5-quadratic-residual-link,32,9,0.34334107458390434,0.005,residual_samples/batch-32-replication-9.csv,null_statistics/batch-32-replication-9.npy,batch-f5-quadratic-residual-link,7179988074290973989,4933146849323781666,5539320493085526340,0.17847959999926388,,,batch-f5-quadratic-residual-link-20260824-001
F5-quadratic-residual-link,X1,X2,f5-quadratic-residual-link,33,0,0.3427099498109854,0.005,residual_samples/batch-33-replication-0.csv,null_statistics/batch-33-replication-0.npy,batch-f5-quadratic-residual-link,13723967072317983893,8301951679331435392,878529524961411404,0.1831376000191085,,,batch-f5-quadratic-residual-link-20260824-001
F5-quadratic-residual-link,X1,X2,f5-quadratic-residual-link,33,1,0.33689871338631416,0.005,residual_samples/batch-33-replication-1.csv,null_statistics/batch-33-replication-1.npy,batch-f5-quadratic-residual-link,9345539167686642598,5926134673969382057,5294077249829231676,0.1805873999837786,,,batch-f5-quadratic-residual-link-20260824-001
F5-quadratic-residual-link,X1,X2,f5-quadratic-residual-link,33,2,0.33001145663697745,0.005,residual_samples/batch-33-replication-2.csv,null_statistics/batch-33-replication-2.npy,batch-f5-quadratic-residual-link,4446789725156183044,8493330458011233589,4531652638653799770,0.1810772999888286,,,batch-f5-quadratic-residual-link-20260824-001
F5-quadratic-residual-link,X1,X2,f5-quadratic-residual-link,33,3,0.33421131970655443,0.005,residual_samples/batch-33-replication-3.csv,null_statistics/batch-33-replication-3.npy,batch-f5-quadratic-residual-link,3089280102478869830,17425582740624987089,13529545760248094102,0.18402899999637157,,,batch-f5-quadratic-residual-link-20260824-001
F5-quadratic-residual-link,X1,X2,f5-quadratic-residual-link,33,4,0.31204805309980815,0.005,residual_samples/batch-33-replication-4.csv,null_statistics/batch-33-replication-4.npy,batch-f5-quadratic-residual-link,9636801572790522187,1605751041141059635,4051289529414420979,0.17917990003479645,,,batch-f5-quadratic-residual-link-20260824-001
F5-quadratic-residual-link,X1,X2,f5-quadratic-residual-link,33,5,0.31379802218253133,0.005,residual_samples/batch-33-replication-5.csv,null_statistics/batch-33-replication-5.npy,batch-f5-quadratic-residual-link,16992849860494929840,18064478029803768615,14766525329284359470,0.1812625000020489,,,batch-f5-quadratic-residual-link-20260824-001
F5-quadratic-residual-link,X1,X2,f5-quadratic-residual-link,33,6,0.3249449396749465,0.005,residual_samples/batch-33-replication-6.csv,null_statistics/batch-33-replication-6.npy,batch-f5-quadratic-residual-link,13458835833253191204,14341262592035412942,10067740516456872946,0.18092640000395477,,,batch-f5-quadratic-residual-link-20260824-001
F5-quadratic-residual-link,X1,X2,f5-quadratic-residual-link,33,7,0.28862151562971144,0.005,residual_samples/batch-33-replication-7.csv,null_statistics/batch-33-replication-7.npy,batch-f5-quadratic-residual-link,566331435540147784,638139116899544282,2174470509693218896,0.1791720000328496,,,batch-f5-quadratic-residual-link-20260824-001
F5-quadratic-residual-link,X1,X2,f5-quadratic-residual-link,33,8,0.3429435685442342,0.005,residual_samples/batch-33-replication-8.csv,null_statistics/batch-33-replication-8.npy,batch-f5-quadratic-residual-link,8518391506607569366,16289747240065234441,5387328301826593887,0.181516999960877,,,batch-f5-quadratic-residual-link-20260824-001
F5-quadratic-residual-link,X1,X2,f5-quadratic-residual-link,33,9,0.3203724000241151,0.005,residual_samples/batch-33-replication-9.csv,null_statistics/batch-33-replication-9.npy,batch-f5-quadratic-residual-link,13009615624311305152,14392937771056426851,3998256260164815761,0.18122209998546168,,,batch-f5-quadratic-residual-link-20260824-001
F5-quadratic-residual-link,X1,X2,f5-quadratic-residual-link,34,0,0.3367267447758425,0.005,residual_samples/batch-34-replication-0.csv,null_statistics/batch-34-replication-0.npy,batch-f5-quadratic-residual-link,15710163081284036603,2375559799917188231,6329298886008663111,0.1790821000467986,,,batch-f5-quadratic-residual-link-20260824-001
F5-quadratic-residual-link,X1,X2,f5-quadratic-residual-link,34,1,0.3362681826820311,0.005,residual_samples/batch-34-replication-1.csv,null_statistics/batch-34-replication-1.npy,batch-f5-quadratic-residual-link,13152671345616993927,15150734956696022170,16713792216751584611,0.18299960001604632,,,batch-f5-quadratic-residual-link-20260824-001
F5-quadratic-residual-link,X1,X2,f5-quadratic-residual-link,34,2,0.32621683593766754,0.005,residual_samples/batch-34-replication-2.csv,null_statistics/batch-34-replication-2.npy,batch-f5-quadratic-residual-link,18007884991974703102,10981978370900977736,11256040074993616379,0.17948089999845251,,,batch-f5-quadratic-residual-link-20260824-001
F5-quadratic-residual-link,X1,X2,f5-quadratic-residual-link,34,3,0.3164080139637217,0.005,residual_samples/batch-34-replication-3.csv,null_statistics/batch-34-replication-3.npy,batch-f5-quadratic-residual-link,14337570369106064372,11838465805384822556,13039401858661442328,0.18129159999080002,,,batch-f5-quadratic-residual-link-20260824-001
F5-quadratic-residual-link,X1,X2,f5-quadratic-residual-link,34,4,0.35374515729824524,0.005,residual_samples/batch-34-replication-4.csv,null_statistics/batch-34-replication-4.npy,batch-f5-quadratic-residual-link,372074895349384060,13782115872774788068,16575153649931674759,0.18318990000989288,,,batch-f5-quadratic-residual-link-20260824-001
F5-quadratic-residual-link,X1,X2,f5-quadratic-residual-link,34,5,0.3112769348208489,0.005,residual_samples/batch-34-replication-5.csv,null_statistics/batch-34-replication-5.npy,batch-f5-quadratic-residual-link,14588443219361382483,9059479465891896550,16003259979359698895,0.18313099996885285,,,batch-f5-quadratic-residual-link-20260824-001
F5-quadratic-residual-link,X1,X2,f5-quadratic-residual-link,34,6,0.31119044841904203,0.005,residual_samples/batch-34-replication-6.csv,null_statistics/batch-34-replication-6.npy,batch-f5-quadratic-residual-link,252933743405554409,11812676215177014462,6338885932572600103,0.18149330001324415,,,batch-f5-quadratic-residual-link-20260824-001
F5-quadratic-residual-link,X1,X2,f5-quadratic-residual-link,34,7,0.3337803491274687,0.005,residual_samples/batch-34-replication-7.csv,null_statistics/batch-34-replication-7.npy,batch-f5-quadratic-residual-link,2409618660536337295,6931848897287297067,9952767894740613837,0.18389619997469708,,,batch-f5-quadratic-residual-link-20260824-001
F5-quadratic-residual-link,X1,X2,f5-quadratic-residual-link,34,8,0.31114233195238017,0.005,residual_samples/batch-34-replication-8.csv,null_statistics/batch-34-replication-8.npy,batch-f5-quadratic-residual-link,6106966654335503011,14651500997300261355,12012086379357243641,0.18234439997468144,,,batch-f5-quadratic-residual-link-20260824-001
F5-quadratic-residual-link,X1,X2,f5-quadratic-residual-link,34,9,0.34094445192137934,0.005,residual_samples/batch-34-replication-9.csv,null_statistics/batch-34-replication-9.npy,batch-f5-quadratic-residual-link,10031517557975575447,6443472331424334536,2305956299950673761,0.1830564999836497,,,batch-f5-quadratic-residual-link-20260824-001
F5-quadratic-residual-link,X1,X2,f5-quadratic-residual-link,35,0,0.32170589109832415,0.005,residual_samples/batch-35-replication-0.csv,null_statistics/batch-35-replication-0.npy,batch-f5-quadratic-residual-link,8899645455538476730,9890450686413510023,8911093669882419633,0.18048059998545796,,,batch-f5-quadratic-residual-link-20260824-001
F5-quadratic-residual-link,X1,X2,f5-quadratic-residual-link,35,1,0.32071136725377714,0.005,residual_samples/batch-35-replication-1.csv,null_statistics/batch-35-replication-1.npy,batch-f5-quadratic-residual-link,3229432316899629392,9244394738218443351,6393868045755761779,0.17854410002473742,,,batch-f5-quadratic-residual-link-20260824-001
F5-quadratic-residual-link,X1,X2,f5-quadratic-residual-link,35,2,0.3192204502096914,0.005,residual_samples/batch-35-replication-2.csv,null_statistics/batch-35-replication-2.npy,batch-f5-quadratic-residual-link,4387732316897487557,16652850213587660410,10167002276477883590,0.1839557999628596,,,batch-f5-quadratic-residual-link-20260824-001
F5-quadratic-residual-link,X1,X2,f5-quadratic-residual-link,35,3,0.29784870199238733,0.005,residual_samples/batch-35-replication-3.csv,null_statistics/batch-35-replication-3.npy,batch-f5-quadratic-residual-link,14777608635156968227,1040442508090304993,1468408553491945644,0.18208559998311102,,,batch-f5-quadratic-residual-link-20260824-001
F5-quadratic-residual-link,X1,X2,f5-quadratic-residual-link,35,4,0.35517333700469605,0.005,residual_samples/batch-35-replication-4.csv,null_statistics/batch-35-replication-4.npy,batch-f5-quadratic-residual-link,13581222456502777254,7498462575990660563,14376779047447572189,0.18189770000753924,,,batch-f5-quadratic-residual-link-20260824-001
F5-quadratic-residual-link,X1,X2,f5-quadratic-residual-link,35,5,0.32121954618171944,0.005,residual_samples/batch-35-replication-5.csv,null_statistics/batch-35-replication-5.npy,batch-f5-quadratic-residual-link,16010258919588458436,1178294629302351748,6805957892546558401,0.18272469996009022,,,batch-f5-quadratic-residual-link-20260824-001
F5-quadratic-residual-link,X1,X2,f5-quadratic-residual-link,35,6,0.33722598653244706,0.005,residual_samples/batch-35-replication-6.csv,null_statistics/batch-35-replication-6.npy,batch-f5-quadratic-residual-link,2176997247974486076,15640748794337109199,17066533106268480166,0.18074839998735115,,,batch-f5-quadratic-residual-link-20260824-001
F5-quadratic-residual-link,X1,X2,f5-quadratic-residual-link,35,7,0.3496347604927261,0.005,residual_samples/batch-35-replication-7.csv,null_statistics/batch-35-replication-7.npy,batch-f5-quadratic-residual-link,11867763663713639441,8758833217830117016,9709861448684060519,0.1826409999630414,,,batch-f5-quadratic-residual-link-20260824-001
F5-quadratic-residual-link,X1,X2,f5-quadratic-residual-link,35,8,0.30477664044636454,0.005,residual_samples/batch-35-replication-8.csv,null_statistics/batch-35-replication-8.npy,batch-f5-quadratic-residual-link,12828136844837824134,15553905354721746297,14870419834234255890,0.18224940000800416,,,batch-f5-quadratic-residual-link-20260824-001
F5-quadratic-residual-link,X1,X2,f5-quadratic-residual-link,35,9,0.3135567871526549,0.005,residual_samples/batch-35-replication-9.csv,null_statistics/batch-35-replication-9.npy,batch-f5-quadratic-residual-link,16678271941456168654,8127079396511179954,11140685907298564539,0.1798177000018768,,,batch-f5-quadratic-residual-link-20260824-001
F5-quadratic-residual-link,X1,X2,f5-quadratic-residual-link,36,0,0.3124670782350252,0.005,residual_samples/batch-36-replication-0.csv,null_statistics/batch-36-replication-0.npy,batch-f5-quadratic-residual-link,4296218181907588464,9406324416546596247,5487854200974200732,0.18201089999638498,,,batch-f5-quadratic-residual-link-20260824-001
F5-quadratic-residual-link,X1,X2,f5-quadratic-residual-link,36,1,0.3134949966799336,0.005,residual_samples/batch-36-replication-1.csv,null_statistics/batch-36-replication-1.npy,batch-f5-quadratic-residual-link,11772775414696756633,4480977766302699217,4962004387494866600,0.18245380005100742,,,batch-f5-quadratic-residual-link-20260824-001
F5-quadratic-residual-link,X1,X2,f5-quadratic-residual-link,36,2,0.3080935678953338,0.005,residual_samples/batch-36-replication-2.csv,null_statistics/batch-36-replication-2.npy,batch-f5-quadratic-residual-link,2320728932311625881,18172578536054979340,14314398822776748618,0.18309740000404418,,,batch-f5-quadratic-residual-link-20260824-001
F5-quadratic-residual-link,X1,X2,f5-quadratic-residual-link,36,3,0.3092841484287144,0.005,residual_samples/batch-36-replication-3.csv,null_statistics/batch-36-replication-3.npy,batch-f5-quadratic-residual-link,11563829136282037964,12737679816362025989,4895843029301240986,0.18217970000114292,,,batch-f5-quadratic-residual-link-20260824-001
F5-quadratic-residual-link,X1,X2,f5-quadratic-residual-link,36,4,0.3295029850124949,0.005,residual_samples/batch-36-replication-4.csv,null_statistics/batch-36-replication-4.npy,batch-f5-quadratic-residual-link,16230966695928233009,3957105259008527984,17092621047108129417,0.18052289995830506,,,batch-f5-quadratic-residual-link-20260824-001
F5-quadratic-residual-link,X1,X2,f5-quadratic-residual-link,36,5,0.28614833930399125,0.005,residual_samples/batch-36-replication-5.csv,null_statistics/batch-36-replication-5.npy,batch-f5-quadratic-residual-link,5316865604568464195,3404808343957516386,157709253257534682,0.17900080000981688,,,batch-f5-quadratic-residual-link-20260824-001
F5-quadratic-residual-link,X1,X2,f5-quadratic-residual-link,36,6,0.3047089699082818,0.005,residual_samples/batch-36-replication-6.csv,null_statistics/batch-36-replication-6.npy,batch-f5-quadratic-residual-link,3056263456434649399,11686814755895963229,9284995246778001985,0.18342489999486133,,,batch-f5-quadratic-residual-link-20260824-001
F5-quadratic-residual-link,X1,X2,f5-quadratic-residual-link,36,7,0.3139282870968656,0.005,residual_samples/batch-36-replication-7.csv,null_statistics/batch-36-replication-7.npy,batch-f5-quadratic-residual-link,350945776150504913,13911185653438178761,13131986232727164286,0.17774720001034439,,,batch-f5-quadratic-residual-link-20260824-001
F5-quadratic-residual-link,X1,X2,f5-quadratic-residual-link,36,8,0.31686476033969985,0.005,residual_samples/batch-36-replication-8.csv,null_statistics/batch-36-replication-8.npy,batch-f5-quadratic-residual-link,13555961518130361319,2266658613589679982,18158668453420507553,0.18320939998375252,,,batch-f5-quadratic-residual-link-20260824-001
F5-quadratic-residual-link,X1,X2,f5-quadratic-residual-link,36,9,0.33992402343670297,0.005,residual_samples/batch-36-replication-9.csv,null_statistics/batch-36-replication-9.npy,batch-f5-quadratic-residual-link,8238637721938712306,16772172844628011136,14725331947275355250,0.19276439998066053,,,batch-f5-quadratic-residual-link-20260824-001
F5-quadratic-residual-link,X1,X2,f5-quadratic-residual-link,37,0,0.3361349976622941,0.005,residual_samples/batch-37-replication-0.csv,null_statistics/batch-37-replication-0.npy,batch-f5-quadratic-residual-link,18199584332219007261,11793226991673888773,17745109797456290917,0.18534680001903325,,,batch-f5-quadratic-residual-link-20260824-001
F5-quadratic-residual-link,X1,X2,f5-quadratic-residual-link,37,1,0.31189131063254966,0.005,residual_samples/batch-37-replication-1.csv,null_statistics/batch-37-replication-1.npy,batch-f5-quadratic-residual-link,5921844464788118361,14444141392427907595,11386474495611238771,0.1833187000011094,,,batch-f5-quadratic-residual-link-20260824-001
F5-quadratic-residual-link,X1,X2,f5-quadratic-residual-link,37,2,0.3190408304776663,0.005,residual_samples/batch-37-replication-2.csv,null_statistics/batch-37-replication-2.npy,batch-f5-quadratic-residual-link,17632881249894310504,11966781408195880111,1854655484359160393,0.18269440002040938,,,batch-f5-quadratic-residual-link-20260824-001
F5-quadratic-residual-link,X1,X2,f5-quadratic-residual-link,37,3,0.32605068967198414,0.005,residual_samples/batch-37-replication-3.csv,null_statistics/batch-37-replication-3.npy,batch-f5-quadratic-residual-link,11275762388971324396,8014551493330976617,15449953807077832645,0.18099780002376065,,,batch-f5-quadratic-residual-link-20260824-001
F5-quadratic-residual-link,X1,X2,f5-quadratic-residual-link,37,4,0.32516351103288565,0.005,residual_samples/batch-37-replication-4.csv,null_statistics/batch-37-replication-4.npy,batch-f5-quadratic-residual-link,4198378198229127439,1816281959715631627,17627957645886034248,0.18093859998043627,,,batch-f5-quadratic-residual-link-20260824-001
F5-quadratic-residual-link,X1,X2,f5-quadratic-residual-link,37,5,0.3312439604493665,0.005,residual_samples/batch-37-replication-5.csv,null_statistics/batch-37-replication-5.npy,batch-f5-quadratic-residual-link,16352746259257432952,17386607438289944403,9603252624720311909,0.18197470001177862,,,batch-f5-quadratic-residual-link-20260824-001
F5-quadratic-residual-link,X1,X2,f5-quadratic-residual-link,37,6,0.31922830667511976,0.005,residual_samples/batch-37-replication-6.csv,null_statistics/batch-37-replication-6.npy,batch-f5-quadratic-residual-link,5835479371362225456,2386139267812565751,15618025098958140336,0.1818403000361286,,,batch-f5-quadratic-residual-link-20260824-001
F5-quadratic-residual-link,X1,X2,f5-quadratic-residual-link,37,7,0.30932001653484537,0.005,residual_samples/batch-37-replication-7.csv,null_statistics/batch-37-replication-7.npy,batch-f5-quadratic-residual-link,8853375421949530641,17486963415750171252,1094133916044909763,0.18231699999887496,,,batch-f5-quadratic-residual-link-20260824-001
F5-quadratic-residual-link,X1,X2,f5-quadratic-residual-link,37,8,0.3408229852699429,0.005,residual_samples/batch-37-replication-8.csv,null_statistics/batch-37-replication-8.npy,batch-f5-quadratic-residual-link,16972955026829038931,17550315913391734112,7518035850998116258,0.18214129999978468,,,batch-f5-quadratic-residual-link-20260824-001
F5-quadratic-residual-link,X1,X2,f5-quadratic-residual-link,37,9,0.3254742004187147,0.005,residual_samples/batch-37-replication-9.csv,null_statistics/batch-37-replication-9.npy,batch-f5-quadratic-residual-link,2941776814101686218,12083362549622722995,6734781289932687803,0.17978219996439293,,,batch-f5-quadratic-residual-link-20260824-001
F5-quadratic-residual-link,X1,X2,f5-quadratic-residual-link,38,0,0.3208469405130397,0.005,residual_samples/batch-38-replication-0.csv,null_statistics/batch-38-replication-0.npy,batch-f5-quadratic-residual-link,5618997476566731872,6333992218908530112,11536251825766275763,0.1858665999607183,,,batch-f5-quadratic-residual-link-20260824-001
F5-quadratic-residual-link,X1,X2,f5-quadratic-residual-link,38,1,0.33829494037443036,0.005,residual_samples/batch-38-replication-1.csv,null_statistics/batch-38-replication-1.npy,batch-f5-quadratic-residual-link,8747970918878751571,12465865574345187376,8588592744910924235,0.1822138999705203,,,batch-f5-quadratic-residual-link-20260824-001
F5-quadratic-residual-link,X1,X2,f5-quadratic-residual-link,38,2,0.3140943094945029,0.005,residual_samples/batch-38-replication-2.csv,null_statistics/batch-38-replication-2.npy,batch-f5-quadratic-residual-link,2394826007649605832,768023617405504603,3878336858657020852,0.18319450004491955,,,batch-f5-quadratic-residual-link-20260824-001
F5-quadratic-residual-link,X1,X2,f5-quadratic-residual-link,38,3,0.3290706328046808,0.005,residual_samples/batch-38-replication-3.csv,null_statistics/batch-38-replication-3.npy,batch-f5-quadratic-residual-link,4248138459560819683,17363403850689656180,2985432005566748152,0.18184709997149184,,,batch-f5-quadratic-residual-link-20260824-001
F5-quadratic-residual-link,X1,X2,f5-quadratic-residual-link,38,4,0.3283631215237452,0.005,residual_samples/batch-38-replication-4.csv,null_statistics/batch-38-replication-4.npy,batch-f5-quadratic-residual-link,12302389830564062836,16730410459617232273,15737006666743398192,0.1843092999770306,,,batch-f5-quadratic-residual-link-20260824-001
F5-quadratic-residual-link,X1,X2,f5-quadratic-residual-link,38,5,0.3485935758661287,0.005,residual_samples/batch-38-replication-5.csv,null_statistics/batch-38-replication-5.npy,batch-f5-quadratic-residual-link,4595898928078437825,13092442065614580493,16212046319501372832,0.18617010000161827,,,batch-f5-quadratic-residual-link-20260824-001
F5-quadratic-residual-link,X1,X2,f5-quadratic-residual-link,38,6,0.30259005954168505,0.005,residual_samples/batch-38-replication-6.csv,null_statistics/batch-38-replication-6.npy,batch-f5-quadratic-residual-link,5302391789992114886,2843191138109811742,8401532018977370893,0.18133839999791235,,,batch-f5-quadratic-residual-link-20260824-001
F5-quadratic-residual-link,X1,X2,f5-quadratic-residual-link,38,7,0.3169506085149528,0.005,residual_samples/batch-38-replication-7.csv,null_statistics/batch-38-replication-7.npy,batch-f5-quadratic-residual-link,8561806264405569983,422087009950159171,14173657356499060833,0.18049230001633987,,,batch-f5-quadratic-residual-link-20260824-001
F5-quadratic-residual-link,X1,X2,f5-quadratic-residual-link,38,8,0.32702815074768693,0.005,residual_samples/batch-38-replication-8.csv,null_statistics/batch-38-replication-8.npy,batch-f5-quadratic-residual-link,13117792714196227767,901381963502895566,5385935609436790005,0.180729900021106,,,batch-f5-quadratic-residual-link-20260824-001
F5-quadratic-residual-link,X1,X2,f5-quadratic-residual-link,38,9,0.3036970570624193,0.005,residual_samples/batch-38-replication-9.csv,null_statistics/batch-38-replication-9.npy,batch-f5-quadratic-residual-link,3923132621217001801,5093223558626559545,14942085895024252514,0.18091900000581518,,,batch-f5-quadratic-residual-link-20260824-001
F5-quadratic-residual-link,X1,X2,f5-quadratic-residual-link,39,0,0.3121792428354404,0.005,residual_samples/batch-39-replication-0.csv,null_statistics/batch-39-replication-0.npy,batch-f5-quadratic-residual-link,3540073059013745070,1154640116090498513,4491202850914332821,0.18360279995249584,,,batch-f5-quadratic-residual-link-20260824-001
F5-quadratic-residual-link,X1,X2,f5-quadratic-residual-link,39,1,0.32012464821035685,0.005,residual_samples/batch-39-replication-1.csv,null_statistics/batch-39-replication-1.npy,batch-f5-quadratic-residual-link,11959299451851788822,4169376814434495459,9887404869414217728,0.1842616000212729,,,batch-f5-quadratic-residual-link-20260824-001
F5-quadratic-residual-link,X1,X2,f5-quadratic-residual-link,39,2,0.33763845182329844,0.005,residual_samples/batch-39-replication-2.csv,null_statistics/batch-39-replication-2.npy,batch-f5-quadratic-residual-link,13864085780869204393,3833540102551782443,8517619096125840066,0.18529459997080266,,,batch-f5-quadratic-residual-link-20260824-001
F5-quadratic-residual-link,X1,X2,f5-quadratic-residual-link,39,3,0.3446510428359046,0.005,residual_samples/batch-39-replication-3.csv,null_statistics/batch-39-replication-3.npy,batch-f5-quadratic-residual-link,15827882092196817198,2471237844120439672,5286373450104271796,0.18110749998595566,,,batch-f5-quadratic-residual-link-20260824-001
F5-quadratic-residual-link,X1,X2,f5-quadratic-residual-link,39,4,0.30826885427748296,0.005,residual_samples/batch-39-replication-4.csv,null_statistics/batch-39-replication-4.npy,batch-f5-quadratic-residual-link,14278361011247274953,11592876189234722419,14069440387822799642,0.1822780000511557,,,batch-f5-quadratic-residual-link-20260824-001
F5-quadratic-residual-link,X1,X2,f5-quadratic-residual-link,39,5,0.32218359860772233,0.005,residual_samples/batch-39-replication-5.csv,null_statistics/batch-39-replication-5.npy,batch-f5-quadratic-residual-link,11485491560382413066,9137817698242869148,6026456513441931085,0.18142099998658523,,,batch-f5-quadratic-residual-link-20260824-001
F5-quadratic-residual-link,X1,X2,f5-quadratic-residual-link,39,6,0.3207466997455104,0.005,residual_samples/batch-39-replication-6.csv,null_statistics/batch-39-replication-6.npy,batch-f5-quadratic-residual-link,10186473023912441145,6096429148710709020,13957109396732438687,0.1830927999690175,,,batch-f5-quadratic-residual-link-20260824-001
F5-quadratic-residual-link,X1,X2,f5-quadratic-residual-link,39,7,0.3290065806174742,0.005,residual_samples/batch-39-replication-7.csv,null_statistics/batch-39-replication-7.npy,batch-f5-quadratic-residual-link,3642051605346744228,7956211087376151696,6819273807009316963,0.18406729999696836,,,batch-f5-quadratic-residual-link-20260824-001
F5-quadratic-residual-link,X1,X2,f5-quadratic-residual-link,39,8,0.33703201858210496,0.005,residual_samples/batch-39-replication-8.csv,null_statistics/batch-39-replication-8.npy,batch-f5-quadratic-residual-link,15593918979607717509,18020041027896512427,13878770889203819070,0.18039190000854433,,,batch-f5-quadratic-residual-link-20260824-001
F5-quadratic-residual-link,X1,X2,f5-quadratic-residual-link,39,9,0.3328402445484622,0.005,residual_samples/batch-39-replication-9.csv,null_statistics/batch-39-replication-9.npy,batch-f5-quadratic-residual-link,3855486565164337620,11604751178033001554,17735549688815224458,0.181910399987828,,,batch-f5-quadratic-residual-link-20260824-001
F5-quadratic-residual-link,X1,X2,f5-quadratic-residual-link,40,0,0.30974883067635783,0.005,residual_samples/batch-40-replication-0.csv,null_statistics/batch-40-replication-0.npy,batch-f5-quadratic-residual-link,10841438554347718490,5218912013831912845,12790911502614544344,0.1815677999984473,,,batch-f5-quadratic-residual-link-20260824-001
F5-quadratic-residual-link,X1,X2,f5-quadratic-residual-link,40,1,0.3214285565667847,0.005,residual_samples/batch-40-replication-1.csv,null_statistics/batch-40-replication-1.npy,batch-f5-quadratic-residual-link,14438770204477838810,16928347404164022810,16383176334894353075,0.1834977999678813,,,batch-f5-quadratic-residual-link-20260824-001
F5-quadratic-residual-link,X1,X2,f5-quadratic-residual-link,40,2,0.34645375587079447,0.005,residual_samples/batch-40-replication-2.csv,null_statistics/batch-40-replication-2.npy,batch-f5-quadratic-residual-link,16893029889150411316,2343482385696406037,7031726465689865047,0.1820822000154294,,,batch-f5-quadratic-residual-link-20260824-001
F5-quadratic-residual-link,X1,X2,f5-quadratic-residual-link,40,3,0.3111530211650325,0.005,residual_samples/batch-40-replication-3.csv,null_statistics/batch-40-replication-3.npy,batch-f5-quadratic-residual-link,13845811491374277820,6302707909009948232,15582127584674457265,0.18011219997424632,,,batch-f5-quadratic-residual-link-20260824-001
F5-quadratic-residual-link,X1,X2,f5-quadratic-residual-link,40,4,0.3150139799780925,0.005,residual_samples/batch-40-replication-4.csv,null_statistics/batch-40-replication-4.npy,batch-f5-quadratic-residual-link,11133937495747401613,12222981442556404990,11630587030627213678,0.18364510004175827,,,batch-f5-quadratic-residual-link-20260824-001
F5-quadratic-residual-link,X1,X2,f5-quadratic-residual-link,40,5,0.3284339514529205,0.005,residual_samples/batch-40-replication-5.csv,null_statistics/batch-40-replication-5.npy,batch-f5-quadratic-residual-link,8227499557920854593,10409330506789913189,13906699095129588256,0.1800902999821119,,,batch-f5-quadratic-residual-link-20260824-001
F5-quadratic-residual-link,X1,X2,f5-quadratic-residual-link,40,6,0.3293035949386896,0.005,residual_samples/batch-40-replication-6.csv,null_statistics/batch-40-replication-6.npy,batch-f5-quadratic-residual-link,8134040446795712647,11189624793868706150,6044291060787794924,0.1789316000067629,,,batch-f5-quadratic-residual-link-20260824-001
F5-quadratic-residual-link,X1,X2,f5-quadratic-residual-link,40,7,0.3139461361484102,0.005,residual_samples/batch-40-replication-7.csv,null_statistics/batch-40-replication-7.npy,batch-f5-quadratic-residual-link,1876600562066241092,1973274503070360712,6365048108807126272,0.18588910001562908,,,batch-f5-quadratic-residual-link-20260824-001
F5-quadratic-residual-link,X1,X2,f5-quadratic-residual-link,40,8,0.31814079052695304,0.005,residual_samples/batch-40-replication-8.csv,null_statistics/batch-40-replication-8.npy,batch-f5-quadratic-residual-link,9434081491957016845,16931970602575212653,8838874836038000753,0.18016210000496358,,,batch-f5-quadratic-residual-link-20260824-001
F5-quadratic-residual-link,X1,X2,f5-quadratic-residual-link,40,9,0.34228879847978805,0.005,residual_samples/batch-40-replication-9.csv,null_statistics/batch-40-replication-9.npy,batch-f5-quadratic-residual-link,10172188770103669094,12434116004931257510,2575052798284365578,0.1792789000319317,,,batch-f5-quadratic-residual-link-20260824-001
F5-quadratic-residual-link,X1,X2,f5-quadratic-residual-link,41,0,0.33858563750648707,0.005,residual_samples/batch-41-replication-0.csv,null_statistics/batch-41-replication-0.npy,batch-f5-quadratic-residual-link,3681374510493126910,4314956316886778521,12113994232544066394,0.18251980002969503,,,batch-f5-quadratic-residual-link-20260824-001
F5-quadratic-residual-link,X1,X2,f5-quadratic-residual-link,41,1,0.3264705250545669,0.005,residual_samples/batch-41-replication-1.csv,null_statistics/batch-41-replication-1.npy,batch-f5-quadratic-residual-link,2528486403704929548,5112865707061046576,11714415798253591089,0.177844499994535,,,batch-f5-quadratic-residual-link-20260824-001
F5-quadratic-residual-link,X1,X2,f5-quadratic-residual-link,41,2,0.3170060063970691,0.005,residual_samples/batch-41-replication-2.csv,null_statistics/batch-41-replication-2.npy,batch-f5-quadratic-residual-link,11731391232584174690,14876385072037169300,2033320071952601981,0.1817358999978751,,,batch-f5-quadratic-residual-link-20260824-001
F5-quadratic-residual-link,X1,X2,f5-quadratic-residual-link,41,3,0.3176397164437921,0.005,residual_samples/batch-41-replication-3.csv,null_statistics/batch-41-replication-3.npy,batch-f5-quadratic-residual-link,7374573438840462231,5880219933059753700,9594300140552873838,0.1840183000313118,,,batch-f5-quadratic-residual-link-20260824-001
F5-quadratic-residual-link,X1,X2,f5-quadratic-residual-link,41,4,0.3007264793667415,0.005,residual_samples/batch-41-replication-4.csv,null_statistics/batch-41-replication-4.npy,batch-f5-quadratic-residual-link,18101113212788314203,656955927329152897,7120419282827614377,0.18046169995795935,,,batch-f5-quadratic-residual-link-20260824-001
F5-quadratic-residual-link,X1,X2,f5-quadratic-residual-link,41,5,0.3068091781977771,0.005,residual_samples/batch-41-replication-5.csv,null_statistics/batch-41-replication-5.npy,batch-f5-quadratic-residual-link,918466470021281635,14344713614163262188,10358179249190143729,0.17956010001944378,,,batch-f5-quadratic-residual-link-20260824-001
F5-quadratic-residual-link,X1,X2,f5-quadratic-residual-link,41,6,0.3233248097068294,0.005,residual_samples/batch-41-replication-6.csv,null_statistics/batch-41-replication-6.npy,batch-f5-quadratic-residual-link,13682210048344377179,17569470043168938801,4660802204910795246,0.18334390001837164,,,batch-f5-quadratic-residual-link-20260824-001
F5-quadratic-residual-link,X1,X2,f5-quadratic-residual-link,41,7,0.3468800324007847,0.005,residual_samples/batch-41-replication-7.csv,null_statistics/batch-41-replication-7.npy,batch-f5-quadratic-residual-link,1821798373901998860,6523342354414856588,401510665451530253,0.17941480001900345,,,batch-f5-quadratic-residual-link-20260824-001
F5-quadratic-residual-link,X1,X2,f5-quadratic-residual-link,41,8,0.319003184122974,0.005,residual_samples/batch-41-replication-8.csv,null_statistics/batch-41-replication-8.npy,batch-f5-quadratic-residual-link,12862646840137579266,18024221226092179226,6708110711453841911,0.18362560000969097,,,batch-f5-quadratic-residual-link-20260824-001
F5-quadratic-residual-link,X1,X2,f5-quadratic-residual-link,41,9,0.317537834201651,0.005,residual_samples/batch-41-replication-9.csv,null_statistics/batch-41-replication-9.npy,batch-f5-quadratic-residual-link,17415834767045580220,15415684077961891103,606499265651550201,0.1772752000251785,,,batch-f5-quadratic-residual-link-20260824-001
F5-quadratic-residual-link,X1,X2,f5-quadratic-residual-link,42,0,0.31044871756411613,0.005,residual_samples/batch-42-replication-0.csv,null_statistics/batch-42-replication-0.npy,batch-f5-quadratic-residual-link,17396805394162069690,10379419280049144755,10571055094445910057,0.1779567000339739,,,batch-f5-quadratic-residual-link-20260824-001
F5-quadratic-residual-link,X1,X2,f5-quadratic-residual-link,42,1,0.31208163618722284,0.005,residual_samples/batch-42-replication-1.csv,null_statistics/batch-42-replication-1.npy,batch-f5-quadratic-residual-link,3902700266660616235,16835741695037060527,5469501459336984390,0.17841900000348687,,,batch-f5-quadratic-residual-link-20260824-001
F5-quadratic-residual-link,X1,X2,f5-quadratic-residual-link,42,2,0.3151888911444059,0.005,residual_samples/batch-42-replication-2.csv,null_statistics/batch-42-replication-2.npy,batch-f5-quadratic-residual-link,6550135306022934513,1141795088215158577,5604268826752888536,0.18016129999887198,,,batch-f5-quadratic-residual-link-20260824-001
F5-quadratic-residual-link,X1,X2,f5-quadratic-residual-link,42,3,0.3344006649519529,0.005,residual_samples/batch-42-replication-3.csv,null_statistics/batch-42-replication-3.npy,batch-f5-quadratic-residual-link,2428034918616932251,12591026745985247094,940253126635235772,0.1818277999991551,,,batch-f5-quadratic-residual-link-20260824-001
F5-quadratic-residual-link,X1,X2,f5-quadratic-residual-link,42,4,0.3228231209891842,0.005,residual_samples/batch-42-replication-4.csv,null_statistics/batch-42-replication-4.npy,batch-f5-quadratic-residual-link,12865048367677053097,18322764826374825502,18101767652083555578,0.18345729995053262,,,batch-f5-quadratic-residual-link-20260824-001
F5-quadratic-residual-link,X1,X2,f5-quadratic-residual-link,42,5,0.33145788622702005,0.005,residual_samples/batch-42-replication-5.csv,null_statistics/batch-42-replication-5.npy,batch-f5-quadratic-residual-link,11996750875390149341,17717926791425395963,1846298233884235461,0.1808655000058934,,,batch-f5-quadratic-residual-link-20260824-001
F5-quadratic-residual-link,X1,X2,f5-quadratic-residual-link,42,6,0.3201347009479044,0.005,residual_samples/batch-42-replication-6.csv,null_statistics/batch-42-replication-6.npy,batch-f5-quadratic-residual-link,17390511227675476785,684302084140684957,3722280480916193670,0.18249050003942102,,,batch-f5-quadratic-residual-link-20260824-001
F5-quadratic-residual-link,X1,X2,f5-quadratic-residual-link,42,7,0.32892874501142005,0.005,residual_samples/batch-42-replication-7.csv,null_statistics/batch-42-replication-7.npy,batch-f5-quadratic-residual-link,3899975772607337766,14847753436330089485,8064015542459573525,0.1795375000219792,,,batch-f5-quadratic-residual-link-20260824-001
F5-quadratic-residual-link,X1,X2,f5-quadratic-residual-link,42,8,0.3417232644136722,0.005,residual_samples/batch-42-replication-8.csv,null_statistics/batch-42-replication-8.npy,batch-f5-quadratic-residual-link,16875547045124575686,3015572650923344641,10916695319864903811,0.18005829997127876,,,batch-f5-quadratic-residual-link-20260824-001
F5-quadratic-residual-link,X1,X2,f5-quadratic-residual-link,42,9,0.3338654337493332,0.005,residual_samples/batch-42-replication-9.csv,null_statistics/batch-42-replication-9.npy,batch-f5-quadratic-residual-link,10718083786760567736,17182733149640914752,2611744681871834664,0.18267369997920468,,,batch-f5-quadratic-residual-link-20260824-001
F5-quadratic-residual-link,X1,X2,f5-quadratic-residual-link,43,0,0.3412901072586554,0.005,residual_samples/batch-43-replication-0.csv,null_statistics/batch-43-replication-0.npy,batch-f5-quadratic-residual-link,1531556811218726590,16791151141930116686,6087275727126877404,0.1823978999746032,,,batch-f5-quadratic-residual-link-20260824-001
F5-quadratic-residual-link,X1,X2,f5-quadratic-residual-link,43,1,0.33033641206210773,0.005,residual_samples/batch-43-replication-1.csv,null_statistics/batch-43-replication-1.npy,batch-f5-quadratic-residual-link,7513060851677407289,5224649397284596393,13194771313063804136,0.1807474999804981,,,batch-f5-quadratic-residual-link-20260824-001
F5-quadratic-residual-link,X1,X2,f5-quadratic-residual-link,43,2,0.31994748931592,0.005,residual_samples/batch-43-replication-2.csv,null_statistics/batch-43-replication-2.npy,batch-f5-quadratic-residual-link,17921660709038714715,4275863202192642127,14517728987015394495,0.18139979999978095,,,batch-f5-quadratic-residual-link-20260824-001
F5-quadratic-residual-link,X1,X2,f5-quadratic-residual-link,43,3,0.32917951221753217,0.005,residual_samples/batch-43-replication-3.csv,null_statistics/batch-43-replication-3.npy,batch-f5-quadratic-residual-link,12830362133581458862,17974686522763700343,16270516083631626658,0.17975880001904443,,,batch-f5-quadratic-residual-link-20260824-001
F5-quadratic-residual-link,X1,X2,f5-quadratic-residual-link,43,4,0.307495704248615,0.005,residual_samples/batch-43-replication-4.csv,null_statistics/batch-43-replication-4.npy,batch-f5-quadratic-residual-link,6454942720871663424,4783730012354696678,17405212098240380917,0.1820659000077285,,,batch-f5-quadratic-residual-link-20260824-001
F5-quadratic-residual-link,X1,X2,f5-quadratic-residual-link,43,5,0.3203301139689721,0.005,residual_samples/batch-43-replication-5.csv,null_statistics/batch-43-replication-5.npy,batch-f5-quadratic-residual-link,8456100732895788744,1780728067283346587,16038991745289905979,0.18279369996162131,,,batch-f5-quadratic-residual-link-20260824-001
F5-quadratic-residual-link,X1,X2,f5-quadratic-residual-link,43,6,0.30212175265516544,0.005,residual_samples/batch-43-replication-6.csv,null_statistics/batch-43-replication-6.npy,batch-f5-quadratic-residual-link,2534309650662754335,17953436278549299083,17998123612572747158,0.18704320001415908,,,batch-f5-quadratic-residual-link-20260824-001
F5-quadratic-residual-link,X1,X2,f5-quadratic-residual-link,43,7,0.2931346759239521,0.005,residual_samples/batch-43-replication-7.csv,null_statistics/batch-43-replication-7.npy,batch-f5-quadratic-residual-link,7992559661063499170,10662253903006771463,15500321442773019654,0.19095040002139285,,,batch-f5-quadratic-residual-link-20260824-001
F5-quadratic-residual-link,X1,X2,f5-quadratic-residual-link,43,8,0.326375384262418,0.005,residual_samples/batch-43-replication-8.csv,null_statistics/batch-43-replication-8.npy,batch-f5-quadratic-residual-link,18167952457138558642,2903814309564203799,6460270552112375437,0.1819163000327535,,,batch-f5-quadratic-residual-link-20260824-001
F5-quadratic-residual-link,X1,X2,f5-quadratic-residual-link,43,9,0.31058597675347155,0.005,residual_samples/batch-43-replication-9.csv,null_statistics/batch-43-replication-9.npy,batch-f5-quadratic-residual-link,16410872494987063729,6966747909965878220,9941741930756506738,0.18193030002294108,,,batch-f5-quadratic-residual-link-20260824-001
F5-quadratic-residual-link,X1,X2,f5-quadratic-residual-link,44,0,0.3152830837884345,0.005,residual_samples/batch-44-replication-0.csv,null_statistics/batch-44-replication-0.npy,batch-f5-quadratic-residual-link,11846657913474911263,5656069080396228642,12454999169073389959,0.18339969997759908,,,batch-f5-quadratic-residual-link-20260824-001
F5-quadratic-residual-link,X1,X2,f5-quadratic-residual-link,44,1,0.31006559578052545,0.005,residual_samples/batch-44-replication-1.csv,null_statistics/batch-44-replication-1.npy,batch-f5-quadratic-residual-link,12377367980000102714,6372628451210506847,9729190107575038978,0.18237120000412688,,,batch-f5-quadratic-residual-link-20260824-001
F5-quadratic-residual-link,X1,X2,f5-quadratic-residual-link,44,2,0.3358501903478068,0.005,residual_samples/batch-44-replication-2.csv,null_statistics/batch-44-replication-2.npy,batch-f5-quadratic-residual-link,166977064100082643,7831708767879979682,13659193708935404011,0.17890749999787658,,,batch-f5-quadratic-residual-link-20260824-001
F5-quadratic-residual-link,X1,X2,f5-quadratic-residual-link,44,3,0.3212938731522511,0.005,residual_samples/batch-44-replication-3.csv,null_statistics/batch-44-replication-3.npy,batch-f5-quadratic-residual-link,1472960904339382117,4845640658775045839,18011432790159793507,0.1821510000154376,,,batch-f5-quadratic-residual-link-20260824-001
F5-quadratic-residual-link,X1,X2,f5-quadratic-residual-link,44,4,0.3237159510871344,0.005,residual_samples/batch-44-replication-4.csv,null_statistics/batch-44-replication-4.npy,batch-f5-quadratic-residual-link,17984941984731807227,13926332373165260305,12694110000132121039,0.1797622999874875,,,batch-f5-quadratic-residual-link-20260824-001
F5-quadratic-residual-link,X1,X2,f5-quadratic-residual-link,44,5,0.3377969976893128,0.005,residual_samples/batch-44-replication-5.csv,null_statistics/batch-44-replication-5.npy,batch-f5-quadratic-residual-link,12205024122063442932,14327488612955855662,3975491671554155922,0.1789660999784246,,,batch-f5-quadratic-residual-link-20260824-001
F5-quadratic-residual-link,X1,X2,f5-quadratic-residual-link,44,6,0.32952758762866385,0.005,residual_samples/batch-44-replication-6.csv,null_statistics/batch-44-replication-6.npy,batch-f5-quadratic-residual-link,8857736264037010179,11792776547746025897,8895588948721383124,0.1834981000283733,,,batch-f5-quadratic-residual-link-20260824-001
F5-quadratic-residual-link,X1,X2,f5-quadratic-residual-link,44,7,0.3106982031466767,0.005,residual_samples/batch-44-replication-7.csv,null_statistics/batch-44-replication-7.npy,batch-f5-quadratic-residual-link,9467911634686757269,11785360018812692142,4822753196332745757,0.182628599985037,,,batch-f5-quadratic-residual-link-20260824-001
F5-quadratic-residual-link,X1,X2,f5-quadratic-residual-link,44,8,0.31251394799308535,0.005,residual_samples/batch-44-replication-8.csv,null_statistics/batch-44-replication-8.npy,batch-f5-quadratic-residual-link,8735379329092670021,4465113177013677923,1025181403832455731,0.18058190000010654,,,batch-f5-quadratic-residual-link-20260824-001
F5-quadratic-residual-link,X1,X2,f5-quadratic-residual-link,44,9,0.3203295240858845,0.005,residual_samples/batch-44-replication-9.csv,null_statistics/batch-44-replication-9.npy,batch-f5-quadratic-residual-link,18276947916087042133,11988070413120591243,5596947664311814164,0.17818950000219047,,,batch-f5-quadratic-residual-link-20260824-001
F5-quadratic-residual-link,X1,X2,f5-quadratic-residual-link,45,0,0.3309807829517094,0.005,residual_samples/batch-45-replication-0.csv,null_statistics/batch-45-replication-0.npy,batch-f5-quadratic-residual-link,13687918108981235340,5715536638082977170,5102044307712110607,0.17814450000878423,,,batch-f5-quadratic-residual-link-20260824-001
F5-quadratic-residual-link,X1,X2,f5-quadratic-residual-link,45,1,0.3004664442052273,0.005,residual_samples/batch-45-replication-1.csv,null_statistics/batch-45-replication-1.npy,batch-f5-quadratic-residual-link,7258569428892829018,16332608660337562273,3788624277618048451,0.18201630003750324,,,batch-f5-quadratic-residual-link-20260824-001
F5-quadratic-residual-link,X1,X2,f5-quadratic-residual-link,45,2,0.30945286621418505,0.005,residual_samples/batch-45-replication-2.csv,null_statistics/batch-45-replication-2.npy,batch-f5-quadratic-residual-link,11297297834751740123,13351491868472250762,8697008626394121594,0.18368920002831146,,,batch-f5-quadratic-residual-link-20260824-001
F5-quadratic-residual-link,X1,X2,f5-quadratic-residual-link,45,3,0.31781032098253875,0.005,residual_samples/batch-45-replication-3.csv,null_statistics/batch-45-replication-3.npy,batch-f5-quadratic-residual-link,8986232254734862684,16828328067873619748,16933796437848848618,0.18527840002207085,,,batch-f5-quadratic-residual-link-20260824-001
F5-quadratic-residual-link,X1,X2,f5-quadratic-residual-link,45,4,0.304523127101698,0.005,residual_samples/batch-45-replication-4.csv,null_statistics/batch-45-replication-4.npy,batch-f5-quadratic-residual-link,7708493544772173713,3836219116127178628,17181557511942167658,0.18170130002545193,,,batch-f5-quadratic-residual-link-20260824-001
F5-quadratic-residual-link,X1,X2,f5-quadratic-residual-link,45,5,0.33688612866383966,0.005,residual_samples/batch-45-replication-5.csv,null_statistics/batch-45-replication-5.npy,batch-f5-quadratic-residual-link,15536130350688296575,15589993048033399867,11940025767866526645,0.17775909998454154,,,batch-f5-quadratic-residual-link-20260824-001
F5-quadratic-residual-link,X1,X2,f5-quadratic-residual-link,45,6,0.3090393460661384,0.005,residual_samples/batch-45-replication-6.csv,null_statistics/batch-45-replication-6.npy,batch-f5-quadratic-residual-link,16274978421411269456,6163921082430835554,8536161918229258977,0.1798966999631375,,,batch-f5-quadratic-residual-link-20260824-001
F5-quadratic-residual-link,X1,X2,f5-quadratic-residual-link,45,7,0.31685121989518567,0.005,residual_samples/batch-45-replication-7.csv,null_statistics/batch-45-replication-7.npy,batch-f5-quadratic-residual-link,2632365445254944408,9171875936615493791,13654213641194159272,0.18278140004258603,,,batch-f5-quadratic-residual-link-20260824-001
F5-quadratic-residual-link,X1,X2,f5-quadratic-residual-link,45,8,0.32208940234496525,0.005,residual_samples/batch-45-replication-8.csv,null_statistics/batch-45-replication-8.npy,batch-f5-quadratic-residual-link,16403613728015332044,9344715950583513115,9930639847725049911,0.18177510000532493,,,batch-f5-quadratic-residual-link-20260824-001
F5-quadratic-residual-link,X1,X2,f5-quadratic-residual-link,45,9,0.31120706298279516,0.005,residual_samples/batch-45-replication-9.csv,null_statistics/batch-45-replication-9.npy,batch-f5-quadratic-residual-link,9376104316054861671,6848080610363055787,2650605639825850456,0.1820591000141576,,,batch-f5-quadratic-residual-link-20260824-001
F5-quadratic-residual-link,X1,X2,f5-quadratic-residual-link,46,0,0.31190022946881746,0.005,residual_samples/batch-46-replication-0.csv,null_statistics/batch-46-replication-0.npy,batch-f5-quadratic-residual-link,10102235130193828859,6492319664468606687,13532422142424651786,0.18286090000765398,,,batch-f5-quadratic-residual-link-20260824-001
F5-quadratic-residual-link,X1,X2,f5-quadratic-residual-link,46,1,0.32170830190451716,0.005,residual_samples/batch-46-replication-1.csv,null_statistics/batch-46-replication-1.npy,batch-f5-quadratic-residual-link,6371835470112361243,15882495466152577430,16496629439165415104,0.17933590000029653,,,batch-f5-quadratic-residual-link-20260824-001
F5-quadratic-residual-link,X1,X2,f5-quadratic-residual-link,46,2,0.30595968323079675,0.005,residual_samples/batch-46-replication-2.csv,null_statistics/batch-46-replication-2.npy,batch-f5-quadratic-residual-link,7861346788053953976,4650179445953248208,17512921490114369848,0.1822439000243321,,,batch-f5-quadratic-residual-link-20260824-001
F5-quadratic-residual-link,X1,X2,f5-quadratic-residual-link,46,3,0.3211529928028993,0.005,residual_samples/batch-46-replication-3.csv,null_statistics/batch-46-replication-3.npy,batch-f5-quadratic-residual-link,5523924222866350967,18222527842580229518,14249115521607187660,0.18097849999321625,,,batch-f5-quadratic-residual-link-20260824-001
F5-quadratic-residual-link,X1,X2,f5-quadratic-residual-link,46,4,0.3283738836923815,0.005,residual_samples/batch-46-replication-4.csv,null_statistics/batch-46-replication-4.npy,batch-f5-quadratic-residual-link,18190922570377533031,9495526106806971348,2768352285822042741,0.18200540001271293,,,batch-f5-quadratic-residual-link-20260824-001
F5-quadratic-residual-link,X1,X2,f5-quadratic-residual-link,46,5,0.3150593862638922,0.005,residual_samples/batch-46-replication-5.csv,null_statistics/batch-46-replication-5.npy,batch-f5-quadratic-residual-link,5958105684701694968,12862309043346285455,12538908910524618574,0.18350659997668117,,,batch-f5-quadratic-residual-link-20260824-001
F5-quadratic-residual-link,X1,X2,f5-quadratic-residual-link,46,6,0.30784301479583487,0.005,residual_samples/batch-46-replication-6.csv,null_statistics/batch-46-replication-6.npy,batch-f5-quadratic-residual-link,10177493073030765839,13412028635512906362,15751116357706316474,0.17977330001303926,,,batch-f5-quadratic-residual-link-20260824-001
F5-quadratic-residual-link,X1,X2,f5-quadratic-residual-link,46,7,0.31987729365767026,0.005,residual_samples/batch-46-replication-7.csv,null_statistics/batch-46-replication-7.npy,batch-f5-quadratic-residual-link,7833249052089541583,10071217097134635167,8091013242345282905,0.1803432999877259,,,batch-f5-quadratic-residual-link-20260824-001
F5-quadratic-residual-link,X1,X2,f5-quadratic-residual-link,46,8,0.31147139113603495,0.005,residual_samples/batch-46-replication-8.csv,null_statistics/batch-46-replication-8.npy,batch-f5-quadratic-residual-link,11865751430153096861,3305492955341075968,16209649069874983226,0.1815679999999702,,,batch-f5-quadratic-residual-link-20260824-001
F5-quadratic-residual-link,X1,X2,f5-quadratic-residual-link,46,9,0.3378485763528431,0.005,residual_samples/batch-46-replication-9.csv,null_statistics/batch-46-replication-9.npy,batch-f5-quadratic-residual-link,10688531395276263112,7035818240490115850,5912116133873329161,0.17969640000956133,,,batch-f5-quadratic-residual-link-20260824-001
F5-quadratic-residual-link,X1,X2,f5-quadratic-residual-link,47,0,0.2889656106733225,0.005,residual_samples/batch-47-replication-0.csv,null_statistics/batch-47-replication-0.npy,batch-f5-quadratic-residual-link,1451069846661806074,14521117571451050512,4240433320137418114,0.18184040003689006,,,batch-f5-quadratic-residual-link-20260824-001
F5-quadratic-residual-link,X1,X2,f5-quadratic-residual-link,47,1,0.3135444379785954,0.005,residual_samples/batch-47-replication-1.csv,null_statistics/batch-47-replication-1.npy,batch-f5-quadratic-residual-link,13152129273069562382,6819625525997919820,17285177307442302135,0.18188709998503327,,,batch-f5-quadratic-residual-link-20260824-001
F5-quadratic-residual-link,X1,X2,f5-quadratic-residual-link,47,2,0.31074724392224917,0.005,residual_samples/batch-47-replication-2.csv,null_statistics/batch-47-replication-2.npy,batch-f5-quadratic-residual-link,18219921533930915362,8623446812748559591,16316323722698164307,0.17894569999771193,,,batch-f5-quadratic-residual-link-20260824-001
F5-quadratic-residual-link,X1,X2,f5-quadratic-residual-link,47,3,0.3162324303874503,0.005,residual_samples/batch-47-replication-3.csv,null_statistics/batch-47-replication-3.npy,batch-f5-quadratic-residual-link,8638463196397286457,4590751700724351296,10885643246788214541,0.18116849998477846,,,batch-f5-quadratic-residual-link-20260824-001
F5-quadratic-residual-link,X1,X2,f5-quadratic-residual-link,47,4,0.33851073397276094,0.005,residual_samples/batch-47-replication-4.csv,null_statistics/batch-47-replication-4.npy,batch-f5-quadratic-residual-link,653722096633493753,17733317325422720022,11815589328991699483,0.17968990001827478,,,batch-f5-quadratic-residual-link-20260824-001
F5-quadratic-residual-link,X1,X2,f5-quadratic-residual-link,47,5,0.33758666762062456,0.005,residual_samples/batch-47-replication-5.csv,null_statistics/batch-47-replication-5.npy,batch-f5-quadratic-residual-link,15173650453078084847,4820365787810187752,7335044613015307300,0.18305699998745695,,,batch-f5-quadratic-residual-link-20260824-001
F5-quadratic-residual-link,X1,X2,f5-quadratic-residual-link,47,6,0.33377916469321856,0.005,residual_samples/batch-47-replication-6.csv,null_statistics/batch-47-replication-6.npy,batch-f5-quadratic-residual-link,4976282359844675049,4950822071750903722,2166593777545897282,0.1832507000071928,,,batch-f5-quadratic-residual-link-20260824-001
F5-quadratic-residual-link,X1,X2,f5-quadratic-residual-link,47,7,0.2888463207327833,0.005,residual_samples/batch-47-replication-7.csv,null_statistics/batch-47-replication-7.npy,batch-f5-quadratic-residual-link,17658604261043909745,8267254920363677280,11737444151103646921,0.18002579995663837,,,batch-f5-quadratic-residual-link-20260824-001
F5-quadratic-residual-link,X1,X2,f5-quadratic-residual-link,47,8,0.30462997713891715,0.005,residual_samples/batch-47-replication-8.csv,null_statistics/batch-47-replication-8.npy,batch-f5-quadratic-residual-link,2181859284271804658,10689071883608849566,6784369955074990261,0.18110840005101636,,,batch-f5-quadratic-residual-link-20260824-001
F5-quadratic-residual-link,X1,X2,f5-quadratic-residual-link,47,9,0.32319792474592235,0.005,residual_samples/batch-47-replication-9.csv,null_statistics/batch-47-replication-9.npy,batch-f5-quadratic-residual-link,8693632829346146828,17263493151121698027,2404675611613671633,0.18143709999276325,,,batch-f5-quadratic-residual-link-20260824-001
F5-quadratic-residual-link,X1,X2,f5-quadratic-residual-link,48,0,0.32918559846452733,0.005,residual_samples/batch-48-replication-0.csv,null_statistics/batch-48-replication-0.npy,batch-f5-quadratic-residual-link,7643679095817996584,1454786670000360411,17846850576556030073,0.17968040000414476,,,batch-f5-quadratic-residual-link-20260824-001
F5-quadratic-residual-link,X1,X2,f5-quadratic-residual-link,48,1,0.2971985017394459,0.005,residual_samples/batch-48-replication-1.csv,null_statistics/batch-48-replication-1.npy,batch-f5-quadratic-residual-link,1704025157454486881,7110564378988090956,10647620762984333763,0.18001709994859993,,,batch-f5-quadratic-residual-link-20260824-001
F5-quadratic-residual-link,X1,X2,f5-quadratic-residual-link,48,2,0.34145718230302746,0.005,residual_samples/batch-48-replication-2.csv,null_statistics/batch-48-replication-2.npy,batch-f5-quadratic-residual-link,6040254251567399848,12506086639500098850,7223203023388688843,0.18294299999251962,,,batch-f5-quadratic-residual-link-20260824-001
F5-quadratic-residual-link,X1,X2,f5-quadratic-residual-link,48,3,0.3299545627930132,0.005,residual_samples/batch-48-replication-3.csv,null_statistics/batch-48-replication-3.npy,batch-f5-quadratic-residual-link,1631704954120922891,8012824895856950663,1208144601732948786,0.18014740000944585,,,batch-f5-quadratic-residual-link-20260824-001
F5-quadratic-residual-link,X1,X2,f5-quadratic-residual-link,48,4,0.29321164641200065,0.005,residual_samples/batch-48-replication-4.csv,null_statistics/batch-48-replication-4.npy,batch-f5-quadratic-residual-link,8649286793914636101,9477691891130730701,7179600915952985043,0.17859880003379658,,,batch-f5-quadratic-residual-link-20260824-001
F5-quadratic-residual-link,X1,X2,f5-quadratic-residual-link,48,5,0.30034063928343474,0.005,residual_samples/batch-48-replication-5.csv,null_statistics/batch-48-replication-5.npy,batch-f5-quadratic-residual-link,9709416096052598479,11361151286891523215,4124519601979760874,0.18213739997008815,,,batch-f5-quadratic-residual-link-20260824-001
F5-quadratic-residual-link,X1,X2,f5-quadratic-residual-link,48,6,0.28096064671996407,0.005,residual_samples/batch-48-replication-6.csv,null_statistics/batch-48-replication-6.npy,batch-f5-quadratic-residual-link,9937795815586254436,16949876034298531599,15802246510827993215,0.18157489999430254,,,batch-f5-quadratic-residual-link-20260824-001
F5-quadratic-residual-link,X1,X2,f5-quadratic-residual-link,48,7,0.33188168076619173,0.005,residual_samples/batch-48-replication-7.csv,null_statistics/batch-48-replication-7.npy,batch-f5-quadratic-residual-link,16373001938737050996,1706249085781376941,14677527942056461161,0.18298130005132407,,,batch-f5-quadratic-residual-link-20260824-001
F5-quadratic-residual-link,X1,X2,f5-quadratic-residual-link,48,8,0.30995419500699045,0.005,residual_samples/batch-48-replication-8.csv,null_statistics/batch-48-replication-8.npy,batch-f5-quadratic-residual-link,4254838105621462974,8974378167594273617,13194627781671853175,0.17958969995379448,,,batch-f5-quadratic-residual-link-20260824-001
F5-quadratic-residual-link,X1,X2,f5-quadratic-residual-link,48,9,0.31475420395124765,0.005,residual_samples/batch-48-replication-9.csv,null_statistics/batch-48-replication-9.npy,batch-f5-quadratic-residual-link,8159172082542104192,2098042263030033957,17571937373403365526,0.1798860999988392,,,batch-f5-quadratic-residual-link-20260824-001
F5-quadratic-residual-link,X1,X2,f5-quadratic-residual-link,49,0,0.33902504701240016,0.005,residual_samples/batch-49-replication-0.csv,null_statistics/batch-49-replication-0.npy,batch-f5-quadratic-residual-link,5376036424951090055,7855803551185864742,12491767030955144551,0.1821215000236407,,,batch-f5-quadratic-residual-link-20260824-001
F5-quadratic-residual-link,X1,X2,f5-quadratic-residual-link,49,1,0.3284521714116934,0.005,residual_samples/batch-49-replication-1.csv,null_statistics/batch-49-replication-1.npy,batch-f5-quadratic-residual-link,1460326900207755443,15449520617995413529,1864076082869348198,0.18175109999720007,,,batch-f5-quadratic-residual-link-20260824-001
F5-quadratic-residual-link,X1,X2,f5-quadratic-residual-link,49,2,0.290561233514499,0.005,residual_samples/batch-49-replication-2.csv,null_statistics/batch-49-replication-2.npy,batch-f5-quadratic-residual-link,164479641747608470,4204746486375637308,15660778327140863301,0.18177289998857304,,,batch-f5-quadratic-residual-link-20260824-001
F5-quadratic-residual-link,X1,X2,f5-quadratic-residual-link,49,3,0.32859950867043325,0.005,residual_samples/batch-49-replication-3.csv,null_statistics/batch-49-replication-3.npy,batch-f5-quadratic-residual-link,16272981875654259421,17744520809639124753,3192987820622773134,0.18050950003089383,,,batch-f5-quadratic-residual-link-20260824-001
F5-quadratic-residual-link,X1,X2,f5-quadratic-residual-link,49,4,0.35191361665178506,0.005,residual_samples/batch-49-replication-4.csv,null_statistics/batch-49-replication-4.npy,batch-f5-quadratic-residual-link,178443556560618854,18412279596665292353,3654551441176690372,0.17917339998530224,,,batch-f5-quadratic-residual-link-20260824-001
F5-quadratic-residual-link,X1,X2,f5-quadratic-residual-link,49,5,0.2998364928660591,0.005,residual_samples/batch-49-replication-5.csv,null_statistics/batch-49-replication-5.npy,batch-f5-quadratic-residual-link,15905685619400805199,14037006041948517267,15889497661012801331,0.1786310999887064,,,batch-f5-quadratic-residual-link-20260824-001
F5-quadratic-residual-link,X1,X2,f5-quadratic-residual-link,49,6,0.3129888732581395,0.005,residual_samples/batch-49-replication-6.csv,null_statistics/batch-49-replication-6.npy,batch-f5-quadratic-residual-link,9343140362707125251,10799914598675124194,17513652871256005075,0.17902919999323785,,,batch-f5-quadratic-residual-link-20260824-001
F5-quadratic-residual-link,X1,X2,f5-quadratic-residual-link,49,7,0.3157865700449509,0.005,residual_samples/batch-49-replication-7.csv,null_statistics/batch-49-replication-7.npy,batch-f5-quadratic-residual-link,6366873954911998959,4599993637328667333,12616469362966968917,0.18393319996539503,,,batch-f5-quadratic-residual-link-20260824-001
F5-quadratic-residual-link,X1,X2,f5-quadratic-residual-link,49,8,0.2836496068712178,0.005,residual_samples/batch-49-replication-8.csv,null_statistics/batch-49-replication-8.npy,batch-f5-quadratic-residual-link,12743472817903694382,10891683500312434709,1528695165632134371,0.1782859999802895,,,batch-f5-quadratic-residual-link-20260824-001
F5-quadratic-residual-link,X1,X2,f5-quadratic-residual-link,49,9,0.3182138507777589,0.005,residual_samples/batch-49-replication-9.csv,null_statistics/batch-49-replication-9.npy,batch-f5-quadratic-residual-link,17761243738124370304,2957013933794225346,10059540321543687828,0.18263609998393804,,,batch-f5-quadratic-residual-link-20260824-001
F5-quadratic-residual-link,X1,X2,f5-quadratic-residual-link,50,0,0.30879513790625546,0.005,residual_samples/batch-50-replication-0.csv,null_statistics/batch-50-replication-0.npy,batch-f5-quadratic-residual-link,16470568889707634977,9858590460606566276,13449229180639144725,0.17912950000027195,,,batch-f5-quadratic-residual-link-20260824-001
F5-quadratic-residual-link,X1,X2,f5-quadratic-residual-link,50,1,0.2912317017309724,0.005,residual_samples/batch-50-replication-1.csv,null_statistics/batch-50-replication-1.npy,batch-f5-quadratic-residual-link,981115009813961067,17229390765783790809,6084688032005851293,0.17987260001245886,,,batch-f5-quadratic-residual-link-20260824-001
F5-quadratic-residual-link,X1,X2,f5-quadratic-residual-link,50,2,0.3323861174965023,0.005,residual_samples/batch-50-replication-2.csv,null_statistics/batch-50-replication-2.npy,batch-f5-quadratic-residual-link,16842625048957400229,10372541946357601994,17943045884401408444,0.1821460000355728,,,batch-f5-quadratic-residual-link-20260824-001
F5-quadratic-residual-link,X1,X2,f5-quadratic-residual-link,50,3,0.2847568515966363,0.005,residual_samples/batch-50-replication-3.csv,null_statistics/batch-50-replication-3.npy,batch-f5-quadratic-residual-link,3314027997995088681,3365674594934422026,9082761149331170204,0.18442040000809357,,,batch-f5-quadratic-residual-link-20260824-001
F5-quadratic-residual-link,X1,X2,f5-quadratic-residual-link,50,4,0.3146753422451152,0.005,residual_samples/batch-50-replication-4.csv,null_statistics/batch-50-replication-4.npy,batch-f5-quadratic-residual-link,15961711353143623305,14643418713723061711,9750016392259933976,0.18228299997281283,,,batch-f5-quadratic-residual-link-20260824-001
F5-quadratic-residual-link,X1,X2,f5-quadratic-residual-link,50,5,0.3133997688597361,0.005,residual_samples/batch-50-replication-5.csv,null_statistics/batch-50-replication-5.npy,batch-f5-quadratic-residual-link,15200308528375496750,15140130232401953663,16971889016852592895,0.18022309994557872,,,batch-f5-quadratic-residual-link-20260824-001
F5-quadratic-residual-link,X1,X2,f5-quadratic-residual-link,50,6,0.3046258116958045,0.005,residual_samples/batch-50-replication-6.csv,null_statistics/batch-50-replication-6.npy,batch-f5-quadratic-residual-link,88865095231806897,890021054456687077,4464255442689088171,0.18426359997829422,,,batch-f5-quadratic-residual-link-20260824-001
F5-quadratic-residual-link,X1,X2,f5-quadratic-residual-link,50,7,0.3028249453890904,0.005,residual_samples/batch-50-replication-7.csv,null_statistics/batch-50-replication-7.npy,batch-f5-quadratic-residual-link,10338280727064431328,18394846538889879307,615170411115713472,0.18168499995954335,,,batch-f5-quadratic-residual-link-20260824-001
F5-quadratic-residual-link,X1,X2,f5-quadratic-residual-link,50,8,0.33758110188932805,0.005,residual_samples/batch-50-replication-8.csv,null_statistics/batch-50-replication-8.npy,batch-f5-quadratic-residual-link,4656192828359165361,14773590944040006287,17822643180934041224,0.18086220003897324,,,batch-f5-quadratic-residual-link-20260824-001
F5-quadratic-residual-link,X1,X2,f5-quadratic-residual-link,50,9,0.3450308849488949,0.005,residual_samples/batch-50-replication-9.csv,null_statistics/batch-50-replication-9.npy,batch-f5-quadratic-residual-link,8996751747430864711,16683653455953294741,797083424720060104,0.18153939995681867,,,batch-f5-quadratic-residual-link-20260824-001
F5-quadratic-residual-link,X1,X2,f5-quadratic-residual-link,51,0,0.3255066469432109,0.005,residual_samples/batch-51-replication-0.csv,null_statistics/batch-51-replication-0.npy,batch-f5-quadratic-residual-link,9427436871049030332,582187803239520810,15415970562880670596,0.17988269997294992,,,batch-f5-quadratic-residual-link-20260824-001
F5-quadratic-residual-link,X1,X2,f5-quadratic-residual-link,51,1,0.3420715451969707,0.005,residual_samples/batch-51-replication-1.csv,null_statistics/batch-51-replication-1.npy,batch-f5-quadratic-residual-link,15693998010915717763,14507964031752448399,13423886209215132001,0.18094910000218078,,,batch-f5-quadratic-residual-link-20260824-001
F5-quadratic-residual-link,X1,X2,f5-quadratic-residual-link,51,2,0.32743199421185004,0.005,residual_samples/batch-51-replication-2.csv,null_statistics/batch-51-replication-2.npy,batch-f5-quadratic-residual-link,2026444257197612055,5739027792688632025,9029517539743540244,0.17958430002909154,,,batch-f5-quadratic-residual-link-20260824-001
F5-quadratic-residual-link,X1,X2,f5-quadratic-residual-link,51,3,0.2943970810971141,0.005,residual_samples/batch-51-replication-3.csv,null_statistics/batch-51-replication-3.npy,batch-f5-quadratic-residual-link,17197490044931217470,11837967928295072394,2801022498028784144,0.18331839999882504,,,batch-f5-quadratic-residual-link-20260824-001
F5-quadratic-residual-link,X1,X2,f5-quadratic-residual-link,51,4,0.33672463862840524,0.005,residual_samples/batch-51-replication-4.csv,null_statistics/batch-51-replication-4.npy,batch-f5-quadratic-residual-link,1564707412237574187,815539148514160708,10258121112637147495,0.18332579999696463,,,batch-f5-quadratic-residual-link-20260824-001
F5-quadratic-residual-link,X1,X2,f5-quadratic-residual-link,51,5,0.31735626321517146,0.005,residual_samples/batch-51-replication-5.csv,null_statistics/batch-51-replication-5.npy,batch-f5-quadratic-residual-link,1961558110096451998,437715739491887734,8309851060408457599,0.1804071000078693,,,batch-f5-quadratic-residual-link-20260824-001
F5-quadratic-residual-link,X1,X2,f5-quadratic-residual-link,51,6,0.335313609806847,0.005,residual_samples/batch-51-replication-6.csv,null_statistics/batch-51-replication-6.npy,batch-f5-quadratic-residual-link,5839678321687034393,1458847111414864107,3827184479146788729,0.18214910000097007,,,batch-f5-quadratic-residual-link-20260824-001
F5-quadratic-residual-link,X1,X2,f5-quadratic-residual-link,51,7,0.3014094593881775,0.005,residual_samples/batch-51-replication-7.csv,null_statistics/batch-51-replication-7.npy,batch-f5-quadratic-residual-link,1805756789436557937,2473486031602309454,4808115088414645143,0.1799291000352241,,,batch-f5-quadratic-residual-link-20260824-001
F5-quadratic-residual-link,X1,X2,f5-quadratic-residual-link,51,8,0.330985135630199,0.005,residual_samples/batch-51-replication-8.csv,null_statistics/batch-51-replication-8.npy,batch-f5-quadratic-residual-link,1876641937286009157,18010470431490891,10380834160005663860,0.18129009997937828,,,batch-f5-quadratic-residual-link-20260824-001
F5-quadratic-residual-link,X1,X2,f5-quadratic-residual-link,51,9,0.3192778281689309,0.005,residual_samples/batch-51-replication-9.csv,null_statistics/batch-51-replication-9.npy,batch-f5-quadratic-residual-link,17390438791135570928,8832406221819115737,7331538543787862512,0.18359719996806234,,,batch-f5-quadratic-residual-link-20260824-001
F5-quadratic-residual-link,X1,X2,f5-quadratic-residual-link,52,0,0.3089223128778206,0.005,residual_samples/batch-52-replication-0.csv,null_statistics/batch-52-replication-0.npy,batch-f5-quadratic-residual-link,708861351753018932,17425785942992805489,3654556050234700325,0.1851606999989599,,,batch-f5-quadratic-residual-link-20260824-001
F5-quadratic-residual-link,X1,X2,f5-quadratic-residual-link,52,1,0.3131953019042337,0.005,residual_samples/batch-52-replication-1.csv,null_statistics/batch-52-replication-1.npy,batch-f5-quadratic-residual-link,7539230595165267236,7482651781765719658,5767121933432446634,0.18167760001961142,,,batch-f5-quadratic-residual-link-20260824-001
F5-quadratic-residual-link,X1,X2,f5-quadratic-residual-link,52,2,0.30985883196860387,0.005,residual_samples/batch-52-replication-2.csv,null_statistics/batch-52-replication-2.npy,batch-f5-quadratic-residual-link,5010683691022495542,15097282764933597473,14181395963669348799,0.1803341000340879,,,batch-f5-quadratic-residual-link-20260824-001
F5-quadratic-residual-link,X1,X2,f5-quadratic-residual-link,52,3,0.3325926826092965,0.005,residual_samples/batch-52-replication-3.csv,null_statistics/batch-52-replication-3.npy,batch-f5-quadratic-residual-link,1548172386902368706,6098481421743723181,11154784543440911795,0.18298719997983426,,,batch-f5-quadratic-residual-link-20260824-001
F5-quadratic-residual-link,X1,X2,f5-quadratic-residual-link,52,4,0.3281246061654553,0.005,residual_samples/batch-52-replication-4.csv,null_statistics/batch-52-replication-4.npy,batch-f5-quadratic-residual-link,2826551374846189425,12142722781538831863,3327423203616687091,0.18508889997610822,,,batch-f5-quadratic-residual-link-20260824-001
F5-quadratic-residual-link,X1,X2,f5-quadratic-residual-link,52,5,0.3347484115700256,0.005,residual_samples/batch-52-replication-5.csv,null_statistics/batch-52-replication-5.npy,batch-f5-quadratic-residual-link,2480049999630123690,503423596954388873,3672173323613781806,0.1815478999633342,,,batch-f5-quadratic-residual-link-20260824-001
F5-quadratic-residual-link,X1,X2,f5-quadratic-residual-link,52,6,0.31582692266252277,0.005,residual_samples/batch-52-replication-6.csv,null_statistics/batch-52-replication-6.npy,batch-f5-quadratic-residual-link,16281244571740296114,12610557895186474788,7594514550404315841,0.1808401999878697,,,batch-f5-quadratic-residual-link-20260824-001
F5-quadratic-residual-link,X1,X2,f5-quadratic-residual-link,52,7,0.31587614204689374,0.005,residual_samples/batch-52-replication-7.csv,null_statistics/batch-52-replication-7.npy,batch-f5-quadratic-residual-link,9290934362389615626,9356156697716428832,1837748893134905835,0.17990109999664128,,,batch-f5-quadratic-residual-link-20260824-001
F5-quadratic-residual-link,X1,X2,f5-quadratic-residual-link,52,8,0.31004488334887537,0.005,residual_samples/batch-52-replication-8.csv,null_statistics/batch-52-replication-8.npy,batch-f5-quadratic-residual-link,11959813617741407225,2621944142118771480,15194523199900565702,0.1828910000040196,,,batch-f5-quadratic-residual-link-20260824-001
F5-quadratic-residual-link,X1,X2,f5-quadratic-residual-link,52,9,0.33746349800849407,0.005,residual_samples/batch-52-replication-9.csv,null_statistics/batch-52-replication-9.npy,batch-f5-quadratic-residual-link,11655124991701318019,7925143964278937705,1166296128220295835,0.18201570003293455,,,batch-f5-quadratic-residual-link-20260824-001
F5-quadratic-residual-link,X1,X2,f5-quadratic-residual-link,53,0,0.32110933232026095,0.005,residual_samples/batch-53-replication-0.csv,null_statistics/batch-53-replication-0.npy,batch-f5-quadratic-residual-link,5067677638026890061,1468222922965353450,12090283229221745304,0.18177860003197566,,,batch-f5-quadratic-residual-link-20260824-001
F5-quadratic-residual-link,X1,X2,f5-quadratic-residual-link,53,1,0.30452716323489487,0.005,residual_samples/batch-53-replication-1.csv,null_statistics/batch-53-replication-1.npy,batch-f5-quadratic-residual-link,665333081432408918,750269863503089338,13380186218773422013,0.18159180000657216,,,batch-f5-quadratic-residual-link-20260824-001
F5-quadratic-residual-link,X1,X2,f5-quadratic-residual-link,53,2,0.3236362547699934,0.005,residual_samples/batch-53-replication-2.csv,null_statistics/batch-53-replication-2.npy,batch-f5-quadratic-residual-link,14777635581713249973,4237100691508837131,16338177795621871131,0.1810156999854371,,,batch-f5-quadratic-residual-link-20260824-001
F5-quadratic-residual-link,X1,X2,f5-quadratic-residual-link,53,3,0.30367257121089086,0.005,residual_samples/batch-53-replication-3.csv,null_statistics/batch-53-replication-3.npy,batch-f5-quadratic-residual-link,4659288388841232133,17309339513692692061,8296792796548044097,0.178756799956318,,,batch-f5-quadratic-residual-link-20260824-001
F5-quadratic-residual-link,X1,X2,f5-quadratic-residual-link,53,4,0.33345279366365577,0.005,residual_samples/batch-53-replication-4.csv,null_statistics/batch-53-replication-4.npy,batch-f5-quadratic-residual-link,13819839523136076548,16003845123128480903,6879910425934979533,0.18117359996540472,,,batch-f5-quadratic-residual-link-20260824-001
F5-quadratic-residual-link,X1,X2,f5-quadratic-residual-link,53,5,0.3123861267938558,0.005,residual_samples/batch-53-replication-5.csv,null_statistics/batch-53-replication-5.npy,batch-f5-quadratic-residual-link,13431646438735152837,6312967388571164537,18121037611952346942,0.18468020000727847,,,batch-f5-quadratic-residual-link-20260824-001
F5-quadratic-residual-link,X1,X2,f5-quadratic-residual-link,53,6,0.3077268104015976,0.005,residual_samples/batch-53-replication-6.csv,null_statistics/batch-53-replication-6.npy,batch-f5-quadratic-residual-link,13159685134833779331,11684738601836616232,10504464973265481990,0.18146059999708086,,,batch-f5-quadratic-residual-link-20260824-001
F5-quadratic-residual-link,X1,X2,f5-quadratic-residual-link,53,7,0.3203207764661047,0.005,residual_samples/batch-53-replication-7.csv,null_statistics/batch-53-replication-7.npy,batch-f5-quadratic-residual-link,2133055693898766626,1836857696231448143,17779196830497791064,0.1839617000077851,,,batch-f5-quadratic-residual-link-20260824-001
F5-quadratic-residual-link,X1,X2,f5-quadratic-residual-link,53,8,0.33142159527984555,0.005,residual_samples/batch-53-replication-8.csv,null_statistics/batch-53-replication-8.npy,batch-f5-quadratic-residual-link,14970532267788344963,2010477899557602364,16635633444046897496,0.1814934999565594,,,batch-f5-quadratic-residual-link-20260824-001
F5-quadratic-residual-link,X1,X2,f5-quadratic-residual-link,53,9,0.3204146328900031,0.005,residual_samples/batch-53-replication-9.csv,null_statistics/batch-53-replication-9.npy,batch-f5-quadratic-residual-link,3604571533563816281,4422894259203465617,8143438255177397625,0.18063650000840425,,,batch-f5-quadratic-residual-link-20260824-001
F5-quadratic-residual-link,X1,X2,f5-quadratic-residual-link,54,0,0.3212842104829477,0.005,residual_samples/batch-54-replication-0.csv,null_statistics/batch-54-replication-0.npy,batch-f5-quadratic-residual-link,14518788671396375932,1376447132093004037,6875099430840395331,0.18449279997730628,,,batch-f5-quadratic-residual-link-20260824-001
F5-quadratic-residual-link,X1,X2,f5-quadratic-residual-link,54,1,0.2985376783454299,0.005,residual_samples/batch-54-replication-1.csv,null_statistics/batch-54-replication-1.npy,batch-f5-quadratic-residual-link,4161891047828275299,13481605938567582098,2221539208029503602,0.1792266999837011,,,batch-f5-quadratic-residual-link-20260824-001
F5-quadratic-residual-link,X1,X2,f5-quadratic-residual-link,54,2,0.3140763910727825,0.005,residual_samples/batch-54-replication-2.csv,null_statistics/batch-54-replication-2.npy,batch-f5-quadratic-residual-link,5143088352073954942,14161709971678017534,17810306066450918585,0.18233119999058545,,,batch-f5-quadratic-residual-link-20260824-001
F5-quadratic-residual-link,X1,X2,f5-quadratic-residual-link,54,3,0.35721846354867703,0.005,residual_samples/batch-54-replication-3.csv,null_statistics/batch-54-replication-3.npy,batch-f5-quadratic-residual-link,6688209982769307996,15940842502612903210,6359692545405103528,0.17864920001011342,,,batch-f5-quadratic-residual-link-20260824-001
F5-quadratic-residual-link,X1,X2,f5-quadratic-residual-link,54,4,0.33023783605074464,0.005,residual_samples/batch-54-replication-4.csv,null_statistics/batch-54-replication-4.npy,batch-f5-quadratic-residual-link,14403143919200794498,15120863538788792012,11306986801229941793,0.1796551999868825,,,batch-f5-quadratic-residual-link-20260824-001
F5-quadratic-residual-link,X1,X2,f5-quadratic-residual-link,54,5,0.299021111182921,0.005,residual_samples/batch-54-replication-5.csv,null_statistics/batch-54-replication-5.npy,batch-f5-quadratic-residual-link,10181808654803218891,9445836378953092187,18313052721331957489,0.17900659999577329,,,batch-f5-quadratic-residual-link-20260824-001
F5-quadratic-residual-link,X1,X2,f5-quadratic-residual-link,54,6,0.3209053727148612,0.005,residual_samples/batch-54-replication-6.csv,null_statistics/batch-54-replication-6.npy,batch-f5-quadratic-residual-link,4607159209928324002,9896357346991528570,4144683035877164788,0.18863769999006763,,,batch-f5-quadratic-residual-link-20260824-001
F5-quadratic-residual-link,X1,X2,f5-quadratic-residual-link,54,7,0.31320532640677884,0.005,residual_samples/batch-54-replication-7.csv,null_statistics/batch-54-replication-7.npy,batch-f5-quadratic-residual-link,9298411980083449535,6281659503185934848,2405794222020311111,0.1805506000528112,,,batch-f5-quadratic-residual-link-20260824-001
F5-quadratic-residual-link,X1,X2,f5-quadratic-residual-link,54,8,0.33226490275776366,0.005,residual_samples/batch-54-replication-8.csv,null_statistics/batch-54-replication-8.npy,batch-f5-quadratic-residual-link,14740493278653310718,16823695711697486447,2524694940425343824,0.1811159999924712,,,batch-f5-quadratic-residual-link-20260824-001
F5-quadratic-residual-link,X1,X2,f5-quadratic-residual-link,54,9,0.3284261413853497,0.005,residual_samples/batch-54-replication-9.csv,null_statistics/batch-54-replication-9.npy,batch-f5-quadratic-residual-link,14502071666554773343,2090349516807498245,17794386719723654886,0.18059249996440485,,,batch-f5-quadratic-residual-link-20260824-001
F5-quadratic-residual-link,X1,X2,f5-quadratic-residual-link,55,0,0.33623740007936387,0.005,residual_samples/batch-55-replication-0.csv,null_statistics/batch-55-replication-0.npy,batch-f5-quadratic-residual-link,4117491915959447800,15327342439932781724,10213583591243030643,0.18010140000842512,,,batch-f5-quadratic-residual-link-20260824-001
F5-quadratic-residual-link,X1,X2,f5-quadratic-residual-link,55,1,0.3232654345964989,0.005,residual_samples/batch-55-replication-1.csv,null_statistics/batch-55-replication-1.npy,batch-f5-quadratic-residual-link,13393609014380710705,15080950456768031071,8702491883176405907,0.18373769999016076,,,batch-f5-quadratic-residual-link-20260824-001
F5-quadratic-residual-link,X1,X2,f5-quadratic-residual-link,55,2,0.30122772173959605,0.005,residual_samples/batch-55-replication-2.csv,null_statistics/batch-55-replication-2.npy,batch-f5-quadratic-residual-link,12728857611436310255,7340473259231031756,6383777932567238780,0.18383669998729602,,,batch-f5-quadratic-residual-link-20260824-001
F5-quadratic-residual-link,X1,X2,f5-quadratic-residual-link,55,3,0.3280926558342088,0.005,residual_samples/batch-55-replication-3.csv,null_statistics/batch-55-replication-3.npy,batch-f5-quadratic-residual-link,9537971815057273349,9865635810376646102,11066790859516955515,0.18204320000950247,,,batch-f5-quadratic-residual-link-20260824-001
F5-quadratic-residual-link,X1,X2,f5-quadratic-residual-link,55,4,0.2986934640762509,0.005,residual_samples/batch-55-replication-4.csv,null_statistics/batch-55-replication-4.npy,batch-f5-quadratic-residual-link,15583334937076880859,3740326866818996611,5266348183385018848,0.18303509999532253,,,batch-f5-quadratic-residual-link-20260824-001
F5-quadratic-residual-link,X1,X2,f5-quadratic-residual-link,55,5,0.32154197044471977,0.005,residual_samples/batch-55-replication-5.csv,null_statistics/batch-55-replication-5.npy,batch-f5-quadratic-residual-link,13575556386116927622,12057510393961151567,4504985727522530200,0.179407799965702,,,batch-f5-quadratic-residual-link-20260824-001
F5-quadratic-residual-link,X1,X2,f5-quadratic-residual-link,55,6,0.298903167289324,0.005,residual_samples/batch-55-replication-6.csv,null_statistics/batch-55-replication-6.npy,batch-f5-quadratic-residual-link,16066644234369631977,10035326045180815205,8629903258759195813,0.17792650003684685,,,batch-f5-quadratic-residual-link-20260824-001
F5-quadratic-residual-link,X1,X2,f5-quadratic-residual-link,55,7,0.34225612292156954,0.005,residual_samples/batch-55-replication-7.csv,null_statistics/batch-55-replication-7.npy,batch-f5-quadratic-residual-link,7516751582592748481,1176993281116114941,2652861801428455970,0.18185439996886998,,,batch-f5-quadratic-residual-link-20260824-001
F5-quadratic-residual-link,X1,X2,f5-quadratic-residual-link,55,8,0.3047776896829784,0.005,residual_samples/batch-55-replication-8.csv,null_statistics/batch-55-replication-8.npy,batch-f5-quadratic-residual-link,8771189670493550530,14915557365871785969,7836777442160519438,0.18493629997828975,,,batch-f5-quadratic-residual-link-20260824-001
F5-quadratic-residual-link,X1,X2,f5-quadratic-residual-link,55,9,0.35113091261370416,0.005,residual_samples/batch-55-replication-9.csv,null_statistics/batch-55-replication-9.npy,batch-f5-quadratic-residual-link,8239695040716301230,7108212363944884799,3902581070449805062,0.18184299999848008,,,batch-f5-quadratic-residual-link-20260824-001
F5-quadratic-residual-link,X1,X2,f5-quadratic-residual-link,56,0,0.3400247974903762,0.005,residual_samples/batch-56-replication-0.csv,null_statistics/batch-56-replication-0.npy,batch-f5-quadratic-residual-link,9677100203279650258,15453744185707357518,1533328371893939538,0.17989099997794256,,,batch-f5-quadratic-residual-link-20260824-001
F5-quadratic-residual-link,X1,X2,f5-quadratic-residual-link,56,1,0.31253168020106864,0.005,residual_samples/batch-56-replication-1.csv,null_statistics/batch-56-replication-1.npy,batch-f5-quadratic-residual-link,9642032396853627180,9284931918818579453,17634605035809675993,0.17943580000428483,,,batch-f5-quadratic-residual-link-20260824-001
F5-quadratic-residual-link,X1,X2,f5-quadratic-residual-link,56,2,0.31497157763246825,0.005,residual_samples/batch-56-replication-2.csv,null_statistics/batch-56-replication-2.npy,batch-f5-quadratic-residual-link,17408337052741911544,11325312491203110389,15711804518852915023,0.18027279997477308,,,batch-f5-quadratic-residual-link-20260824-001
F5-quadratic-residual-link,X1,X2,f5-quadratic-residual-link,56,3,0.3146520895987863,0.005,residual_samples/batch-56-replication-3.csv,null_statistics/batch-56-replication-3.npy,batch-f5-quadratic-residual-link,8975355686501333211,3179966061000787544,1912566923041650366,0.18017389997839928,,,batch-f5-quadratic-residual-link-20260824-001
F5-quadratic-residual-link,X1,X2,f5-quadratic-residual-link,56,4,0.33051233643905353,0.005,residual_samples/batch-56-replication-4.csv,null_statistics/batch-56-replication-4.npy,batch-f5-quadratic-residual-link,321139010894831620,998267897250969763,6426118181956542639,0.18463409994728863,,,batch-f5-quadratic-residual-link-20260824-001
F5-quadratic-residual-link,X1,X2,f5-quadratic-residual-link,56,5,0.31433582008708183,0.005,residual_samples/batch-56-replication-5.csv,null_statistics/batch-56-replication-5.npy,batch-f5-quadratic-residual-link,9661109405804690117,13607382235661832224,9735594451422668446,0.17782979999901727,,,batch-f5-quadratic-residual-link-20260824-001
F5-quadratic-residual-link,X1,X2,f5-quadratic-residual-link,56,6,0.3203378119411406,0.005,residual_samples/batch-56-replication-6.csv,null_statistics/batch-56-replication-6.npy,batch-f5-quadratic-residual-link,13060824373133948927,5565642510616427638,4061425858797960782,0.18096319999312982,,,batch-f5-quadratic-residual-link-20260824-001
F5-quadratic-residual-link,X1,X2,f5-quadratic-residual-link,56,7,0.3424579012575823,0.005,residual_samples/batch-56-replication-7.csv,null_statistics/batch-56-replication-7.npy,batch-f5-quadratic-residual-link,5298554927584942510,4905483656865676840,2485801243237978567,0.18043750000651926,,,batch-f5-quadratic-residual-link-20260824-001
F5-quadratic-residual-link,X1,X2,f5-quadratic-residual-link,56,8,0.3013731909782859,0.005,residual_samples/batch-56-replication-8.csv,null_statistics/batch-56-replication-8.npy,batch-f5-quadratic-residual-link,7417646188202371122,8404473675488656232,7361126456882241827,0.18091340002138168,,,batch-f5-quadratic-residual-link-20260824-001
F5-quadratic-residual-link,X1,X2,f5-quadratic-residual-link,56,9,0.29853263211646286,0.005,residual_samples/batch-56-replication-9.csv,null_statistics/batch-56-replication-9.npy,batch-f5-quadratic-residual-link,6437726062582422720,15943141977347502956,8243055374728593382,0.18166479998035356,,,batch-f5-quadratic-residual-link-20260824-001
F5-quadratic-residual-link,X1,X2,f5-quadratic-residual-link,57,0,0.2954666924348555,0.005,residual_samples/batch-57-replication-0.csv,null_statistics/batch-57-replication-0.npy,batch-f5-quadratic-residual-link,14259623091727826689,8302131195690448235,8854787257378093047,0.18238089996157214,,,batch-f5-quadratic-residual-link-20260824-001
F5-quadratic-residual-link,X1,X2,f5-quadratic-residual-link,57,1,0.3211682259999043,0.005,residual_samples/batch-57-replication-1.csv,null_statistics/batch-57-replication-1.npy,batch-f5-quadratic-residual-link,6332799058975196537,15034249122970840981,11799227008288961441,0.18229729996528476,,,batch-f5-quadratic-residual-link-20260824-001
F5-quadratic-residual-link,X1,X2,f5-quadratic-residual-link,57,2,0.3194765393155467,0.005,residual_samples/batch-57-replication-2.csv,null_statistics/batch-57-replication-2.npy,batch-f5-quadratic-residual-link,17564315550365546185,8197834264523797994,4855049051421897808,0.1781246999744326,,,batch-f5-quadratic-residual-link-20260824-001
F5-quadratic-residual-link,X1,X2,f5-quadratic-residual-link,57,3,0.310467775001742,0.005,residual_samples/batch-57-replication-3.csv,null_statistics/batch-57-replication-3.npy,batch-f5-quadratic-residual-link,8448453523284498784,16193400501016954982,15404068746047396920,0.1837577999685891,,,batch-f5-quadratic-residual-link-20260824-001
F5-quadratic-residual-link,X1,X2,f5-quadratic-residual-link,57,4,0.32424980836634626,0.005,residual_samples/batch-57-replication-4.csv,null_statistics/batch-57-replication-4.npy,batch-f5-quadratic-residual-link,4700026960522633713,8903464690535865255,770953117076751073,0.18149190000258386,,,batch-f5-quadratic-residual-link-20260824-001
F5-quadratic-residual-link,X1,X2,f5-quadratic-residual-link,57,5,0.3354233037566565,0.005,residual_samples/batch-57-replication-5.csv,null_statistics/batch-57-replication-5.npy,batch-f5-quadratic-residual-link,15741752882232962391,15976570982428771020,3626417696624746209,0.1790729000349529,,,batch-f5-quadratic-residual-link-20260824-001
F5-quadratic-residual-link,X1,X2,f5-quadratic-residual-link,57,6,0.31265693674840694,0.005,residual_samples/batch-57-replication-6.csv,null_statistics/batch-57-replication-6.npy,batch-f5-quadratic-residual-link,10044655760393240411,8615589820270156892,3498096479351647454,0.18621299997903407,,,batch-f5-quadratic-residual-link-20260824-001
F5-quadratic-residual-link,X1,X2,f5-quadratic-residual-link,57,7,0.3164344266716819,0.005,residual_samples/batch-57-replication-7.csv,null_statistics/batch-57-replication-7.npy,batch-f5-quadratic-residual-link,6950170396074893570,10049008809252902167,1807408322128510938,0.1818152000196278,,,batch-f5-quadratic-residual-link-20260824-001
F5-quadratic-residual-link,X1,X2,f5-quadratic-residual-link,57,8,0.27995964917953065,0.005,residual_samples/batch-57-replication-8.csv,null_statistics/batch-57-replication-8.npy,batch-f5-quadratic-residual-link,12173859945441801906,1404529098200505854,10107604333816516907,0.18115210003452376,,,batch-f5-quadratic-residual-link-20260824-001
F5-quadratic-residual-link,X1,X2,f5-quadratic-residual-link,57,9,0.32059960489435285,0.005,residual_samples/batch-57-replication-9.csv,null_statistics/batch-57-replication-9.npy,batch-f5-quadratic-residual-link,1594842702614411320,6030490559499635182,9240897198716178989,0.18197360000340268,,,batch-f5-quadratic-residual-link-20260824-001
F5-quadratic-residual-link,X1,X2,f5-quadratic-residual-link,58,0,0.3139890073396476,0.005,residual_samples/batch-58-replication-0.csv,null_statistics/batch-58-replication-0.npy,batch-f5-quadratic-residual-link,7513839723054429722,5649403115443894537,3758758184092944344,0.18003419996239245,,,batch-f5-quadratic-residual-link-20260824-001
F5-quadratic-residual-link,X1,X2,f5-quadratic-residual-link,58,1,0.32161143541321535,0.005,residual_samples/batch-58-replication-1.csv,null_statistics/batch-58-replication-1.npy,batch-f5-quadratic-residual-link,4432180349201893324,5698568665805143704,658114091990038437,0.18098039994947612,,,batch-f5-quadratic-residual-link-20260824-001
F5-quadratic-residual-link,X1,X2,f5-quadratic-residual-link,58,2,0.3260241778666163,0.005,residual_samples/batch-58-replication-2.csv,null_statistics/batch-58-replication-2.npy,batch-f5-quadratic-residual-link,17761042896719106357,13443637892298285034,7818855116316301832,0.18193070002598688,,,batch-f5-quadratic-residual-link-20260824-001
F5-quadratic-residual-link,X1,X2,f5-quadratic-residual-link,58,3,0.3244515054124144,0.005,residual_samples/batch-58-replication-3.csv,null_statistics/batch-58-replication-3.npy,batch-f5-quadratic-residual-link,140215042235827302,15624731222202832149,15021053385634994334,0.1811353000230156,,,batch-f5-quadratic-residual-link-20260824-001
F5-quadratic-residual-link,X1,X2,f5-quadratic-residual-link,58,4,0.33061104802684776,0.005,residual_samples/batch-58-replication-4.csv,null_statistics/batch-58-replication-4.npy,batch-f5-quadratic-residual-link,15265186375789899208,2284430606346763739,11801855993798620458,0.18136659997981042,,,batch-f5-quadratic-residual-link-20260824-001
F5-quadratic-residual-link,X1,X2,f5-quadratic-residual-link,58,5,0.3330336904043592,0.005,residual_samples/batch-58-replication-5.csv,null_statistics/batch-58-replication-5.npy,batch-f5-quadratic-residual-link,2434713335617823555,4583853411447226392,11381994736679210446,0.18044830003054813,,,batch-f5-quadratic-residual-link-20260824-001
F5-quadratic-residual-link,X1,X2,f5-quadratic-residual-link,58,6,0.3477180485781288,0.005,residual_samples/batch-58-replication-6.csv,null_statistics/batch-58-replication-6.npy,batch-f5-quadratic-residual-link,4658516676254475732,14073797118054607360,4044302400305125540,0.18207330000586808,,,batch-f5-quadratic-residual-link-20260824-001
F5-quadratic-residual-link,X1,X2,f5-quadratic-residual-link,58,7,0.32668667247475996,0.005,residual_samples/batch-58-replication-7.csv,null_statistics/batch-58-replication-7.npy,batch-f5-quadratic-residual-link,15005806406270039354,7490827566625144836,683837990137321306,0.18702000001212582,,,batch-f5-quadratic-residual-link-20260824-001
F5-quadratic-residual-link,X1,X2,f5-quadratic-residual-link,58,8,0.3440186923382643,0.005,residual_samples/batch-58-replication-8.csv,null_statistics/batch-58-replication-8.npy,batch-f5-quadratic-residual-link,9973835281115087407,4600515140954221793,4607441365574484749,0.18091279995860532,,,batch-f5-quadratic-residual-link-20260824-001
F5-quadratic-residual-link,X1,X2,f5-quadratic-residual-link,58,9,0.3321038531547261,0.005,residual_samples/batch-58-replication-9.csv,null_statistics/batch-58-replication-9.npy,batch-f5-quadratic-residual-link,7024813882685620269,591408855188832281,17549936786701405822,0.1810704999952577,,,batch-f5-quadratic-residual-link-20260824-001
F5-quadratic-residual-link,X1,X2,f5-quadratic-residual-link,59,0,0.2965344821171663,0.005,residual_samples/batch-59-replication-0.csv,null_statistics/batch-59-replication-0.npy,batch-f5-quadratic-residual-link,17747425369954129963,16260766724616173575,4392699911910465041,0.18417580000823364,,,batch-f5-quadratic-residual-link-20260824-001
F5-quadratic-residual-link,X1,X2,f5-quadratic-residual-link,59,1,0.32961761849483096,0.005,residual_samples/batch-59-replication-1.csv,null_statistics/batch-59-replication-1.npy,batch-f5-quadratic-residual-link,16901009969885524893,6623093817875831714,583348133205709102,0.18161159998271614,,,batch-f5-quadratic-residual-link-20260824-001
F5-quadratic-residual-link,X1,X2,f5-quadratic-residual-link,59,2,0.33426484611976576,0.005,residual_samples/batch-59-replication-2.csv,null_statistics/batch-59-replication-2.npy,batch-f5-quadratic-residual-link,6259779318401174494,6022337622500204720,2881285052622851668,0.18399619997944683,,,batch-f5-quadratic-residual-link-20260824-001
F5-quadratic-residual-link,X1,X2,f5-quadratic-residual-link,59,3,0.2994337894113964,0.005,residual_samples/batch-59-replication-3.csv,null_statistics/batch-59-replication-3.npy,batch-f5-quadratic-residual-link,3032386392783078186,14088177639234089999,17326306144553619557,0.17854660004377365,,,batch-f5-quadratic-residual-link-20260824-001
F5-quadratic-residual-link,X1,X2,f5-quadratic-residual-link,59,4,0.34546309456918284,0.005,residual_samples/batch-59-replication-4.csv,null_statistics/batch-59-replication-4.npy,batch-f5-quadratic-residual-link,8872765612440636598,633195542352675247,13072423012202006174,0.18031689996132627,,,batch-f5-quadratic-residual-link-20260824-001
F5-quadratic-residual-link,X1,X2,f5-quadratic-residual-link,59,5,0.3312883885104887,0.005,residual_samples/batch-59-replication-5.csv,null_statistics/batch-59-replication-5.npy,batch-f5-quadratic-residual-link,7095603021776062876,11688427053551592562,10502331987022250490,0.1846285000210628,,,batch-f5-quadratic-residual-link-20260824-001
F5-quadratic-residual-link,X1,X2,f5-quadratic-residual-link,59,6,0.32320455751568034,0.005,residual_samples/batch-59-replication-6.csv,null_statistics/batch-59-replication-6.npy,batch-f5-quadratic-residual-link,14357626450324575770,7659026350782678662,2093759520014397515,0.18083319999277592,,,batch-f5-quadratic-residual-link-20260824-001
F5-quadratic-residual-link,X1,X2,f5-quadratic-residual-link,59,7,0.3256063963918115,0.005,residual_samples/batch-59-replication-7.csv,null_statistics/batch-59-replication-7.npy,batch-f5-quadratic-residual-link,15110491371757244246,6363393653870032732,13662421591247743614,0.1817272999905981,,,batch-f5-quadratic-residual-link-20260824-001
F5-quadratic-residual-link,X1,X2,f5-quadratic-residual-link,59,8,0.2940421436511134,0.005,residual_samples/batch-59-replication-8.csv,null_statistics/batch-59-replication-8.npy,batch-f5-quadratic-residual-link,12883995601740144958,18334047985970137595,17580447651920767773,0.1859612999833189,,,batch-f5-quadratic-residual-link-20260824-001
F5-quadratic-residual-link,X1,X2,f5-quadratic-residual-link,59,9,0.33337398482674707,0.005,residual_samples/batch-59-replication-9.csv,null_statistics/batch-59-replication-9.npy,batch-f5-quadratic-residual-link,13245751995693369921,9608240322547518320,16224493636000269988,0.1806491000461392,,,batch-f5-quadratic-residual-link-20260824-001
F5-quadratic-residual-link,X1,X2,f5-quadratic-residual-link,60,0,0.35169713044179735,0.005,residual_samples/batch-60-replication-0.csv,null_statistics/batch-60-replication-0.npy,batch-f5-quadratic-residual-link,2219272195386337902,12106937795140525210,10804859113411210135,0.18142049998277798,,,batch-f5-quadratic-residual-link-20260824-001
F5-quadratic-residual-link,X1,X2,f5-quadratic-residual-link,60,1,0.3497789977425016,0.005,residual_samples/batch-60-replication-1.csv,null_statistics/batch-60-replication-1.npy,batch-f5-quadratic-residual-link,18333790497366672200,17993928452466431842,16731245310501919045,0.18469159997766837,,,batch-f5-quadratic-residual-link-20260824-001
F5-quadratic-residual-link,X1,X2,f5-quadratic-residual-link,60,2,0.3230344988756026,0.005,residual_samples/batch-60-replication-2.csv,null_statistics/batch-60-replication-2.npy,batch-f5-quadratic-residual-link,4342628965123550814,16124484661428856143,5029628678181166624,0.18079010001383722,,,batch-f5-quadratic-residual-link-20260824-001
F5-quadratic-residual-link,X1,X2,f5-quadratic-residual-link,60,3,0.3121941624011644,0.005,residual_samples/batch-60-replication-3.csv,null_statistics/batch-60-replication-3.npy,batch-f5-quadratic-residual-link,2269743742293831817,9373087159129448367,2844557197156722903,0.18254359997808933,,,batch-f5-quadratic-residual-link-20260824-001
F5-quadratic-residual-link,X1,X2,f5-quadratic-residual-link,60,4,0.2952730348643532,0.005,residual_samples/batch-60-replication-4.csv,null_statistics/batch-60-replication-4.npy,batch-f5-quadratic-residual-link,8223708324351490941,499296070976177864,18089047372467963958,0.17937369999708608,,,batch-f5-quadratic-residual-link-20260824-001
F5-quadratic-residual-link,X1,X2,f5-quadratic-residual-link,60,5,0.3171707465335249,0.005,residual_samples/batch-60-replication-5.csv,null_statistics/batch-60-replication-5.npy,batch-f5-quadratic-residual-link,10698047048460277976,2295831638753226546,8441104202287972988,0.1807927999761887,,,batch-f5-quadratic-residual-link-20260824-001
F5-quadratic-residual-link,X1,X2,f5-quadratic-residual-link,60,6,0.2967898714784686,0.005,residual_samples/batch-60-replication-6.csv,null_statistics/batch-60-replication-6.npy,batch-f5-quadratic-residual-link,14678061162093388193,16482896797752345037,3992698650635468392,0.18225120002171025,,,batch-f5-quadratic-residual-link-20260824-001
F5-quadratic-residual-link,X1,X2,f5-quadratic-residual-link,60,7,0.34645191984440477,0.005,residual_samples/batch-60-replication-7.csv,null_statistics/batch-60-replication-7.npy,batch-f5-quadratic-residual-link,8493057448897571853,1589663292866691561,5950519927643000154,0.1833485999959521,,,batch-f5-quadratic-residual-link-20260824-001
F5-quadratic-residual-link,X1,X2,f5-quadratic-residual-link,60,8,0.3145104148813659,0.005,residual_samples/batch-60-replication-8.csv,null_statistics/batch-60-replication-8.npy,batch-f5-quadratic-residual-link,11382090068521996629,8804599218587817724,4884353996429370120,0.184881100023631,,,batch-f5-quadratic-residual-link-20260824-001
F5-quadratic-residual-link,X1,X2,f5-quadratic-residual-link,60,9,0.31289798496363525,0.005,residual_samples/batch-60-replication-9.csv,null_statistics/batch-60-replication-9.npy,batch-f5-quadratic-residual-link,7929118735385370173,6709436058044987582,7426191151218280273,0.1806009000283666,,,batch-f5-quadratic-residual-link-20260824-001
F5-quadratic-residual-link,X1,X2,f5-quadratic-residual-link,61,0,0.32002755003609445,0.005,residual_samples/batch-61-replication-0.csv,null_statistics/batch-61-replication-0.npy,batch-f5-quadratic-residual-link,13972790569251232737,10167312956154587641,11948952966270678679,0.18025390000548214,,,batch-f5-quadratic-residual-link-20260824-001
F5-quadratic-residual-link,X1,X2,f5-quadratic-residual-link,61,1,0.31390012247766547,0.005,residual_samples/batch-61-replication-1.csv,null_statistics/batch-61-replication-1.npy,batch-f5-quadratic-residual-link,12948780079461242380,4690440405389115002,18042596398593672114,0.18014269997365773,,,batch-f5-quadratic-residual-link-20260824-001
F5-quadratic-residual-link,X1,X2,f5-quadratic-residual-link,61,2,0.30770850013780454,0.005,residual_samples/batch-61-replication-2.csv,null_statistics/batch-61-replication-2.npy,batch-f5-quadratic-residual-link,13189218053053009750,8340523618311484230,1315948197350080148,0.18220440001459792,,,batch-f5-quadratic-residual-link-20260824-001
F5-quadratic-residual-link,X1,X2,f5-quadratic-residual-link,61,3,0.3149165794869539,0.005,residual_samples/batch-61-replication-3.csv,null_statistics/batch-61-replication-3.npy,batch-f5-quadratic-residual-link,8166509264505075036,5281492062506071078,13950622227741881399,0.17887820000760257,,,batch-f5-quadratic-residual-link-20260824-001
F5-quadratic-residual-link,X1,X2,f5-quadratic-residual-link,61,4,0.32230869600818657,0.005,residual_samples/batch-61-replication-4.csv,null_statistics/batch-61-replication-4.npy,batch-f5-quadratic-residual-link,14707880815668864686,13828274494430815826,18179859807740432121,0.1823665999691002,,,batch-f5-quadratic-residual-link-20260824-001
F5-quadratic-residual-link,X1,X2,f5-quadratic-residual-link,61,5,0.3186403888361553,0.005,residual_samples/batch-61-replication-5.csv,null_statistics/batch-61-replication-5.npy,batch-f5-quadratic-residual-link,2527022163964081523,10428012416209915317,14205072694366822899,0.18217159999767318,,,batch-f5-quadratic-residual-link-20260824-001
F5-quadratic-residual-link,X1,X2,f5-quadratic-residual-link,61,6,0.33286680407293784,0.005,residual_samples/batch-61-replication-6.csv,null_statistics/batch-61-replication-6.npy,batch-f5-quadratic-residual-link,16386855861177003180,496096035490957835,11509843127717413888,0.18760679999832064,,,batch-f5-quadratic-residual-link-20260824-001
F5-quadratic-residual-link,X1,X2,f5-quadratic-residual-link,61,7,0.325576291460108,0.005,residual_samples/batch-61-replication-7.csv,null_statistics/batch-61-replication-7.npy,batch-f5-quadratic-residual-link,10054189645032468397,3247534767413979511,7798300895451150105,0.18476719997124746,,,batch-f5-quadratic-residual-link-20260824-001
F5-quadratic-residual-link,X1,X2,f5-quadratic-residual-link,61,8,0.33752616509480976,0.005,residual_samples/batch-61-replication-8.csv,null_statistics/batch-61-replication-8.npy,batch-f5-quadratic-residual-link,14421741738918616665,8391033360482602657,9944812610345458133,0.17977180000161752,,,batch-f5-quadratic-residual-link-20260824-001
F5-quadratic-residual-link,X1,X2,f5-quadratic-residual-link,61,9,0.33378421725777724,0.005,residual_samples/batch-61-replication-9.csv,null_statistics/batch-61-replication-9.npy,batch-f5-quadratic-residual-link,6615949842479837687,460143964959679101,15183820277496717671,0.18422920000739396,,,batch-f5-quadratic-residual-link-20260824-001
F5-quadratic-residual-link,X1,X2,f5-quadratic-residual-link,62,0,0.28447866529832516,0.005,residual_samples/batch-62-replication-0.csv,null_statistics/batch-62-replication-0.npy,batch-f5-quadratic-residual-link,11178917147022882896,10656205101205496380,6277453818951108320,0.1811837999848649,,,batch-f5-quadratic-residual-link-20260824-001
F5-quadratic-residual-link,X1,X2,f5-quadratic-residual-link,62,1,0.31346656313163535,0.005,residual_samples/batch-62-replication-1.csv,null_statistics/batch-62-replication-1.npy,batch-f5-quadratic-residual-link,12110983121461161837,14863752860186250014,4716548956548516724,0.1826225999975577,,,batch-f5-quadratic-residual-link-20260824-001
F5-quadratic-residual-link,X1,X2,f5-quadratic-residual-link,62,2,0.2891948373765252,0.005,residual_samples/batch-62-replication-2.csv,null_statistics/batch-62-replication-2.npy,batch-f5-quadratic-residual-link,2240797202208348208,10832530150199774560,2850262820227481145,0.18122360005509108,,,batch-f5-quadratic-residual-link-20260824-001
F5-quadratic-residual-link,X1,X2,f5-quadratic-residual-link,62,3,0.3220985313846506,0.005,residual_samples/batch-62-replication-3.csv,null_statistics/batch-62-replication-3.npy,batch-f5-quadratic-residual-link,9587756197504112603,16063707782942649,6220197561499179812,0.17984359996626154,,,batch-f5-quadratic-residual-link-20260824-001
F5-quadratic-residual-link,X1,X2,f5-quadratic-residual-link,62,4,0.28354937628364063,0.005,residual_samples/batch-62-replication-4.csv,null_statistics/batch-62-replication-4.npy,batch-f5-quadratic-residual-link,9079793325150193224,1114933712068698099,1049707402874911080,0.1804001999553293,,,batch-f5-quadratic-residual-link-20260824-001
F5-quadratic-residual-link,X1,X2,f5-quadratic-residual-link,62,5,0.29890419156868886,0.005,residual_samples/batch-62-replication-5.csv,null_statistics/batch-62-replication-5.npy,batch-f5-quadratic-residual-link,2216239754050433594,12922422801915581898,4497024026600610212,0.1802960999775678,,,batch-f5-quadratic-residual-link-20260824-001
F5-quadratic-residual-link,X1,X2,f5-quadratic-residual-link,62,6,0.2906772822700922,0.005,residual_samples/batch-62-replication-6.csv,null_statistics/batch-62-replication-6.npy,batch-f5-quadratic-residual-link,15708529051826094584,10461129774810001844,15119550046324765354,0.18142370000714436,,,batch-f5-quadratic-residual-link-20260824-001
F5-quadratic-residual-link,X1,X2,f5-quadratic-residual-link,62,7,0.31437461348407963,0.005,residual_samples/batch-62-replication-7.csv,null_statistics/batch-62-replication-7.npy,batch-f5-quadratic-residual-link,1370991657890047687,18355380040993514648,18022651842326826883,0.17989640001906082,,,batch-f5-quadratic-residual-link-20260824-001
F5-quadratic-residual-link,X1,X2,f5-quadratic-residual-link,62,8,0.32726915441651844,0.005,residual_samples/batch-62-replication-8.csv,null_statistics/batch-62-replication-8.npy,batch-f5-quadratic-residual-link,12106305594761650206,3545019281613217629,7185709936950853362,0.1800185000174679,,,batch-f5-quadratic-residual-link-20260824-001
F5-quadratic-residual-link,X1,X2,f5-quadratic-residual-link,62,9,0.31198546574894664,0.005,residual_samples/batch-62-replication-9.csv,null_statistics/batch-62-replication-9.npy,batch-f5-quadratic-residual-link,7561436507142635735,13245189709513537641,16353091650245959536,0.18149789999006316,,,batch-f5-quadratic-residual-link-20260824-001
F5-quadratic-residual-link,X1,X2,f5-quadratic-residual-link,63,0,0.3363157620352015,0.005,residual_samples/batch-63-replication-0.csv,null_statistics/batch-63-replication-0.npy,batch-f5-quadratic-residual-link,16667899534456898843,14692781993608939056,14525324230425899299,0.17943259997991845,,,batch-f5-quadratic-residual-link-20260824-001
F5-quadratic-residual-link,X1,X2,f5-quadratic-residual-link,63,1,0.2955882063754703,0.005,residual_samples/batch-63-replication-1.csv,null_statistics/batch-63-replication-1.npy,batch-f5-quadratic-residual-link,11767605522206319253,3451876716089173784,11965537724499530207,0.1802386000053957,,,batch-f5-quadratic-residual-link-20260824-001
F5-quadratic-residual-link,X1,X2,f5-quadratic-residual-link,63,2,0.31487021223869327,0.005,residual_samples/batch-63-replication-2.csv,null_statistics/batch-63-replication-2.npy,batch-f5-quadratic-residual-link,7553439590429594130,18035288817357722126,6327855998357436934,0.18038650002563372,,,batch-f5-quadratic-residual-link-20260824-001
F5-quadratic-residual-link,X1,X2,f5-quadratic-residual-link,63,3,0.31950754245356927,0.005,residual_samples/batch-63-replication-3.csv,null_statistics/batch-63-replication-3.npy,batch-f5-quadratic-residual-link,4897004015037928774,2871001036148269659,15655558531575074055,0.18096669996157289,,,batch-f5-quadratic-residual-link-20260824-001
F5-quadratic-residual-link,X1,X2,f5-quadratic-residual-link,63,4,0.33633475355359865,0.005,residual_samples/batch-63-replication-4.csv,null_statistics/batch-63-replication-4.npy,batch-f5-quadratic-residual-link,2993848678972705216,6340381509196257479,8734445867480695705,0.18050429999129847,,,batch-f5-quadratic-residual-link-20260824-001
F5-quadratic-residual-link,X1,X2,f5-quadratic-residual-link,63,5,0.3219741394769944,0.005,residual_samples/batch-63-replication-5.csv,null_statistics/batch-63-replication-5.npy,batch-f5-quadratic-residual-link,12095752554581778843,17757361356518993968,4754095522704183881,0.17976710002403706,,,batch-f5-quadratic-residual-link-20260824-001
F5-quadratic-residual-link,X1,X2,f5-quadratic-residual-link,63,6,0.3229283496071951,0.005,residual_samples/batch-63-replication-6.csv,null_statistics/batch-63-replication-6.npy,batch-f5-quadratic-residual-link,10147885078523881579,13213754548577767927,6317936281317846256,0.1800801000208594,,,batch-f5-quadratic-residual-link-20260824-001
F5-quadratic-residual-link,X1,X2,f5-quadratic-residual-link,63,7,0.3157961126444485,0.005,residual_samples/batch-63-replication-7.csv,null_statistics/batch-63-replication-7.npy,batch-f5-quadratic-residual-link,6763283371898434120,3998452212443882835,572339691120230876,0.18094560003373772,,,batch-f5-quadratic-residual-link-20260824-001
F5-quadratic-residual-link,X1,X2,f5-quadratic-residual-link,63,8,0.31842947723067716,0.005,residual_samples/batch-63-replication-8.csv,null_statistics/batch-63-replication-8.npy,batch-f5-quadratic-residual-link,15320000786019724013,13933275876093182976,3418082228834267749,0.17862839996814728,,,batch-f5-quadratic-residual-link-20260824-001
F5-quadratic-residual-link,X1,X2,f5-quadratic-residual-link,63,9,0.32448880927115703,0.005,residual_samples/batch-63-replication-9.csv,null_statistics/batch-63-replication-9.npy,batch-f5-quadratic-residual-link,10045784872183711509,12054010817335812563,6509702417748636399,0.17994539998471737,,,batch-f5-quadratic-residual-link-20260824-001
F5-quadratic-residual-link,X1,X2,f5-quadratic-residual-link,64,0,0.3118971568359001,0.005,residual_samples/batch-64-replication-0.csv,null_statistics/batch-64-replication-0.npy,batch-f5-quadratic-residual-link,5651193406455783709,12814640816266340874,8239558626892063496,0.1812196999671869,,,batch-f5-quadratic-residual-link-20260824-001
F5-quadratic-residual-link,X1,X2,f5-quadratic-residual-link,64,1,0.3335143455574477,0.005,residual_samples/batch-64-replication-1.csv,null_statistics/batch-64-replication-1.npy,batch-f5-quadratic-residual-link,17720575585889381514,15874229266859078233,11366193490260227679,0.17953809996834025,,,batch-f5-quadratic-residual-link-20260824-001
F5-quadratic-residual-link,X1,X2,f5-quadratic-residual-link,64,2,0.31539115315268373,0.005,residual_samples/batch-64-replication-2.csv,null_statistics/batch-64-replication-2.npy,batch-f5-quadratic-residual-link,14960403572754592515,564934575813350385,4407574864686135434,0.17978480004239827,,,batch-f5-quadratic-residual-link-20260824-001
F5-quadratic-residual-link,X1,X2,f5-quadratic-residual-link,64,3,0.3363856401044305,0.005,residual_samples/batch-64-replication-3.csv,null_statistics/batch-64-replication-3.npy,batch-f5-quadratic-residual-link,10789649161981565294,3548367571993655657,5488739227008754647,0.1799798000138253,,,batch-f5-quadratic-residual-link-20260824-001
F5-quadratic-residual-link,X1,X2,f5-quadratic-residual-link,64,4,0.32497772642096023,0.005,residual_samples/batch-64-replication-4.csv,null_statistics/batch-64-replication-4.npy,batch-f5-quadratic-residual-link,4138396765981863985,13920525699450548096,1487244263125037647,0.17834879999281839,,,batch-f5-quadratic-residual-link-20260824-001
F5-quadratic-residual-link,X1,X2,f5-quadratic-residual-link,64,5,0.33237856004836003,0.005,residual_samples/batch-64-replication-5.csv,null_statistics/batch-64-replication-5.npy,batch-f5-quadratic-residual-link,3174376271299247593,6795303127187457335,17548529149404864270,0.17954800004372373,,,batch-f5-quadratic-residual-link-20260824-001
F5-quadratic-residual-link,X1,X2,f5-quadratic-residual-link,64,6,0.2914796677040003,0.005,residual_samples/batch-64-replication-6.csv,null_statistics/batch-64-replication-6.npy,batch-f5-quadratic-residual-link,12089599417997276218,4953685696258631832,8272166533481918475,0.18150690000038594,,,batch-f5-quadratic-residual-link-20260824-001
F5-quadratic-residual-link,X1,X2,f5-quadratic-residual-link,64,7,0.31748947347707235,0.005,residual_samples/batch-64-replication-7.csv,null_statistics/batch-64-replication-7.npy,batch-f5-quadratic-residual-link,12098502519728412983,14948918620865216574,6317050063005371465,0.1822251999983564,,,batch-f5-quadratic-residual-link-20260824-001
F5-quadratic-residual-link,X1,X2,f5-quadratic-residual-link,64,8,0.3252653211294619,0.005,residual_samples/batch-64-replication-8.csv,null_statistics/batch-64-replication-8.npy,batch-f5-quadratic-residual-link,8090944574881310668,1999673854250857041,1244762559892410674,0.17895029997453094,,,batch-f5-quadratic-residual-link-20260824-001
F5-quadratic-residual-link,X1,X2,f5-quadratic-residual-link,64,9,0.30161485838881164,0.005,residual_samples/batch-64-replication-9.csv,null_statistics/batch-64-replication-9.npy,batch-f5-quadratic-residual-link,7703000810527509688,1744379677438868013,7283464386890870955,0.18045350001193583,,,batch-f5-quadratic-residual-link-20260824-001
F5-quadratic-residual-link,X1,X2,f5-quadratic-residual-link,65,0,0.3124157438710976,0.005,residual_samples/batch-65-replication-0.csv,null_statistics/batch-65-replication-0.npy,batch-f5-quadratic-residual-link,11105266979583928171,7845536020770676743,14327703302139891708,0.17959300003712997,,,batch-f5-quadratic-residual-link-20260824-001
F5-quadratic-residual-link,X1,X2,f5-quadratic-residual-link,65,1,0.32450394155783185,0.005,residual_samples/batch-65-replication-1.csv,null_statistics/batch-65-replication-1.npy,batch-f5-quadratic-residual-link,15351490703588326766,8857283395931315260,7384413219822647546,0.18192900001304224,,,batch-f5-quadratic-residual-link-20260824-001
F5-quadratic-residual-link,X1,X2,f5-quadratic-residual-link,65,2,0.3158246791212615,0.005,residual_samples/batch-65-replication-2.csv,null_statistics/batch-65-replication-2.npy,batch-f5-quadratic-residual-link,14575074879741544390,11208335672748368521,6044124822180437934,0.180275899998378,,,batch-f5-quadratic-residual-link-20260824-001
F5-quadratic-residual-link,X1,X2,f5-quadratic-residual-link,65,3,0.3152623909122107,0.005,residual_samples/batch-65-replication-3.csv,null_statistics/batch-65-replication-3.npy,batch-f5-quadratic-residual-link,1425948814225897114,17174993382945921124,16373560016704233708,0.18191220000153407,,,batch-f5-quadratic-residual-link-20260824-001
F5-quadratic-residual-link,X1,X2,f5-quadratic-residual-link,65,4,0.2902503267051655,0.005,residual_samples/batch-65-replication-4.csv,null_statistics/batch-65-replication-4.npy,batch-f5-quadratic-residual-link,2535558014077555741,5004931642106656622,12443504552279861076,0.18027700000675395,,,batch-f5-quadratic-residual-link-20260824-001
F5-quadratic-residual-link,X1,X2,f5-quadratic-residual-link,65,5,0.2978086553694699,0.005,residual_samples/batch-65-replication-5.csv,null_statistics/batch-65-replication-5.npy,batch-f5-quadratic-residual-link,2178158237174572730,5587013900964881689,16621820869853355744,0.1800799000193365,,,batch-f5-quadratic-residual-link-20260824-001
F5-quadratic-residual-link,X1,X2,f5-quadratic-residual-link,65,6,0.3092353776073248,0.005,residual_samples/batch-65-replication-6.csv,null_statistics/batch-65-replication-6.npy,batch-f5-quadratic-residual-link,17486762442941799572,6347856556648428516,11443959346838485606,0.17983730003470555,,,batch-f5-quadratic-residual-link-20260824-001
F5-quadratic-residual-link,X1,X2,f5-quadratic-residual-link,65,7,0.33242637636780237,0.005,residual_samples/batch-65-replication-7.csv,null_statistics/batch-65-replication-7.npy,batch-f5-quadratic-residual-link,1487947363919539880,15773495566922270851,8738122586743457048,0.18657550000352785,,,batch-f5-quadratic-residual-link-20260824-001
F5-quadratic-residual-link,X1,X2,f5-quadratic-residual-link,65,8,0.32994114333923846,0.005,residual_samples/batch-65-replication-8.csv,null_statistics/batch-65-replication-8.npy,batch-f5-quadratic-residual-link,4614638557854311374,8104123847885497065,10745625862542433926,0.18056310003157705,,,batch-f5-quadratic-residual-link-20260824-001
F5-quadratic-residual-link,X1,X2,f5-quadratic-residual-link,65,9,0.3260823120065434,0.005,residual_samples/batch-65-replication-9.csv,null_statistics/batch-65-replication-9.npy,batch-f5-quadratic-residual-link,6218493859104993841,5900642069547366274,18153794065896827051,0.17984890000661835,,,batch-f5-quadratic-residual-link-20260824-001
F5-quadratic-residual-link,X1,X2,f5-quadratic-residual-link,66,0,0.33539089313427184,0.005,residual_samples/batch-66-replication-0.csv,null_statistics/batch-66-replication-0.npy,batch-f5-quadratic-residual-link,12226564738570000907,9969929332875350602,3571502306108882276,0.17874210001900792,,,batch-f5-quadratic-residual-link-20260824-001
F5-quadratic-residual-link,X1,X2,f5-quadratic-residual-link,66,1,0.31895126205532076,0.005,residual_samples/batch-66-replication-1.csv,null_statistics/batch-66-replication-1.npy,batch-f5-quadratic-residual-link,10410844839254284844,4734024594854732456,16460129362733431415,0.18018490000395104,,,batch-f5-quadratic-residual-link-20260824-001
F5-quadratic-residual-link,X1,X2,f5-quadratic-residual-link,66,2,0.3395160094684659,0.005,residual_samples/batch-66-replication-2.csv,null_statistics/batch-66-replication-2.npy,batch-f5-quadratic-residual-link,8951497060639127102,16399122367914137496,17871653807596687745,0.18252029997529462,,,batch-f5-quadratic-residual-link-20260824-001
F5-quadratic-residual-link,X1,X2,f5-quadratic-residual-link,66,3,0.326412248033503,0.005,residual_samples/batch-66-replication-3.csv,null_statistics/batch-66-replication-3.npy,batch-f5-quadratic-residual-link,12528809365575466027,3477163286100296142,15654834109157321382,0.1824435000307858,,,batch-f5-quadratic-residual-link-20260824-001
F5-quadratic-residual-link,X1,X2,f5-quadratic-residual-link,66,4,0.32842926419304136,0.005,residual_samples/batch-66-replication-4.csv,null_statistics/batch-66-replication-4.npy,batch-f5-quadratic-residual-link,13891802163709650547,13597960843414196385,134485361474184735,0.18087190005462617,,,batch-f5-quadratic-residual-link-20260824-001
F5-quadratic-residual-link,X1,X2,f5-quadratic-residual-link,66,5,0.3172001426987163,0.005,residual_samples/batch-66-replication-5.csv,null_statistics/batch-66-replication-5.npy,batch-f5-quadratic-residual-link,8512499594654786260,2354692252569971522,9425801711139188814,0.1796699999831617,,,batch-f5-quadratic-residual-link-20260824-001
F5-quadratic-residual-link,X1,X2,f5-quadratic-residual-link,66,6,0.3558212080187622,0.005,residual_samples/batch-66-replication-6.csv,null_statistics/batch-66-replication-6.npy,batch-f5-quadratic-residual-link,7470376611676235119,8045154140001763773,3784314461062009814,0.18142800003988668,,,batch-f5-quadratic-residual-link-20260824-001
F5-quadratic-residual-link,X1,X2,f5-quadratic-residual-link,66,7,0.3110255450540955,0.005,residual_samples/batch-66-replication-7.csv,null_statistics/batch-66-replication-7.npy,batch-f5-quadratic-residual-link,7870560511061393871,11042782561406122952,2468316405827521229,0.18185739999171346,,,batch-f5-quadratic-residual-link-20260824-001
F5-quadratic-residual-link,X1,X2,f5-quadratic-residual-link,66,8,0.30694824466070314,0.005,residual_samples/batch-66-replication-8.csv,null_statistics/batch-66-replication-8.npy,batch-f5-quadratic-residual-link,17038042645726401220,16592027065507417771,6057270852075987307,0.18400859995745122,,,batch-f5-quadratic-residual-link-20260824-001
F5-quadratic-residual-link,X1,X2,f5-quadratic-residual-link,66,9,0.33265550936802907,0.005,residual_samples/batch-66-replication-9.csv,null_statistics/batch-66-replication-9.npy,batch-f5-quadratic-residual-link,11793304027662081079,14639578596259343388,17512339570338919798,0.1798308999859728,,,batch-f5-quadratic-residual-link-20260824-001
F5-quadratic-residual-link,X1,X2,f5-quadratic-residual-link,67,0,0.32433813773779185,0.005,residual_samples/batch-67-replication-0.csv,null_statistics/batch-67-replication-0.npy,batch-f5-quadratic-residual-link,15248707359799860578,12625465636874312734,3914363648949442903,0.18215379997855052,,,batch-f5-quadratic-residual-link-20260824-001
F5-quadratic-residual-link,X1,X2,f5-quadratic-residual-link,67,1,0.3032740381014007,0.005,residual_samples/batch-67-replication-1.csv,null_statistics/batch-67-replication-1.npy,batch-f5-quadratic-residual-link,10722157457432863592,8995960057882021939,10465791255214650786,0.17828749999171123,,,batch-f5-quadratic-residual-link-20260824-001
F5-quadratic-residual-link,X1,X2,f5-quadratic-residual-link,67,2,0.2884430206043674,0.005,residual_samples/batch-67-replication-2.csv,null_statistics/batch-67-replication-2.npy,batch-f5-quadratic-residual-link,16993602380489825647,3578715554794624586,2511635898331181131,0.17880110000260174,,,batch-f5-quadratic-residual-link-20260824-001
F5-quadratic-residual-link,X1,X2,f5-quadratic-residual-link,67,3,0.31270629668527605,0.005,residual_samples/batch-67-replication-3.csv,null_statistics/batch-67-replication-3.npy,batch-f5-quadratic-residual-link,17443581231172549391,18092796779960355314,2861125986055154759,0.18122899997979403,,,batch-f5-quadratic-residual-link-20260824-001
F5-quadratic-residual-link,X1,X2,f5-quadratic-residual-link,67,4,0.3403528445909567,0.005,residual_samples/batch-67-replication-4.csv,null_statistics/batch-67-replication-4.npy,batch-f5-quadratic-residual-link,3801924853422974449,12755307672928045215,6764299896793830718,0.18245239998213947,,,batch-f5-quadratic-residual-link-20260824-001
F5-quadratic-residual-link,X1,X2,f5-quadratic-residual-link,67,5,0.3092219484847569,0.005,residual_samples/batch-67-replication-5.csv,null_statistics/batch-67-replication-5.npy,batch-f5-quadratic-residual-link,13350939910778675001,5424700249290776367,3067883064973311018,0.18170409998856485,,,batch-f5-quadratic-residual-link-20260824-001
F5-quadratic-residual-link,X1,X2,f5-quadratic-residual-link,67,6,0.35552417974155076,0.005,residual_samples/batch-67-replication-6.csv,null_statistics/batch-67-replication-6.npy,batch-f5-quadratic-residual-link,16885475256583005679,12495000561877576897,4108070055825100967,0.1791098000248894,,,batch-f5-quadratic-residual-link-20260824-001
F5-quadratic-residual-link,X1,X2,f5-quadratic-residual-link,67,7,0.32190505642480766,0.005,residual_samples/batch-67-replication-7.csv,null_statistics/batch-67-replication-7.npy,batch-f5-quadratic-residual-link,715801814665058777,9765615777393084257,17608919778581677252,0.17914409999502823,,,batch-f5-quadratic-residual-link-20260824-001
F5-quadratic-residual-link,X1,X2,f5-quadratic-residual-link,67,8,0.3322297848596103,0.005,residual_samples/batch-67-replication-8.csv,null_statistics/batch-67-replication-8.npy,batch-f5-quadratic-residual-link,206618205617849289,11789837775246134318,8159644395718599095,0.1799213999765925,,,batch-f5-quadratic-residual-link-20260824-001
F5-quadratic-residual-link,X1,X2,f5-quadratic-residual-link,67,9,0.3177536874440897,0.005,residual_samples/batch-67-replication-9.csv,null_statistics/batch-67-replication-9.npy,batch-f5-quadratic-residual-link,5482487092880271915,10189875298148770507,5527633125366422987,0.18220869998913258,,,batch-f5-quadratic-residual-link-20260824-001
F5-quadratic-residual-link,X1,X2,f5-quadratic-residual-link,68,0,0.29731697807297097,0.005,residual_samples/batch-68-replication-0.csv,null_statistics/batch-68-replication-0.npy,batch-f5-quadratic-residual-link,17280935653157690457,16090027798742167660,3360863340672447472,0.1840739999897778,,,batch-f5-quadratic-residual-link-20260824-001
F5-quadratic-residual-link,X1,X2,f5-quadratic-residual-link,68,1,0.3418005667567098,0.005,residual_samples/batch-68-replication-1.csv,null_statistics/batch-68-replication-1.npy,batch-f5-quadratic-residual-link,17965164684366811852,15160923749452002911,2256577660427847504,0.18077059998176992,,,batch-f5-quadratic-residual-link-20260824-001
F5-quadratic-residual-link,X1,X2,f5-quadratic-residual-link,68,2,0.3373267478247846,0.005,residual_samples/batch-68-replication-2.csv,null_statistics/batch-68-replication-2.npy,batch-f5-quadratic-residual-link,1108826088650967324,2292183832767136706,4888734992655236700,0.18249229999491945,,,batch-f5-quadratic-residual-link-20260824-001
F5-quadratic-residual-link,X1,X2,f5-quadratic-residual-link,68,3,0.31954145021411795,0.005,residual_samples/batch-68-replication-3.csv,null_statistics/batch-68-replication-3.npy,batch-f5-quadratic-residual-link,17408348813420673049,1380571665665730794,4034319637978516091,0.1816712999716401,,,batch-f5-quadratic-residual-link-20260824-001
F5-quadratic-residual-link,X1,X2,f5-quadratic-residual-link,68,4,0.31684628888562816,0.005,residual_samples/batch-68-replication-4.csv,null_statistics/batch-68-replication-4.npy,batch-f5-quadratic-residual-link,3989179935550285602,14465433924516470120,10231011079212845416,0.18198260001372546,,,batch-f5-quadratic-residual-link-20260824-001
F5-quadratic-residual-link,X1,X2,f5-quadratic-residual-link,68,5,0.3560417750217749,0.005,residual_samples/batch-68-replication-5.csv,null_statistics/batch-68-replication-5.npy,batch-f5-quadratic-residual-link,1298873086476708000,11557956202961965154,16204821409563308814,0.18986819998826832,,,batch-f5-quadratic-residual-link-20260824-001
F5-quadratic-residual-link,X1,X2,f5-quadratic-residual-link,68,6,0.34854048387901126,0.005,residual_samples/batch-68-replication-6.csv,null_statistics/batch-68-replication-6.npy,batch-f5-quadratic-residual-link,4279939038668298610,4732317544296161564,11763953570629669815,0.18179990001954138,,,batch-f5-quadratic-residual-link-20260824-001
F5-quadratic-residual-link,X1,X2,f5-quadratic-residual-link,68,7,0.3146964587909715,0.005,residual_samples/batch-68-replication-7.csv,null_statistics/batch-68-replication-7.npy,batch-f5-quadratic-residual-link,10607253160219299422,6764273436962986088,10919042259248644532,0.18285519996425137,,,batch-f5-quadratic-residual-link-20260824-001
F5-quadratic-residual-link,X1,X2,f5-quadratic-residual-link,68,8,0.3426941963687045,0.005,residual_samples/batch-68-replication-8.csv,null_statistics/batch-68-replication-8.npy,batch-f5-quadratic-residual-link,11286846416302100976,3290108094460680034,14786960664990006392,0.18204330001026392,,,batch-f5-quadratic-residual-link-20260824-001
F5-quadratic-residual-link,X1,X2,f5-quadratic-residual-link,68,9,0.3561860827669731,0.005,residual_samples/batch-68-replication-9.csv,null_statistics/batch-68-replication-9.npy,batch-f5-quadratic-residual-link,16349040790149028834,3171004845141993092,16635411942939486657,0.18319899996276945,,,batch-f5-quadratic-residual-link-20260824-001
F5-quadratic-residual-link,X1,X2,f5-quadratic-residual-link,69,0,0.32418616477717394,0.005,residual_samples/batch-69-replication-0.csv,null_statistics/batch-69-replication-0.npy,batch-f5-quadratic-residual-link,9448326957457235119,3920840140666931783,17448149133389712918,0.18214049999369308,,,batch-f5-quadratic-residual-link-20260824-001
F5-quadratic-residual-link,X1,X2,f5-quadratic-residual-link,69,1,0.3328827746517386,0.005,residual_samples/batch-69-replication-1.csv,null_statistics/batch-69-replication-1.npy,batch-f5-quadratic-residual-link,18403946610865810646,14003784189741936936,81088019391026324,0.18001640000147745,,,batch-f5-quadratic-residual-link-20260824-001
F5-quadratic-residual-link,X1,X2,f5-quadratic-residual-link,69,2,0.3096805004682347,0.005,residual_samples/batch-69-replication-2.csv,null_statistics/batch-69-replication-2.npy,batch-f5-quadratic-residual-link,6974366949440841950,10606812491856624831,299162901778469241,0.1799973000306636,,,batch-f5-quadratic-residual-link-20260824-001
F5-quadratic-residual-link,X1,X2,f5-quadratic-residual-link,69,3,0.342596356362475,0.005,residual_samples/batch-69-replication-3.csv,null_statistics/batch-69-replication-3.npy,batch-f5-quadratic-residual-link,6906969951241892576,1393309421548628614,6536256338588647572,0.18002999998861924,,,batch-f5-quadratic-residual-link-20260824-001
F5-quadratic-residual-link,X1,X2,f5-quadratic-residual-link,69,4,0.3141686668058291,0.005,residual_samples/batch-69-replication-4.csv,null_statistics/batch-69-replication-4.npy,batch-f5-quadratic-residual-link,9807467067197715609,1541289646959357253,16588711772001782289,0.18149370001628995,,,batch-f5-quadratic-residual-link-20260824-001
F5-quadratic-residual-link,X1,X2,f5-quadratic-residual-link,69,5,0.31078287467335,0.005,residual_samples/batch-69-replication-5.csv,null_statistics/batch-69-replication-5.npy,batch-f5-quadratic-residual-link,5579958704369792889,10467068686721674186,10643421970393657541,0.18142350000562146,,,batch-f5-quadratic-residual-link-20260824-001
F5-quadratic-residual-link,X1,X2,f5-quadratic-residual-link,69,6,0.31839994537196414,0.005,residual_samples/batch-69-replication-6.csv,null_statistics/batch-69-replication-6.npy,batch-f5-quadratic-residual-link,9567117710112458757,3575189496297638247,16622437352290252371,0.1808465999783948,,,batch-f5-quadratic-residual-link-20260824-001
F5-quadratic-residual-link,X1,X2,f5-quadratic-residual-link,69,7,0.3173541397672234,0.005,residual_samples/batch-69-replication-7.csv,null_statistics/batch-69-replication-7.npy,batch-f5-quadratic-residual-link,13049118474199214795,7063330199600765039,2514086317448302520,0.18102540000109002,,,batch-f5-quadratic-residual-link-20260824-001
F5-quadratic-residual-link,X1,X2,f5-quadratic-residual-link,69,8,0.28950170841525974,0.005,residual_samples/batch-69-replication-8.csv,null_statistics/batch-69-replication-8.npy,batch-f5-quadratic-residual-link,2109574558507249500,7251150575741294296,15051670209841547645,0.18085080001037568,,,batch-f5-quadratic-residual-link-20260824-001
F5-quadratic-residual-link,X1,X2,f5-quadratic-residual-link,69,9,0.3312685226065002,0.005,residual_samples/batch-69-replication-9.csv,null_statistics/batch-69-replication-9.npy,batch-f5-quadratic-residual-link,17032306805603392369,8572397656946585954,14419705372808531824,0.18156580004142597,,,batch-f5-quadratic-residual-link-20260824-001
F5-quadratic-residual-link,X1,X2,f5-quadratic-residual-link,70,0,0.3067855266030494,0.005,residual_samples/batch-70-replication-0.csv,null_statistics/batch-70-replication-0.npy,batch-f5-quadratic-residual-link,3851426772307946165,3782260206709026833,13426652610776640066,0.18421610002405941,,,batch-f5-quadratic-residual-link-20260824-001
F5-quadratic-residual-link,X1,X2,f5-quadratic-residual-link,70,1,0.3345655014936508,0.005,residual_samples/batch-70-replication-1.csv,null_statistics/batch-70-replication-1.npy,batch-f5-quadratic-residual-link,11671986850147474251,471056811433948858,18070245570374241689,0.18340839998563752,,,batch-f5-quadratic-residual-link-20260824-001
F5-quadratic-residual-link,X1,X2,f5-quadratic-residual-link,70,2,0.31321454086443573,0.005,residual_samples/batch-70-replication-2.csv,null_statistics/batch-70-replication-2.npy,batch-f5-quadratic-residual-link,12693569374090625121,8340411534314669855,2390930229397917527,0.18497699999716133,,,batch-f5-quadratic-residual-link-20260824-001
F5-quadratic-residual-link,X1,X2,f5-quadratic-residual-link,70,3,0.30228431387612936,0.005,residual_samples/batch-70-replication-3.csv,null_statistics/batch-70-replication-3.npy,batch-f5-quadratic-residual-link,13761573022833768100,14732133992524015920,11810710321853962324,0.18292470002779737,,,batch-f5-quadratic-residual-link-20260824-001
F5-quadratic-residual-link,X1,X2,f5-quadratic-residual-link,70,4,0.30141647941570954,0.005,residual_samples/batch-70-replication-4.csv,null_statistics/batch-70-replication-4.npy,batch-f5-quadratic-residual-link,8773878966596388675,2295234322805876851,7844856722399885406,0.18062160001136363,,,batch-f5-quadratic-residual-link-20260824-001
F5-quadratic-residual-link,X1,X2,f5-quadratic-residual-link,70,5,0.3472331730969911,0.005,residual_samples/batch-70-replication-5.csv,null_statistics/batch-70-replication-5.npy,batch-f5-quadratic-residual-link,4419656130281345351,5417398461129963362,6009186407770689605,0.1826530999969691,,,batch-f5-quadratic-residual-link-20260824-001
F5-quadratic-residual-link,X1,X2,f5-quadratic-residual-link,70,6,0.3276445557086117,0.005,residual_samples/batch-70-replication-6.csv,null_statistics/batch-70-replication-6.npy,batch-f5-quadratic-residual-link,11681272549594143005,9278446602333473751,9562183038353830072,0.1849540999974124,,,batch-f5-quadratic-residual-link-20260824-001
F5-quadratic-residual-link,X1,X2,f5-quadratic-residual-link,70,7,0.323339473545214,0.005,residual_samples/batch-70-replication-7.csv,null_statistics/batch-70-replication-7.npy,batch-f5-quadratic-residual-link,10763666811033257586,12411617726789099837,13837954321093235776,0.18321709998417646,,,batch-f5-quadratic-residual-link-20260824-001
F5-quadratic-residual-link,X1,X2,f5-quadratic-residual-link,70,8,0.3134116623688835,0.005,residual_samples/batch-70-replication-8.csv,null_statistics/batch-70-replication-8.npy,batch-f5-quadratic-residual-link,10994606556266243097,4851539946319114416,995984344559591716,0.18103909998899326,,,batch-f5-quadratic-residual-link-20260824-001
F5-quadratic-residual-link,X1,X2,f5-quadratic-residual-link,70,9,0.3474108808579161,0.005,residual_samples/batch-70-replication-9.csv,null_statistics/batch-70-replication-9.npy,batch-f5-quadratic-residual-link,15535917637463461802,17044124170179281895,12795120543615837888,0.1814672999898903,,,batch-f5-quadratic-residual-link-20260824-001
F5-quadratic-residual-link,X1,X2,f5-quadratic-residual-link,71,0,0.3142917522517205,0.005,residual_samples/batch-71-replication-0.csv,null_statistics/batch-71-replication-0.npy,batch-f5-quadratic-residual-link,11898956604973898933,12432338929156692676,10770715925945944496,0.18253719998756424,,,batch-f5-quadratic-residual-link-20260824-001
F5-quadratic-residual-link,X1,X2,f5-quadratic-residual-link,71,1,0.28952324255152506,0.005,residual_samples/batch-71-replication-1.csv,null_statistics/batch-71-replication-1.npy,batch-f5-quadratic-residual-link,9919910653225954459,14784747562627627035,15442548788672018312,0.18183689995203167,,,batch-f5-quadratic-residual-link-20260824-001
F5-quadratic-residual-link,X1,X2,f5-quadratic-residual-link,71,2,0.316027330089235,0.005,residual_samples/batch-71-replication-2.csv,null_statistics/batch-71-replication-2.npy,batch-f5-quadratic-residual-link,18099464264574922255,13297746971364491968,12929353966965215721,0.18294099997729063,,,batch-f5-quadratic-residual-link-20260824-001
F5-quadratic-residual-link,X1,X2,f5-quadratic-residual-link,71,3,0.3237850680592877,0.005,residual_samples/batch-71-replication-3.csv,null_statistics/batch-71-replication-3.npy,batch-f5-quadratic-residual-link,4254377228670845616,5948233531716612601,6108621547114941492,0.18198340001981705,,,batch-f5-quadratic-residual-link-20260824-001
F5-quadratic-residual-link,X1,X2,f5-quadratic-residual-link,71,4,0.335046539672664,0.005,residual_samples/batch-71-replication-4.csv,null_statistics/batch-71-replication-4.npy,batch-f5-quadratic-residual-link,12342201646000137891,2012374731043689866,2367286695651067729,0.1823294999776408,,,batch-f5-quadratic-residual-link-20260824-001
F5-quadratic-residual-link,X1,X2,f5-quadratic-residual-link,71,5,0.3182331680916317,0.005,residual_samples/batch-71-replication-5.csv,null_statistics/batch-71-replication-5.npy,batch-f5-quadratic-residual-link,15130214706126775912,16974087299642016024,12554354971304982181,0.17913560004672036,,,batch-f5-quadratic-residual-link-20260824-001
F5-quadratic-residual-link,X1,X2,f5-quadratic-residual-link,71,6,0.32027480209066805,0.005,residual_samples/batch-71-replication-6.csv,null_statistics/batch-71-replication-6.npy,batch-f5-quadratic-residual-link,13827579400793716801,6250448901988942980,4676901911733045331,0.17884609999600798,,,batch-f5-quadratic-residual-link-20260824-001
F5-quadratic-residual-link,X1,X2,f5-quadratic-residual-link,71,7,0.3267609444697614,0.005,residual_samples/batch-71-replication-7.csv,null_statistics/batch-71-replication-7.npy,batch-f5-quadratic-residual-link,477712144371002338,8847793931964164616,820394624612239037,0.18296589999226853,,,batch-f5-quadratic-residual-link-20260824-001
F5-quadratic-residual-link,X1,X2,f5-quadratic-residual-link,71,8,0.31798431319876824,0.005,residual_samples/batch-71-replication-8.csv,null_statistics/batch-71-replication-8.npy,batch-f5-quadratic-residual-link,13050984917792570094,3173224260906977179,4977324281688908608,0.1833585999556817,,,batch-f5-quadratic-residual-link-20260824-001
F5-quadratic-residual-link,X1,X2,f5-quadratic-residual-link,71,9,0.29470786678516453,0.005,residual_samples/batch-71-replication-9.csv,null_statistics/batch-71-replication-9.npy,batch-f5-quadratic-residual-link,12801671137038203815,11839133320354691050,799461734378557104,0.18338060000678524,,,batch-f5-quadratic-residual-link-20260824-001
F5-quadratic-residual-link,X1,X2,f5-quadratic-residual-link,72,0,0.3170340969691819,0.005,residual_samples/batch-72-replication-0.csv,null_statistics/batch-72-replication-0.npy,batch-f5-quadratic-residual-link,13876807969080927590,4267672482260234562,6302839047654834010,0.18522560002747923,,,batch-f5-quadratic-residual-link-20260824-001
F5-quadratic-residual-link,X1,X2,f5-quadratic-residual-link,72,1,0.3056339444624609,0.005,residual_samples/batch-72-replication-1.csv,null_statistics/batch-72-replication-1.npy,batch-f5-quadratic-residual-link,11117736367475683663,5442400023532092270,1143515277057219828,0.18028039997443557,,,batch-f5-quadratic-residual-link-20260824-001
F5-quadratic-residual-link,X1,X2,f5-quadratic-residual-link,72,2,0.3222652239447197,0.005,residual_samples/batch-72-replication-2.csv,null_statistics/batch-72-replication-2.npy,batch-f5-quadratic-residual-link,15604881602366647956,6533394078443225700,16601880468514819398,0.18492039997363463,,,batch-f5-quadratic-residual-link-20260824-001
F5-quadratic-residual-link,X1,X2,f5-quadratic-residual-link,72,3,0.31720847687028264,0.005,residual_samples/batch-72-replication-3.csv,null_statistics/batch-72-replication-3.npy,batch-f5-quadratic-residual-link,14123292326967144081,7736152639773164438,10268782369920052852,0.18329539999831468,,,batch-f5-quadratic-residual-link-20260824-001
F5-quadratic-residual-link,X1,X2,f5-quadratic-residual-link,72,4,0.3283136281972332,0.005,residual_samples/batch-72-replication-4.csv,null_statistics/batch-72-replication-4.npy,batch-f5-quadratic-residual-link,11940105332363404762,6380287346331030457,11600842775834003318,0.18618820002302527,,,batch-f5-quadratic-residual-link-20260824-001
F5-quadratic-residual-link,X1,X2,f5-quadratic-residual-link,72,5,0.3429880827237766,0.005,residual_samples/batch-72-replication-5.csv,null_statistics/batch-72-replication-5.npy,batch-f5-quadratic-residual-link,15543093349576807348,483207908536585831,10437529268312585991,0.18575159995816648,,,batch-f5-quadratic-residual-link-20260824-001
F5-quadratic-residual-link,X1,X2,f5-quadratic-residual-link,72,6,0.3138863227020476,0.005,residual_samples/batch-72-replication-6.csv,null_statistics/batch-72-replication-6.npy,batch-f5-quadratic-residual-link,1366648397410724281,16234129431448231642,8102377679502970611,0.17942179995588958,,,batch-f5-quadratic-residual-link-20260824-001
F5-quadratic-residual-link,X1,X2,f5-quadratic-residual-link,72,7,0.3236777258514577,0.005,residual_samples/batch-72-replication-7.csv,null_statistics/batch-72-replication-7.npy,batch-f5-quadratic-residual-link,2710735362205186884,17185326315297397865,11004559968613173905,0.1828084000153467,,,batch-f5-quadratic-residual-link-20260824-001
F5-quadratic-residual-link,X1,X2,f5-quadratic-residual-link,72,8,0.31731966829208225,0.005,residual_samples/batch-72-replication-8.csv,null_statistics/batch-72-replication-8.npy,batch-f5-quadratic-residual-link,14541859645513478535,1686453670008053932,1647546807144714511,0.18155819998355582,,,batch-f5-quadratic-residual-link-20260824-001
F5-quadratic-residual-link,X1,X2,f5-quadratic-residual-link,72,9,0.32330211077240034,0.005,residual_samples/batch-72-replication-9.csv,null_statistics/batch-72-replication-9.npy,batch-f5-quadratic-residual-link,6647313631985112496,14513691971118505231,4955818914506849863,0.18190289998892695,,,batch-f5-quadratic-residual-link-20260824-001
F5-quadratic-residual-link,X1,X2,f5-quadratic-residual-link,73,0,0.3206853293991807,0.005,residual_samples/batch-73-replication-0.csv,null_statistics/batch-73-replication-0.npy,batch-f5-quadratic-residual-link,14164545645400417182,3023235245619258784,13858340398531722091,0.1804511999944225,,,batch-f5-quadratic-residual-link-20260824-001
F5-quadratic-residual-link,X1,X2,f5-quadratic-residual-link,73,1,0.2962028322615096,0.005,residual_samples/batch-73-replication-1.csv,null_statistics/batch-73-replication-1.npy,batch-f5-quadratic-residual-link,16272071598994888188,1211870940905764830,6777893843986212925,0.18200339999748394,,,batch-f5-quadratic-residual-link-20260824-001
F5-quadratic-residual-link,X1,X2,f5-quadratic-residual-link,73,2,0.2949451291663322,0.005,residual_samples/batch-73-replication-2.csv,null_statistics/batch-73-replication-2.npy,batch-f5-quadratic-residual-link,5897937730069602296,13367635855824650622,15465824446667276688,0.17947390000335872,,,batch-f5-quadratic-residual-link-20260824-001
F5-quadratic-residual-link,X1,X2,f5-quadratic-residual-link,73,3,0.3322941466656357,0.005,residual_samples/batch-73-replication-3.csv,null_statistics/batch-73-replication-3.npy,batch-f5-quadratic-residual-link,17523010694418380534,10743485473532197992,6054691961793973219,0.1816220000036992,,,batch-f5-quadratic-residual-link-20260824-001
F5-quadratic-residual-link,X1,X2,f5-quadratic-residual-link,73,4,0.3218729305331414,0.005,residual_samples/batch-73-replication-4.csv,null_statistics/batch-73-replication-4.npy,batch-f5-quadratic-residual-link,17850496534859360178,9360335160281061325,17805273985124592635,0.1818828000104986,,,batch-f5-quadratic-residual-link-20260824-001
F5-quadratic-residual-link,X1,X2,f5-quadratic-residual-link,73,5,0.3173086903729232,0.005,residual_samples/batch-73-replication-5.csv,null_statistics/batch-73-replication-5.npy,batch-f5-quadratic-residual-link,13331647211259557545,5964536709369345354,1889660541827926694,0.17973749997327104,,,batch-f5-quadratic-residual-link-20260824-001
F5-quadratic-residual-link,X1,X2,f5-quadratic-residual-link,73,6,0.31004946366398595,0.005,residual_samples/batch-73-replication-6.csv,null_statistics/batch-73-replication-6.npy,batch-f5-quadratic-residual-link,9014448412083064463,8967037002874295460,10282287321560285484,0.18102499999804422,,,batch-f5-quadratic-residual-link-20260824-001
F5-quadratic-residual-link,X1,X2,f5-quadratic-residual-link,73,7,0.3175722111097335,0.005,residual_samples/batch-73-replication-7.csv,null_statistics/batch-73-replication-7.npy,batch-f5-quadratic-residual-link,1628991707550421166,15821504320669647607,15630191706316250568,0.18208490003598854,,,batch-f5-quadratic-residual-link-20260824-001
F5-quadratic-residual-link,X1,X2,f5-quadratic-residual-link,73,8,0.32429191707211774,0.005,residual_samples/batch-73-replication-8.csv,null_statistics/batch-73-replication-8.npy,batch-f5-quadratic-residual-link,12146350934014356197,125052047035135947,5887534736931843502,0.18047299998579547,,,batch-f5-quadratic-residual-link-20260824-001
F5-quadratic-residual-link,X1,X2,f5-quadratic-residual-link,73,9,0.3196123665624081,0.005,residual_samples/batch-73-replication-9.csv,null_statistics/batch-73-replication-9.npy,batch-f5-quadratic-residual-link,17328925972599783383,172573586592014364,11714412062641620781,0.1782779999775812,,,batch-f5-quadratic-residual-link-20260824-001
F5-quadratic-residual-link,X1,X2,f5-quadratic-residual-link,74,0,0.29878555866887396,0.005,residual_samples/batch-74-replication-0.csv,null_statistics/batch-74-replication-0.npy,batch-f5-quadratic-residual-link,10055058424850144375,15844683433329586210,17871919365513590281,0.1813789999578148,,,batch-f5-quadratic-residual-link-20260824-001
F5-quadratic-residual-link,X1,X2,f5-quadratic-residual-link,74,1,0.33911097031778487,0.005,residual_samples/batch-74-replication-1.csv,null_statistics/batch-74-replication-1.npy,batch-f5-quadratic-residual-link,7979485623998839433,13091379083600498314,1908975924076002274,0.18410890002269298,,,batch-f5-quadratic-residual-link-20260824-001
F5-quadratic-residual-link,X1,X2,f5-quadratic-residual-link,74,2,0.3178768480338355,0.005,residual_samples/batch-74-replication-2.csv,null_statistics/batch-74-replication-2.npy,batch-f5-quadratic-residual-link,14924500434119359266,5478218197066116088,3892426505781502722,0.18095140001969412,,,batch-f5-quadratic-residual-link-20260824-001
F5-quadratic-residual-link,X1,X2,f5-quadratic-residual-link,74,3,0.3238379519001279,0.005,residual_samples/batch-74-replication-3.csv,null_statistics/batch-74-replication-3.npy,batch-f5-quadratic-residual-link,7074655967722977239,2395332898752414491,4953334519919278647,0.18345770001178607,,,batch-f5-quadratic-residual-link-20260824-001
F5-quadratic-residual-link,X1,X2,f5-quadratic-residual-link,74,4,0.3422075391315694,0.005,residual_samples/batch-74-replication-4.csv,null_statistics/batch-74-replication-4.npy,batch-f5-quadratic-residual-link,4990777788289788975,7585261057386611186,1683504631942010355,0.1849804999656044,,,batch-f5-quadratic-residual-link-20260824-001
F5-quadratic-residual-link,X1,X2,f5-quadratic-residual-link,74,5,0.3182759610996287,0.005,residual_samples/batch-74-replication-5.csv,null_statistics/batch-74-replication-5.npy,batch-f5-quadratic-residual-link,10549940984822188128,11142120063027259955,12690888803596693210,0.18057960004080087,,,batch-f5-quadratic-residual-link-20260824-001
F5-quadratic-residual-link,X1,X2,f5-quadratic-residual-link,74,6,0.33280394542651187,0.005,residual_samples/batch-74-replication-6.csv,null_statistics/batch-74-replication-6.npy,batch-f5-quadratic-residual-link,1743562815453264408,17048305534808090106,11675058226722939314,0.1828267999808304,,,batch-f5-quadratic-residual-link-20260824-001
F5-quadratic-residual-link,X1,X2,f5-quadratic-residual-link,74,7,0.3218773685589843,0.005,residual_samples/batch-74-replication-7.csv,null_statistics/batch-74-replication-7.npy,batch-f5-quadratic-residual-link,2780918231558903837,17854725437493829880,4704556604374969700,0.18125359999248758,,,batch-f5-quadratic-residual-link-20260824-001
F5-quadratic-residual-link,X1,X2,f5-quadratic-residual-link,74,8,0.3279370658072425,0.005,residual_samples/batch-74-replication-8.csv,null_statistics/batch-74-replication-8.npy,batch-f5-quadratic-residual-link,6785403417230183703,13344914480321006940,10145682060380075987,0.18293199996696785,,,batch-f5-quadratic-residual-link-20260824-001
F5-quadratic-residual-link,X1,X2,f5-quadratic-residual-link,74,9,0.30743931081415127,0.005,residual_samples/batch-74-replication-9.csv,null_statistics/batch-74-replication-9.npy,batch-f5-quadratic-residual-link,14275391170095298442,18040907971222049499,6969383191540974781,0.1822327999980189,,,batch-f5-quadratic-residual-link-20260824-001
F5-quadratic-residual-link,X1,X2,f5-quadratic-residual-link,75,0,0.3372915024040709,0.005,residual_samples/batch-75-replication-0.csv,null_statistics/batch-75-replication-0.npy,batch-f5-quadratic-residual-link,6696096909862667226,15061455455284101352,5965492896878371420,0.18229870003415272,,,batch-f5-quadratic-residual-link-20260824-001
F5-quadratic-residual-link,X1,X2,f5-quadratic-residual-link,75,1,0.32071869710258744,0.005,residual_samples/batch-75-replication-1.csv,null_statistics/batch-75-replication-1.npy,batch-f5-quadratic-residual-link,4532684024776173614,5638453737703727861,17991915899828463912,0.18287159997271374,,,batch-f5-quadratic-residual-link-20260824-001
F5-quadratic-residual-link,X1,X2,f5-quadratic-residual-link,75,2,0.3381012948678246,0.005,residual_samples/batch-75-replication-2.csv,null_statistics/batch-75-replication-2.npy,batch-f5-quadratic-residual-link,12858650406306616425,17404161736795123784,15637518504364913798,0.18193650001194328,,,batch-f5-quadratic-residual-link-20260824-001
F5-quadratic-residual-link,X1,X2,f5-quadratic-residual-link,75,3,0.2996067035942792,0.005,residual_samples/batch-75-replication-3.csv,null_statistics/batch-75-replication-3.npy,batch-f5-quadratic-residual-link,15460967727324544827,5363342365880128977,11608758130176232630,0.18203429999994114,,,batch-f5-quadratic-residual-link-20260824-001
F5-quadratic-residual-link,X1,X2,f5-quadratic-residual-link,75,4,0.3302228589793415,0.005,residual_samples/batch-75-replication-4.csv,null_statistics/batch-75-replication-4.npy,batch-f5-quadratic-residual-link,10012596345933936315,1926286403627228734,16804659998401520599,0.188678800011985,,,batch-f5-quadratic-residual-link-20260824-001
F5-quadratic-residual-link,X1,X2,f5-quadratic-residual-link,75,5,0.33364770555772066,0.005,residual_samples/batch-75-replication-5.csv,null_statistics/batch-75-replication-5.npy,batch-f5-quadratic-residual-link,6794407270006810072,11565017095422173750,2503257234439267495,0.18359520001104102,,,batch-f5-quadratic-residual-link-20260824-001
F5-quadratic-residual-link,X1,X2,f5-quadratic-residual-link,75,6,0.34146839729433437,0.005,residual_samples/batch-75-replication-6.csv,null_statistics/batch-75-replication-6.npy,batch-f5-quadratic-residual-link,5707767073249655183,6641183635531629790,8428212980202898706,0.1814392000087537,,,batch-f5-quadratic-residual-link-20260824-001
F5-quadratic-residual-link,X1,X2,f5-quadratic-residual-link,75,7,0.3006940662314356,0.005,residual_samples/batch-75-replication-7.csv,null_statistics/batch-75-replication-7.npy,batch-f5-quadratic-residual-link,2305083597756807214,13399711396467268523,6825088615070111402,0.18246240000007674,,,batch-f5-quadratic-residual-link-20260824-001
F5-quadratic-residual-link,X1,X2,f5-quadratic-residual-link,75,8,0.3138897599590096,0.005,residual_samples/batch-75-replication-8.csv,null_statistics/batch-75-replication-8.npy,batch-f5-quadratic-residual-link,9205474259185707811,6341103846249996432,8143367522815737890,0.1839643000275828,,,batch-f5-quadratic-residual-link-20260824-001
F5-quadratic-residual-link,X1,X2,f5-quadratic-residual-link,75,9,0.33021474129698125,0.005,residual_samples/batch-75-replication-9.csv,null_statistics/batch-75-replication-9.npy,batch-f5-quadratic-residual-link,5241816260480643791,14086767451535551695,4826463177883972980,0.18095450004329905,,,batch-f5-quadratic-residual-link-20260824-001
F5-quadratic-residual-link,X1,X2,f5-quadratic-residual-link,76,0,0.32873632548774234,0.005,residual_samples/batch-76-replication-0.csv,null_statistics/batch-76-replication-0.npy,batch-f5-quadratic-residual-link,4318375748172002482,15141072489474502911,16425235369720567620,0.18421169999055564,,,batch-f5-quadratic-residual-link-20260824-001
F5-quadratic-residual-link,X1,X2,f5-quadratic-residual-link,76,1,0.33471334377311796,0.005,residual_samples/batch-76-replication-1.csv,null_statistics/batch-76-replication-1.npy,batch-f5-quadratic-residual-link,11484956151192966388,12144438438523155612,3075911152203591466,0.18110909999813884,,,batch-f5-quadratic-residual-link-20260824-001
F5-quadratic-residual-link,X1,X2,f5-quadratic-residual-link,76,2,0.3055316981327075,0.005,residual_samples/batch-76-replication-2.csv,null_statistics/batch-76-replication-2.npy,batch-f5-quadratic-residual-link,3340746952065543818,5738767856278493321,370019374074836621,0.1817484999774024,,,batch-f5-quadratic-residual-link-20260824-001
F5-quadratic-residual-link,X1,X2,f5-quadratic-residual-link,76,3,0.3520740928829711,0.005,residual_samples/batch-76-replication-3.csv,null_statistics/batch-76-replication-3.npy,batch-f5-quadratic-residual-link,4939044159932991225,1185421821943167723,11396779528714113837,0.18284739996306598,,,batch-f5-quadratic-residual-link-20260824-001
F5-quadratic-residual-link,X1,X2,f5-quadratic-residual-link,76,4,0.32772696952936897,0.005,residual_samples/batch-76-replication-4.csv,null_statistics/batch-76-replication-4.npy,batch-f5-quadratic-residual-link,4570688495027662406,4476856900719859870,9869138319859539645,0.18063679995248094,,,batch-f5-quadratic-residual-link-20260824-001
F5-quadratic-residual-link,X1,X2,f5-quadratic-residual-link,76,5,0.31977248858332935,0.005,residual_samples/batch-76-replication-5.csv,null_statistics/batch-76-replication-5.npy,batch-f5-quadratic-residual-link,11741204539709145504,15612221387996097420,7788515098505617479,0.18322659999830648,,,batch-f5-quadratic-residual-link-20260824-001
F5-quadratic-residual-link,X1,X2,f5-quadratic-residual-link,76,6,0.339017924711445,0.005,residual_samples/batch-76-replication-6.csv,null_statistics/batch-76-replication-6.npy,batch-f5-quadratic-residual-link,3729231508974647909,2538329303209824837,285044004458005984,0.18215869995765388,,,batch-f5-quadratic-residual-link-20260824-001
F5-quadratic-residual-link,X1,X2,f5-quadratic-residual-link,76,7,0.36617688415178656,0.005,residual_samples/batch-76-replication-7.csv,null_statistics/batch-76-replication-7.npy,batch-f5-quadratic-residual-link,7458707519040680938,14798885671393660400,1809200730480251687,0.18212079996010289,,,batch-f5-quadratic-residual-link-20260824-001
F5-quadratic-residual-link,X1,X2,f5-quadratic-residual-link,76,8,0.2994070105522771,0.005,residual_samples/batch-76-replication-8.csv,null_statistics/batch-76-replication-8.npy,batch-f5-quadratic-residual-link,3699879197076941922,16685325889081742997,5612835897950231993,0.18217949999962002,,,batch-f5-quadratic-residual-link-20260824-001
F5-quadratic-residual-link,X1,X2,f5-quadratic-residual-link,76,9,0.340224792749213,0.005,residual_samples/batch-76-replication-9.csv,null_statistics/batch-76-replication-9.npy,batch-f5-quadratic-residual-link,18062887011147023952,5605309149520253108,7440491326648771309,0.18023519997950643,,,batch-f5-quadratic-residual-link-20260824-001
F5-quadratic-residual-link,X1,X2,f5-quadratic-residual-link,77,0,0.3125330378491402,0.005,residual_samples/batch-77-replication-0.csv,null_statistics/batch-77-replication-0.npy,batch-f5-quadratic-residual-link,8759603378201703449,6382532532475633741,3629595033023069612,0.18003879999741912,,,batch-f5-quadratic-residual-link-20260824-001
F5-quadratic-residual-link,X1,X2,f5-quadratic-residual-link,77,1,0.34727777758738715,0.005,residual_samples/batch-77-replication-1.csv,null_statistics/batch-77-replication-1.npy,batch-f5-quadratic-residual-link,17991688356051904222,2456541712567100059,12419309726488676338,0.18508429999928921,,,batch-f5-quadratic-residual-link-20260824-001
F5-quadratic-residual-link,X1,X2,f5-quadratic-residual-link,77,2,0.3294698171606546,0.005,residual_samples/batch-77-replication-2.csv,null_statistics/batch-77-replication-2.npy,batch-f5-quadratic-residual-link,5498851349204134588,6169241209626656208,11676040359892932595,0.18057610001415014,,,batch-f5-quadratic-residual-link-20260824-001
F5-quadratic-residual-link,X1,X2,f5-quadratic-residual-link,77,3,0.3165217413892508,0.005,residual_samples/batch-77-replication-3.csv,null_statistics/batch-77-replication-3.npy,batch-f5-quadratic-residual-link,15453217997220595319,9571485505085013287,4589238911328629157,0.18227260001003742,,,batch-f5-quadratic-residual-link-20260824-001
F5-quadratic-residual-link,X1,X2,f5-quadratic-residual-link,77,4,0.3372743102522757,0.005,residual_samples/batch-77-replication-4.csv,null_statistics/batch-77-replication-4.npy,batch-f5-quadratic-residual-link,10505270379934019542,17697647603457889298,10670855557336378412,0.1815773999551311,,,batch-f5-quadratic-residual-link-20260824-001
F5-quadratic-residual-link,X1,X2,f5-quadratic-residual-link,77,5,0.32936815530436214,0.005,residual_samples/batch-77-replication-5.csv,null_statistics/batch-77-replication-5.npy,batch-f5-quadratic-residual-link,2072258138252892958,475299300987392690,13930656854960754039,0.18090370000572875,,,batch-f5-quadratic-residual-link-20260824-001
F5-quadratic-residual-link,X1,X2,f5-quadratic-residual-link,77,6,0.33881263378364335,0.005,residual_samples/batch-77-replication-6.csv,null_statistics/batch-77-replication-6.npy,batch-f5-quadratic-residual-link,15034692730985133904,13256578220734771531,16114736518467287153,0.18232120003085583,,,batch-f5-quadratic-residual-link-20260824-001
F5-quadratic-residual-link,X1,X2,f5-quadratic-residual-link,77,7,0.3124619968934962,0.005,residual_samples/batch-77-replication-7.csv,null_statistics/batch-77-replication-7.npy,batch-f5-quadratic-residual-link,3825281620341624918,14001658964266716155,218865452326908702,0.1853160000173375,,,batch-f5-quadratic-residual-link-20260824-001
F5-quadratic-residual-link,X1,X2,f5-quadratic-residual-link,77,8,0.3108509786406604,0.005,residual_samples/batch-77-replication-8.csv,null_statistics/batch-77-replication-8.npy,batch-f5-quadratic-residual-link,15397289437427059311,3821720016960102383,2686038073316692137,0.18302910000784323,,,batch-f5-quadratic-residual-link-20260824-001
F5-quadratic-residual-link,X1,X2,f5-quadratic-residual-link,77,9,0.32906684880494974,0.005,residual_samples/batch-77-replication-9.csv,null_statistics/batch-77-replication-9.npy,batch-f5-quadratic-residual-link,6057022752138843519,3444901990113584505,12272445646107773862,0.18433970003388822,,,batch-f5-quadratic-residual-link-20260824-001
F5-quadratic-residual-link,X1,X2,f5-quadratic-residual-link,78,0,0.3121320753741921,0.005,residual_samples/batch-78-replication-0.csv,null_statistics/batch-78-replication-0.npy,batch-f5-quadratic-residual-link,9529767410812182854,15005689977230239260,17508827653870430444,0.18025630002375692,,,batch-f5-quadratic-residual-link-20260824-001
F5-quadratic-residual-link,X1,X2,f5-quadratic-residual-link,78,1,0.3078527930366065,0.005,residual_samples/batch-78-replication-1.csv,null_statistics/batch-78-replication-1.npy,batch-f5-quadratic-residual-link,2954856244589205453,11947432497235478308,1314977191919201815,0.18039769999450073,,,batch-f5-quadratic-residual-link-20260824-001
F5-quadratic-residual-link,X1,X2,f5-quadratic-residual-link,78,2,0.33793181490759633,0.005,residual_samples/batch-78-replication-2.csv,null_statistics/batch-78-replication-2.npy,batch-f5-quadratic-residual-link,6705560949345885989,9003802828519218910,12978994396210221105,0.18275640002684668,,,batch-f5-quadratic-residual-link-20260824-001
F5-quadratic-residual-link,X1,X2,f5-quadratic-residual-link,78,3,0.3209593821660388,0.005,residual_samples/batch-78-replication-3.csv,null_statistics/batch-78-replication-3.npy,batch-f5-quadratic-residual-link,1588522756523539339,4959675934026755097,10408047840114067134,0.18350740004098043,,,batch-f5-quadratic-residual-link-20260824-001
F5-quadratic-residual-link,X1,X2,f5-quadratic-residual-link,78,4,0.3223092334023996,0.005,residual_samples/batch-78-replication-4.csv,null_statistics/batch-78-replication-4.npy,batch-f5-quadratic-residual-link,13559405641468885329,17975928316526894520,4696215617377270640,0.1842121999943629,,,batch-f5-quadratic-residual-link-20260824-001
F5-quadratic-residual-link,X1,X2,f5-quadratic-residual-link,78,5,0.3343592541762197,0.005,residual_samples/batch-78-replication-5.csv,null_statistics/batch-78-replication-5.npy,batch-f5-quadratic-residual-link,6756697614888778983,11587185143904981161,16453520602430947649,0.180649199988693,,,batch-f5-quadratic-residual-link-20260824-001
F5-quadratic-residual-link,X1,X2,f5-quadratic-residual-link,78,6,0.31084555840073586,0.005,residual_samples/batch-78-replication-6.csv,null_statistics/batch-78-replication-6.npy,batch-f5-quadratic-residual-link,7499491430550092215,11354566510915324859,15414850686498247740,0.1813237999449484,,,batch-f5-quadratic-residual-link-20260824-001
F5-quadratic-residual-link,X1,X2,f5-quadratic-residual-link,78,7,0.3231162792513089,0.005,residual_samples/batch-78-replication-7.csv,null_statistics/batch-78-replication-7.npy,batch-f5-quadratic-residual-link,9451977536528642605,12479299074934421548,11677054688142393884,0.1819410999887623,,,batch-f5-quadratic-residual-link-20260824-001
F5-quadratic-residual-link,X1,X2,f5-quadratic-residual-link,78,8,0.34622402079246245,0.005,residual_samples/batch-78-replication-8.csv,null_statistics/batch-78-replication-8.npy,batch-f5-quadratic-residual-link,9374336576444610047,15963442448352778480,4489584155594604843,0.18207119998987764,,,batch-f5-quadratic-residual-link-20260824-001
F5-quadratic-residual-link,X1,X2,f5-quadratic-residual-link,78,9,0.3351302850291934,0.005,residual_samples/batch-78-replication-9.csv,null_statistics/batch-78-replication-9.npy,batch-f5-quadratic-residual-link,12422083270295264153,17688299871352393573,16404421649406783851,0.18286659999284893,,,batch-f5-quadratic-residual-link-20260824-001
F5-quadratic-residual-link,X1,X2,f5-quadratic-residual-link,79,0,0.30416928609875493,0.005,residual_samples/batch-79-replication-0.csv,null_statistics/batch-79-replication-0.npy,batch-f5-quadratic-residual-link,1033395516461198062,9561660018871644032,3843610996891453333,0.18275840004207566,,,batch-f5-quadratic-residual-link-20260824-001
F5-quadratic-residual-link,X1,X2,f5-quadratic-residual-link,79,1,0.34648419016258825,0.005,residual_samples/batch-79-replication-1.csv,null_statistics/batch-79-replication-1.npy,batch-f5-quadratic-residual-link,11554155826441202685,16306226033347032258,1406004498064279824,0.181486000015866,,,batch-f5-quadratic-residual-link-20260824-001
F5-quadratic-residual-link,X1,X2,f5-quadratic-residual-link,79,2,0.33915031770941756,0.005,residual_samples/batch-79-replication-2.csv,null_statistics/batch-79-replication-2.npy,batch-f5-quadratic-residual-link,9706389256028673090,2845066602247043118,13656723529984985729,0.18103289999999106,,,batch-f5-quadratic-residual-link-20260824-001
F5-quadratic-residual-link,X1,X2,f5-quadratic-residual-link,79,3,0.3280974085073286,0.005,residual_samples/batch-79-replication-3.csv,null_statistics/batch-79-replication-3.npy,batch-f5-quadratic-residual-link,2343463130769321735,2427198416303039289,8390312005680239,0.18344980000983924,,,batch-f5-quadratic-residual-link-20260824-001
F5-quadratic-residual-link,X1,X2,f5-quadratic-residual-link,79,4,0.3270519171277715,0.005,residual_samples/batch-79-replication-4.csv,null_statistics/batch-79-replication-4.npy,batch-f5-quadratic-residual-link,8030366480475909202,17402185087433847414,4313822594862015146,0.1829184999805875,,,batch-f5-quadratic-residual-link-20260824-001
F5-quadratic-residual-link,X1,X2,f5-quadratic-residual-link,79,5,0.3208129350751042,0.005,residual_samples/batch-79-replication-5.csv,null_statistics/batch-79-replication-5.npy,batch-f5-quadratic-residual-link,16479766732469869836,6668967479236635567,10602629471397920449,0.18366239999886602,,,batch-f5-quadratic-residual-link-20260824-001
F5-quadratic-residual-link,X1,X2,f5-quadratic-residual-link,79,6,0.32478248737243853,0.005,residual_samples/batch-79-replication-6.csv,null_statistics/batch-79-replication-6.npy,batch-f5-quadratic-residual-link,2113330038849599590,12978337511411933947,8453150212030372356,0.18488180002896115,,,batch-f5-quadratic-residual-link-20260824-001
F5-quadratic-residual-link,X1,X2,f5-quadratic-residual-link,79,7,0.30431242611612436,0.005,residual_samples/batch-79-replication-7.csv,null_statistics/batch-79-replication-7.npy,batch-f5-quadratic-residual-link,17338873177559931477,17969872752387268450,16940977824047461733,0.17999780003447086,,,batch-f5-quadratic-residual-link-20260824-001
F5-quadratic-residual-link,X1,X2,f5-quadratic-residual-link,79,8,0.33592164595744267,0.005,residual_samples/batch-79-replication-8.csv,null_statistics/batch-79-replication-8.npy,batch-f5-quadratic-residual-link,1589088919108144320,1484388844521795250,12087746830938888272,0.18067540001356974,,,batch-f5-quadratic-residual-link-20260824-001
F5-quadratic-residual-link,X1,X2,f5-quadratic-residual-link,79,9,0.3098846714650781,0.005,residual_samples/batch-79-replication-9.csv,null_statistics/batch-79-replication-9.npy,batch-f5-quadratic-residual-link,15953801544822707873,6250338735425751653,9865005825926300725,0.1812387999962084,,,batch-f5-quadratic-residual-link-20260824-001
F5-quadratic-residual-link,X1,X2,f5-quadratic-residual-link,80,0,0.3018255929338039,0.005,residual_samples/batch-80-replication-0.csv,null_statistics/batch-80-replication-0.npy,batch-f5-quadratic-residual-link,2598612786857595250,14996965640810752257,11512517417851169925,0.17984789999900386,,,batch-f5-quadratic-residual-link-20260824-001
F5-quadratic-residual-link,X1,X2,f5-quadratic-residual-link,80,1,0.3151842643141154,0.005,residual_samples/batch-80-replication-1.csv,null_statistics/batch-80-replication-1.npy,batch-f5-quadratic-residual-link,17880337058541456351,9253561850085843838,2179581339139377172,0.1831737000029534,,,batch-f5-quadratic-residual-link-20260824-001
F5-quadratic-residual-link,X1,X2,f5-quadratic-residual-link,80,2,0.32154465491143025,0.005,residual_samples/batch-80-replication-2.csv,null_statistics/batch-80-replication-2.npy,batch-f5-quadratic-residual-link,4349979284202619803,18235002103392176861,5428156041617787763,0.17895269999280572,,,batch-f5-quadratic-residual-link-20260824-001
F5-quadratic-residual-link,X1,X2,f5-quadratic-residual-link,80,3,0.302778846124112,0.005,residual_samples/batch-80-replication-3.csv,null_statistics/batch-80-replication-3.npy,batch-f5-quadratic-residual-link,7872922130584897385,7089072007294616940,12278580835752459067,0.18167060002451763,,,batch-f5-quadratic-residual-link-20260824-001
F5-quadratic-residual-link,X1,X2,f5-quadratic-residual-link,80,4,0.3379574590781352,0.005,residual_samples/batch-80-replication-4.csv,null_statistics/batch-80-replication-4.npy,batch-f5-quadratic-residual-link,3709754017507586177,15535567245177614575,15011775989835646342,0.18361429998185486,,,batch-f5-quadratic-residual-link-20260824-001
F5-quadratic-residual-link,X1,X2,f5-quadratic-residual-link,80,5,0.32499275870458316,0.005,residual_samples/batch-80-replication-5.csv,null_statistics/batch-80-replication-5.npy,batch-f5-quadratic-residual-link,15084590241008196800,1622320416566839197,11218019250933373983,0.17994380003074184,,,batch-f5-quadratic-residual-link-20260824-001
F5-quadratic-residual-link,X1,X2,f5-quadratic-residual-link,80,6,0.32803548027834106,0.005,residual_samples/batch-80-replication-6.csv,null_statistics/batch-80-replication-6.npy,batch-f5-quadratic-residual-link,17425802817577323387,13442270005500534966,3914252086676985636,0.18254150002030656,,,batch-f5-quadratic-residual-link-20260824-001
F5-quadratic-residual-link,X1,X2,f5-quadratic-residual-link,80,7,0.32441116813742044,0.005,residual_samples/batch-80-replication-7.csv,null_statistics/batch-80-replication-7.npy,batch-f5-quadratic-residual-link,9874288808188186045,17940857235888464692,6533554381537958791,0.1805766000179574,,,batch-f5-quadratic-residual-link-20260824-001
F5-quadratic-residual-link,X1,X2,f5-quadratic-residual-link,80,8,0.3432629231091923,0.005,residual_samples/batch-80-replication-8.csv,null_statistics/batch-80-replication-8.npy,batch-f5-quadratic-residual-link,12624883356064528064,12305248304104462987,1239079176604086538,0.1786939000012353,,,batch-f5-quadratic-residual-link-20260824-001
F5-quadratic-residual-link,X1,X2,f5-quadratic-residual-link,80,9,0.3239963103019859,0.005,residual_samples/batch-80-replication-9.csv,null_statistics/batch-80-replication-9.npy,batch-f5-quadratic-residual-link,9898290188973075017,17948889614877826498,3004757739037774709,0.1812876999611035,,,batch-f5-quadratic-residual-link-20260824-001
F5-quadratic-residual-link,X1,X2,f5-quadratic-residual-link,81,0,0.3293908535274051,0.005,residual_samples/batch-81-replication-0.csv,null_statistics/batch-81-replication-0.npy,batch-f5-quadratic-residual-link,1610939399681217530,16039411739883548064,450751606788087364,0.17964180000126362,,,batch-f5-quadratic-residual-link-20260824-001
F5-quadratic-residual-link,X1,X2,f5-quadratic-residual-link,81,1,0.32535192511170863,0.005,residual_samples/batch-81-replication-1.csv,null_statistics/batch-81-replication-1.npy,batch-f5-quadratic-residual-link,9418403481604100532,6195771461019623258,13221504704210541899,0.18224360002204776,,,batch-f5-quadratic-residual-link-20260824-001
F5-quadratic-residual-link,X1,X2,f5-quadratic-residual-link,81,2,0.31113782986466143,0.005,residual_samples/batch-81-replication-2.csv,null_statistics/batch-81-replication-2.npy,batch-f5-quadratic-residual-link,8321634460425482315,11954756069254988441,13887468830611373806,0.18308089999482036,,,batch-f5-quadratic-residual-link-20260824-001
F5-quadratic-residual-link,X1,X2,f5-quadratic-residual-link,81,3,0.3113511206074856,0.005,residual_samples/batch-81-replication-3.csv,null_statistics/batch-81-replication-3.npy,batch-f5-quadratic-residual-link,957122390056528412,13523400874283813518,10935804063534138185,0.1790927000110969,,,batch-f5-quadratic-residual-link-20260824-001
F5-quadratic-residual-link,X1,X2,f5-quadratic-residual-link,81,4,0.32669000957778543,0.005,residual_samples/batch-81-replication-4.csv,null_statistics/batch-81-replication-4.npy,batch-f5-quadratic-residual-link,10692279126973427657,11179328059856547949,1900515821592240818,0.18014299997594208,,,batch-f5-quadratic-residual-link-20260824-001
F5-quadratic-residual-link,X1,X2,f5-quadratic-residual-link,81,5,0.3288018035211411,0.005,residual_samples/batch-81-replication-5.csv,null_statistics/batch-81-replication-5.npy,batch-f5-quadratic-residual-link,2807667361898501514,15994986488226111008,14489863393831980832,0.18018740002298728,,,batch-f5-quadratic-residual-link-20260824-001
F5-quadratic-residual-link,X1,X2,f5-quadratic-residual-link,81,6,0.33394599986722123,0.005,residual_samples/batch-81-replication-6.csv,null_statistics/batch-81-replication-6.npy,batch-f5-quadratic-residual-link,9249444558708747225,4742868411871968454,13740545866560694368,0.1834365000249818,,,batch-f5-quadratic-residual-link-20260824-001
F5-quadratic-residual-link,X1,X2,f5-quadratic-residual-link,81,7,0.3122514907612488,0.005,residual_samples/batch-81-replication-7.csv,null_statistics/batch-81-replication-7.npy,batch-f5-quadratic-residual-link,17628353388191759624,15896162382224810159,6095669506334989692,0.20040899998275563,,,batch-f5-quadratic-residual-link-20260824-001
F5-quadratic-residual-link,X1,X2,f5-quadratic-residual-link,81,8,0.3180626367217722,0.005,residual_samples/batch-81-replication-8.csv,null_statistics/batch-81-replication-8.npy,batch-f5-quadratic-residual-link,11791550251229042779,9222045855285739810,6168700240100726472,0.18045789998723194,,,batch-f5-quadratic-residual-link-20260824-001
F5-quadratic-residual-link,X1,X2,f5-quadratic-residual-link,81,9,0.31430594613687163,0.005,residual_samples/batch-81-replication-9.csv,null_statistics/batch-81-replication-9.npy,batch-f5-quadratic-residual-link,14337426728554561097,10494202475504223440,16438491624930520185,0.18012550001731142,,,batch-f5-quadratic-residual-link-20260824-001
F5-quadratic-residual-link,X1,X2,f5-quadratic-residual-link,82,0,0.32451258294347074,0.005,residual_samples/batch-82-replication-0.csv,null_statistics/batch-82-replication-0.npy,batch-f5-quadratic-residual-link,3259212823785964105,11096713428405691267,7064291864073633130,0.18222250003600493,,,batch-f5-quadratic-residual-link-20260824-001
F5-quadratic-residual-link,X1,X2,f5-quadratic-residual-link,82,1,0.3100793848593668,0.005,residual_samples/batch-82-replication-1.csv,null_statistics/batch-82-replication-1.npy,batch-f5-quadratic-residual-link,603887933877510970,14280861492723804744,2105314833537438207,0.18168019998120144,,,batch-f5-quadratic-residual-link-20260824-001
F5-quadratic-residual-link,X1,X2,f5-quadratic-residual-link,82,2,0.330755875483085,0.005,residual_samples/batch-82-replication-2.csv,null_statistics/batch-82-replication-2.npy,batch-f5-quadratic-residual-link,7601972345926420011,16538398934959982100,16578737818755210822,0.18947299994761124,,,batch-f5-quadratic-residual-link-20260824-001
F5-quadratic-residual-link,X1,X2,f5-quadratic-residual-link,82,3,0.31203366116422937,0.005,residual_samples/batch-82-replication-3.csv,null_statistics/batch-82-replication-3.npy,batch-f5-quadratic-residual-link,14043204383528780917,6495641457531504865,8705080137985506384,0.18223580002086237,,,batch-f5-quadratic-residual-link-20260824-001
F5-quadratic-residual-link,X1,X2,f5-quadratic-residual-link,82,4,0.31753986296599074,0.005,residual_samples/batch-82-replication-4.csv,null_statistics/batch-82-replication-4.npy,batch-f5-quadratic-residual-link,16221614374441611962,16794624707583360806,3434125295885942054,0.17988800001330674,,,batch-f5-quadratic-residual-link-20260824-001
F5-quadratic-residual-link,X1,X2,f5-quadratic-residual-link,82,5,0.34409371411420325,0.005,residual_samples/batch-82-replication-5.csv,null_statistics/batch-82-replication-5.npy,batch-f5-quadratic-residual-link,8459486839706074141,18373310317933490634,338990678442187762,0.1798854999942705,,,batch-f5-quadratic-residual-link-20260824-001
F5-quadratic-residual-link,X1,X2,f5-quadratic-residual-link,82,6,0.3120485811872854,0.005,residual_samples/batch-82-replication-6.csv,null_statistics/batch-82-replication-6.npy,batch-f5-quadratic-residual-link,13575176334866824209,2915470782162404699,5723117860365075413,0.18160260003060102,,,batch-f5-quadratic-residual-link-20260824-001
F5-quadratic-residual-link,X1,X2,f5-quadratic-residual-link,82,7,0.3398190203098285,0.005,residual_samples/batch-82-replication-7.csv,null_statistics/batch-82-replication-7.npy,batch-f5-quadratic-residual-link,483572386735893065,3093390427942332320,6964209778302035601,0.18117910000728443,,,batch-f5-quadratic-residual-link-20260824-001
F5-quadratic-residual-link,X1,X2,f5-quadratic-residual-link,82,8,0.3468137547115752,0.005,residual_samples/batch-82-replication-8.csv,null_statistics/batch-82-replication-8.npy,batch-f5-quadratic-residual-link,5533067725601142283,4136757873436772310,17248127758446531108,0.1814996000030078,,,batch-f5-quadratic-residual-link-20260824-001
F5-quadratic-residual-link,X1,X2,f5-quadratic-residual-link,82,9,0.34981122171991724,0.005,residual_samples/batch-82-replication-9.csv,null_statistics/batch-82-replication-9.npy,batch-f5-quadratic-residual-link,9634513103921697,10467301902386009418,6685222096492013971,0.18108230002690107,,,batch-f5-quadratic-residual-link-20260824-001
F5-quadratic-residual-link,X1,X2,f5-quadratic-residual-link,83,0,0.3154553362409753,0.005,residual_samples/batch-83-replication-0.csv,null_statistics/batch-83-replication-0.npy,batch-f5-quadratic-residual-link,13245903448725802025,11610714302987959617,17539194975692613756,0.18072940001729876,,,batch-f5-quadratic-residual-link-20260824-001
F5-quadratic-residual-link,X1,X2,f5-quadratic-residual-link,83,1,0.34324334686009367,0.005,residual_samples/batch-83-replication-1.csv,null_statistics/batch-83-replication-1.npy,batch-f5-quadratic-residual-link,1445799180978324014,14356510117754465623,4659629359727630034,0.18128359998809174,,,batch-f5-quadratic-residual-link-20260824-001
F5-quadratic-residual-link,X1,X2,f5-quadratic-residual-link,83,2,0.3335267304159143,0.005,residual_samples/batch-83-replication-2.csv,null_statistics/batch-83-replication-2.npy,batch-f5-quadratic-residual-link,5211823378971685226,13957279827306986955,7693823040755734601,0.18010110000614077,,,batch-f5-quadratic-residual-link-20260824-001
F5-quadratic-residual-link,X1,X2,f5-quadratic-residual-link,83,3,0.3030994403204533,0.005,residual_samples/batch-83-replication-3.csv,null_statistics/batch-83-replication-3.npy,batch-f5-quadratic-residual-link,11512572114374326091,3239681567866534422,13116661711063826233,0.1799989000428468,,,batch-f5-quadratic-residual-link-20260824-001
F5-quadratic-residual-link,X1,X2,f5-quadratic-residual-link,83,4,0.3266751180551907,0.005,residual_samples/batch-83-replication-4.csv,null_statistics/batch-83-replication-4.npy,batch-f5-quadratic-residual-link,8730962073971970541,1096465868294346840,16639003922983081963,0.18409960001008585,,,batch-f5-quadratic-residual-link-20260824-001
F5-quadratic-residual-link,X1,X2,f5-quadratic-residual-link,83,5,0.33996523047116495,0.005,residual_samples/batch-83-replication-5.csv,null_statistics/batch-83-replication-5.npy,batch-f5-quadratic-residual-link,8637313717490608079,1590712756536306951,15323745481797773239,0.1796510000131093,,,batch-f5-quadratic-residual-link-20260824-001
F5-quadratic-residual-link,X1,X2,f5-quadratic-residual-link,83,6,0.31254529940058534,0.005,residual_samples/batch-83-replication-6.csv,null_statistics/batch-83-replication-6.npy,batch-f5-quadratic-residual-link,1761868070977960595,18435743410063386773,16704800701487809231,0.17920169996796176,,,batch-f5-quadratic-residual-link-20260824-001
F5-quadratic-residual-link,X1,X2,f5-quadratic-residual-link,83,7,0.2962254531284493,0.005,residual_samples/batch-83-replication-7.csv,null_statistics/batch-83-replication-7.npy,batch-f5-quadratic-residual-link,4425605480152252151,12249165988122567383,1392513966933615321,0.1807742000091821,,,batch-f5-quadratic-residual-link-20260824-001
F5-quadratic-residual-link,X1,X2,f5-quadratic-residual-link,83,8,0.31483486074244804,0.005,residual_samples/batch-83-replication-8.csv,null_statistics/batch-83-replication-8.npy,batch-f5-quadratic-residual-link,8824841573772019192,72072497243967556,10739697670760415503,0.1786343000130728,,,batch-f5-quadratic-residual-link-20260824-001
F5-quadratic-residual-link,X1,X2,f5-quadratic-residual-link,83,9,0.3301017263691124,0.005,residual_samples/batch-83-replication-9.csv,null_statistics/batch-83-replication-9.npy,batch-f5-quadratic-residual-link,9914405718543036936,12966318505066512843,17134120972423998898,0.18122169998241588,,,batch-f5-quadratic-residual-link-20260824-001
F5-quadratic-residual-link,X1,X2,f5-quadratic-residual-link,84,0,0.3188140791047011,0.005,residual_samples/batch-84-replication-0.csv,null_statistics/batch-84-replication-0.npy,batch-f5-quadratic-residual-link,13838140020511141556,6581394697400798980,12144832205775855935,0.1859126000199467,,,batch-f5-quadratic-residual-link-20260824-001
F5-quadratic-residual-link,X1,X2,f5-quadratic-residual-link,84,1,0.2856082830780273,0.005,residual_samples/batch-84-replication-1.csv,null_statistics/batch-84-replication-1.npy,batch-f5-quadratic-residual-link,12754407624865065173,1477588570863656341,18329458838820431829,0.17862310004420578,,,batch-f5-quadratic-residual-link-20260824-001
F5-quadratic-residual-link,X1,X2,f5-quadratic-residual-link,84,2,0.3060017550285149,0.005,residual_samples/batch-84-replication-2.csv,null_statistics/batch-84-replication-2.npy,batch-f5-quadratic-residual-link,9366028830814085133,6904775676803900524,10279119837792009416,0.1825972000369802,,,batch-f5-quadratic-residual-link-20260824-001
F5-quadratic-residual-link,X1,X2,f5-quadratic-residual-link,84,3,0.3243998012751645,0.005,residual_samples/batch-84-replication-3.csv,null_statistics/batch-84-replication-3.npy,batch-f5-quadratic-residual-link,5433057496607234321,2838247961287800352,5860086230066609147,0.17856040003243834,,,batch-f5-quadratic-residual-link-20260824-001
F5-quadratic-residual-link,X1,X2,f5-quadratic-residual-link,84,4,0.32556155957057337,0.005,residual_samples/batch-84-replication-4.csv,null_statistics/batch-84-replication-4.npy,batch-f5-quadratic-residual-link,16698869878406183735,11034933223453819330,1993437230480307827,0.18328110000584275,,,batch-f5-quadratic-residual-link-20260824-001
F5-quadratic-residual-link,X1,X2,f5-quadratic-residual-link,84,5,0.3151841743512028,0.005,residual_samples/batch-84-replication-5.csv,null_statistics/batch-84-replication-5.npy,batch-f5-quadratic-residual-link,6262106508049809513,16851247630962038901,12845464174500647294,0.1824600999825634,,,batch-f5-quadratic-residual-link-20260824-001
F5-quadratic-residual-link,X1,X2,f5-quadratic-residual-link,84,6,0.30192725076553495,0.005,residual_samples/batch-84-replication-6.csv,null_statistics/batch-84-replication-6.npy,batch-f5-quadratic-residual-link,10003839784085705909,8367665205322918184,8870157245176413229,0.18246620002901182,,,batch-f5-quadratic-residual-link-20260824-001
F5-quadratic-residual-link,X1,X2,f5-quadratic-residual-link,84,7,0.3570011021070555,0.005,residual_samples/batch-84-replication-7.csv,null_statistics/batch-84-replication-7.npy,batch-f5-quadratic-residual-link,15308051679688133033,6054814620661169391,12633601983814768954,0.1798446000320837,,,batch-f5-quadratic-residual-link-20260824-001
F5-quadratic-residual-link,X1,X2,f5-quadratic-residual-link,84,8,0.3330887463668648,0.005,residual_samples/batch-84-replication-8.csv,null_statistics/batch-84-replication-8.npy,batch-f5-quadratic-residual-link,18202645814079448304,8384598345893754405,14118829345709864180,0.18269590003183112,,,batch-f5-quadratic-residual-link-20260824-001
F5-quadratic-residual-link,X1,X2,f5-quadratic-residual-link,84,9,0.31728485678237256,0.005,residual_samples/batch-84-replication-9.csv,null_statistics/batch-84-replication-9.npy,batch-f5-quadratic-residual-link,12651541335112127226,7234149804775061621,4608993042092497525,0.18021660001249984,,,batch-f5-quadratic-residual-link-20260824-001
F5-quadratic-residual-link,X1,X2,f5-quadratic-residual-link,85,0,0.32294912829416134,0.005,residual_samples/batch-85-replication-0.csv,null_statistics/batch-85-replication-0.npy,batch-f5-quadratic-residual-link,16964501709967521292,18403222722750930827,12137418174709685757,0.18180660001235083,,,batch-f5-quadratic-residual-link-20260824-001
F5-quadratic-residual-link,X1,X2,f5-quadratic-residual-link,85,1,0.3179827507124702,0.005,residual_samples/batch-85-replication-1.csv,null_statistics/batch-85-replication-1.npy,batch-f5-quadratic-residual-link,16668158897446946068,13949475414587232812,3852101809229550817,0.18120699998689815,,,batch-f5-quadratic-residual-link-20260824-001
F5-quadratic-residual-link,X1,X2,f5-quadratic-residual-link,85,2,0.3365864953936661,0.005,residual_samples/batch-85-replication-2.csv,null_statistics/batch-85-replication-2.npy,batch-f5-quadratic-residual-link,12413645924941351102,12703818661665135150,14955723270303308507,0.17960689996834844,,,batch-f5-quadratic-residual-link-20260824-001
F5-quadratic-residual-link,X1,X2,f5-quadratic-residual-link,85,3,0.3307581610125212,0.005,residual_samples/batch-85-replication-3.csv,null_statistics/batch-85-replication-3.npy,batch-f5-quadratic-residual-link,10661422046272572732,18179045037817603691,4790923069033485198,0.1816104999743402,,,batch-f5-quadratic-residual-link-20260824-001
F5-quadratic-residual-link,X1,X2,f5-quadratic-residual-link,85,4,0.32143865331893895,0.005,residual_samples/batch-85-replication-4.csv,null_statistics/batch-85-replication-4.npy,batch-f5-quadratic-residual-link,8787201652725761232,4490879606753399203,4047014985520944291,0.18045640003401786,,,batch-f5-quadratic-residual-link-20260824-001
F5-quadratic-residual-link,X1,X2,f5-quadratic-residual-link,85,5,0.3364850479832201,0.005,residual_samples/batch-85-replication-5.csv,null_statistics/batch-85-replication-5.npy,batch-f5-quadratic-residual-link,4279924736205362789,6159502060559318515,13199112285175439386,0.18073260004166514,,,batch-f5-quadratic-residual-link-20260824-001
F5-quadratic-residual-link,X1,X2,f5-quadratic-residual-link,85,6,0.3081469028817435,0.005,residual_samples/batch-85-replication-6.csv,null_statistics/batch-85-replication-6.npy,batch-f5-quadratic-residual-link,14957972646918039259,3223052618078204465,15491920334177557467,0.18157229997450486,,,batch-f5-quadratic-residual-link-20260824-001
F5-quadratic-residual-link,X1,X2,f5-quadratic-residual-link,85,7,0.3014335586462483,0.005,residual_samples/batch-85-replication-7.csv,null_statistics/batch-85-replication-7.npy,batch-f5-quadratic-residual-link,324181321354316991,18298765628563170489,665427959099983131,0.18096450000302866,,,batch-f5-quadratic-residual-link-20260824-001
F5-quadratic-residual-link,X1,X2,f5-quadratic-residual-link,85,8,0.33183407158687783,0.005,residual_samples/batch-85-replication-8.csv,null_statistics/batch-85-replication-8.npy,batch-f5-quadratic-residual-link,10619859191219535546,18318279145601795352,302705507779333370,0.17996390000917017,,,batch-f5-quadratic-residual-link-20260824-001
F5-quadratic-residual-link,X1,X2,f5-quadratic-residual-link,85,9,0.3119379309853147,0.005,residual_samples/batch-85-replication-9.csv,null_statistics/batch-85-replication-9.npy,batch-f5-quadratic-residual-link,9874263782082818610,16668812510120280118,15651579267028438535,0.17983430001186207,,,batch-f5-quadratic-residual-link-20260824-001
F5-quadratic-residual-link,X1,X2,f5-quadratic-residual-link,86,0,0.30025524806643417,0.005,residual_samples/batch-86-replication-0.csv,null_statistics/batch-86-replication-0.npy,batch-f5-quadratic-residual-link,1731442874630942881,11252815619110767102,1089269480877855594,0.18259420001413673,,,batch-f5-quadratic-residual-link-20260824-001
F5-quadratic-residual-link,X1,X2,f5-quadratic-residual-link,86,1,0.3101197807002518,0.005,residual_samples/batch-86-replication-1.csv,null_statistics/batch-86-replication-1.npy,batch-f5-quadratic-residual-link,11922846332858179942,17723091991784930264,8753084911849450806,0.17985449999105185,,,batch-f5-quadratic-residual-link-20260824-001
F5-quadratic-residual-link,X1,X2,f5-quadratic-residual-link,86,2,0.3305409131853756,0.005,residual_samples/batch-86-replication-2.csv,null_statistics/batch-86-replication-2.npy,batch-f5-quadratic-residual-link,13385652808625435652,1125749743100606947,15153299757390934368,0.1826918000006117,,,batch-f5-quadratic-residual-link-20260824-001
F5-quadratic-residual-link,X1,X2,f5-quadratic-residual-link,86,3,0.3332644638266012,0.005,residual_samples/batch-86-replication-3.csv,null_statistics/batch-86-replication-3.npy,batch-f5-quadratic-residual-link,685138845369454531,6395000099566985261,6685383564894838036,0.17893930000718683,,,batch-f5-quadratic-residual-link-20260824-001
F5-quadratic-residual-link,X1,X2,f5-quadratic-residual-link,86,4,0.3061410512570398,0.005,residual_samples/batch-86-replication-4.csv,null_statistics/batch-86-replication-4.npy,batch-f5-quadratic-residual-link,16597305976773360903,554183843029724845,12630503677678970432,0.1796201000106521,,,batch-f5-quadratic-residual-link-20260824-001
F5-quadratic-residual-link,X1,X2,f5-quadratic-residual-link,86,5,0.32639828868533033,0.005,residual_samples/batch-86-replication-5.csv,null_statistics/batch-86-replication-5.npy,batch-f5-quadratic-residual-link,370829037166581543,15829164186549939161,6792010221214407109,0.1790723000303842,,,batch-f5-quadratic-residual-link-20260824-001
F5-quadratic-residual-link,X1,X2,f5-quadratic-residual-link,86,6,0.3333581416330599,0.005,residual_samples/batch-86-replication-6.csv,null_statistics/batch-86-replication-6.npy,batch-f5-quadratic-residual-link,3360315886856277324,16330510785127440418,18325366765589739624,0.18018880003364757,,,batch-f5-quadratic-residual-link-20260824-001
F5-quadratic-residual-link,X1,X2,f5-quadratic-residual-link,86,7,0.3201376511698225,0.005,residual_samples/batch-86-replication-7.csv,null_statistics/batch-86-replication-7.npy,batch-f5-quadratic-residual-link,16723918096956139379,4509672985292146009,4330557126431198235,0.1812000999925658,,,batch-f5-quadratic-residual-link-20260824-001
F5-quadratic-residual-link,X1,X2,f5-quadratic-residual-link,86,8,0.31170004247920935,0.005,residual_samples/batch-86-replication-8.csv,null_statistics/batch-86-replication-8.npy,batch-f5-quadratic-residual-link,10380697366586408476,14177189666597293376,12338216506449917112,0.18130789999850094,,,batch-f5-quadratic-residual-link-20260824-001
F5-quadratic-residual-link,X1,X2,f5-quadratic-residual-link,86,9,0.31337425482067927,0.005,residual_samples/batch-86-replication-9.csv,null_statistics/batch-86-replication-9.npy,batch-f5-quadratic-residual-link,11841306567182878550,17881388800635030872,14425450426739870594,0.1803817999898456,,,batch-f5-quadratic-residual-link-20260824-001
F5-quadratic-residual-link,X1,X2,f5-quadratic-residual-link,87,0,0.31650772518639,0.005,residual_samples/batch-87-replication-0.csv,null_statistics/batch-87-replication-0.npy,batch-f5-quadratic-residual-link,12628563466087469812,1273253128892267818,17837277185815246321,0.18006879999302328,,,batch-f5-quadratic-residual-link-20260824-001
F5-quadratic-residual-link,X1,X2,f5-quadratic-residual-link,87,1,0.305576246183913,0.005,residual_samples/batch-87-replication-1.csv,null_statistics/batch-87-replication-1.npy,batch-f5-quadratic-residual-link,2158456728761304349,13093494495422550981,7016007751706088005,0.18279839999740943,,,batch-f5-quadratic-residual-link-20260824-001
F5-quadratic-residual-link,X1,X2,f5-quadratic-residual-link,87,2,0.3166645960661748,0.005,residual_samples/batch-87-replication-2.csv,null_statistics/batch-87-replication-2.npy,batch-f5-quadratic-residual-link,10466904556761282187,4606242672140656189,14622310887169145492,0.1817713999771513,,,batch-f5-quadratic-residual-link-20260824-001
F5-quadratic-residual-link,X1,X2,f5-quadratic-residual-link,87,3,0.33029784564016984,0.005,residual_samples/batch-87-replication-3.csv,null_statistics/batch-87-replication-3.npy,batch-f5-quadratic-residual-link,15702929324857532425,11062620249646671364,3666594231562108664,0.1819608000223525,,,batch-f5-quadratic-residual-link-20260824-001
F5-quadratic-residual-link,X1,X2,f5-quadratic-residual-link,87,4,0.32986186944724516,0.005,residual_samples/batch-87-replication-4.csv,null_statistics/batch-87-replication-4.npy,batch-f5-quadratic-residual-link,15621764153606222901,18393010928705030646,12779373063942908480,0.18033579998882487,,,batch-f5-quadratic-residual-link-20260824-001
F5-quadratic-residual-link,X1,X2,f5-quadratic-residual-link,87,5,0.31731391152629035,0.005,residual_samples/batch-87-replication-5.csv,null_statistics/batch-87-replication-5.npy,batch-f5-quadratic-residual-link,16118390894154586577,18078925749617534891,2079326823492138848,0.18034540000371635,,,batch-f5-quadratic-residual-link-20260824-001
F5-quadratic-residual-link,X1,X2,f5-quadratic-residual-link,87,6,0.32289257873111776,0.005,residual_samples/batch-87-replication-6.csv,null_statistics/batch-87-replication-6.npy,batch-f5-quadratic-residual-link,8337356848334172419,3949359803896871338,13047735504615195551,0.1807474999804981,,,batch-f5-quadratic-residual-link-20260824-001
F5-quadratic-residual-link,X1,X2,f5-quadratic-residual-link,87,7,0.3373085713844068,0.005,residual_samples/batch-87-replication-7.csv,null_statistics/batch-87-replication-7.npy,batch-f5-quadratic-residual-link,13920930666314017503,18260847771444515062,5420214611561275303,0.17868459998862818,,,batch-f5-quadratic-residual-link-20260824-001
F5-quadratic-residual-link,X1,X2,f5-quadratic-residual-link,87,8,0.3036188314611964,0.005,residual_samples/batch-87-replication-8.csv,null_statistics/batch-87-replication-8.npy,batch-f5-quadratic-residual-link,14715929361308005652,8857854577152084430,1782684863134788379,0.18044309999095276,,,batch-f5-quadratic-residual-link-20260824-001
F5-quadratic-residual-link,X1,X2,f5-quadratic-residual-link,87,9,0.32407593723775313,0.005,residual_samples/batch-87-replication-9.csv,null_statistics/batch-87-replication-9.npy,batch-f5-quadratic-residual-link,13832381992826197824,6941297288663525856,9589434573715509164,0.1821508999564685,,,batch-f5-quadratic-residual-link-20260824-001
F5-quadratic-residual-link,X1,X2,f5-quadratic-residual-link,88,0,0.31949759221380797,0.005,residual_samples/batch-88-replication-0.csv,null_statistics/batch-88-replication-0.npy,batch-f5-quadratic-residual-link,12029184120092469746,8593544169021974622,15141261664103236032,0.18107419996522367,,,batch-f5-quadratic-residual-link-20260824-001
F5-quadratic-residual-link,X1,X2,f5-quadratic-residual-link,88,1,0.3310752235761433,0.005,residual_samples/batch-88-replication-1.csv,null_statistics/batch-88-replication-1.npy,batch-f5-quadratic-residual-link,14162978070021313418,18118712409993277252,14992898304300567858,0.1804464000160806,,,batch-f5-quadratic-residual-link-20260824-001
F5-quadratic-residual-link,X1,X2,f5-quadratic-residual-link,88,2,0.2970326987672739,0.005,residual_samples/batch-88-replication-2.csv,null_statistics/batch-88-replication-2.npy,batch-f5-quadratic-residual-link,17328486935842021399,3520110154823268477,16981097967229405533,0.18060189997777343,,,batch-f5-quadratic-residual-link-20260824-001
F5-quadratic-residual-link,X1,X2,f5-quadratic-residual-link,88,3,0.300157502246249,0.005,residual_samples/batch-88-replication-3.csv,null_statistics/batch-88-replication-3.npy,batch-f5-quadratic-residual-link,14181267728215810157,1053083096812119396,3259401876116176098,0.1825163000030443,,,batch-f5-quadratic-residual-link-20260824-001
F5-quadratic-residual-link,X1,X2,f5-quadratic-residual-link,88,4,0.3303836235518021,0.005,residual_samples/batch-88-replication-4.csv,null_statistics/batch-88-replication-4.npy,batch-f5-quadratic-residual-link,6347820285380760230,13719254511639968836,7072688259986840175,0.18445140001131222,,,batch-f5-quadratic-residual-link-20260824-001
F5-quadratic-residual-link,X1,X2,f5-quadratic-residual-link,88,5,0.32949973920716913,0.005,residual_samples/batch-88-replication-5.csv,null_statistics/batch-88-replication-5.npy,batch-f5-quadratic-residual-link,3591509194417002154,14141864921928411014,11881924402422934976,0.17954059998737648,,,batch-f5-quadratic-residual-link-20260824-001
F5-quadratic-residual-link,X1,X2,f5-quadratic-residual-link,88,6,0.31081016299010683,0.005,residual_samples/batch-88-replication-6.csv,null_statistics/batch-88-replication-6.npy,batch-f5-quadratic-residual-link,8915954994045348633,13003652930922749831,5186838164289998767,0.17922759999055415,,,batch-f5-quadratic-residual-link-20260824-001
F5-quadratic-residual-link,X1,X2,f5-quadratic-residual-link,88,7,0.32678062300233,0.005,residual_samples/batch-88-replication-7.csv,null_statistics/batch-88-replication-7.npy,batch-f5-quadratic-residual-link,1855226366261945035,5614798151963754062,10117044934541188202,0.18148530001053587,,,batch-f5-quadratic-residual-link-20260824-001
F5-quadratic-residual-link,X1,X2,f5-quadratic-residual-link,88,8,0.31995395246846803,0.005,residual_samples/batch-88-replication-8.csv,null_statistics/batch-88-replication-8.npy,batch-f5-quadratic-residual-link,10045962623116735289,849279771522399021,13929582232534018639,0.17967849998967722,,,batch-f5-quadratic-residual-link-20260824-001
F5-quadratic-residual-link,X1,X2,f5-quadratic-residual-link,88,9,0.34124784789245266,0.005,residual_samples/batch-88-replication-9.csv,null_statistics/batch-88-replication-9.npy,batch-f5-quadratic-residual-link,11163114970034325884,3726628361109939458,10958055511642933744,0.18335669999942183,,,batch-f5-quadratic-residual-link-20260824-001
F5-quadratic-residual-link,X1,X2,f5-quadratic-residual-link,89,0,0.3092007878001815,0.005,residual_samples/batch-89-replication-0.csv,null_statistics/batch-89-replication-0.npy,batch-f5-quadratic-residual-link,14373063704753366089,11289868996891242048,15464560139287452046,0.18129859998589382,,,batch-f5-quadratic-residual-link-20260824-001
F5-quadratic-residual-link,X1,X2,f5-quadratic-residual-link,89,1,0.3149617574653572,0.005,residual_samples/batch-89-replication-1.csv,null_statistics/batch-89-replication-1.npy,batch-f5-quadratic-residual-link,3336005952759778340,8000314616341416976,9510018286823326924,0.17914449999807402,,,batch-f5-quadratic-residual-link-20260824-001
F5-quadratic-residual-link,X1,X2,f5-quadratic-residual-link,89,2,0.32824803020392124,0.005,residual_samples/batch-89-replication-2.csv,null_statistics/batch-89-replication-2.npy,batch-f5-quadratic-residual-link,1568523185841843311,17365363634879879328,786398122199059320,0.18195870000636205,,,batch-f5-quadratic-residual-link-20260824-001
F5-quadratic-residual-link,X1,X2,f5-quadratic-residual-link,89,3,0.2992591620068622,0.005,residual_samples/batch-89-replication-3.csv,null_statistics/batch-89-replication-3.npy,batch-f5-quadratic-residual-link,1998495976508044202,1015359535355529009,1615245280480129709,0.18215050001163036,,,batch-f5-quadratic-residual-link-20260824-001
F5-quadratic-residual-link,X1,X2,f5-quadratic-residual-link,89,4,0.3343051301865408,0.005,residual_samples/batch-89-replication-4.csv,null_statistics/batch-89-replication-4.npy,batch-f5-quadratic-residual-link,16806151597207442004,15579447369760091091,17068200198246762304,0.18098249996546656,,,batch-f5-quadratic-residual-link-20260824-001
F5-quadratic-residual-link,X1,X2,f5-quadratic-residual-link,89,5,0.31264192937164825,0.005,residual_samples/batch-89-replication-5.csv,null_statistics/batch-89-replication-5.npy,batch-f5-quadratic-residual-link,122979850223121600,4128918022786054604,9354659367425385942,0.18342480005230755,,,batch-f5-quadratic-residual-link-20260824-001
F5-quadratic-residual-link,X1,X2,f5-quadratic-residual-link,89,6,0.34142987546893927,0.005,residual_samples/batch-89-replication-6.csv,null_statistics/batch-89-replication-6.npy,batch-f5-quadratic-residual-link,3309652354503766688,13647824626310530344,5275190883255873601,0.1786015999969095,,,batch-f5-quadratic-residual-link-20260824-001
F5-quadratic-residual-link,X1,X2,f5-quadratic-residual-link,89,7,0.3058017055993644,0.005,residual_samples/batch-89-replication-7.csv,null_statistics/batch-89-replication-7.npy,batch-f5-quadratic-residual-link,15451519509302371361,12000912768451048109,6543754959760255559,0.17888320004567504,,,batch-f5-quadratic-residual-link-20260824-001
F5-quadratic-residual-link,X1,X2,f5-quadratic-residual-link,89,8,0.3221302876662095,0.005,residual_samples/batch-89-replication-8.csv,null_statistics/batch-89-replication-8.npy,batch-f5-quadratic-residual-link,11903177241626961117,10716187253168637456,3091952808557125230,0.1801854000077583,,,batch-f5-quadratic-residual-link-20260824-001
F5-quadratic-residual-link,X1,X2,f5-quadratic-residual-link,89,9,0.2934384013044523,0.005,residual_samples/batch-89-replication-9.csv,null_statistics/batch-89-replication-9.npy,batch-f5-quadratic-residual-link,11278518842824623266,7294897846740677685,1835150494655929802,0.18366470001637936,,,batch-f5-quadratic-residual-link-20260824-001
F5-quadratic-residual-link,X1,X2,f5-quadratic-residual-link,90,0,0.3527561702139972,0.005,residual_samples/batch-90-replication-0.csv,null_statistics/batch-90-replication-0.npy,batch-f5-quadratic-residual-link,2010610400078395006,18282967851837656406,8933952188694395185,0.1851864000200294,,,batch-f5-quadratic-residual-link-20260824-001
F5-quadratic-residual-link,X1,X2,f5-quadratic-residual-link,90,1,0.2989363213994234,0.005,residual_samples/batch-90-replication-1.csv,null_statistics/batch-90-replication-1.npy,batch-f5-quadratic-residual-link,17333995386956932483,11680946814288196677,10403058120428990775,0.17858070001238957,,,batch-f5-quadratic-residual-link-20260824-001
F5-quadratic-residual-link,X1,X2,f5-quadratic-residual-link,90,2,0.32111035895260365,0.005,residual_samples/batch-90-replication-2.csv,null_statistics/batch-90-replication-2.npy,batch-f5-quadratic-residual-link,6536182915444950428,4309116370857087265,5821219840612713352,0.1816832999465987,,,batch-f5-quadratic-residual-link-20260824-001
F5-quadratic-residual-link,X1,X2,f5-quadratic-residual-link,90,3,0.3098913593592034,0.005,residual_samples/batch-90-replication-3.csv,null_statistics/batch-90-replication-3.npy,batch-f5-quadratic-residual-link,2557614583243552226,17755062284282907544,13690263759125343359,0.18630039994604886,,,batch-f5-quadratic-residual-link-20260824-001
F5-quadratic-residual-link,X1,X2,f5-quadratic-residual-link,90,4,0.323823655653629,0.005,residual_samples/batch-90-replication-4.csv,null_statistics/batch-90-replication-4.npy,batch-f5-quadratic-residual-link,13237799144792682129,18240701720774815914,9310933605404592844,0.1826955999713391,,,batch-f5-quadratic-residual-link-20260824-001
F5-quadratic-residual-link,X1,X2,f5-quadratic-residual-link,90,5,0.3133483538898535,0.005,residual_samples/batch-90-replication-5.csv,null_statistics/batch-90-replication-5.npy,batch-f5-quadratic-residual-link,9574915441679148570,13573209688549401861,9405660716931217331,0.1813368999864906,,,batch-f5-quadratic-residual-link-20260824-001
F5-quadratic-residual-link,X1,X2,f5-quadratic-residual-link,90,6,0.32607768469812665,0.005,residual_samples/batch-90-replication-6.csv,null_statistics/batch-90-replication-6.npy,batch-f5-quadratic-residual-link,10758719983361607146,17278131679548150728,5129395127493825172,0.183310899999924,,,batch-f5-quadratic-residual-link-20260824-001
F5-quadratic-residual-link,X1,X2,f5-quadratic-residual-link,90,7,0.32746174324420224,0.005,residual_samples/batch-90-replication-7.csv,null_statistics/batch-90-replication-7.npy,batch-f5-quadratic-residual-link,17522418605513401432,6947084005364133909,631820702647147856,0.17913780000526458,,,batch-f5-quadratic-residual-link-20260824-001
F5-quadratic-residual-link,X1,X2,f5-quadratic-residual-link,90,8,0.31852435744248203,0.005,residual_samples/batch-90-replication-8.csv,null_statistics/batch-90-replication-8.npy,batch-f5-quadratic-residual-link,4106713041799507757,18442545537198635520,16544035345867302283,0.1819035999942571,,,batch-f5-quadratic-residual-link-20260824-001
F5-quadratic-residual-link,X1,X2,f5-quadratic-residual-link,90,9,0.32024240043013874,0.005,residual_samples/batch-90-replication-9.csv,null_statistics/batch-90-replication-9.npy,batch-f5-quadratic-residual-link,15508670076206268303,13107447469379224158,11417308437557139004,0.18502660002559423,,,batch-f5-quadratic-residual-link-20260824-001
F5-quadratic-residual-link,X1,X2,f5-quadratic-residual-link,91,0,0.3246195956193318,0.005,residual_samples/batch-91-replication-0.csv,null_statistics/batch-91-replication-0.npy,batch-f5-quadratic-residual-link,2520032947233671795,15320931253547674048,15925752019276407919,0.18047790002310649,,,batch-f5-quadratic-residual-link-20260824-001
F5-quadratic-residual-link,X1,X2,f5-quadratic-residual-link,91,1,0.3246214429106531,0.005,residual_samples/batch-91-replication-1.csv,null_statistics/batch-91-replication-1.npy,batch-f5-quadratic-residual-link,14752588973527507737,10495023764610828680,12004123556802590250,0.18541739997453988,,,batch-f5-quadratic-residual-link-20260824-001
F5-quadratic-residual-link,X1,X2,f5-quadratic-residual-link,91,2,0.34168858943479774,0.005,residual_samples/batch-91-replication-2.csv,null_statistics/batch-91-replication-2.npy,batch-f5-quadratic-residual-link,8116098480304703181,17078386411750024021,1300497558379428520,0.18180000002030283,,,batch-f5-quadratic-residual-link-20260824-001
F5-quadratic-residual-link,X1,X2,f5-quadratic-residual-link,91,3,0.33018437368252906,0.005,residual_samples/batch-91-replication-3.csv,null_statistics/batch-91-replication-3.npy,batch-f5-quadratic-residual-link,3499467334360921184,6485114270549904398,3589814483083580133,0.18259360000956804,,,batch-f5-quadratic-residual-link-20260824-001
F5-quadratic-residual-link,X1,X2,f5-quadratic-residual-link,91,4,0.33515175556765076,0.005,residual_samples/batch-91-replication-4.csv,null_statistics/batch-91-replication-4.npy,batch-f5-quadratic-residual-link,4991909607535869259,7206002901875963806,2653725435000976235,0.18179449997842312,,,batch-f5-quadratic-residual-link-20260824-001
F5-quadratic-residual-link,X1,X2,f5-quadratic-residual-link,91,5,0.3204132438661149,0.005,residual_samples/batch-91-replication-5.csv,null_statistics/batch-91-replication-5.npy,batch-f5-quadratic-residual-link,13494928644058670478,6328438394079925594,4741108570340929473,0.1824036999605596,,,batch-f5-quadratic-residual-link-20260824-001
F5-quadratic-residual-link,X1,X2,f5-quadratic-residual-link,91,6,0.3082185251200313,0.005,residual_samples/batch-91-replication-6.csv,null_statistics/batch-91-replication-6.npy,batch-f5-quadratic-residual-link,8380410727990886894,3014110957435991512,1773433952414803411,0.18366290000267327,,,batch-f5-quadratic-residual-link-20260824-001
F5-quadratic-residual-link,X1,X2,f5-quadratic-residual-link,91,7,0.30371891200458234,0.005,residual_samples/batch-91-replication-7.csv,null_statistics/batch-91-replication-7.npy,batch-f5-quadratic-residual-link,6787501004498625690,3730784863453004877,6541470088748695244,0.18276980001246557,,,batch-f5-quadratic-residual-link-20260824-001
F5-quadratic-residual-link,X1,X2,f5-quadratic-residual-link,91,8,0.30396920049892534,0.005,residual_samples/batch-91-replication-8.csv,null_statistics/batch-91-replication-8.npy,batch-f5-quadratic-residual-link,13619915766513811684,10517037937499184878,2183484617633174627,0.17938720004167408,,,batch-f5-quadratic-residual-link-20260824-001
F5-quadratic-residual-link,X1,X2,f5-quadratic-residual-link,91,9,0.3053752302829913,0.005,residual_samples/batch-91-replication-9.csv,null_statistics/batch-91-replication-9.npy,batch-f5-quadratic-residual-link,1599094722402715089,4785173584435753688,5558890774678613905,0.17893029999686405,,,batch-f5-quadratic-residual-link-20260824-001
F5-quadratic-residual-link,X1,X2,f5-quadratic-residual-link,92,0,0.317252920006032,0.005,residual_samples/batch-92-replication-0.csv,null_statistics/batch-92-replication-0.npy,batch-f5-quadratic-residual-link,5472254682977795571,4808955358598524529,2787321001262519135,0.18265689996769652,,,batch-f5-quadratic-residual-link-20260824-001
F5-quadratic-residual-link,X1,X2,f5-quadratic-residual-link,92,1,0.3118262702029539,0.005,residual_samples/batch-92-replication-1.csv,null_statistics/batch-92-replication-1.npy,batch-f5-quadratic-residual-link,4514717257649440975,5582409110220926044,6053931277060932451,0.18095790001098067,,,batch-f5-quadratic-residual-link-20260824-001
F5-quadratic-residual-link,X1,X2,f5-quadratic-residual-link,92,2,0.32075583665347795,0.005,residual_samples/batch-92-replication-2.csv,null_statistics/batch-92-replication-2.npy,batch-f5-quadratic-residual-link,6572208016996761878,4472995202069131850,10169096294890384190,0.19058720004977658,,,batch-f5-quadratic-residual-link-20260824-001
F5-quadratic-residual-link,X1,X2,f5-quadratic-residual-link,92,3,0.34590905652291976,0.005,residual_samples/batch-92-replication-3.csv,null_statistics/batch-92-replication-3.npy,batch-f5-quadratic-residual-link,18047935495311571342,5498254275983524252,7387753302150157637,0.1811161999939941,,,batch-f5-quadratic-residual-link-20260824-001
F5-quadratic-residual-link,X1,X2,f5-quadratic-residual-link,92,4,0.30759139407758407,0.005,residual_samples/batch-92-replication-4.csv,null_statistics/batch-92-replication-4.npy,batch-f5-quadratic-residual-link,10098970921427732554,16397323021832193231,9870388048899865723,0.17839139996794984,,,batch-f5-quadratic-residual-link-20260824-001
F5-quadratic-residual-link,X1,X2,f5-quadratic-residual-link,92,5,0.34871066789102784,0.005,residual_samples/batch-92-replication-5.csv,null_statistics/batch-92-replication-5.npy,batch-f5-quadratic-residual-link,26305625202826067,5207289534902760275,6876798934584795200,0.18202159996144474,,,batch-f5-quadratic-residual-link-20260824-001
F5-quadratic-residual-link,X1,X2,f5-quadratic-residual-link,92,6,0.34775868384351255,0.005,residual_samples/batch-92-replication-6.csv,null_statistics/batch-92-replication-6.npy,batch-f5-quadratic-residual-link,4057460717778219788,3299123443803373947,7157665175830885485,0.18017520004650578,,,batch-f5-quadratic-residual-link-20260824-001
F5-quadratic-residual-link,X1,X2,f5-quadratic-residual-link,92,7,0.31040633515182503,0.005,residual_samples/batch-92-replication-7.csv,null_statistics/batch-92-replication-7.npy,batch-f5-quadratic-residual-link,9101748844478718227,16405319902844920245,1393890193082475480,0.179712200013455,,,batch-f5-quadratic-residual-link-20260824-001
F5-quadratic-residual-link,X1,X2,f5-quadratic-residual-link,92,8,0.317422598093006,0.005,residual_samples/batch-92-replication-8.csv,null_statistics/batch-92-replication-8.npy,batch-f5-quadratic-residual-link,9167568228755747163,14971852386666901194,1885585109703567116,0.18248189997393638,,,batch-f5-quadratic-residual-link-20260824-001
F5-quadratic-residual-link,X1,X2,f5-quadratic-residual-link,92,9,0.3202336440678591,0.005,residual_samples/batch-92-replication-9.csv,null_statistics/batch-92-replication-9.npy,batch-f5-quadratic-residual-link,8207760413196660371,3319867050330508408,162435802353312123,0.18182899995008484,,,batch-f5-quadratic-residual-link-20260824-001
F5-quadratic-residual-link,X1,X2,f5-quadratic-residual-link,93,0,0.3099969224895852,0.005,residual_samples/batch-93-replication-0.csv,null_statistics/batch-93-replication-0.npy,batch-f5-quadratic-residual-link,16544013761952444177,1048720929493971053,12472838196251646491,0.18112149997614324,,,batch-f5-quadratic-residual-link-20260824-001
F5-quadratic-residual-link,X1,X2,f5-quadratic-residual-link,93,1,0.3030298326321269,0.005,residual_samples/batch-93-replication-1.csv,null_statistics/batch-93-replication-1.npy,batch-f5-quadratic-residual-link,889193887080562479,3819385514255644387,7018738545799994344,0.18013599998084828,,,batch-f5-quadratic-residual-link-20260824-001
F5-quadratic-residual-link,X1,X2,f5-quadratic-residual-link,93,2,0.34474648625826987,0.005,residual_samples/batch-93-replication-2.csv,null_statistics/batch-93-replication-2.npy,batch-f5-quadratic-residual-link,6768130664971339912,17202676463593940075,9537732595422522124,0.1792468999628909,,,batch-f5-quadratic-residual-link-20260824-001
F5-quadratic-residual-link,X1,X2,f5-quadratic-residual-link,93,3,0.31151890160076345,0.005,residual_samples/batch-93-replication-3.csv,null_statistics/batch-93-replication-3.npy,batch-f5-quadratic-residual-link,2930311812058412168,6033922944728137573,3352025919934812793,0.17913929995847866,,,batch-f5-quadratic-residual-link-20260824-001
F5-quadratic-residual-link,X1,X2,f5-quadratic-residual-link,93,4,0.32083198235342836,0.005,residual_samples/batch-93-replication-4.csv,null_statistics/batch-93-replication-4.npy,batch-f5-quadratic-residual-link,5128915405322226281,16947188781724836397,9008259403870078299,0.1810412000049837,,,batch-f5-quadratic-residual-link-20260824-001
F5-quadratic-residual-link,X1,X2,f5-quadratic-residual-link,93,5,0.33583973715817045,0.005,residual_samples/batch-93-replication-5.csv,null_statistics/batch-93-replication-5.npy,batch-f5-quadratic-residual-link,7515834782168841048,13280559328811992909,12353450751871189199,0.17948960000649095,,,batch-f5-quadratic-residual-link-20260824-001
F5-quadratic-residual-link,X1,X2,f5-quadratic-residual-link,93,6,0.3385758193813513,0.005,residual_samples/batch-93-replication-6.csv,null_statistics/batch-93-replication-6.npy,batch-f5-quadratic-residual-link,11789265573117134043,16526600817103968328,2206558341545339382,0.1863446999923326,,,batch-f5-quadratic-residual-link-20260824-001
F5-quadratic-residual-link,X1,X2,f5-quadratic-residual-link,93,7,0.33026709314391406,0.005,residual_samples/batch-93-replication-7.csv,null_statistics/batch-93-replication-7.npy,batch-f5-quadratic-residual-link,15629070380650956928,4923536740864149758,14302873164829083736,0.1885958999628201,,,batch-f5-quadratic-residual-link-20260824-001
F5-quadratic-residual-link,X1,X2,f5-quadratic-residual-link,93,8,0.32301266163890857,0.005,residual_samples/batch-93-replication-8.csv,null_statistics/batch-93-replication-8.npy,batch-f5-quadratic-residual-link,12909246756368119944,3410797074411726203,10050098683304016195,0.18541199999162927,,,batch-f5-quadratic-residual-link-20260824-001
F5-quadratic-residual-link,X1,X2,f5-quadratic-residual-link,93,9,0.3159894406878873,0.005,residual_samples/batch-93-replication-9.csv,null_statistics/batch-93-replication-9.npy,batch-f5-quadratic-residual-link,12085657387175097398,458996033696537500,16287683550416248536,0.18348010000772774,,,batch-f5-quadratic-residual-link-20260824-001
F5-quadratic-residual-link,X1,X2,f5-quadratic-residual-link,94,0,0.3470961961151916,0.005,residual_samples/batch-94-replication-0.csv,null_statistics/batch-94-replication-0.npy,batch-f5-quadratic-residual-link,4261885627476096689,8547428747925623570,16766952562771140134,0.17994200001703575,,,batch-f5-quadratic-residual-link-20260824-001
F5-quadratic-residual-link,X1,X2,f5-quadratic-residual-link,94,1,0.32348885723506493,0.005,residual_samples/batch-94-replication-1.csv,null_statistics/batch-94-replication-1.npy,batch-f5-quadratic-residual-link,10283548118999331431,7392038932932801192,14074710735439548489,0.1793885999941267,,,batch-f5-quadratic-residual-link-20260824-001
F5-quadratic-residual-link,X1,X2,f5-quadratic-residual-link,94,2,0.29931774246306003,0.005,residual_samples/batch-94-replication-2.csv,null_statistics/batch-94-replication-2.npy,batch-f5-quadratic-residual-link,6755831390117386985,5551890669356716077,10927185111837167136,0.18044930003816262,,,batch-f5-quadratic-residual-link-20260824-001
F5-quadratic-residual-link,X1,X2,f5-quadratic-residual-link,94,3,0.33323802375137934,0.005,residual_samples/batch-94-replication-3.csv,null_statistics/batch-94-replication-3.npy,batch-f5-quadratic-residual-link,13268666980514028539,13187165592119199392,932047061554183286,0.18193359998986125,,,batch-f5-quadratic-residual-link-20260824-001
F5-quadratic-residual-link,X1,X2,f5-quadratic-residual-link,94,4,0.31495700111938024,0.005,residual_samples/batch-94-replication-4.csv,null_statistics/batch-94-replication-4.npy,batch-f5-quadratic-residual-link,14477582540519113036,9504393323489648978,459537078286133995,0.18266619998030365,,,batch-f5-quadratic-residual-link-20260824-001
F5-quadratic-residual-link,X1,X2,f5-quadratic-residual-link,94,5,0.3252120062340371,0.005,residual_samples/batch-94-replication-5.csv,null_statistics/batch-94-replication-5.npy,batch-f5-quadratic-residual-link,5237535441396945685,6089267785715051738,15292594045480166136,0.18175549997249618,,,batch-f5-quadratic-residual-link-20260824-001
F5-quadratic-residual-link,X1,X2,f5-quadratic-residual-link,94,6,0.31320211551715227,0.005,residual_samples/batch-94-replication-6.csv,null_statistics/batch-94-replication-6.npy,batch-f5-quadratic-residual-link,17958828518207961000,3879117740963039284,2838623353064485099,0.18228329997509718,,,batch-f5-quadratic-residual-link-20260824-001
F5-quadratic-residual-link,X1,X2,f5-quadratic-residual-link,94,7,0.3036657277408678,0.005,residual_samples/batch-94-replication-7.csv,null_statistics/batch-94-replication-7.npy,batch-f5-quadratic-residual-link,14619817704886010929,18377223879954964768,15040412150400277266,0.1817524000070989,,,batch-f5-quadratic-residual-link-20260824-001
F5-quadratic-residual-link,X1,X2,f5-quadratic-residual-link,94,8,0.3488577332806279,0.005,residual_samples/batch-94-replication-8.csv,null_statistics/batch-94-replication-8.npy,batch-f5-quadratic-residual-link,6788366074892816650,5079578176208101237,3711214719722724530,0.18355790001805872,,,batch-f5-quadratic-residual-link-20260824-001
F5-quadratic-residual-link,X1,X2,f5-quadratic-residual-link,94,9,0.31550607080274423,0.005,residual_samples/batch-94-replication-9.csv,null_statistics/batch-94-replication-9.npy,batch-f5-quadratic-residual-link,628924117226893529,3505419800292997429,13700376717481199112,0.1835709000006318,,,batch-f5-quadratic-residual-link-20260824-001
F5-quadratic-residual-link,X1,X2,f5-quadratic-residual-link,95,0,0.35668843158111374,0.005,residual_samples/batch-95-replication-0.csv,null_statistics/batch-95-replication-0.npy,batch-f5-quadratic-residual-link,1102608679326223413,17826153257683058319,3675210725441259405,0.18345079995924607,,,batch-f5-quadratic-residual-link-20260824-001
F5-quadratic-residual-link,X1,X2,f5-quadratic-residual-link,95,1,0.3266205103977501,0.005,residual_samples/batch-95-replication-1.csv,null_statistics/batch-95-replication-1.npy,batch-f5-quadratic-residual-link,6155044427949290154,18367579345467890400,12762467782724037176,0.17766889999620616,,,batch-f5-quadratic-residual-link-20260824-001
F5-quadratic-residual-link,X1,X2,f5-quadratic-residual-link,95,2,0.3264839327163803,0.005,residual_samples/batch-95-replication-2.csv,null_statistics/batch-95-replication-2.npy,batch-f5-quadratic-residual-link,1462749599729332194,12734448960713647315,17676575578905943507,0.18139489996246994,,,batch-f5-quadratic-residual-link-20260824-001
F5-quadratic-residual-link,X1,X2,f5-quadratic-residual-link,95,3,0.32832900574719054,0.005,residual_samples/batch-95-replication-3.csv,null_statistics/batch-95-replication-3.npy,batch-f5-quadratic-residual-link,17068176948369870549,8885713321166150815,2202035681488174098,0.18173660000320524,,,batch-f5-quadratic-residual-link-20260824-001
F5-quadratic-residual-link,X1,X2,f5-quadratic-residual-link,95,4,0.3364508272666209,0.005,residual_samples/batch-95-replication-4.csv,null_statistics/batch-95-replication-4.npy,batch-f5-quadratic-residual-link,11864600687506259294,3649681731313151127,13115149449679668605,0.17884010000852868,,,batch-f5-quadratic-residual-link-20260824-001
F5-quadratic-residual-link,X1,X2,f5-quadratic-residual-link,95,5,0.32164755798459965,0.005,residual_samples/batch-95-replication-5.csv,null_statistics/batch-95-replication-5.npy,batch-f5-quadratic-residual-link,15315404516375649586,10351294634269259898,4480747147248754891,0.18126689997734502,,,batch-f5-quadratic-residual-link-20260824-001
F5-quadratic-residual-link,X1,X2,f5-quadratic-residual-link,95,6,0.32278910050343573,0.005,residual_samples/batch-95-replication-6.csv,null_statistics/batch-95-replication-6.npy,batch-f5-quadratic-residual-link,10874615677703722143,4368501753592879017,4251198868806362908,0.18047930003376678,,,batch-f5-quadratic-residual-link-20260824-001
F5-quadratic-residual-link,X1,X2,f5-quadratic-residual-link,95,7,0.3110464384746954,0.005,residual_samples/batch-95-replication-7.csv,null_statistics/batch-95-replication-7.npy,batch-f5-quadratic-residual-link,3514457152433356569,10577579933827484084,17702036264072350569,0.1829344000434503,,,batch-f5-quadratic-residual-link-20260824-001
F5-quadratic-residual-link,X1,X2,f5-quadratic-residual-link,95,8,0.3082939593742071,0.005,residual_samples/batch-95-replication-8.csv,null_statistics/batch-95-replication-8.npy,batch-f5-quadratic-residual-link,8674242124589137060,8939396991475026056,11286312499640978776,0.18214530003024265,,,batch-f5-quadratic-residual-link-20260824-001
F5-quadratic-residual-link,X1,X2,f5-quadratic-residual-link,95,9,0.31399758024644,0.005,residual_samples/batch-95-replication-9.csv,null_statistics/batch-95-replication-9.npy,batch-f5-quadratic-residual-link,13262974834507014772,6854271230428248597,2183851780356669450,0.18075100000714883,,,batch-f5-quadratic-residual-link-20260824-001
F5-quadratic-residual-link,X1,X2,f5-quadratic-residual-link,96,0,0.32924354066938594,0.005,residual_samples/batch-96-replication-0.csv,null_statistics/batch-96-replication-0.npy,batch-f5-quadratic-residual-link,10611172306280134409,10724643460663989836,9904082640443774883,0.18163259996799752,,,batch-f5-quadratic-residual-link-20260824-001
F5-quadratic-residual-link,X1,X2,f5-quadratic-residual-link,96,1,0.313474112038053,0.005,residual_samples/batch-96-replication-1.csv,null_statistics/batch-96-replication-1.npy,batch-f5-quadratic-residual-link,7937696135396142630,17332226449941917323,2478438233664838220,0.18193059996701777,,,batch-f5-quadratic-residual-link-20260824-001
F5-quadratic-residual-link,X1,X2,f5-quadratic-residual-link,96,2,0.3329164846631464,0.005,residual_samples/batch-96-replication-2.csv,null_statistics/batch-96-replication-2.npy,batch-f5-quadratic-residual-link,5338505173864579953,9647021321261721324,1516474257704237733,0.17989500000840053,,,batch-f5-quadratic-residual-link-20260824-001
F5-quadratic-residual-link,X1,X2,f5-quadratic-residual-link,96,3,0.3317976804893481,0.005,residual_samples/batch-96-replication-3.csv,null_statistics/batch-96-replication-3.npy,batch-f5-quadratic-residual-link,9586814128147953947,6114169214566239081,4080146934685892042,0.18231659999582916,,,batch-f5-quadratic-residual-link-20260824-001
F5-quadratic-residual-link,X1,X2,f5-quadratic-residual-link,96,4,0.3348313682361054,0.005,residual_samples/batch-96-replication-4.csv,null_statistics/batch-96-replication-4.npy,batch-f5-quadratic-residual-link,4051559225906340107,1615349360683125957,3707063649065112194,0.1805455000139773,,,batch-f5-quadratic-residual-link-20260824-001
F5-quadratic-residual-link,X1,X2,f5-quadratic-residual-link,96,5,0.3321758781941804,0.005,residual_samples/batch-96-replication-5.csv,null_statistics/batch-96-replication-5.npy,batch-f5-quadratic-residual-link,5847430990911214462,10465819233472993975,11711600119759595455,0.1807381000253372,,,batch-f5-quadratic-residual-link-20260824-001
F5-quadratic-residual-link,X1,X2,f5-quadratic-residual-link,96,6,0.2944171882529929,0.005,residual_samples/batch-96-replication-6.csv,null_statistics/batch-96-replication-6.npy,batch-f5-quadratic-residual-link,18259605066033895049,4387139278115772210,2858534704077926784,0.18069239996839315,,,batch-f5-quadratic-residual-link-20260824-001
F5-quadratic-residual-link,X1,X2,f5-quadratic-residual-link,96,7,0.3201057575389015,0.005,residual_samples/batch-96-replication-7.csv,null_statistics/batch-96-replication-7.npy,batch-f5-quadratic-residual-link,9398068670787822804,17063589729524885831,15781453038688280152,0.1801584999775514,,,batch-f5-quadratic-residual-link-20260824-001
F5-quadratic-residual-link,X1,X2,f5-quadratic-residual-link,96,8,0.33076541452425035,0.005,residual_samples/batch-96-replication-8.csv,null_statistics/batch-96-replication-8.npy,batch-f5-quadratic-residual-link,1249106508688039470,5856895519212140633,17173783827385718634,0.18242570001166314,,,batch-f5-quadratic-residual-link-20260824-001
F5-quadratic-residual-link,X1,X2,f5-quadratic-residual-link,96,9,0.3068689717501589,0.005,residual_samples/batch-96-replication-9.csv,null_statistics/batch-96-replication-9.npy,batch-f5-quadratic-residual-link,18374090317605918185,13313031411076981826,6338075086005633660,0.18335170001955703,,,batch-f5-quadratic-residual-link-20260824-001
F5-quadratic-residual-link,X1,X2,f5-quadratic-residual-link,97,0,0.3354764898049058,0.005,residual_samples/batch-97-replication-0.csv,null_statistics/batch-97-replication-0.npy,batch-f5-quadratic-residual-link,3210597972725294576,6367753579678393645,15432470843469010258,0.18162180000217631,,,batch-f5-quadratic-residual-link-20260824-001
F5-quadratic-residual-link,X1,X2,f5-quadratic-residual-link,97,1,0.3373388130961602,0.005,residual_samples/batch-97-replication-1.csv,null_statistics/batch-97-replication-1.npy,batch-f5-quadratic-residual-link,17801627280734447009,15264583315302566432,5767976670939639277,0.1815610000048764,,,batch-f5-quadratic-residual-link-20260824-001
F5-quadratic-residual-link,X1,X2,f5-quadratic-residual-link,97,2,0.3239864175505856,0.005,residual_samples/batch-97-replication-2.csv,null_statistics/batch-97-replication-2.npy,batch-f5-quadratic-residual-link,4763057445634081740,238726745705977083,12930776308571905905,0.18365959997754544,,,batch-f5-quadratic-residual-link-20260824-001
F5-quadratic-residual-link,X1,X2,f5-quadratic-residual-link,97,3,0.29528136939476995,0.005,residual_samples/batch-97-replication-3.csv,null_statistics/batch-97-replication-3.npy,batch-f5-quadratic-residual-link,17283533144255517341,15418876205054054458,3034369659779353828,0.18119289999594912,,,batch-f5-quadratic-residual-link-20260824-001
F5-quadratic-residual-link,X1,X2,f5-quadratic-residual-link,97,4,0.2964577379133086,0.005,residual_samples/batch-97-replication-4.csv,null_statistics/batch-97-replication-4.npy,batch-f5-quadratic-residual-link,13088216220651836248,3973146942901038119,2219821318018829141,0.18051690002903342,,,batch-f5-quadratic-residual-link-20260824-001
F5-quadratic-residual-link,X1,X2,f5-quadratic-residual-link,97,5,0.340584224049626,0.005,residual_samples/batch-97-replication-5.csv,null_statistics/batch-97-replication-5.npy,batch-f5-quadratic-residual-link,13591201316299854153,10442089643175738767,1751725759017489992,0.1795937999850139,,,batch-f5-quadratic-residual-link-20260824-001
F5-quadratic-residual-link,X1,X2,f5-quadratic-residual-link,97,6,0.3010460737762433,0.005,residual_samples/batch-97-replication-6.csv,null_statistics/batch-97-replication-6.npy,batch-f5-quadratic-residual-link,5063490567835742262,10272985738456559652,8985476491545603903,0.18340929999249056,,,batch-f5-quadratic-residual-link-20260824-001
F5-quadratic-residual-link,X1,X2,f5-quadratic-residual-link,97,7,0.33807735790886917,0.005,residual_samples/batch-97-replication-7.csv,null_statistics/batch-97-replication-7.npy,batch-f5-quadratic-residual-link,16868437530159314551,9139457242672542701,3450742672878642528,0.18118769995635375,,,batch-f5-quadratic-residual-link-20260824-001
F5-quadratic-residual-link,X1,X2,f5-quadratic-residual-link,97,8,0.30014771594293616,0.005,residual_samples/batch-97-replication-8.csv,null_statistics/batch-97-replication-8.npy,batch-f5-quadratic-residual-link,14426277217983438084,6192742857205068559,13290053763983055879,0.18181239999830723,,,batch-f5-quadratic-residual-link-20260824-001
F5-quadratic-residual-link,X1,X2,f5-quadratic-residual-link,97,9,0.31330058583902054,0.005,residual_samples/batch-97-replication-9.csv,null_statistics/batch-97-replication-9.npy,batch-f5-quadratic-residual-link,17572749887901615426,18185065374492840011,13155411443545727338,0.18090849998407066,,,batch-f5-quadratic-residual-link-20260824-001
F5-quadratic-residual-link,X1,X2,f5-quadratic-residual-link,98,0,0.2972944952868852,0.005,residual_samples/batch-98-replication-0.csv,null_statistics/batch-98-replication-0.npy,batch-f5-quadratic-residual-link,3416606174127418845,14704873076191868210,17400850743377751741,0.18049060000339523,,,batch-f5-quadratic-residual-link-20260824-001
F5-quadratic-residual-link,X1,X2,f5-quadratic-residual-link,98,1,0.3236994425790953,0.005,residual_samples/batch-98-replication-1.csv,null_statistics/batch-98-replication-1.npy,batch-f5-quadratic-residual-link,7714087862048773711,14784194645983732787,6211055936577600839,0.18097069999203086,,,batch-f5-quadratic-residual-link-20260824-001
F5-quadratic-residual-link,X1,X2,f5-quadratic-residual-link,98,2,0.32526898568376633,0.005,residual_samples/batch-98-replication-2.csv,null_statistics/batch-98-replication-2.npy,batch-f5-quadratic-residual-link,7236402746431043815,2462260352501738797,4164135685967519728,0.17990879999706522,,,batch-f5-quadratic-residual-link-20260824-001
F5-quadratic-residual-link,X1,X2,f5-quadratic-residual-link,98,3,0.3090617539108193,0.005,residual_samples/batch-98-replication-3.csv,null_statistics/batch-98-replication-3.npy,batch-f5-quadratic-residual-link,2027923818852943847,12328414306469190854,3991017243044808213,0.18434049998177215,,,batch-f5-quadratic-residual-link-20260824-001
F5-quadratic-residual-link,X1,X2,f5-quadratic-residual-link,98,4,0.3281743585434024,0.005,residual_samples/batch-98-replication-4.csv,null_statistics/batch-98-replication-4.npy,batch-f5-quadratic-residual-link,598617848829086724,12802158474708655175,14853185367596278854,0.18081439996603876,,,batch-f5-quadratic-residual-link-20260824-001
F5-quadratic-residual-link,X1,X2,f5-quadratic-residual-link,98,5,0.3283589037117058,0.005,residual_samples/batch-98-replication-5.csv,null_statistics/batch-98-replication-5.npy,batch-f5-quadratic-residual-link,4049528918725701535,7865204850098640800,6816423700408260061,0.17909239995060489,,,batch-f5-quadratic-residual-link-20260824-001
F5-quadratic-residual-link,X1,X2,f5-quadratic-residual-link,98,6,0.32379775984832326,0.005,residual_samples/batch-98-replication-6.csv,null_statistics/batch-98-replication-6.npy,batch-f5-quadratic-residual-link,3538304724767835722,7068873900649579581,13141085466376699190,0.18044719996396452,,,batch-f5-quadratic-residual-link-20260824-001
F5-quadratic-residual-link,X1,X2,f5-quadratic-residual-link,98,7,0.33094594545025974,0.005,residual_samples/batch-98-replication-7.csv,null_statistics/batch-98-replication-7.npy,batch-f5-quadratic-residual-link,12021136484584273902,12951248731167426464,3975816570720426336,0.18051530001685023,,,batch-f5-quadratic-residual-link-20260824-001
F5-quadratic-residual-link,X1,X2,f5-quadratic-residual-link,98,8,0.3241625547271906,0.005,residual_samples/batch-98-replication-8.csv,null_statistics/batch-98-replication-8.npy,batch-f5-quadratic-residual-link,4779796865897435982,15920184918771046085,13377581621738085142,0.17998790001729503,,,batch-f5-quadratic-residual-link-20260824-001
F5-quadratic-residual-link,X1,X2,f5-quadratic-residual-link,98,9,0.3240774365648298,0.005,residual_samples/batch-98-replication-9.csv,null_statistics/batch-98-replication-9.npy,batch-f5-quadratic-residual-link,10267256359502467283,5117984083295987295,6687365827540859734,0.18254959996556863,,,batch-f5-quadratic-residual-link-20260824-001
F5-quadratic-residual-link,X1,X2,f5-quadratic-residual-link,99,0,0.3340078235186496,0.005,residual_samples/batch-99-replication-0.csv,null_statistics/batch-99-replication-0.npy,batch-f5-quadratic-residual-link,3155184141158658576,10309293938826238098,5607595385834876445,0.18089350004447624,,,batch-f5-quadratic-residual-link-20260824-001
F5-quadratic-residual-link,X1,X2,f5-quadratic-residual-link,99,1,0.30657958992221096,0.005,residual_samples/batch-99-replication-1.csv,null_statistics/batch-99-replication-1.npy,batch-f5-quadratic-residual-link,14193909464880227833,10791092933201574472,14228064930255411542,0.18146319995867088,,,batch-f5-quadratic-residual-link-20260824-001
F5-quadratic-residual-link,X1,X2,f5-quadratic-residual-link,99,2,0.31810773161634925,0.005,residual_samples/batch-99-replication-2.csv,null_statistics/batch-99-replication-2.npy,batch-f5-quadratic-residual-link,17509905470274981763,14144473123831102123,12174162321343237696,0.18443339999066666,,,batch-f5-quadratic-residual-link-20260824-001
F5-quadratic-residual-link,X1,X2,f5-quadratic-residual-link,99,3,0.29550714405191375,0.005,residual_samples/batch-99-replication-3.csv,null_statistics/batch-99-replication-3.npy,batch-f5-quadratic-residual-link,665220032644315997,9468527036061609391,13593299666530239658,0.18090020003728569,,,batch-f5-quadratic-residual-link-20260824-001
F5-quadratic-residual-link,X1,X2,f5-quadratic-residual-link,99,4,0.34336868123645703,0.005,residual_samples/batch-99-replication-4.csv,null_statistics/batch-99-replication-4.npy,batch-f5-quadratic-residual-link,2156336285587842288,6299422508566361466,13357724822190581961,0.18266890000086278,,,batch-f5-quadratic-residual-link-20260824-001
F5-quadratic-residual-link,X1,X2,f5-quadratic-residual-link,99,5,0.316994552191281,0.005,residual_samples/batch-99-replication-5.csv,null_statistics/batch-99-replication-5.npy,batch-f5-quadratic-residual-link,3188771028521657071,14803547462467536144,8029850568142609557,0.18072289996780455,,,batch-f5-quadratic-residual-link-20260824-001
F5-quadratic-residual-link,X1,X2,f5-quadratic-residual-link,99,6,0.3223095003198732,0.005,residual_samples/batch-99-replication-6.csv,null_statistics/batch-99-replication-6.npy,batch-f5-quadratic-residual-link,11536790935709862871,16101330167717180316,16703292295369176993,0.18018880003364757,,,batch-f5-quadratic-residual-link-20260824-001
F5-quadratic-residual-link,X1,X2,f5-quadratic-residual-link,99,7,0.29723315687870255,0.005,residual_samples/batch-99-replication-7.csv,null_statistics/batch-99-replication-7.npy,batch-f5-quadratic-residual-link,13902480930400274115,14849441835457309012,13026126194129524177,0.18122229998698458,,,batch-f5-quadratic-residual-link-20260824-001
F5-quadratic-residual-link,X1,X2,f5-quadratic-residual-link,99,8,0.29664950052281064,0.005,residual_samples/batch-99-replication-8.csv,null_statistics/batch-99-replication-8.npy,batch-f5-quadratic-residual-link,15749125759196295168,4947721166484313065,12194243286026624291,0.18359349999809638,,,batch-f5-quadratic-residual-link-20260824-001
F5-quadratic-residual-link,X1,X2,f5-quadratic-residual-link,99,9,0.3193657869162503,0.005,residual_samples/batch-99-replication-9.csv,null_statistics/batch-99-replication-9.npy,batch-f5-quadratic-residual-link,1892792502489868268,11042656489749743290,15071530412830193672,0.17860509996535257,,,batch-f5-quadratic-residual-link-20260824-001
