fixture_id,left,right,phase,batch,replication,observed_statistic,permutation_p_value,residual_samples_path,null_statistics_path,seed_namespace,fixture_seed,residual_seed,permutation_seed,elapsed_seconds,warnings,exception_text,run_id
F6,X1,X3,f6-null-transfer,0,0,0.05727620843360674,0.35,residual_samples/batch-0-replication-0.csv,null_statistics/batch-0-replication-0.npy,batch-f6-null-transfer,15131137179795206275,10035903436965215601,1174666571435192558,0.2053650000016205,,,batch-f6-null-transfer-20260824-001
F6,X1,X3,f6-null-transfer,0,1,0.05725655917967895,0.33,residual_samples/batch-0-replication-1.csv,null_statistics/batch-0-replication-1.npy,batch-f6-null-transfer,9421224046877311538,9207268651014934202,261638123000446908,0.18492109997896478,,,batch-f6-null-transfer-20260824-001
F6,X1,X3,f6-null-transfer,0,2,0.04933731740549993,0.625,residual_samples/batch-0-replication-2.csv,null_statistics/batch-0-replication-2.npy,batch-f6-null-transfer,17377308534590711749,18088698693654876646,12145579768584921971,0.18847150000510737,,,batch-f6-null-transfer-20260824-001
F6,X1,X3,f6-null-transfer,0,3,0.056875518417655806,0.42,residual_samples/batch-0-replication-3.csv,null_statistics/batch-0-replication-3.npy,batch-f6-null-transfer,6463013551006620130,4904119463053629943,16029352471561291544,0.1858743999619037,,,batch-f6-null-transfer-20260824-001
F6,X1,X3,f6-null-transfer,0,4,0.04322670937191414,0.915,residual_samples/batch-0-replication-4.csv,null_statistics/batch-0-replication-4.npy,batch-f6-null-transfer,8636880992459285342,14225204290458435611,16607073932463290832,0.18421249999664724,,,batch-f6-null-transfer-20260824-001
F6,X1,X3,f6-null-transfer,0,5,0.05543866168230693,0.4,residual_samples/batch-0-replication-5.csv,null_statistics/batch-0-replication-5.npy,batch-f6-null-transfer,7854867917594082688,17235270593208279704,11109619532815912751,0.1857746000168845,,,batch-f6-null-transfer-20260824-001
F6,X1,X3,f6-null-transfer,0,6,0.04303210409130516,0.93,residual_samples/batch-0-replication-6.csv,null_statistics/batch-0-replication-6.npy,batch-f6-null-transfer,6781306288093273302,2201408578881586991,16731508412078633654,0.19040040002437308,,,batch-f6-null-transfer-20260824-001
F6,X1,X3,f6-null-transfer,0,7,0.06199971785627209,0.235,residual_samples/batch-0-replication-7.csv,null_statistics/batch-0-replication-7.npy,batch-f6-null-transfer,4632325062599675926,14911579910845261084,17100940272895969962,0.18907259998377413,,,batch-f6-null-transfer-20260824-001
F6,X1,X3,f6-null-transfer,0,8,0.04021420102775145,0.945,residual_samples/batch-0-replication-8.csv,null_statistics/batch-0-replication-8.npy,batch-f6-null-transfer,6563448042727696143,1965004093412758916,4138359603998514223,0.18549120001262054,,,batch-f6-null-transfer-20260824-001
F6,X1,X3,f6-null-transfer,0,9,0.05241359433438753,0.555,residual_samples/batch-0-replication-9.csv,null_statistics/batch-0-replication-9.npy,batch-f6-null-transfer,19004116192142466,507412545993691843,11774508250159741460,0.18586379999760538,,,batch-f6-null-transfer-20260824-001
F6,X1,X3,f6-null-transfer,1,0,0.10386996260593225,0.005,residual_samples/batch-1-replication-0.csv,null_statistics/batch-1-replication-0.npy,batch-f6-null-transfer,13476539488259583441,16841021643719753404,11329393215483698000,0.18545319995610043,,,batch-f6-null-transfer-20260824-001
F6,X1,X3,f6-null-transfer,1,1,0.0480320517965093,0.685,residual_samples/batch-1-replication-1.csv,null_statistics/batch-1-replication-1.npy,batch-f6-null-transfer,621818083325070467,9151462947877350922,2830218325392757701,0.19683639996219426,,,batch-f6-null-transfer-20260824-001
F6,X1,X3,f6-null-transfer,1,2,0.05817538911589605,0.325,residual_samples/batch-1-replication-2.csv,null_statistics/batch-1-replication-2.npy,batch-f6-null-transfer,11165053259003512016,17521410847858786370,5355683790820225874,0.21974110003793612,,,batch-f6-null-transfer-20260824-001
F6,X1,X3,f6-null-transfer,1,3,0.04441851472351273,0.885,residual_samples/batch-1-replication-3.csv,null_statistics/batch-1-replication-3.npy,batch-f6-null-transfer,740721975334577902,18062746293303381138,18103876166079505704,0.18752159998985007,,,batch-f6-null-transfer-20260824-001
F6,X1,X3,f6-null-transfer,1,4,0.051187667663410485,0.585,residual_samples/batch-1-replication-4.csv,null_statistics/batch-1-replication-4.npy,batch-f6-null-transfer,9950986695338438118,4277740913113583421,4640464051335660150,0.187108599988278,,,batch-f6-null-transfer-20260824-001
F6,X1,X3,f6-null-transfer,1,5,0.0428351214885994,0.91,residual_samples/batch-1-replication-5.csv,null_statistics/batch-1-replication-5.npy,batch-f6-null-transfer,15305741095421949039,12385528224024619238,3536541855586242241,0.1841483000316657,,,batch-f6-null-transfer-20260824-001
F6,X1,X3,f6-null-transfer,1,6,0.057923911658130225,0.385,residual_samples/batch-1-replication-6.csv,null_statistics/batch-1-replication-6.npy,batch-f6-null-transfer,6321024325467845611,2868911020503113031,14246029524675636537,0.1846909000305459,,,batch-f6-null-transfer-20260824-001
F6,X1,X3,f6-null-transfer,1,7,0.052715891421100336,0.58,residual_samples/batch-1-replication-7.csv,null_statistics/batch-1-replication-7.npy,batch-f6-null-transfer,3119511838999174887,9705449594807745737,6508309586040440546,0.18615549994865432,,,batch-f6-null-transfer-20260824-001
F6,X1,X3,f6-null-transfer,1,8,0.05955967246569588,0.335,residual_samples/batch-1-replication-8.csv,null_statistics/batch-1-replication-8.npy,batch-f6-null-transfer,8092781249431609876,1410709879527883733,16049237314466265432,0.18638660002034158,,,batch-f6-null-transfer-20260824-001
F6,X1,X3,f6-null-transfer,1,9,0.036069329011556205,1.0,residual_samples/batch-1-replication-9.csv,null_statistics/batch-1-replication-9.npy,batch-f6-null-transfer,17489209360074720981,17841820472590144178,17935608457590379390,0.186663199972827,,,batch-f6-null-transfer-20260824-001
F6,X1,X3,f6-null-transfer,2,0,0.04903400261660603,0.77,residual_samples/batch-2-replication-0.csv,null_statistics/batch-2-replication-0.npy,batch-f6-null-transfer,11663725788825013445,16635068576122773869,17938545042332531524,0.1847577000153251,,,batch-f6-null-transfer-20260824-001
F6,X1,X3,f6-null-transfer,2,1,0.04807035781467939,0.755,residual_samples/batch-2-replication-1.csv,null_statistics/batch-2-replication-1.npy,batch-f6-null-transfer,2209749320247639947,18229166446661298698,6030222632375184637,0.18906079995213076,,,batch-f6-null-transfer-20260824-001
F6,X1,X3,f6-null-transfer,2,2,0.055611971678954694,0.38,residual_samples/batch-2-replication-2.csv,null_statistics/batch-2-replication-2.npy,batch-f6-null-transfer,2568096134499985943,5453447935805548034,14848790753800384367,0.1889579999842681,,,batch-f6-null-transfer-20260824-001
F6,X1,X3,f6-null-transfer,2,3,0.061136371737123725,0.225,residual_samples/batch-2-replication-3.csv,null_statistics/batch-2-replication-3.npy,batch-f6-null-transfer,12022380005453052235,123768795294106418,9210976309435126297,0.18599240004550666,,,batch-f6-null-transfer-20260824-001
F6,X1,X3,f6-null-transfer,2,4,0.04763784497567985,0.71,residual_samples/batch-2-replication-4.csv,null_statistics/batch-2-replication-4.npy,batch-f6-null-transfer,4446884497496426328,10867003611788185784,14435706403736446188,0.1891077000182122,,,batch-f6-null-transfer-20260824-001
F6,X1,X3,f6-null-transfer,2,5,0.06120369329644196,0.2,residual_samples/batch-2-replication-5.csv,null_statistics/batch-2-replication-5.npy,batch-f6-null-transfer,51142819643458813,16554011250447540706,813331648022004073,0.18632080004317686,,,batch-f6-null-transfer-20260824-001
F6,X1,X3,f6-null-transfer,2,6,0.04728929474725565,0.74,residual_samples/batch-2-replication-6.csv,null_statistics/batch-2-replication-6.npy,batch-f6-null-transfer,541868664430721402,88829527801362137,11658998532602182929,0.18480649997945875,,,batch-f6-null-transfer-20260824-001
F6,X1,X3,f6-null-transfer,2,7,0.04695934839690782,0.795,residual_samples/batch-2-replication-7.csv,null_statistics/batch-2-replication-7.npy,batch-f6-null-transfer,2071262062104169984,18298844908167706482,2178735927415909648,0.18754080001963302,,,batch-f6-null-transfer-20260824-001
F6,X1,X3,f6-null-transfer,2,8,0.06476246384735819,0.16,residual_samples/batch-2-replication-8.csv,null_statistics/batch-2-replication-8.npy,batch-f6-null-transfer,16869040022382464646,4387981504954149683,6407957930056328603,0.184811599960085,,,batch-f6-null-transfer-20260824-001
F6,X1,X3,f6-null-transfer,2,9,0.052943035033049125,0.46,residual_samples/batch-2-replication-9.csv,null_statistics/batch-2-replication-9.npy,batch-f6-null-transfer,9611893532903159472,3515637043866184041,6148305871784556441,0.187169199984055,,,batch-f6-null-transfer-20260824-001
F6,X1,X3,f6-null-transfer,3,0,0.043995176819966265,0.89,residual_samples/batch-3-replication-0.csv,null_statistics/batch-3-replication-0.npy,batch-f6-null-transfer,15507611952339951717,14698520906254972021,2623570664000311659,0.18753140000626445,,,batch-f6-null-transfer-20260824-001
F6,X1,X3,f6-null-transfer,3,1,0.06426869866110771,0.135,residual_samples/batch-3-replication-1.csv,null_statistics/batch-3-replication-1.npy,batch-f6-null-transfer,5113775195603642106,7764621498441940550,13920196451936504978,0.19038829999044538,,,batch-f6-null-transfer-20260824-001
F6,X1,X3,f6-null-transfer,3,2,0.053712673263047774,0.48,residual_samples/batch-3-replication-2.csv,null_statistics/batch-3-replication-2.npy,batch-f6-null-transfer,14074733838589269297,7076581956797548576,9601591340657192757,0.18985080003039911,,,batch-f6-null-transfer-20260824-001
F6,X1,X3,f6-null-transfer,3,3,0.07878591080334273,0.03,residual_samples/batch-3-replication-3.csv,null_statistics/batch-3-replication-3.npy,batch-f6-null-transfer,9661209016484813631,659578576239063150,4773962725523565140,0.18631630000891164,,,batch-f6-null-transfer-20260824-001
F6,X1,X3,f6-null-transfer,3,4,0.05165129415202214,0.635,residual_samples/batch-3-replication-4.csv,null_statistics/batch-3-replication-4.npy,batch-f6-null-transfer,15063736735094216427,12742674724290876514,13130200389846600639,0.18760179996024817,,,batch-f6-null-transfer-20260824-001
F6,X1,X3,f6-null-transfer,3,5,0.046403011244057046,0.805,residual_samples/batch-3-replication-5.csv,null_statistics/batch-3-replication-5.npy,batch-f6-null-transfer,41855534117758142,2129185662014626163,6943717407955015576,0.1875486000208184,,,batch-f6-null-transfer-20260824-001
F6,X1,X3,f6-null-transfer,3,6,0.0884253800035207,0.025,residual_samples/batch-3-replication-6.csv,null_statistics/batch-3-replication-6.npy,batch-f6-null-transfer,6730359698575704833,9219119182323595242,7591044794190601313,0.18608170002698898,,,batch-f6-null-transfer-20260824-001
F6,X1,X3,f6-null-transfer,3,7,0.04299715537941699,0.925,residual_samples/batch-3-replication-7.csv,null_statistics/batch-3-replication-7.npy,batch-f6-null-transfer,11960226100242378125,6964439430225003137,9052974420974199577,0.18667069997172803,,,batch-f6-null-transfer-20260824-001
F6,X1,X3,f6-null-transfer,3,8,0.06634121565570902,0.135,residual_samples/batch-3-replication-8.csv,null_statistics/batch-3-replication-8.npy,batch-f6-null-transfer,4314944571136352706,8577699158264651694,16727924074594096119,0.18787540000630543,,,batch-f6-null-transfer-20260824-001
F6,X1,X3,f6-null-transfer,3,9,0.07412105070993713,0.085,residual_samples/batch-3-replication-9.csv,null_statistics/batch-3-replication-9.npy,batch-f6-null-transfer,15045216549697518790,14788798507448623118,16912491127329382747,0.1866689000162296,,,batch-f6-null-transfer-20260824-001
F6,X1,X3,f6-null-transfer,4,0,0.04230872219476046,0.93,residual_samples/batch-4-replication-0.csv,null_statistics/batch-4-replication-0.npy,batch-f6-null-transfer,12787811049333949770,4359076073773096484,11135543929879073271,0.18731710000429302,,,batch-f6-null-transfer-20260824-001
F6,X1,X3,f6-null-transfer,4,1,0.06840689407455804,0.09,residual_samples/batch-4-replication-1.csv,null_statistics/batch-4-replication-1.npy,batch-f6-null-transfer,10041587217847519670,12262361463367613717,16762220073647387491,0.1891683000139892,,,batch-f6-null-transfer-20260824-001
F6,X1,X3,f6-null-transfer,4,2,0.07225876698112618,0.1,residual_samples/batch-4-replication-2.csv,null_statistics/batch-4-replication-2.npy,batch-f6-null-transfer,18354994209804637538,2235767045030156536,9134071754994427836,0.18639909999910742,,,batch-f6-null-transfer-20260824-001
F6,X1,X3,f6-null-transfer,4,3,0.04735298253843342,0.775,residual_samples/batch-4-replication-3.csv,null_statistics/batch-4-replication-3.npy,batch-f6-null-transfer,5792037510695853094,6793865128826574379,15019432736805177713,0.18847649998497218,,,batch-f6-null-transfer-20260824-001
F6,X1,X3,f6-null-transfer,4,4,0.04315394588585658,0.915,residual_samples/batch-4-replication-4.csv,null_statistics/batch-4-replication-4.npy,batch-f6-null-transfer,7941101403019031289,18421626999364948070,10329047265629820908,0.18662240001140162,,,batch-f6-null-transfer-20260824-001
F6,X1,X3,f6-null-transfer,4,5,0.05367065568968124,0.47,residual_samples/batch-4-replication-5.csv,null_statistics/batch-4-replication-5.npy,batch-f6-null-transfer,13032613685778398212,10621711135639411516,13914957649346928371,0.18874479999067262,,,batch-f6-null-transfer-20260824-001
F6,X1,X3,f6-null-transfer,4,6,0.04545332268593569,0.825,residual_samples/batch-4-replication-6.csv,null_statistics/batch-4-replication-6.npy,batch-f6-null-transfer,5383514105632132943,4259053077545090654,8098902479148623555,0.18764700001338497,,,batch-f6-null-transfer-20260824-001
F6,X1,X3,f6-null-transfer,4,7,0.049855412247245816,0.59,residual_samples/batch-4-replication-7.csv,null_statistics/batch-4-replication-7.npy,batch-f6-null-transfer,10495484515116306604,13663585634659518313,3919359623973859084,0.18589399999473244,,,batch-f6-null-transfer-20260824-001
F6,X1,X3,f6-null-transfer,4,8,0.06710086542315932,0.105,residual_samples/batch-4-replication-8.csv,null_statistics/batch-4-replication-8.npy,batch-f6-null-transfer,9893866135730233159,10676652664036038879,5639670362662883734,0.18747180001810193,,,batch-f6-null-transfer-20260824-001
F6,X1,X3,f6-null-transfer,4,9,0.05579677002507522,0.395,residual_samples/batch-4-replication-9.csv,null_statistics/batch-4-replication-9.npy,batch-f6-null-transfer,12428522295592715819,1328163466639019377,13024881831798258445,0.18597639998188242,,,batch-f6-null-transfer-20260824-001
F6,X1,X3,f6-null-transfer,5,0,0.06484254842046216,0.17,residual_samples/batch-5-replication-0.csv,null_statistics/batch-5-replication-0.npy,batch-f6-null-transfer,2390751670817850735,16324435893069188497,17459186303432040444,0.18558549997396767,,,batch-f6-null-transfer-20260824-001
F6,X1,X3,f6-null-transfer,5,1,0.04373628470246448,0.865,residual_samples/batch-5-replication-1.csv,null_statistics/batch-5-replication-1.npy,batch-f6-null-transfer,6192830647591445925,14736177429271295319,14597877342139586182,0.18837600003462285,,,batch-f6-null-transfer-20260824-001
F6,X1,X3,f6-null-transfer,5,2,0.03803928755060845,0.995,residual_samples/batch-5-replication-2.csv,null_statistics/batch-5-replication-2.npy,batch-f6-null-transfer,17068599939180209386,2444966720292174759,10488847985226208533,0.18968190002487972,,,batch-f6-null-transfer-20260824-001
F6,X1,X3,f6-null-transfer,5,3,0.05806987783314871,0.325,residual_samples/batch-5-replication-3.csv,null_statistics/batch-5-replication-3.npy,batch-f6-null-transfer,10887026766890732282,8272521526832261636,5900505623417666566,0.186904699949082,,,batch-f6-null-transfer-20260824-001
F6,X1,X3,f6-null-transfer,5,4,0.05857483748594495,0.34,residual_samples/batch-5-replication-4.csv,null_statistics/batch-5-replication-4.npy,batch-f6-null-transfer,15711421599179919606,6327747195468523944,3639516917524730791,0.18745799997122958,,,batch-f6-null-transfer-20260824-001
F6,X1,X3,f6-null-transfer,5,5,0.04881954538226451,0.71,residual_samples/batch-5-replication-5.csv,null_statistics/batch-5-replication-5.npy,batch-f6-null-transfer,13266525605315254082,9734628914429689017,4083795699055170614,0.1862793000182137,,,batch-f6-null-transfer-20260824-001
F6,X1,X3,f6-null-transfer,5,6,0.0834743954567279,0.02,residual_samples/batch-5-replication-6.csv,null_statistics/batch-5-replication-6.npy,batch-f6-null-transfer,14193873066796941933,16523610005499300529,16203034498551453723,0.19032319996040314,,,batch-f6-null-transfer-20260824-001
F6,X1,X3,f6-null-transfer,5,7,0.07306791524008319,0.09,residual_samples/batch-5-replication-7.csv,null_statistics/batch-5-replication-7.npy,batch-f6-null-transfer,1043518487735133731,2313843274317321179,407333084201497976,0.18500469997525215,,,batch-f6-null-transfer-20260824-001
F6,X1,X3,f6-null-transfer,5,8,0.04357014568319324,0.86,residual_samples/batch-5-replication-8.csv,null_statistics/batch-5-replication-8.npy,batch-f6-null-transfer,4019776675624141253,8687889533999571938,7205358624056752086,0.18513769999844953,,,batch-f6-null-transfer-20260824-001
F6,X1,X3,f6-null-transfer,5,9,0.07440886536182435,0.055,residual_samples/batch-5-replication-9.csv,null_statistics/batch-5-replication-9.npy,batch-f6-null-transfer,7277097926066146032,759369168294678507,15227858947289784243,0.1869680000236258,,,batch-f6-null-transfer-20260824-001
F6,X1,X3,f6-null-transfer,6,0,0.05928433648561912,0.285,residual_samples/batch-6-replication-0.csv,null_statistics/batch-6-replication-0.npy,batch-f6-null-transfer,7377253808709624646,10050944170448909199,5131734620771173941,0.18855220003752038,,,batch-f6-null-transfer-20260824-001
F6,X1,X3,f6-null-transfer,6,1,0.05674974448480727,0.37,residual_samples/batch-6-replication-1.csv,null_statistics/batch-6-replication-1.npy,batch-f6-null-transfer,505667073301716494,12139935285490728487,16392217680220385151,0.1869705999852158,,,batch-f6-null-transfer-20260824-001
F6,X1,X3,f6-null-transfer,6,2,0.05453820307325458,0.51,residual_samples/batch-6-replication-2.csv,null_statistics/batch-6-replication-2.npy,batch-f6-null-transfer,12270618156721351023,7751758207171567409,1216015785063541419,0.18884419999085367,,,batch-f6-null-transfer-20260824-001
F6,X1,X3,f6-null-transfer,6,3,0.037429176679508284,0.99,residual_samples/batch-6-replication-3.csv,null_statistics/batch-6-replication-3.npy,batch-f6-null-transfer,13315534475275142175,1075759265012300854,9245018912767023154,0.18841070000780746,,,batch-f6-null-transfer-20260824-001
F6,X1,X3,f6-null-transfer,6,4,0.05284017032690201,0.57,residual_samples/batch-6-replication-4.csv,null_statistics/batch-6-replication-4.npy,batch-f6-null-transfer,10886909558365072873,5604918391832515147,4558332889240520289,0.18916029995307326,,,batch-f6-null-transfer-20260824-001
F6,X1,X3,f6-null-transfer,6,5,0.04981264034154823,0.645,residual_samples/batch-6-replication-5.csv,null_statistics/batch-6-replication-5.npy,batch-f6-null-transfer,6185523716029813889,11272636535173716129,9954264357545837162,0.18700129998615012,,,batch-f6-null-transfer-20260824-001
F6,X1,X3,f6-null-transfer,6,6,0.04954739109900526,0.68,residual_samples/batch-6-replication-6.csv,null_statistics/batch-6-replication-6.npy,batch-f6-null-transfer,15477982039298842870,2589686698132345377,15845999285774764063,0.18714059999911115,,,batch-f6-null-transfer-20260824-001
F6,X1,X3,f6-null-transfer,6,7,0.0733393865791209,0.06,residual_samples/batch-6-replication-7.csv,null_statistics/batch-6-replication-7.npy,batch-f6-null-transfer,4652094232645258050,18098611602908786931,15097025162649937323,0.18716729996958748,,,batch-f6-null-transfer-20260824-001
F6,X1,X3,f6-null-transfer,6,8,0.054371408614299316,0.425,residual_samples/batch-6-replication-8.csv,null_statistics/batch-6-replication-8.npy,batch-f6-null-transfer,18007306988242907845,7441022164473729652,3601251671759750275,0.18634799995925277,,,batch-f6-null-transfer-20260824-001
F6,X1,X3,f6-null-transfer,6,9,0.0570228669139756,0.365,residual_samples/batch-6-replication-9.csv,null_statistics/batch-6-replication-9.npy,batch-f6-null-transfer,10486899631387257431,15910630847820666349,15944313136700767701,0.18690129998140037,,,batch-f6-null-transfer-20260824-001
F6,X1,X3,f6-null-transfer,7,0,0.05954587054542044,0.225,residual_samples/batch-7-replication-0.csv,null_statistics/batch-7-replication-0.npy,batch-f6-null-transfer,12942066648591876842,15462930788619036613,16180790823697415146,0.18638329999521375,,,batch-f6-null-transfer-20260824-001
F6,X1,X3,f6-null-transfer,7,1,0.04937473460842943,0.67,residual_samples/batch-7-replication-1.csv,null_statistics/batch-7-replication-1.npy,batch-f6-null-transfer,11952715184776146559,2941970804484411088,14551616300215082019,0.1874808000284247,,,batch-f6-null-transfer-20260824-001
F6,X1,X3,f6-null-transfer,7,2,0.052112978331416926,0.555,residual_samples/batch-7-replication-2.csv,null_statistics/batch-7-replication-2.npy,batch-f6-null-transfer,4696015508689510942,16954516815022441733,16319911718060079881,0.18916880001779646,,,batch-f6-null-transfer-20260824-001
F6,X1,X3,f6-null-transfer,7,3,0.045417346439898434,0.84,residual_samples/batch-7-replication-3.csv,null_statistics/batch-7-replication-3.npy,batch-f6-null-transfer,12945209430052077192,5239098679270753977,8981994928952328293,0.1902053999947384,,,batch-f6-null-transfer-20260824-001
F6,X1,X3,f6-null-transfer,7,4,0.0515378044040498,0.635,residual_samples/batch-7-replication-4.csv,null_statistics/batch-7-replication-4.npy,batch-f6-null-transfer,14839094027820825826,11459436475239456190,5505242784801115495,0.18536250002216548,,,batch-f6-null-transfer-20260824-001
F6,X1,X3,f6-null-transfer,7,5,0.048690784997008844,0.69,residual_samples/batch-7-replication-5.csv,null_statistics/batch-7-replication-5.npy,batch-f6-null-transfer,18164128104997828750,7930607048513848990,16494354594919352261,0.18634060001932085,,,batch-f6-null-transfer-20260824-001
F6,X1,X3,f6-null-transfer,7,6,0.05312896893797659,0.55,residual_samples/batch-7-replication-6.csv,null_statistics/batch-7-replication-6.npy,batch-f6-null-transfer,11482879530902147665,9955394861605423774,431414251528573743,0.18559649999951944,,,batch-f6-null-transfer-20260824-001
F6,X1,X3,f6-null-transfer,7,7,0.050633511042614675,0.575,residual_samples/batch-7-replication-7.csv,null_statistics/batch-7-replication-7.npy,batch-f6-null-transfer,925979609768407628,8952053992876869337,16561845739724644092,0.18646729999454692,,,batch-f6-null-transfer-20260824-001
F6,X1,X3,f6-null-transfer,7,8,0.05051839099369592,0.63,residual_samples/batch-7-replication-8.csv,null_statistics/batch-7-replication-8.npy,batch-f6-null-transfer,7429795107389553495,7384000001198061463,3012254567494189691,0.18739860004279763,,,batch-f6-null-transfer-20260824-001
F6,X1,X3,f6-null-transfer,7,9,0.04817481617354758,0.71,residual_samples/batch-7-replication-9.csv,null_statistics/batch-7-replication-9.npy,batch-f6-null-transfer,8184093627541288382,13140001492909174900,15892551857136208099,0.1835669000283815,,,batch-f6-null-transfer-20260824-001
F6,X1,X3,f6-null-transfer,8,0,0.04092406740316274,0.96,residual_samples/batch-8-replication-0.csv,null_statistics/batch-8-replication-0.npy,batch-f6-null-transfer,16645267161384896064,10200689412025211673,8700878860682018109,0.18741159996716306,,,batch-f6-null-transfer-20260824-001
F6,X1,X3,f6-null-transfer,8,1,0.06916378446240416,0.085,residual_samples/batch-8-replication-1.csv,null_statistics/batch-8-replication-1.npy,batch-f6-null-transfer,15473358505984622047,11412731157950588730,2608734731477781536,0.1874668999807909,,,batch-f6-null-transfer-20260824-001
F6,X1,X3,f6-null-transfer,8,2,0.043638058154020186,0.885,residual_samples/batch-8-replication-2.csv,null_statistics/batch-8-replication-2.npy,batch-f6-null-transfer,4787664290923684424,15021235176186801741,9173894741443516378,0.18568759999470785,,,batch-f6-null-transfer-20260824-001
F6,X1,X3,f6-null-transfer,8,3,0.04627352617283813,0.735,residual_samples/batch-8-replication-3.csv,null_statistics/batch-8-replication-3.npy,batch-f6-null-transfer,15812852821293045929,500210891837705667,13795365521367926509,0.18703149998327717,,,batch-f6-null-transfer-20260824-001
F6,X1,X3,f6-null-transfer,8,4,0.05293843517206125,0.5,residual_samples/batch-8-replication-4.csv,null_statistics/batch-8-replication-4.npy,batch-f6-null-transfer,17720044255514012260,8983105522710997398,971791082282874612,0.1844470999785699,,,batch-f6-null-transfer-20260824-001
F6,X1,X3,f6-null-transfer,8,5,0.04730753655428751,0.75,residual_samples/batch-8-replication-5.csv,null_statistics/batch-8-replication-5.npy,batch-f6-null-transfer,7890702671880071434,2364189155828647809,985657383886458959,0.18680740002309904,,,batch-f6-null-transfer-20260824-001
F6,X1,X3,f6-null-transfer,8,6,0.07429196375150711,0.085,residual_samples/batch-8-replication-6.csv,null_statistics/batch-8-replication-6.npy,batch-f6-null-transfer,18052600899920974470,9810252512288155078,17292954530002149189,0.18551390001084656,,,batch-f6-null-transfer-20260824-001
F6,X1,X3,f6-null-transfer,8,7,0.07270971542566342,0.1,residual_samples/batch-8-replication-7.csv,null_statistics/batch-8-replication-7.npy,batch-f6-null-transfer,2583981416984007982,14367369077049936755,14194156643608064161,0.18394010001793504,,,batch-f6-null-transfer-20260824-001
F6,X1,X3,f6-null-transfer,8,8,0.040883011928204475,0.95,residual_samples/batch-8-replication-8.csv,null_statistics/batch-8-replication-8.npy,batch-f6-null-transfer,9929373469679273219,10322584466398839814,16062098592403469307,0.18799899995792657,,,batch-f6-null-transfer-20260824-001
F6,X1,X3,f6-null-transfer,8,9,0.05058615351409939,0.57,residual_samples/batch-8-replication-9.csv,null_statistics/batch-8-replication-9.npy,batch-f6-null-transfer,6254997924326836484,9922044687928484864,13474842431606586612,0.1864060999942012,,,batch-f6-null-transfer-20260824-001
F6,X1,X3,f6-null-transfer,9,0,0.04211673104424568,0.925,residual_samples/batch-9-replication-0.csv,null_statistics/batch-9-replication-0.npy,batch-f6-null-transfer,17476643201985027745,17928394225425855287,4231779721118043277,0.1851363999885507,,,batch-f6-null-transfer-20260824-001
F6,X1,X3,f6-null-transfer,9,1,0.059844540524085804,0.205,residual_samples/batch-9-replication-1.csv,null_statistics/batch-9-replication-1.npy,batch-f6-null-transfer,9868336715263854852,10192655531963692636,6663151590232254213,0.18630529998335987,,,batch-f6-null-transfer-20260824-001
F6,X1,X3,f6-null-transfer,9,2,0.05577251479252721,0.37,residual_samples/batch-9-replication-2.csv,null_statistics/batch-9-replication-2.npy,batch-f6-null-transfer,10091023544227417401,10157366838721594646,10915865793033862748,0.1854029000387527,,,batch-f6-null-transfer-20260824-001
F6,X1,X3,f6-null-transfer,9,3,0.050188940399693495,0.645,residual_samples/batch-9-replication-3.csv,null_statistics/batch-9-replication-3.npy,batch-f6-null-transfer,15272786175027363021,8916875327062041685,3695114685735524867,0.18802729999879375,,,batch-f6-null-transfer-20260824-001
F6,X1,X3,f6-null-transfer,9,4,0.07836271564210592,0.05,residual_samples/batch-9-replication-4.csv,null_statistics/batch-9-replication-4.npy,batch-f6-null-transfer,13190022002320406677,7282970987560683103,2736986595095421738,0.1871787999989465,,,batch-f6-null-transfer-20260824-001
F6,X1,X3,f6-null-transfer,9,5,0.05321845084865951,0.545,residual_samples/batch-9-replication-5.csv,null_statistics/batch-9-replication-5.npy,batch-f6-null-transfer,14796929532283022605,100859093872379020,17497367061272339510,0.18558029999257997,,,batch-f6-null-transfer-20260824-001
F6,X1,X3,f6-null-transfer,9,6,0.06819588193788914,0.135,residual_samples/batch-9-replication-6.csv,null_statistics/batch-9-replication-6.npy,batch-f6-null-transfer,17568075509029777550,6107346217443388141,13128649528840641642,0.18691849999595433,,,batch-f6-null-transfer-20260824-001
F6,X1,X3,f6-null-transfer,9,7,0.04851813063514792,0.675,residual_samples/batch-9-replication-7.csv,null_statistics/batch-9-replication-7.npy,batch-f6-null-transfer,3145813135318970853,10658250953265987759,14931301866611689395,0.1859682000358589,,,batch-f6-null-transfer-20260824-001
F6,X1,X3,f6-null-transfer,9,8,0.04737864595237023,0.715,residual_samples/batch-9-replication-8.csv,null_statistics/batch-9-replication-8.npy,batch-f6-null-transfer,1880234646222133664,13897671709717365938,16485393866578420031,0.18382609996479005,,,batch-f6-null-transfer-20260824-001
F6,X1,X3,f6-null-transfer,9,9,0.07227928744316876,0.06,residual_samples/batch-9-replication-9.csv,null_statistics/batch-9-replication-9.npy,batch-f6-null-transfer,2564950036435296557,17407769942523042214,16376918927232683256,0.1882381000323221,,,batch-f6-null-transfer-20260824-001
F6,X1,X3,f6-null-transfer,10,0,0.06099199817873159,0.24,residual_samples/batch-10-replication-0.csv,null_statistics/batch-10-replication-0.npy,batch-f6-null-transfer,1172875267289238509,3584903417554065939,4498879944560176125,0.18670779996318743,,,batch-f6-null-transfer-20260824-001
F6,X1,X3,f6-null-transfer,10,1,0.04888044051589934,0.745,residual_samples/batch-10-replication-1.csv,null_statistics/batch-10-replication-1.npy,batch-f6-null-transfer,3342530943684791339,16221100726048826352,181771351445941699,0.18727940000826493,,,batch-f6-null-transfer-20260824-001
F6,X1,X3,f6-null-transfer,10,2,0.04731229724022676,0.765,residual_samples/batch-10-replication-2.csv,null_statistics/batch-10-replication-2.npy,batch-f6-null-transfer,11696974632176546247,15731257722427072180,9109720490612132879,0.18731889995979145,,,batch-f6-null-transfer-20260824-001
F6,X1,X3,f6-null-transfer,10,3,0.04447661296340463,0.865,residual_samples/batch-10-replication-3.csv,null_statistics/batch-10-replication-3.npy,batch-f6-null-transfer,4094573357783396435,7395708920240261001,6339580175724698795,0.18590729997958988,,,batch-f6-null-transfer-20260824-001
F6,X1,X3,f6-null-transfer,10,4,0.04406669637423581,0.875,residual_samples/batch-10-replication-4.csv,null_statistics/batch-10-replication-4.npy,batch-f6-null-transfer,1652997798024667289,10195444855718115324,11868804663654889727,0.1854835999547504,,,batch-f6-null-transfer-20260824-001
F6,X1,X3,f6-null-transfer,10,5,0.05661298396895738,0.42,residual_samples/batch-10-replication-5.csv,null_statistics/batch-10-replication-5.npy,batch-f6-null-transfer,6011213333561310318,12467073500939919285,16557863801225370020,0.18827790004434064,,,batch-f6-null-transfer-20260824-001
F6,X1,X3,f6-null-transfer,10,6,0.06440143685571313,0.255,residual_samples/batch-10-replication-6.csv,null_statistics/batch-10-replication-6.npy,batch-f6-null-transfer,3558898398029901925,721710557302987038,618278403326834636,0.1868615000275895,,,batch-f6-null-transfer-20260824-001
F6,X1,X3,f6-null-transfer,10,7,0.04389001378554218,0.92,residual_samples/batch-10-replication-7.csv,null_statistics/batch-10-replication-7.npy,batch-f6-null-transfer,17837668485669401404,17257793044896798241,2855164271917510758,0.18599769996944815,,,batch-f6-null-transfer-20260824-001
F6,X1,X3,f6-null-transfer,10,8,0.05606016806291304,0.355,residual_samples/batch-10-replication-8.csv,null_statistics/batch-10-replication-8.npy,batch-f6-null-transfer,12346688526925928215,4653903062470834689,2751906857995927191,0.18761520000407472,,,batch-f6-null-transfer-20260824-001
F6,X1,X3,f6-null-transfer,10,9,0.05627095581706625,0.42,residual_samples/batch-10-replication-9.csv,null_statistics/batch-10-replication-9.npy,batch-f6-null-transfer,6475251023457722139,6033302400657746951,3350167454641881489,0.18470079998951405,,,batch-f6-null-transfer-20260824-001
F6,X1,X3,f6-null-transfer,11,0,0.07564455178963451,0.085,residual_samples/batch-11-replication-0.csv,null_statistics/batch-11-replication-0.npy,batch-f6-null-transfer,5665765584794431651,7573828920519584398,13062043465466400532,0.18631730001652613,,,batch-f6-null-transfer-20260824-001
F6,X1,X3,f6-null-transfer,11,1,0.05300072810488326,0.5,residual_samples/batch-11-replication-1.csv,null_statistics/batch-11-replication-1.npy,batch-f6-null-transfer,13498769949663304714,1243544577130015681,10286601690132866062,0.18456089997198433,,,batch-f6-null-transfer-20260824-001
F6,X1,X3,f6-null-transfer,11,2,0.052539509822938056,0.53,residual_samples/batch-11-replication-2.csv,null_statistics/batch-11-replication-2.npy,batch-f6-null-transfer,9789297294800554093,3957631515479142937,15627824961840136695,0.18750530004035681,,,batch-f6-null-transfer-20260824-001
F6,X1,X3,f6-null-transfer,11,3,0.054414746951046505,0.47,residual_samples/batch-11-replication-3.csv,null_statistics/batch-11-replication-3.npy,batch-f6-null-transfer,6061790296994167699,11052214168930662545,16226585099894867371,0.18709269998362288,,,batch-f6-null-transfer-20260824-001
F6,X1,X3,f6-null-transfer,11,4,0.0428561144254371,0.89,residual_samples/batch-11-replication-4.csv,null_statistics/batch-11-replication-4.npy,batch-f6-null-transfer,1095843748511355021,14062240204701892869,8228985155820564601,0.1842313000233844,,,batch-f6-null-transfer-20260824-001
F6,X1,X3,f6-null-transfer,11,5,0.04188986000830003,0.93,residual_samples/batch-11-replication-5.csv,null_statistics/batch-11-replication-5.npy,batch-f6-null-transfer,15702207175749129101,12875644883491981278,4698245156859040763,0.1875566000235267,,,batch-f6-null-transfer-20260824-001
F6,X1,X3,f6-null-transfer,11,6,0.04372958198735756,0.9,residual_samples/batch-11-replication-6.csv,null_statistics/batch-11-replication-6.npy,batch-f6-null-transfer,411159832740600610,17055048136067581931,4898356675135332571,0.18585129996063188,,,batch-f6-null-transfer-20260824-001
F6,X1,X3,f6-null-transfer,11,7,0.08065115392010125,0.025,residual_samples/batch-11-replication-7.csv,null_statistics/batch-11-replication-7.npy,batch-f6-null-transfer,10010493614299398198,6337361342306720680,5664134792103707724,0.1909756000386551,,,batch-f6-null-transfer-20260824-001
F6,X1,X3,f6-null-transfer,11,8,0.054900606168984394,0.44,residual_samples/batch-11-replication-8.csv,null_statistics/batch-11-replication-8.npy,batch-f6-null-transfer,1115303015634588913,16892354277532299410,14031735134215880714,0.18780359998345375,,,batch-f6-null-transfer-20260824-001
F6,X1,X3,f6-null-transfer,11,9,0.05319239203303788,0.525,residual_samples/batch-11-replication-9.csv,null_statistics/batch-11-replication-9.npy,batch-f6-null-transfer,781905604889992227,12578402315556858715,15162431276583631564,0.18488479999359697,,,batch-f6-null-transfer-20260824-001
F6,X1,X3,f6-null-transfer,12,0,0.05603566509226148,0.45,residual_samples/batch-12-replication-0.csv,null_statistics/batch-12-replication-0.npy,batch-f6-null-transfer,9680060586828351253,16959942602285909023,3211064918605256026,0.18576819996815175,,,batch-f6-null-transfer-20260824-001
F6,X1,X3,f6-null-transfer,12,1,0.05675364845331975,0.31,residual_samples/batch-12-replication-1.csv,null_statistics/batch-12-replication-1.npy,batch-f6-null-transfer,14807582629576111347,9504222623185695139,15499958988688617843,0.1874072999926284,,,batch-f6-null-transfer-20260824-001
F6,X1,X3,f6-null-transfer,12,2,0.04488254887115721,0.84,residual_samples/batch-12-replication-2.csv,null_statistics/batch-12-replication-2.npy,batch-f6-null-transfer,9599310258384545370,2072751597761191234,2985368761267450560,0.1857937999884598,,,batch-f6-null-transfer-20260824-001
F6,X1,X3,f6-null-transfer,12,3,0.05593705451515343,0.44,residual_samples/batch-12-replication-3.csv,null_statistics/batch-12-replication-3.npy,batch-f6-null-transfer,13571455036552804700,14101475825703514326,14173035189879990119,0.18753199995262548,,,batch-f6-null-transfer-20260824-001
F6,X1,X3,f6-null-transfer,12,4,0.07565917083927186,0.06,residual_samples/batch-12-replication-4.csv,null_statistics/batch-12-replication-4.npy,batch-f6-null-transfer,11450164438634433586,7322089516193786415,4042463657441329484,0.22011779999593273,,,batch-f6-null-transfer-20260824-001
F6,X1,X3,f6-null-transfer,12,5,0.07898842993573967,0.045,residual_samples/batch-12-replication-5.csv,null_statistics/batch-12-replication-5.npy,batch-f6-null-transfer,5376409669451087778,14903631634547555840,10580250671451347858,0.1882838000310585,,,batch-f6-null-transfer-20260824-001
F6,X1,X3,f6-null-transfer,12,6,0.08634458576537339,0.025,residual_samples/batch-12-replication-6.csv,null_statistics/batch-12-replication-6.npy,batch-f6-null-transfer,17155833359187135442,6152766309681505015,7495380363270750962,0.18564029998378828,,,batch-f6-null-transfer-20260824-001
F6,X1,X3,f6-null-transfer,12,7,0.05173503484598088,0.51,residual_samples/batch-12-replication-7.csv,null_statistics/batch-12-replication-7.npy,batch-f6-null-transfer,5697325899660379326,10455312452940438503,13740588998453796658,0.18468020000727847,,,batch-f6-null-transfer-20260824-001
F6,X1,X3,f6-null-transfer,12,8,0.04917898166018208,0.7,residual_samples/batch-12-replication-8.csv,null_statistics/batch-12-replication-8.npy,batch-f6-null-transfer,10709340652395535118,5642219860968818728,8763332882398469155,0.19183929997961968,,,batch-f6-null-transfer-20260824-001
F6,X1,X3,f6-null-transfer,12,9,0.039755177047706085,0.965,residual_samples/batch-12-replication-9.csv,null_statistics/batch-12-replication-9.npy,batch-f6-null-transfer,13338874067874190663,7126448597452353821,17140547443991269336,0.18671339994762093,,,batch-f6-null-transfer-20260824-001
F6,X1,X3,f6-null-transfer,13,0,0.049815527574165006,0.64,residual_samples/batch-13-replication-0.csv,null_statistics/batch-13-replication-0.npy,batch-f6-null-transfer,14486075227216477058,16869200779919594434,18390896745591243377,0.18357030005427077,,,batch-f6-null-transfer-20260824-001
F6,X1,X3,f6-null-transfer,13,1,0.04372853833617896,0.89,residual_samples/batch-13-replication-1.csv,null_statistics/batch-13-replication-1.npy,batch-f6-null-transfer,2324995928293715210,15802604909444960427,9252438916815296295,0.18806720001157373,,,batch-f6-null-transfer-20260824-001
F6,X1,X3,f6-null-transfer,13,2,0.05664443696050714,0.365,residual_samples/batch-13-replication-2.csv,null_statistics/batch-13-replication-2.npy,batch-f6-null-transfer,9032133321465757132,16509759065110985005,7614083532355077461,0.18486149999080226,,,batch-f6-null-transfer-20260824-001
F6,X1,X3,f6-null-transfer,13,3,0.043183924488764805,0.895,residual_samples/batch-13-replication-3.csv,null_statistics/batch-13-replication-3.npy,batch-f6-null-transfer,17098157710961223599,1095893998475222401,7938233401760073608,0.18449979997240007,,,batch-f6-null-transfer-20260824-001
F6,X1,X3,f6-null-transfer,13,4,0.04142081233603261,0.95,residual_samples/batch-13-replication-4.csv,null_statistics/batch-13-replication-4.npy,batch-f6-null-transfer,10375496599440648281,17015777066509489465,17666967787503122612,0.18849820003379136,,,batch-f6-null-transfer-20260824-001
F6,X1,X3,f6-null-transfer,13,5,0.059215958025808035,0.34,residual_samples/batch-13-replication-5.csv,null_statistics/batch-13-replication-5.npy,batch-f6-null-transfer,14276418062448494020,2773791520232714396,14322946870303104536,0.1850972999818623,,,batch-f6-null-transfer-20260824-001
F6,X1,X3,f6-null-transfer,13,6,0.059645253589375696,0.325,residual_samples/batch-13-replication-6.csv,null_statistics/batch-13-replication-6.npy,batch-f6-null-transfer,12163079612103370872,13544420338658624310,17154941701088694956,0.18418710003606975,,,batch-f6-null-transfer-20260824-001
F6,X1,X3,f6-null-transfer,13,7,0.04799962623746938,0.74,residual_samples/batch-13-replication-7.csv,null_statistics/batch-13-replication-7.npy,batch-f6-null-transfer,8935333272019076163,2459538206923689620,3189136802361291015,0.18624850001651794,,,batch-f6-null-transfer-20260824-001
F6,X1,X3,f6-null-transfer,13,8,0.04584976078848831,0.81,residual_samples/batch-13-replication-8.csv,null_statistics/batch-13-replication-8.npy,batch-f6-null-transfer,17454358866229957404,13428350206508791250,15706571682617997891,0.18610659998375922,,,batch-f6-null-transfer-20260824-001
F6,X1,X3,f6-null-transfer,13,9,0.050722735326141945,0.63,residual_samples/batch-13-replication-9.csv,null_statistics/batch-13-replication-9.npy,batch-f6-null-transfer,15894347671373695829,8419056295776020939,11496649900931952830,0.18573520000791177,,,batch-f6-null-transfer-20260824-001
F6,X1,X3,f6-null-transfer,14,0,0.047679310053257574,0.775,residual_samples/batch-14-replication-0.csv,null_statistics/batch-14-replication-0.npy,batch-f6-null-transfer,17112941431865079157,17200022300999923754,9567719944661208987,0.18751110002631322,,,batch-f6-null-transfer-20260824-001
F6,X1,X3,f6-null-transfer,14,1,0.04627552701937764,0.81,residual_samples/batch-14-replication-1.csv,null_statistics/batch-14-replication-1.npy,batch-f6-null-transfer,12242125065448901203,8882376474159622837,6343727240312738648,0.18521609995514154,,,batch-f6-null-transfer-20260824-001
F6,X1,X3,f6-null-transfer,14,2,0.047668678386144046,0.74,residual_samples/batch-14-replication-2.csv,null_statistics/batch-14-replication-2.npy,batch-f6-null-transfer,13858291982702203010,7295607325174062670,1155038166575416213,0.18525209999643266,,,batch-f6-null-transfer-20260824-001
F6,X1,X3,f6-null-transfer,14,3,0.04459332752926931,0.885,residual_samples/batch-14-replication-3.csv,null_statistics/batch-14-replication-3.npy,batch-f6-null-transfer,7767464604247599239,7532326295722319575,3877589761364121745,0.18485790002159774,,,batch-f6-null-transfer-20260824-001
F6,X1,X3,f6-null-transfer,14,4,0.07385971778923925,0.105,residual_samples/batch-14-replication-4.csv,null_statistics/batch-14-replication-4.npy,batch-f6-null-transfer,1528585496424626524,10953334424833312761,10024681233540404775,0.18597109999973327,,,batch-f6-null-transfer-20260824-001
F6,X1,X3,f6-null-transfer,14,5,0.04857222110403331,0.655,residual_samples/batch-14-replication-5.csv,null_statistics/batch-14-replication-5.npy,batch-f6-null-transfer,9895320756512333989,1182371790887165548,11916456092588809369,0.1860910999821499,,,batch-f6-null-transfer-20260824-001
F6,X1,X3,f6-null-transfer,14,6,0.056573525173618085,0.345,residual_samples/batch-14-replication-6.csv,null_statistics/batch-14-replication-6.npy,batch-f6-null-transfer,8048523998714487149,7935893352336827745,3466760354827354108,0.18424270005198196,,,batch-f6-null-transfer-20260824-001
F6,X1,X3,f6-null-transfer,14,7,0.04696663848648422,0.725,residual_samples/batch-14-replication-7.csv,null_statistics/batch-14-replication-7.npy,batch-f6-null-transfer,13034732402596241124,13702643603515671350,6675993969587881168,0.1862639000173658,,,batch-f6-null-transfer-20260824-001
F6,X1,X3,f6-null-transfer,14,8,0.07381316637581822,0.08,residual_samples/batch-14-replication-8.csv,null_statistics/batch-14-replication-8.npy,batch-f6-null-transfer,10551928928610564698,15310762075718892694,4565517054507486216,0.18449300003703684,,,batch-f6-null-transfer-20260824-001
F6,X1,X3,f6-null-transfer,14,9,0.06012365652156161,0.245,residual_samples/batch-14-replication-9.csv,null_statistics/batch-14-replication-9.npy,batch-f6-null-transfer,7517155383318851963,789894087098521747,7694441346418114680,0.18713730003219098,,,batch-f6-null-transfer-20260824-001
F6,X1,X3,f6-null-transfer,15,0,0.08282384437038995,0.04,residual_samples/batch-15-replication-0.csv,null_statistics/batch-15-replication-0.npy,batch-f6-null-transfer,1522518939004144437,3072359868805106557,1732249652138927951,0.1858885000110604,,,batch-f6-null-transfer-20260824-001
F6,X1,X3,f6-null-transfer,15,1,0.055405011417730084,0.465,residual_samples/batch-15-replication-1.csv,null_statistics/batch-15-replication-1.npy,batch-f6-null-transfer,14155266162045478193,2086532159732761849,6109271162630309833,0.18748560000676662,,,batch-f6-null-transfer-20260824-001
F6,X1,X3,f6-null-transfer,15,2,0.06279560950694389,0.21,residual_samples/batch-15-replication-2.csv,null_statistics/batch-15-replication-2.npy,batch-f6-null-transfer,16491568296848491076,14405427781024661876,8943887880023776607,0.18566229997668415,,,batch-f6-null-transfer-20260824-001
F6,X1,X3,f6-null-transfer,15,3,0.06374359768151122,0.19,residual_samples/batch-15-replication-3.csv,null_statistics/batch-15-replication-3.npy,batch-f6-null-transfer,2771402381004765681,12364139423046379202,7576535236581296226,0.19035790005000308,,,batch-f6-null-transfer-20260824-001
F6,X1,X3,f6-null-transfer,15,4,0.05023127646450729,0.57,residual_samples/batch-15-replication-4.csv,null_statistics/batch-15-replication-4.npy,batch-f6-null-transfer,13354053901936587709,1408219845721503978,15366544826214838636,0.18542429996887222,,,batch-f6-null-transfer-20260824-001
F6,X1,X3,f6-null-transfer,15,5,0.05034180546223398,0.52,residual_samples/batch-15-replication-5.csv,null_statistics/batch-15-replication-5.npy,batch-f6-null-transfer,5938407757232007893,4190161378132429124,17515781008553954318,0.18991559999994934,,,batch-f6-null-transfer-20260824-001
F6,X1,X3,f6-null-transfer,15,6,0.06769712309830359,0.105,residual_samples/batch-15-replication-6.csv,null_statistics/batch-15-replication-6.npy,batch-f6-null-transfer,5838786550499525786,10591611158575573909,14351925963363115001,0.19033940002555028,,,batch-f6-null-transfer-20260824-001
F6,X1,X3,f6-null-transfer,15,7,0.04847996361244215,0.705,residual_samples/batch-15-replication-7.csv,null_statistics/batch-15-replication-7.npy,batch-f6-null-transfer,18100678505709959862,6622961132354306769,12796037770031141722,0.18648259999463335,,,batch-f6-null-transfer-20260824-001
F6,X1,X3,f6-null-transfer,15,8,0.06581678404395844,0.16,residual_samples/batch-15-replication-8.csv,null_statistics/batch-15-replication-8.npy,batch-f6-null-transfer,4919826014138440895,13508823699493656740,7762431833941854971,0.18790009996155277,,,batch-f6-null-transfer-20260824-001
F6,X1,X3,f6-null-transfer,15,9,0.05800922834195484,0.38,residual_samples/batch-15-replication-9.csv,null_statistics/batch-15-replication-9.npy,batch-f6-null-transfer,16825149560409266529,15252509092285834186,16953322464859881990,0.1870842999778688,,,batch-f6-null-transfer-20260824-001
F6,X1,X3,f6-null-transfer,16,0,0.04770123314876294,0.72,residual_samples/batch-16-replication-0.csv,null_statistics/batch-16-replication-0.npy,batch-f6-null-transfer,2894017598438176463,6545673909269330591,14551119081900810602,0.1860789999482222,,,batch-f6-null-transfer-20260824-001
F6,X1,X3,f6-null-transfer,16,1,0.048803361462932536,0.635,residual_samples/batch-16-replication-1.csv,null_statistics/batch-16-replication-1.npy,batch-f6-null-transfer,81055272602002483,17727775366651631337,13058910757389746801,0.18846640002448112,,,batch-f6-null-transfer-20260824-001
F6,X1,X3,f6-null-transfer,16,2,0.05674644463096435,0.375,residual_samples/batch-16-replication-2.csv,null_statistics/batch-16-replication-2.npy,batch-f6-null-transfer,17138170482736730215,271428598199960954,4179124921040272378,0.18470189999789,,,batch-f6-null-transfer-20260824-001
F6,X1,X3,f6-null-transfer,16,3,0.047039090364473776,0.81,residual_samples/batch-16-replication-3.csv,null_statistics/batch-16-replication-3.npy,batch-f6-null-transfer,14888596797440697798,5251561695944229135,18323272959342470239,0.18621040001744404,,,batch-f6-null-transfer-20260824-001
F6,X1,X3,f6-null-transfer,16,4,0.0434096210349466,0.88,residual_samples/batch-16-replication-4.csv,null_statistics/batch-16-replication-4.npy,batch-f6-null-transfer,9419262137776319873,15473174723751386147,14408095882498807852,0.18918400001712143,,,batch-f6-null-transfer-20260824-001
F6,X1,X3,f6-null-transfer,16,5,0.05047594385543654,0.715,residual_samples/batch-16-replication-5.csv,null_statistics/batch-16-replication-5.npy,batch-f6-null-transfer,12193500757544194504,5964850188833493319,9035908441300789583,0.18475209997268394,,,batch-f6-null-transfer-20260824-001
F6,X1,X3,f6-null-transfer,16,6,0.07063187663169446,0.105,residual_samples/batch-16-replication-6.csv,null_statistics/batch-16-replication-6.npy,batch-f6-null-transfer,2537516612662381509,16720132872723849417,1152412891396979370,0.1891635999782011,,,batch-f6-null-transfer-20260824-001
F6,X1,X3,f6-null-transfer,16,7,0.04624549600864985,0.795,residual_samples/batch-16-replication-7.csv,null_statistics/batch-16-replication-7.npy,batch-f6-null-transfer,17655817415368342578,17030284386957822791,2145575567073606077,0.1887667000410147,,,batch-f6-null-transfer-20260824-001
F6,X1,X3,f6-null-transfer,16,8,0.061434939384645774,0.255,residual_samples/batch-16-replication-8.csv,null_statistics/batch-16-replication-8.npy,batch-f6-null-transfer,12333654648707025774,5628204254552407804,6507000218786349738,0.18934740003896877,,,batch-f6-null-transfer-20260824-001
F6,X1,X3,f6-null-transfer,16,9,0.0427197767991451,0.945,residual_samples/batch-16-replication-9.csv,null_statistics/batch-16-replication-9.npy,batch-f6-null-transfer,16463926529587837835,2573461293713801515,13812818949089130600,0.18828649999340996,,,batch-f6-null-transfer-20260824-001
F6,X1,X3,f6-null-transfer,17,0,0.05911730818420537,0.375,residual_samples/batch-17-replication-0.csv,null_statistics/batch-17-replication-0.npy,batch-f6-null-transfer,17990825618148062354,14317964777786454250,669406653583654762,0.18678259995067492,,,batch-f6-null-transfer-20260824-001
F6,X1,X3,f6-null-transfer,17,1,0.06712494437896754,0.125,residual_samples/batch-17-replication-1.csv,null_statistics/batch-17-replication-1.npy,batch-f6-null-transfer,17739711329757722287,2537288298604295937,18293317972061298022,0.1891079999622889,,,batch-f6-null-transfer-20260824-001
F6,X1,X3,f6-null-transfer,17,2,0.045356507872620654,0.825,residual_samples/batch-17-replication-2.csv,null_statistics/batch-17-replication-2.npy,batch-f6-null-transfer,3474113144658931843,6129972202870210322,14895937249655432903,0.19028460001572967,,,batch-f6-null-transfer-20260824-001
F6,X1,X3,f6-null-transfer,17,3,0.05463340343593973,0.435,residual_samples/batch-17-replication-3.csv,null_statistics/batch-17-replication-3.npy,batch-f6-null-transfer,10444236933712979171,2385590507287680237,16402213785998665339,0.18690470000728965,,,batch-f6-null-transfer-20260824-001
F6,X1,X3,f6-null-transfer,17,4,0.05587274418491122,0.31,residual_samples/batch-17-replication-4.csv,null_statistics/batch-17-replication-4.npy,batch-f6-null-transfer,16568808838632185844,16322472104208272465,1848142601419684980,0.18790609994903207,,,batch-f6-null-transfer-20260824-001
F6,X1,X3,f6-null-transfer,17,5,0.05930358010525984,0.245,residual_samples/batch-17-replication-5.csv,null_statistics/batch-17-replication-5.npy,batch-f6-null-transfer,3804759651291649531,12714855300012569410,13661808407344344040,0.18806149996817112,,,batch-f6-null-transfer-20260824-001
F6,X1,X3,f6-null-transfer,17,6,0.04782439362551883,0.73,residual_samples/batch-17-replication-6.csv,null_statistics/batch-17-replication-6.npy,batch-f6-null-transfer,9920105771515064170,4052250453611809737,5039698477959476486,0.18498189997626469,,,batch-f6-null-transfer-20260824-001
F6,X1,X3,f6-null-transfer,17,7,0.054140240511082016,0.5,residual_samples/batch-17-replication-7.csv,null_statistics/batch-17-replication-7.npy,batch-f6-null-transfer,4335805964624748479,16198017996653360098,3099915462385273476,0.1893452000222169,,,batch-f6-null-transfer-20260824-001
F6,X1,X3,f6-null-transfer,17,8,0.06520822912943307,0.085,residual_samples/batch-17-replication-8.csv,null_statistics/batch-17-replication-8.npy,batch-f6-null-transfer,14167648422309253571,11563068204240489769,16889470923837393518,0.18653509998694062,,,batch-f6-null-transfer-20260824-001
F6,X1,X3,f6-null-transfer,17,9,0.04194232221958293,0.895,residual_samples/batch-17-replication-9.csv,null_statistics/batch-17-replication-9.npy,batch-f6-null-transfer,3899732812662978067,7825489259313868334,15743869514679127797,0.19038270000601187,,,batch-f6-null-transfer-20260824-001
F6,X1,X3,f6-null-transfer,18,0,0.05415169629256792,0.445,residual_samples/batch-18-replication-0.csv,null_statistics/batch-18-replication-0.npy,batch-f6-null-transfer,10195240060842818692,9188707324265238531,9270393206548699300,0.1868852999759838,,,batch-f6-null-transfer-20260824-001
F6,X1,X3,f6-null-transfer,18,1,0.05332174289346523,0.445,residual_samples/batch-18-replication-1.csv,null_statistics/batch-18-replication-1.npy,batch-f6-null-transfer,6687091028812289745,4386240676184905798,14695116772662019051,0.18573580001248047,,,batch-f6-null-transfer-20260824-001
F6,X1,X3,f6-null-transfer,18,2,0.04077922450864663,0.97,residual_samples/batch-18-replication-2.csv,null_statistics/batch-18-replication-2.npy,batch-f6-null-transfer,7133990630577400742,11151826285072325567,10188264331840511061,0.18594339996343479,,,batch-f6-null-transfer-20260824-001
F6,X1,X3,f6-null-transfer,18,3,0.03735341753062228,0.995,residual_samples/batch-18-replication-3.csv,null_statistics/batch-18-replication-3.npy,batch-f6-null-transfer,13012310509880821364,5995319032861239789,3969270616525346627,0.189029999950435,,,batch-f6-null-transfer-20260824-001
F6,X1,X3,f6-null-transfer,18,4,0.04779965852838636,0.715,residual_samples/batch-18-replication-4.csv,null_statistics/batch-18-replication-4.npy,batch-f6-null-transfer,9590192676768119125,15570637959334675532,13619803496266947359,0.18556129996431991,,,batch-f6-null-transfer-20260824-001
F6,X1,X3,f6-null-transfer,18,5,0.062085099250798276,0.235,residual_samples/batch-18-replication-5.csv,null_statistics/batch-18-replication-5.npy,batch-f6-null-transfer,17762170683579660575,14477236633985536255,2227097328283272570,0.18472409999230877,,,batch-f6-null-transfer-20260824-001
F6,X1,X3,f6-null-transfer,18,6,0.04504756624372677,0.855,residual_samples/batch-18-replication-6.csv,null_statistics/batch-18-replication-6.npy,batch-f6-null-transfer,1007638684438141934,13345894750937303179,17754480432108531127,0.18220090004615486,,,batch-f6-null-transfer-20260824-001
F6,X1,X3,f6-null-transfer,18,7,0.04381243578009589,0.865,residual_samples/batch-18-replication-7.csv,null_statistics/batch-18-replication-7.npy,batch-f6-null-transfer,14612402867951721039,1479388505183183816,15136587278682506016,0.18618250003783032,,,batch-f6-null-transfer-20260824-001
F6,X1,X3,f6-null-transfer,18,8,0.059206178120637554,0.31,residual_samples/batch-18-replication-8.csv,null_statistics/batch-18-replication-8.npy,batch-f6-null-transfer,3378393776928864600,13827361394131983670,894757231054218028,0.18863289995351806,,,batch-f6-null-transfer-20260824-001
F6,X1,X3,f6-null-transfer,18,9,0.04115842659788098,0.925,residual_samples/batch-18-replication-9.csv,null_statistics/batch-18-replication-9.npy,batch-f6-null-transfer,7907125203916749682,15644085569405629416,2360066769640831720,0.18756150000263005,,,batch-f6-null-transfer-20260824-001
F6,X1,X3,f6-null-transfer,19,0,0.053602092300576595,0.49,residual_samples/batch-19-replication-0.csv,null_statistics/batch-19-replication-0.npy,batch-f6-null-transfer,4122761561381423350,15152917742345123868,5589954425300729191,0.18535399995744228,,,batch-f6-null-transfer-20260824-001
F6,X1,X3,f6-null-transfer,19,1,0.045186356158903956,0.835,residual_samples/batch-19-replication-1.csv,null_statistics/batch-19-replication-1.npy,batch-f6-null-transfer,12748320182923886251,11988478522232285228,16839886890181848878,0.1835352999623865,,,batch-f6-null-transfer-20260824-001
F6,X1,X3,f6-null-transfer,19,2,0.045298423794518816,0.805,residual_samples/batch-19-replication-2.csv,null_statistics/batch-19-replication-2.npy,batch-f6-null-transfer,18366009372975534579,16698816350378860882,11878971481719537785,0.1848131999722682,,,batch-f6-null-transfer-20260824-001
F6,X1,X3,f6-null-transfer,19,3,0.07163537449302688,0.07,residual_samples/batch-19-replication-3.csv,null_statistics/batch-19-replication-3.npy,batch-f6-null-transfer,9848406995588689933,9266186418447521604,15544278484053684994,0.18407690001185983,,,batch-f6-null-transfer-20260824-001
F6,X1,X3,f6-null-transfer,19,4,0.05464045592957745,0.4,residual_samples/batch-19-replication-4.csv,null_statistics/batch-19-replication-4.npy,batch-f6-null-transfer,18188435842080228622,10713193217734528331,8101463636144977212,0.18637319997651502,,,batch-f6-null-transfer-20260824-001
F6,X1,X3,f6-null-transfer,19,5,0.05638692613867827,0.37,residual_samples/batch-19-replication-5.csv,null_statistics/batch-19-replication-5.npy,batch-f6-null-transfer,13460542457574196165,15717364873642672861,10478215381185148481,0.18735719996038824,,,batch-f6-null-transfer-20260824-001
F6,X1,X3,f6-null-transfer,19,6,0.06188734912181249,0.24,residual_samples/batch-19-replication-6.csv,null_statistics/batch-19-replication-6.npy,batch-f6-null-transfer,9394411245732891009,3160817845842573466,5968078748990561600,0.1863889999804087,,,batch-f6-null-transfer-20260824-001
F6,X1,X3,f6-null-transfer,19,7,0.05046143192854944,0.6,residual_samples/batch-19-replication-7.csv,null_statistics/batch-19-replication-7.npy,batch-f6-null-transfer,7336781091541093415,13951312388438300208,14804017931581665346,0.18554159998893738,,,batch-f6-null-transfer-20260824-001
F6,X1,X3,f6-null-transfer,19,8,0.06229461229754583,0.25,residual_samples/batch-19-replication-8.csv,null_statistics/batch-19-replication-8.npy,batch-f6-null-transfer,14717963207064978206,15792929764831932267,12202640599951278997,0.18765229999553412,,,batch-f6-null-transfer-20260824-001
F6,X1,X3,f6-null-transfer,19,9,0.052860776542038676,0.56,residual_samples/batch-19-replication-9.csv,null_statistics/batch-19-replication-9.npy,batch-f6-null-transfer,7141205796332603659,14087589268772917176,10401345783794680476,0.18662470002891496,,,batch-f6-null-transfer-20260824-001
F6,X1,X3,f6-null-transfer,20,0,0.04325785615151314,0.88,residual_samples/batch-20-replication-0.csv,null_statistics/batch-20-replication-0.npy,batch-f6-null-transfer,17506698283166583265,13042140277712811290,7665107572394664141,0.18830069998512045,,,batch-f6-null-transfer-20260824-001
F6,X1,X3,f6-null-transfer,20,1,0.05305253008114391,0.5,residual_samples/batch-20-replication-1.csv,null_statistics/batch-20-replication-1.npy,batch-f6-null-transfer,2382268448662997903,8615366583735613640,3105945026143785264,0.1873335000127554,,,batch-f6-null-transfer-20260824-001
F6,X1,X3,f6-null-transfer,20,2,0.05843141286958014,0.35,residual_samples/batch-20-replication-2.csv,null_statistics/batch-20-replication-2.npy,batch-f6-null-transfer,11369424358683966159,4849544627217214276,3650108919726796871,0.18685469997581095,,,batch-f6-null-transfer-20260824-001
F6,X1,X3,f6-null-transfer,20,3,0.04873918708132514,0.655,residual_samples/batch-20-replication-3.csv,null_statistics/batch-20-replication-3.npy,batch-f6-null-transfer,1701119469904931693,9892972626468824252,221816616434914517,0.18776830000570044,,,batch-f6-null-transfer-20260824-001
F6,X1,X3,f6-null-transfer,20,4,0.04783122936737955,0.78,residual_samples/batch-20-replication-4.csv,null_statistics/batch-20-replication-4.npy,batch-f6-null-transfer,17853226777652346992,9977654797314702251,9948987285818406079,0.18771349999587983,,,batch-f6-null-transfer-20260824-001
F6,X1,X3,f6-null-transfer,20,5,0.044793870807255144,0.835,residual_samples/batch-20-replication-5.csv,null_statistics/batch-20-replication-5.npy,batch-f6-null-transfer,1456451745891731301,13686733861769321032,12258692316561838057,0.18766980001237243,,,batch-f6-null-transfer-20260824-001
F6,X1,X3,f6-null-transfer,20,6,0.04977706348563094,0.64,residual_samples/batch-20-replication-6.csv,null_statistics/batch-20-replication-6.npy,batch-f6-null-transfer,3165562039623191406,15375143920072039171,2809709907281844964,0.18934099999023601,,,batch-f6-null-transfer-20260824-001
F6,X1,X3,f6-null-transfer,20,7,0.039868287582200096,0.965,residual_samples/batch-20-replication-7.csv,null_statistics/batch-20-replication-7.npy,batch-f6-null-transfer,17431967522618455352,3963238749776554851,4829645582890619568,0.18522980000125244,,,batch-f6-null-transfer-20260824-001
F6,X1,X3,f6-null-transfer,20,8,0.045448634314497596,0.825,residual_samples/batch-20-replication-8.csv,null_statistics/batch-20-replication-8.npy,batch-f6-null-transfer,5405493071710212826,12981794036078857352,6615146801937748847,0.18417540000518784,,,batch-f6-null-transfer-20260824-001
F6,X1,X3,f6-null-transfer,20,9,0.06311935245085239,0.19,residual_samples/batch-20-replication-9.csv,null_statistics/batch-20-replication-9.npy,batch-f6-null-transfer,6572429834421416126,3284954358009403221,12025196405557572866,0.18949959997553378,,,batch-f6-null-transfer-20260824-001
F6,X1,X3,f6-null-transfer,21,0,0.05209886560643732,0.59,residual_samples/batch-21-replication-0.csv,null_statistics/batch-21-replication-0.npy,batch-f6-null-transfer,15375515632972988492,10622496599394320360,7656058403099966864,0.18766199995297939,,,batch-f6-null-transfer-20260824-001
F6,X1,X3,f6-null-transfer,21,1,0.057536819404306924,0.35,residual_samples/batch-21-replication-1.csv,null_statistics/batch-21-replication-1.npy,batch-f6-null-transfer,2979132033173947634,4813503684015266925,15931011403828340394,0.1882884000078775,,,batch-f6-null-transfer-20260824-001
F6,X1,X3,f6-null-transfer,21,2,0.044834577328742124,0.87,residual_samples/batch-21-replication-2.csv,null_statistics/batch-21-replication-2.npy,batch-f6-null-transfer,609732704626514178,9981243798167216582,11518050330110650104,0.18623410002328455,,,batch-f6-null-transfer-20260824-001
F6,X1,X3,f6-null-transfer,21,3,0.06296541918834296,0.19,residual_samples/batch-21-replication-3.csv,null_statistics/batch-21-replication-3.npy,batch-f6-null-transfer,11823513406327510577,16080819663784998726,631513185600378086,0.1872410000069067,,,batch-f6-null-transfer-20260824-001
F6,X1,X3,f6-null-transfer,21,4,0.04430760926507074,0.855,residual_samples/batch-21-replication-4.csv,null_statistics/batch-21-replication-4.npy,batch-f6-null-transfer,10807630209133408895,3653028475779721517,8638401485599182262,0.1882579000084661,,,batch-f6-null-transfer-20260824-001
F6,X1,X3,f6-null-transfer,21,5,0.046145610875029185,0.78,residual_samples/batch-21-replication-5.csv,null_statistics/batch-21-replication-5.npy,batch-f6-null-transfer,6037285317976154897,6851879557450139244,7809306940364606114,0.18610799999441952,,,batch-f6-null-transfer-20260824-001
F6,X1,X3,f6-null-transfer,21,6,0.06475743900739568,0.215,residual_samples/batch-21-replication-6.csv,null_statistics/batch-21-replication-6.npy,batch-f6-null-transfer,9393077184261078128,15591404761671885084,4976182136380539364,0.1862709000124596,,,batch-f6-null-transfer-20260824-001
F6,X1,X3,f6-null-transfer,21,7,0.06952577546201479,0.055,residual_samples/batch-21-replication-7.csv,null_statistics/batch-21-replication-7.npy,batch-f6-null-transfer,18407165045304483135,16912709994201939331,6904023874742020595,0.18832309998106211,,,batch-f6-null-transfer-20260824-001
F6,X1,X3,f6-null-transfer,21,8,0.06173714603660692,0.295,residual_samples/batch-21-replication-8.csv,null_statistics/batch-21-replication-8.npy,batch-f6-null-transfer,8359832135734813629,9494561425567109078,9918369295319356165,0.18381910002790391,,,batch-f6-null-transfer-20260824-001
F6,X1,X3,f6-null-transfer,21,9,0.04735235985559474,0.715,residual_samples/batch-21-replication-9.csv,null_statistics/batch-21-replication-9.npy,batch-f6-null-transfer,10326524800121885229,437319984414556916,11560071056699278097,0.18447420001029968,,,batch-f6-null-transfer-20260824-001
F6,X1,X3,f6-null-transfer,22,0,0.04640848719054342,0.835,residual_samples/batch-22-replication-0.csv,null_statistics/batch-22-replication-0.npy,batch-f6-null-transfer,3531176084055007237,9718228282155904814,6177595341805890663,0.18613119999645278,,,batch-f6-null-transfer-20260824-001
F6,X1,X3,f6-null-transfer,22,1,0.064899956556693,0.135,residual_samples/batch-22-replication-1.csv,null_statistics/batch-22-replication-1.npy,batch-f6-null-transfer,15042603805454368100,9086794579004000188,16205891234673618114,0.18480600003385916,,,batch-f6-null-transfer-20260824-001
F6,X1,X3,f6-null-transfer,22,2,0.05227601138430131,0.515,residual_samples/batch-22-replication-2.csv,null_statistics/batch-22-replication-2.npy,batch-f6-null-transfer,7393369022185522789,16246606412777833567,6127429691235894392,0.1879400000325404,,,batch-f6-null-transfer-20260824-001
F6,X1,X3,f6-null-transfer,22,3,0.06327232897429516,0.19,residual_samples/batch-22-replication-3.csv,null_statistics/batch-22-replication-3.npy,batch-f6-null-transfer,15759205641797865683,15285350583995685736,17875313640952307078,0.18567600002279505,,,batch-f6-null-transfer-20260824-001
F6,X1,X3,f6-null-transfer,22,4,0.03341371325631385,1.0,residual_samples/batch-22-replication-4.csv,null_statistics/batch-22-replication-4.npy,batch-f6-null-transfer,17961189362136374816,16514944959365379972,3881955900479848931,0.1898885000264272,,,batch-f6-null-transfer-20260824-001
F6,X1,X3,f6-null-transfer,22,5,0.04349776392357191,0.87,residual_samples/batch-22-replication-5.csv,null_statistics/batch-22-replication-5.npy,batch-f6-null-transfer,906531296933445529,14001605105344643852,863163725957009342,0.1873887000256218,,,batch-f6-null-transfer-20260824-001
F6,X1,X3,f6-null-transfer,22,6,0.06696655405404228,0.14,residual_samples/batch-22-replication-6.csv,null_statistics/batch-22-replication-6.npy,batch-f6-null-transfer,13256119903623384240,18012742628745161387,8510080590823084179,0.18659810000099242,,,batch-f6-null-transfer-20260824-001
F6,X1,X3,f6-null-transfer,22,7,0.07015679933727072,0.12,residual_samples/batch-22-replication-7.csv,null_statistics/batch-22-replication-7.npy,batch-f6-null-transfer,7890122145498045916,17649365679783417094,5423060698994230991,0.18708659999538213,,,batch-f6-null-transfer-20260824-001
F6,X1,X3,f6-null-transfer,22,8,0.04719470907054807,0.805,residual_samples/batch-22-replication-8.csv,null_statistics/batch-22-replication-8.npy,batch-f6-null-transfer,16329498629435235352,2400729772695683982,4003717347244832348,0.18425609997939318,,,batch-f6-null-transfer-20260824-001
F6,X1,X3,f6-null-transfer,22,9,0.0641588992774164,0.2,residual_samples/batch-22-replication-9.csv,null_statistics/batch-22-replication-9.npy,batch-f6-null-transfer,17996390067038971904,2134541203419765171,13858889004909227277,0.18571089999750257,,,batch-f6-null-transfer-20260824-001
F6,X1,X3,f6-null-transfer,23,0,0.0774950418784343,0.04,residual_samples/batch-23-replication-0.csv,null_statistics/batch-23-replication-0.npy,batch-f6-null-transfer,5013894012905653070,2567616599634072122,9773236975193818766,0.1877223000046797,,,batch-f6-null-transfer-20260824-001
F6,X1,X3,f6-null-transfer,23,1,0.07602618251670082,0.035,residual_samples/batch-23-replication-1.csv,null_statistics/batch-23-replication-1.npy,batch-f6-null-transfer,4036097515848464410,10573020703599063172,16874891597980342748,0.18592640000861138,,,batch-f6-null-transfer-20260824-001
F6,X1,X3,f6-null-transfer,23,2,0.07430236626526732,0.045,residual_samples/batch-23-replication-2.csv,null_statistics/batch-23-replication-2.npy,batch-f6-null-transfer,3671440181926588657,13265723023780334229,15333945271709741743,0.18644969997694716,,,batch-f6-null-transfer-20260824-001
F6,X1,X3,f6-null-transfer,23,3,0.04442046488267293,0.89,residual_samples/batch-23-replication-3.csv,null_statistics/batch-23-replication-3.npy,batch-f6-null-transfer,4595688862166187914,15234745037451220083,5513466380537214470,0.18703880003886297,,,batch-f6-null-transfer-20260824-001
F6,X1,X3,f6-null-transfer,23,4,0.0481294914932346,0.72,residual_samples/batch-23-replication-4.csv,null_statistics/batch-23-replication-4.npy,batch-f6-null-transfer,12368577485329252033,14260315981356200489,17670514609145374170,0.18568620004225522,,,batch-f6-null-transfer-20260824-001
F6,X1,X3,f6-null-transfer,23,5,0.05991336329961516,0.305,residual_samples/batch-23-replication-5.csv,null_statistics/batch-23-replication-5.npy,batch-f6-null-transfer,10736877095455415729,6686722572235678216,17602998140052181106,0.18456059996969998,,,batch-f6-null-transfer-20260824-001
F6,X1,X3,f6-null-transfer,23,6,0.04758292513449017,0.79,residual_samples/batch-23-replication-6.csv,null_statistics/batch-23-replication-6.npy,batch-f6-null-transfer,6521445980922466981,6024823130407131383,3626642971352238044,0.18755109998164698,,,batch-f6-null-transfer-20260824-001
F6,X1,X3,f6-null-transfer,23,7,0.04448030807160526,0.87,residual_samples/batch-23-replication-7.csv,null_statistics/batch-23-replication-7.npy,batch-f6-null-transfer,2382347582286874211,8338655369324062873,4212322934699001397,0.1868236999725923,,,batch-f6-null-transfer-20260824-001
F6,X1,X3,f6-null-transfer,23,8,0.05201226884053232,0.495,residual_samples/batch-23-replication-8.csv,null_statistics/batch-23-replication-8.npy,batch-f6-null-transfer,17303336248418200848,2557532199055163929,14430622379203421927,0.1866886000498198,,,batch-f6-null-transfer-20260824-001
F6,X1,X3,f6-null-transfer,23,9,0.05626987599173512,0.275,residual_samples/batch-23-replication-9.csv,null_statistics/batch-23-replication-9.npy,batch-f6-null-transfer,10526718891965782119,9058468022352474662,2271830986327571020,0.1873986999853514,,,batch-f6-null-transfer-20260824-001
F6,X1,X3,f6-null-transfer,24,0,0.052482396975854634,0.505,residual_samples/batch-24-replication-0.csv,null_statistics/batch-24-replication-0.npy,batch-f6-null-transfer,17255083805919495753,9573260529414700869,4934008903475819578,0.18698699999367818,,,batch-f6-null-transfer-20260824-001
F6,X1,X3,f6-null-transfer,24,1,0.046211173052298354,0.775,residual_samples/batch-24-replication-1.csv,null_statistics/batch-24-replication-1.npy,batch-f6-null-transfer,9264956862876969309,5390451039437459455,2993904391275265799,0.18687480001244694,,,batch-f6-null-transfer-20260824-001
F6,X1,X3,f6-null-transfer,24,2,0.0524941795343111,0.5,residual_samples/batch-24-replication-2.csv,null_statistics/batch-24-replication-2.npy,batch-f6-null-transfer,4664433149676610422,16380462423059974971,6816629482088775216,0.1884373999782838,,,batch-f6-null-transfer-20260824-001
F6,X1,X3,f6-null-transfer,24,3,0.0524512455528008,0.475,residual_samples/batch-24-replication-3.csv,null_statistics/batch-24-replication-3.npy,batch-f6-null-transfer,15491043369333082916,18319619182090808428,16072632510334831483,0.1860238999943249,,,batch-f6-null-transfer-20260824-001
F6,X1,X3,f6-null-transfer,24,4,0.09707403181755991,0.005,residual_samples/batch-24-replication-4.csv,null_statistics/batch-24-replication-4.npy,batch-f6-null-transfer,16059078625067532560,13756268573295090969,2320306296354972546,0.186488899984397,,,batch-f6-null-transfer-20260824-001
F6,X1,X3,f6-null-transfer,24,5,0.07561288823312139,0.07,residual_samples/batch-24-replication-5.csv,null_statistics/batch-24-replication-5.npy,batch-f6-null-transfer,13454052435057545851,3161349474394892284,5296825055369818420,0.1837880999664776,,,batch-f6-null-transfer-20260824-001
F6,X1,X3,f6-null-transfer,24,6,0.053838241615478614,0.475,residual_samples/batch-24-replication-6.csv,null_statistics/batch-24-replication-6.npy,batch-f6-null-transfer,3684528715038046893,8555744962670009902,4475231536649133522,0.18581539997830987,,,batch-f6-null-transfer-20260824-001
F6,X1,X3,f6-null-transfer,24,7,0.04695896959097096,0.755,residual_samples/batch-24-replication-7.csv,null_statistics/batch-24-replication-7.npy,batch-f6-null-transfer,1770376619349521623,5076954307643127241,5483892903279953196,0.1841944000334479,,,batch-f6-null-transfer-20260824-001
F6,X1,X3,f6-null-transfer,24,8,0.0544616004565287,0.43,residual_samples/batch-24-replication-8.csv,null_statistics/batch-24-replication-8.npy,batch-f6-null-transfer,12091611645850337558,17970417814259294582,3054765920236712923,0.18533920001937076,,,batch-f6-null-transfer-20260824-001
F6,X1,X3,f6-null-transfer,24,9,0.04795249127958939,0.765,residual_samples/batch-24-replication-9.csv,null_statistics/batch-24-replication-9.npy,batch-f6-null-transfer,13977653104389002624,14355721966086387319,9554920890246273736,0.1869740000111051,,,batch-f6-null-transfer-20260824-001
F6,X1,X3,f6-null-transfer,25,0,0.04257031975369962,0.895,residual_samples/batch-25-replication-0.csv,null_statistics/batch-25-replication-0.npy,batch-f6-null-transfer,1792104953540168139,17591367213737813407,7067777185199473862,0.18739520001690835,,,batch-f6-null-transfer-20260824-001
F6,X1,X3,f6-null-transfer,25,1,0.04744528366329313,0.745,residual_samples/batch-25-replication-1.csv,null_statistics/batch-25-replication-1.npy,batch-f6-null-transfer,2071060792001263441,2674400980623522553,1623990447417505017,0.1871341000078246,,,batch-f6-null-transfer-20260824-001
F6,X1,X3,f6-null-transfer,25,2,0.07459838015745361,0.095,residual_samples/batch-25-replication-2.csv,null_statistics/batch-25-replication-2.npy,batch-f6-null-transfer,5247439469758908075,10570358725627368992,4231502628461686643,0.18873699998948723,,,batch-f6-null-transfer-20260824-001
F6,X1,X3,f6-null-transfer,25,3,0.04531277950819575,0.835,residual_samples/batch-25-replication-3.csv,null_statistics/batch-25-replication-3.npy,batch-f6-null-transfer,6787758567309333265,13862397965887037498,1921138944373833391,0.18846100004157051,,,batch-f6-null-transfer-20260824-001
F6,X1,X3,f6-null-transfer,25,4,0.055063635685808666,0.415,residual_samples/batch-25-replication-4.csv,null_statistics/batch-25-replication-4.npy,batch-f6-null-transfer,5301368592849697523,933586179951062227,16508173724175511955,0.19141849997686222,,,batch-f6-null-transfer-20260824-001
F6,X1,X3,f6-null-transfer,25,5,0.054997796131312476,0.445,residual_samples/batch-25-replication-5.csv,null_statistics/batch-25-replication-5.npy,batch-f6-null-transfer,13888652730898094990,12083697301115076884,5416798612930164762,0.1865823999978602,,,batch-f6-null-transfer-20260824-001
F6,X1,X3,f6-null-transfer,25,6,0.06886835761392332,0.12,residual_samples/batch-25-replication-6.csv,null_statistics/batch-25-replication-6.npy,batch-f6-null-transfer,8348072309386487837,6367663887064294878,6573612256928431622,0.18780069996137172,,,batch-f6-null-transfer-20260824-001
F6,X1,X3,f6-null-transfer,25,7,0.054838353272620106,0.465,residual_samples/batch-25-replication-7.csv,null_statistics/batch-25-replication-7.npy,batch-f6-null-transfer,6635495505877549053,11445238189723297278,9079146583603080675,0.18792379996739328,,,batch-f6-null-transfer-20260824-001
F6,X1,X3,f6-null-transfer,25,8,0.08043495760710168,0.03,residual_samples/batch-25-replication-8.csv,null_statistics/batch-25-replication-8.npy,batch-f6-null-transfer,12480615159581955365,6039047334391999296,2686605628119112661,0.18906890001380816,,,batch-f6-null-transfer-20260824-001
F6,X1,X3,f6-null-transfer,25,9,0.05306636712057984,0.5,residual_samples/batch-25-replication-9.csv,null_statistics/batch-25-replication-9.npy,batch-f6-null-transfer,5334871563431398813,2982946698009637256,16198712391112750037,0.1857249999884516,,,batch-f6-null-transfer-20260824-001
F6,X1,X3,f6-null-transfer,26,0,0.05139885605666191,0.58,residual_samples/batch-26-replication-0.csv,null_statistics/batch-26-replication-0.npy,batch-f6-null-transfer,11900295502124957424,7244859633666383501,14445337371668094494,0.19135340000502765,,,batch-f6-null-transfer-20260824-001
F6,X1,X3,f6-null-transfer,26,1,0.08631172284650877,0.025,residual_samples/batch-26-replication-1.csv,null_statistics/batch-26-replication-1.npy,batch-f6-null-transfer,11374425506846537595,10466552708616377722,12328120662962920153,0.20093619998078793,,,batch-f6-null-transfer-20260824-001
F6,X1,X3,f6-null-transfer,26,2,0.06887847184118455,0.12,residual_samples/batch-26-replication-2.csv,null_statistics/batch-26-replication-2.npy,batch-f6-null-transfer,3466906318297084753,6095577130188470489,15239869022664912784,0.18677289999322966,,,batch-f6-null-transfer-20260824-001
F6,X1,X3,f6-null-transfer,26,3,0.042616923503038535,0.935,residual_samples/batch-26-replication-3.csv,null_statistics/batch-26-replication-3.npy,batch-f6-null-transfer,16554578325909188511,17757978214862246273,7147806084569638706,0.1882748000207357,,,batch-f6-null-transfer-20260824-001
F6,X1,X3,f6-null-transfer,26,4,0.04994030707672867,0.63,residual_samples/batch-26-replication-4.csv,null_statistics/batch-26-replication-4.npy,batch-f6-null-transfer,15805760181061377138,5841799538212104784,4582367993359595246,0.18723450001562014,,,batch-f6-null-transfer-20260824-001
F6,X1,X3,f6-null-transfer,26,5,0.05695445154139244,0.335,residual_samples/batch-26-replication-5.csv,null_statistics/batch-26-replication-5.npy,batch-f6-null-transfer,13319628748932007075,17133976324483689888,735295671313481321,0.1867626000312157,,,batch-f6-null-transfer-20260824-001
F6,X1,X3,f6-null-transfer,26,6,0.0545386458863419,0.44,residual_samples/batch-26-replication-6.csv,null_statistics/batch-26-replication-6.npy,batch-f6-null-transfer,14538971744818908791,2063879670259504864,17162620421525979218,0.18689419998554513,,,batch-f6-null-transfer-20260824-001
F6,X1,X3,f6-null-transfer,26,7,0.04364711900040156,0.815,residual_samples/batch-26-replication-7.csv,null_statistics/batch-26-replication-7.npy,batch-f6-null-transfer,646709465363221013,7311614517164225430,17304388019736690890,0.1863143999944441,,,batch-f6-null-transfer-20260824-001
F6,X1,X3,f6-null-transfer,26,8,0.047286312698081145,0.735,residual_samples/batch-26-replication-8.csv,null_statistics/batch-26-replication-8.npy,batch-f6-null-transfer,8653329255937142581,14591010140230122110,17500820313642745947,0.1872328000026755,,,batch-f6-null-transfer-20260824-001
F6,X1,X3,f6-null-transfer,26,9,0.05770370023286704,0.275,residual_samples/batch-26-replication-9.csv,null_statistics/batch-26-replication-9.npy,batch-f6-null-transfer,10362539422274651331,12303312149156820140,4424190759696310692,0.1838078000000678,,,batch-f6-null-transfer-20260824-001
F6,X1,X3,f6-null-transfer,27,0,0.06885578683790462,0.12,residual_samples/batch-27-replication-0.csv,null_statistics/batch-27-replication-0.npy,batch-f6-null-transfer,11322370486713693156,16394764450583554621,2677106067972958824,0.18695820000721142,,,batch-f6-null-transfer-20260824-001
F6,X1,X3,f6-null-transfer,27,1,0.05596996239174933,0.37,residual_samples/batch-27-replication-1.csv,null_statistics/batch-27-replication-1.npy,batch-f6-null-transfer,4149267669782235169,15287828485574722,5462698061291957984,0.18478579999646172,,,batch-f6-null-transfer-20260824-001
F6,X1,X3,f6-null-transfer,27,2,0.03787166067175054,0.99,residual_samples/batch-27-replication-2.csv,null_statistics/batch-27-replication-2.npy,batch-f6-null-transfer,4118755992433634464,3256152286988204414,12069907779872871062,0.18507659999886528,,,batch-f6-null-transfer-20260824-001
F6,X1,X3,f6-null-transfer,27,3,0.06071810167262246,0.22,residual_samples/batch-27-replication-3.csv,null_statistics/batch-27-replication-3.npy,batch-f6-null-transfer,13743617222602734767,3095700734431094815,920046187707272208,0.18544179998571053,,,batch-f6-null-transfer-20260824-001
F6,X1,X3,f6-null-transfer,27,4,0.05934909021449314,0.275,residual_samples/batch-27-replication-4.csv,null_statistics/batch-27-replication-4.npy,batch-f6-null-transfer,718170983300390775,2123317751402593644,13621554365666170203,0.18525619996944442,,,batch-f6-null-transfer-20260824-001
F6,X1,X3,f6-null-transfer,27,5,0.06111990124713986,0.275,residual_samples/batch-27-replication-5.csv,null_statistics/batch-27-replication-5.npy,batch-f6-null-transfer,16491602780014055805,6994134807712472512,3390318525004567691,0.185012599977199,,,batch-f6-null-transfer-20260824-001
F6,X1,X3,f6-null-transfer,27,6,0.057270053692400395,0.33,residual_samples/batch-27-replication-6.csv,null_statistics/batch-27-replication-6.npy,batch-f6-null-transfer,16003362140917535050,11376505104931864538,9715017304877629399,0.18639170000096783,,,batch-f6-null-transfer-20260824-001
F6,X1,X3,f6-null-transfer,27,7,0.04532616750085556,0.84,residual_samples/batch-27-replication-7.csv,null_statistics/batch-27-replication-7.npy,batch-f6-null-transfer,1035317794962087433,15385290655669322945,9446220642258722418,0.1852521999971941,,,batch-f6-null-transfer-20260824-001
F6,X1,X3,f6-null-transfer,27,8,0.039514446155026646,0.995,residual_samples/batch-27-replication-8.csv,null_statistics/batch-27-replication-8.npy,batch-f6-null-transfer,6032369935442342475,10862294440027130641,9581888563374446252,0.18555499997455627,,,batch-f6-null-transfer-20260824-001
F6,X1,X3,f6-null-transfer,27,9,0.044372391771940474,0.9,residual_samples/batch-27-replication-9.csv,null_statistics/batch-27-replication-9.npy,batch-f6-null-transfer,5772686541705406896,12563361553064501246,1942246174366386909,0.18449100002180785,,,batch-f6-null-transfer-20260824-001
F6,X1,X3,f6-null-transfer,28,0,0.08279166228573885,0.02,residual_samples/batch-28-replication-0.csv,null_statistics/batch-28-replication-0.npy,batch-f6-null-transfer,11100246445861548612,14005791142987867537,12398229281980053953,0.18333319999510422,,,batch-f6-null-transfer-20260824-001
F6,X1,X3,f6-null-transfer,28,1,0.05345747372008461,0.54,residual_samples/batch-28-replication-1.csv,null_statistics/batch-28-replication-1.npy,batch-f6-null-transfer,1377868675016787020,4847990630514926498,9864194890424930331,0.18765689997235313,,,batch-f6-null-transfer-20260824-001
F6,X1,X3,f6-null-transfer,28,2,0.044340489869997765,0.86,residual_samples/batch-28-replication-2.csv,null_statistics/batch-28-replication-2.npy,batch-f6-null-transfer,11074435305855856478,11941871411619292515,9492001661732990285,0.18714880000334233,,,batch-f6-null-transfer-20260824-001
F6,X1,X3,f6-null-transfer,28,3,0.04596850789166342,0.815,residual_samples/batch-28-replication-3.csv,null_statistics/batch-28-replication-3.npy,batch-f6-null-transfer,6245243655770807573,7403865857610419445,1719470833860762703,0.1866011000238359,,,batch-f6-null-transfer-20260824-001
F6,X1,X3,f6-null-transfer,28,4,0.057473174252837454,0.37,residual_samples/batch-28-replication-4.csv,null_statistics/batch-28-replication-4.npy,batch-f6-null-transfer,18006967621784524712,8579692822250563918,11157447365878121485,0.18480660003842786,,,batch-f6-null-transfer-20260824-001
F6,X1,X3,f6-null-transfer,28,5,0.04475004287513699,0.825,residual_samples/batch-28-replication-5.csv,null_statistics/batch-28-replication-5.npy,batch-f6-null-transfer,1942405443424319853,2153883404378634118,13893468657649509625,0.18717510002898052,,,batch-f6-null-transfer-20260824-001
F6,X1,X3,f6-null-transfer,28,6,0.051748638827202945,0.55,residual_samples/batch-28-replication-6.csv,null_statistics/batch-28-replication-6.npy,batch-f6-null-transfer,2915129089903889994,3759682457236343768,14556585503954723112,0.1884140000329353,,,batch-f6-null-transfer-20260824-001
F6,X1,X3,f6-null-transfer,28,7,0.05185288177539326,0.545,residual_samples/batch-28-replication-7.csv,null_statistics/batch-28-replication-7.npy,batch-f6-null-transfer,799667900673080043,17543932191648099247,6193751638109326412,0.18831689999205992,,,batch-f6-null-transfer-20260824-001
F6,X1,X3,f6-null-transfer,28,8,0.0528741083887633,0.455,residual_samples/batch-28-replication-8.csv,null_statistics/batch-28-replication-8.npy,batch-f6-null-transfer,10556505696894757203,1472331063309367608,8678715261502434384,0.18425180000485852,,,batch-f6-null-transfer-20260824-001
F6,X1,X3,f6-null-transfer,28,9,0.07535204588739743,0.035,residual_samples/batch-28-replication-9.csv,null_statistics/batch-28-replication-9.npy,batch-f6-null-transfer,4341806506679519683,10895880525310598513,10774423968834395644,0.18505839997669682,,,batch-f6-null-transfer-20260824-001
F6,X1,X3,f6-null-transfer,29,0,0.060027158484450845,0.325,residual_samples/batch-29-replication-0.csv,null_statistics/batch-29-replication-0.npy,batch-f6-null-transfer,8850179893607331491,15957255397235645988,4765091133006989722,0.1871769000426866,,,batch-f6-null-transfer-20260824-001
F6,X1,X3,f6-null-transfer,29,1,0.04556028131200812,0.86,residual_samples/batch-29-replication-1.csv,null_statistics/batch-29-replication-1.npy,batch-f6-null-transfer,6246582116998984615,9787065159229380016,1378179598169191366,0.18550210003741086,,,batch-f6-null-transfer-20260824-001
F6,X1,X3,f6-null-transfer,29,2,0.0461624139397781,0.81,residual_samples/batch-29-replication-2.csv,null_statistics/batch-29-replication-2.npy,batch-f6-null-transfer,9077017867244017925,16215020901511638148,10903908189691953771,0.18890840001404285,,,batch-f6-null-transfer-20260824-001
F6,X1,X3,f6-null-transfer,29,3,0.0713501727951635,0.09,residual_samples/batch-29-replication-3.csv,null_statistics/batch-29-replication-3.npy,batch-f6-null-transfer,18014417448452322514,13129891024154349174,2645282487913690284,0.1851100000203587,,,batch-f6-null-transfer-20260824-001
F6,X1,X3,f6-null-transfer,29,4,0.04984169433877288,0.64,residual_samples/batch-29-replication-4.csv,null_statistics/batch-29-replication-4.npy,batch-f6-null-transfer,8925458683613345098,16879530029722548680,9491690896835229098,0.18527499999618158,,,batch-f6-null-transfer-20260824-001
F6,X1,X3,f6-null-transfer,29,5,0.07255340909525153,0.085,residual_samples/batch-29-replication-5.csv,null_statistics/batch-29-replication-5.npy,batch-f6-null-transfer,12320367807816206794,2159801598745380471,14569402066439450644,0.18745300004957244,,,batch-f6-null-transfer-20260824-001
F6,X1,X3,f6-null-transfer,29,6,0.04887497248472514,0.635,residual_samples/batch-29-replication-6.csv,null_statistics/batch-29-replication-6.npy,batch-f6-null-transfer,250440794189827419,13739794393419638994,17280987906822850598,0.18666280002798885,,,batch-f6-null-transfer-20260824-001
F6,X1,X3,f6-null-transfer,29,7,0.04979496525050215,0.615,residual_samples/batch-29-replication-7.csv,null_statistics/batch-29-replication-7.npy,batch-f6-null-transfer,6566569216054828255,10375766351638059996,16229506673469937531,0.18721230002120137,,,batch-f6-null-transfer-20260824-001
F6,X1,X3,f6-null-transfer,29,8,0.05208444517987273,0.585,residual_samples/batch-29-replication-8.csv,null_statistics/batch-29-replication-8.npy,batch-f6-null-transfer,2470502239815178015,8447990722481052672,14405247335463225011,0.18587039998965338,,,batch-f6-null-transfer-20260824-001
F6,X1,X3,f6-null-transfer,29,9,0.05721371446705223,0.365,residual_samples/batch-29-replication-9.csv,null_statistics/batch-29-replication-9.npy,batch-f6-null-transfer,11278763058140053006,14211995724525655357,10442062328109454439,0.18740759999491274,,,batch-f6-null-transfer-20260824-001
F6,X1,X3,f6-null-transfer,30,0,0.04248665525214796,0.9,residual_samples/batch-30-replication-0.csv,null_statistics/batch-30-replication-0.npy,batch-f6-null-transfer,7996660112686045031,12637799012682830895,15446337454230796570,0.1884431999642402,,,batch-f6-null-transfer-20260824-001
F6,X1,X3,f6-null-transfer,30,1,0.04781538460155443,0.685,residual_samples/batch-30-replication-1.csv,null_statistics/batch-30-replication-1.npy,batch-f6-null-transfer,17451121552242811352,476318938556472640,5368085714486280789,0.18551499996101484,,,batch-f6-null-transfer-20260824-001
F6,X1,X3,f6-null-transfer,30,2,0.06804297287301947,0.13,residual_samples/batch-30-replication-2.csv,null_statistics/batch-30-replication-2.npy,batch-f6-null-transfer,3042251167383413393,11455431067895495281,12637539623936414764,0.18518969998694956,,,batch-f6-null-transfer-20260824-001
F6,X1,X3,f6-null-transfer,30,3,0.07153682699149175,0.08,residual_samples/batch-30-replication-3.csv,null_statistics/batch-30-replication-3.npy,batch-f6-null-transfer,10843453828276912375,15054230033805063673,8510821586983675134,0.18528659996809438,,,batch-f6-null-transfer-20260824-001
F6,X1,X3,f6-null-transfer,30,4,0.04424953308873776,0.86,residual_samples/batch-30-replication-4.csv,null_statistics/batch-30-replication-4.npy,batch-f6-null-transfer,13012643740199640331,4111391978286893225,14751709179215225307,0.18637290003243834,,,batch-f6-null-transfer-20260824-001
F6,X1,X3,f6-null-transfer,30,5,0.053588550135254966,0.505,residual_samples/batch-30-replication-5.csv,null_statistics/batch-30-replication-5.npy,batch-f6-null-transfer,7797331101531585579,3122123931720780820,15460993477715679943,0.18782190000638366,,,batch-f6-null-transfer-20260824-001
F6,X1,X3,f6-null-transfer,30,6,0.04205632431174134,0.945,residual_samples/batch-30-replication-6.csv,null_statistics/batch-30-replication-6.npy,batch-f6-null-transfer,5617535241046265350,4139336040534711427,4434049634455125445,0.1858621999854222,,,batch-f6-null-transfer-20260824-001
F6,X1,X3,f6-null-transfer,30,7,0.03959543520979942,0.985,residual_samples/batch-30-replication-7.csv,null_statistics/batch-30-replication-7.npy,batch-f6-null-transfer,15649941725797382197,13255127261025675703,10858706984708427348,0.18480129999807104,,,batch-f6-null-transfer-20260824-001
F6,X1,X3,f6-null-transfer,30,8,0.04123977476070609,0.965,residual_samples/batch-30-replication-8.csv,null_statistics/batch-30-replication-8.npy,batch-f6-null-transfer,17343379415827977625,9003714402539857406,12692369124850997305,0.18625369999790564,,,batch-f6-null-transfer-20260824-001
F6,X1,X3,f6-null-transfer,30,9,0.04954097457532971,0.68,residual_samples/batch-30-replication-9.csv,null_statistics/batch-30-replication-9.npy,batch-f6-null-transfer,3481307232242684761,10704151878384155619,14520422631867271980,0.1854583999956958,,,batch-f6-null-transfer-20260824-001
F6,X1,X3,f6-null-transfer,31,0,0.07926113883782464,0.05,residual_samples/batch-31-replication-0.csv,null_statistics/batch-31-replication-0.npy,batch-f6-null-transfer,17963778392372899958,6972702759690197430,8123889134587585091,0.18754159996751696,,,batch-f6-null-transfer-20260824-001
F6,X1,X3,f6-null-transfer,31,1,0.0872469068235515,0.015,residual_samples/batch-31-replication-1.csv,null_statistics/batch-31-replication-1.npy,batch-f6-null-transfer,1171848729841363073,3170866201207484926,92517146011572485,0.18727940000826493,,,batch-f6-null-transfer-20260824-001
F6,X1,X3,f6-null-transfer,31,2,0.046987833910292875,0.78,residual_samples/batch-31-replication-2.csv,null_statistics/batch-31-replication-2.npy,batch-f6-null-transfer,9158245965652798163,18393038735587945666,10251489723135182278,0.18418710003606975,,,batch-f6-null-transfer-20260824-001
F6,X1,X3,f6-null-transfer,31,3,0.05152708466932613,0.565,residual_samples/batch-31-replication-3.csv,null_statistics/batch-31-replication-3.npy,batch-f6-null-transfer,258323994735384439,11322945003367654012,16197030851732051834,0.1843053000047803,,,batch-f6-null-transfer-20260824-001
F6,X1,X3,f6-null-transfer,31,4,0.05367534976623051,0.485,residual_samples/batch-31-replication-4.csv,null_statistics/batch-31-replication-4.npy,batch-f6-null-transfer,2440837262002663516,11868011162053406479,14456118612858787691,0.18326550000347197,,,batch-f6-null-transfer-20260824-001
F6,X1,X3,f6-null-transfer,31,5,0.04969970494578325,0.64,residual_samples/batch-31-replication-5.csv,null_statistics/batch-31-replication-5.npy,batch-f6-null-transfer,11893871360536546783,4803996378175059330,6830523995968350910,0.1828146000043489,,,batch-f6-null-transfer-20260824-001
F6,X1,X3,f6-null-transfer,31,6,0.041843597749158815,0.925,residual_samples/batch-31-replication-6.csv,null_statistics/batch-31-replication-6.npy,batch-f6-null-transfer,10586141707709465648,8365633520609180398,7177115515855420690,0.18654810002772138,,,batch-f6-null-transfer-20260824-001
F6,X1,X3,f6-null-transfer,31,7,0.06743720211024798,0.135,residual_samples/batch-31-replication-7.csv,null_statistics/batch-31-replication-7.npy,batch-f6-null-transfer,4609011684048238124,9152805687198270452,6613224026971047022,0.1868908000178635,,,batch-f6-null-transfer-20260824-001
F6,X1,X3,f6-null-transfer,31,8,0.052629678530133325,0.59,residual_samples/batch-31-replication-8.csv,null_statistics/batch-31-replication-8.npy,batch-f6-null-transfer,9828976294250488245,6948518012445848366,4774609937027508852,0.18469959998037666,,,batch-f6-null-transfer-20260824-001
F6,X1,X3,f6-null-transfer,31,9,0.041968759056821806,0.9,residual_samples/batch-31-replication-9.csv,null_statistics/batch-31-replication-9.npy,batch-f6-null-transfer,3428221954241551000,4656392320006152492,14594769887971663911,0.18669839994981885,,,batch-f6-null-transfer-20260824-001
F6,X1,X3,f6-null-transfer,32,0,0.07294663078855199,0.1,residual_samples/batch-32-replication-0.csv,null_statistics/batch-32-replication-0.npy,batch-f6-null-transfer,15809557128387628749,378744604141471923,9780838407277671194,0.18559069995535538,,,batch-f6-null-transfer-20260824-001
F6,X1,X3,f6-null-transfer,32,1,0.05029683811276778,0.625,residual_samples/batch-32-replication-1.csv,null_statistics/batch-32-replication-1.npy,batch-f6-null-transfer,16170519629934713281,17291539626199397130,3759487943617038279,0.18677490000845864,,,batch-f6-null-transfer-20260824-001
F6,X1,X3,f6-null-transfer,32,2,0.05447875409954068,0.495,residual_samples/batch-32-replication-2.csv,null_statistics/batch-32-replication-2.npy,batch-f6-null-transfer,14122277440262652915,16535272707146869452,11651597454083510931,0.18676230002893135,,,batch-f6-null-transfer-20260824-001
F6,X1,X3,f6-null-transfer,32,3,0.04749823462943246,0.745,residual_samples/batch-32-replication-3.csv,null_statistics/batch-32-replication-3.npy,batch-f6-null-transfer,589728645752320738,7900121310654161453,8700826877502511836,0.1841287999995984,,,batch-f6-null-transfer-20260824-001
F6,X1,X3,f6-null-transfer,32,4,0.04649317734890785,0.775,residual_samples/batch-32-replication-4.csv,null_statistics/batch-32-replication-4.npy,batch-f6-null-transfer,9271100188405848807,5581563869327776700,119027317173628200,0.18657239997992292,,,batch-f6-null-transfer-20260824-001
F6,X1,X3,f6-null-transfer,32,5,0.046069945327266146,0.765,residual_samples/batch-32-replication-5.csv,null_statistics/batch-32-replication-5.npy,batch-f6-null-transfer,2336794400079717857,10510636636234822477,16570722979127543524,0.1868862000410445,,,batch-f6-null-transfer-20260824-001
F6,X1,X3,f6-null-transfer,32,6,0.047347655146002206,0.72,residual_samples/batch-32-replication-6.csv,null_statistics/batch-32-replication-6.npy,batch-f6-null-transfer,17341226426432415584,8398977376302542684,13111769859730092129,0.19380880001699552,,,batch-f6-null-transfer-20260824-001
F6,X1,X3,f6-null-transfer,32,7,0.054563319669813766,0.45,residual_samples/batch-32-replication-7.csv,null_statistics/batch-32-replication-7.npy,batch-f6-null-transfer,15357685684752544771,5948805128475063529,1527834309916348878,0.18845499999588355,,,batch-f6-null-transfer-20260824-001
F6,X1,X3,f6-null-transfer,32,8,0.051363884928041434,0.57,residual_samples/batch-32-replication-8.csv,null_statistics/batch-32-replication-8.npy,batch-f6-null-transfer,7673976022504650292,11879986239858225702,16298003028928380681,0.18492070003412664,,,batch-f6-null-transfer-20260824-001
F6,X1,X3,f6-null-transfer,32,9,0.0744049191448373,0.075,residual_samples/batch-32-replication-9.csv,null_statistics/batch-32-replication-9.npy,batch-f6-null-transfer,1023701487372343827,9942744840062314275,8736787914572046703,0.18885360000422224,,,batch-f6-null-transfer-20260824-001
F6,X1,X3,f6-null-transfer,33,0,0.06498974704649008,0.205,residual_samples/batch-33-replication-0.csv,null_statistics/batch-33-replication-0.npy,batch-f6-null-transfer,18228187165716052266,5783955315250405147,9475876597090313315,0.18501900002593175,,,batch-f6-null-transfer-20260824-001
F6,X1,X3,f6-null-transfer,33,1,0.04144877067617278,0.935,residual_samples/batch-33-replication-1.csv,null_statistics/batch-33-replication-1.npy,batch-f6-null-transfer,8892158387655843268,13933762806950361725,1978560745048856474,0.18621220003115013,,,batch-f6-null-transfer-20260824-001
F6,X1,X3,f6-null-transfer,33,2,0.04730287654793278,0.765,residual_samples/batch-33-replication-2.csv,null_statistics/batch-33-replication-2.npy,batch-f6-null-transfer,2793032605660593958,10769239913732595975,1031407421976187598,0.18974930001422763,,,batch-f6-null-transfer-20260824-001
F6,X1,X3,f6-null-transfer,33,3,0.05100543550953169,0.52,residual_samples/batch-33-replication-3.csv,null_statistics/batch-33-replication-3.npy,batch-f6-null-transfer,2908372477578637883,11532521579954992751,14565196982376429824,0.18895849998807535,,,batch-f6-null-transfer-20260824-001
F6,X1,X3,f6-null-transfer,33,4,0.05598828925288297,0.385,residual_samples/batch-33-replication-4.csv,null_statistics/batch-33-replication-4.npy,batch-f6-null-transfer,2679718606974508784,4535185615903916598,10027089460513880235,0.18455030000768602,,,batch-f6-null-transfer-20260824-001
F6,X1,X3,f6-null-transfer,33,5,0.05411581494755622,0.495,residual_samples/batch-33-replication-5.csv,null_statistics/batch-33-replication-5.npy,batch-f6-null-transfer,15983724069090858536,5292690425713936921,2479326594170553723,0.1878209999995306,,,batch-f6-null-transfer-20260824-001
F6,X1,X3,f6-null-transfer,33,6,0.04768550049039472,0.74,residual_samples/batch-33-replication-6.csv,null_statistics/batch-33-replication-6.npy,batch-f6-null-transfer,17124188220740071713,7861428335876309396,17122726278909412027,0.18678529997123405,,,batch-f6-null-transfer-20260824-001
F6,X1,X3,f6-null-transfer,33,7,0.06725931358825916,0.17,residual_samples/batch-33-replication-7.csv,null_statistics/batch-33-replication-7.npy,batch-f6-null-transfer,12372983326188632655,3689475994701218427,14824772584113387119,0.18692180002108216,,,batch-f6-null-transfer-20260824-001
F6,X1,X3,f6-null-transfer,33,8,0.044022017715339534,0.885,residual_samples/batch-33-replication-8.csv,null_statistics/batch-33-replication-8.npy,batch-f6-null-transfer,5222728637857159667,13487355280248044684,14589771408447977236,0.1873090000008233,,,batch-f6-null-transfer-20260824-001
F6,X1,X3,f6-null-transfer,33,9,0.05019620548006978,0.705,residual_samples/batch-33-replication-9.csv,null_statistics/batch-33-replication-9.npy,batch-f6-null-transfer,7142554357217334427,16306404607169742003,17628668715679640859,0.18744599999627098,,,batch-f6-null-transfer-20260824-001
F6,X1,X3,f6-null-transfer,34,0,0.05947701474907667,0.27,residual_samples/batch-34-replication-0.csv,null_statistics/batch-34-replication-0.npy,batch-f6-null-transfer,10122802319918731571,10021686539513222622,2557565038143318514,0.18699740001466125,,,batch-f6-null-transfer-20260824-001
F6,X1,X3,f6-null-transfer,34,1,0.049882794478146225,0.645,residual_samples/batch-34-replication-1.csv,null_statistics/batch-34-replication-1.npy,batch-f6-null-transfer,6091361705023269649,371308122521980642,15212937494664491944,0.19125269999494776,,,batch-f6-null-transfer-20260824-001
F6,X1,X3,f6-null-transfer,34,2,0.03569020165097396,1.0,residual_samples/batch-34-replication-2.csv,null_statistics/batch-34-replication-2.npy,batch-f6-null-transfer,12254447461974777313,6475530348827426142,15806300558597093852,0.18614960002014413,,,batch-f6-null-transfer-20260824-001
F6,X1,X3,f6-null-transfer,34,3,0.04066352899821384,0.955,residual_samples/batch-34-replication-3.csv,null_statistics/batch-34-replication-3.npy,batch-f6-null-transfer,9746585988549694583,2961658830457273784,1686001559584724994,0.1863154000020586,,,batch-f6-null-transfer-20260824-001
F6,X1,X3,f6-null-transfer,34,4,0.06551315523487156,0.165,residual_samples/batch-34-replication-4.csv,null_statistics/batch-34-replication-4.npy,batch-f6-null-transfer,14029441150435920721,6238309625912919877,9271719063427979325,0.18526299996301532,,,batch-f6-null-transfer-20260824-001
F6,X1,X3,f6-null-transfer,34,5,0.053615503605378124,0.525,residual_samples/batch-34-replication-5.csv,null_statistics/batch-34-replication-5.npy,batch-f6-null-transfer,2573212075218988843,3114491434774686280,7439974488831557092,0.18823780003003776,,,batch-f6-null-transfer-20260824-001
F6,X1,X3,f6-null-transfer,34,6,0.04357541678307211,0.87,residual_samples/batch-34-replication-6.csv,null_statistics/batch-34-replication-6.npy,batch-f6-null-transfer,15887839341503283004,8928580698266386841,2020804393316891533,0.18623230000957847,,,batch-f6-null-transfer-20260824-001
F6,X1,X3,f6-null-transfer,34,7,0.04862489555307696,0.665,residual_samples/batch-34-replication-7.csv,null_statistics/batch-34-replication-7.npy,batch-f6-null-transfer,7769259255962259131,8648831215554329913,14566687153808295681,0.1852839999482967,,,batch-f6-null-transfer-20260824-001
F6,X1,X3,f6-null-transfer,34,8,0.050391918998618675,0.605,residual_samples/batch-34-replication-8.csv,null_statistics/batch-34-replication-8.npy,batch-f6-null-transfer,6980506505840925369,2168289742515760914,11338509019391294979,0.18701140000484884,,,batch-f6-null-transfer-20260824-001
F6,X1,X3,f6-null-transfer,34,9,0.06811850453087913,0.145,residual_samples/batch-34-replication-9.csv,null_statistics/batch-34-replication-9.npy,batch-f6-null-transfer,6330821527272818056,9018838176003919432,14463985976095446736,0.1868284000083804,,,batch-f6-null-transfer-20260824-001
F6,X1,X3,f6-null-transfer,35,0,0.053091883813787905,0.49,residual_samples/batch-35-replication-0.csv,null_statistics/batch-35-replication-0.npy,batch-f6-null-transfer,3430868223618170236,9364936817647581503,1713557681230395249,0.1848699999973178,,,batch-f6-null-transfer-20260824-001
F6,X1,X3,f6-null-transfer,35,1,0.049661389911299175,0.625,residual_samples/batch-35-replication-1.csv,null_statistics/batch-35-replication-1.npy,batch-f6-null-transfer,13543747418921048161,8901074197014943026,11379472587502377489,0.1902729999856092,,,batch-f6-null-transfer-20260824-001
F6,X1,X3,f6-null-transfer,35,2,0.05053642719182271,0.58,residual_samples/batch-35-replication-2.csv,null_statistics/batch-35-replication-2.npy,batch-f6-null-transfer,4839101904850142614,809472349153103656,15759241792488250007,0.1868671999545768,,,batch-f6-null-transfer-20260824-001
F6,X1,X3,f6-null-transfer,35,3,0.06421550604208012,0.165,residual_samples/batch-35-replication-3.csv,null_statistics/batch-35-replication-3.npy,batch-f6-null-transfer,4038131412478651601,11864403905181919075,12256362798134327281,0.18471530004171655,,,batch-f6-null-transfer-20260824-001
F6,X1,X3,f6-null-transfer,35,4,0.046564706684447066,0.805,residual_samples/batch-35-replication-4.csv,null_statistics/batch-35-replication-4.npy,batch-f6-null-transfer,1804465545117910814,6701739123449375410,18029871465650286910,0.18774610001128167,,,batch-f6-null-transfer-20260824-001
F6,X1,X3,f6-null-transfer,35,5,0.08157450671317015,0.01,residual_samples/batch-35-replication-5.csv,null_statistics/batch-35-replication-5.npy,batch-f6-null-transfer,17930306163316138382,15924501434273097381,4236427345140113160,0.18622390000382438,,,batch-f6-null-transfer-20260824-001
F6,X1,X3,f6-null-transfer,35,6,0.061555166912804306,0.24,residual_samples/batch-35-replication-6.csv,null_statistics/batch-35-replication-6.npy,batch-f6-null-transfer,6708062127026454055,11853716053311256763,10021006596609769725,0.18845049996161833,,,batch-f6-null-transfer-20260824-001
F6,X1,X3,f6-null-transfer,35,7,0.05761687103527644,0.31,residual_samples/batch-35-replication-7.csv,null_statistics/batch-35-replication-7.npy,batch-f6-null-transfer,16744622646320691037,9033384507391885660,12075031007342712666,0.18609909998485819,,,batch-f6-null-transfer-20260824-001
F6,X1,X3,f6-null-transfer,35,8,0.05567507684522674,0.425,residual_samples/batch-35-replication-8.csv,null_statistics/batch-35-replication-8.npy,batch-f6-null-transfer,1754362962484089235,297555366845996388,18301318070245400450,0.18667599995387718,,,batch-f6-null-transfer-20260824-001
F6,X1,X3,f6-null-transfer,35,9,0.04398903072537315,0.875,residual_samples/batch-35-replication-9.csv,null_statistics/batch-35-replication-9.npy,batch-f6-null-transfer,1473050126914493710,1271549084901186573,10630490488845612926,0.18677789997309446,,,batch-f6-null-transfer-20260824-001
F6,X1,X3,f6-null-transfer,36,0,0.04199501042731647,0.92,residual_samples/batch-36-replication-0.csv,null_statistics/batch-36-replication-0.npy,batch-f6-null-transfer,1789198464451928983,453452575179976267,15045766901549399488,0.18504140002187341,,,batch-f6-null-transfer-20260824-001
F6,X1,X3,f6-null-transfer,36,1,0.04657259932457339,0.77,residual_samples/batch-36-replication-1.csv,null_statistics/batch-36-replication-1.npy,batch-f6-null-transfer,15108537251768550793,15827172699899311648,5599714857122472367,0.18743990000803024,,,batch-f6-null-transfer-20260824-001
F6,X1,X3,f6-null-transfer,36,2,0.0418904235709379,0.95,residual_samples/batch-36-replication-2.csv,null_statistics/batch-36-replication-2.npy,batch-f6-null-transfer,16544806854961929627,14824942205957614675,14937574323245988544,0.18789669999387115,,,batch-f6-null-transfer-20260824-001
F6,X1,X3,f6-null-transfer,36,3,0.04751752352473254,0.735,residual_samples/batch-36-replication-3.csv,null_statistics/batch-36-replication-3.npy,batch-f6-null-transfer,4222662289894677843,5256464437760017602,15023394345568665301,0.18922070000553504,,,batch-f6-null-transfer-20260824-001
F6,X1,X3,f6-null-transfer,36,4,0.05392350365180882,0.525,residual_samples/batch-36-replication-4.csv,null_statistics/batch-36-replication-4.npy,batch-f6-null-transfer,18071317873669309336,6659512150024511596,17171742045243471782,0.1853289999999106,,,batch-f6-null-transfer-20260824-001
F6,X1,X3,f6-null-transfer,36,5,0.055311034416711355,0.395,residual_samples/batch-36-replication-5.csv,null_statistics/batch-36-replication-5.npy,batch-f6-null-transfer,725799654473792110,10436035609227882104,7954021158236540031,0.18469489994458854,,,batch-f6-null-transfer-20260824-001
F6,X1,X3,f6-null-transfer,36,6,0.06327779090876537,0.2,residual_samples/batch-36-replication-6.csv,null_statistics/batch-36-replication-6.npy,batch-f6-null-transfer,9749103657362445377,15314446357896451271,14279631653199427852,0.18456739996327087,,,batch-f6-null-transfer-20260824-001
F6,X1,X3,f6-null-transfer,36,7,0.05345389335542051,0.525,residual_samples/batch-36-replication-7.csv,null_statistics/batch-36-replication-7.npy,batch-f6-null-transfer,7159433917886314595,14134969652453762131,16420478481839874707,0.18657550000352785,,,batch-f6-null-transfer-20260824-001
F6,X1,X3,f6-null-transfer,36,8,0.05220392084723516,0.565,residual_samples/batch-36-replication-8.csv,null_statistics/batch-36-replication-8.npy,batch-f6-null-transfer,14817606305838464843,16016074854154455899,3099539827379560505,0.18568329996196553,,,batch-f6-null-transfer-20260824-001
F6,X1,X3,f6-null-transfer,36,9,0.050560233994890354,0.62,residual_samples/batch-36-replication-9.csv,null_statistics/batch-36-replication-9.npy,batch-f6-null-transfer,3006694725273671111,8472690244048735260,2245263974615120372,0.1863096000161022,,,batch-f6-null-transfer-20260824-001
F6,X1,X3,f6-null-transfer,37,0,0.04363388809570047,0.845,residual_samples/batch-37-replication-0.csv,null_statistics/batch-37-replication-0.npy,batch-f6-null-transfer,17436813276328662663,5683237019468033995,15593187328249862491,0.18847200000891462,,,batch-f6-null-transfer-20260824-001
F6,X1,X3,f6-null-transfer,37,1,0.043990866186927734,0.9,residual_samples/batch-37-replication-1.csv,null_statistics/batch-37-replication-1.npy,batch-f6-null-transfer,17528054910882186164,11804007427151961139,11846841787468142636,0.1855084999697283,,,batch-f6-null-transfer-20260824-001
F6,X1,X3,f6-null-transfer,37,2,0.04714871150787658,0.78,residual_samples/batch-37-replication-2.csv,null_statistics/batch-37-replication-2.npy,batch-f6-null-transfer,8361030588616067269,9276095850504153414,17683449755545214099,0.18831449997378513,,,batch-f6-null-transfer-20260824-001
F6,X1,X3,f6-null-transfer,37,3,0.06484286326615193,0.165,residual_samples/batch-37-replication-3.csv,null_statistics/batch-37-replication-3.npy,batch-f6-null-transfer,10189854746849028706,421292079799096768,13058025533287065203,0.18550019996473566,,,batch-f6-null-transfer-20260824-001
F6,X1,X3,f6-null-transfer,37,4,0.05971592767205574,0.255,residual_samples/batch-37-replication-4.csv,null_statistics/batch-37-replication-4.npy,batch-f6-null-transfer,14655650503205528697,4240428771047647704,18101636505472030502,0.18818380002630875,,,batch-f6-null-transfer-20260824-001
F6,X1,X3,f6-null-transfer,37,5,0.04905409063545612,0.685,residual_samples/batch-37-replication-5.csv,null_statistics/batch-37-replication-5.npy,batch-f6-null-transfer,2074929715446077643,7261611958135006608,5234856259014644677,0.186605499999132,,,batch-f6-null-transfer-20260824-001
F6,X1,X3,f6-null-transfer,37,6,0.055433021529128525,0.385,residual_samples/batch-37-replication-6.csv,null_statistics/batch-37-replication-6.npy,batch-f6-null-transfer,16082805627856151811,3329603629213374619,13472751350376006525,0.18548220000229776,,,batch-f6-null-transfer-20260824-001
F6,X1,X3,f6-null-transfer,37,7,0.06739254813056203,0.145,residual_samples/batch-37-replication-7.csv,null_statistics/batch-37-replication-7.npy,batch-f6-null-transfer,8185123456869818211,18190484070350092026,14332667807386224031,0.1865053999936208,,,batch-f6-null-transfer-20260824-001
F6,X1,X3,f6-null-transfer,37,8,0.04772055758328946,0.77,residual_samples/batch-37-replication-8.csv,null_statistics/batch-37-replication-8.npy,batch-f6-null-transfer,15198868391937368068,16022232992246633071,13842915690121538819,0.1860990000423044,,,batch-f6-null-transfer-20260824-001
F6,X1,X3,f6-null-transfer,37,9,0.062424364276906945,0.235,residual_samples/batch-37-replication-9.csv,null_statistics/batch-37-replication-9.npy,batch-f6-null-transfer,14054076004804667976,3092758421915677750,17922303096473848263,0.18580440001096576,,,batch-f6-null-transfer-20260824-001
F6,X1,X3,f6-null-transfer,38,0,0.04955186532964061,0.68,residual_samples/batch-38-replication-0.csv,null_statistics/batch-38-replication-0.npy,batch-f6-null-transfer,14705120245693960930,3803659273542347278,10676467590159325174,0.1891256999806501,,,batch-f6-null-transfer-20260824-001
F6,X1,X3,f6-null-transfer,38,1,0.055236227399866805,0.375,residual_samples/batch-38-replication-1.csv,null_statistics/batch-38-replication-1.npy,batch-f6-null-transfer,17994504062413891590,4147864756566454508,13088658431817569024,0.18843649997143075,,,batch-f6-null-transfer-20260824-001
F6,X1,X3,f6-null-transfer,38,2,0.05183291228370105,0.575,residual_samples/batch-38-replication-2.csv,null_statistics/batch-38-replication-2.npy,batch-f6-null-transfer,3169422366094302939,3929612181662156989,11537482292967445439,0.18582419998710975,,,batch-f6-null-transfer-20260824-001
F6,X1,X3,f6-null-transfer,38,3,0.045858179991015366,0.8,residual_samples/batch-38-replication-3.csv,null_statistics/batch-38-replication-3.npy,batch-f6-null-transfer,2996528630854226718,2885517994863372943,9916322389096251619,0.18778929999098182,,,batch-f6-null-transfer-20260824-001
F6,X1,X3,f6-null-transfer,38,4,0.046597200981943164,0.775,residual_samples/batch-38-replication-4.csv,null_statistics/batch-38-replication-4.npy,batch-f6-null-transfer,9208113445351290038,4989816109682000300,9045874704084904704,0.18441449996316805,,,batch-f6-null-transfer-20260824-001
F6,X1,X3,f6-null-transfer,38,5,0.06021012116769405,0.255,residual_samples/batch-38-replication-5.csv,null_statistics/batch-38-replication-5.npy,batch-f6-null-transfer,2610706381527044116,420444270213536053,5849762804268036752,0.1895226000342518,,,batch-f6-null-transfer-20260824-001
F6,X1,X3,f6-null-transfer,38,6,0.04484043118570843,0.85,residual_samples/batch-38-replication-6.csv,null_statistics/batch-38-replication-6.npy,batch-f6-null-transfer,3089527195240117596,117335156051118147,4492285833274621667,0.18696279998403043,,,batch-f6-null-transfer-20260824-001
F6,X1,X3,f6-null-transfer,38,7,0.03669399700347736,0.995,residual_samples/batch-38-replication-7.csv,null_statistics/batch-38-replication-7.npy,batch-f6-null-transfer,17253100763952840392,2555634690534021183,14855367825701172524,0.1866106999805197,,,batch-f6-null-transfer-20260824-001
F6,X1,X3,f6-null-transfer,38,8,0.05877281690523468,0.265,residual_samples/batch-38-replication-8.csv,null_statistics/batch-38-replication-8.npy,batch-f6-null-transfer,10934629475118126880,16237933043343366384,16455011348134064741,0.18741780001437292,,,batch-f6-null-transfer-20260824-001
F6,X1,X3,f6-null-transfer,38,9,0.04338832531138157,0.9,residual_samples/batch-38-replication-9.csv,null_statistics/batch-38-replication-9.npy,batch-f6-null-transfer,10325858455035334417,2576407425196362273,2198580700130609041,0.18526890000794083,,,batch-f6-null-transfer-20260824-001
F6,X1,X3,f6-null-transfer,39,0,0.03607782972014674,0.99,residual_samples/batch-39-replication-0.csv,null_statistics/batch-39-replication-0.npy,batch-f6-null-transfer,14136234608423301398,9217534091723735119,6538606914399819541,0.18597579997731373,,,batch-f6-null-transfer-20260824-001
F6,X1,X3,f6-null-transfer,39,1,0.05428443505412341,0.465,residual_samples/batch-39-replication-1.csv,null_statistics/batch-39-replication-1.npy,batch-f6-null-transfer,8634723171746830048,1884774541698512851,15876310152285407294,0.18789910001214594,,,batch-f6-null-transfer-20260824-001
F6,X1,X3,f6-null-transfer,39,2,0.04901203038561796,0.685,residual_samples/batch-39-replication-2.csv,null_statistics/batch-39-replication-2.npy,batch-f6-null-transfer,16598632354628173005,8938049779735898473,14988795403660281850,0.18522240000311285,,,batch-f6-null-transfer-20260824-001
F6,X1,X3,f6-null-transfer,39,3,0.05899838099682392,0.345,residual_samples/batch-39-replication-3.csv,null_statistics/batch-39-replication-3.npy,batch-f6-null-transfer,8337811372787971625,10038891756753321209,9876144307921848340,0.18476089998148382,,,batch-f6-null-transfer-20260824-001
F6,X1,X3,f6-null-transfer,39,4,0.05139950714764379,0.53,residual_samples/batch-39-replication-4.csv,null_statistics/batch-39-replication-4.npy,batch-f6-null-transfer,2000328728461010496,12985130814555986461,296583733394274148,0.18642440001713112,,,batch-f6-null-transfer-20260824-001
F6,X1,X3,f6-null-transfer,39,5,0.052453399921931286,0.535,residual_samples/batch-39-replication-5.csv,null_statistics/batch-39-replication-5.npy,batch-f6-null-transfer,9286743381124765664,3871286150521466092,11174966780378290689,0.18527700001141056,,,batch-f6-null-transfer-20260824-001
F6,X1,X3,f6-null-transfer,39,6,0.05140395254610287,0.6,residual_samples/batch-39-replication-6.csv,null_statistics/batch-39-replication-6.npy,batch-f6-null-transfer,11521880333823933272,10976995214646115822,4538060235629590217,0.18625809997320175,,,batch-f6-null-transfer-20260824-001
F6,X1,X3,f6-null-transfer,39,7,0.05014103519468714,0.735,residual_samples/batch-39-replication-7.csv,null_statistics/batch-39-replication-7.npy,batch-f6-null-transfer,11161075087773593763,3638008359170001362,1796221906378897676,0.18730069999583066,,,batch-f6-null-transfer-20260824-001
F6,X1,X3,f6-null-transfer,39,8,0.044889519972356996,0.845,residual_samples/batch-39-replication-8.csv,null_statistics/batch-39-replication-8.npy,batch-f6-null-transfer,14978793908308036871,14299034169354434352,4518466185044057166,0.18462339998222888,,,batch-f6-null-transfer-20260824-001
F6,X1,X3,f6-null-transfer,39,9,0.04761178837682847,0.78,residual_samples/batch-39-replication-9.csv,null_statistics/batch-39-replication-9.npy,batch-f6-null-transfer,6828339840085645607,10183269411378759068,6666859442055741193,0.1868030999903567,,,batch-f6-null-transfer-20260824-001
F6,X1,X3,f6-null-transfer,40,0,0.06344270310828361,0.215,residual_samples/batch-40-replication-0.csv,null_statistics/batch-40-replication-0.npy,batch-f6-null-transfer,4336802906131953303,6884766045554354808,13146032249595919274,0.18501289997948334,,,batch-f6-null-transfer-20260824-001
F6,X1,X3,f6-null-transfer,40,1,0.04460686566988784,0.87,residual_samples/batch-40-replication-1.csv,null_statistics/batch-40-replication-1.npy,batch-f6-null-transfer,11003541760546780309,12648079310059340913,13093566779953030434,0.18525410001166165,,,batch-f6-null-transfer-20260824-001
F6,X1,X3,f6-null-transfer,40,2,0.04428884305225182,0.805,residual_samples/batch-40-replication-2.csv,null_statistics/batch-40-replication-2.npy,batch-f6-null-transfer,6296801182994928530,5566633304537524696,13583611932890752951,0.18505010002991185,,,batch-f6-null-transfer-20260824-001
F6,X1,X3,f6-null-transfer,40,3,0.054304795811566046,0.41,residual_samples/batch-40-replication-3.csv,null_statistics/batch-40-replication-3.npy,batch-f6-null-transfer,5913690890516098461,9091860173449007356,11169357671467618175,0.1856079999706708,,,batch-f6-null-transfer-20260824-001
F6,X1,X3,f6-null-transfer,40,4,0.0470484900682552,0.835,residual_samples/batch-40-replication-4.csv,null_statistics/batch-40-replication-4.npy,batch-f6-null-transfer,3464365967654575376,10413378684347947904,15044667372518092416,0.18518099997891113,,,batch-f6-null-transfer-20260824-001
F6,X1,X3,f6-null-transfer,40,5,0.057229560441118814,0.4,residual_samples/batch-40-replication-5.csv,null_statistics/batch-40-replication-5.npy,batch-f6-null-transfer,6147037410290192043,5818167502171641571,4072684458284133399,0.18353590002516285,,,batch-f6-null-transfer-20260824-001
F6,X1,X3,f6-null-transfer,40,6,0.08624316104673477,0.025,residual_samples/batch-40-replication-6.csv,null_statistics/batch-40-replication-6.npy,batch-f6-null-transfer,8007319099242553232,7579814098406916905,15504536937610394789,0.1869338999968022,,,batch-f6-null-transfer-20260824-001
F6,X1,X3,f6-null-transfer,40,7,0.0417855828606851,0.93,residual_samples/batch-40-replication-7.csv,null_statistics/batch-40-replication-7.npy,batch-f6-null-transfer,11594221951171629998,10960875009847262867,13252870975350020233,0.18644770001992583,,,batch-f6-null-transfer-20260824-001
F6,X1,X3,f6-null-transfer,40,8,0.04612534901336884,0.85,residual_samples/batch-40-replication-8.csv,null_statistics/batch-40-replication-8.npy,batch-f6-null-transfer,9362346385201501280,3248545687310790573,5236387665291119394,0.18642830004682764,,,batch-f6-null-transfer-20260824-001
F6,X1,X3,f6-null-transfer,40,9,0.04704243744924253,0.78,residual_samples/batch-40-replication-9.csv,null_statistics/batch-40-replication-9.npy,batch-f6-null-transfer,3210634768969323391,5185606361465653629,10970904826538975978,0.18393290002131835,,,batch-f6-null-transfer-20260824-001
F6,X1,X3,f6-null-transfer,41,0,0.049889200027942816,0.685,residual_samples/batch-41-replication-0.csv,null_statistics/batch-41-replication-0.npy,batch-f6-null-transfer,15659779160427030911,11156681454003553250,9972741133243650457,0.18599450000328943,,,batch-f6-null-transfer-20260824-001
F6,X1,X3,f6-null-transfer,41,1,0.044670305290225455,0.91,residual_samples/batch-41-replication-1.csv,null_statistics/batch-41-replication-1.npy,batch-f6-null-transfer,7869379977718281926,17410193515739165695,5992644905379231127,0.18408869998529553,,,batch-f6-null-transfer-20260824-001
F6,X1,X3,f6-null-transfer,41,2,0.060911492141848454,0.175,residual_samples/batch-41-replication-2.csv,null_statistics/batch-41-replication-2.npy,batch-f6-null-transfer,5766954233650566484,568909222604113588,16962936278424573381,0.18615669995779172,,,batch-f6-null-transfer-20260824-001
F6,X1,X3,f6-null-transfer,41,3,0.04893565996849112,0.62,residual_samples/batch-41-replication-3.csv,null_statistics/batch-41-replication-3.npy,batch-f6-null-transfer,12759001989315206618,2731775500243048982,8808886244758795803,0.1860852999961935,,,batch-f6-null-transfer-20260824-001
F6,X1,X3,f6-null-transfer,41,4,0.049553592299415014,0.725,residual_samples/batch-41-replication-4.csv,null_statistics/batch-41-replication-4.npy,batch-f6-null-transfer,2581217894977427666,6795026671432614398,14924439200587329978,0.18572430004132912,,,batch-f6-null-transfer-20260824-001
F6,X1,X3,f6-null-transfer,41,5,0.05427306585869685,0.535,residual_samples/batch-41-replication-5.csv,null_statistics/batch-41-replication-5.npy,batch-f6-null-transfer,14594108940173599376,7760416340919265811,15494933101556821016,0.18725909997010604,,,batch-f6-null-transfer-20260824-001
F6,X1,X3,f6-null-transfer,41,6,0.052834198539438666,0.5,residual_samples/batch-41-replication-6.csv,null_statistics/batch-41-replication-6.npy,batch-f6-null-transfer,2522386398854189835,12903519911767369257,17522564105136657593,0.18604369997046888,,,batch-f6-null-transfer-20260824-001
F6,X1,X3,f6-null-transfer,41,7,0.0645776655061211,0.14,residual_samples/batch-41-replication-7.csv,null_statistics/batch-41-replication-7.npy,batch-f6-null-transfer,12254127630967954327,17883737196688346769,4106143394958523073,0.18814310000743717,,,batch-f6-null-transfer-20260824-001
F6,X1,X3,f6-null-transfer,41,8,0.042723552801681906,0.935,residual_samples/batch-41-replication-8.csv,null_statistics/batch-41-replication-8.npy,batch-f6-null-transfer,1241987925786505667,578796452384435164,8126794984089393480,0.18541179999010637,,,batch-f6-null-transfer-20260824-001
F6,X1,X3,f6-null-transfer,41,9,0.05974796611751571,0.265,residual_samples/batch-41-replication-9.csv,null_statistics/batch-41-replication-9.npy,batch-f6-null-transfer,16028480528112886150,6557088894341864797,17988792797375086194,0.1857698999810964,,,batch-f6-null-transfer-20260824-001
F6,X1,X3,f6-null-transfer,42,0,0.04046214878394151,0.95,residual_samples/batch-42-replication-0.csv,null_statistics/batch-42-replication-0.npy,batch-f6-null-transfer,4734559511235900693,8650490625476714004,7112874028985422558,0.19043759995838627,,,batch-f6-null-transfer-20260824-001
F6,X1,X3,f6-null-transfer,42,1,0.05303771293479232,0.53,residual_samples/batch-42-replication-1.csv,null_statistics/batch-42-replication-1.npy,batch-f6-null-transfer,3662255420656883504,555777045820027185,5445938399318928635,0.18938399996841326,,,batch-f6-null-transfer-20260824-001
F6,X1,X3,f6-null-transfer,42,2,0.03867394589476969,0.97,residual_samples/batch-42-replication-2.csv,null_statistics/batch-42-replication-2.npy,batch-f6-null-transfer,11177201548423630296,6474450270251754378,11621084694532203918,0.18418969999765977,,,batch-f6-null-transfer-20260824-001
F6,X1,X3,f6-null-transfer,42,3,0.03770678048664887,0.99,residual_samples/batch-42-replication-3.csv,null_statistics/batch-42-replication-3.npy,batch-f6-null-transfer,16998677436085160873,13442971765752796133,9996850958861786777,0.18853290000697598,,,batch-f6-null-transfer-20260824-001
F6,X1,X3,f6-null-transfer,42,4,0.10432480646127149,0.005,residual_samples/batch-42-replication-4.csv,null_statistics/batch-42-replication-4.npy,batch-f6-null-transfer,17684076044784422956,13674524237335292925,1598879817176101849,0.18492309999419376,,,batch-f6-null-transfer-20260824-001
F6,X1,X3,f6-null-transfer,42,5,0.049487585502000254,0.645,residual_samples/batch-42-replication-5.csv,null_statistics/batch-42-replication-5.npy,batch-f6-null-transfer,16973228114145216641,8031194580456825858,13810324356808685232,0.18657950003398582,,,batch-f6-null-transfer-20260824-001
F6,X1,X3,f6-null-transfer,42,6,0.04842688001011364,0.715,residual_samples/batch-42-replication-6.csv,null_statistics/batch-42-replication-6.npy,batch-f6-null-transfer,17187239929366992906,4221708698840821626,7900478722578514494,0.1880407999851741,,,batch-f6-null-transfer-20260824-001
F6,X1,X3,f6-null-transfer,42,7,0.04765066034273284,0.75,residual_samples/batch-42-replication-7.csv,null_statistics/batch-42-replication-7.npy,batch-f6-null-transfer,17184525334845485,6690400205711805185,11883004728957674454,0.18561069999122992,,,batch-f6-null-transfer-20260824-001
F6,X1,X3,f6-null-transfer,42,8,0.055968441605988746,0.31,residual_samples/batch-42-replication-8.csv,null_statistics/batch-42-replication-8.npy,batch-f6-null-transfer,13967390424490924276,4736104147344310808,5298492556402605892,0.18475459999172017,,,batch-f6-null-transfer-20260824-001
F6,X1,X3,f6-null-transfer,42,9,0.06157617439877843,0.26,residual_samples/batch-42-replication-9.csv,null_statistics/batch-42-replication-9.npy,batch-f6-null-transfer,11739979988709257299,16580591028566465116,3465713072356521919,0.1885994000476785,,,batch-f6-null-transfer-20260824-001
F6,X1,X3,f6-null-transfer,43,0,0.04735185122723852,0.765,residual_samples/batch-43-replication-0.csv,null_statistics/batch-43-replication-0.npy,batch-f6-null-transfer,12377131061842444243,16852231118248444044,5830664607219652394,0.18583400000352412,,,batch-f6-null-transfer-20260824-001
F6,X1,X3,f6-null-transfer,43,1,0.0454139640029423,0.84,residual_samples/batch-43-replication-1.csv,null_statistics/batch-43-replication-1.npy,batch-f6-null-transfer,7003123784680564885,4260323687146796844,16336831725916447526,0.18983589997515082,,,batch-f6-null-transfer-20260824-001
F6,X1,X3,f6-null-transfer,43,2,0.047745228373900946,0.665,residual_samples/batch-43-replication-2.csv,null_statistics/batch-43-replication-2.npy,batch-f6-null-transfer,5816366285521919496,15233860035048828575,11863655985479484436,0.18671539996284992,,,batch-f6-null-transfer-20260824-001
F6,X1,X3,f6-null-transfer,43,3,0.06452188924074374,0.135,residual_samples/batch-43-replication-3.csv,null_statistics/batch-43-replication-3.npy,batch-f6-null-transfer,16089402762946548442,1586879931813856628,7100858560811578513,0.18549999996321276,,,batch-f6-null-transfer-20260824-001
F6,X1,X3,f6-null-transfer,43,4,0.03961891301606263,0.965,residual_samples/batch-43-replication-4.csv,null_statistics/batch-43-replication-4.npy,batch-f6-null-transfer,6116643814018329817,16627499174909622359,2584286377946810694,0.18552129995077848,,,batch-f6-null-transfer-20260824-001
F6,X1,X3,f6-null-transfer,43,5,0.0668811327820348,0.125,residual_samples/batch-43-replication-5.csv,null_statistics/batch-43-replication-5.npy,batch-f6-null-transfer,2275076354183473717,15304982199973717999,4977796723186700217,0.1870331999962218,,,batch-f6-null-transfer-20260824-001
F6,X1,X3,f6-null-transfer,43,6,0.07553852596293302,0.06,residual_samples/batch-43-replication-6.csv,null_statistics/batch-43-replication-6.npy,batch-f6-null-transfer,486338629239622905,4356238024670993124,6748245767275654373,0.1857492999988608,,,batch-f6-null-transfer-20260824-001
F6,X1,X3,f6-null-transfer,43,7,0.0806251974204439,0.03,residual_samples/batch-43-replication-7.csv,null_statistics/batch-43-replication-7.npy,batch-f6-null-transfer,7638425514901037705,15503933502360880560,8024403192886407636,0.18525119998957962,,,batch-f6-null-transfer-20260824-001
F6,X1,X3,f6-null-transfer,43,8,0.07136849472484123,0.075,residual_samples/batch-43-replication-8.csv,null_statistics/batch-43-replication-8.npy,batch-f6-null-transfer,14346524537494163139,10643324104434577087,15628339542691743791,0.18568569998024032,,,batch-f6-null-transfer-20260824-001
F6,X1,X3,f6-null-transfer,43,9,0.04993529339070499,0.69,residual_samples/batch-43-replication-9.csv,null_statistics/batch-43-replication-9.npy,batch-f6-null-transfer,8045424568310188132,1503840517502571677,7162602778476090471,0.1855090000317432,,,batch-f6-null-transfer-20260824-001
F6,X1,X3,f6-null-transfer,44,0,0.0610711118561747,0.245,residual_samples/batch-44-replication-0.csv,null_statistics/batch-44-replication-0.npy,batch-f6-null-transfer,17218508417447575462,14737797305319483415,1453152759686699647,0.18664439994608983,,,batch-f6-null-transfer-20260824-001
F6,X1,X3,f6-null-transfer,44,1,0.062279716210210855,0.155,residual_samples/batch-44-replication-1.csv,null_statistics/batch-44-replication-1.npy,batch-f6-null-transfer,17639346871708531241,162639976233391598,2650995015718493315,0.185417500033509,,,batch-f6-null-transfer-20260824-001
F6,X1,X3,f6-null-transfer,44,2,0.06870138472091422,0.145,residual_samples/batch-44-replication-2.csv,null_statistics/batch-44-replication-2.npy,batch-f6-null-transfer,4382349614647161208,14839476922207911755,18125158818760772914,0.18841709999833256,,,batch-f6-null-transfer-20260824-001
F6,X1,X3,f6-null-transfer,44,3,0.07971028015155636,0.05,residual_samples/batch-44-replication-3.csv,null_statistics/batch-44-replication-3.npy,batch-f6-null-transfer,15154327016962814919,12477676106829642483,189911341139812760,0.18429540004581213,,,batch-f6-null-transfer-20260824-001
F6,X1,X3,f6-null-transfer,44,4,0.05462600436921448,0.475,residual_samples/batch-44-replication-4.csv,null_statistics/batch-44-replication-4.npy,batch-f6-null-transfer,17780557633529457085,13135045670663040885,7564361594211833071,0.18471070000668988,,,batch-f6-null-transfer-20260824-001
F6,X1,X3,f6-null-transfer,44,5,0.06034445216752652,0.34,residual_samples/batch-44-replication-5.csv,null_statistics/batch-44-replication-5.npy,batch-f6-null-transfer,10294519225705051239,1707089643696235892,16626555455441702282,0.18669899995438755,,,batch-f6-null-transfer-20260824-001
F6,X1,X3,f6-null-transfer,44,6,0.08175815768864823,0.03,residual_samples/batch-44-replication-6.csv,null_statistics/batch-44-replication-6.npy,batch-f6-null-transfer,3104462336140133939,15901925194872623259,9567476479121344487,0.1850982999894768,,,batch-f6-null-transfer-20260824-001
F6,X1,X3,f6-null-transfer,44,7,0.0648482436116496,0.15,residual_samples/batch-44-replication-7.csv,null_statistics/batch-44-replication-7.npy,batch-f6-null-transfer,4732406999147808453,4394879045116262163,6981897768368054131,0.1878561000339687,,,batch-f6-null-transfer-20260824-001
F6,X1,X3,f6-null-transfer,44,8,0.05479643074878712,0.465,residual_samples/batch-44-replication-8.csv,null_statistics/batch-44-replication-8.npy,batch-f6-null-transfer,6619191092263005540,15656620837910113394,16046174072495716116,0.18769670004257932,,,batch-f6-null-transfer-20260824-001
F6,X1,X3,f6-null-transfer,44,9,0.05670772785240508,0.42,residual_samples/batch-44-replication-9.csv,null_statistics/batch-44-replication-9.npy,batch-f6-null-transfer,166903486034483657,14668182618362145478,16027991386678349089,0.1854272999917157,,,batch-f6-null-transfer-20260824-001
F6,X1,X3,f6-null-transfer,45,0,0.04544553152527433,0.78,residual_samples/batch-45-replication-0.csv,null_statistics/batch-45-replication-0.npy,batch-f6-null-transfer,6754796289588219295,6783811393529581568,6773358840218606663,0.18747930001700297,,,batch-f6-null-transfer-20260824-001
F6,X1,X3,f6-null-transfer,45,1,0.06972122426831,0.12,residual_samples/batch-45-replication-1.csv,null_statistics/batch-45-replication-1.npy,batch-f6-null-transfer,6733137677475585699,3337631539151434687,13477428242877392251,0.18417999998200685,,,batch-f6-null-transfer-20260824-001
F6,X1,X3,f6-null-transfer,45,2,0.05811774531368177,0.365,residual_samples/batch-45-replication-2.csv,null_statistics/batch-45-replication-2.npy,batch-f6-null-transfer,6472627637598369049,10592763506743164548,3340621235833462896,0.1846961000119336,,,batch-f6-null-transfer-20260824-001
F6,X1,X3,f6-null-transfer,45,3,0.05648772047882394,0.32,residual_samples/batch-45-replication-3.csv,null_statistics/batch-45-replication-3.npy,batch-f6-null-transfer,8835156181082284313,15749874423364837002,17778525539273591765,0.18607759999576956,,,batch-f6-null-transfer-20260824-001
F6,X1,X3,f6-null-transfer,45,4,0.059363668653415774,0.325,residual_samples/batch-45-replication-4.csv,null_statistics/batch-45-replication-4.npy,batch-f6-null-transfer,14813966973795401252,13971816858086571094,14288995395916069224,0.18667140003526583,,,batch-f6-null-transfer-20260824-001
F6,X1,X3,f6-null-transfer,45,5,0.07631652111264428,0.05,residual_samples/batch-45-replication-5.csv,null_statistics/batch-45-replication-5.npy,batch-f6-null-transfer,13891850619872681573,16416473776802020564,15908753967281271133,0.18546010000864044,,,batch-f6-null-transfer-20260824-001
F6,X1,X3,f6-null-transfer,45,6,0.04162027269394984,0.96,residual_samples/batch-45-replication-6.csv,null_statistics/batch-45-replication-6.npy,batch-f6-null-transfer,8359671417956147797,5694648492172333499,14039260217544808678,0.18442010000580922,,,batch-f6-null-transfer-20260824-001
F6,X1,X3,f6-null-transfer,45,7,0.053720126954725264,0.505,residual_samples/batch-45-replication-7.csv,null_statistics/batch-45-replication-7.npy,batch-f6-null-transfer,8265733851703384637,10454123668851957258,9958428256127658653,0.1853265999816358,,,batch-f6-null-transfer-20260824-001
F6,X1,X3,f6-null-transfer,45,8,0.05164536729448816,0.535,residual_samples/batch-45-replication-8.csv,null_statistics/batch-45-replication-8.npy,batch-f6-null-transfer,15313580333072388832,6176830395444604488,16215076798716317578,0.18680829997174442,,,batch-f6-null-transfer-20260824-001
F6,X1,X3,f6-null-transfer,45,9,0.05753525347433899,0.375,residual_samples/batch-45-replication-9.csv,null_statistics/batch-45-replication-9.npy,batch-f6-null-transfer,13850123024040098171,5589755138982133888,10114720821165198188,0.18627479998394847,,,batch-f6-null-transfer-20260824-001
F6,X1,X3,f6-null-transfer,46,0,0.0550053128013034,0.43,residual_samples/batch-46-replication-0.csv,null_statistics/batch-46-replication-0.npy,batch-f6-null-transfer,3429358402905319818,6272087151385085810,15748454030400515861,0.18646300002001226,,,batch-f6-null-transfer-20260824-001
F6,X1,X3,f6-null-transfer,46,1,0.05206894847559771,0.475,residual_samples/batch-46-replication-1.csv,null_statistics/batch-46-replication-1.npy,batch-f6-null-transfer,18284606802614197967,12694158583502718775,2761569701010458401,0.18948290002299473,,,batch-f6-null-transfer-20260824-001
F6,X1,X3,f6-null-transfer,46,2,0.07723387257828744,0.04,residual_samples/batch-46-replication-2.csv,null_statistics/batch-46-replication-2.npy,batch-f6-null-transfer,11410397524931560531,6500120917593497333,3694004818979215262,0.18656390003161505,,,batch-f6-null-transfer-20260824-001
F6,X1,X3,f6-null-transfer,46,3,0.04531773596365703,0.865,residual_samples/batch-46-replication-3.csv,null_statistics/batch-46-replication-3.npy,batch-f6-null-transfer,15068497791904963992,18380757257754510146,13544590219909243378,0.18588539998745546,,,batch-f6-null-transfer-20260824-001
F6,X1,X3,f6-null-transfer,46,4,0.07224435989317236,0.11,residual_samples/batch-46-replication-4.csv,null_statistics/batch-46-replication-4.npy,batch-f6-null-transfer,16653481316385781909,9177688721434611795,297418340948301200,0.18809429998509586,,,batch-f6-null-transfer-20260824-001
F6,X1,X3,f6-null-transfer,46,5,0.04268870833211037,0.895,residual_samples/batch-46-replication-5.csv,null_statistics/batch-46-replication-5.npy,batch-f6-null-transfer,9530503414861277392,3589147891526411695,12082775967997345238,0.18756369996117428,,,batch-f6-null-transfer-20260824-001
F6,X1,X3,f6-null-transfer,46,6,0.05862615977459269,0.28,residual_samples/batch-46-replication-6.csv,null_statistics/batch-46-replication-6.npy,batch-f6-null-transfer,15233051473822556032,7807957287946552734,3302259228202460868,0.1870457999757491,,,batch-f6-null-transfer-20260824-001
F6,X1,X3,f6-null-transfer,46,7,0.04504752572266515,0.83,residual_samples/batch-46-replication-7.csv,null_statistics/batch-46-replication-7.npy,batch-f6-null-transfer,8261184955994311540,5512967646890386366,6896159661409972577,0.1855441000079736,,,batch-f6-null-transfer-20260824-001
F6,X1,X3,f6-null-transfer,46,8,0.0457118748791227,0.81,residual_samples/batch-46-replication-8.csv,null_statistics/batch-46-replication-8.npy,batch-f6-null-transfer,2490238719707090891,5770227098011219830,3322845786844294475,0.18759119999594986,,,batch-f6-null-transfer-20260824-001
F6,X1,X3,f6-null-transfer,46,9,0.06311581725525794,0.19,residual_samples/batch-46-replication-9.csv,null_statistics/batch-46-replication-9.npy,batch-f6-null-transfer,1066940010638939841,11749372447561902456,7898001532803698128,0.1873757000430487,,,batch-f6-null-transfer-20260824-001
F6,X1,X3,f6-null-transfer,47,0,0.059203357831009704,0.295,residual_samples/batch-47-replication-0.csv,null_statistics/batch-47-replication-0.npy,batch-f6-null-transfer,15637284472786314492,5879855849420044021,12817627809720865464,0.18534879997605458,,,batch-f6-null-transfer-20260824-001
F6,X1,X3,f6-null-transfer,47,1,0.056445945203927365,0.38,residual_samples/batch-47-replication-1.csv,null_statistics/batch-47-replication-1.npy,batch-f6-null-transfer,12845224766225280219,9388531559073459750,10716646389489613453,0.18818999995710328,,,batch-f6-null-transfer-20260824-001
F6,X1,X3,f6-null-transfer,47,2,0.09692153336741817,0.01,residual_samples/batch-47-replication-2.csv,null_statistics/batch-47-replication-2.npy,batch-f6-null-transfer,18310164638593403974,15259422089577968591,14953000912173020821,0.18472879996988922,,,batch-f6-null-transfer-20260824-001
F6,X1,X3,f6-null-transfer,47,3,0.052894450298699526,0.475,residual_samples/batch-47-replication-3.csv,null_statistics/batch-47-replication-3.npy,batch-f6-null-transfer,18081780221783803090,14685968668127108908,2397387443737699062,0.18655779998516664,,,batch-f6-null-transfer-20260824-001
F6,X1,X3,f6-null-transfer,47,4,0.051974691902787036,0.495,residual_samples/batch-47-replication-4.csv,null_statistics/batch-47-replication-4.npy,batch-f6-null-transfer,7443644784825658927,5093732803659736014,4497286247564044880,0.1855193999945186,,,batch-f6-null-transfer-20260824-001
F6,X1,X3,f6-null-transfer,47,5,0.0709332915776422,0.1,residual_samples/batch-47-replication-5.csv,null_statistics/batch-47-replication-5.npy,batch-f6-null-transfer,17807382996434553361,2442245234727445561,6559253549439830310,0.1847278000204824,,,batch-f6-null-transfer-20260824-001
F6,X1,X3,f6-null-transfer,47,6,0.06514211067449677,0.17,residual_samples/batch-47-replication-6.csv,null_statistics/batch-47-replication-6.npy,batch-f6-null-transfer,17239486199014397556,14124533803970292903,5486440000743121741,0.18460290000075474,,,batch-f6-null-transfer-20260824-001
F6,X1,X3,f6-null-transfer,47,7,0.061212189374411245,0.21,residual_samples/batch-47-replication-7.csv,null_statistics/batch-47-replication-7.npy,batch-f6-null-transfer,6423842181589002046,7812916191538238447,5775074813215940318,0.18713340000249445,,,batch-f6-null-transfer-20260824-001
F6,X1,X3,f6-null-transfer,47,8,0.050454869631520675,0.635,residual_samples/batch-47-replication-8.csv,null_statistics/batch-47-replication-8.npy,batch-f6-null-transfer,17364275275260035306,7565899497202612875,12676446615833685102,0.18544149998342618,,,batch-f6-null-transfer-20260824-001
F6,X1,X3,f6-null-transfer,47,9,0.043112954624821016,0.9,residual_samples/batch-47-replication-9.csv,null_statistics/batch-47-replication-9.npy,batch-f6-null-transfer,4945430599956551962,11478273683241874557,14231461094777373319,0.18659989995649084,,,batch-f6-null-transfer-20260824-001
F6,X1,X3,f6-null-transfer,48,0,0.04785340569148672,0.74,residual_samples/batch-48-replication-0.csv,null_statistics/batch-48-replication-0.npy,batch-f6-null-transfer,3010857150076479593,11359180623035818791,13191429225780051525,0.18777369998861104,,,batch-f6-null-transfer-20260824-001
F6,X1,X3,f6-null-transfer,48,1,0.060429987108976194,0.28,residual_samples/batch-48-replication-1.csv,null_statistics/batch-48-replication-1.npy,batch-f6-null-transfer,2535656024369099196,16284626334388128514,2242168362334404211,0.18439440004294738,,,batch-f6-null-transfer-20260824-001
F6,X1,X3,f6-null-transfer,48,2,0.059012468437580116,0.3,residual_samples/batch-48-replication-2.csv,null_statistics/batch-48-replication-2.npy,batch-f6-null-transfer,7358986624444671186,1419359122574103002,17043859614650485017,0.184838299988769,,,batch-f6-null-transfer-20260824-001
F6,X1,X3,f6-null-transfer,48,3,0.08537819369993341,0.015,residual_samples/batch-48-replication-3.csv,null_statistics/batch-48-replication-3.npy,batch-f6-null-transfer,11716083779194606713,566294640025864547,9421230974089350009,0.18700799997895956,,,batch-f6-null-transfer-20260824-001
F6,X1,X3,f6-null-transfer,48,4,0.04814659149024961,0.725,residual_samples/batch-48-replication-4.csv,null_statistics/batch-48-replication-4.npy,batch-f6-null-transfer,59683620880921636,17313822408165989268,6199600961331054144,0.19797079998534173,,,batch-f6-null-transfer-20260824-001
F6,X1,X3,f6-null-transfer,48,5,0.05334798176755577,0.43,residual_samples/batch-48-replication-5.csv,null_statistics/batch-48-replication-5.npy,batch-f6-null-transfer,14135707577371932020,16834172958008300438,11565343080364332193,0.1915112000424415,,,batch-f6-null-transfer-20260824-001
F6,X1,X3,f6-null-transfer,48,6,0.06480867506189117,0.155,residual_samples/batch-48-replication-6.csv,null_statistics/batch-48-replication-6.npy,batch-f6-null-transfer,11448221568821488240,1584580274015626299,15136000404923414374,0.196164500026498,,,batch-f6-null-transfer-20260824-001
F6,X1,X3,f6-null-transfer,48,7,0.08752805273571143,0.015,residual_samples/batch-48-replication-7.csv,null_statistics/batch-48-replication-7.npy,batch-f6-null-transfer,13370023704999091618,6814366640125894958,18382396043138934567,0.18726179999066517,,,batch-f6-null-transfer-20260824-001
F6,X1,X3,f6-null-transfer,48,8,0.04115084885604808,0.95,residual_samples/batch-48-replication-8.csv,null_statistics/batch-48-replication-8.npy,batch-f6-null-transfer,11035178709451272148,16431098873224509727,16026341888437549797,0.1880331999855116,,,batch-f6-null-transfer-20260824-001
F6,X1,X3,f6-null-transfer,48,9,0.044738813032729655,0.795,residual_samples/batch-48-replication-9.csv,null_statistics/batch-48-replication-9.npy,batch-f6-null-transfer,12641080438523440539,15941703189388875044,9995325838786805109,0.19002249999903142,,,batch-f6-null-transfer-20260824-001
F6,X1,X3,f6-null-transfer,49,0,0.05108021885716246,0.61,residual_samples/batch-49-replication-0.csv,null_statistics/batch-49-replication-0.npy,batch-f6-null-transfer,10589823816447667695,7126938380505136583,10272164347875639010,0.18764550000196323,,,batch-f6-null-transfer-20260824-001
F6,X1,X3,f6-null-transfer,49,1,0.04693099628441487,0.7,residual_samples/batch-49-replication-1.csv,null_statistics/batch-49-replication-1.npy,batch-f6-null-transfer,15608556622497749676,14756598733877605773,6673572054411126931,0.18554849998326972,,,batch-f6-null-transfer-20260824-001
F6,X1,X3,f6-null-transfer,49,2,0.04482816874904913,0.82,residual_samples/batch-49-replication-2.csv,null_statistics/batch-49-replication-2.npy,batch-f6-null-transfer,11410135267788215371,6389031890461661126,210085019255426537,0.18400219996692613,,,batch-f6-null-transfer-20260824-001
F6,X1,X3,f6-null-transfer,49,3,0.05379674968142236,0.5,residual_samples/batch-49-replication-3.csv,null_statistics/batch-49-replication-3.npy,batch-f6-null-transfer,16777775656228946045,2059388003268011206,286506456647446244,0.18554919998859987,,,batch-f6-null-transfer-20260824-001
F6,X1,X3,f6-null-transfer,49,4,0.053481563506932575,0.505,residual_samples/batch-49-replication-4.csv,null_statistics/batch-49-replication-4.npy,batch-f6-null-transfer,1929887910278146066,8854105905256498432,14870006211131713499,0.18665170000167564,,,batch-f6-null-transfer-20260824-001
F6,X1,X3,f6-null-transfer,49,5,0.03916710166310777,0.975,residual_samples/batch-49-replication-5.csv,null_statistics/batch-49-replication-5.npy,batch-f6-null-transfer,1724742384804637010,7914843656407812064,6820413027553955769,0.1870041000074707,,,batch-f6-null-transfer-20260824-001
F6,X1,X3,f6-null-transfer,49,6,0.10646075034541748,0.005,residual_samples/batch-49-replication-6.csv,null_statistics/batch-49-replication-6.npy,batch-f6-null-transfer,8991586932312310547,3761971215689382657,15337450271884412686,0.18730479996884242,,,batch-f6-null-transfer-20260824-001
F6,X1,X3,f6-null-transfer,49,7,0.04839603447223539,0.675,residual_samples/batch-49-replication-7.csv,null_statistics/batch-49-replication-7.npy,batch-f6-null-transfer,13286629348132578815,1183424932325835668,1234879755880715070,0.1853152000112459,,,batch-f6-null-transfer-20260824-001
F6,X1,X3,f6-null-transfer,49,8,0.03892050872777696,0.965,residual_samples/batch-49-replication-8.csv,null_statistics/batch-49-replication-8.npy,batch-f6-null-transfer,10326800302520204158,14834729404002432731,8681609276648370974,0.1868806999991648,,,batch-f6-null-transfer-20260824-001
F6,X1,X3,f6-null-transfer,49,9,0.04771753550996427,0.695,residual_samples/batch-49-replication-9.csv,null_statistics/batch-49-replication-9.npy,batch-f6-null-transfer,1151121000763119746,13749639906150613906,3631558457213996281,0.1848067000391893,,,batch-f6-null-transfer-20260824-001
F6,X1,X3,f6-null-transfer,50,0,0.06256090222881901,0.225,residual_samples/batch-50-replication-0.csv,null_statistics/batch-50-replication-0.npy,batch-f6-null-transfer,5783664991062687471,4518432703573122254,1815311832108382101,0.18728040001587942,,,batch-f6-null-transfer-20260824-001
F6,X1,X3,f6-null-transfer,50,1,0.05740952877311025,0.44,residual_samples/batch-50-replication-1.csv,null_statistics/batch-50-replication-1.npy,batch-f6-null-transfer,9241721814530120011,2042951523788603270,11405833248962835092,0.18612369999755174,,,batch-f6-null-transfer-20260824-001
F6,X1,X3,f6-null-transfer,50,2,0.07073971612771666,0.075,residual_samples/batch-50-replication-2.csv,null_statistics/batch-50-replication-2.npy,batch-f6-null-transfer,1507999626569845022,8621685858827716891,5359086226062089981,0.18620880000526085,,,batch-f6-null-transfer-20260824-001
F6,X1,X3,f6-null-transfer,50,3,0.05292739464636283,0.48,residual_samples/batch-50-replication-3.csv,null_statistics/batch-50-replication-3.npy,batch-f6-null-transfer,1191843431388279873,1683368236920023759,4606236830843443369,0.1858113000052981,,,batch-f6-null-transfer-20260824-001
F6,X1,X3,f6-null-transfer,50,4,0.04666955032306637,0.82,residual_samples/batch-50-replication-4.csv,null_statistics/batch-50-replication-4.npy,batch-f6-null-transfer,10604562031422268295,877462291915959668,7926552415225544877,0.18787859997246414,,,batch-f6-null-transfer-20260824-001
F6,X1,X3,f6-null-transfer,50,5,0.05261540928765333,0.565,residual_samples/batch-50-replication-5.csv,null_statistics/batch-50-replication-5.npy,batch-f6-null-transfer,6556393403926858910,14368525889609165329,7108508465270403654,0.18700239999452606,,,batch-f6-null-transfer-20260824-001
F6,X1,X3,f6-null-transfer,50,6,0.06375885936813916,0.195,residual_samples/batch-50-replication-6.csv,null_statistics/batch-50-replication-6.npy,batch-f6-null-transfer,7178805123871496224,15963228390055410663,52384014489742625,0.18871180003043264,,,batch-f6-null-transfer-20260824-001
F6,X1,X3,f6-null-transfer,50,7,0.04983670872946113,0.585,residual_samples/batch-50-replication-7.csv,null_statistics/batch-50-replication-7.npy,batch-f6-null-transfer,9064025156268480548,11417640930695807012,4565132191140131450,0.18355740001425147,,,batch-f6-null-transfer-20260824-001
F6,X1,X3,f6-null-transfer,50,8,0.05894750987856392,0.305,residual_samples/batch-50-replication-8.csv,null_statistics/batch-50-replication-8.npy,batch-f6-null-transfer,17992829415637299822,14353458992006457098,9509866651379143801,0.184442300000228,,,batch-f6-null-transfer-20260824-001
F6,X1,X3,f6-null-transfer,50,9,0.06545794184994735,0.16,residual_samples/batch-50-replication-9.csv,null_statistics/batch-50-replication-9.npy,batch-f6-null-transfer,9380908587814552404,9995445232146261852,11739631240160329213,0.1895972999627702,,,batch-f6-null-transfer-20260824-001
F6,X1,X3,f6-null-transfer,51,0,0.05967593382677323,0.31,residual_samples/batch-51-replication-0.csv,null_statistics/batch-51-replication-0.npy,batch-f6-null-transfer,2379247072763762115,3650538426590297282,1786811090469555254,0.18468489998485893,,,batch-f6-null-transfer-20260824-001
F6,X1,X3,f6-null-transfer,51,1,0.04143839928111958,0.97,residual_samples/batch-51-replication-1.csv,null_statistics/batch-51-replication-1.npy,batch-f6-null-transfer,12453816603748004109,5361101167338530846,17442218145629894293,0.18696630001068115,,,batch-f6-null-transfer-20260824-001
F6,X1,X3,f6-null-transfer,51,2,0.04504033999174856,0.835,residual_samples/batch-51-replication-2.csv,null_statistics/batch-51-replication-2.npy,batch-f6-null-transfer,7786342894042121778,921475410332366192,5872200048898914160,0.18730089999735355,,,batch-f6-null-transfer-20260824-001
F6,X1,X3,f6-null-transfer,51,3,0.053294931930866374,0.525,residual_samples/batch-51-replication-3.csv,null_statistics/batch-51-replication-3.npy,batch-f6-null-transfer,13105991235106032071,853682184360105892,5635344638611330369,0.18611629999941215,,,batch-f6-null-transfer-20260824-001
F6,X1,X3,f6-null-transfer,51,4,0.0825015174581836,0.03,residual_samples/batch-51-replication-4.csv,null_statistics/batch-51-replication-4.npy,batch-f6-null-transfer,12586466444904105532,6800039153767196613,2334020346227254121,0.18666320003103465,,,batch-f6-null-transfer-20260824-001
F6,X1,X3,f6-null-transfer,51,5,0.045095552766701553,0.785,residual_samples/batch-51-replication-5.csv,null_statistics/batch-51-replication-5.npy,batch-f6-null-transfer,3013490012222178350,6837487106395499339,14371138287657387172,0.1845459999749437,,,batch-f6-null-transfer-20260824-001
F6,X1,X3,f6-null-transfer,51,6,0.05011344167669172,0.665,residual_samples/batch-51-replication-6.csv,null_statistics/batch-51-replication-6.npy,batch-f6-null-transfer,8080885822871861905,861350206032864211,6719617183910134278,0.1870366000221111,,,batch-f6-null-transfer-20260824-001
F6,X1,X3,f6-null-transfer,51,7,0.047586775020020136,0.735,residual_samples/batch-51-replication-7.csv,null_statistics/batch-51-replication-7.npy,batch-f6-null-transfer,4268643186187540892,8486936552412727904,17122655359322641718,0.18809489998966455,,,batch-f6-null-transfer-20260824-001
F6,X1,X3,f6-null-transfer,51,8,0.05732607505779667,0.29,residual_samples/batch-51-replication-8.csv,null_statistics/batch-51-replication-8.npy,batch-f6-null-transfer,17252399313872629681,13514958481944057347,9570047601014026547,0.1869421000010334,,,batch-f6-null-transfer-20260824-001
F6,X1,X3,f6-null-transfer,51,9,0.050580680356900255,0.715,residual_samples/batch-51-replication-9.csv,null_statistics/batch-51-replication-9.npy,batch-f6-null-transfer,6605517429830910751,2950876124197946568,10060740861356875348,0.18620080000255257,,,batch-f6-null-transfer-20260824-001
F6,X1,X3,f6-null-transfer,52,0,0.05724550849702057,0.35,residual_samples/batch-52-replication-0.csv,null_statistics/batch-52-replication-0.npy,batch-f6-null-transfer,15724863446186469093,12017383747842519499,11135997236010261622,0.18628000002354383,,,batch-f6-null-transfer-20260824-001
F6,X1,X3,f6-null-transfer,52,1,0.04772748394003098,0.795,residual_samples/batch-52-replication-1.csv,null_statistics/batch-52-replication-1.npy,batch-f6-null-transfer,9262621574946168313,11334729545876231511,12857736031230113013,0.18455519998678938,,,batch-f6-null-transfer-20260824-001
F6,X1,X3,f6-null-transfer,52,2,0.055913917244660855,0.375,residual_samples/batch-52-replication-2.csv,null_statistics/batch-52-replication-2.npy,batch-f6-null-transfer,4190778843696376558,9637087432690876067,14141340476517419574,0.18861369998194277,,,batch-f6-null-transfer-20260824-001
F6,X1,X3,f6-null-transfer,52,3,0.061911462435680076,0.245,residual_samples/batch-52-replication-3.csv,null_statistics/batch-52-replication-3.npy,batch-f6-null-transfer,256634593712002790,9350537083557973431,1749971581351047699,0.18405119999079034,,,batch-f6-null-transfer-20260824-001
F6,X1,X3,f6-null-transfer,52,4,0.038490847686723256,0.995,residual_samples/batch-52-replication-4.csv,null_statistics/batch-52-replication-4.npy,batch-f6-null-transfer,16113062000411153438,1735691863920112441,6522790345087771270,0.18792620004387572,,,batch-f6-null-transfer-20260824-001
F6,X1,X3,f6-null-transfer,52,5,0.04405073089885193,0.875,residual_samples/batch-52-replication-5.csv,null_statistics/batch-52-replication-5.npy,batch-f6-null-transfer,7367578936501202950,3397237420224336517,9078333675499803489,0.1851248000166379,,,batch-f6-null-transfer-20260824-001
F6,X1,X3,f6-null-transfer,52,6,0.05520392033655459,0.415,residual_samples/batch-52-replication-6.csv,null_statistics/batch-52-replication-6.npy,batch-f6-null-transfer,12182628783681884,13653265940016810519,15169235384572434418,0.18469270004425198,,,batch-f6-null-transfer-20260824-001
F6,X1,X3,f6-null-transfer,52,7,0.052885189302596725,0.46,residual_samples/batch-52-replication-7.csv,null_statistics/batch-52-replication-7.npy,batch-f6-null-transfer,2737617234195037689,18159849898466969432,6403697964096878828,0.18621000001439825,,,batch-f6-null-transfer-20260824-001
F6,X1,X3,f6-null-transfer,52,8,0.06822611323197263,0.14,residual_samples/batch-52-replication-8.csv,null_statistics/batch-52-replication-8.npy,batch-f6-null-transfer,2377721048873474390,9132894553265262013,5032797843850253399,0.1862455999944359,,,batch-f6-null-transfer-20260824-001
F6,X1,X3,f6-null-transfer,52,9,0.05487122092897354,0.45,residual_samples/batch-52-replication-9.csv,null_statistics/batch-52-replication-9.npy,batch-f6-null-transfer,9303772129485811394,1842857406251146978,6818184894790038916,0.18497120001120493,,,batch-f6-null-transfer-20260824-001
F6,X1,X3,f6-null-transfer,53,0,0.08173602980044059,0.055,residual_samples/batch-53-replication-0.csv,null_statistics/batch-53-replication-0.npy,batch-f6-null-transfer,15232663786873515803,14793842447739513041,9814429571230365931,0.18620130000635982,,,batch-f6-null-transfer-20260824-001
F6,X1,X3,f6-null-transfer,53,1,0.07202083857359143,0.09,residual_samples/batch-53-replication-1.csv,null_statistics/batch-53-replication-1.npy,batch-f6-null-transfer,3304579320067997253,1907667337536321647,410059524370365684,0.18735989998094738,,,batch-f6-null-transfer-20260824-001
F6,X1,X3,f6-null-transfer,53,2,0.05734026807025901,0.325,residual_samples/batch-53-replication-2.csv,null_statistics/batch-53-replication-2.npy,batch-f6-null-transfer,16908773923132129846,16203155124803345508,12693370871941024134,0.1852422000374645,,,batch-f6-null-transfer-20260824-001
F6,X1,X3,f6-null-transfer,53,3,0.054780598771551996,0.445,residual_samples/batch-53-replication-3.csv,null_statistics/batch-53-replication-3.npy,batch-f6-null-transfer,3855491383958881136,2018081840202353262,11369469784910053942,0.1849888000288047,,,batch-f6-null-transfer-20260824-001
F6,X1,X3,f6-null-transfer,53,4,0.056417535962680246,0.325,residual_samples/batch-53-replication-4.csv,null_statistics/batch-53-replication-4.npy,batch-f6-null-transfer,14544027093457771871,8750792042179026167,12085298467432083077,0.186898099957034,,,batch-f6-null-transfer-20260824-001
F6,X1,X3,f6-null-transfer,53,5,0.03651219362488598,1.0,residual_samples/batch-53-replication-5.csv,null_statistics/batch-53-replication-5.npy,batch-f6-null-transfer,9014481745573567249,10632498843856424109,13282187674051277204,0.18483600002946332,,,batch-f6-null-transfer-20260824-001
F6,X1,X3,f6-null-transfer,53,6,0.07193438510976463,0.07,residual_samples/batch-53-replication-6.csv,null_statistics/batch-53-replication-6.npy,batch-f6-null-transfer,2598915497911229617,5563750781716578915,17411695746262883391,0.18531729996902868,,,batch-f6-null-transfer-20260824-001
F6,X1,X3,f6-null-transfer,53,7,0.046084257006731875,0.775,residual_samples/batch-53-replication-7.csv,null_statistics/batch-53-replication-7.npy,batch-f6-null-transfer,551773940172804720,11147344821273953870,113393277094714935,0.1844095999840647,,,batch-f6-null-transfer-20260824-001
F6,X1,X3,f6-null-transfer,53,8,0.045157010892753556,0.83,residual_samples/batch-53-replication-8.csv,null_statistics/batch-53-replication-8.npy,batch-f6-null-transfer,1782354805923232773,11801610534888109405,14160151236970089971,0.18775179999647662,,,batch-f6-null-transfer-20260824-001
F6,X1,X3,f6-null-transfer,53,9,0.03889116122784653,0.98,residual_samples/batch-53-replication-9.csv,null_statistics/batch-53-replication-9.npy,batch-f6-null-transfer,3640442177854633973,3154561437659005698,11099612077097307255,0.1888539000065066,,,batch-f6-null-transfer-20260824-001
F6,X1,X3,f6-null-transfer,54,0,0.05085482453694429,0.585,residual_samples/batch-54-replication-0.csv,null_statistics/batch-54-replication-0.npy,batch-f6-null-transfer,10969254968227405074,3725120862738547179,2904700414709207960,0.18240570003399625,,,batch-f6-null-transfer-20260824-001
F6,X1,X3,f6-null-transfer,54,1,0.05497041172030333,0.47,residual_samples/batch-54-replication-1.csv,null_statistics/batch-54-replication-1.npy,batch-f6-null-transfer,17157098845586441731,16143697021914271766,12436415310706105479,0.1861889999709092,,,batch-f6-null-transfer-20260824-001
F6,X1,X3,f6-null-transfer,54,2,0.07238622877124307,0.075,residual_samples/batch-54-replication-2.csv,null_statistics/batch-54-replication-2.npy,batch-f6-null-transfer,1415077899252508428,7713741952020218154,17080664173174441633,0.1855327999801375,,,batch-f6-null-transfer-20260824-001
F6,X1,X3,f6-null-transfer,54,3,0.04983896701045087,0.63,residual_samples/batch-54-replication-3.csv,null_statistics/batch-54-replication-3.npy,batch-f6-null-transfer,12984022610175562904,8749418567485137368,6244465488559630934,0.18420310004148632,,,batch-f6-null-transfer-20260824-001
F6,X1,X3,f6-null-transfer,54,4,0.04641643701487866,0.78,residual_samples/batch-54-replication-4.csv,null_statistics/batch-54-replication-4.npy,batch-f6-null-transfer,14104019127578739485,5059975609685987622,14597340173854413036,0.18577930005267262,,,batch-f6-null-transfer-20260824-001
F6,X1,X3,f6-null-transfer,54,5,0.050272176764677476,0.595,residual_samples/batch-54-replication-5.csv,null_statistics/batch-54-replication-5.npy,batch-f6-null-transfer,9740825858582154564,7825369062789207635,11724240409630697697,0.19140110001899302,,,batch-f6-null-transfer-20260824-001
F6,X1,X3,f6-null-transfer,54,6,0.05141645355663095,0.63,residual_samples/batch-54-replication-6.csv,null_statistics/batch-54-replication-6.npy,batch-f6-null-transfer,16788201897295858747,6394518703315189935,18275432466102086389,0.18716610001865774,,,batch-f6-null-transfer-20260824-001
F6,X1,X3,f6-null-transfer,54,7,0.056639587916295045,0.355,residual_samples/batch-54-replication-7.csv,null_statistics/batch-54-replication-7.npy,batch-f6-null-transfer,2245775074912716009,18435225400367699195,14990170867749163488,0.18535380001412705,,,batch-f6-null-transfer-20260824-001
F6,X1,X3,f6-null-transfer,54,8,0.043685143685622624,0.9,residual_samples/batch-54-replication-8.csv,null_statistics/batch-54-replication-8.npy,batch-f6-null-transfer,17880538697934080088,6879443861569259275,11121251668737021720,0.18541809997987002,,,batch-f6-null-transfer-20260824-001
F6,X1,X3,f6-null-transfer,54,9,0.04640946464861699,0.755,residual_samples/batch-54-replication-9.csv,null_statistics/batch-54-replication-9.npy,batch-f6-null-transfer,10103538639870854626,12860386800466320143,17770295817240000180,0.18468909995863214,,,batch-f6-null-transfer-20260824-001
F6,X1,X3,f6-null-transfer,55,0,0.057993265430919594,0.33,residual_samples/batch-55-replication-0.csv,null_statistics/batch-55-replication-0.npy,batch-f6-null-transfer,17721630046876018855,12787895361328231062,17600555985695103929,0.1850548000074923,,,batch-f6-null-transfer-20260824-001
F6,X1,X3,f6-null-transfer,55,1,0.06287293217405801,0.195,residual_samples/batch-55-replication-1.csv,null_statistics/batch-55-replication-1.npy,batch-f6-null-transfer,16264122980394977991,3360628213176983343,7958100058784101925,0.18615010002395138,,,batch-f6-null-transfer-20260824-001
F6,X1,X3,f6-null-transfer,55,2,0.04726629582969456,0.825,residual_samples/batch-55-replication-2.csv,null_statistics/batch-55-replication-2.npy,batch-f6-null-transfer,13471357853674171080,14117859163855620320,2699031186082361677,0.18640520004555583,,,batch-f6-null-transfer-20260824-001
F6,X1,X3,f6-null-transfer,55,3,0.07391168592676318,0.07,residual_samples/batch-55-replication-3.csv,null_statistics/batch-55-replication-3.npy,batch-f6-null-transfer,11608926099954639715,11525896114623642226,18227654260933493495,0.18856769998092204,,,batch-f6-null-transfer-20260824-001
F6,X1,X3,f6-null-transfer,55,4,0.06325544420590819,0.135,residual_samples/batch-55-replication-4.csv,null_statistics/batch-55-replication-4.npy,batch-f6-null-transfer,12159365202187137392,7475847132866235151,15289522873758533742,0.18594609998399392,,,batch-f6-null-transfer-20260824-001
F6,X1,X3,f6-null-transfer,55,5,0.055277517173772286,0.455,residual_samples/batch-55-replication-5.csv,null_statistics/batch-55-replication-5.npy,batch-f6-null-transfer,17421170541066203663,12766313796460417865,7766161855842487193,0.1876481999643147,,,batch-f6-null-transfer-20260824-001
F6,X1,X3,f6-null-transfer,55,6,0.047360732176965924,0.765,residual_samples/batch-55-replication-6.csv,null_statistics/batch-55-replication-6.npy,batch-f6-null-transfer,2657474391303510218,2953920959263910941,8483518882272706406,0.18547490000491962,,,batch-f6-null-transfer-20260824-001
F6,X1,X3,f6-null-transfer,55,7,0.04699286498244282,0.78,residual_samples/batch-55-replication-7.csv,null_statistics/batch-55-replication-7.npy,batch-f6-null-transfer,7086643558124906857,13114181301857937930,15621670296402677745,0.18790469999657944,,,batch-f6-null-transfer-20260824-001
F6,X1,X3,f6-null-transfer,55,8,0.06496047876146252,0.19,residual_samples/batch-55-replication-8.csv,null_statistics/batch-55-replication-8.npy,batch-f6-null-transfer,4389214737365856329,5734477373695045392,15507609380644537823,0.18632470001466572,,,batch-f6-null-transfer-20260824-001
F6,X1,X3,f6-null-transfer,55,9,0.08866011049313827,0.02,residual_samples/batch-55-replication-9.csv,null_statistics/batch-55-replication-9.npy,batch-f6-null-transfer,15549011791777675902,18289820702071781552,8039330959069481573,0.18510180001612753,,,batch-f6-null-transfer-20260824-001
F6,X1,X3,f6-null-transfer,56,0,0.06257106323272776,0.165,residual_samples/batch-56-replication-0.csv,null_statistics/batch-56-replication-0.npy,batch-f6-null-transfer,13103789860841823714,17583214434429877492,1178382539045392280,0.18771530000958592,,,batch-f6-null-transfer-20260824-001
F6,X1,X3,f6-null-transfer,56,1,0.08011160915963608,0.025,residual_samples/batch-56-replication-1.csv,null_statistics/batch-56-replication-1.npy,batch-f6-null-transfer,13415040036342417408,18217720323787087325,12363391901322268029,0.1844524000189267,,,batch-f6-null-transfer-20260824-001
F6,X1,X3,f6-null-transfer,56,2,0.05724425395108202,0.345,residual_samples/batch-56-replication-2.csv,null_statistics/batch-56-replication-2.npy,batch-f6-null-transfer,16520425908207368684,3038959912451404771,11726867512224488064,0.1892812000005506,,,batch-f6-null-transfer-20260824-001
F6,X1,X3,f6-null-transfer,56,3,0.046466714764871124,0.775,residual_samples/batch-56-replication-3.csv,null_statistics/batch-56-replication-3.npy,batch-f6-null-transfer,10034682710651560978,11566420614374846884,18099299037070173486,0.18845470005180687,,,batch-f6-null-transfer-20260824-001
F6,X1,X3,f6-null-transfer,56,4,0.04514902679617865,0.78,residual_samples/batch-56-replication-4.csv,null_statistics/batch-56-replication-4.npy,batch-f6-null-transfer,3903295034583046387,5599976038758982475,8980349254065245407,0.18461290001869202,,,batch-f6-null-transfer-20260824-001
F6,X1,X3,f6-null-transfer,56,5,0.04194163342772752,0.92,residual_samples/batch-56-replication-5.csv,null_statistics/batch-56-replication-5.npy,batch-f6-null-transfer,4003188942720714329,17108626628656893003,8466645849673537347,0.18666760000633076,,,batch-f6-null-transfer-20260824-001
F6,X1,X3,f6-null-transfer,56,6,0.04946340594100141,0.655,residual_samples/batch-56-replication-6.csv,null_statistics/batch-56-replication-6.npy,batch-f6-null-transfer,3463954484627421806,18121004164381167859,9776528352490311501,0.18684229999780655,,,batch-f6-null-transfer-20260824-001
F6,X1,X3,f6-null-transfer,56,7,0.046112976694959264,0.785,residual_samples/batch-56-replication-7.csv,null_statistics/batch-56-replication-7.npy,batch-f6-null-transfer,3677915573905396250,2957883605256787665,1978994021549676219,0.18724370002746582,,,batch-f6-null-transfer-20260824-001
F6,X1,X3,f6-null-transfer,56,8,0.06871293012430835,0.105,residual_samples/batch-56-replication-8.csv,null_statistics/batch-56-replication-8.npy,batch-f6-null-transfer,3104813207282397954,9232299399186695859,16865617055871799217,0.18749869999010116,,,batch-f6-null-transfer-20260824-001
F6,X1,X3,f6-null-transfer,56,9,0.05213901061141627,0.54,residual_samples/batch-56-replication-9.csv,null_statistics/batch-56-replication-9.npy,batch-f6-null-transfer,4101017223840456878,14301890255430361260,11766546322832117334,0.18620880000526085,,,batch-f6-null-transfer-20260824-001
F6,X1,X3,f6-null-transfer,57,0,0.04321682892959701,0.89,residual_samples/batch-57-replication-0.csv,null_statistics/batch-57-replication-0.npy,batch-f6-null-transfer,12467840427076307096,11937053944824358170,12683343776182990900,0.1851814000401646,,,batch-f6-null-transfer-20260824-001
F6,X1,X3,f6-null-transfer,57,1,0.045725468304883256,0.84,residual_samples/batch-57-replication-1.csv,null_statistics/batch-57-replication-1.npy,batch-f6-null-transfer,8809284846108475556,7991236034910835459,8958626983309994387,0.1855513000045903,,,batch-f6-null-transfer-20260824-001
F6,X1,X3,f6-null-transfer,57,2,0.04461032504350053,0.86,residual_samples/batch-57-replication-2.csv,null_statistics/batch-57-replication-2.npy,batch-f6-null-transfer,15286115442914562347,2226158157346573374,10336219201061883819,0.18358370003988966,,,batch-f6-null-transfer-20260824-001
F6,X1,X3,f6-null-transfer,57,3,0.07306406880068189,0.07,residual_samples/batch-57-replication-3.csv,null_statistics/batch-57-replication-3.npy,batch-f6-null-transfer,1793308962228400289,16252336051314773476,11963833697857564488,0.18407890002708882,,,batch-f6-null-transfer-20260824-001
F6,X1,X3,f6-null-transfer,57,4,0.06935950509393109,0.135,residual_samples/batch-57-replication-4.csv,null_statistics/batch-57-replication-4.npy,batch-f6-null-transfer,16731161252475898045,3235114173325391577,4807600970868252029,0.18610629998147488,,,batch-f6-null-transfer-20260824-001
F6,X1,X3,f6-null-transfer,57,5,0.046908554500693915,0.745,residual_samples/batch-57-replication-5.csv,null_statistics/batch-57-replication-5.npy,batch-f6-null-transfer,1860714197455365080,3180827559500827171,16306898000482226865,0.18688960000872612,,,batch-f6-null-transfer-20260824-001
F6,X1,X3,f6-null-transfer,57,6,0.04815035123349516,0.705,residual_samples/batch-57-replication-6.csv,null_statistics/batch-57-replication-6.npy,batch-f6-null-transfer,13310003065486445205,2859796338202676294,5059543543514754993,0.18673379998654127,,,batch-f6-null-transfer-20260824-001
F6,X1,X3,f6-null-transfer,57,7,0.06933694463288737,0.105,residual_samples/batch-57-replication-7.csv,null_statistics/batch-57-replication-7.npy,batch-f6-null-transfer,14010369573666305602,10527613149800264877,114700940194748497,0.18601860001217574,,,batch-f6-null-transfer-20260824-001
F6,X1,X3,f6-null-transfer,57,8,0.05433662649269228,0.395,residual_samples/batch-57-replication-8.csv,null_statistics/batch-57-replication-8.npy,batch-f6-null-transfer,4906321442157670553,9098352629792558319,9385400911782224607,0.1859794000047259,,,batch-f6-null-transfer-20260824-001
F6,X1,X3,f6-null-transfer,57,9,0.0477582968757147,0.75,residual_samples/batch-57-replication-9.csv,null_statistics/batch-57-replication-9.npy,batch-f6-null-transfer,1807844297610701829,16233198093213116421,14350870148118541041,0.18596119998255745,,,batch-f6-null-transfer-20260824-001
F6,X1,X3,f6-null-transfer,58,0,0.04666165390173796,0.76,residual_samples/batch-58-replication-0.csv,null_statistics/batch-58-replication-0.npy,batch-f6-null-transfer,16027699930440863214,5260603883586433234,17504448214796031930,0.18470630003139377,,,batch-f6-null-transfer-20260824-001
F6,X1,X3,f6-null-transfer,58,1,0.05575849033610968,0.4,residual_samples/batch-58-replication-1.csv,null_statistics/batch-58-replication-1.npy,batch-f6-null-transfer,18362369140479586243,5169377633242571626,13029648141634350033,0.18769030005205423,,,batch-f6-null-transfer-20260824-001
F6,X1,X3,f6-null-transfer,58,2,0.04549602928168723,0.85,residual_samples/batch-58-replication-2.csv,null_statistics/batch-58-replication-2.npy,batch-f6-null-transfer,14092817081648838441,7142172880047092153,5492152142530176224,0.1850687999976799,,,batch-f6-null-transfer-20260824-001
F6,X1,X3,f6-null-transfer,58,3,0.043602999075530204,0.86,residual_samples/batch-58-replication-3.csv,null_statistics/batch-58-replication-3.npy,batch-f6-null-transfer,1152779949508939546,12756225755695317036,5235821726256339955,0.18606880004517734,,,batch-f6-null-transfer-20260824-001
F6,X1,X3,f6-null-transfer,58,4,0.0471178017424051,0.76,residual_samples/batch-58-replication-4.csv,null_statistics/batch-58-replication-4.npy,batch-f6-null-transfer,12854135531931472521,2286378450115940481,9615580091418790941,0.18745979998493567,,,batch-f6-null-transfer-20260824-001
F6,X1,X3,f6-null-transfer,58,5,0.06017903654546222,0.33,residual_samples/batch-58-replication-5.csv,null_statistics/batch-58-replication-5.npy,batch-f6-null-transfer,14007563371858691837,3708141372445970353,15705404995867739318,0.18630020000273362,,,batch-f6-null-transfer-20260824-001
F6,X1,X3,f6-null-transfer,58,6,0.06228691273252227,0.185,residual_samples/batch-58-replication-6.csv,null_statistics/batch-58-replication-6.npy,batch-f6-null-transfer,1567288780423422124,7243117985140486417,9940930307912171733,0.18409749999409541,,,batch-f6-null-transfer-20260824-001
F6,X1,X3,f6-null-transfer,58,7,0.06742444311982233,0.115,residual_samples/batch-58-replication-7.csv,null_statistics/batch-58-replication-7.npy,batch-f6-null-transfer,12003337020280972347,13050703913341154204,11283639362062311977,0.18586840003263205,,,batch-f6-null-transfer-20260824-001
F6,X1,X3,f6-null-transfer,58,8,0.05616953418861878,0.355,residual_samples/batch-58-replication-8.csv,null_statistics/batch-58-replication-8.npy,batch-f6-null-transfer,13357751515799903528,11539246737817606006,9971748163284256061,0.18502970004919916,,,batch-f6-null-transfer-20260824-001
F6,X1,X3,f6-null-transfer,58,9,0.04559335973622724,0.83,residual_samples/batch-58-replication-9.csv,null_statistics/batch-58-replication-9.npy,batch-f6-null-transfer,836048856735290460,9389052539219264033,6823770065265459,0.18685549998190254,,,batch-f6-null-transfer-20260824-001
F6,X1,X3,f6-null-transfer,59,0,0.050018712254421976,0.665,residual_samples/batch-59-replication-0.csv,null_statistics/batch-59-replication-0.npy,batch-f6-null-transfer,3366324128906751048,6340248123204612783,13794316388694201376,0.18643139995401725,,,batch-f6-null-transfer-20260824-001
F6,X1,X3,f6-null-transfer,59,1,0.04359091155466057,0.895,residual_samples/batch-59-replication-1.csv,null_statistics/batch-59-replication-1.npy,batch-f6-null-transfer,17263158799890143154,17401535321975557372,1553745275045807778,0.18560500000603497,,,batch-f6-null-transfer-20260824-001
F6,X1,X3,f6-null-transfer,59,2,0.05211033164264378,0.53,residual_samples/batch-59-replication-2.csv,null_statistics/batch-59-replication-2.npy,batch-f6-null-transfer,14329621924756575988,14110043758018218614,2099715634282676175,0.18709279998438433,,,batch-f6-null-transfer-20260824-001
F6,X1,X3,f6-null-transfer,59,3,0.053060886616410806,0.55,residual_samples/batch-59-replication-3.csv,null_statistics/batch-59-replication-3.npy,batch-f6-null-transfer,12678140199260759331,18159594065755341807,9978629738480700892,0.18605679995380342,,,batch-f6-null-transfer-20260824-001
F6,X1,X3,f6-null-transfer,59,4,0.053365861634961397,0.55,residual_samples/batch-59-replication-4.csv,null_statistics/batch-59-replication-4.npy,batch-f6-null-transfer,1310240915332755449,1944283346161684562,4924974771448894523,0.18675400002393872,,,batch-f6-null-transfer-20260824-001
F6,X1,X3,f6-null-transfer,59,5,0.050320775892463275,0.6,residual_samples/batch-59-replication-5.csv,null_statistics/batch-59-replication-5.npy,batch-f6-null-transfer,9981770718797783549,128210889081959237,4595964158499868537,0.1873945000115782,,,batch-f6-null-transfer-20260824-001
F6,X1,X3,f6-null-transfer,59,6,0.056810772304615016,0.395,residual_samples/batch-59-replication-6.csv,null_statistics/batch-59-replication-6.npy,batch-f6-null-transfer,3852859233112482934,736454402476236871,10744798377130198754,0.18612470000516623,,,batch-f6-null-transfer-20260824-001
F6,X1,X3,f6-null-transfer,59,7,0.052197637631836866,0.535,residual_samples/batch-59-replication-7.csv,null_statistics/batch-59-replication-7.npy,batch-f6-null-transfer,16079714452393123568,13218590638369928105,3101251871291089302,0.1879851000267081,,,batch-f6-null-transfer-20260824-001
F6,X1,X3,f6-null-transfer,59,8,0.05745671581990139,0.34,residual_samples/batch-59-replication-8.csv,null_statistics/batch-59-replication-8.npy,batch-f6-null-transfer,12702877303823147845,13382468123958793498,10615278894719819164,0.18662260001292452,,,batch-f6-null-transfer-20260824-001
F6,X1,X3,f6-null-transfer,59,9,0.06168537995481328,0.2,residual_samples/batch-59-replication-9.csv,null_statistics/batch-59-replication-9.npy,batch-f6-null-transfer,1204049654272987740,15767018838580844787,15708551143584823504,0.1889521999983117,,,batch-f6-null-transfer-20260824-001
F6,X1,X3,f6-null-transfer,60,0,0.05375802078445559,0.53,residual_samples/batch-60-replication-0.csv,null_statistics/batch-60-replication-0.npy,batch-f6-null-transfer,8213478140932320963,18385422425036914609,6409380175129847612,0.18690889998106286,,,batch-f6-null-transfer-20260824-001
F6,X1,X3,f6-null-transfer,60,1,0.04358384033473561,0.82,residual_samples/batch-60-replication-1.csv,null_statistics/batch-60-replication-1.npy,batch-f6-null-transfer,1449871733599992591,18276482964353733930,14159925715856532754,0.18494710000231862,,,batch-f6-null-transfer-20260824-001
F6,X1,X3,f6-null-transfer,60,2,0.04092647772683012,0.96,residual_samples/batch-60-replication-2.csv,null_statistics/batch-60-replication-2.npy,batch-f6-null-transfer,3280291128150670057,14219788565523585963,7517817912518761602,0.18526259995996952,,,batch-f6-null-transfer-20260824-001
F6,X1,X3,f6-null-transfer,60,3,0.06503733148039452,0.175,residual_samples/batch-60-replication-3.csv,null_statistics/batch-60-replication-3.npy,batch-f6-null-transfer,2285416984441168851,11810202086624382976,15653941829654327340,0.18731329997535795,,,batch-f6-null-transfer-20260824-001
F6,X1,X3,f6-null-transfer,60,4,0.05092613606154619,0.505,residual_samples/batch-60-replication-4.csv,null_statistics/batch-60-replication-4.npy,batch-f6-null-transfer,8570556569368506715,9446459682733092902,2441690710327081269,0.18695040000602603,,,batch-f6-null-transfer-20260824-001
F6,X1,X3,f6-null-transfer,60,5,0.05023421672542317,0.63,residual_samples/batch-60-replication-5.csv,null_statistics/batch-60-replication-5.npy,batch-f6-null-transfer,15402836136642779408,4049987084637853154,10425369158150050946,0.185173699981533,,,batch-f6-null-transfer-20260824-001
F6,X1,X3,f6-null-transfer,60,6,0.04315528175492751,0.9,residual_samples/batch-60-replication-6.csv,null_statistics/batch-60-replication-6.npy,batch-f6-null-transfer,3638526328645466162,1409258715412885081,3122723898980019739,0.187965199991595,,,batch-f6-null-transfer-20260824-001
F6,X1,X3,f6-null-transfer,60,7,0.05601334089728193,0.4,residual_samples/batch-60-replication-7.csv,null_statistics/batch-60-replication-7.npy,batch-f6-null-transfer,18030426896438102070,10222996820447761766,10484588773237883262,0.18514919996960089,,,batch-f6-null-transfer-20260824-001
F6,X1,X3,f6-null-transfer,60,8,0.05051457915848411,0.525,residual_samples/batch-60-replication-8.csv,null_statistics/batch-60-replication-8.npy,batch-f6-null-transfer,7927177598910635691,16780280789825240352,14976592695763370825,0.18914569995831698,,,batch-f6-null-transfer-20260824-001
F6,X1,X3,f6-null-transfer,60,9,0.0559520989337625,0.405,residual_samples/batch-60-replication-9.csv,null_statistics/batch-60-replication-9.npy,batch-f6-null-transfer,18067802739546569869,16349682058177144397,7429894488410684301,0.18559880001703277,,,batch-f6-null-transfer-20260824-001
F6,X1,X3,f6-null-transfer,61,0,0.05276402105768348,0.54,residual_samples/batch-61-replication-0.csv,null_statistics/batch-61-replication-0.npy,batch-f6-null-transfer,4310362572775908212,7095527017515157749,1767711180960876337,0.18758879997767508,,,batch-f6-null-transfer-20260824-001
F6,X1,X3,f6-null-transfer,61,1,0.04851560734934985,0.67,residual_samples/batch-61-replication-1.csv,null_statistics/batch-61-replication-1.npy,batch-f6-null-transfer,17776935194102043592,6992696214538918036,15320528877456872947,0.1870647000032477,,,batch-f6-null-transfer-20260824-001
F6,X1,X3,f6-null-transfer,61,2,0.06705732796013801,0.18,residual_samples/batch-61-replication-2.csv,null_statistics/batch-61-replication-2.npy,batch-f6-null-transfer,4344321535611909609,1483629846506003532,8610452581680333361,0.1841860000276938,,,batch-f6-null-transfer-20260824-001
F6,X1,X3,f6-null-transfer,61,3,0.04811339496040984,0.73,residual_samples/batch-61-replication-3.csv,null_statistics/batch-61-replication-3.npy,batch-f6-null-transfer,4236371103106184635,1075896667571381867,2663615161575811453,0.18479950004257262,,,batch-f6-null-transfer-20260824-001
F6,X1,X3,f6-null-transfer,61,4,0.05675762177182482,0.345,residual_samples/batch-61-replication-4.csv,null_statistics/batch-61-replication-4.npy,batch-f6-null-transfer,5815816527162083860,5914002842848268219,7979724162858581658,0.19198979996144772,,,batch-f6-null-transfer-20260824-001
F6,X1,X3,f6-null-transfer,61,5,0.05076897389236092,0.555,residual_samples/batch-61-replication-5.csv,null_statistics/batch-61-replication-5.npy,batch-f6-null-transfer,4026360916496674893,3903856307734028698,9903829854563524284,0.18538719997741282,,,batch-f6-null-transfer-20260824-001
F6,X1,X3,f6-null-transfer,61,6,0.050557334510950284,0.61,residual_samples/batch-61-replication-6.csv,null_statistics/batch-61-replication-6.npy,batch-f6-null-transfer,11501060829340992615,9638900962492177930,6752834156662692930,0.18452999996952713,,,batch-f6-null-transfer-20260824-001
F6,X1,X3,f6-null-transfer,61,7,0.07639692793538241,0.06,residual_samples/batch-61-replication-7.csv,null_statistics/batch-61-replication-7.npy,batch-f6-null-transfer,11194588321194456896,11351510096771322126,6410603040742755814,0.18398059997707605,,,batch-f6-null-transfer-20260824-001
F6,X1,X3,f6-null-transfer,61,8,0.04904896817080968,0.715,residual_samples/batch-61-replication-8.csv,null_statistics/batch-61-replication-8.npy,batch-f6-null-transfer,7969617320986406222,3310917044888072395,4575636591931190187,0.18543569999746978,,,batch-f6-null-transfer-20260824-001
F6,X1,X3,f6-null-transfer,61,9,0.053705421371124724,0.465,residual_samples/batch-61-replication-9.csv,null_statistics/batch-61-replication-9.npy,batch-f6-null-transfer,11623169170305598563,16476616198784250706,17222897279021161611,0.18719319999217987,,,batch-f6-null-transfer-20260824-001
F6,X1,X3,f6-null-transfer,62,0,0.057616132392352776,0.375,residual_samples/batch-62-replication-0.csv,null_statistics/batch-62-replication-0.npy,batch-f6-null-transfer,12620944125368782389,7152038116562056115,18423280244309869578,0.18552190001355484,,,batch-f6-null-transfer-20260824-001
F6,X1,X3,f6-null-transfer,62,1,0.04142419134587251,0.895,residual_samples/batch-62-replication-1.csv,null_statistics/batch-62-replication-1.npy,batch-f6-null-transfer,125570044515723031,15644476763750399822,6786059922731411175,0.18620100000407547,,,batch-f6-null-transfer-20260824-001
F6,X1,X3,f6-null-transfer,62,2,0.06014493325931755,0.185,residual_samples/batch-62-replication-2.csv,null_statistics/batch-62-replication-2.npy,batch-f6-null-transfer,9279944614363489606,10697192921905286397,18404190843168308662,0.18826010002521798,,,batch-f6-null-transfer-20260824-001
F6,X1,X3,f6-null-transfer,62,3,0.04769514559647264,0.785,residual_samples/batch-62-replication-3.csv,null_statistics/batch-62-replication-3.npy,batch-f6-null-transfer,120729640229072452,5283341964803900588,9540397388919014676,0.18626119999680668,,,batch-f6-null-transfer-20260824-001
F6,X1,X3,f6-null-transfer,62,4,0.04374871845710329,0.855,residual_samples/batch-62-replication-4.csv,null_statistics/batch-62-replication-4.npy,batch-f6-null-transfer,5311184155106551746,6344902474491774360,1747003445900650264,0.18478559999493882,,,batch-f6-null-transfer-20260824-001
F6,X1,X3,f6-null-transfer,62,5,0.059216329838798175,0.34,residual_samples/batch-62-replication-5.csv,null_statistics/batch-62-replication-5.npy,batch-f6-null-transfer,11150144734822419002,18204696681998005713,8332701582665186372,0.1846394999884069,,,batch-f6-null-transfer-20260824-001
F6,X1,X3,f6-null-transfer,62,6,0.06200909777355596,0.16,residual_samples/batch-62-replication-6.csv,null_statistics/batch-62-replication-6.npy,batch-f6-null-transfer,12962171937350017360,13356283891952316359,17384583821786252647,0.1857628999860026,,,batch-f6-null-transfer-20260824-001
F6,X1,X3,f6-null-transfer,62,7,0.05305908561999039,0.45,residual_samples/batch-62-replication-7.csv,null_statistics/batch-62-replication-7.npy,batch-f6-null-transfer,1085215788510597195,17899400172969707523,11859056760242788119,0.1868912000209093,,,batch-f6-null-transfer-20260824-001
F6,X1,X3,f6-null-transfer,62,8,0.05741041472193283,0.335,residual_samples/batch-62-replication-8.csv,null_statistics/batch-62-replication-8.npy,batch-f6-null-transfer,2714660921944511529,4629663825248447604,6667992916370628566,0.1841660999925807,,,batch-f6-null-transfer-20260824-001
F6,X1,X3,f6-null-transfer,62,9,0.06017699609416133,0.285,residual_samples/batch-62-replication-9.csv,null_statistics/batch-62-replication-9.npy,batch-f6-null-transfer,7536576088350495236,11455750360249412876,1581818516730882695,0.1849699000013061,,,batch-f6-null-transfer-20260824-001
F6,X1,X3,f6-null-transfer,63,0,0.048616481078116384,0.67,residual_samples/batch-63-replication-0.csv,null_statistics/batch-63-replication-0.npy,batch-f6-null-transfer,5877740556301491154,10052582139385282997,4500101765201627694,0.1848805999616161,,,batch-f6-null-transfer-20260824-001
F6,X1,X3,f6-null-transfer,63,1,0.07259593437636228,0.1,residual_samples/batch-63-replication-1.csv,null_statistics/batch-63-replication-1.npy,batch-f6-null-transfer,432083725689661404,15903567771440244139,4220710194159689390,0.18573929998092353,,,batch-f6-null-transfer-20260824-001
F6,X1,X3,f6-null-transfer,63,2,0.05572631072968097,0.42,residual_samples/batch-63-replication-2.csv,null_statistics/batch-63-replication-2.npy,batch-f6-null-transfer,14142956296232060947,14104499560322045011,8571041571349064751,0.18550999998115003,,,batch-f6-null-transfer-20260824-001
F6,X1,X3,f6-null-transfer,63,3,0.06273281017288608,0.215,residual_samples/batch-63-replication-3.csv,null_statistics/batch-63-replication-3.npy,batch-f6-null-transfer,9447744623568046397,9646049990831094375,6007621264004817512,0.18632689997320995,,,batch-f6-null-transfer-20260824-001
F6,X1,X3,f6-null-transfer,63,4,0.06110854370438382,0.255,residual_samples/batch-63-replication-4.csv,null_statistics/batch-63-replication-4.npy,batch-f6-null-transfer,8634476179458562211,8010143300706126021,16618212774498695094,0.1859435000224039,,,batch-f6-null-transfer-20260824-001
F6,X1,X3,f6-null-transfer,63,5,0.05179498289060702,0.565,residual_samples/batch-63-replication-5.csv,null_statistics/batch-63-replication-5.npy,batch-f6-null-transfer,2505950705384012114,5731455771799485351,15269191210260292520,0.18693329999223351,,,batch-f6-null-transfer-20260824-001
F6,X1,X3,f6-null-transfer,63,6,0.05885027575575235,0.345,residual_samples/batch-63-replication-6.csv,null_statistics/batch-63-replication-6.npy,batch-f6-null-transfer,464582453355516586,4389662891417838084,4138427533165856950,0.18564189999597147,,,batch-f6-null-transfer-20260824-001
F6,X1,X3,f6-null-transfer,63,7,0.042515349445422033,0.92,residual_samples/batch-63-replication-7.csv,null_statistics/batch-63-replication-7.npy,batch-f6-null-transfer,10093676798364230493,7418496242375247983,9969832373481285450,0.18588720000116155,,,batch-f6-null-transfer-20260824-001
F6,X1,X3,f6-null-transfer,63,8,0.06085418167578399,0.25,residual_samples/batch-63-replication-8.csv,null_statistics/batch-63-replication-8.npy,batch-f6-null-transfer,5113621590786338822,8701413014220113276,2937065789019595882,0.18685100000584498,,,batch-f6-null-transfer-20260824-001
F6,X1,X3,f6-null-transfer,63,9,0.06659202383909713,0.155,residual_samples/batch-63-replication-9.csv,null_statistics/batch-63-replication-9.npy,batch-f6-null-transfer,15567162117048542400,1187606125745838692,864113516061933490,0.18911999999545515,,,batch-f6-null-transfer-20260824-001
F6,X1,X3,f6-null-transfer,64,0,0.04329090184090854,0.89,residual_samples/batch-64-replication-0.csv,null_statistics/batch-64-replication-0.npy,batch-f6-null-transfer,9790221576886494964,13105558748738384163,6097587409878175100,0.1872746999724768,,,batch-f6-null-transfer-20260824-001
F6,X1,X3,f6-null-transfer,64,1,0.06353223076847334,0.205,residual_samples/batch-64-replication-1.csv,null_statistics/batch-64-replication-1.npy,batch-f6-null-transfer,12888801964498011332,6467797047431180879,12638892239031014456,0.18638540001120418,,,batch-f6-null-transfer-20260824-001
F6,X1,X3,f6-null-transfer,64,2,0.04753596320266533,0.73,residual_samples/batch-64-replication-2.csv,null_statistics/batch-64-replication-2.npy,batch-f6-null-transfer,8558087526444662641,9260239750459924635,15054769908101555130,0.1874491999624297,,,batch-f6-null-transfer-20260824-001
F6,X1,X3,f6-null-transfer,64,3,0.06476978123213772,0.15,residual_samples/batch-64-replication-3.csv,null_statistics/batch-64-replication-3.npy,batch-f6-null-transfer,18423770871983021082,7940117743030985428,16933895204732612395,0.18669620004948229,,,batch-f6-null-transfer-20260824-001
F6,X1,X3,f6-null-transfer,64,4,0.057108417060049835,0.36,residual_samples/batch-64-replication-4.csv,null_statistics/batch-64-replication-4.npy,batch-f6-null-transfer,16520125110364836788,4857730966060767762,6132190262195983618,0.18696530000306666,,,batch-f6-null-transfer-20260824-001
F6,X1,X3,f6-null-transfer,64,5,0.04378374160956515,0.895,residual_samples/batch-64-replication-5.csv,null_statistics/batch-64-replication-5.npy,batch-f6-null-transfer,6366563446081399157,14865811224762848252,9751203767837930255,0.18739979999372736,,,batch-f6-null-transfer-20260824-001
F6,X1,X3,f6-null-transfer,64,6,0.053871892122667416,0.48,residual_samples/batch-64-replication-6.csv,null_statistics/batch-64-replication-6.npy,batch-f6-null-transfer,7319285397435628271,14869273042012143356,9612046101376606003,0.1871223999769427,,,batch-f6-null-transfer-20260824-001
F6,X1,X3,f6-null-transfer,64,7,0.04311718133483208,0.905,residual_samples/batch-64-replication-7.csv,null_statistics/batch-64-replication-7.npy,batch-f6-null-transfer,3461304752834495059,12191681536806562481,4753644444905558717,0.18617410003207624,,,batch-f6-null-transfer-20260824-001
F6,X1,X3,f6-null-transfer,64,8,0.05032897626444769,0.63,residual_samples/batch-64-replication-8.csv,null_statistics/batch-64-replication-8.npy,batch-f6-null-transfer,3303353413908259086,16211299088221128790,739877315507327382,0.18838160001905635,,,batch-f6-null-transfer-20260824-001
F6,X1,X3,f6-null-transfer,64,9,0.046960281667488994,0.7,residual_samples/batch-64-replication-9.csv,null_statistics/batch-64-replication-9.npy,batch-f6-null-transfer,6116561388470119118,14419985556846925000,10712816337502981507,0.18840390001423657,,,batch-f6-null-transfer-20260824-001
F6,X1,X3,f6-null-transfer,65,0,0.04616614255831385,0.775,residual_samples/batch-65-replication-0.csv,null_statistics/batch-65-replication-0.npy,batch-f6-null-transfer,11985003819269826119,10998899793366341926,2193261040963809924,0.18726480001350865,,,batch-f6-null-transfer-20260824-001
F6,X1,X3,f6-null-transfer,65,1,0.07110664990880002,0.075,residual_samples/batch-65-replication-1.csv,null_statistics/batch-65-replication-1.npy,batch-f6-null-transfer,2386383651610462398,14783973513368416625,9044499367156056987,0.1869610999710858,,,batch-f6-null-transfer-20260824-001
F6,X1,X3,f6-null-transfer,65,2,0.05352103358461756,0.495,residual_samples/batch-65-replication-2.csv,null_statistics/batch-65-replication-2.npy,batch-f6-null-transfer,9478855661228030023,7572999488683917368,13309776011669838772,0.18589639995479956,,,batch-f6-null-transfer-20260824-001
F6,X1,X3,f6-null-transfer,65,3,0.06895312629211485,0.12,residual_samples/batch-65-replication-3.csv,null_statistics/batch-65-replication-3.npy,batch-f6-null-transfer,12763136603721470378,17827613052664676708,8146120790950172645,0.1876013000146486,,,batch-f6-null-transfer-20260824-001
F6,X1,X3,f6-null-transfer,65,4,0.04618686967850441,0.81,residual_samples/batch-65-replication-4.csv,null_statistics/batch-65-replication-4.npy,batch-f6-null-transfer,15623779791139988275,4068073341223744537,8174605123762946352,0.1858982999692671,,,batch-f6-null-transfer-20260824-001
F6,X1,X3,f6-null-transfer,65,5,0.059540981152629534,0.26,residual_samples/batch-65-replication-5.csv,null_statistics/batch-65-replication-5.npy,batch-f6-null-transfer,8620252112984765796,2730625697612377506,795334731821145254,0.18904919998021796,,,batch-f6-null-transfer-20260824-001
F6,X1,X3,f6-null-transfer,65,6,0.07577806722378999,0.04,residual_samples/batch-65-replication-6.csv,null_statistics/batch-65-replication-6.npy,batch-f6-null-transfer,18201813404200506738,2861665188126605063,12233559558864068598,0.18757509998977184,,,batch-f6-null-transfer-20260824-001
F6,X1,X3,f6-null-transfer,65,7,0.04526968005205561,0.77,residual_samples/batch-65-replication-7.csv,null_statistics/batch-65-replication-7.npy,batch-f6-null-transfer,10583552906792232535,3207384635318710975,2804478999921844098,0.1865504999877885,,,batch-f6-null-transfer-20260824-001
F6,X1,X3,f6-null-transfer,65,8,0.0584201841708769,0.375,residual_samples/batch-65-replication-8.csv,null_statistics/batch-65-replication-8.npy,batch-f6-null-transfer,11358633068958540779,4821972346049321289,1248322497332470179,0.1858366000233218,,,batch-f6-null-transfer-20260824-001
F6,X1,X3,f6-null-transfer,65,9,0.04533189738754114,0.815,residual_samples/batch-65-replication-9.csv,null_statistics/batch-65-replication-9.npy,batch-f6-null-transfer,12249270527592180683,2096322851893293163,13930519710193424388,0.1892315999721177,,,batch-f6-null-transfer-20260824-001
F6,X1,X3,f6-null-transfer,66,0,0.046043522787957994,0.835,residual_samples/batch-66-replication-0.csv,null_statistics/batch-66-replication-0.npy,batch-f6-null-transfer,9844706310333633770,3596253059561910981,10842126677458891855,0.18445639999117702,,,batch-f6-null-transfer-20260824-001
F6,X1,X3,f6-null-transfer,66,1,0.06011380132736929,0.24,residual_samples/batch-66-replication-1.csv,null_statistics/batch-66-replication-1.npy,batch-f6-null-transfer,18081951298363899763,1128980425013203469,13358438773394388368,0.18740429996978492,,,batch-f6-null-transfer-20260824-001
F6,X1,X3,f6-null-transfer,66,2,0.05459446456076135,0.38,residual_samples/batch-66-replication-2.csv,null_statistics/batch-66-replication-2.npy,batch-f6-null-transfer,8995810962931945981,3642058953958335141,18136633320671961264,0.18584869999904186,,,batch-f6-null-transfer-20260824-001
F6,X1,X3,f6-null-transfer,66,3,0.04938882923038994,0.675,residual_samples/batch-66-replication-3.csv,null_statistics/batch-66-replication-3.npy,batch-f6-null-transfer,7511964943727815618,11350372991457494324,5799085280160245992,0.18432669999310747,,,batch-f6-null-transfer-20260824-001
F6,X1,X3,f6-null-transfer,66,4,0.06676950829986565,0.145,residual_samples/batch-66-replication-4.csv,null_statistics/batch-66-replication-4.npy,batch-f6-null-transfer,4329522061239951896,13094389638211813114,8218664403163179761,0.18579690001206473,,,batch-f6-null-transfer-20260824-001
F6,X1,X3,f6-null-transfer,66,5,0.05247697910078273,0.495,residual_samples/batch-66-replication-5.csv,null_statistics/batch-66-replication-5.npy,batch-f6-null-transfer,325074294000860444,9781446712305046252,3086552962336936448,0.1851611000020057,,,batch-f6-null-transfer-20260824-001
F6,X1,X3,f6-null-transfer,66,6,0.05418816786121165,0.54,residual_samples/batch-66-replication-6.csv,null_statistics/batch-66-replication-6.npy,batch-f6-null-transfer,283277497554532740,14014716140244948895,10665946693988199155,0.18354360002558678,,,batch-f6-null-transfer-20260824-001
F6,X1,X3,f6-null-transfer,66,7,0.04355538955475437,0.87,residual_samples/batch-66-replication-7.csv,null_statistics/batch-66-replication-7.npy,batch-f6-null-transfer,4496639063913955943,16663631602080988824,3002689328599280515,0.18632229999639094,,,batch-f6-null-transfer-20260824-001
F6,X1,X3,f6-null-transfer,66,8,0.04360474719324773,0.925,residual_samples/batch-66-replication-8.csv,null_statistics/batch-66-replication-8.npy,batch-f6-null-transfer,3223350507658243218,9182062063536604191,8940482242549871687,0.18616909999400377,,,batch-f6-null-transfer-20260824-001
F6,X1,X3,f6-null-transfer,66,9,0.04808295542966114,0.72,residual_samples/batch-66-replication-9.csv,null_statistics/batch-66-replication-9.npy,batch-f6-null-transfer,2734073009122638522,12919379444810087652,17644060506958674935,0.18615030002547428,,,batch-f6-null-transfer-20260824-001
F6,X1,X3,f6-null-transfer,67,0,0.041874683139860654,0.94,residual_samples/batch-67-replication-0.csv,null_statistics/batch-67-replication-0.npy,batch-f6-null-transfer,14125863037028233694,17002097341882034588,13667810527756971493,0.18697129999054596,,,batch-f6-null-transfer-20260824-001
F6,X1,X3,f6-null-transfer,67,1,0.061171792721225936,0.185,residual_samples/batch-67-replication-1.csv,null_statistics/batch-67-replication-1.npy,batch-f6-null-transfer,15260491802799436476,11068013188588174673,4456685843495980614,0.18435200001113117,,,batch-f6-null-transfer-20260824-001
F6,X1,X3,f6-null-transfer,67,2,0.049548189980574704,0.64,residual_samples/batch-67-replication-2.csv,null_statistics/batch-67-replication-2.npy,batch-f6-null-transfer,4155463371516998691,18167415210873416755,9087784412439198858,0.1849423000239767,,,batch-f6-null-transfer-20260824-001
F6,X1,X3,f6-null-transfer,67,3,0.10202419729156346,0.015,residual_samples/batch-67-replication-3.csv,null_statistics/batch-67-replication-3.npy,batch-f6-null-transfer,13012142774740124737,14666973277027060183,17288924201610291651,0.18493049999233335,,,batch-f6-null-transfer-20260824-001
F6,X1,X3,f6-null-transfer,67,4,0.05075060712680066,0.64,residual_samples/batch-67-replication-4.csv,null_statistics/batch-67-replication-4.npy,batch-f6-null-transfer,12496193991084904013,13290958304808202187,7575890445232876100,0.18772830005036667,,,batch-f6-null-transfer-20260824-001
F6,X1,X3,f6-null-transfer,67,5,0.06658727458630634,0.16,residual_samples/batch-67-replication-5.csv,null_statistics/batch-67-replication-5.npy,batch-f6-null-transfer,15927408194722845776,10239269209029115674,13159594403280471830,0.18741359998239204,,,batch-f6-null-transfer-20260824-001
F6,X1,X3,f6-null-transfer,67,6,0.04471643908076526,0.835,residual_samples/batch-67-replication-6.csv,null_statistics/batch-67-replication-6.npy,batch-f6-null-transfer,5187937028250671067,866903657520400900,14358634257546890729,0.1870280000148341,,,batch-f6-null-transfer-20260824-001
F6,X1,X3,f6-null-transfer,67,7,0.04554125328565354,0.83,residual_samples/batch-67-replication-7.csv,null_statistics/batch-67-replication-7.npy,batch-f6-null-transfer,77301749163158917,4654380426890939204,5850911961205841263,0.18466189998434857,,,batch-f6-null-transfer-20260824-001
F6,X1,X3,f6-null-transfer,67,8,0.041496885891523005,0.895,residual_samples/batch-67-replication-8.csv,null_statistics/batch-67-replication-8.npy,batch-f6-null-transfer,17286296362780227454,13705468495497197131,10833602955811722385,0.18531199998687953,,,batch-f6-null-transfer-20260824-001
F6,X1,X3,f6-null-transfer,67,9,0.05329590294766406,0.435,residual_samples/batch-67-replication-9.csv,null_statistics/batch-67-replication-9.npy,batch-f6-null-transfer,11613662739181558115,5083327787703449381,12925418319899647252,0.18340490001719445,,,batch-f6-null-transfer-20260824-001
F6,X1,X3,f6-null-transfer,68,0,0.039430523609106316,0.985,residual_samples/batch-68-replication-0.csv,null_statistics/batch-68-replication-0.npy,batch-f6-null-transfer,18014964921537064223,3444657102736891398,14127899373153060610,0.18643279996467754,,,batch-f6-null-transfer-20260824-001
F6,X1,X3,f6-null-transfer,68,1,0.05066318991660022,0.62,residual_samples/batch-68-replication-1.csv,null_statistics/batch-68-replication-1.npy,batch-f6-null-transfer,4232853352144171974,7790807891316572845,8848847427012245067,0.18741979997139424,,,batch-f6-null-transfer-20260824-001
F6,X1,X3,f6-null-transfer,68,2,0.05795734403450049,0.32,residual_samples/batch-68-replication-2.csv,null_statistics/batch-68-replication-2.npy,batch-f6-null-transfer,5286205830037134429,10394024628924831889,10236690099885268034,0.1850410999613814,,,batch-f6-null-transfer-20260824-001
F6,X1,X3,f6-null-transfer,68,3,0.0533684531959328,0.555,residual_samples/batch-68-replication-3.csv,null_statistics/batch-68-replication-3.npy,batch-f6-null-transfer,10504288784767831244,7386642842561330388,8948131267837610520,0.18554909998783842,,,batch-f6-null-transfer-20260824-001
F6,X1,X3,f6-null-transfer,68,4,0.0443045724034882,0.89,residual_samples/batch-68-replication-4.csv,null_statistics/batch-68-replication-4.npy,batch-f6-null-transfer,3496318475090950541,14160144058489375137,7613493430437309856,0.18519270000979304,,,batch-f6-null-transfer-20260824-001
F6,X1,X3,f6-null-transfer,68,5,0.04005466490292093,0.965,residual_samples/batch-68-replication-5.csv,null_statistics/batch-68-replication-5.npy,batch-f6-null-transfer,5604191251272156223,16020901857373090183,7471378683190976270,0.20580789999803528,,,batch-f6-null-transfer-20260824-001
F6,X1,X3,f6-null-transfer,68,6,0.045376423466478466,0.845,residual_samples/batch-68-replication-6.csv,null_statistics/batch-68-replication-6.npy,batch-f6-null-transfer,15163725644437758999,5285695204158067667,630729762298650252,0.18758500000694767,,,batch-f6-null-transfer-20260824-001
F6,X1,X3,f6-null-transfer,68,7,0.04461790360610124,0.88,residual_samples/batch-68-replication-7.csv,null_statistics/batch-68-replication-7.npy,batch-f6-null-transfer,831634674712375036,17379790637865387072,1305123416332474004,0.18682090000947937,,,batch-f6-null-transfer-20260824-001
F6,X1,X3,f6-null-transfer,68,8,0.06237211160570292,0.205,residual_samples/batch-68-replication-8.csv,null_statistics/batch-68-replication-8.npy,batch-f6-null-transfer,16966202221080929590,8382372413000493286,15159281594157059390,0.18551759998081252,,,batch-f6-null-transfer-20260824-001
F6,X1,X3,f6-null-transfer,68,9,0.04104551099338636,0.965,residual_samples/batch-68-replication-9.csv,null_statistics/batch-68-replication-9.npy,batch-f6-null-transfer,1901413354455013987,15866992471716138427,6526090653617759272,0.18623530003242195,,,batch-f6-null-transfer-20260824-001
F6,X1,X3,f6-null-transfer,69,0,0.06374104062730629,0.175,residual_samples/batch-69-replication-0.csv,null_statistics/batch-69-replication-0.npy,batch-f6-null-transfer,3395171886702001072,17009030429197311450,10565441814502288399,0.18579989997670054,,,batch-f6-null-transfer-20260824-001
F6,X1,X3,f6-null-transfer,69,1,0.05329302009985449,0.475,residual_samples/batch-69-replication-1.csv,null_statistics/batch-69-replication-1.npy,batch-f6-null-transfer,321669995911382796,13818237995377471718,9311137675489078855,0.18718499998794869,,,batch-f6-null-transfer-20260824-001
F6,X1,X3,f6-null-transfer,69,2,0.04120209569106011,0.95,residual_samples/batch-69-replication-2.csv,null_statistics/batch-69-replication-2.npy,batch-f6-null-transfer,11722150050429553483,9016719902187235248,9184723135420560664,0.18675539997639135,,,batch-f6-null-transfer-20260824-001
F6,X1,X3,f6-null-transfer,69,3,0.062298891753234366,0.225,residual_samples/batch-69-replication-3.csv,null_statistics/batch-69-replication-3.npy,batch-f6-null-transfer,17633561541709612656,8334631163870620949,7060952707128324419,0.18610710004577413,,,batch-f6-null-transfer-20260824-001
F6,X1,X3,f6-null-transfer,69,4,0.05563567483225772,0.45,residual_samples/batch-69-replication-4.csv,null_statistics/batch-69-replication-4.npy,batch-f6-null-transfer,601336888721567824,16330472329967119295,11739594743904335711,0.18807520001428202,,,batch-f6-null-transfer-20260824-001
F6,X1,X3,f6-null-transfer,69,5,0.04890253457005167,0.64,residual_samples/batch-69-replication-5.csv,null_statistics/batch-69-replication-5.npy,batch-f6-null-transfer,17947545618753387949,13690048606868948683,15730417302336915417,0.1856374999624677,,,batch-f6-null-transfer-20260824-001
F6,X1,X3,f6-null-transfer,69,6,0.053065898026318295,0.57,residual_samples/batch-69-replication-6.csv,null_statistics/batch-69-replication-6.npy,batch-f6-null-transfer,18258307986151786498,7477975403843461589,10708691185333906500,0.183954999956768,,,batch-f6-null-transfer-20260824-001
F6,X1,X3,f6-null-transfer,69,7,0.03887683217757843,0.97,residual_samples/batch-69-replication-7.csv,null_statistics/batch-69-replication-7.npy,batch-f6-null-transfer,11939394234174937994,17062507618566812022,11558419156942806360,0.18729590001748875,,,batch-f6-null-transfer-20260824-001
F6,X1,X3,f6-null-transfer,69,8,0.05478878320669694,0.475,residual_samples/batch-69-replication-8.csv,null_statistics/batch-69-replication-8.npy,batch-f6-null-transfer,3571161506015077886,14463555926811301833,2321500205159657293,0.18494579999241978,,,batch-f6-null-transfer-20260824-001
F6,X1,X3,f6-null-transfer,69,9,0.0698937683972663,0.105,residual_samples/batch-69-replication-9.csv,null_statistics/batch-69-replication-9.npy,batch-f6-null-transfer,3622958132442961073,8607713038080190925,2290388444730020481,0.18810349999694154,,,batch-f6-null-transfer-20260824-001
F6,X1,X3,f6-null-transfer,70,0,0.06870718191693428,0.12,residual_samples/batch-70-replication-0.csv,null_statistics/batch-70-replication-0.npy,batch-f6-null-transfer,12871965339012981723,17918777733449007007,11088474347222943336,0.18762019998393953,,,batch-f6-null-transfer-20260824-001
F6,X1,X3,f6-null-transfer,70,1,0.05760329252290369,0.335,residual_samples/batch-70-replication-1.csv,null_statistics/batch-70-replication-1.npy,batch-f6-null-transfer,6697771182323186489,4373914359094595832,3831074533317695565,0.18590130005031824,,,batch-f6-null-transfer-20260824-001
F6,X1,X3,f6-null-transfer,70,2,0.04503685230164167,0.83,residual_samples/batch-70-replication-2.csv,null_statistics/batch-70-replication-2.npy,batch-f6-null-transfer,16973164878165003269,7626840260752440189,16280187790716765217,0.18585289997281507,,,batch-f6-null-transfer-20260824-001
F6,X1,X3,f6-null-transfer,70,3,0.04491414649885244,0.795,residual_samples/batch-70-replication-3.csv,null_statistics/batch-70-replication-3.npy,batch-f6-null-transfer,14207485801301852277,9075164048610045294,14529816218413155560,0.18610739998985082,,,batch-f6-null-transfer-20260824-001
F6,X1,X3,f6-null-transfer,70,4,0.05342428837209178,0.435,residual_samples/batch-70-replication-4.csv,null_statistics/batch-70-replication-4.npy,batch-f6-null-transfer,11133767680562592885,12408158651394049811,10375490425825433017,0.18456119997426867,,,batch-f6-null-transfer-20260824-001
F6,X1,X3,f6-null-transfer,70,5,0.06132744576521012,0.255,residual_samples/batch-70-replication-5.csv,null_statistics/batch-70-replication-5.npy,batch-f6-null-transfer,1192746766134591133,14065000459269228015,7769673755620150451,0.1848013999988325,,,batch-f6-null-transfer-20260824-001
F6,X1,X3,f6-null-transfer,70,6,0.05151662941698498,0.62,residual_samples/batch-70-replication-6.csv,null_statistics/batch-70-replication-6.npy,batch-f6-null-transfer,2353812213138136444,5954254310123664616,111369444240356608,0.18501959997229278,,,batch-f6-null-transfer-20260824-001
F6,X1,X3,f6-null-transfer,70,7,0.04320963244467451,0.92,residual_samples/batch-70-replication-7.csv,null_statistics/batch-70-replication-7.npy,batch-f6-null-transfer,12982759748576089022,11634125962272236,16307105607941940056,0.18600349995540455,,,batch-f6-null-transfer-20260824-001
F6,X1,X3,f6-null-transfer,70,8,0.06732304567284293,0.115,residual_samples/batch-70-replication-8.csv,null_statistics/batch-70-replication-8.npy,batch-f6-null-transfer,10706352868821118439,17339080402505027652,5103486094205195879,0.18392879999009892,,,batch-f6-null-transfer-20260824-001
F6,X1,X3,f6-null-transfer,70,9,0.04556245800479264,0.815,residual_samples/batch-70-replication-9.csv,null_statistics/batch-70-replication-9.npy,batch-f6-null-transfer,8959039626891302275,10447475051189883746,16666723008989850339,0.1839066999964416,,,batch-f6-null-transfer-20260824-001
F6,X1,X3,f6-null-transfer,71,0,0.04274762386792068,0.895,residual_samples/batch-71-replication-0.csv,null_statistics/batch-71-replication-0.npy,batch-f6-null-transfer,1156597040281581452,18342684096738300352,2669264621602859498,0.1852837999467738,,,batch-f6-null-transfer-20260824-001
F6,X1,X3,f6-null-transfer,71,1,0.06559500353574138,0.13,residual_samples/batch-71-replication-1.csv,null_statistics/batch-71-replication-1.npy,batch-f6-null-transfer,1475106900420596048,16279495990938620159,13127823304196049475,0.1853895999956876,,,batch-f6-null-transfer-20260824-001
F6,X1,X3,f6-null-transfer,71,2,0.055708472965131206,0.475,residual_samples/batch-71-replication-2.csv,null_statistics/batch-71-replication-2.npy,batch-f6-null-transfer,10285231891554937843,9967665303568793173,17745864046203701197,0.18503470002906397,,,batch-f6-null-transfer-20260824-001
F6,X1,X3,f6-null-transfer,71,3,0.04622077039828835,0.77,residual_samples/batch-71-replication-3.csv,null_statistics/batch-71-replication-3.npy,batch-f6-null-transfer,4938133421757514519,12669851401604402567,9551586298247542723,0.18908290000399575,,,batch-f6-null-transfer-20260824-001
F6,X1,X3,f6-null-transfer,71,4,0.061402217064284635,0.35,residual_samples/batch-71-replication-4.csv,null_statistics/batch-71-replication-4.npy,batch-f6-null-transfer,10906106457477876449,14191598347836898437,15619075082689908017,0.1885167000000365,,,batch-f6-null-transfer-20260824-001
F6,X1,X3,f6-null-transfer,71,5,0.05530361694707204,0.39,residual_samples/batch-71-replication-5.csv,null_statistics/batch-71-replication-5.npy,batch-f6-null-transfer,10088655428379172553,16012773950605735378,7236562906550388594,0.18325140001252294,,,batch-f6-null-transfer-20260824-001
F6,X1,X3,f6-null-transfer,71,6,0.053719577669920984,0.505,residual_samples/batch-71-replication-6.csv,null_statistics/batch-71-replication-6.npy,batch-f6-null-transfer,10181635285955610362,10208857157750137632,10505849989587424891,0.18950199999380857,,,batch-f6-null-transfer-20260824-001
F6,X1,X3,f6-null-transfer,71,7,0.04914796921575918,0.7,residual_samples/batch-71-replication-7.csv,null_statistics/batch-71-replication-7.npy,batch-f6-null-transfer,15940616091791237321,6791699592321445986,16616651439680458045,0.18595850002020597,,,batch-f6-null-transfer-20260824-001
F6,X1,X3,f6-null-transfer,71,8,0.04666569062306815,0.8,residual_samples/batch-71-replication-8.csv,null_statistics/batch-71-replication-8.npy,batch-f6-null-transfer,6048516144234320383,154561072485366698,4194908251001238400,0.18747110001277179,,,batch-f6-null-transfer-20260824-001
F6,X1,X3,f6-null-transfer,71,9,0.04180325553945873,0.925,residual_samples/batch-71-replication-9.csv,null_statistics/batch-71-replication-9.npy,batch-f6-null-transfer,2789606872141753666,5232804456559661759,17817725282398807414,0.18548460002057254,,,batch-f6-null-transfer-20260824-001
F6,X1,X3,f6-null-transfer,72,0,0.08021102885475707,0.055,residual_samples/batch-72-replication-0.csv,null_statistics/batch-72-replication-0.npy,batch-f6-null-transfer,8697000248791310108,11937553987164032953,11097381706261576965,0.18643080000765622,,,batch-f6-null-transfer-20260824-001
F6,X1,X3,f6-null-transfer,72,1,0.05913391819031814,0.295,residual_samples/batch-72-replication-1.csv,null_statistics/batch-72-replication-1.npy,batch-f6-null-transfer,10845992062365925917,12337370752843112143,5980699055850476300,0.18485070002498105,,,batch-f6-null-transfer-20260824-001
F6,X1,X3,f6-null-transfer,72,2,0.0393585315494215,0.96,residual_samples/batch-72-replication-2.csv,null_statistics/batch-72-replication-2.npy,batch-f6-null-transfer,6048616908995757477,10995642836173798629,14934249952075767223,0.1884070999803953,,,batch-f6-null-transfer-20260824-001
F6,X1,X3,f6-null-transfer,72,3,0.06577802777690273,0.15,residual_samples/batch-72-replication-3.csv,null_statistics/batch-72-replication-3.npy,batch-f6-null-transfer,3119811480715318227,10698288026577046266,1723556326549865219,0.1851238000090234,,,batch-f6-null-transfer-20260824-001
F6,X1,X3,f6-null-transfer,72,4,0.04206699904707826,0.925,residual_samples/batch-72-replication-4.csv,null_statistics/batch-72-replication-4.npy,batch-f6-null-transfer,3536448567336671514,2560240424884208949,14882133283806045535,0.18958830001065508,,,batch-f6-null-transfer-20260824-001
F6,X1,X3,f6-null-transfer,72,5,0.045673283191399225,0.83,residual_samples/batch-72-replication-5.csv,null_statistics/batch-72-replication-5.npy,batch-f6-null-transfer,8972296692455503797,2390967570858799615,7566619695368553049,0.1862649000249803,,,batch-f6-null-transfer-20260824-001
F6,X1,X3,f6-null-transfer,72,6,0.051977934857498756,0.585,residual_samples/batch-72-replication-6.csv,null_statistics/batch-72-replication-6.npy,batch-f6-null-transfer,7135061459903474549,1765064804701771610,964587926511502563,0.18837729998631403,,,batch-f6-null-transfer-20260824-001
F6,X1,X3,f6-null-transfer,72,7,0.04446351858011709,0.845,residual_samples/batch-72-replication-7.csv,null_statistics/batch-72-replication-7.npy,batch-f6-null-transfer,10454627780425734428,15483605912292602102,2496451351931517278,0.18899890000466257,,,batch-f6-null-transfer-20260824-001
F6,X1,X3,f6-null-transfer,72,8,0.05646321095574135,0.365,residual_samples/batch-72-replication-8.csv,null_statistics/batch-72-replication-8.npy,batch-f6-null-transfer,14491930885599741021,14920152367993781006,11358510860709231447,0.18728589999955148,,,batch-f6-null-transfer-20260824-001
F6,X1,X3,f6-null-transfer,72,9,0.1004385574019902,0.005,residual_samples/batch-72-replication-9.csv,null_statistics/batch-72-replication-9.npy,batch-f6-null-transfer,17020398978377142981,10178305696948484700,12136715651656083722,0.1866308000171557,,,batch-f6-null-transfer-20260824-001
F6,X1,X3,f6-null-transfer,73,0,0.07758843108403843,0.065,residual_samples/batch-73-replication-0.csv,null_statistics/batch-73-replication-0.npy,batch-f6-null-transfer,2665600494134585847,12619760337820713760,15969502409598815986,0.186247400008142,,,batch-f6-null-transfer-20260824-001
F6,X1,X3,f6-null-transfer,73,1,0.04982531192667586,0.605,residual_samples/batch-73-replication-1.csv,null_statistics/batch-73-replication-1.npy,batch-f6-null-transfer,16042960387582381084,7941465510393868786,5149617898475272305,0.18397919996641576,,,batch-f6-null-transfer-20260824-001
F6,X1,X3,f6-null-transfer,73,2,0.0594664330925894,0.285,residual_samples/batch-73-replication-2.csv,null_statistics/batch-73-replication-2.npy,batch-f6-null-transfer,13153055454336026695,9623271572148927623,2880210380329579767,0.18917269998928532,,,batch-f6-null-transfer-20260824-001
F6,X1,X3,f6-null-transfer,73,3,0.04844466218834586,0.77,residual_samples/batch-73-replication-3.csv,null_statistics/batch-73-replication-3.npy,batch-f6-null-transfer,4242327051191118927,8316931348097749339,10251473903302297697,0.1857682999689132,,,batch-f6-null-transfer-20260824-001
F6,X1,X3,f6-null-transfer,73,4,0.04874807445477259,0.725,residual_samples/batch-73-replication-4.csv,null_statistics/batch-73-replication-4.npy,batch-f6-null-transfer,15822866151611599375,455412557164415034,4856669222478882643,0.18592889996943995,,,batch-f6-null-transfer-20260824-001
F6,X1,X3,f6-null-transfer,73,5,0.05098395241149856,0.555,residual_samples/batch-73-replication-5.csv,null_statistics/batch-73-replication-5.npy,batch-f6-null-transfer,8332566473920007828,14868323599758612595,10696305459119097363,0.18691069999476895,,,batch-f6-null-transfer-20260824-001
F6,X1,X3,f6-null-transfer,73,6,0.0456340865239395,0.815,residual_samples/batch-73-replication-6.csv,null_statistics/batch-73-replication-6.npy,batch-f6-null-transfer,17573841215943209190,18350251143260687553,4348573367621948467,0.1882457000319846,,,batch-f6-null-transfer-20260824-001
F6,X1,X3,f6-null-transfer,73,7,0.041939180524760575,0.905,residual_samples/batch-73-replication-7.csv,null_statistics/batch-73-replication-7.npy,batch-f6-null-transfer,14816100841608969074,11429059302516516370,17295846327536293349,0.18681220000144094,,,batch-f6-null-transfer-20260824-001
F6,X1,X3,f6-null-transfer,73,8,0.05276812475174952,0.47,residual_samples/batch-73-replication-8.csv,null_statistics/batch-73-replication-8.npy,batch-f6-null-transfer,2106362086031261502,6656492062362391030,13702481678309601226,0.18692920001922175,,,batch-f6-null-transfer-20260824-001
F6,X1,X3,f6-null-transfer,73,9,0.05794568683817731,0.295,residual_samples/batch-73-replication-9.csv,null_statistics/batch-73-replication-9.npy,batch-f6-null-transfer,13554926448578900042,13548072594706362069,14380054601874533374,0.186717500037048,,,batch-f6-null-transfer-20260824-001
F6,X1,X3,f6-null-transfer,74,0,0.06439950629685724,0.25,residual_samples/batch-74-replication-0.csv,null_statistics/batch-74-replication-0.npy,batch-f6-null-transfer,2189387690957981166,18139624022947421799,7149521385517638644,0.18664510000962764,,,batch-f6-null-transfer-20260824-001
F6,X1,X3,f6-null-transfer,74,1,0.05646048801643956,0.405,residual_samples/batch-74-replication-1.csv,null_statistics/batch-74-replication-1.npy,batch-f6-null-transfer,8008075745959241350,7168866413159684609,18203091687602343748,0.18651809997390956,,,batch-f6-null-transfer-20260824-001
F6,X1,X3,f6-null-transfer,74,2,0.0603868960484544,0.28,residual_samples/batch-74-replication-2.csv,null_statistics/batch-74-replication-2.npy,batch-f6-null-transfer,18349727576464184497,14338256972141911577,13465380537239708470,0.18554079998284578,,,batch-f6-null-transfer-20260824-001
F6,X1,X3,f6-null-transfer,74,3,0.07873263295046104,0.04,residual_samples/batch-74-replication-3.csv,null_statistics/batch-74-replication-3.npy,batch-f6-null-transfer,10839297195807236063,4008739845626618321,9440881258170159142,0.18806110002333298,,,batch-f6-null-transfer-20260824-001
F6,X1,X3,f6-null-transfer,74,4,0.07083404227999653,0.145,residual_samples/batch-74-replication-4.csv,null_statistics/batch-74-replication-4.npy,batch-f6-null-transfer,7856406664863719434,16027582651960816309,9929219022664274745,0.18675940000684932,,,batch-f6-null-transfer-20260824-001
F6,X1,X3,f6-null-transfer,74,5,0.04291862614993971,0.895,residual_samples/batch-74-replication-5.csv,null_statistics/batch-74-replication-5.npy,batch-f6-null-transfer,11282360336466177253,11647720939199483118,10397293431032121431,0.18914029997540638,,,batch-f6-null-transfer-20260824-001
F6,X1,X3,f6-null-transfer,74,6,0.0455601954177633,0.82,residual_samples/batch-74-replication-6.csv,null_statistics/batch-74-replication-6.npy,batch-f6-null-transfer,1631698703099615937,7753075006313882007,359298518444421676,0.18541109998477623,,,batch-f6-null-transfer-20260824-001
F6,X1,X3,f6-null-transfer,74,7,0.06172366932948702,0.25,residual_samples/batch-74-replication-7.csv,null_statistics/batch-74-replication-7.npy,batch-f6-null-transfer,1843197821738733126,11291208130655169897,8332223100820811052,0.18397210002876818,,,batch-f6-null-transfer-20260824-001
F6,X1,X3,f6-null-transfer,74,8,0.06180577643825735,0.2,residual_samples/batch-74-replication-8.csv,null_statistics/batch-74-replication-8.npy,batch-f6-null-transfer,7894595178065340951,18018888099211443433,15497639746983352584,0.18692760000703856,,,batch-f6-null-transfer-20260824-001
F6,X1,X3,f6-null-transfer,74,9,0.0470582191025216,0.72,residual_samples/batch-74-replication-9.csv,null_statistics/batch-74-replication-9.npy,batch-f6-null-transfer,14264607807536762580,590118129576279404,13354705895989486241,0.1856450000195764,,,batch-f6-null-transfer-20260824-001
F6,X1,X3,f6-null-transfer,75,0,0.06475501048634837,0.2,residual_samples/batch-75-replication-0.csv,null_statistics/batch-75-replication-0.npy,batch-f6-null-transfer,3030015547996692556,2406970867284668957,13867221833999892508,0.18613919999916106,,,batch-f6-null-transfer-20260824-001
F6,X1,X3,f6-null-transfer,75,1,0.06502246134228785,0.16,residual_samples/batch-75-replication-1.csv,null_statistics/batch-75-replication-1.npy,batch-f6-null-transfer,17898695614247867101,14444140381456704643,12482890712030804974,0.18547200004104525,,,batch-f6-null-transfer-20260824-001
F6,X1,X3,f6-null-transfer,75,2,0.04530587150506377,0.81,residual_samples/batch-75-replication-2.csv,null_statistics/batch-75-replication-2.npy,batch-f6-null-transfer,370236160444954877,7298550877069282505,16872781392506366845,0.18593669997062534,,,batch-f6-null-transfer-20260824-001
F6,X1,X3,f6-null-transfer,75,3,0.06295855989848151,0.205,residual_samples/batch-75-replication-3.csv,null_statistics/batch-75-replication-3.npy,batch-f6-null-transfer,7087130068445811403,4621611013259473710,11687573212141024234,0.18714019999606535,,,batch-f6-null-transfer-20260824-001
F6,X1,X3,f6-null-transfer,75,4,0.03947354364088522,0.97,residual_samples/batch-75-replication-4.csv,null_statistics/batch-75-replication-4.npy,batch-f6-null-transfer,12729673583078039391,17414793569040565491,5994237343438718359,0.1860181000083685,,,batch-f6-null-transfer-20260824-001
F6,X1,X3,f6-null-transfer,75,5,0.0389491231460526,0.985,residual_samples/batch-75-replication-5.csv,null_statistics/batch-75-replication-5.npy,batch-f6-null-transfer,15994379715904247818,16740402439647524604,11460981359155833191,0.1849383999942802,,,batch-f6-null-transfer-20260824-001
F6,X1,X3,f6-null-transfer,75,6,0.06888261238293954,0.145,residual_samples/batch-75-replication-6.csv,null_statistics/batch-75-replication-6.npy,batch-f6-null-transfer,16870036941022377063,13788843048159411811,11007065173393420647,0.18709530000342056,,,batch-f6-null-transfer-20260824-001
F6,X1,X3,f6-null-transfer,75,7,0.045192438680644285,0.805,residual_samples/batch-75-replication-7.csv,null_statistics/batch-75-replication-7.npy,batch-f6-null-transfer,10572532745154521826,5658254806629550433,10344482809168577400,0.1863207999849692,,,batch-f6-null-transfer-20260824-001
F6,X1,X3,f6-null-transfer,75,8,0.051975048471015445,0.595,residual_samples/batch-75-replication-8.csv,null_statistics/batch-75-replication-8.npy,batch-f6-null-transfer,12703078182813942074,1128617251864378174,17560280142181595858,0.18689050001557916,,,batch-f6-null-transfer-20260824-001
F6,X1,X3,f6-null-transfer,75,9,0.054190142927612754,0.42,residual_samples/batch-75-replication-9.csv,null_statistics/batch-75-replication-9.npy,batch-f6-null-transfer,4852073474916638118,4073680293814185271,16481517200915347939,0.1854960999917239,,,batch-f6-null-transfer-20260824-001
F6,X1,X3,f6-null-transfer,76,0,0.049165110059344354,0.645,residual_samples/batch-76-replication-0.csv,null_statistics/batch-76-replication-0.npy,batch-f6-null-transfer,4746709920043183219,1902599665480659540,9468212605767319469,0.1836899999761954,,,batch-f6-null-transfer-20260824-001
F6,X1,X3,f6-null-transfer,76,1,0.0802562966987886,0.05,residual_samples/batch-76-replication-1.csv,null_statistics/batch-76-replication-1.npy,batch-f6-null-transfer,13654767398629113065,7098858639747021135,17157393369582274877,0.18828770000254735,,,batch-f6-null-transfer-20260824-001
F6,X1,X3,f6-null-transfer,76,2,0.082458342097911,0.02,residual_samples/batch-76-replication-2.csv,null_statistics/batch-76-replication-2.npy,batch-f6-null-transfer,2693436151187104001,6671464691456604128,18276618448568594709,0.18590709997806698,,,batch-f6-null-transfer-20260824-001
F6,X1,X3,f6-null-transfer,76,3,0.05864383200529326,0.32,residual_samples/batch-76-replication-3.csv,null_statistics/batch-76-replication-3.npy,batch-f6-null-transfer,11016852174819652949,7605960503241888355,13662086971719043911,0.18412719998741522,,,batch-f6-null-transfer-20260824-001
F6,X1,X3,f6-null-transfer,76,4,0.04889356428310825,0.69,residual_samples/batch-76-replication-4.csv,null_statistics/batch-76-replication-4.npy,batch-f6-null-transfer,10905068224693358160,13341133194691419842,3951172749887561673,0.18539870000677183,,,batch-f6-null-transfer-20260824-001
F6,X1,X3,f6-null-transfer,76,5,0.049744964964594345,0.645,residual_samples/batch-76-replication-5.csv,null_statistics/batch-76-replication-5.npy,batch-f6-null-transfer,8335129795276400212,12656118943993746702,10797897561885015708,0.184560900030192,,,batch-f6-null-transfer-20260824-001
F6,X1,X3,f6-null-transfer,76,6,0.05953065685139718,0.285,residual_samples/batch-76-replication-6.csv,null_statistics/batch-76-replication-6.npy,batch-f6-null-transfer,6639372477473528087,14449158131381815653,2683495135737181276,0.19082389998948202,,,batch-f6-null-transfer-20260824-001
F6,X1,X3,f6-null-transfer,76,7,0.05315574546223041,0.505,residual_samples/batch-76-replication-7.csv,null_statistics/batch-76-replication-7.npy,batch-f6-null-transfer,3085097765877612399,5996598924240781407,14882119255397339735,0.1858053000178188,,,batch-f6-null-transfer-20260824-001
F6,X1,X3,f6-null-transfer,76,8,0.04726579498336169,0.775,residual_samples/batch-76-replication-8.csv,null_statistics/batch-76-replication-8.npy,batch-f6-null-transfer,7353809361950868138,9279843164330611180,5534412345254193660,0.1848500000196509,,,batch-f6-null-transfer-20260824-001
F6,X1,X3,f6-null-transfer,76,9,0.06861227521165894,0.105,residual_samples/batch-76-replication-9.csv,null_statistics/batch-76-replication-9.npy,batch-f6-null-transfer,15594971032168008672,7624035237787157957,11703575760763863719,0.1853768000146374,,,batch-f6-null-transfer-20260824-001
F6,X1,X3,f6-null-transfer,77,0,0.07891960235425603,0.045,residual_samples/batch-77-replication-0.csv,null_statistics/batch-77-replication-0.npy,batch-f6-null-transfer,15757184470209726486,9931664547618768640,15228738143720543224,0.18589339999016374,,,batch-f6-null-transfer-20260824-001
F6,X1,X3,f6-null-transfer,77,1,0.04416971680639718,0.855,residual_samples/batch-77-replication-1.csv,null_statistics/batch-77-replication-1.npy,batch-f6-null-transfer,5286890772003942146,7991465090521655398,14302678122402477147,0.186350499978289,,,batch-f6-null-transfer-20260824-001
F6,X1,X3,f6-null-transfer,77,2,0.041641321777655387,0.935,residual_samples/batch-77-replication-2.csv,null_statistics/batch-77-replication-2.npy,batch-f6-null-transfer,17248453695974728307,4831404173347578119,8512354811952302107,0.18611260002944618,,,batch-f6-null-transfer-20260824-001
F6,X1,X3,f6-null-transfer,77,3,0.048699411996897396,0.7,residual_samples/batch-77-replication-3.csv,null_statistics/batch-77-replication-3.npy,batch-f6-null-transfer,15076263536749923285,16436525339677784474,17241793478865762272,0.18903969996608794,,,batch-f6-null-transfer-20260824-001
F6,X1,X3,f6-null-transfer,77,4,0.04638088266030081,0.78,residual_samples/batch-77-replication-4.csv,null_statistics/batch-77-replication-4.npy,batch-f6-null-transfer,3557263159039154908,15250875629536861132,7605804563343599241,0.1897946000099182,,,batch-f6-null-transfer-20260824-001
F6,X1,X3,f6-null-transfer,77,5,0.04520106642096043,0.845,residual_samples/batch-77-replication-5.csv,null_statistics/batch-77-replication-5.npy,batch-f6-null-transfer,9568215198184388613,11419316001396987432,3722977857054220322,0.18597930000396445,,,batch-f6-null-transfer-20260824-001
F6,X1,X3,f6-null-transfer,77,6,0.051124915164055124,0.575,residual_samples/batch-77-replication-6.csv,null_statistics/batch-77-replication-6.npy,batch-f6-null-transfer,10222696897309395401,9391517750821004327,8649125164049450738,0.1854851000243798,,,batch-f6-null-transfer-20260824-001
F6,X1,X3,f6-null-transfer,77,7,0.05586157289447699,0.395,residual_samples/batch-77-replication-7.csv,null_statistics/batch-77-replication-7.npy,batch-f6-null-transfer,13735164861816304518,17414018916539975407,651317520468400210,0.18641580000985414,,,batch-f6-null-transfer-20260824-001
F6,X1,X3,f6-null-transfer,77,8,0.04295955853054924,0.9,residual_samples/batch-77-replication-8.csv,null_statistics/batch-77-replication-8.npy,batch-f6-null-transfer,7822333249136373166,5603731913175520975,4093181247343621581,0.1872393999947235,,,batch-f6-null-transfer-20260824-001
F6,X1,X3,f6-null-transfer,77,9,0.050984027143044425,0.67,residual_samples/batch-77-replication-9.csv,null_statistics/batch-77-replication-9.npy,batch-f6-null-transfer,16468164830255915244,12628868606005531123,694966113227861191,0.18514600000344217,,,batch-f6-null-transfer-20260824-001
F6,X1,X3,f6-null-transfer,78,0,0.058838132613004225,0.3,residual_samples/batch-78-replication-0.csv,null_statistics/batch-78-replication-0.npy,batch-f6-null-transfer,12607843611710710282,15707510791943255092,7173098000387782034,0.1896400999976322,,,batch-f6-null-transfer-20260824-001
F6,X1,X3,f6-null-transfer,78,1,0.04808320164820615,0.67,residual_samples/batch-78-replication-1.csv,null_statistics/batch-78-replication-1.npy,batch-f6-null-transfer,8878430528663927571,2209207190911348304,10473308085615073781,0.18722579994937405,,,batch-f6-null-transfer-20260824-001
F6,X1,X3,f6-null-transfer,78,2,0.057283094904007736,0.375,residual_samples/batch-78-replication-2.csv,null_statistics/batch-78-replication-2.npy,batch-f6-null-transfer,8103886759820560765,185273764889385357,16577173664360753102,0.1871903999708593,,,batch-f6-null-transfer-20260824-001
F6,X1,X3,f6-null-transfer,78,3,0.05671585192237379,0.365,residual_samples/batch-78-replication-3.csv,null_statistics/batch-78-replication-3.npy,batch-f6-null-transfer,6480909016200308696,2662776578176073419,6659297767339901593,0.18765039998106658,,,batch-f6-null-transfer-20260824-001
F6,X1,X3,f6-null-transfer,78,4,0.05647809178704859,0.395,residual_samples/batch-78-replication-4.csv,null_statistics/batch-78-replication-4.npy,batch-f6-null-transfer,769590971377927161,15118895342042061622,1134716625108413352,0.18579740001587197,,,batch-f6-null-transfer-20260824-001
F6,X1,X3,f6-null-transfer,78,5,0.05206380297828819,0.505,residual_samples/batch-78-replication-5.csv,null_statistics/batch-78-replication-5.npy,batch-f6-null-transfer,15825574588685962265,4560502211254360414,916015798034951741,0.18638590001501143,,,batch-f6-null-transfer-20260824-001
F6,X1,X3,f6-null-transfer,78,6,0.06053789851436191,0.235,residual_samples/batch-78-replication-6.csv,null_statistics/batch-78-replication-6.npy,batch-f6-null-transfer,8441318102641854967,9419232140813719923,8735209629119384626,0.185623699973803,,,batch-f6-null-transfer-20260824-001
F6,X1,X3,f6-null-transfer,78,7,0.04824313597629974,0.7,residual_samples/batch-78-replication-7.csv,null_statistics/batch-78-replication-7.npy,batch-f6-null-transfer,5824244021482390392,452676370052529286,8320995747593278757,0.1863518000463955,,,batch-f6-null-transfer-20260824-001
F6,X1,X3,f6-null-transfer,78,8,0.060275901619847735,0.245,residual_samples/batch-78-replication-8.csv,null_statistics/batch-78-replication-8.npy,batch-f6-null-transfer,18107335883598002403,15233415704283661452,17851404642581859095,0.1877921000123024,,,batch-f6-null-transfer-20260824-001
F6,X1,X3,f6-null-transfer,78,9,0.05252224853880983,0.56,residual_samples/batch-78-replication-9.csv,null_statistics/batch-78-replication-9.npy,batch-f6-null-transfer,9459178717356619983,4900267964996784009,2170977931888350280,0.19218209997052327,,,batch-f6-null-transfer-20260824-001
F6,X1,X3,f6-null-transfer,79,0,0.04260105232340564,0.88,residual_samples/batch-79-replication-0.csv,null_statistics/batch-79-replication-0.npy,batch-f6-null-transfer,11500591268136101549,9350790013185131499,7298752372257112874,0.1874870000174269,,,batch-f6-null-transfer-20260824-001
F6,X1,X3,f6-null-transfer,79,1,0.055730003115541035,0.465,residual_samples/batch-79-replication-1.csv,null_statistics/batch-79-replication-1.npy,batch-f6-null-transfer,16766925919186904548,3163290620436443141,5245307334791422049,0.18551009998191148,,,batch-f6-null-transfer-20260824-001
F6,X1,X3,f6-null-transfer,79,2,0.041079241119804606,0.965,residual_samples/batch-79-replication-2.csv,null_statistics/batch-79-replication-2.npy,batch-f6-null-transfer,9126756956938058470,4424160660706849548,7933061878713027402,0.18474329996388406,,,batch-f6-null-transfer-20260824-001
F6,X1,X3,f6-null-transfer,79,3,0.047005429640909625,0.79,residual_samples/batch-79-replication-3.csv,null_statistics/batch-79-replication-3.npy,batch-f6-null-transfer,15790471876556806446,6072319796789497052,17325671314091496548,0.18708010000409558,,,batch-f6-null-transfer-20260824-001
F6,X1,X3,f6-null-transfer,79,4,0.06405888963632693,0.195,residual_samples/batch-79-replication-4.csv,null_statistics/batch-79-replication-4.npy,batch-f6-null-transfer,3965797999757747993,17069086157513866563,395602313782438087,0.1852460000081919,,,batch-f6-null-transfer-20260824-001
F6,X1,X3,f6-null-transfer,79,5,0.04245514817362613,0.935,residual_samples/batch-79-replication-5.csv,null_statistics/batch-79-replication-5.npy,batch-f6-null-transfer,9951484416416109534,10984796165047598337,4152065773225795811,0.18553010001778603,,,batch-f6-null-transfer-20260824-001
F6,X1,X3,f6-null-transfer,79,6,0.05564082016468395,0.43,residual_samples/batch-79-replication-6.csv,null_statistics/batch-79-replication-6.npy,batch-f6-null-transfer,16044186015324461286,4640894766991727593,6277206710180052904,0.18738529999973252,,,batch-f6-null-transfer-20260824-001
F6,X1,X3,f6-null-transfer,79,7,0.04431035277548117,0.855,residual_samples/batch-79-replication-7.csv,null_statistics/batch-79-replication-7.npy,batch-f6-null-transfer,15882248794101134240,2938462218540988567,1292569939215003241,0.18560299999080598,,,batch-f6-null-transfer-20260824-001
F6,X1,X3,f6-null-transfer,79,8,0.0593902822587604,0.295,residual_samples/batch-79-replication-8.csv,null_statistics/batch-79-replication-8.npy,batch-f6-null-transfer,2052586612235897012,15534762052048362026,4943907172588091002,0.18603149999398738,,,batch-f6-null-transfer-20260824-001
F6,X1,X3,f6-null-transfer,79,9,0.07385085529071726,0.07,residual_samples/batch-79-replication-9.csv,null_statistics/batch-79-replication-9.npy,batch-f6-null-transfer,15309418917058493489,2608731347709835734,9868386015027617709,0.18632620002608746,,,batch-f6-null-transfer-20260824-001
F6,X1,X3,f6-null-transfer,80,0,0.048158135055441795,0.69,residual_samples/batch-80-replication-0.csv,null_statistics/batch-80-replication-0.npy,batch-f6-null-transfer,6181221957535704317,9996029007567183977,1998706913228950624,0.18387249996885657,,,batch-f6-null-transfer-20260824-001
F6,X1,X3,f6-null-transfer,80,1,0.057622032821120786,0.33,residual_samples/batch-80-replication-1.csv,null_statistics/batch-80-replication-1.npy,batch-f6-null-transfer,11739387083048058289,7575217913499497963,16855064517666612159,0.18448220001300797,,,batch-f6-null-transfer-20260824-001
F6,X1,X3,f6-null-transfer,80,2,0.05366351736124259,0.465,residual_samples/batch-80-replication-2.csv,null_statistics/batch-80-replication-2.npy,batch-f6-null-transfer,9679104991365611082,7892418349686606465,16314270053864779537,0.18518909998238087,,,batch-f6-null-transfer-20260824-001
F6,X1,X3,f6-null-transfer,80,3,0.053130091580184516,0.51,residual_samples/batch-80-replication-3.csv,null_statistics/batch-80-replication-3.npy,batch-f6-null-transfer,1683037651470575161,602984526378028389,2890041148174755592,0.18594329996267334,,,batch-f6-null-transfer-20260824-001
F6,X1,X3,f6-null-transfer,80,4,0.05247924947616122,0.45,residual_samples/batch-80-replication-4.csv,null_statistics/batch-80-replication-4.npy,batch-f6-null-transfer,5395218459488467581,5997738777716725260,11499072413105556231,0.18752619996666908,,,batch-f6-null-transfer-20260824-001
F6,X1,X3,f6-null-transfer,80,5,0.04600865156910083,0.795,residual_samples/batch-80-replication-5.csv,null_statistics/batch-80-replication-5.npy,batch-f6-null-transfer,6009754097453579223,13966251979493982963,3463122858599243222,0.18692909996025264,,,batch-f6-null-transfer-20260824-001
F6,X1,X3,f6-null-transfer,80,6,0.0532542857748822,0.505,residual_samples/batch-80-replication-6.csv,null_statistics/batch-80-replication-6.npy,batch-f6-null-transfer,13808226493115909196,14860589081571248140,821307637118250235,0.18655969999963418,,,batch-f6-null-transfer-20260824-001
F6,X1,X3,f6-null-transfer,80,7,0.04010092250106448,0.96,residual_samples/batch-80-replication-7.csv,null_statistics/batch-80-replication-7.npy,batch-f6-null-transfer,16509829934574565102,2579003005632561179,13399835290300907921,0.18788490002043545,,,batch-f6-null-transfer-20260824-001
F6,X1,X3,f6-null-transfer,80,8,0.07645471173345827,0.045,residual_samples/batch-80-replication-8.csv,null_statistics/batch-80-replication-8.npy,batch-f6-null-transfer,8782499341603304285,10936719932165675375,6142023335325776829,0.1869734000065364,,,batch-f6-null-transfer-20260824-001
F6,X1,X3,f6-null-transfer,80,9,0.051865544001500424,0.575,residual_samples/batch-80-replication-9.csv,null_statistics/batch-80-replication-9.npy,batch-f6-null-transfer,26176251976543671,4026657280716375702,3481381679363824642,0.1861116000218317,,,batch-f6-null-transfer-20260824-001
F6,X1,X3,f6-null-transfer,81,0,0.04836659532956927,0.73,residual_samples/batch-81-replication-0.csv,null_statistics/batch-81-replication-0.npy,batch-f6-null-transfer,4540306533024197259,3251722341358506963,3061005910293768998,0.18829190003452823,,,batch-f6-null-transfer-20260824-001
F6,X1,X3,f6-null-transfer,81,1,0.051587063238045364,0.55,residual_samples/batch-81-replication-1.csv,null_statistics/batch-81-replication-1.npy,batch-f6-null-transfer,15652808010148554684,14068504191703504256,9162097519141028328,0.18378459999803454,,,batch-f6-null-transfer-20260824-001
F6,X1,X3,f6-null-transfer,81,2,0.0460876636696187,0.755,residual_samples/batch-81-replication-2.csv,null_statistics/batch-81-replication-2.npy,batch-f6-null-transfer,12594976285050105181,12202783613010440552,1850390630255274378,0.18851359997643158,,,batch-f6-null-transfer-20260824-001
F6,X1,X3,f6-null-transfer,81,3,0.04850748115866541,0.69,residual_samples/batch-81-replication-3.csv,null_statistics/batch-81-replication-3.npy,batch-f6-null-transfer,5301582975620486535,10135055030782036442,3308862989626052692,0.18463319999864325,,,batch-f6-null-transfer-20260824-001
F6,X1,X3,f6-null-transfer,81,4,0.03782535848384871,0.975,residual_samples/batch-81-replication-4.csv,null_statistics/batch-81-replication-4.npy,batch-f6-null-transfer,13421317154499936413,11123525997271630134,10358557906684063478,0.18650409998372197,,,batch-f6-null-transfer-20260824-001
F6,X1,X3,f6-null-transfer,81,5,0.04474876066643967,0.83,residual_samples/batch-81-replication-5.csv,null_statistics/batch-81-replication-5.npy,batch-f6-null-transfer,3559023567039979747,8866423072360290685,6880696210224466129,0.1884082000469789,,,batch-f6-null-transfer-20260824-001
F6,X1,X3,f6-null-transfer,81,6,0.08129916847425717,0.065,residual_samples/batch-81-replication-6.csv,null_statistics/batch-81-replication-6.npy,batch-f6-null-transfer,17070045390425370507,7693247803781535959,14517307678069377909,0.1893685000250116,,,batch-f6-null-transfer-20260824-001
F6,X1,X3,f6-null-transfer,81,7,0.05692844416997368,0.435,residual_samples/batch-81-replication-7.csv,null_statistics/batch-81-replication-7.npy,batch-f6-null-transfer,12579076294375291323,14459663371730854111,15103106878070168343,0.18794630002230406,,,batch-f6-null-transfer-20260824-001
F6,X1,X3,f6-null-transfer,81,8,0.07337134793308998,0.055,residual_samples/batch-81-replication-8.csv,null_statistics/batch-81-replication-8.npy,batch-f6-null-transfer,7383787077311435748,11348116449788508825,11037258013060449890,0.18919649999588728,,,batch-f6-null-transfer-20260824-001
F6,X1,X3,f6-null-transfer,81,9,0.03703886016852292,0.99,residual_samples/batch-81-replication-9.csv,null_statistics/batch-81-replication-9.npy,batch-f6-null-transfer,12511300957105568273,8016220403352299477,5329095647175486533,0.187278299999889,,,batch-f6-null-transfer-20260824-001
F6,X1,X3,f6-null-transfer,82,0,0.06525904901087448,0.175,residual_samples/batch-82-replication-0.csv,null_statistics/batch-82-replication-0.npy,batch-f6-null-transfer,12454886751123928888,4066150894712039571,6849808264628573596,0.18730050005251542,,,batch-f6-null-transfer-20260824-001
F6,X1,X3,f6-null-transfer,82,1,0.05708007643190404,0.375,residual_samples/batch-82-replication-1.csv,null_statistics/batch-82-replication-1.npy,batch-f6-null-transfer,8822416935275413745,6680253546592348710,9631947017867596540,0.18922449997626245,,,batch-f6-null-transfer-20260824-001
F6,X1,X3,f6-null-transfer,82,2,0.07799140724108321,0.05,residual_samples/batch-82-replication-2.csv,null_statistics/batch-82-replication-2.npy,batch-f6-null-transfer,13951729956800772288,14023816578143566706,7066059457579151247,0.1872567999525927,,,batch-f6-null-transfer-20260824-001
F6,X1,X3,f6-null-transfer,82,3,0.0537801079930944,0.49,residual_samples/batch-82-replication-3.csv,null_statistics/batch-82-replication-3.npy,batch-f6-null-transfer,4773007087453538768,5168108069674851174,6144444186615529153,0.1890768999583088,,,batch-f6-null-transfer-20260824-001
F6,X1,X3,f6-null-transfer,82,4,0.06983833281080414,0.08,residual_samples/batch-82-replication-4.csv,null_statistics/batch-82-replication-4.npy,batch-f6-null-transfer,4969314715641436164,11225961308768753429,6946264377100283829,0.18681919999653473,,,batch-f6-null-transfer-20260824-001
F6,X1,X3,f6-null-transfer,82,5,0.0507025659891226,0.55,residual_samples/batch-82-replication-5.csv,null_statistics/batch-82-replication-5.npy,batch-f6-null-transfer,4063927032781569706,1780215735498427119,4455037118746063486,0.18536239996319637,,,batch-f6-null-transfer-20260824-001
F6,X1,X3,f6-null-transfer,82,6,0.04985491628736173,0.58,residual_samples/batch-82-replication-6.csv,null_statistics/batch-82-replication-6.npy,batch-f6-null-transfer,5855632943103312056,2081515786861598072,3221300578019574677,0.18634799995925277,,,batch-f6-null-transfer-20260824-001
F6,X1,X3,f6-null-transfer,82,7,0.07008264518292692,0.11,residual_samples/batch-82-replication-7.csv,null_statistics/batch-82-replication-7.npy,batch-f6-null-transfer,13084638712973739318,5183260938407306511,1031642408246064427,0.18840859999181703,,,batch-f6-null-transfer-20260824-001
F6,X1,X3,f6-null-transfer,82,8,0.05950905073051212,0.31,residual_samples/batch-82-replication-8.csv,null_statistics/batch-82-replication-8.npy,batch-f6-null-transfer,2889754149741067026,17613540213947886105,317964318108065952,0.18717309995554388,,,batch-f6-null-transfer-20260824-001
F6,X1,X3,f6-null-transfer,82,9,0.06078548390557075,0.23,residual_samples/batch-82-replication-9.csv,null_statistics/batch-82-replication-9.npy,batch-f6-null-transfer,1994881711617624497,15201054890747920139,6018763629373606360,0.18887349998112768,,,batch-f6-null-transfer-20260824-001
F6,X1,X3,f6-null-transfer,83,0,0.044468659273951244,0.855,residual_samples/batch-83-replication-0.csv,null_statistics/batch-83-replication-0.npy,batch-f6-null-transfer,16064121689487134627,7307882884079410037,17890893544710495207,0.1844767999718897,,,batch-f6-null-transfer-20260824-001
F6,X1,X3,f6-null-transfer,83,1,0.0737237959375171,0.065,residual_samples/batch-83-replication-1.csv,null_statistics/batch-83-replication-1.npy,batch-f6-null-transfer,15849562348101739666,4884767339163924509,2740775840854727054,0.1859538999851793,,,batch-f6-null-transfer-20260824-001
F6,X1,X3,f6-null-transfer,83,2,0.04784434078261904,0.62,residual_samples/batch-83-replication-2.csv,null_statistics/batch-83-replication-2.npy,batch-f6-null-transfer,13568824216700093097,11972037737161499334,4500450620885466397,0.1852466000127606,,,batch-f6-null-transfer-20260824-001
F6,X1,X3,f6-null-transfer,83,3,0.07254555667320148,0.075,residual_samples/batch-83-replication-3.csv,null_statistics/batch-83-replication-3.npy,batch-f6-null-transfer,9845240002552110362,3074882579100078530,15431578736487769552,0.18634660000680014,,,batch-f6-null-transfer-20260824-001
F6,X1,X3,f6-null-transfer,83,4,0.05085703143497069,0.66,residual_samples/batch-83-replication-4.csv,null_statistics/batch-83-replication-4.npy,batch-f6-null-transfer,12351562311567136103,5870328317536551160,14106401857167866581,0.18690849997801706,,,batch-f6-null-transfer-20260824-001
F6,X1,X3,f6-null-transfer,83,5,0.049508006957917516,0.71,residual_samples/batch-83-replication-5.csv,null_statistics/batch-83-replication-5.npy,batch-f6-null-transfer,9605561526515804685,14885532363263633719,6081846605073868639,0.18545019999146461,,,batch-f6-null-transfer-20260824-001
F6,X1,X3,f6-null-transfer,83,6,0.0690016616277012,0.125,residual_samples/batch-83-replication-6.csv,null_statistics/batch-83-replication-6.npy,batch-f6-null-transfer,11514533133041777621,1330794636627615002,8598833051969605623,0.18721150001510978,,,batch-f6-null-transfer-20260824-001
F6,X1,X3,f6-null-transfer,83,7,0.038474546094201284,0.97,residual_samples/batch-83-replication-7.csv,null_statistics/batch-83-replication-7.npy,batch-f6-null-transfer,7427513166970347125,10222320336359915059,9728658040393355517,0.18637330003548414,,,batch-f6-null-transfer-20260824-001
F6,X1,X3,f6-null-transfer,83,8,0.048412405322963634,0.69,residual_samples/batch-83-replication-8.csv,null_statistics/batch-83-replication-8.npy,batch-f6-null-transfer,7762707128689861883,11700994475707539502,3313581124834322731,0.18566369998734444,,,batch-f6-null-transfer-20260824-001
F6,X1,X3,f6-null-transfer,83,9,0.05228923497433343,0.565,residual_samples/batch-83-replication-9.csv,null_statistics/batch-83-replication-9.npy,batch-f6-null-transfer,7037330297700403236,10063970336940584250,12940709406359050418,0.1859169999952428,,,batch-f6-null-transfer-20260824-001
F6,X1,X3,f6-null-transfer,84,0,0.06418664178447775,0.165,residual_samples/batch-84-replication-0.csv,null_statistics/batch-84-replication-0.npy,batch-f6-null-transfer,1216952087666034558,11421944551024928173,5543413879325170610,0.18557279999367893,,,batch-f6-null-transfer-20260824-001
F6,X1,X3,f6-null-transfer,84,1,0.04956878332040683,0.665,residual_samples/batch-84-replication-1.csv,null_statistics/batch-84-replication-1.npy,batch-f6-null-transfer,15642719220490164476,9339299240380544251,13656166204788959873,0.18778729997575283,,,batch-f6-null-transfer-20260824-001
F6,X1,X3,f6-null-transfer,84,2,0.04727748447596519,0.77,residual_samples/batch-84-replication-2.csv,null_statistics/batch-84-replication-2.npy,batch-f6-null-transfer,9431644081390694342,5093188096634793111,12885787843828665012,0.18421469995519146,,,batch-f6-null-transfer-20260824-001
F6,X1,X3,f6-null-transfer,84,3,0.04247480735048545,0.9,residual_samples/batch-84-replication-3.csv,null_statistics/batch-84-replication-3.npy,batch-f6-null-transfer,14467214931113875600,3692601807989957370,194777154396087739,0.1830622999696061,,,batch-f6-null-transfer-20260824-001
F6,X1,X3,f6-null-transfer,84,4,0.04221012558178095,0.89,residual_samples/batch-84-replication-4.csv,null_statistics/batch-84-replication-4.npy,batch-f6-null-transfer,5040055187898492001,1568853268901141175,4012334484034477384,0.18557440000586212,,,batch-f6-null-transfer-20260824-001
F6,X1,X3,f6-null-transfer,84,5,0.05669895089093729,0.395,residual_samples/batch-84-replication-5.csv,null_statistics/batch-84-replication-5.npy,batch-f6-null-transfer,13558709459298952375,11350973968036583527,7871815171073346708,0.1843656999990344,,,batch-f6-null-transfer-20260824-001
F6,X1,X3,f6-null-transfer,84,6,0.05284203193102353,0.48,residual_samples/batch-84-replication-6.csv,null_statistics/batch-84-replication-6.npy,batch-f6-null-transfer,13372481380645349368,5883581355092426362,3943213561237121373,0.1875253999605775,,,batch-f6-null-transfer-20260824-001
F6,X1,X3,f6-null-transfer,84,7,0.04782619017894833,0.73,residual_samples/batch-84-replication-7.csv,null_statistics/batch-84-replication-7.npy,batch-f6-null-transfer,18217960679587153655,15482217156432294235,6459811404677450431,0.1847027000039816,,,batch-f6-null-transfer-20260824-001
F6,X1,X3,f6-null-transfer,84,8,0.04656344385607061,0.8,residual_samples/batch-84-replication-8.csv,null_statistics/batch-84-replication-8.npy,batch-f6-null-transfer,1323272311442676540,7749901284016448202,17277176426150584758,0.1867997000226751,,,batch-f6-null-transfer-20260824-001
F6,X1,X3,f6-null-transfer,84,9,0.04723391410773043,0.8,residual_samples/batch-84-replication-9.csv,null_statistics/batch-84-replication-9.npy,batch-f6-null-transfer,10653321074152392638,9070762086960977749,6793748058030701568,0.1856530000222847,,,batch-f6-null-transfer-20260824-001
F6,X1,X3,f6-null-transfer,85,0,0.056111993960773286,0.42,residual_samples/batch-85-replication-0.csv,null_statistics/batch-85-replication-0.npy,batch-f6-null-transfer,1143932161565219759,18039977577573903341,12757953083050558204,0.18690729996887967,,,batch-f6-null-transfer-20260824-001
F6,X1,X3,f6-null-transfer,85,1,0.05376966382324756,0.43,residual_samples/batch-85-replication-1.csv,null_statistics/batch-85-replication-1.npy,batch-f6-null-transfer,1637174085572266428,2214198061469878227,4764431075600707012,0.18441360001452267,,,batch-f6-null-transfer-20260824-001
F6,X1,X3,f6-null-transfer,85,2,0.04655099370241207,0.75,residual_samples/batch-85-replication-2.csv,null_statistics/batch-85-replication-2.npy,batch-f6-null-transfer,8148065257843780613,9281673384085919095,2716869181058927479,0.18501309998100623,,,batch-f6-null-transfer-20260824-001
F6,X1,X3,f6-null-transfer,85,3,0.06783039374393461,0.12,residual_samples/batch-85-replication-3.csv,null_statistics/batch-85-replication-3.npy,batch-f6-null-transfer,1714745320979428066,4380558510323832481,870342687059119646,0.18612800003029406,,,batch-f6-null-transfer-20260824-001
F6,X1,X3,f6-null-transfer,85,4,0.05891346291777835,0.325,residual_samples/batch-85-replication-4.csv,null_statistics/batch-85-replication-4.npy,batch-f6-null-transfer,11047544907122889358,6968862441916561739,16617798924441627564,0.18510130001232028,,,batch-f6-null-transfer-20260824-001
F6,X1,X3,f6-null-transfer,85,5,0.06595616567365946,0.115,residual_samples/batch-85-replication-5.csv,null_statistics/batch-85-replication-5.npy,batch-f6-null-transfer,15733972643365348456,1965481933885468882,9638183488630222859,0.18562939995899796,,,batch-f6-null-transfer-20260824-001
F6,X1,X3,f6-null-transfer,85,6,0.056758049892959954,0.355,residual_samples/batch-85-replication-6.csv,null_statistics/batch-85-replication-6.npy,batch-f6-null-transfer,12730473302934032980,17713453649552849032,4820810971312870958,0.18558399996254593,,,batch-f6-null-transfer-20260824-001
F6,X1,X3,f6-null-transfer,85,7,0.03669171857314837,0.99,residual_samples/batch-85-replication-7.csv,null_statistics/batch-85-replication-7.npy,batch-f6-null-transfer,6096232377356706144,14208782560379123694,11039343977033653812,0.18577699997695163,,,batch-f6-null-transfer-20260824-001
F6,X1,X3,f6-null-transfer,85,8,0.0464070862058424,0.8,residual_samples/batch-85-replication-8.csv,null_statistics/batch-85-replication-8.npy,batch-f6-null-transfer,9192354731363113260,10995125343435075636,1870486064231072196,0.18921889999182895,,,batch-f6-null-transfer-20260824-001
F6,X1,X3,f6-null-transfer,85,9,0.0386206147589193,0.985,residual_samples/batch-85-replication-9.csv,null_statistics/batch-85-replication-9.npy,batch-f6-null-transfer,10715405335957998697,9114275486678864684,7819706407855056725,0.18333930004155263,,,batch-f6-null-transfer-20260824-001
F6,X1,X3,f6-null-transfer,86,0,0.05421607023594855,0.41,residual_samples/batch-86-replication-0.csv,null_statistics/batch-86-replication-0.npy,batch-f6-null-transfer,14880169223196037431,11985061806385829558,13035010772255322766,0.18679840001277626,,,batch-f6-null-transfer-20260824-001
F6,X1,X3,f6-null-transfer,86,1,0.07950359102296944,0.03,residual_samples/batch-86-replication-1.csv,null_statistics/batch-86-replication-1.npy,batch-f6-null-transfer,11078746593974037226,11204111626970760634,9038832765656973966,0.18766599998343736,,,batch-f6-null-transfer-20260824-001
F6,X1,X3,f6-null-transfer,86,2,0.07818349454332835,0.04,residual_samples/batch-86-replication-2.csv,null_statistics/batch-86-replication-2.npy,batch-f6-null-transfer,7637485122761809096,18202683680375018513,5355051496467102187,0.1858817000174895,,,batch-f6-null-transfer-20260824-001
F6,X1,X3,f6-null-transfer,86,3,0.0410618474329245,0.98,residual_samples/batch-86-replication-3.csv,null_statistics/batch-86-replication-3.npy,batch-f6-null-transfer,4098791428512172914,11955012175251023482,14923652367215334358,0.1873510999721475,,,batch-f6-null-transfer-20260824-001
F6,X1,X3,f6-null-transfer,86,4,0.05698830687617562,0.345,residual_samples/batch-86-replication-4.csv,null_statistics/batch-86-replication-4.npy,batch-f6-null-transfer,9042282907472601445,6210486050155579421,16890008316847768975,0.18886799999745563,,,batch-f6-null-transfer-20260824-001
F6,X1,X3,f6-null-transfer,86,5,0.04196418772634627,0.915,residual_samples/batch-86-replication-5.csv,null_statistics/batch-86-replication-5.npy,batch-f6-null-transfer,2014387272915778475,8028642526366559074,893808673411483927,0.1855032999883406,,,batch-f6-null-transfer-20260824-001
F6,X1,X3,f6-null-transfer,86,6,0.04261343769207455,0.92,residual_samples/batch-86-replication-6.csv,null_statistics/batch-86-replication-6.npy,batch-f6-null-transfer,1989771785062261607,489935413128065775,11983539380989823669,0.18717530003050342,,,batch-f6-null-transfer-20260824-001
F6,X1,X3,f6-null-transfer,86,7,0.06682497505783606,0.155,residual_samples/batch-86-replication-7.csv,null_statistics/batch-86-replication-7.npy,batch-f6-null-transfer,64956759584022666,7206037107237659630,715593108031814276,0.1868477000389248,,,batch-f6-null-transfer-20260824-001
F6,X1,X3,f6-null-transfer,86,8,0.043971037847680444,0.895,residual_samples/batch-86-replication-8.csv,null_statistics/batch-86-replication-8.npy,batch-f6-null-transfer,17818807852234035227,18242178952515318259,9673789194212038662,0.1867350999964401,,,batch-f6-null-transfer-20260824-001
F6,X1,X3,f6-null-transfer,86,9,0.06528481075552833,0.165,residual_samples/batch-86-replication-9.csv,null_statistics/batch-86-replication-9.npy,batch-f6-null-transfer,5012214265473908764,16879218485961071973,3064142784761254856,0.185775299964007,,,batch-f6-null-transfer-20260824-001
F6,X1,X3,f6-null-transfer,87,0,0.05681268519594046,0.36,residual_samples/batch-87-replication-0.csv,null_statistics/batch-87-replication-0.npy,batch-f6-null-transfer,5134940502669016589,13911625194206771938,13881954807026505384,0.18608319998020306,,,batch-f6-null-transfer-20260824-001
F6,X1,X3,f6-null-transfer,87,1,0.050997934021521106,0.62,residual_samples/batch-87-replication-1.csv,null_statistics/batch-87-replication-1.npy,batch-f6-null-transfer,7559511023877541832,6339374085765608250,15113073445649014262,0.18775330000789836,,,batch-f6-null-transfer-20260824-001
F6,X1,X3,f6-null-transfer,87,2,0.044438803461524734,0.885,residual_samples/batch-87-replication-2.csv,null_statistics/batch-87-replication-2.npy,batch-f6-null-transfer,11669486050424365242,5706123542657722131,6645404292446085499,0.18837250000797212,,,batch-f6-null-transfer-20260824-001
F6,X1,X3,f6-null-transfer,87,3,0.05084595989905456,0.58,residual_samples/batch-87-replication-3.csv,null_statistics/batch-87-replication-3.npy,batch-f6-null-transfer,6259312545175591777,10472311103447004285,2995732576293911329,0.18468340003164485,,,batch-f6-null-transfer-20260824-001
F6,X1,X3,f6-null-transfer,87,4,0.0552310209602488,0.49,residual_samples/batch-87-replication-4.csv,null_statistics/batch-87-replication-4.npy,batch-f6-null-transfer,13625239714540298575,6982187907052967683,13211221920753112605,0.188618200016208,,,batch-f6-null-transfer-20260824-001
F6,X1,X3,f6-null-transfer,87,5,0.04718507949380991,0.785,residual_samples/batch-87-replication-5.csv,null_statistics/batch-87-replication-5.npy,batch-f6-null-transfer,2591321745729704708,8032546412347595366,12820776021333559430,0.18535689997952431,,,batch-f6-null-transfer-20260824-001
F6,X1,X3,f6-null-transfer,87,6,0.060149793215081536,0.285,residual_samples/batch-87-replication-6.csv,null_statistics/batch-87-replication-6.npy,batch-f6-null-transfer,4851089611943663063,15919084958246307279,3718422427409813729,0.18808599998010322,,,batch-f6-null-transfer-20260824-001
F6,X1,X3,f6-null-transfer,87,7,0.05569110837599927,0.415,residual_samples/batch-87-replication-7.csv,null_statistics/batch-87-replication-7.npy,batch-f6-null-transfer,16120723621712648378,15301563180320506903,3869284747824836508,0.1860473999986425,,,batch-f6-null-transfer-20260824-001
F6,X1,X3,f6-null-transfer,87,8,0.04946492003628542,0.61,residual_samples/batch-87-replication-8.csv,null_statistics/batch-87-replication-8.npy,batch-f6-null-transfer,8084998428027051882,4807686169574425380,18348481071631883499,0.1878671000013128,,,batch-f6-null-transfer-20260824-001
F6,X1,X3,f6-null-transfer,87,9,0.05208426442209244,0.47,residual_samples/batch-87-replication-9.csv,null_statistics/batch-87-replication-9.npy,batch-f6-null-transfer,17366335356856610860,16659682679706687077,6082036343714309509,0.1881031000521034,,,batch-f6-null-transfer-20260824-001
F6,X1,X3,f6-null-transfer,88,0,0.057177521333221876,0.39,residual_samples/batch-88-replication-0.csv,null_statistics/batch-88-replication-0.npy,batch-f6-null-transfer,13973589217192985620,9595337334772443246,1838971635500049350,0.18657069996697828,,,batch-f6-null-transfer-20260824-001
F6,X1,X3,f6-null-transfer,88,1,0.043414517571479044,0.89,residual_samples/batch-88-replication-1.csv,null_statistics/batch-88-replication-1.npy,batch-f6-null-transfer,17278108614604475133,12317541392447565045,17891873974533663201,0.1855305999633856,,,batch-f6-null-transfer-20260824-001
F6,X1,X3,f6-null-transfer,88,2,0.07542678807813806,0.075,residual_samples/batch-88-replication-2.csv,null_statistics/batch-88-replication-2.npy,batch-f6-null-transfer,18256252901412745521,6193642189533478440,15860538757032016738,0.1885663999710232,,,batch-f6-null-transfer-20260824-001
F6,X1,X3,f6-null-transfer,88,3,0.06917213180766936,0.1,residual_samples/batch-88-replication-3.csv,null_statistics/batch-88-replication-3.npy,batch-f6-null-transfer,2393847797006464906,12079913236234432687,2088825782397428424,0.18649599998025224,,,batch-f6-null-transfer-20260824-001
F6,X1,X3,f6-null-transfer,88,4,0.04260504696232047,0.915,residual_samples/batch-88-replication-4.csv,null_statistics/batch-88-replication-4.npy,batch-f6-null-transfer,8694195869678739269,1949982861627837611,4184330076993794285,0.18533460004255176,,,batch-f6-null-transfer-20260824-001
F6,X1,X3,f6-null-transfer,88,5,0.05007926852734456,0.685,residual_samples/batch-88-replication-5.csv,null_statistics/batch-88-replication-5.npy,batch-f6-null-transfer,16189500498038150332,18365492294772501766,12266492850534098366,0.18686800001887605,,,batch-f6-null-transfer-20260824-001
F6,X1,X3,f6-null-transfer,88,6,0.06357869466969203,0.21,residual_samples/batch-88-replication-6.csv,null_statistics/batch-88-replication-6.npy,batch-f6-null-transfer,7062622200954583894,13485473892355624925,10852070915182808244,0.18564729997888207,,,batch-f6-null-transfer-20260824-001
F6,X1,X3,f6-null-transfer,88,7,0.06297040346426634,0.225,residual_samples/batch-88-replication-7.csv,null_statistics/batch-88-replication-7.npy,batch-f6-null-transfer,3981905037393249550,18442835669317649263,2504857623981823878,0.18538370000896975,,,batch-f6-null-transfer-20260824-001
F6,X1,X3,f6-null-transfer,88,8,0.085823332464105,0.03,residual_samples/batch-88-replication-8.csv,null_statistics/batch-88-replication-8.npy,batch-f6-null-transfer,14012741029474831707,15967154317885680944,5560341294402219134,0.186840399983339,,,batch-f6-null-transfer-20260824-001
F6,X1,X3,f6-null-transfer,88,9,0.06689403722000241,0.15,residual_samples/batch-88-replication-9.csv,null_statistics/batch-88-replication-9.npy,batch-f6-null-transfer,10011359097769547371,12539701903583334976,7880482473226802802,0.1861419000197202,,,batch-f6-null-transfer-20260824-001
F6,X1,X3,f6-null-transfer,89,0,0.03847907356793251,1.0,residual_samples/batch-89-replication-0.csv,null_statistics/batch-89-replication-0.npy,batch-f6-null-transfer,13514963635197334712,13938220771959164276,4467029465927579572,0.1877608000067994,,,batch-f6-null-transfer-20260824-001
F6,X1,X3,f6-null-transfer,89,1,0.03993826092497259,0.96,residual_samples/batch-89-replication-1.csv,null_statistics/batch-89-replication-1.npy,batch-f6-null-transfer,12019599335414276686,721132436166159046,9412520044954574910,0.18544610001845285,,,batch-f6-null-transfer-20260824-001
F6,X1,X3,f6-null-transfer,89,2,0.06430344971051948,0.215,residual_samples/batch-89-replication-2.csv,null_statistics/batch-89-replication-2.npy,batch-f6-null-transfer,6493439603381647057,17316731277548600485,17141037018570015517,0.18526509997900575,,,batch-f6-null-transfer-20260824-001
F6,X1,X3,f6-null-transfer,89,3,0.03833932466757231,0.98,residual_samples/batch-89-replication-3.csv,null_statistics/batch-89-replication-3.npy,batch-f6-null-transfer,8146882489484311820,17700271706673633160,17725369210993862655,0.18675729999085888,,,batch-f6-null-transfer-20260824-001
F6,X1,X3,f6-null-transfer,89,4,0.04854600224989418,0.72,residual_samples/batch-89-replication-4.csv,null_statistics/batch-89-replication-4.npy,batch-f6-null-transfer,5723793557708041323,7992568486842409462,12732967459281778340,0.18643790000351146,,,batch-f6-null-transfer-20260824-001
F6,X1,X3,f6-null-transfer,89,5,0.05667511235840759,0.37,residual_samples/batch-89-replication-5.csv,null_statistics/batch-89-replication-5.npy,batch-f6-null-transfer,4488392114524741148,3752533726299156213,2156746457713764775,0.18895089998841286,,,batch-f6-null-transfer-20260824-001
F6,X1,X3,f6-null-transfer,89,6,0.041473681305807614,0.945,residual_samples/batch-89-replication-6.csv,null_statistics/batch-89-replication-6.npy,batch-f6-null-transfer,16644022367105430468,1814566319450454093,9398060468264126828,0.18779520003590733,,,batch-f6-null-transfer-20260824-001
F6,X1,X3,f6-null-transfer,89,7,0.04664320808550992,0.81,residual_samples/batch-89-replication-7.csv,null_statistics/batch-89-replication-7.npy,batch-f6-null-transfer,14195710478788535395,390791210281246882,825057732761611845,0.18574899999657646,,,batch-f6-null-transfer-20260824-001
F6,X1,X3,f6-null-transfer,89,8,0.04468589451154104,0.86,residual_samples/batch-89-replication-8.csv,null_statistics/batch-89-replication-8.npy,batch-f6-null-transfer,9025372428240643979,11457399387075011929,14174499503747329511,0.18892950000008568,,,batch-f6-null-transfer-20260824-001
F6,X1,X3,f6-null-transfer,89,9,0.07639247841873326,0.08,residual_samples/batch-89-replication-9.csv,null_statistics/batch-89-replication-9.npy,batch-f6-null-transfer,16076164391818408806,3848668685494867111,6410884739589682185,0.18503459997009486,,,batch-f6-null-transfer-20260824-001
F6,X1,X3,f6-null-transfer,90,0,0.06745224380133064,0.135,residual_samples/batch-90-replication-0.csv,null_statistics/batch-90-replication-0.npy,batch-f6-null-transfer,6647934984791959056,14310776032837045845,4457849751742565802,0.1868617999716662,,,batch-f6-null-transfer-20260824-001
F6,X1,X3,f6-null-transfer,90,1,0.05781856890007805,0.36,residual_samples/batch-90-replication-1.csv,null_statistics/batch-90-replication-1.npy,batch-f6-null-transfer,4852734874734668831,961157020245055657,7560989762920037893,0.18686929997056723,,,batch-f6-null-transfer-20260824-001
F6,X1,X3,f6-null-transfer,90,2,0.04513524160337393,0.8,residual_samples/batch-90-replication-2.csv,null_statistics/batch-90-replication-2.npy,batch-f6-null-transfer,10074588193697409705,372564050677521997,14812446484498476827,0.18629230000078678,,,batch-f6-null-transfer-20260824-001
F6,X1,X3,f6-null-transfer,90,3,0.059397737884915015,0.31,residual_samples/batch-90-replication-3.csv,null_statistics/batch-90-replication-3.npy,batch-f6-null-transfer,12704703104166874119,5146320933926773189,10000365079096803062,0.1912428999785334,,,batch-f6-null-transfer-20260824-001
F6,X1,X3,f6-null-transfer,90,4,0.04204540807216179,0.91,residual_samples/batch-90-replication-4.csv,null_statistics/batch-90-replication-4.npy,batch-f6-null-transfer,5348694911187631886,11643043066971713333,15486749607385235534,0.18824200000381097,,,batch-f6-null-transfer-20260824-001
F6,X1,X3,f6-null-transfer,90,5,0.04762352612313645,0.765,residual_samples/batch-90-replication-5.csv,null_statistics/batch-90-replication-5.npy,batch-f6-null-transfer,7132016809916648517,4959492983796172909,3271286231023185446,0.18628139997599646,,,batch-f6-null-transfer-20260824-001
F6,X1,X3,f6-null-transfer,90,6,0.05957094573882057,0.255,residual_samples/batch-90-replication-6.csv,null_statistics/batch-90-replication-6.npy,batch-f6-null-transfer,14639240836511574781,11865011378150915121,1496225264797841957,0.19030270003713667,,,batch-f6-null-transfer-20260824-001
F6,X1,X3,f6-null-transfer,90,7,0.051332956927994916,0.565,residual_samples/batch-90-replication-7.csv,null_statistics/batch-90-replication-7.npy,batch-f6-null-transfer,3693536749360830588,5037776990753740363,1158226801146554883,0.18688519997522235,,,batch-f6-null-transfer-20260824-001
F6,X1,X3,f6-null-transfer,90,8,0.09372283945396369,0.005,residual_samples/batch-90-replication-8.csv,null_statistics/batch-90-replication-8.npy,batch-f6-null-transfer,17713114050385229988,5523144494651348346,18199693908118030650,0.18725580000318587,,,batch-f6-null-transfer-20260824-001
F6,X1,X3,f6-null-transfer,90,9,0.04754982705460514,0.745,residual_samples/batch-90-replication-9.csv,null_statistics/batch-90-replication-9.npy,batch-f6-null-transfer,9760988195625355996,5145488532681647058,8128751840925852470,0.18919150001602247,,,batch-f6-null-transfer-20260824-001
F6,X1,X3,f6-null-transfer,91,0,0.04870423732553628,0.69,residual_samples/batch-91-replication-0.csv,null_statistics/batch-91-replication-0.npy,batch-f6-null-transfer,2136755829173542650,8381123780020574521,13896651889617401726,0.18638000002829358,,,batch-f6-null-transfer-20260824-001
F6,X1,X3,f6-null-transfer,91,1,0.05907188005727623,0.26,residual_samples/batch-91-replication-1.csv,null_statistics/batch-91-replication-1.npy,batch-f6-null-transfer,2039784408139631537,14604849877897566164,15972457689781555804,0.19046309997793287,,,batch-f6-null-transfer-20260824-001
F6,X1,X3,f6-null-transfer,91,2,0.03836474047328923,0.98,residual_samples/batch-91-replication-2.csv,null_statistics/batch-91-replication-2.npy,batch-f6-null-transfer,3900559972102015482,2335558964701757406,5381381318199575885,0.18851700000232086,,,batch-f6-null-transfer-20260824-001
F6,X1,X3,f6-null-transfer,91,3,0.04481590388339544,0.825,residual_samples/batch-91-replication-3.csv,null_statistics/batch-91-replication-3.npy,batch-f6-null-transfer,3474251360843000343,2336379278292136478,4458390475143148686,0.18636190000688657,,,batch-f6-null-transfer-20260824-001
F6,X1,X3,f6-null-transfer,91,4,0.05719774080425398,0.42,residual_samples/batch-91-replication-4.csv,null_statistics/batch-91-replication-4.npy,batch-f6-null-transfer,5370387645172312338,9730682741304168815,14506868364601036370,0.18953490001149476,,,batch-f6-null-transfer-20260824-001
F6,X1,X3,f6-null-transfer,91,5,0.04727147336971719,0.78,residual_samples/batch-91-replication-5.csv,null_statistics/batch-91-replication-5.npy,batch-f6-null-transfer,6567029831774622076,15971579458360379517,1112282286491942491,0.18715750001138076,,,batch-f6-null-transfer-20260824-001
F6,X1,X3,f6-null-transfer,91,6,0.04072473413726928,0.96,residual_samples/batch-91-replication-6.csv,null_statistics/batch-91-replication-6.npy,batch-f6-null-transfer,10766552369788635811,11319554450606171495,5843950582404487876,0.187600500008557,,,batch-f6-null-transfer-20260824-001
F6,X1,X3,f6-null-transfer,91,7,0.048080567302763305,0.75,residual_samples/batch-91-replication-7.csv,null_statistics/batch-91-replication-7.npy,batch-f6-null-transfer,321426895966946230,11801039372313191658,16427419708544070730,0.1892261999892071,,,batch-f6-null-transfer-20260824-001
F6,X1,X3,f6-null-transfer,91,8,0.05078589694443206,0.66,residual_samples/batch-91-replication-8.csv,null_statistics/batch-91-replication-8.npy,batch-f6-null-transfer,3756963653731146975,6201696368025051718,18005393869663757582,0.18793160002678633,,,batch-f6-null-transfer-20260824-001
F6,X1,X3,f6-null-transfer,91,9,0.056329189460039765,0.375,residual_samples/batch-91-replication-9.csv,null_statistics/batch-91-replication-9.npy,batch-f6-null-transfer,12929159582334025308,1867538409868568986,8750456786809598267,0.18954349996056408,,,batch-f6-null-transfer-20260824-001
F6,X1,X3,f6-null-transfer,92,0,0.05018202239087099,0.575,residual_samples/batch-92-replication-0.csv,null_statistics/batch-92-replication-0.npy,batch-f6-null-transfer,15588535544167228712,9688717239781637455,16032683700845310451,0.18903589999536052,,,batch-f6-null-transfer-20260824-001
F6,X1,X3,f6-null-transfer,92,1,0.056039936317245284,0.31,residual_samples/batch-92-replication-1.csv,null_statistics/batch-92-replication-1.npy,batch-f6-null-transfer,11712569603727685206,5848656067674622185,3545130927465393148,0.1868659000028856,,,batch-f6-null-transfer-20260824-001
F6,X1,X3,f6-null-transfer,92,2,0.06588405106835325,0.17,residual_samples/batch-92-replication-2.csv,null_statistics/batch-92-replication-2.npy,batch-f6-null-transfer,1150083432701902339,3658446767018167379,5212640304763861658,0.1886845999979414,,,batch-f6-null-transfer-20260824-001
F6,X1,X3,f6-null-transfer,92,3,0.06045502110666905,0.22,residual_samples/batch-92-replication-3.csv,null_statistics/batch-92-replication-3.npy,batch-f6-null-transfer,7167449414429166983,9855482894254396904,2675131618443195518,0.1852597999968566,,,batch-f6-null-transfer-20260824-001
F6,X1,X3,f6-null-transfer,92,4,0.05456397110307005,0.435,residual_samples/batch-92-replication-4.csv,null_statistics/batch-92-replication-4.npy,batch-f6-null-transfer,12986200437436262799,11829917863186625280,6470703186590105484,0.1875951000256464,,,batch-f6-null-transfer-20260824-001
F6,X1,X3,f6-null-transfer,92,5,0.10258323522796203,0.01,residual_samples/batch-92-replication-5.csv,null_statistics/batch-92-replication-5.npy,batch-f6-null-transfer,1493314917435004182,9467071168497059279,6583102492183527227,0.18720659997779876,,,batch-f6-null-transfer-20260824-001
F6,X1,X3,f6-null-transfer,92,6,0.0397461631026339,0.99,residual_samples/batch-92-replication-6.csv,null_statistics/batch-92-replication-6.npy,batch-f6-null-transfer,17957938083720863235,1671190050452550025,3515128620898811474,0.18640240002423525,,,batch-f6-null-transfer-20260824-001
F6,X1,X3,f6-null-transfer,92,7,0.08153767385041534,0.04,residual_samples/batch-92-replication-7.csv,null_statistics/batch-92-replication-7.npy,batch-f6-null-transfer,14309090702644037435,5870598710554968392,12129830426607089120,0.1894107999978587,,,batch-f6-null-transfer-20260824-001
F6,X1,X3,f6-null-transfer,92,8,0.04449293593099572,0.92,residual_samples/batch-92-replication-8.csv,null_statistics/batch-92-replication-8.npy,batch-f6-null-transfer,11212628655682125200,17232931063253959894,3278130154761606544,0.18541889998596162,,,batch-f6-null-transfer-20260824-001
F6,X1,X3,f6-null-transfer,92,9,0.04550692934458643,0.845,residual_samples/batch-92-replication-9.csv,null_statistics/batch-92-replication-9.npy,batch-f6-null-transfer,16417466518567296168,13330354572221934823,10277416084730657369,0.1851555000175722,,,batch-f6-null-transfer-20260824-001
F6,X1,X3,f6-null-transfer,93,0,0.05069815294259141,0.58,residual_samples/batch-93-replication-0.csv,null_statistics/batch-93-replication-0.npy,batch-f6-null-transfer,16669381079616830952,4606663936769609631,9521490414752902160,0.1866200999938883,,,batch-f6-null-transfer-20260824-001
F6,X1,X3,f6-null-transfer,93,1,0.055847542593052406,0.4,residual_samples/batch-93-replication-1.csv,null_statistics/batch-93-replication-1.npy,batch-f6-null-transfer,10101945853299062184,13439579695131148105,14987341047854021668,0.18419170001288876,,,batch-f6-null-transfer-20260824-001
F6,X1,X3,f6-null-transfer,93,2,0.0628757490844711,0.15,residual_samples/batch-93-replication-2.csv,null_statistics/batch-93-replication-2.npy,batch-f6-null-transfer,15700986658818158783,11326132191919049478,2552226509979138321,0.18549870001152158,,,batch-f6-null-transfer-20260824-001
F6,X1,X3,f6-null-transfer,93,3,0.04895682446669192,0.66,residual_samples/batch-93-replication-3.csv,null_statistics/batch-93-replication-3.npy,batch-f6-null-transfer,17658283626868361360,14056328057698974333,2233957611054180477,0.18594969995319843,,,batch-f6-null-transfer-20260824-001
F6,X1,X3,f6-null-transfer,93,4,0.05085081182548952,0.565,residual_samples/batch-93-replication-4.csv,null_statistics/batch-93-replication-4.npy,batch-f6-null-transfer,13829844356033465118,17733640676377726182,9524520743118899893,0.18527340004220605,,,batch-f6-null-transfer-20260824-001
F6,X1,X3,f6-null-transfer,93,5,0.04722032965333613,0.75,residual_samples/batch-93-replication-5.csv,null_statistics/batch-93-replication-5.npy,batch-f6-null-transfer,12118818937218293456,9989612389134513492,4436034996411381766,0.18990519997896627,,,batch-f6-null-transfer-20260824-001
F6,X1,X3,f6-null-transfer,93,6,0.06112827183750211,0.215,residual_samples/batch-93-replication-6.csv,null_statistics/batch-93-replication-6.npy,batch-f6-null-transfer,3771461353688923239,16732114820212553928,8946506450907009561,0.18635550001636147,,,batch-f6-null-transfer-20260824-001
F6,X1,X3,f6-null-transfer,93,7,0.05997336916232404,0.285,residual_samples/batch-93-replication-7.csv,null_statistics/batch-93-replication-7.npy,batch-f6-null-transfer,10787451445295225204,12995525626144285139,5370035513207147237,0.18490890000248328,,,batch-f6-null-transfer-20260824-001
F6,X1,X3,f6-null-transfer,93,8,0.045057055275720355,0.81,residual_samples/batch-93-replication-8.csv,null_statistics/batch-93-replication-8.npy,batch-f6-null-transfer,16759558762088808622,9643003254653407667,11994948510869848000,0.1869340999983251,,,batch-f6-null-transfer-20260824-001
F6,X1,X3,f6-null-transfer,93,9,0.04803575038639898,0.685,residual_samples/batch-93-replication-9.csv,null_statistics/batch-93-replication-9.npy,batch-f6-null-transfer,5393535294319430267,17200906743071483086,4910180437064850933,0.18721599999116734,,,batch-f6-null-transfer-20260824-001
F6,X1,X3,f6-null-transfer,94,0,0.054366236920774816,0.435,residual_samples/batch-94-replication-0.csv,null_statistics/batch-94-replication-0.npy,batch-f6-null-transfer,9245539333952840571,13570043595417970604,14257074411810027069,0.18592300004092976,,,batch-f6-null-transfer-20260824-001
F6,X1,X3,f6-null-transfer,94,1,0.05041457220699744,0.66,residual_samples/batch-94-replication-1.csv,null_statistics/batch-94-replication-1.npy,batch-f6-null-transfer,13038798499537098250,8235996699854654861,9289852803663130900,0.185565099993255,,,batch-f6-null-transfer-20260824-001
F6,X1,X3,f6-null-transfer,94,2,0.05355607471844267,0.48,residual_samples/batch-94-replication-2.csv,null_statistics/batch-94-replication-2.npy,batch-f6-null-transfer,17892246794286561458,2734772162110351259,668032205926903404,0.18390259996522218,,,batch-f6-null-transfer-20260824-001
F6,X1,X3,f6-null-transfer,94,3,0.042048080822358905,0.91,residual_samples/batch-94-replication-3.csv,null_statistics/batch-94-replication-3.npy,batch-f6-null-transfer,16145732837312278793,1171359485340620434,13702552272676385053,0.18444799998542294,,,batch-f6-null-transfer-20260824-001
F6,X1,X3,f6-null-transfer,94,4,0.06574608762066153,0.145,residual_samples/batch-94-replication-4.csv,null_statistics/batch-94-replication-4.npy,batch-f6-null-transfer,4473006589576059925,10890720087740243534,3459276198224157172,0.18543499999213964,,,batch-f6-null-transfer-20260824-001
F6,X1,X3,f6-null-transfer,94,5,0.05244990871403167,0.585,residual_samples/batch-94-replication-5.csv,null_statistics/batch-94-replication-5.npy,batch-f6-null-transfer,1222467988247634921,9595274134236373389,4121820375034148515,0.18578250001883134,,,batch-f6-null-transfer-20260824-001
F6,X1,X3,f6-null-transfer,94,6,0.039899257039858575,0.965,residual_samples/batch-94-replication-6.csv,null_statistics/batch-94-replication-6.npy,batch-f6-null-transfer,4384427711769329683,7430545567124581350,12832484363639740454,0.18611880001844838,,,batch-f6-null-transfer-20260824-001
F6,X1,X3,f6-null-transfer,94,7,0.058337598826563086,0.335,residual_samples/batch-94-replication-7.csv,null_statistics/batch-94-replication-7.npy,batch-f6-null-transfer,17638354080334968507,12944772547302421198,16000736699391401802,0.1872587000252679,,,batch-f6-null-transfer-20260824-001
F6,X1,X3,f6-null-transfer,94,8,0.060089638753718255,0.245,residual_samples/batch-94-replication-8.csv,null_statistics/batch-94-replication-8.npy,batch-f6-null-transfer,7719286565117953252,10643167816587841723,12145780416674273447,0.18823590001557022,,,batch-f6-null-transfer-20260824-001
F6,X1,X3,f6-null-transfer,94,9,0.05529534698416104,0.47,residual_samples/batch-94-replication-9.csv,null_statistics/batch-94-replication-9.npy,batch-f6-null-transfer,15601044423097945543,5319113083790049348,10755822382107838421,0.18609919998561963,,,batch-f6-null-transfer-20260824-001
F6,X1,X3,f6-null-transfer,95,0,0.07377679758900647,0.1,residual_samples/batch-95-replication-0.csv,null_statistics/batch-95-replication-0.npy,batch-f6-null-transfer,7138625430846522064,11100938718117793037,16303098840348944859,0.18819499999517575,,,batch-f6-null-transfer-20260824-001
F6,X1,X3,f6-null-transfer,95,1,0.06045363590248831,0.25,residual_samples/batch-95-replication-1.csv,null_statistics/batch-95-replication-1.npy,batch-f6-null-transfer,16007870470329883995,4807764052009254359,11734949129152932694,0.18398179998621345,,,batch-f6-null-transfer-20260824-001
F6,X1,X3,f6-null-transfer,95,2,0.050647671165990366,0.635,residual_samples/batch-95-replication-2.csv,null_statistics/batch-95-replication-2.npy,batch-f6-null-transfer,673849637025497386,10051469341934819108,2402015745076372036,0.1874697000021115,,,batch-f6-null-transfer-20260824-001
F6,X1,X3,f6-null-transfer,95,3,0.04299957975720612,0.84,residual_samples/batch-95-replication-3.csv,null_statistics/batch-95-replication-3.npy,batch-f6-null-transfer,17157977985557944853,15208060473638507046,9595112580919309565,0.18563000002177432,,,batch-f6-null-transfer-20260824-001
F6,X1,X3,f6-null-transfer,95,4,0.0431868453927451,0.945,residual_samples/batch-95-replication-4.csv,null_statistics/batch-95-replication-4.npy,batch-f6-null-transfer,16224352455488430604,4811384679802668966,13254005345421435740,0.18899519997648895,,,batch-f6-null-transfer-20260824-001
F6,X1,X3,f6-null-transfer,95,5,0.05577488659514179,0.495,residual_samples/batch-95-replication-5.csv,null_statistics/batch-95-replication-5.npy,batch-f6-null-transfer,10987038890889895233,16088060977760767889,15725220432082187936,0.18984830001136288,,,batch-f6-null-transfer-20260824-001
F6,X1,X3,f6-null-transfer,95,6,0.06036970126848681,0.36,residual_samples/batch-95-replication-6.csv,null_statistics/batch-95-replication-6.npy,batch-f6-null-transfer,13104592553978577562,1773505880046800122,4673279636801313920,0.18688539997674525,,,batch-f6-null-transfer-20260824-001
F6,X1,X3,f6-null-transfer,95,7,0.08120929298203729,0.03,residual_samples/batch-95-replication-7.csv,null_statistics/batch-95-replication-7.npy,batch-f6-null-transfer,7955481531270121324,10821425874924671468,1807400294806813505,0.18857679999200627,,,batch-f6-null-transfer-20260824-001
F6,X1,X3,f6-null-transfer,95,8,0.054356227474412974,0.465,residual_samples/batch-95-replication-8.csv,null_statistics/batch-95-replication-8.npy,batch-f6-null-transfer,790544196420125198,2679290015065549666,2496039984751878252,0.1848562999512069,,,batch-f6-null-transfer-20260824-001
F6,X1,X3,f6-null-transfer,95,9,0.045153623808132495,0.825,residual_samples/batch-95-replication-9.csv,null_statistics/batch-95-replication-9.npy,batch-f6-null-transfer,3618536386832474712,1866722225391820501,10990499070095774786,0.18826730002183467,,,batch-f6-null-transfer-20260824-001
F6,X1,X3,f6-null-transfer,96,0,0.05211069941241662,0.53,residual_samples/batch-96-replication-0.csv,null_statistics/batch-96-replication-0.npy,batch-f6-null-transfer,15990331157278426401,8327422404261696756,7453678323896402263,0.1873811999685131,,,batch-f6-null-transfer-20260824-001
F6,X1,X3,f6-null-transfer,96,1,0.07901328359286496,0.03,residual_samples/batch-96-replication-1.csv,null_statistics/batch-96-replication-1.npy,batch-f6-null-transfer,657162938642145779,11994688507295546968,164017868625838674,0.18784820003202185,,,batch-f6-null-transfer-20260824-001
F6,X1,X3,f6-null-transfer,96,2,0.06314607703752508,0.165,residual_samples/batch-96-replication-2.csv,null_statistics/batch-96-replication-2.npy,batch-f6-null-transfer,13581545065516575515,4463149160107872557,1859317008957460195,0.1878158999606967,,,batch-f6-null-transfer-20260824-001
F6,X1,X3,f6-null-transfer,96,3,0.054020177732100036,0.475,residual_samples/batch-96-replication-3.csv,null_statistics/batch-96-replication-3.npy,batch-f6-null-transfer,3925111543420241980,14824302336579644937,10870842434676280519,0.18598850001581013,,,batch-f6-null-transfer-20260824-001
F6,X1,X3,f6-null-transfer,96,4,0.04960992198504465,0.655,residual_samples/batch-96-replication-4.csv,null_statistics/batch-96-replication-4.npy,batch-f6-null-transfer,3492914361218607189,9470548160304559313,11367352862768638380,0.18570110003929585,,,batch-f6-null-transfer-20260824-001
F6,X1,X3,f6-null-transfer,96,5,0.06300287434549856,0.22,residual_samples/batch-96-replication-5.csv,null_statistics/batch-96-replication-5.npy,batch-f6-null-transfer,18262664508224931699,14116967649333220857,3897818604216786047,0.18591479997849092,,,batch-f6-null-transfer-20260824-001
F6,X1,X3,f6-null-transfer,96,6,0.04632406371171234,0.815,residual_samples/batch-96-replication-6.csv,null_statistics/batch-96-replication-6.npy,batch-f6-null-transfer,14244017010597485963,14473948441937336439,11647126222391825816,0.18640300002880394,,,batch-f6-null-transfer-20260824-001
F6,X1,X3,f6-null-transfer,96,7,0.05157497454721106,0.6,residual_samples/batch-96-replication-7.csv,null_statistics/batch-96-replication-7.npy,batch-f6-null-transfer,9420622229033219246,6663986938206331013,1679206349491756937,0.1866126999957487,,,batch-f6-null-transfer-20260824-001
F6,X1,X3,f6-null-transfer,96,8,0.05143922387296528,0.61,residual_samples/batch-96-replication-8.csv,null_statistics/batch-96-replication-8.npy,batch-f6-null-transfer,13928860345375901779,14283155795290487718,1216853736980702544,0.18495769996661693,,,batch-f6-null-transfer-20260824-001
F6,X1,X3,f6-null-transfer,96,9,0.04588427677040603,0.82,residual_samples/batch-96-replication-9.csv,null_statistics/batch-96-replication-9.npy,batch-f6-null-transfer,2311603729605548284,17843945205089713990,5061487792577451129,0.18610190000617877,,,batch-f6-null-transfer-20260824-001
F6,X1,X3,f6-null-transfer,97,0,0.049786119188647476,0.65,residual_samples/batch-97-replication-0.csv,null_statistics/batch-97-replication-0.npy,batch-f6-null-transfer,4410257373240464192,5581938301391030160,9535224375246265664,0.18546830001287162,,,batch-f6-null-transfer-20260824-001
F6,X1,X3,f6-null-transfer,97,1,0.041835251775994585,0.955,residual_samples/batch-97-replication-1.csv,null_statistics/batch-97-replication-1.npy,batch-f6-null-transfer,16769887600127507156,4969225283774176438,762277440413322923,0.18600220000371337,,,batch-f6-null-transfer-20260824-001
F6,X1,X3,f6-null-transfer,97,2,0.0409800908172747,0.94,residual_samples/batch-97-replication-2.csv,null_statistics/batch-97-replication-2.npy,batch-f6-null-transfer,2409543255948383178,7081746850245893666,13769638098261242083,0.18651849997695535,,,batch-f6-null-transfer-20260824-001
F6,X1,X3,f6-null-transfer,97,3,0.04590497594906666,0.845,residual_samples/batch-97-replication-3.csv,null_statistics/batch-97-replication-3.npy,batch-f6-null-transfer,13093556950595277007,8697096263746212020,11536309122134363371,0.18601519998628646,,,batch-f6-null-transfer-20260824-001
F6,X1,X3,f6-null-transfer,97,4,0.04513278232743724,0.83,residual_samples/batch-97-replication-4.csv,null_statistics/batch-97-replication-4.npy,batch-f6-null-transfer,98563756176763133,9499315887488392371,6005958242878281068,0.18767339998157695,,,batch-f6-null-transfer-20260824-001
F6,X1,X3,f6-null-transfer,97,5,0.06606549120702586,0.135,residual_samples/batch-97-replication-5.csv,null_statistics/batch-97-replication-5.npy,batch-f6-null-transfer,15200123970811546649,5955802834931759700,6185093493957524030,0.1885996999917552,,,batch-f6-null-transfer-20260824-001
F6,X1,X3,f6-null-transfer,97,6,0.04091059085918307,0.96,residual_samples/batch-97-replication-6.csv,null_statistics/batch-97-replication-6.npy,batch-f6-null-transfer,15514821800893909438,8349482517066379162,14473663479032920341,0.18596750003052875,,,batch-f6-null-transfer-20260824-001
F6,X1,X3,f6-null-transfer,97,7,0.050881633328049805,0.585,residual_samples/batch-97-replication-7.csv,null_statistics/batch-97-replication-7.npy,batch-f6-null-transfer,17908955070906353452,11754013667232664458,7849743344634919167,0.18675370002165437,,,batch-f6-null-transfer-20260824-001
F6,X1,X3,f6-null-transfer,97,8,0.042971569081840674,0.935,residual_samples/batch-97-replication-8.csv,null_statistics/batch-97-replication-8.npy,batch-f6-null-transfer,3541994119528255907,14718645218749957084,736509935876618449,0.18509580002864823,,,batch-f6-null-transfer-20260824-001
F6,X1,X3,f6-null-transfer,97,9,0.07388193349543423,0.075,residual_samples/batch-97-replication-9.csv,null_statistics/batch-97-replication-9.npy,batch-f6-null-transfer,13260238439386014226,7473060831150250713,8348130237445353042,0.18458519998239353,,,batch-f6-null-transfer-20260824-001
F6,X1,X3,f6-null-transfer,98,0,0.05307703154505282,0.535,residual_samples/batch-98-replication-0.csv,null_statistics/batch-98-replication-0.npy,batch-f6-null-transfer,1969464139719289166,7125126844162122662,16791026336323866974,0.18513489997712895,,,batch-f6-null-transfer-20260824-001
F6,X1,X3,f6-null-transfer,98,1,0.04419644073698797,0.89,residual_samples/batch-98-replication-1.csv,null_statistics/batch-98-replication-1.npy,batch-f6-null-transfer,5230765248722759798,3043271023960839605,12476177384438104894,0.18684479995863512,,,batch-f6-null-transfer-20260824-001
F6,X1,X3,f6-null-transfer,98,2,0.0520463748483836,0.545,residual_samples/batch-98-replication-2.csv,null_statistics/batch-98-replication-2.npy,batch-f6-null-transfer,2264596516604615993,6622255233209732726,411456479166359276,0.18670399999246,,,batch-f6-null-transfer-20260824-001
F6,X1,X3,f6-null-transfer,98,3,0.07856386934059847,0.05,residual_samples/batch-98-replication-3.csv,null_statistics/batch-98-replication-3.npy,batch-f6-null-transfer,5988222870166149083,18020701975297185776,7537297288154457943,0.18406050000339746,,,batch-f6-null-transfer-20260824-001
F6,X1,X3,f6-null-transfer,98,4,0.06072560886910392,0.275,residual_samples/batch-98-replication-4.csv,null_statistics/batch-98-replication-4.npy,batch-f6-null-transfer,11996908653199209709,14016165459861881204,4377965737229162655,0.18606740003451705,,,batch-f6-null-transfer-20260824-001
F6,X1,X3,f6-null-transfer,98,5,0.04289874400976835,0.89,residual_samples/batch-98-replication-5.csv,null_statistics/batch-98-replication-5.npy,batch-f6-null-transfer,17563930994202799766,3373874909445343802,9704369039283551625,0.18361190002178773,,,batch-f6-null-transfer-20260824-001
F6,X1,X3,f6-null-transfer,98,6,0.07900434202512956,0.035,residual_samples/batch-98-replication-6.csv,null_statistics/batch-98-replication-6.npy,batch-f6-null-transfer,16888568427823445440,7208883395521556204,12749671889539055072,0.18549960001837462,,,batch-f6-null-transfer-20260824-001
F6,X1,X3,f6-null-transfer,98,7,0.046420418241659364,0.73,residual_samples/batch-98-replication-7.csv,null_statistics/batch-98-replication-7.npy,batch-f6-null-transfer,8618692284553882770,11583878379686927363,6024146326132160268,0.18723949999548495,,,batch-f6-null-transfer-20260824-001
F6,X1,X3,f6-null-transfer,98,8,0.05545366108305301,0.425,residual_samples/batch-98-replication-8.csv,null_statistics/batch-98-replication-8.npy,batch-f6-null-transfer,9540328677493491283,3583128408511696274,3300664599395072271,0.18295399995986372,,,batch-f6-null-transfer-20260824-001
F6,X1,X3,f6-null-transfer,98,9,0.055082363081908614,0.375,residual_samples/batch-98-replication-9.csv,null_statistics/batch-98-replication-9.npy,batch-f6-null-transfer,12940672247028827214,13604317585126092870,12033329773150817183,0.18746759998612106,,,batch-f6-null-transfer-20260824-001
F6,X1,X3,f6-null-transfer,99,0,0.05600293756347062,0.375,residual_samples/batch-99-replication-0.csv,null_statistics/batch-99-replication-0.npy,batch-f6-null-transfer,9252551568801815910,2646949644722710194,6278952215768975142,0.18447350000496954,,,batch-f6-null-transfer-20260824-001
F6,X1,X3,f6-null-transfer,99,1,0.05223423969919507,0.55,residual_samples/batch-99-replication-1.csv,null_statistics/batch-99-replication-1.npy,batch-f6-null-transfer,194812323642532712,1104788741201347631,99618892037740466,0.18533980002393946,,,batch-f6-null-transfer-20260824-001
F6,X1,X3,f6-null-transfer,99,2,0.05134536169909932,0.55,residual_samples/batch-99-replication-2.csv,null_statistics/batch-99-replication-2.npy,batch-f6-null-transfer,10738219042506919866,8854009988894584520,16992307993211408538,0.18775659997481853,,,batch-f6-null-transfer-20260824-001
F6,X1,X3,f6-null-transfer,99,3,0.06534110913987193,0.18,residual_samples/batch-99-replication-3.csv,null_statistics/batch-99-replication-3.npy,batch-f6-null-transfer,7395031468538626656,703660148249649478,5706272231347856788,0.1858553999918513,,,batch-f6-null-transfer-20260824-001
F6,X1,X3,f6-null-transfer,99,4,0.047127756247260524,0.78,residual_samples/batch-99-replication-4.csv,null_statistics/batch-99-replication-4.npy,batch-f6-null-transfer,8113399665538899065,6661050484270165422,5820807554083542831,0.18630150001263246,,,batch-f6-null-transfer-20260824-001
F6,X1,X3,f6-null-transfer,99,5,0.05079494475095149,0.6,residual_samples/batch-99-replication-5.csv,null_statistics/batch-99-replication-5.npy,batch-f6-null-transfer,16245967551733871318,2341986898001494842,12657596407350031256,0.18753420002758503,,,batch-f6-null-transfer-20260824-001
F6,X1,X3,f6-null-transfer,99,6,0.061005201272900385,0.255,residual_samples/batch-99-replication-6.csv,null_statistics/batch-99-replication-6.npy,batch-f6-null-transfer,7061603788317095135,9095600250369002150,3130037191100558449,0.18399330001557246,,,batch-f6-null-transfer-20260824-001
F6,X1,X3,f6-null-transfer,99,7,0.05178479396276357,0.505,residual_samples/batch-99-replication-7.csv,null_statistics/batch-99-replication-7.npy,batch-f6-null-transfer,5517311288267980421,17651377704641908566,9986685343743755033,0.18787510000402108,,,batch-f6-null-transfer-20260824-001
F6,X1,X3,f6-null-transfer,99,8,0.044766025380805104,0.875,residual_samples/batch-99-replication-8.csv,null_statistics/batch-99-replication-8.npy,batch-f6-null-transfer,3694778011582618221,14644731236223790456,5635238171791513569,0.1920617999858223,,,batch-f6-null-transfer-20260824-001
F6,X1,X3,f6-null-transfer,99,9,0.04763470142273659,0.73,residual_samples/batch-99-replication-9.csv,null_statistics/batch-99-replication-9.npy,batch-f6-null-transfer,18365692656983057570,14776587214372820192,17844356095910055776,0.18594880000455305,,,batch-f6-null-transfer-20260824-001
